province,year,gem_new_capacity_mw_coal,gem_new_capacity_mw_solar,gem_new_capacity_mw_wind,gem_new_project_count_coal,gem_new_project_count_solar,gem_new_project_count_wind,gem_retired_capacity_mw_coal,gem_retired_capacity_mw_solar,gem_retired_capacity_mw_wind,gem_retired_project_count_coal,gem_retired_project_count_solar,gem_retired_project_count_wind,gem_reconstructed_stock_mw_coal,gem_reconstructed_stock_mw_solar,gem_reconstructed_stock_mw_wind,gem_reconstructed_stock_count_coal,gem_reconstructed_stock_count_solar,gem_reconstructed_stock_count_wind,gem_new_capacity_mw_windsolar,gem_new_project_count_windsolar,gem_retired_capacity_mw_windsolar,gem_retired_project_count_windsolar,gem_reconstructed_stock_mw_windsolar,gem_reconstructed_stock_count_windsolar,gem_coal_new_mw,gem_wind_new_mw,gem_solar_new_mw,gem_ws_new_mw,gem_coal_retired_mw,gem_coal_stock_mw,gem_wind_stock_mw,gem_solar_stock_mw,gem_ws_stock_mw
Anhui,2000,640.0,0.0,0.0,2.0,0.0,0.0,0.0,0.0,0.0,0.0,0.0,0.0,7885.0,0.0,0.0,43.0,0.0,0.0,0.0,0.0,0.0,0.0,0.0,0.0,640.0,0.0,0.0,0.0,0.0,7885.0,0.0,0.0,0.0
Anhui,2001,700.0,0.0,0.0,2.0,0.0,0.0,0.0,0.0,0.0,0.0,0.0,0.0,8585.0,0.0,0.0,45.0,0.0,0.0,0.0,0.0,0.0,0.0,0.0,0.0,700.0,0.0,0.0,0.0,0.0,8585.0,0.0,0.0,0.0
Anhui,2002,0.0,0.0,0.0,0.0,0.0,0.0,0.0,0.0,0.0,0.0,0.0,0.0,8585.0,0.0,0.0,45.0,0.0,0.0,0.0,0.0,0.0,0.0,0.0,0.0,0.0,0.0,0.0,0.0,0.0,8585.0,0.0,0.0,0.0
Anhui,2003,0.0,0.0,0.0,0.0,0.0,0.0,0.0,0.0,0.0,0.0,0.0,0.0,8585.0,0.0,0.0,45.0,0.0,0.0,0.0,0.0,0.0,0.0,0.0,0.0,0.0,0.0,0.0,0.0,0.0,8585.0,0.0,0.0,0.0
Anhui,2004,0.0,0.0,0.0,0.0,0.0,0.0,0.0,0.0,0.0,0.0,0.0,0.0,8585.0,0.0,0.0,45.0,0.0,0.0,0.0,0.0,0.0,0.0,0.0,0.0,0.0,0.0,0.0,0.0,0.0,8585.0,0.0,0.0,0.0
Anhui,2005,1810.0,0.0,0.0,6.0,0.0,0.0,0.0,0.0,0.0,0.0,0.0,0.0,10395.0,0.0,0.0,51.0,0.0,0.0,0.0,0.0,0.0,0.0,0.0,0.0,1810.0,0.0,0.0,0.0,0.0,10395.0,0.0,0.0,0.0
Anhui,2006,2590.0,0.0,0.0,8.0,0.0,0.0,0.0,0.0,0.0,0.0,0.0,0.0,12985.0,0.0,0.0,59.0,0.0,0.0,0.0,0.0,0.0,0.0,0.0,0.0,2590.0,0.0,0.0,0.0,0.0,12985.0,0.0,0.0,0.0
Anhui,2007,5195.0,0.0,0.0,9.0,0.0,0.0,1740.0,0.0,0.0,15.0,0.0,0.0,16440.0,0.0,0.0,53.0,0.0,0.0,0.0,0.0,0.0,0.0,0.0,0.0,5195.0,0.0,0.0,0.0,1740.0,16440.0,0.0,0.0,0.0
Anhui,2008,8750.0,0.0,0.0,19.0,0.0,0.0,650.0,0.0,0.0,4.0,0.0,0.0,24540.0,0.0,0.0,68.0,0.0,0.0,0.0,0.0,0.0,0.0,0.0,0.0,8750.0,0.0,0.0,0.0,650.0,24540.0,0.0,0.0,0.0
Anhui,2009,1260.0,0.0,0.0,2.0,0.0,0.0,0.0,0.0,0.0,0.0,0.0,0.0,25800.0,0.0,0.0,70.0,0.0,0.0,0.0,0.0,0.0,0.0,0.0,0.0,1260.0,0.0,0.0,0.0,0.0,25800.0,0.0,0.0,0.0
Anhui,2010,660.0,2.0,0.0,1.0,1.0,0.0,375.0,0.0,0.0,3.0,0.0,0.0,26085.0,2.0,0.0,68.0,1.0,0.0,2.0,1.0,0.0,0.0,2.0,1.0,660.0,0.0,2.0,2.0,375.0,26085.0,0.0,2.0,2.0
Anhui,2011,2320.0,0.0,250.0,4.0,0.0,5.0,0.0,0.0,0.0,0.0,0.0,0.0,28405.0,2.0,250.0,72.0,1.0,5.0,250.0,5.0,0.0,0.0,252.0,6.0,2320.0,250.0,0.0,250.0,0.0,28405.0,250.0,2.0,252.0
Anhui,2012,2620.0,0.0,148.0,6.0,0.0,3.0,135.0,0.0,0.0,1.0,0.0,0.0,30890.0,2.0,398.0,77.0,1.0,8.0,148.0,3.0,0.0,0.0,400.0,9.0,2620.0,148.0,0.0,148.0,135.0,30890.0,398.0,2.0,400.0
Anhui,2013,3980.0,0.0,182.5,8.0,0.0,4.0,0.0,0.0,0.0,0.0,0.0,0.0,34870.0,2.0,580.5,85.0,1.0,12.0,182.5,4.0,0.0,0.0,582.5,13.0,3980.0,182.5,0.0,182.5,0.0,34870.0,580.5,2.0,582.5
Anhui,2014,2640.0,250.0,380.0,4.0,2.0,8.0,0.0,0.0,0.0,0.0,0.0,0.0,37510.0,252.0,960.5,89.0,3.0,20.0,630.0,10.0,0.0,0.0,1212.5,23.0,2640.0,380.0,250.0,630.0,0.0,37510.0,960.5,252.0,1212.5
Anhui,2015,5320.0,482.8,478.0,6.0,12.0,10.0,0.0,0.0,0.0,0.0,0.0,0.0,42830.0,734.8000000000001,1438.5,95.0,15.0,30.0,960.8,22.0,0.0,0.0,2173.3,45.0,5320.0,478.0,482.8,960.8,0.0,42830.0,1438.5,734.8000000000001,2173.3
Anhui,2016,2660.0,1781.7,388.0,3.0,80.0,9.0,0.0,0.0,0.0,0.0,0.0,0.0,45490.0,2516.5,1826.5,98.0,95.0,39.0,2169.7,89.0,0.0,0.0,4343.0,134.0,2660.0,388.0,1781.7,2169.7,0.0,45490.0,1826.5,2516.5,4343.0
Anhui,2017,1000.0,3140.4000000000005,278.0,1.0,260.0,6.0,405.0,0.0,0.0,3.0,0.0,0.0,46085.0,5656.900000000001,2104.5,96.0,355.0,45.0,3418.4000000000005,266.0,0.0,0.0,7761.400000000001,400.0,1000.0,278.0,3140.4000000000005,3418.4000000000005,405.0,46085.0,2104.5,5656.900000000001,7761.400000000001
Anhui,2018,4340.0,766.7,217.0,7.0,35.0,5.0,320.0,0.0,0.0,1.0,0.0,0.0,50105.0,6423.6,2321.5,102.0,390.0,50.0,983.7,40.0,0.0,0.0,8745.1,440.0,4340.0,217.0,766.7,983.7,320.0,50105.0,2321.5,6423.6,8745.1
Anhui,2019,230.0,874.3999999999999,330.0,5.0,46.0,5.0,0.0,0.0,0.0,0.0,0.0,0.0,50335.0,7298.0,2651.5,107.0,436.0,55.0,1204.3999999999999,51.0,0.0,0.0,9949.5,491.0,230.0,330.0,874.3999999999999,1204.3999999999999,0.0,50335.0,2651.5,7298.0,9949.5
Anhui,2020,100.0,572.5,1090.0,2.0,10.0,21.0,210.0,0.0,0.0,1.0,0.0,0.0,50225.0,7870.500000000001,3741.5,108.0,446.0,76.0,1662.5,31.0,0.0,0.0,11612.0,522.0,100.0,1090.0,572.5,1662.5,210.0,50225.0,3741.5,7870.500000000001,11612.0
Anhui,2021,0.0,680.0,393.5,0.0,11.0,9.0,0.0,0.0,0.0,0.0,0.0,0.0,50225.0,8550.5,4135.0,108.0,457.0,85.0,1073.5,20.0,0.0,0.0,12685.5,542.0,0.0,393.5,680.0,1073.5,0.0,50225.0,4135.0,8550.5,12685.5
Anhui,2022,2670.0,1810.0,692.8,3.0,18.0,12.0,300.0,0.0,0.0,2.0,0.0,0.0,52595.0,10360.5,4827.8,109.0,475.0,97.0,2502.8,30.0,0.0,0.0,15188.3,572.0,2670.0,692.8,1810.0,2502.8,300.0,52595.0,4827.8,10360.5,15188.3
Anhui,2023,1390.0,1589.0,1041.1,4.0,14.0,13.0,0.0,0.0,0.0,0.0,0.0,0.0,53985.0,11949.5,5868.9,113.0,489.0,110.0,2630.1,27.0,0.0,0.0,17818.4,599.0,1390.0,1041.1,1589.0,2630.1,0.0,53985.0,5868.9,11949.5,17818.4
Beijing,2000,0.0,0.0,0.0,0.0,0.0,0.0,0.0,0.0,0.0,0.0,0.0,0.0,2720.0,0.0,0.0,18.0,0.0,0.0,0.0,0.0,0.0,0.0,0.0,0.0,0.0,0.0,0.0,0.0,0.0,2720.0,0.0,0.0,0.0
Beijing,2001,0.0,0.0,0.0,0.0,0.0,0.0,0.0,0.0,0.0,0.0,0.0,0.0,2720.0,0.0,0.0,18.0,0.0,0.0,0.0,0.0,0.0,0.0,0.0,0.0,0.0,0.0,0.0,0.0,0.0,2720.0,0.0,0.0,0.0
Beijing,2002,0.0,0.0,0.0,0.0,0.0,0.0,0.0,0.0,0.0,0.0,0.0,0.0,2720.0,0.0,0.0,18.0,0.0,0.0,0.0,0.0,0.0,0.0,0.0,0.0,0.0,0.0,0.0,0.0,0.0,2720.0,0.0,0.0,0.0
Beijing,2003,0.0,0.0,0.0,0.0,0.0,0.0,0.0,0.0,0.0,0.0,0.0,0.0,2720.0,0.0,0.0,18.0,0.0,0.0,0.0,0.0,0.0,0.0,0.0,0.0,0.0,0.0,0.0,0.0,0.0,2720.0,0.0,0.0,0.0
Beijing,2004,0.0,0.0,0.0,0.0,0.0,0.0,0.0,0.0,0.0,0.0,0.0,0.0,2720.0,0.0,0.0,18.0,0.0,0.0,0.0,0.0,0.0,0.0,0.0,0.0,0.0,0.0,0.0,0.0,0.0,2720.0,0.0,0.0,0.0
Beijing,2005,0.0,0.0,0.0,0.0,0.0,0.0,0.0,0.0,0.0,0.0,0.0,0.0,2720.0,0.0,0.0,18.0,0.0,0.0,0.0,0.0,0.0,0.0,0.0,0.0,0.0,0.0,0.0,0.0,0.0,2720.0,0.0,0.0,0.0
Beijing,2006,0.0,0.0,0.0,0.0,0.0,0.0,0.0,0.0,0.0,0.0,0.0,0.0,2720.0,0.0,0.0,18.0,0.0,0.0,0.0,0.0,0.0,0.0,0.0,0.0,0.0,0.0,0.0,0.0,0.0,2720.0,0.0,0.0,0.0
Beijing,2007,0.0,0.0,0.0,0.0,0.0,0.0,0.0,0.0,0.0,0.0,0.0,0.0,2720.0,0.0,0.0,18.0,0.0,0.0,0.0,0.0,0.0,0.0,0.0,0.0,0.0,0.0,0.0,0.0,0.0,2720.0,0.0,0.0,0.0
Beijing,2008,0.0,0.0,50.0,0.0,0.0,1.0,0.0,0.0,0.0,0.0,0.0,0.0,2720.0,0.0,50.0,18.0,0.0,1.0,50.0,1.0,0.0,0.0,50.0,1.0,0.0,50.0,0.0,50.0,0.0,2720.0,50.0,0.0,50.0
Beijing,2009,0.0,0.0,86.0,0.0,0.0,2.0,0.0,0.0,0.0,0.0,0.0,0.0,2720.0,0.0,136.0,18.0,0.0,3.0,86.0,2.0,0.0,0.0,136.0,3.0,0.0,86.0,0.0,86.0,0.0,2720.0,136.0,0.0,136.0
Beijing,2010,0.0,0.0,0.0,0.0,0.0,0.0,0.0,0.0,0.0,0.0,0.0,0.0,2720.0,0.0,136.0,18.0,0.0,3.0,0.0,0.0,0.0,0.0,136.0,3.0,0.0,0.0,0.0,0.0,0.0,2720.0,136.0,0.0,136.0
Beijing,2011,0.0,0.0,0.0,0.0,0.0,0.0,0.0,0.0,0.0,0.0,0.0,0.0,2720.0,0.0,136.0,18.0,0.0,3.0,0.0,0.0,0.0,0.0,136.0,3.0,0.0,0.0,0.0,0.0,0.0,2720.0,136.0,0.0,136.0
Beijing,2012,0.0,0.0,0.0,0.0,0.0,0.0,0.0,0.0,0.0,0.0,0.0,0.0,2720.0,0.0,136.0,18.0,0.0,3.0,0.0,0.0,0.0,0.0,136.0,3.0,0.0,0.0,0.0,0.0,0.0,2720.0,136.0,0.0,136.0
Beijing,2013,0.0,0.0,0.0,0.0,0.0,0.0,0.0,0.0,0.0,0.0,0.0,0.0,2720.0,0.0,136.0,18.0,0.0,3.0,0.0,0.0,0.0,0.0,136.0,3.0,0.0,0.0,0.0,0.0,0.0,2720.0,136.0,0.0,136.0
Beijing,2014,0.0,0.0,0.0,0.0,0.0,0.0,600.0,0.0,0.0,6.0,0.0,0.0,2120.0,0.0,136.0,12.0,0.0,3.0,0.0,0.0,0.0,0.0,136.0,3.0,0.0,0.0,0.0,0.0,600.0,2120.0,136.0,0.0,136.0
Beijing,2015,0.0,20.0,50.0,0.0,1.0,1.0,1350.0,0.0,0.0,8.0,0.0,0.0,770.0,20.0,186.0,4.0,1.0,4.0,70.0,2.0,0.0,0.0,206.0,5.0,0.0,50.0,20.0,70.0,1350.0,770.0,186.0,20.0,206.0
Beijing,2016,0.0,39.7,0.0,0.0,3.0,0.0,0.0,0.0,0.0,0.0,0.0,0.0,770.0,59.7,186.0,4.0,4.0,4.0,39.7,3.0,0.0,0.0,245.7,8.0,0.0,0.0,39.7,39.7,0.0,770.0,186.0,59.7,245.7
Beijing,2017,0.0,35.6,0.0,0.0,10.0,0.0,75.0,0.0,0.0,1.0,0.0,0.0,770.0,95.3,186.0,4.0,14.0,4.0,35.6,10.0,0.0,0.0,281.3,18.0,0.0,0.0,35.6,35.6,75.0,770.0,186.0,95.3,281.3
Beijing,2018,0.0,22.1,0.0,0.0,9.0,0.0,0.0,0.0,0.0,0.0,0.0,0.0,770.0,117.39999999999999,186.0,4.0,23.0,4.0,22.1,9.0,0.0,0.0,303.4,27.0,0.0,0.0,22.1,22.1,0.0,770.0,186.0,117.39999999999999,303.4
Beijing,2019,0.0,55.3,0.0,0.0,20.0,0.0,0.0,0.0,0.0,0.0,0.0,0.0,770.0,172.70000000000005,186.0,4.0,43.0,4.0,55.3,20.0,0.0,0.0,358.70000000000005,47.0,0.0,0.0,55.3,55.3,0.0,770.0,186.0,172.70000000000005,358.70000000000005
Beijing,2020,0.0,0.0,0.0,0.0,0.0,0.0,0.0,0.0,0.0,0.0,0.0,0.0,770.0,172.70000000000005,186.0,4.0,43.0,4.0,0.0,0.0,0.0,0.0,358.70000000000005,47.0,0.0,0.0,0.0,0.0,0.0,770.0,186.0,172.70000000000005,358.70000000000005
Beijing,2021,0.0,0.0,49.5,0.0,0.0,1.0,0.0,0.0,0.0,0.0,0.0,0.0,770.0,172.70000000000005,235.5,4.0,43.0,5.0,49.5,1.0,0.0,0.0,408.20000000000005,48.0,0.0,49.5,0.0,49.5,0.0,770.0,235.5,172.70000000000005,408.20000000000005
Beijing,2022,0.0,0.0,0.0,0.0,0.0,0.0,0.0,0.0,0.0,0.0,0.0,0.0,770.0,172.70000000000005,235.5,4.0,43.0,5.0,0.0,0.0,0.0,0.0,408.20000000000005,48.0,0.0,0.0,0.0,0.0,0.0,770.0,235.5,172.70000000000005,408.20000000000005
Beijing,2023,0.0,0.0,0.0,0.0,0.0,0.0,0.0,0.0,0.0,0.0,0.0,0.0,770.0,172.70000000000005,235.5,4.0,43.0,5.0,0.0,0.0,0.0,0.0,408.20000000000005,48.0,0.0,0.0,0.0,0.0,0.0,770.0,235.5,172.70000000000005,408.20000000000005
Chongqing,2000,0.0,0.0,0.0,0.0,0.0,0.0,0.0,0.0,0.0,0.0,0.0,0.0,2190.0,0.0,0.0,10.0,0.0,0.0,0.0,0.0,0.0,0.0,0.0,0.0,0.0,0.0,0.0,0.0,0.0,2190.0,0.0,0.0,0.0
Chongqing,2001,0.0,0.0,0.0,0.0,0.0,0.0,0.0,0.0,0.0,0.0,0.0,0.0,2190.0,0.0,0.0,10.0,0.0,0.0,0.0,0.0,0.0,0.0,0.0,0.0,0.0,0.0,0.0,0.0,0.0,2190.0,0.0,0.0,0.0
Chongqing,2002,0.0,0.0,0.0,0.0,0.0,0.0,0.0,0.0,0.0,0.0,0.0,0.0,2190.0,0.0,0.0,10.0,0.0,0.0,0.0,0.0,0.0,0.0,0.0,0.0,0.0,0.0,0.0,0.0,0.0,2190.0,0.0,0.0,0.0
Chongqing,2003,0.0,0.0,0.0,0.0,0.0,0.0,0.0,0.0,0.0,0.0,0.0,0.0,2190.0,0.0,0.0,10.0,0.0,0.0,0.0,0.0,0.0,0.0,0.0,0.0,0.0,0.0,0.0,0.0,0.0,2190.0,0.0,0.0,0.0
Chongqing,2004,0.0,0.0,0.0,0.0,0.0,0.0,0.0,0.0,0.0,0.0,0.0,0.0,2190.0,0.0,0.0,10.0,0.0,0.0,0.0,0.0,0.0,0.0,0.0,0.0,0.0,0.0,0.0,0.0,0.0,2190.0,0.0,0.0,0.0
Chongqing,2005,350.0,0.0,0.0,2.0,0.0,0.0,0.0,0.0,0.0,0.0,0.0,0.0,2540.0,0.0,0.0,12.0,0.0,0.0,0.0,0.0,0.0,0.0,0.0,0.0,350.0,0.0,0.0,0.0,0.0,2540.0,0.0,0.0,0.0
Chongqing,2006,2200.0,0.0,0.0,9.0,0.0,0.0,0.0,0.0,0.0,0.0,0.0,0.0,4740.0,0.0,0.0,21.0,0.0,0.0,0.0,0.0,0.0,0.0,0.0,0.0,2200.0,0.0,0.0,0.0,0.0,4740.0,0.0,0.0,0.0
Chongqing,2007,900.0,0.0,0.0,2.0,0.0,0.0,0.0,0.0,0.0,0.0,0.0,0.0,5640.0,0.0,0.0,23.0,0.0,0.0,0.0,0.0,0.0,0.0,0.0,0.0,900.0,0.0,0.0,0.0,0.0,5640.0,0.0,0.0,0.0
Chongqing,2008,590.0,0.0,0.0,7.0,0.0,0.0,0.0,0.0,0.0,0.0,0.0,0.0,6230.0,0.0,0.0,30.0,0.0,0.0,0.0,0.0,0.0,0.0,0.0,0.0,590.0,0.0,0.0,0.0,0.0,6230.0,0.0,0.0,0.0
Chongqing,2009,0.0,0.0,49.0,0.0,0.0,1.0,0.0,0.0,0.0,0.0,0.0,0.0,6230.0,0.0,49.0,30.0,0.0,1.0,49.0,1.0,0.0,0.0,49.0,1.0,0.0,49.0,0.0,49.0,0.0,6230.0,49.0,0.0,49.0
Chongqing,2010,0.0,0.0,0.0,0.0,0.0,0.0,0.0,0.0,0.0,0.0,0.0,0.0,6230.0,0.0,49.0,30.0,0.0,1.0,0.0,0.0,0.0,0.0,49.0,1.0,0.0,0.0,0.0,0.0,0.0,6230.0,49.0,0.0,49.0
Chongqing,2011,0.0,0.0,0.0,0.0,0.0,0.0,0.0,0.0,0.0,0.0,0.0,0.0,6230.0,0.0,49.0,30.0,0.0,1.0,0.0,0.0,0.0,0.0,49.0,1.0,0.0,0.0,0.0,0.0,0.0,6230.0,49.0,0.0,49.0
Chongqing,2012,150.0,0.0,0.0,3.0,0.0,0.0,0.0,0.0,0.0,0.0,0.0,0.0,6380.0,0.0,49.0,33.0,0.0,1.0,0.0,0.0,0.0,0.0,49.0,1.0,150.0,0.0,0.0,0.0,0.0,6380.0,49.0,0.0,49.0
Chongqing,2013,1380.0,0.0,50.0,5.0,0.0,1.0,0.0,0.0,0.0,0.0,0.0,0.0,7760.0,0.0,99.0,38.0,0.0,2.0,50.0,1.0,0.0,0.0,99.0,2.0,1380.0,50.0,0.0,50.0,0.0,7760.0,99.0,0.0,99.0
Chongqing,2014,1760.0,0.0,46.0,6.0,0.0,1.0,460.0,0.0,0.0,4.0,0.0,0.0,9120.0,0.0,145.0,42.0,0.0,3.0,46.0,1.0,0.0,0.0,145.0,3.0,1760.0,46.0,0.0,46.0,460.0,9120.0,145.0,0.0,145.0
Chongqing,2015,2000.0,0.0,150.0,2.0,0.0,2.0,200.0,0.0,0.0,1.0,0.0,0.0,10920.0,0.0,295.0,43.0,0.0,5.0,150.0,2.0,0.0,0.0,295.0,5.0,2000.0,150.0,0.0,150.0,200.0,10920.0,295.0,0.0,295.0
Chongqing,2016,1860.0,1.0,50.0,3.0,1.0,1.0,100.0,0.0,0.0,2.0,0.0,0.0,12680.0,1.0,345.0,44.0,1.0,6.0,51.0,2.0,0.0,0.0,346.0,7.0,1860.0,50.0,1.0,51.0,100.0,12680.0,345.0,1.0,346.0
Chongqing,2017,660.0,201.0,0.0,1.0,3.0,0.0,50.0,0.0,0.0,1.0,0.0,0.0,13290.0,202.0,345.0,44.0,4.0,6.0,201.0,3.0,0.0,0.0,547.0,10.0,660.0,0.0,201.0,201.0,50.0,13290.0,345.0,202.0,547.0
Chongqing,2018,105.0,2.0,170.0,1.0,1.0,2.0,0.0,0.0,0.0,0.0,0.0,0.0,13395.0,204.0,515.0,45.0,5.0,8.0,172.0,3.0,0.0,0.0,719.0,13.0,105.0,170.0,2.0,172.0,0.0,13395.0,515.0,204.0,719.0
Chongqing,2019,350.0,203.0,86.0,1.0,6.0,2.0,50.0,0.0,0.0,1.0,0.0,0.0,13695.0,407.0,601.0,45.0,11.0,10.0,289.0,8.0,0.0,0.0,1008.0,21.0,350.0,86.0,203.0,289.0,50.0,13695.0,601.0,407.0,1008.0
Chongqing,2020,49.0,42.0,222.0,1.0,6.0,4.0,570.0,0.0,0.0,4.0,0.0,0.0,13174.0,449.0,823.0,42.0,17.0,14.0,264.0,10.0,0.0,0.0,1272.0,31.0,49.0,222.0,42.0,264.0,570.0,13174.0,823.0,449.0,1272.0
Chongqing,2021,0.0,0.0,266.6,0.0,0.0,4.0,0.0,0.0,0.0,0.0,0.0,0.0,13174.0,449.0,1089.6,42.0,17.0,18.0,266.6,4.0,0.0,0.0,1538.6,35.0,0.0,266.6,0.0,266.6,0.0,13174.0,1089.6,449.0,1538.6
Chongqing,2022,820.0,68.0,219.2,3.0,1.0,2.0,0.0,0.0,0.0,0.0,0.0,0.0,13994.0,517.0,1308.8,45.0,18.0,20.0,287.2,3.0,0.0,0.0,1825.8,38.0,820.0,219.2,68.0,287.2,0.0,13994.0,1308.8,517.0,1825.8
Chongqing,2023,660.0,320.0,226.0,1.0,3.0,4.0,0.0,0.0,0.0,0.0,0.0,0.0,14654.0,837.0,1534.8,46.0,21.0,24.0,546.0,7.0,0.0,0.0,2371.8,45.0,660.0,226.0,320.0,546.0,0.0,14654.0,1534.8,837.0,2371.8
Fujian,2000,600.0,0.0,0.0,1.0,0.0,0.0,0.0,0.0,0.0,0.0,0.0,0.0,4250.0,0.0,0.0,20.0,0.0,0.0,0.0,0.0,0.0,0.0,0.0,0.0,600.0,0.0,0.0,0.0,0.0,4250.0,0.0,0.0,0.0
Fujian,2001,1386.0,0.0,0.0,3.0,0.0,0.0,0.0,0.0,0.0,0.0,0.0,0.0,5636.0,0.0,0.0,23.0,0.0,0.0,0.0,0.0,0.0,0.0,0.0,0.0,1386.0,0.0,0.0,0.0,0.0,5636.0,0.0,0.0,0.0
Fujian,2002,600.0,0.0,0.0,1.0,0.0,0.0,0.0,0.0,0.0,0.0,0.0,0.0,6236.0,0.0,0.0,24.0,0.0,0.0,0.0,0.0,0.0,0.0,0.0,0.0,600.0,0.0,0.0,0.0,0.0,6236.0,0.0,0.0,0.0
Fujian,2003,600.0,0.0,0.0,1.0,0.0,0.0,0.0,0.0,0.0,0.0,0.0,0.0,6836.0,0.0,0.0,25.0,0.0,0.0,0.0,0.0,0.0,0.0,0.0,0.0,600.0,0.0,0.0,0.0,0.0,6836.0,0.0,0.0,0.0
Fujian,2004,600.0,0.0,0.0,1.0,0.0,0.0,0.0,0.0,0.0,0.0,0.0,0.0,7436.0,0.0,0.0,26.0,0.0,0.0,0.0,0.0,0.0,0.0,0.0,0.0,600.0,0.0,0.0,0.0,0.0,7436.0,0.0,0.0,0.0
Fujian,2005,570.0,0.0,16.0,3.0,0.0,1.0,0.0,0.0,0.0,0.0,0.0,0.0,8006.0,0.0,16.0,29.0,0.0,1.0,16.0,1.0,0.0,0.0,16.0,1.0,570.0,16.0,0.0,16.0,0.0,8006.0,16.0,0.0,16.0
Fujian,2006,3720.0,0.0,30.0,12.0,0.0,1.0,100.0,0.0,0.0,2.0,0.0,0.0,11626.0,0.0,46.0,39.0,0.0,2.0,30.0,1.0,0.0,0.0,46.0,2.0,3720.0,30.0,0.0,30.0,100.0,11626.0,46.0,0.0,46.0
Fujian,2007,1250.0,0.0,0.0,3.0,0.0,0.0,0.0,0.0,0.0,0.0,0.0,0.0,12876.0,0.0,46.0,42.0,0.0,2.0,0.0,0.0,0.0,0.0,46.0,2.0,1250.0,0.0,0.0,0.0,0.0,12876.0,46.0,0.0,46.0
Fujian,2008,1860.0,0.0,71.0,3.0,0.0,2.0,200.0,0.0,0.0,2.0,0.0,0.0,14536.0,0.0,117.0,43.0,0.0,4.0,71.0,2.0,0.0,0.0,117.0,4.0,1860.0,71.0,0.0,71.0,200.0,14536.0,117.0,0.0,117.0
Fujian,2009,1560.0,0.0,198.0,3.0,0.0,5.0,400.0,0.0,0.0,4.0,0.0,0.0,15696.0,0.0,315.0,42.0,0.0,9.0,198.0,5.0,0.0,0.0,315.0,9.0,1560.0,198.0,0.0,198.0,400.0,15696.0,315.0,0.0,315.0
Fujian,2010,1920.0,0.0,0.0,4.0,0.0,0.0,100.0,0.0,0.0,2.0,0.0,0.0,17516.0,0.0,315.0,44.0,0.0,9.0,0.0,0.0,0.0,0.0,315.0,9.0,1920.0,0.0,0.0,0.0,100.0,17516.0,315.0,0.0,315.0
Fujian,2011,2170.0,0.0,216.0,4.0,0.0,5.0,0.0,0.0,0.0,0.0,0.0,0.0,19686.0,0.0,531.0,48.0,0.0,14.0,216.0,5.0,0.0,0.0,531.0,14.0,2170.0,216.0,0.0,216.0,0.0,19686.0,531.0,0.0,531.0
Fujian,2012,1270.0,0.0,464.0,3.0,0.0,11.0,0.0,0.0,0.0,0.0,0.0,0.0,20956.0,0.0,995.0,51.0,0.0,25.0,464.0,11.0,0.0,0.0,995.0,25.0,1270.0,464.0,0.0,464.0,0.0,20956.0,995.0,0.0,995.0
Fujian,2013,0.0,0.0,356.0,0.0,0.0,9.0,0.0,0.0,0.0,0.0,0.0,0.0,20956.0,0.0,1351.0,51.0,0.0,34.0,356.0,9.0,0.0,0.0,1351.0,34.0,0.0,356.0,0.0,356.0,0.0,20956.0,1351.0,0.0,1351.0
Fujian,2014,300.0,0.0,46.0,2.0,0.0,2.0,0.0,0.0,0.0,0.0,0.0,0.0,21256.0,0.0,1397.0,53.0,0.0,36.0,46.0,2.0,0.0,0.0,1397.0,36.0,300.0,46.0,0.0,46.0,0.0,21256.0,1397.0,0.0,1397.0
Fujian,2015,2150.0,54.2,174.0,3.0,4.0,4.0,250.0,0.0,0.0,2.0,0.0,0.0,23156.0,54.2,1571.0,54.0,4.0,40.0,228.2,8.0,0.0,0.0,1625.2,44.0,2150.0,174.0,54.2,228.2,250.0,23156.0,1571.0,54.2,1625.2
Fujian,2016,0.0,178.6,398.0,0.0,11.0,9.0,540.0,0.0,0.0,4.0,0.0,0.0,22616.0,232.79999999999998,1969.0,50.0,15.0,49.0,576.6,20.0,0.0,0.0,2201.8,64.0,0.0,398.0,178.6,576.6,540.0,22616.0,1969.0,232.79999999999998,2201.8
Fujian,2017,3320.0,580.1000000000001,48.0,4.0,108.0,1.0,0.0,0.0,0.0,0.0,0.0,0.0,25936.0,812.9000000000001,2017.0,54.0,123.0,50.0,628.1000000000001,109.0,0.0,0.0,2829.9,173.0,3320.0,48.0,580.1000000000001,628.1000000000001,0.0,25936.0,2017.0,812.9000000000001,2829.9
Fujian,2018,660.0,103.7,599.0,1.0,28.0,13.0,0.0,0.0,0.0,0.0,0.0,0.0,26596.0,916.5999999999999,2616.0,55.0,151.0,63.0,702.7,41.0,0.0,0.0,3532.6,214.0,660.0,599.0,103.7,702.7,0.0,26596.0,2616.0,916.5999999999999,3532.6
Fujian,2019,690.0,10.0,499.0,2.0,1.0,12.0,0.0,0.0,0.0,0.0,0.0,0.0,27286.0,926.6,3115.0,57.0,152.0,75.0,509.0,13.0,0.0,0.0,4041.6,227.0,690.0,499.0,10.0,509.0,0.0,27286.0,3115.0,926.6,4041.6
Fujian,2020,30.0,0.0,1277.6,1.0,0.0,18.0,0.0,0.0,0.0,0.0,0.0,0.0,27316.0,926.6,4392.6,58.0,152.0,93.0,1277.6,18.0,0.0,0.0,5319.200000000001,245.0,30.0,1277.6,0.0,1277.6,0.0,27316.0,4392.6,926.6,5319.200000000001
Fujian,2021,1130.0,0.0,2157.0,4.0,0.0,11.0,0.0,0.0,0.0,0.0,0.0,0.0,28446.0,926.6,6549.6,62.0,152.0,104.0,2157.0,11.0,0.0,0.0,7476.200000000001,256.0,1130.0,2157.0,0.0,2157.0,0.0,28446.0,6549.6,926.6,7476.200000000001
Fujian,2022,1160.0,21.1,308.0,5.0,1.0,1.0,0.0,0.0,0.0,0.0,0.0,0.0,29606.0,947.7,6857.6,67.0,153.0,105.0,329.1,2.0,0.0,0.0,7805.3,258.0,1160.0,308.0,21.1,329.1,0.0,29606.0,6857.6,947.7,7805.3
Fujian,2023,420.0,50.0,328.5,6.0,1.0,3.0,0.0,0.0,0.0,0.0,0.0,0.0,30026.0,997.7,7186.1,73.0,154.0,108.0,378.5,4.0,0.0,0.0,8183.8,262.0,420.0,328.5,50.0,378.5,0.0,30026.0,7186.1,997.7,8183.8
Gansu,2000,330.0,0.0,0.0,1.0,0.0,0.0,0.0,0.0,0.0,0.0,0.0,0.0,3169.0,0.0,0.0,22.0,0.0,0.0,0.0,0.0,0.0,0.0,0.0,0.0,330.0,0.0,0.0,0.0,0.0,3169.0,0.0,0.0,0.0
Gansu,2001,330.0,0.0,0.0,1.0,0.0,0.0,0.0,0.0,0.0,0.0,0.0,0.0,3499.0,0.0,0.0,23.0,0.0,0.0,0.0,0.0,0.0,0.0,0.0,0.0,330.0,0.0,0.0,0.0,0.0,3499.0,0.0,0.0,0.0
Gansu,2002,0.0,0.0,0.0,0.0,0.0,0.0,0.0,0.0,0.0,0.0,0.0,0.0,3499.0,0.0,0.0,23.0,0.0,0.0,0.0,0.0,0.0,0.0,0.0,0.0,0.0,0.0,0.0,0.0,0.0,3499.0,0.0,0.0,0.0
Gansu,2003,910.0,0.0,0.0,4.0,0.0,0.0,0.0,0.0,0.0,0.0,0.0,0.0,4409.0,0.0,0.0,27.0,0.0,0.0,0.0,0.0,0.0,0.0,0.0,0.0,910.0,0.0,0.0,0.0,0.0,4409.0,0.0,0.0,0.0
Gansu,2004,300.0,0.0,0.0,1.0,0.0,0.0,0.0,0.0,0.0,0.0,0.0,0.0,4709.0,0.0,0.0,28.0,0.0,0.0,0.0,0.0,0.0,0.0,0.0,0.0,300.0,0.0,0.0,0.0,0.0,4709.0,0.0,0.0,0.0
Gansu,2005,675.0,0.0,0.0,3.0,0.0,0.0,0.0,0.0,0.0,0.0,0.0,0.0,5384.0,0.0,0.0,31.0,0.0,0.0,0.0,0.0,0.0,0.0,0.0,0.0,675.0,0.0,0.0,0.0,0.0,5384.0,0.0,0.0,0.0
Gansu,2006,770.0,0.0,0.0,3.0,0.0,0.0,0.0,0.0,0.0,0.0,0.0,0.0,6154.0,0.0,0.0,34.0,0.0,0.0,0.0,0.0,0.0,0.0,0.0,0.0,770.0,0.0,0.0,0.0,0.0,6154.0,0.0,0.0,0.0
Gansu,2007,2365.0,0.0,94.9,8.0,0.0,2.0,134.0,0.0,0.0,2.0,0.0,0.0,8385.0,0.0,94.9,40.0,0.0,2.0,94.9,2.0,0.0,0.0,94.9,2.0,2365.0,94.9,0.0,94.9,134.0,8385.0,94.9,0.0,94.9
Gansu,2008,1200.0,0.0,140.0,5.0,0.0,3.0,300.0,0.0,0.0,4.0,0.0,0.0,9285.0,0.0,234.9,41.0,0.0,5.0,140.0,3.0,0.0,0.0,234.9,5.0,1200.0,140.0,0.0,140.0,300.0,9285.0,234.9,0.0,234.9
Gansu,2009,1980.0,0.0,200.0,4.0,0.0,4.0,100.0,0.0,0.0,2.0,0.0,0.0,11165.0,0.0,434.9,43.0,0.0,9.0,200.0,4.0,0.0,0.0,434.9,9.0,1980.0,200.0,0.0,200.0,100.0,11165.0,434.9,0.0,434.9
Gansu,2010,1860.0,0.0,752.0,3.0,0.0,4.0,200.0,0.0,0.0,2.0,0.0,0.0,12825.0,0.0,1186.9,44.0,0.0,13.0,752.0,4.0,0.0,0.0,1186.9,13.0,1860.0,752.0,0.0,752.0,200.0,12825.0,1186.9,0.0,1186.9
Gansu,2011,1980.0,129.1,3707.0,5.0,12.0,27.0,0.0,0.0,0.0,0.0,0.0,0.0,14805.0,129.1,4893.9,49.0,12.0,40.0,3836.1,39.0,0.0,0.0,5023.0,52.0,1980.0,3707.0,129.1,3836.1,0.0,14805.0,4893.9,129.1,5023.0
Gansu,2012,700.0,358.0,652.0,2.0,20.0,7.0,0.0,0.0,0.0,0.0,0.0,0.0,15505.0,487.1,5545.9,51.0,32.0,47.0,1010.0,27.0,0.0,0.0,6033.0,79.0,700.0,652.0,358.0,1010.0,0.0,15505.0,5545.9,487.1,6033.0
Gansu,2013,1030.0,2376.8,843.5,3.0,62.0,18.0,0.0,0.0,0.0,0.0,0.0,0.0,16535.0,2863.8999999999996,6389.4,54.0,94.0,65.0,3220.3,80.0,0.0,0.0,9253.3,159.0,1030.0,843.5,2376.8,3220.3,0.0,16535.0,6389.4,2863.8999999999996,9253.3
Gansu,2014,330.0,2300.0,1595.0,1.0,49.0,13.0,0.0,0.0,0.0,0.0,0.0,0.0,16865.0,5163.9,7984.4,55.0,143.0,78.0,3895.0,62.0,0.0,0.0,13148.3,221.0,330.0,1595.0,2300.0,3895.0,0.0,16865.0,7984.4,5163.9,13148.3
Gansu,2015,1050.0,991.0,3153.0,3.0,25.0,19.0,0.0,0.0,0.0,0.0,0.0,0.0,17915.0,6154.9,11137.4,58.0,168.0,97.0,4144.0,44.0,0.0,0.0,17292.3,265.0,1050.0,3153.0,991.0,4144.0,0.0,17915.0,11137.4,6154.9,17292.3
Gansu,2016,650.0,687.3,1200.0,2.0,31.0,10.0,0.0,0.0,0.0,0.0,0.0,0.0,18565.0,6842.200000000001,12337.4,60.0,199.0,107.0,1887.3,41.0,0.0,0.0,19179.6,306.0,650.0,1200.0,687.3,1887.3,0.0,18565.0,12337.4,6842.200000000001,19179.6
Gansu,2017,1000.0,781.3,0.0,3.0,51.0,0.0,85.0,0.0,0.0,2.0,0.0,0.0,19480.0,7623.5,12337.4,61.0,250.0,107.0,781.3,51.0,0.0,0.0,19960.9,357.0,1000.0,0.0,781.3,781.3,85.0,19480.0,12337.4,7623.5,19960.9
Gansu,2018,0.0,413.4,0.0,0.0,15.0,0.0,330.0,0.0,0.0,2.0,0.0,0.0,19150.0,8036.9,12337.4,59.0,265.0,107.0,413.4,15.0,0.0,0.0,20374.3,372.0,0.0,0.0,413.4,413.4,330.0,19150.0,12337.4,8036.9,20374.3
Gansu,2019,700.0,189.2,50.0,2.0,9.0,1.0,220.0,0.0,0.0,2.0,0.0,0.0,19630.0,8226.1,12387.4,59.0,274.0,108.0,239.2,10.0,0.0,0.0,20613.5,382.0,700.0,50.0,189.2,239.2,220.0,19630.0,12387.4,8226.1,20613.5
Gansu,2020,2000.0,253.0,411.0,2.0,8.0,3.0,0.0,0.0,0.0,0.0,0.0,0.0,21630.0,8479.1,12798.4,61.0,282.0,111.0,664.0,11.0,0.0,0.0,21277.5,393.0,2000.0,411.0,253.0,664.0,0.0,21630.0,12798.4,8479.1,21277.5
Gansu,2021,0.0,1298.5,2974.0,0.0,20.0,25.0,0.0,0.0,0.0,0.0,0.0,0.0,21630.0,9777.6,15772.4,61.0,302.0,136.0,4272.5,45.0,0.0,0.0,25550.0,438.0,0.0,2974.0,1298.5,4272.5,0.0,21630.0,15772.4,9777.6,25550.0
Gansu,2022,0.0,2914.0,2835.7,0.0,26.0,33.0,0.0,0.0,0.0,0.0,0.0,0.0,21630.0,12691.6,18608.1,61.0,328.0,169.0,5749.7,59.0,0.0,0.0,31299.699999999997,497.0,0.0,2835.7,2914.0,5749.7,0.0,21630.0,18608.1,12691.6,31299.699999999997
Gansu,2023,2000.0,9263.3,4918.5,2.0,56.0,25.0,0.0,0.0,0.0,0.0,0.0,0.0,23630.0,21954.9,23526.6,63.0,384.0,194.0,14181.8,81.0,0.0,0.0,45481.5,578.0,2000.0,4918.5,9263.3,14181.8,0.0,23630.0,23526.6,21954.9,45481.5
Guangdong,2000,1625.0,0.0,0.0,9.0,0.0,0.0,0.0,0.0,0.0,0.0,0.0,0.0,13560.0,0.0,0.0,70.0,0.0,0.0,0.0,0.0,0.0,0.0,0.0,0.0,1625.0,0.0,0.0,0.0,0.0,13560.0,0.0,0.0,0.0
Guangdong,2001,835.0,0.0,0.0,2.0,0.0,0.0,0.0,0.0,0.0,0.0,0.0,0.0,14395.0,0.0,0.0,72.0,0.0,0.0,0.0,0.0,0.0,0.0,0.0,0.0,835.0,0.0,0.0,0.0,0.0,14395.0,0.0,0.0,0.0
Guangdong,2002,498.0,0.0,0.0,3.0,0.0,0.0,0.0,0.0,0.0,0.0,0.0,0.0,14893.0,0.0,0.0,75.0,0.0,0.0,0.0,0.0,0.0,0.0,0.0,0.0,498.0,0.0,0.0,0.0,0.0,14893.0,0.0,0.0,0.0
Guangdong,2003,1670.0,0.0,0.0,7.0,0.0,0.0,0.0,0.0,0.0,0.0,0.0,0.0,16563.0,0.0,0.0,82.0,0.0,0.0,0.0,0.0,0.0,0.0,0.0,0.0,1670.0,0.0,0.0,0.0,0.0,16563.0,0.0,0.0,0.0
Guangdong,2004,1705.0,0.0,0.0,9.0,0.0,0.0,0.0,0.0,0.0,0.0,0.0,0.0,18268.0,0.0,0.0,91.0,0.0,0.0,0.0,0.0,0.0,0.0,0.0,0.0,1705.0,0.0,0.0,0.0,0.0,18268.0,0.0,0.0,0.0
Guangdong,2005,2530.0,0.0,100.0,14.0,0.0,1.0,0.0,0.0,0.0,0.0,0.0,0.0,20798.0,0.0,100.0,105.0,0.0,1.0,100.0,1.0,0.0,0.0,100.0,1.0,2530.0,100.0,0.0,100.0,0.0,20798.0,100.0,0.0,100.0
Guangdong,2006,3525.0,0.0,0.0,7.0,0.0,0.0,50.0,0.0,0.0,1.0,0.0,0.0,24273.0,0.0,100.0,111.0,0.0,1.0,0.0,0.0,0.0,0.0,100.0,1.0,3525.0,0.0,0.0,0.0,50.0,24273.0,100.0,0.0,100.0
Guangdong,2007,3395.0,0.0,145.0,9.0,0.0,2.0,300.0,0.0,0.0,6.0,0.0,0.0,27368.0,0.0,245.0,114.0,0.0,3.0,145.0,2.0,0.0,0.0,245.0,3.0,3395.0,145.0,0.0,145.0,300.0,27368.0,245.0,0.0,245.0
Guangdong,2008,3425.1,0.0,16.0,15.0,0.0,1.0,100.0,0.0,0.0,2.0,0.0,0.0,30693.1,0.0,261.0,127.0,0.0,4.0,16.0,1.0,0.0,0.0,261.0,4.0,3425.1,16.0,0.0,16.0,100.0,30693.1,261.0,0.0,261.0
Guangdong,2009,4758.1,0.0,277.0,8.0,0.0,6.0,920.0,0.0,0.0,9.0,0.0,0.0,34531.2,0.0,538.0,126.0,0.0,10.0,277.0,6.0,0.0,0.0,538.0,10.0,4758.1,277.0,0.0,277.0,920.0,34531.2,538.0,0.0,538.0
Guangdong,2010,5298.0,0.0,179.2,11.0,0.0,5.0,250.0,0.0,0.0,2.0,0.0,0.0,39579.2,0.0,717.2,135.0,0.0,15.0,179.2,5.0,0.0,0.0,717.2,15.0,5298.0,179.2,0.0,179.2,250.0,39579.2,717.2,0.0,717.2
Guangdong,2011,7025.0,0.0,443.7,14.0,0.0,11.0,200.0,0.0,0.0,4.0,0.0,0.0,46404.2,0.0,1160.9,145.0,0.0,26.0,443.7,11.0,0.0,0.0,1160.9,26.0,7025.0,443.7,0.0,443.7,200.0,46404.2,1160.9,0.0,1160.9
Guangdong,2012,1260.0,0.0,200.0,4.0,0.0,4.0,0.0,0.0,0.0,0.0,0.0,0.0,47664.2,0.0,1360.9,149.0,0.0,30.0,200.0,4.0,0.0,0.0,1360.9,30.0,1260.0,200.0,0.0,200.0,0.0,47664.2,1360.9,0.0,1360.9
Guangdong,2013,6692.0,0.0,419.0,9.0,0.0,9.0,520.0,0.0,0.0,4.0,0.0,0.0,53836.2,0.0,1779.9,154.0,0.0,39.0,419.0,9.0,0.0,0.0,1779.9,39.0,6692.0,419.0,0.0,419.0,520.0,53836.2,1779.9,0.0,1779.9
Guangdong,2014,950.0,0.0,317.0,2.0,0.0,7.0,0.0,0.0,0.0,0.0,0.0,0.0,54786.2,0.0,2096.9,156.0,0.0,46.0,317.0,7.0,0.0,0.0,2096.9,46.0,950.0,317.0,0.0,317.0,0.0,54786.2,2096.9,0.0,2096.9
Guangdong,2015,3650.0,70.0,150.0,5.0,2.0,3.0,135.0,0.0,0.0,1.0,0.0,0.0,58301.2,70.0,2246.9,160.0,2.0,49.0,220.0,5.0,0.0,0.0,2316.9,51.0,3650.0,150.0,70.0,220.0,135.0,58301.2,2246.9,70.0,2316.9
Guangdong,2016,1230.0,502.0,800.0,4.0,9.0,16.0,380.0,0.0,0.0,4.0,0.0,0.0,59151.2,572.0,3046.9,160.0,11.0,65.0,1302.0,25.0,0.0,0.0,3618.9,76.0,1230.0,800.0,502.0,1302.0,380.0,59151.2,3046.9,572.0,3618.9
Guangdong,2017,700.0,865.9000000000001,342.0,2.0,19.0,6.0,330.0,0.0,0.0,3.0,0.0,0.0,59521.2,1437.9,3388.9,159.0,30.0,71.0,1207.9,25.0,0.0,0.0,4826.8,101.0,700.0,342.0,865.9000000000001,1207.9,330.0,59521.2,3388.9,1437.9,4826.8
Guangdong,2018,1350.0,282.0,100.0,2.0,5.0,2.0,1625.0,0.0,0.0,13.0,0.0,0.0,59246.2,1719.9,3488.9,148.0,35.0,73.0,382.0,7.0,0.0,0.0,5208.8,108.0,1350.0,100.0,282.0,382.0,1625.0,59246.2,3488.9,1719.9,5208.8
Guangdong,2019,2350.0,913.0,662.0,3.0,13.0,8.0,1100.0,0.0,0.0,4.0,0.0,0.0,60496.2,2632.8999999999996,4150.9,147.0,48.0,81.0,1575.0,21.0,0.0,0.0,6783.799999999999,129.0,2350.0,662.0,913.0,1575.0,1100.0,60496.2,4150.9,2632.8999999999996,6783.799999999999
Guangdong,2020,5780.0,692.0,1341.8,8.0,12.0,17.0,330.0,0.0,0.0,1.0,0.0,0.0,65946.2,3324.8999999999996,5492.7,154.0,60.0,98.0,2033.8,29.0,0.0,0.0,8817.599999999999,158.0,5780.0,1341.8,692.0,2033.8,330.0,65946.2,5492.7,3324.8999999999996,8817.599999999999
Guangdong,2021,2000.0,3405.0,5003.9,2.0,32.0,23.0,42.0,0.0,0.0,1.0,0.0,0.0,67904.2,6729.9,10496.6,155.0,92.0,121.0,8408.9,55.0,0.0,0.0,17226.5,213.0,2000.0,5003.9,3405.0,8408.9,42.0,67904.2,10496.6,6729.9,17226.5
Guangdong,2022,600.0,5427.0,2628.0,1.0,37.0,7.0,0.0,0.0,0.0,0.0,0.0,0.0,68504.2,12156.900000000001,13124.6,156.0,129.0,128.0,8055.0,44.0,0.0,0.0,25281.5,257.0,600.0,2628.0,5427.0,8055.0,0.0,68504.2,13124.6,12156.900000000001,25281.5
Guangdong,2023,4020.0,3359.9,1368.4,5.0,31.0,7.0,0.0,0.0,0.0,0.0,0.0,0.0,72524.2,15516.8,14493.0,161.0,160.0,135.0,4728.3,38.0,0.0,0.0,30009.8,295.0,4020.0,1368.4,3359.9,4728.3,0.0,72524.2,14493.0,15516.8,30009.8
Guangxi,2000,1004.0,0.0,0.0,4.0,0.0,0.0,0.0,0.0,0.0,0.0,0.0,0.0,2194.0,0.0,0.0,14.0,0.0,0.0,0.0,0.0,0.0,0.0,0.0,0.0,1004.0,0.0,0.0,0.0,0.0,2194.0,0.0,0.0,0.0
Guangxi,2001,0.0,0.0,0.0,0.0,0.0,0.0,0.0,0.0,0.0,0.0,0.0,0.0,2194.0,0.0,0.0,14.0,0.0,0.0,0.0,0.0,0.0,0.0,0.0,0.0,0.0,0.0,0.0,0.0,0.0,2194.0,0.0,0.0,0.0
Guangxi,2002,0.0,0.0,0.0,0.0,0.0,0.0,0.0,0.0,0.0,0.0,0.0,0.0,2194.0,0.0,0.0,14.0,0.0,0.0,0.0,0.0,0.0,0.0,0.0,0.0,0.0,0.0,0.0,0.0,0.0,2194.0,0.0,0.0,0.0
Guangxi,2003,0.0,0.0,0.0,0.0,0.0,0.0,0.0,0.0,0.0,0.0,0.0,0.0,2194.0,0.0,0.0,14.0,0.0,0.0,0.0,0.0,0.0,0.0,0.0,0.0,0.0,0.0,0.0,0.0,0.0,2194.0,0.0,0.0,0.0
Guangxi,2004,1115.0,0.0,0.0,4.0,0.0,0.0,0.0,0.0,0.0,0.0,0.0,0.0,3309.0,0.0,0.0,18.0,0.0,0.0,0.0,0.0,0.0,0.0,0.0,0.0,1115.0,0.0,0.0,0.0,0.0,3309.0,0.0,0.0,0.0
Guangxi,2005,455.0,0.0,0.0,2.0,0.0,0.0,0.0,0.0,0.0,0.0,0.0,0.0,3764.0,0.0,0.0,20.0,0.0,0.0,0.0,0.0,0.0,0.0,0.0,0.0,455.0,0.0,0.0,0.0,0.0,3764.0,0.0,0.0,0.0
Guangxi,2006,300.0,0.0,0.0,1.0,0.0,0.0,0.0,0.0,0.0,0.0,0.0,0.0,4064.0,0.0,0.0,21.0,0.0,0.0,0.0,0.0,0.0,0.0,0.0,0.0,300.0,0.0,0.0,0.0,0.0,4064.0,0.0,0.0,0.0
Guangxi,2007,4290.0,0.0,0.0,10.0,0.0,0.0,470.0,0.0,0.0,5.0,0.0,0.0,7884.0,0.0,0.0,26.0,0.0,0.0,0.0,0.0,0.0,0.0,0.0,0.0,4290.0,0.0,0.0,0.0,470.0,7884.0,0.0,0.0,0.0
Guangxi,2008,845.0,0.0,0.0,4.0,0.0,0.0,0.0,0.0,0.0,0.0,0.0,0.0,8729.0,0.0,0.0,30.0,0.0,0.0,0.0,0.0,0.0,0.0,0.0,0.0,845.0,0.0,0.0,0.0,0.0,8729.0,0.0,0.0,0.0
Guangxi,2009,310.0,0.0,0.0,2.0,0.0,0.0,0.0,0.0,0.0,0.0,0.0,0.0,9039.0,0.0,0.0,32.0,0.0,0.0,0.0,0.0,0.0,0.0,0.0,0.0,310.0,0.0,0.0,0.0,0.0,9039.0,0.0,0.0,0.0
Guangxi,2010,150.0,0.0,0.0,1.0,0.0,0.0,534.0,0.0,0.0,4.0,0.0,0.0,8655.0,0.0,0.0,29.0,0.0,0.0,0.0,0.0,0.0,0.0,0.0,0.0,150.0,0.0,0.0,0.0,534.0,8655.0,0.0,0.0,0.0
Guangxi,2011,1750.0,0.0,50.0,5.0,0.0,1.0,0.0,0.0,0.0,0.0,0.0,0.0,10405.0,0.0,50.0,34.0,0.0,1.0,50.0,1.0,0.0,0.0,50.0,1.0,1750.0,50.0,0.0,50.0,0.0,10405.0,50.0,0.0,50.0
Guangxi,2012,2750.0,0.0,26.0,3.0,0.0,1.0,0.0,0.0,0.0,0.0,0.0,0.0,13155.0,0.0,76.0,37.0,0.0,2.0,26.0,1.0,0.0,0.0,76.0,2.0,2750.0,26.0,0.0,26.0,0.0,13155.0,76.0,0.0,76.0
Guangxi,2013,0.0,0.0,50.0,0.0,0.0,1.0,0.0,0.0,0.0,0.0,0.0,0.0,13155.0,0.0,126.0,37.0,0.0,3.0,50.0,1.0,0.0,0.0,126.0,3.0,0.0,50.0,0.0,50.0,0.0,13155.0,126.0,0.0,126.0
Guangxi,2014,360.0,60.0,0.0,1.0,1.0,0.0,0.0,0.0,0.0,0.0,0.0,0.0,13515.0,60.0,126.0,38.0,1.0,3.0,60.0,1.0,0.0,0.0,186.0,4.0,360.0,0.0,60.0,60.0,0.0,13515.0,126.0,60.0,186.0
Guangxi,2015,850.0,0.0,295.0,3.0,0.0,6.0,0.0,0.0,0.0,0.0,0.0,0.0,14365.0,60.0,421.0,41.0,1.0,9.0,295.0,6.0,0.0,0.0,481.0,10.0,850.0,295.0,0.0,295.0,0.0,14365.0,421.0,60.0,481.0
Guangxi,2016,4270.0,70.0,200.0,7.0,2.0,4.0,0.0,0.0,0.0,0.0,0.0,0.0,18635.0,130.0,621.0,48.0,3.0,13.0,270.0,6.0,0.0,0.0,751.0,16.0,4270.0,200.0,70.0,270.0,0.0,18635.0,621.0,130.0,751.0
Guangxi,2017,700.0,470.0,595.3,2.0,14.0,11.0,0.0,0.0,0.0,0.0,0.0,0.0,19335.0,600.0,1216.3,50.0,17.0,24.0,1065.3,25.0,0.0,0.0,1816.3,41.0,700.0,595.3,470.0,1065.3,0.0,19335.0,1216.3,600.0,1816.3
Guangxi,2018,490.0,280.0,488.0,3.0,7.0,7.0,440.0,0.0,0.0,2.0,0.0,0.0,19385.0,880.0,1704.3,51.0,24.0,31.0,768.0,14.0,0.0,0.0,2584.3,55.0,490.0,488.0,280.0,768.0,440.0,19385.0,1704.3,880.0,2584.3
Guangxi,2019,32.8,160.0,484.0,1.0,6.0,8.0,0.0,0.0,0.0,0.0,0.0,0.0,19417.8,1040.0,2188.3,52.0,30.0,39.0,644.0,14.0,0.0,0.0,3228.3,69.0,32.8,484.0,160.0,644.0,0.0,19417.8,2188.3,1040.0,3228.3
Guangxi,2020,0.0,1040.0,2590.0,0.0,12.0,40.0,0.0,0.0,0.0,0.0,0.0,0.0,19417.8,2080.0,4778.3,52.0,42.0,79.0,3630.0,52.0,0.0,0.0,6858.3,121.0,0.0,2590.0,1040.0,3630.0,0.0,19417.8,4778.3,2080.0,6858.3
Guangxi,2021,1050.0,720.0,1274.0,3.0,9.0,17.0,0.0,0.0,0.0,0.0,0.0,0.0,20467.8,2800.0,6052.3,55.0,51.0,96.0,1994.0,26.0,0.0,0.0,8852.3,147.0,1050.0,1274.0,720.0,1994.0,0.0,20467.8,6052.3,2800.0,8852.3
Guangxi,2022,2350.0,2551.9,1849.0,3.0,26.0,20.0,0.0,0.0,0.0,0.0,0.0,0.0,22817.8,5351.9,7901.3,58.0,77.0,116.0,4400.9,46.0,0.0,0.0,13253.2,193.0,2350.0,1849.0,2551.9,4400.9,0.0,22817.8,7901.3,5351.9,13253.2
Guangxi,2023,690.0,4314.0,1505.0,2.0,36.0,16.0,0.0,0.0,0.0,0.0,0.0,0.0,23507.8,9665.9,9406.3,60.0,113.0,132.0,5819.0,52.0,0.0,0.0,19072.199999999997,245.0,690.0,1505.0,4314.0,5819.0,0.0,23507.8,9406.3,9665.9,19072.199999999997
Guizhou,2000,250.0,0.0,0.0,2.0,0.0,0.0,200.0,0.0,0.0,2.0,0.0,0.0,3423.0,0.0,0.0,26.0,0.0,0.0,0.0,0.0,0.0,0.0,0.0,0.0,250.0,0.0,0.0,0.0,200.0,3423.0,0.0,0.0,0.0
Guizhou,2001,535.0,0.0,0.0,3.0,0.0,0.0,0.0,0.0,0.0,0.0,0.0,0.0,3958.0,0.0,0.0,29.0,0.0,0.0,0.0,0.0,0.0,0.0,0.0,0.0,535.0,0.0,0.0,0.0,0.0,3958.0,0.0,0.0,0.0
Guizhou,2002,405.0,0.0,0.0,3.0,0.0,0.0,0.0,0.0,0.0,0.0,0.0,0.0,4363.0,0.0,0.0,32.0,0.0,0.0,0.0,0.0,0.0,0.0,0.0,0.0,405.0,0.0,0.0,0.0,0.0,4363.0,0.0,0.0,0.0
Guizhou,2003,1800.0,0.0,0.0,6.0,0.0,0.0,0.0,0.0,0.0,0.0,0.0,0.0,6163.0,0.0,0.0,38.0,0.0,0.0,0.0,0.0,0.0,0.0,0.0,0.0,1800.0,0.0,0.0,0.0,0.0,6163.0,0.0,0.0,0.0
Guizhou,2004,1400.0,0.0,0.0,5.0,0.0,0.0,128.0,0.0,0.0,4.0,0.0,0.0,7435.0,0.0,0.0,39.0,0.0,0.0,0.0,0.0,0.0,0.0,0.0,0.0,1400.0,0.0,0.0,0.0,128.0,7435.0,0.0,0.0,0.0
Guizhou,2005,2200.0,0.0,0.0,8.0,0.0,0.0,0.0,0.0,0.0,0.0,0.0,0.0,9635.0,0.0,0.0,47.0,0.0,0.0,0.0,0.0,0.0,0.0,0.0,0.0,2200.0,0.0,0.0,0.0,0.0,9635.0,0.0,0.0,0.0
Guizhou,2006,4400.0,0.0,0.0,13.0,0.0,0.0,0.0,0.0,0.0,0.0,0.0,0.0,14035.0,0.0,0.0,60.0,0.0,0.0,0.0,0.0,0.0,0.0,0.0,0.0,4400.0,0.0,0.0,0.0,0.0,14035.0,0.0,0.0,0.0
Guizhou,2007,2400.0,0.0,0.0,5.0,0.0,0.0,305.0,0.0,0.0,6.0,0.0,0.0,16190.0,0.0,0.0,61.0,0.0,0.0,0.0,0.0,0.0,0.0,0.0,0.0,2400.0,0.0,0.0,0.0,305.0,16190.0,0.0,0.0,0.0
Guizhou,2008,600.0,0.0,0.0,1.0,0.0,0.0,0.0,0.0,0.0,0.0,0.0,0.0,16790.0,0.0,0.0,62.0,0.0,0.0,0.0,0.0,0.0,0.0,0.0,0.0,600.0,0.0,0.0,0.0,0.0,16790.0,0.0,0.0,0.0
Guizhou,2009,2100.0,0.0,0.0,5.0,0.0,0.0,900.0,0.0,0.0,6.0,0.0,0.0,17990.0,0.0,0.0,61.0,0.0,0.0,0.0,0.0,0.0,0.0,0.0,0.0,2100.0,0.0,0.0,0.0,900.0,17990.0,0.0,0.0,0.0
Guizhou,2010,650.0,0.0,0.0,2.0,0.0,0.0,250.0,0.0,0.0,2.0,0.0,0.0,18390.0,0.0,0.0,61.0,0.0,0.0,0.0,0.0,0.0,0.0,0.0,0.0,650.0,0.0,0.0,0.0,250.0,18390.0,0.0,0.0,0.0
Guizhou,2011,1250.0,0.0,248.0,3.0,0.0,5.0,400.0,0.0,0.0,2.0,0.0,0.0,19240.0,0.0,248.0,62.0,0.0,5.0,248.0,5.0,0.0,0.0,248.0,5.0,1250.0,248.0,0.0,248.0,400.0,19240.0,248.0,0.0,248.0
Guizhou,2012,1200.0,0.0,100.0,2.0,0.0,2.0,0.0,0.0,0.0,0.0,0.0,0.0,20440.0,0.0,348.0,64.0,0.0,7.0,100.0,2.0,0.0,0.0,348.0,7.0,1200.0,100.0,0.0,100.0,0.0,20440.0,348.0,0.0,348.0
Guizhou,2013,3400.0,0.0,590.0,6.0,0.0,12.0,400.0,0.0,0.0,2.0,0.0,0.0,23440.0,0.0,938.0,68.0,0.0,19.0,590.0,12.0,0.0,0.0,938.0,19.0,3400.0,590.0,0.0,590.0,400.0,23440.0,938.0,0.0,938.0
Guizhou,2014,1000.0,0.0,649.0,2.0,0.0,14.0,1100.0,0.0,0.0,7.0,0.0,0.0,23340.0,0.0,1587.0,63.0,0.0,33.0,649.0,14.0,0.0,0.0,1587.0,33.0,1000.0,649.0,0.0,649.0,1100.0,23340.0,1587.0,0.0,1587.0
Guizhou,2015,2020.0,30.0,1019.0,4.0,1.0,23.0,0.0,0.0,0.0,0.0,0.0,0.0,25360.0,30.0,2606.0,67.0,1.0,56.0,1049.0,24.0,0.0,0.0,2636.0,57.0,2020.0,1019.0,30.0,1049.0,0.0,25360.0,2606.0,30.0,2636.0
Guizhou,2016,3960.0,260.0,690.0,6.0,5.0,10.0,0.0,0.0,0.0,0.0,0.0,0.0,29320.0,290.0,3296.0,73.0,6.0,66.0,950.0,15.0,0.0,0.0,3586.0,72.0,3960.0,690.0,260.0,950.0,0.0,29320.0,3296.0,290.0,3586.0
Guizhou,2017,660.0,965.0,244.3,1.0,21.0,5.0,0.0,0.0,0.0,0.0,0.0,0.0,29980.0,1255.0,3540.3,74.0,27.0,71.0,1209.3,26.0,0.0,0.0,4795.3,98.0,660.0,244.3,965.0,1209.3,0.0,29980.0,3540.3,1255.0,4795.3
Guizhou,2018,810.0,210.0,272.0,2.0,7.0,6.0,0.0,0.0,0.0,0.0,0.0,0.0,30790.0,1465.0,3812.3,76.0,34.0,77.0,482.0,13.0,0.0,0.0,5277.3,111.0,810.0,272.0,210.0,482.0,0.0,30790.0,3812.3,1465.0,5277.3
Guizhou,2019,1510.0,2880.0,398.4,4.0,39.0,7.0,0.0,0.0,0.0,0.0,0.0,0.0,32300.0,4345.0,4210.7,80.0,73.0,84.0,3278.4,46.0,0.0,0.0,8555.7,157.0,1510.0,398.4,2880.0,3278.4,0.0,32300.0,4210.7,4345.0,8555.7
Guizhou,2020,700.0,4750.0,863.0,2.0,55.0,17.0,0.0,0.0,0.0,0.0,0.0,0.0,33000.0,9095.0,5073.699999999999,82.0,128.0,101.0,5613.0,72.0,0.0,0.0,14168.699999999999,229.0,700.0,863.0,4750.0,5613.0,0.0,33000.0,5073.699999999999,9095.0,14168.699999999999
Guizhou,2021,0.0,925.0,282.1,0.0,12.0,6.0,0.0,0.0,0.0,0.0,0.0,0.0,33000.0,10020.0,5355.8,82.0,140.0,107.0,1207.1,18.0,0.0,0.0,15375.8,247.0,0.0,282.1,925.0,1207.1,0.0,33000.0,5355.8,10020.0,15375.8
Guizhou,2022,0.0,1400.0,152.0,0.0,10.0,4.0,0.0,0.0,14.0,0.0,0.0,1.0,33000.0,11420.0,5507.799999999999,82.0,150.0,111.0,1552.0,14.0,14.0,1.0,16927.8,261.0,0.0,152.0,1400.0,1552.0,0.0,33000.0,5507.799999999999,11420.0,16927.8
Guizhou,2023,300.0,2460.5,553.1,2.0,26.0,9.0,0.0,0.0,0.0,0.0,0.0,0.0,33300.0,13880.5,6060.9,84.0,176.0,120.0,3013.6,35.0,0.0,0.0,19941.4,296.0,300.0,553.1,2460.5,3013.6,0.0,33300.0,6060.9,13880.5,19941.4
Hainan,2000,138.0,0.0,0.0,1.0,0.0,0.0,0.0,0.0,0.0,0.0,0.0,0.0,652.0,0.0,0.0,6.0,0.0,0.0,0.0,0.0,0.0,0.0,0.0,0.0,138.0,0.0,0.0,0.0,0.0,652.0,0.0,0.0,0.0
Hainan,2001,0.0,0.0,0.0,0.0,0.0,0.0,0.0,0.0,0.0,0.0,0.0,0.0,652.0,0.0,0.0,6.0,0.0,0.0,0.0,0.0,0.0,0.0,0.0,0.0,0.0,0.0,0.0,0.0,0.0,652.0,0.0,0.0,0.0
Hainan,2002,0.0,0.0,0.0,0.0,0.0,0.0,0.0,0.0,0.0,0.0,0.0,0.0,652.0,0.0,0.0,6.0,0.0,0.0,0.0,0.0,0.0,0.0,0.0,0.0,0.0,0.0,0.0,0.0,0.0,652.0,0.0,0.0,0.0
Hainan,2003,0.0,0.0,0.0,0.0,0.0,0.0,0.0,0.0,0.0,0.0,0.0,0.0,652.0,0.0,0.0,6.0,0.0,0.0,0.0,0.0,0.0,0.0,0.0,0.0,0.0,0.0,0.0,0.0,0.0,652.0,0.0,0.0,0.0
Hainan,2004,300.0,0.0,0.0,2.0,0.0,0.0,0.0,0.0,0.0,0.0,0.0,0.0,952.0,0.0,0.0,8.0,0.0,0.0,0.0,0.0,0.0,0.0,0.0,0.0,300.0,0.0,0.0,0.0,0.0,952.0,0.0,0.0,0.0
Hainan,2005,0.0,0.0,0.0,0.0,0.0,0.0,0.0,0.0,0.0,0.0,0.0,0.0,952.0,0.0,0.0,8.0,0.0,0.0,0.0,0.0,0.0,0.0,0.0,0.0,0.0,0.0,0.0,0.0,0.0,952.0,0.0,0.0,0.0
Hainan,2006,330.0,0.0,0.0,1.0,0.0,0.0,0.0,0.0,0.0,0.0,0.0,0.0,1282.0,0.0,0.0,9.0,0.0,0.0,0.0,0.0,0.0,0.0,0.0,0.0,330.0,0.0,0.0,0.0,0.0,1282.0,0.0,0.0,0.0
Hainan,2007,330.0,0.0,0.0,1.0,0.0,0.0,0.0,0.0,0.0,0.0,0.0,0.0,1612.0,0.0,0.0,10.0,0.0,0.0,0.0,0.0,0.0,0.0,0.0,0.0,330.0,0.0,0.0,0.0,0.0,1612.0,0.0,0.0,0.0
Hainan,2008,0.0,0.0,0.0,0.0,0.0,0.0,100.0,0.0,0.0,2.0,0.0,0.0,1512.0,0.0,0.0,8.0,0.0,0.0,0.0,0.0,0.0,0.0,0.0,0.0,0.0,0.0,0.0,0.0,100.0,1512.0,0.0,0.0,0.0
Hainan,2009,700.0,0.0,100.0,2.0,0.0,2.0,0.0,0.0,0.0,0.0,0.0,0.0,2212.0,0.0,100.0,10.0,0.0,2.0,100.0,2.0,0.0,0.0,100.0,2.0,700.0,100.0,0.0,100.0,0.0,2212.0,100.0,0.0,100.0
Hainan,2010,0.0,0.0,98.0,0.0,0.0,2.0,138.0,0.0,0.0,1.0,0.0,0.0,2074.0,0.0,198.0,9.0,0.0,4.0,98.0,2.0,0.0,0.0,198.0,4.0,0.0,98.0,0.0,98.0,138.0,2074.0,198.0,0.0,198.0
Hainan,2011,0.0,0.0,50.0,0.0,0.0,1.0,0.0,0.0,0.0,0.0,0.0,0.0,2074.0,0.0,248.0,9.0,0.0,5.0,50.0,1.0,0.0,0.0,248.0,5.0,0.0,50.0,0.0,50.0,0.0,2074.0,248.0,0.0,248.0
Hainan,2012,700.0,0.0,0.0,2.0,0.0,0.0,0.0,0.0,0.0,0.0,0.0,0.0,2774.0,0.0,248.0,11.0,0.0,5.0,0.0,0.0,0.0,0.0,248.0,5.0,700.0,0.0,0.0,0.0,0.0,2774.0,248.0,0.0,248.0
Hainan,2013,0.0,0.0,0.0,0.0,0.0,0.0,138.0,0.0,0.0,1.0,0.0,0.0,2636.0,0.0,248.0,10.0,0.0,5.0,0.0,0.0,0.0,0.0,248.0,5.0,0.0,0.0,0.0,0.0,138.0,2636.0,248.0,0.0,248.0
Hainan,2014,0.0,40.0,0.0,0.0,2.0,0.0,0.0,0.0,0.0,0.0,0.0,0.0,2636.0,40.0,248.0,10.0,2.0,5.0,40.0,2.0,0.0,0.0,288.0,7.0,0.0,0.0,40.0,40.0,0.0,2636.0,248.0,40.0,288.0
Hainan,2015,700.0,71.0,0.0,2.0,4.0,0.0,0.0,0.0,0.0,0.0,0.0,0.0,3336.0,111.0,248.0,12.0,6.0,5.0,71.0,4.0,0.0,0.0,359.0,11.0,700.0,0.0,71.0,71.0,0.0,3336.0,248.0,111.0,359.0
Hainan,2016,0.0,0.0,0.0,0.0,0.0,0.0,0.0,0.0,0.0,0.0,0.0,0.0,3336.0,111.0,248.0,12.0,6.0,5.0,0.0,0.0,0.0,0.0,359.0,11.0,0.0,0.0,0.0,0.0,0.0,3336.0,248.0,111.0,359.0
Hainan,2017,0.0,81.6,0.0,0.0,4.0,0.0,0.0,0.0,0.0,0.0,0.0,0.0,3336.0,192.6,248.0,12.0,10.0,5.0,81.6,4.0,0.0,0.0,440.6,15.0,0.0,0.0,81.6,81.6,0.0,3336.0,248.0,192.6,440.6
Hainan,2018,0.0,120.7,0.0,0.0,5.0,0.0,0.0,0.0,0.0,0.0,0.0,0.0,3336.0,313.3,248.0,12.0,15.0,5.0,120.7,5.0,0.0,0.0,561.3,20.0,0.0,0.0,120.7,120.7,0.0,3336.0,248.0,313.3,561.3
Hainan,2019,0.0,47.3,0.0,0.0,3.0,0.0,0.0,0.0,0.0,0.0,0.0,0.0,3336.0,360.6,248.0,12.0,18.0,5.0,47.3,3.0,0.0,0.0,608.6,23.0,0.0,0.0,47.3,47.3,0.0,3336.0,248.0,360.6,608.6
Hainan,2020,0.0,347.0,0.0,0.0,4.0,0.0,276.0,0.0,0.0,2.0,0.0,0.0,3060.0,707.6,248.0,10.0,22.0,5.0,347.0,4.0,0.0,0.0,955.6,27.0,0.0,0.0,347.0,347.0,276.0,3060.0,248.0,707.6,955.6
Hainan,2021,0.0,300.0,0.0,0.0,3.0,0.0,0.0,0.0,0.0,0.0,0.0,0.0,3060.0,1007.6,248.0,10.0,25.0,5.0,300.0,3.0,0.0,0.0,1255.6,30.0,0.0,0.0,300.0,300.0,0.0,3060.0,248.0,1007.6,1255.6
Hainan,2022,0.0,400.0,0.0,0.0,5.0,0.0,0.0,0.0,0.0,0.0,0.0,0.0,3060.0,1407.6000000000001,248.0,10.0,30.0,5.0,400.0,5.0,0.0,0.0,1655.6000000000001,35.0,0.0,0.0,400.0,400.0,0.0,3060.0,248.0,1407.6000000000001,1655.6000000000001
Hainan,2023,0.0,830.0,20.0,0.0,9.0,1.0,0.0,0.0,0.0,0.0,0.0,0.0,3060.0,2237.6,268.0,10.0,39.0,6.0,850.0,10.0,0.0,0.0,2505.6,45.0,0.0,20.0,830.0,850.0,0.0,3060.0,268.0,2237.6,2505.6
Hebei,2000,786.0,0.0,0.0,4.0,0.0,0.0,0.0,0.0,0.0,0.0,0.0,0.0,13421.0,0.0,0.0,75.0,0.0,0.0,0.0,0.0,0.0,0.0,0.0,0.0,786.0,0.0,0.0,0.0,0.0,13421.0,0.0,0.0,0.0
Hebei,2001,1790.0,0.0,0.0,6.0,0.0,0.0,0.0,0.0,0.0,0.0,0.0,0.0,15211.0,0.0,0.0,81.0,0.0,0.0,0.0,0.0,0.0,0.0,0.0,0.0,1790.0,0.0,0.0,0.0,0.0,15211.0,0.0,0.0,0.0
Hebei,2002,0.0,0.0,0.0,0.0,0.0,0.0,0.0,0.0,0.0,0.0,0.0,0.0,15211.0,0.0,0.0,81.0,0.0,0.0,0.0,0.0,0.0,0.0,0.0,0.0,0.0,0.0,0.0,0.0,0.0,15211.0,0.0,0.0,0.0
Hebei,2003,625.0,0.0,0.0,5.0,0.0,0.0,0.0,0.0,0.0,0.0,0.0,0.0,15836.0,0.0,0.0,86.0,0.0,0.0,0.0,0.0,0.0,0.0,0.0,0.0,625.0,0.0,0.0,0.0,0.0,15836.0,0.0,0.0,0.0
Hebei,2004,1325.0,0.0,0.0,3.0,0.0,0.0,0.0,0.0,0.0,0.0,0.0,0.0,17161.0,0.0,0.0,89.0,0.0,0.0,0.0,0.0,0.0,0.0,0.0,0.0,1325.0,0.0,0.0,0.0,0.0,17161.0,0.0,0.0,0.0
Hebei,2005,3355.0,0.0,34.5,9.0,0.0,1.0,0.0,0.0,0.0,0.0,0.0,0.0,20516.0,0.0,34.5,98.0,0.0,1.0,34.5,1.0,0.0,0.0,34.5,1.0,3355.0,34.5,0.0,34.5,0.0,20516.0,34.5,0.0,34.5
Hebei,2006,2750.0,0.0,175.0,8.0,0.0,4.0,0.0,0.0,0.0,0.0,0.0,0.0,23266.0,0.0,209.5,106.0,0.0,5.0,175.0,4.0,0.0,0.0,209.5,5.0,2750.0,175.0,0.0,175.0,0.0,23266.0,209.5,0.0,209.5
Hebei,2007,3610.0,0.0,131.0,10.0,0.0,3.0,990.0,0.0,0.0,11.0,0.0,0.0,25886.0,0.0,340.5,105.0,0.0,8.0,131.0,3.0,0.0,0.0,340.5,8.0,3610.0,131.0,0.0,131.0,990.0,25886.0,340.5,0.0,340.5
Hebei,2008,2370.0,0.0,398.5,10.0,0.0,8.0,1210.0,0.0,0.0,11.0,0.0,0.0,27046.0,0.0,739.0,104.0,0.0,16.0,398.5,8.0,0.0,0.0,739.0,16.0,2370.0,398.5,0.0,398.5,1210.0,27046.0,739.0,0.0,739.0
Hebei,2009,5370.0,0.0,684.5,13.0,0.0,12.0,210.0,0.0,0.0,4.0,0.0,0.0,32316.0,0.0,1423.5,115.0,0.0,28.0,684.5,12.0,0.0,0.0,1423.5,28.0,5370.0,684.5,0.0,684.5,210.0,32316.0,1423.5,0.0,1423.5
Hebei,2010,2150.0,0.0,1464.0,7.0,0.0,17.0,420.0,0.0,0.0,3.0,0.0,0.0,34046.0,0.0,2887.5,119.0,0.0,45.0,1464.0,17.0,0.0,0.0,2887.5,45.0,2150.0,1464.0,0.0,1464.0,420.0,34046.0,2887.5,0.0,2887.5
Hebei,2011,1320.0,0.0,1245.0,4.0,0.0,22.0,0.0,0.0,0.0,0.0,0.0,0.0,35366.0,0.0,4132.5,123.0,0.0,67.0,1245.0,22.0,0.0,0.0,4132.5,67.0,1320.0,1245.0,0.0,1245.0,0.0,35366.0,4132.5,0.0,4132.5
Hebei,2012,1560.0,20.0,2398.0,6.0,1.0,39.0,305.0,0.0,0.0,4.0,0.0,0.0,36621.0,20.0,6530.5,125.0,1.0,106.0,2418.0,40.0,0.0,0.0,6550.5,107.0,1560.0,2398.0,20.0,2418.0,305.0,36621.0,6530.5,20.0,6550.5
Hebei,2013,1900.0,270.0,920.0,4.0,9.0,18.0,0.0,0.0,0.0,0.0,0.0,0.0,38521.0,290.0,7450.5,129.0,10.0,124.0,1190.0,27.0,0.0,0.0,7740.5,134.0,1900.0,920.0,270.0,1190.0,0.0,38521.0,7450.5,290.0,7740.5
Hebei,2014,735.0,698.7,1292.0,3.0,21.0,19.0,225.0,0.0,0.0,3.0,0.0,0.0,39031.0,988.7,8742.5,129.0,31.0,143.0,1990.7,40.0,0.0,0.0,9731.2,174.0,735.0,1292.0,698.7,1990.7,225.0,39031.0,8742.5,988.7,9731.2
Hebei,2015,1300.0,1277.1,1148.0,4.0,42.0,9.0,640.0,0.0,0.0,3.0,0.0,0.0,39691.0,2265.8,9890.5,130.0,73.0,152.0,2425.1,51.0,0.0,0.0,12156.3,225.0,1300.0,1148.0,1277.1,2425.1,640.0,39691.0,9890.5,2265.8,12156.3
Hebei,2016,1400.0,2316.0,1240.0,4.0,93.0,17.0,220.0,0.0,0.0,4.0,0.0,0.0,40871.0,4581.8,11130.5,130.0,166.0,169.0,3556.0,110.0,0.0,0.0,15712.3,335.0,1400.0,1240.0,2316.0,3556.0,220.0,40871.0,11130.5,4581.8,15712.3
Hebei,2017,1530.0,2779.1000000000004,1798.0,8.0,234.0,14.0,520.0,0.0,0.0,7.0,0.0,0.0,41981.0,7360.9,12928.5,133.0,400.0,183.0,4577.1,248.0,0.0,0.0,20289.4,583.0,1530.0,1798.0,2779.1000000000004,4577.1,520.0,41981.0,12928.5,7360.9,20289.4
Hebei,2018,1360.0,996.8999999999999,1261.0,3.0,38.0,16.0,520.0,0.0,0.0,4.0,0.0,0.0,42821.0,8357.800000000001,14189.5,132.0,438.0,199.0,2257.8999999999996,54.0,0.0,0.0,22547.300000000003,637.0,1360.0,1261.0,996.8999999999999,2257.8999999999996,520.0,42821.0,14189.5,8357.800000000001,22547.300000000003
Hebei,2019,3860.0,790.8,1940.0,9.0,18.0,24.0,400.0,0.0,0.0,2.0,0.0,0.0,46281.0,9148.599999999999,16129.5,139.0,456.0,223.0,2730.8,42.0,0.0,0.0,25278.1,679.0,3860.0,1940.0,790.8,2730.8,400.0,46281.0,16129.5,9148.599999999999,25278.1
Hebei,2020,2430.0,3004.7,3937.6,6.0,26.0,37.0,350.0,0.0,0.0,3.0,0.0,0.0,48361.0,12153.3,20067.1,142.0,482.0,260.0,6942.299999999999,63.0,0.0,0.0,32220.399999999998,742.0,2430.0,3937.6,3004.7,6942.299999999999,350.0,48361.0,20067.1,12153.3,32220.399999999998
Hebei,2021,0.0,2047.9,2807.0,0.0,23.0,25.0,250.0,0.0,0.0,1.0,0.0,0.0,48111.0,14201.2,22874.1,141.0,505.0,285.0,4854.9,48.0,0.0,0.0,37075.3,790.0,0.0,2807.0,2047.9,4854.9,250.0,48111.0,22874.1,14201.2,37075.3
Hebei,2022,0.0,2681.0,1603.3,0.0,21.0,18.0,220.0,0.0,0.0,1.0,0.0,0.0,47891.0,16882.2,24477.4,140.0,526.0,303.0,4284.3,39.0,0.0,0.0,41359.600000000006,829.0,0.0,1603.3,2681.0,4284.3,220.0,47891.0,24477.4,16882.2,41359.600000000006
Hebei,2023,1478.0,1430.0,1796.0,9.0,10.0,19.0,0.0,0.0,0.0,0.0,0.0,0.0,49369.0,18312.2,26273.4,149.0,536.0,322.0,3226.0,29.0,0.0,0.0,44585.600000000006,858.0,1478.0,1796.0,1430.0,3226.0,0.0,49369.0,26273.4,18312.2,44585.600000000006
Heilongjiang,2000,0.0,0.0,0.0,0.0,0.0,0.0,0.0,0.0,0.0,0.0,0.0,0.0,7870.0,0.0,0.0,55.0,0.0,0.0,0.0,0.0,0.0,0.0,0.0,0.0,0.0,0.0,0.0,0.0,0.0,7870.0,0.0,0.0,0.0
Heilongjiang,2001,350.0,0.0,0.0,1.0,0.0,0.0,0.0,0.0,0.0,0.0,0.0,0.0,8220.0,0.0,0.0,56.0,0.0,0.0,0.0,0.0,0.0,0.0,0.0,0.0,350.0,0.0,0.0,0.0,0.0,8220.0,0.0,0.0,0.0
Heilongjiang,2002,350.0,0.0,0.0,1.0,0.0,0.0,0.0,0.0,0.0,0.0,0.0,0.0,8570.0,0.0,0.0,57.0,0.0,0.0,0.0,0.0,0.0,0.0,0.0,0.0,350.0,0.0,0.0,0.0,0.0,8570.0,0.0,0.0,0.0
Heilongjiang,2003,250.0,0.0,0.0,2.0,0.0,0.0,0.0,0.0,0.0,0.0,0.0,0.0,8820.0,0.0,0.0,59.0,0.0,0.0,0.0,0.0,0.0,0.0,0.0,0.0,250.0,0.0,0.0,0.0,0.0,8820.0,0.0,0.0,0.0
Heilongjiang,2004,100.0,0.0,0.0,1.0,0.0,0.0,0.0,0.0,0.0,0.0,0.0,0.0,8920.0,0.0,0.0,60.0,0.0,0.0,0.0,0.0,0.0,0.0,0.0,0.0,100.0,0.0,0.0,0.0,0.0,8920.0,0.0,0.0,0.0
Heilongjiang,2005,330.0,0.0,16.0,1.0,0.0,1.0,0.0,0.0,0.0,0.0,0.0,0.0,9250.0,0.0,16.0,61.0,0.0,1.0,16.0,1.0,0.0,0.0,16.0,1.0,330.0,16.0,0.0,16.0,0.0,9250.0,16.0,0.0,16.0
Heilongjiang,2006,700.0,0.0,31.0,3.0,0.0,1.0,100.0,0.0,0.0,2.0,0.0,0.0,9850.0,0.0,47.0,62.0,0.0,2.0,31.0,1.0,0.0,0.0,47.0,2.0,700.0,31.0,0.0,31.0,100.0,9850.0,47.0,0.0,47.0
Heilongjiang,2007,2100.0,0.0,144.0,5.0,0.0,4.0,200.0,0.0,0.0,3.0,0.0,0.0,11750.0,0.0,191.0,64.0,0.0,6.0,144.0,4.0,0.0,0.0,191.0,6.0,2100.0,144.0,0.0,144.0,200.0,11750.0,191.0,0.0,191.0
Heilongjiang,2008,2400.0,0.0,440.0,5.0,0.0,9.0,0.0,0.0,0.0,0.0,0.0,0.0,14150.0,0.0,631.0,69.0,0.0,15.0,440.0,9.0,0.0,0.0,631.0,15.0,2400.0,440.0,0.0,440.0,0.0,14150.0,631.0,0.0,631.0
Heilongjiang,2009,100.0,0.0,386.0,2.0,0.0,10.0,400.0,0.0,0.0,4.0,0.0,0.0,13850.0,0.0,1017.0,67.0,0.0,25.0,386.0,10.0,0.0,0.0,1017.0,25.0,100.0,386.0,0.0,386.0,400.0,13850.0,1017.0,0.0,1017.0
Heilongjiang,2010,900.0,0.0,895.0,3.0,0.0,20.0,800.0,0.0,0.0,8.0,0.0,0.0,13950.0,0.0,1912.0,62.0,0.0,45.0,895.0,20.0,0.0,0.0,1912.0,45.0,900.0,895.0,0.0,895.0,800.0,13950.0,1912.0,0.0,1912.0
Heilongjiang,2011,900.0,0.0,600.0,3.0,0.0,13.0,50.0,0.0,0.0,1.0,0.0,0.0,14800.0,0.0,2512.0,64.0,0.0,58.0,600.0,13.0,0.0,0.0,2512.0,58.0,900.0,600.0,0.0,600.0,50.0,14800.0,2512.0,0.0,2512.0
Heilongjiang,2012,75.0,0.0,842.0,1.0,0.0,17.0,420.0,0.0,0.0,2.0,0.0,0.0,14455.0,0.0,3354.0,63.0,0.0,75.0,842.0,17.0,0.0,0.0,3354.0,75.0,75.0,842.0,0.0,842.0,420.0,14455.0,3354.0,0.0,3354.0
Heilongjiang,2013,1350.0,9.9,786.0,4.0,1.0,16.0,0.0,0.0,0.0,0.0,0.0,0.0,15805.0,9.9,4140.0,67.0,1.0,91.0,795.9,17.0,0.0,0.0,4149.9,92.0,1350.0,786.0,9.9,795.9,0.0,15805.0,4140.0,9.9,4149.9
Heilongjiang,2014,450.0,0.0,550.0,3.0,0.0,11.0,0.0,0.0,0.0,0.0,0.0,0.0,16255.0,9.9,4690.0,70.0,1.0,102.0,550.0,11.0,0.0,0.0,4699.9,103.0,450.0,550.0,0.0,550.0,0.0,16255.0,4690.0,9.9,4699.9
Heilongjiang,2015,700.0,0.0,343.0,2.0,0.0,7.0,0.0,0.0,0.0,0.0,0.0,0.0,16955.0,9.9,5033.0,72.0,1.0,109.0,343.0,7.0,0.0,0.0,5042.9,110.0,700.0,343.0,0.0,343.0,0.0,16955.0,5033.0,9.9,5042.9
Heilongjiang,2016,350.0,126.6,596.0,1.0,15.0,12.0,0.0,0.0,0.0,0.0,0.0,0.0,17305.0,136.5,5629.0,73.0,16.0,121.0,722.6,27.0,0.0,0.0,5765.5,137.0,350.0,596.0,126.6,722.6,0.0,17305.0,5629.0,136.5,5765.5
Heilongjiang,2017,1100.0,473.8,0.0,4.0,38.0,0.0,0.0,0.0,0.0,0.0,0.0,0.0,18405.0,610.3,5629.0,77.0,54.0,121.0,473.8,38.0,0.0,0.0,6239.3,175.0,1100.0,0.0,473.8,473.8,0.0,18405.0,5629.0,610.3,6239.3
Heilongjiang,2018,50.0,365.5,50.0,1.0,15.0,1.0,200.0,0.0,0.0,1.0,0.0,0.0,18255.0,975.8000000000001,5679.0,77.0,69.0,122.0,415.5,16.0,0.0,0.0,6654.8,191.0,50.0,50.0,365.5,415.5,200.0,18255.0,5679.0,975.8000000000001,6654.8
Heilongjiang,2019,155.0,1020.0,198.0,4.0,4.0,1.0,210.0,0.0,0.0,1.0,0.0,0.0,18200.0,1995.8,5877.0,80.0,73.0,123.0,1218.0,5.0,0.0,0.0,7872.8,196.0,155.0,198.0,1020.0,1218.0,210.0,18200.0,5877.0,1995.8,7872.8
Heilongjiang,2020,1306.0,300.0,247.0,4.0,3.0,4.0,215.0,0.0,0.0,1.0,0.0,0.0,19291.0,2295.8,6124.0,83.0,76.0,127.0,547.0,7.0,0.0,0.0,8419.8,203.0,1306.0,247.0,300.0,547.0,215.0,19291.0,6124.0,2295.8,8419.8
Heilongjiang,2021,320.0,1050.0,1321.0,3.0,9.0,12.0,0.0,0.0,0.0,0.0,0.0,0.0,19611.0,3345.7999999999997,7445.0,86.0,85.0,139.0,2371.0,21.0,0.0,0.0,10790.8,224.0,320.0,1321.0,1050.0,2371.0,0.0,19611.0,7445.0,3345.7999999999997,10790.8
Heilongjiang,2022,100.0,487.3,1045.0,1.0,5.0,10.0,0.0,0.0,0.0,0.0,0.0,0.0,19711.0,3833.1000000000004,8490.0,87.0,90.0,149.0,1532.3,15.0,0.0,0.0,12323.1,239.0,100.0,1045.0,487.3,1532.3,0.0,19711.0,8490.0,3833.1000000000004,12323.1
Heilongjiang,2023,0.0,599.7,350.0,0.0,5.0,3.0,0.0,0.0,0.0,0.0,0.0,0.0,19711.0,4432.8,8840.0,87.0,95.0,152.0,949.7,8.0,0.0,0.0,13272.8,247.0,0.0,350.0,599.7,949.7,0.0,19711.0,8840.0,4432.8,13272.8
Henan,2000,0.0,0.0,0.0,0.0,0.0,0.0,0.0,0.0,0.0,0.0,0.0,0.0,10980.0,0.0,0.0,76.0,0.0,0.0,0.0,0.0,0.0,0.0,0.0,0.0,0.0,0.0,0.0,0.0,0.0,10980.0,0.0,0.0,0.0
Henan,2001,1530.0,0.0,0.0,6.0,0.0,0.0,0.0,0.0,0.0,0.0,0.0,0.0,12510.0,0.0,0.0,82.0,0.0,0.0,0.0,0.0,0.0,0.0,0.0,0.0,1530.0,0.0,0.0,0.0,0.0,12510.0,0.0,0.0,0.0
Henan,2002,405.0,0.0,0.0,3.0,0.0,0.0,0.0,0.0,0.0,0.0,0.0,0.0,12915.0,0.0,0.0,85.0,0.0,0.0,0.0,0.0,0.0,0.0,0.0,0.0,405.0,0.0,0.0,0.0,0.0,12915.0,0.0,0.0,0.0
Henan,2003,1545.0,0.0,0.0,9.0,0.0,0.0,0.0,0.0,0.0,0.0,0.0,0.0,14460.0,0.0,0.0,94.0,0.0,0.0,0.0,0.0,0.0,0.0,0.0,0.0,1545.0,0.0,0.0,0.0,0.0,14460.0,0.0,0.0,0.0
Henan,2004,4055.0,0.0,0.0,22.0,0.0,0.0,100.0,0.0,0.0,2.0,0.0,0.0,18515.0,0.0,0.0,116.0,0.0,0.0,0.0,0.0,0.0,0.0,0.0,0.0,4055.0,0.0,0.0,0.0,100.0,18515.0,0.0,0.0,0.0
Henan,2005,3725.0,0.0,0.0,22.0,0.0,0.0,50.0,0.0,0.0,1.0,0.0,0.0,22190.0,0.0,0.0,137.0,0.0,0.0,0.0,0.0,0.0,0.0,0.0,0.0,3725.0,0.0,0.0,0.0,50.0,22190.0,0.0,0.0,0.0
Henan,2006,6215.0,0.0,0.0,23.0,0.0,0.0,0.0,0.0,0.0,0.0,0.0,0.0,28405.0,0.0,0.0,160.0,0.0,0.0,0.0,0.0,0.0,0.0,0.0,0.0,6215.0,0.0,0.0,0.0,0.0,28405.0,0.0,0.0,0.0
Henan,2007,6885.0,0.0,0.0,19.0,0.0,0.0,890.0,0.0,0.0,12.0,0.0,0.0,34510.0,0.0,0.0,169.0,0.0,0.0,0.0,0.0,0.0,0.0,0.0,0.0,6885.0,0.0,0.0,0.0,890.0,34510.0,0.0,0.0,0.0
Henan,2008,5320.0,0.0,25.0,17.0,0.0,1.0,1380.0,0.0,0.0,12.0,0.0,0.0,38450.0,0.0,25.0,174.0,0.0,1.0,25.0,1.0,0.0,0.0,25.0,1.0,5320.0,25.0,0.0,25.0,1380.0,38450.0,25.0,0.0,25.0
Henan,2009,3755.0,0.0,23.0,7.0,0.0,1.0,860.0,0.0,0.0,13.0,0.0,0.0,41505.0,0.0,48.0,171.0,0.0,2.0,23.0,1.0,0.0,0.0,48.0,2.0,3755.0,23.0,0.0,23.0,860.0,41505.0,48.0,0.0,48.0
Henan,2010,4105.0,0.0,0.0,7.0,0.0,0.0,1665.0,0.0,0.0,11.0,0.0,0.0,43945.0,0.0,48.0,167.0,0.0,2.0,0.0,0.0,0.0,0.0,48.0,2.0,4105.0,0.0,0.0,0.0,1665.0,43945.0,48.0,0.0,48.0
Henan,2011,4690.0,0.0,129.0,11.0,0.0,3.0,250.0,0.0,0.0,2.0,0.0,0.0,48385.0,0.0,177.0,176.0,0.0,5.0,129.0,3.0,0.0,0.0,177.0,5.0,4690.0,129.0,0.0,129.0,250.0,48385.0,177.0,0.0,177.0
Henan,2012,4680.0,0.0,228.0,6.0,0.0,7.0,200.0,0.0,0.0,2.0,0.0,0.0,52865.0,0.0,405.0,180.0,0.0,12.0,228.0,7.0,0.0,0.0,405.0,12.0,4680.0,228.0,0.0,228.0,200.0,52865.0,405.0,0.0,405.0
Henan,2013,2690.0,25.0,50.0,5.0,1.0,1.0,555.0,0.0,0.0,5.0,0.0,0.0,55245.0,25.0,455.0,183.0,1.0,13.0,75.0,2.0,0.0,0.0,480.0,14.0,2690.0,50.0,25.0,75.0,555.0,55245.0,455.0,25.0,480.0
Henan,2014,660.0,0.0,272.0,1.0,0.0,6.0,450.0,0.0,0.0,5.0,0.0,0.0,55455.0,25.0,727.0,179.0,1.0,19.0,272.0,6.0,0.0,0.0,752.0,20.0,660.0,272.0,0.0,272.0,450.0,55455.0,727.0,25.0,752.0
Henan,2015,5320.0,145.2,322.0,9.0,5.0,7.0,1150.0,0.0,0.0,6.0,0.0,0.0,59625.0,170.2,1049.0,182.0,6.0,26.0,467.2,12.0,0.0,0.0,1219.2,32.0,5320.0,322.0,145.2,467.2,1150.0,59625.0,1049.0,170.2,1219.2
Henan,2016,700.0,2072.1,130.0,2.0,56.0,3.0,1720.0,0.0,0.0,17.0,0.0,0.0,58605.0,2242.3,1179.0,167.0,62.0,29.0,2202.1,59.0,0.0,0.0,3421.3,91.0,700.0,130.0,2072.1,2202.1,1720.0,58605.0,1179.0,2242.3,3421.3
Henan,2017,1660.0,2130.0,658.0,2.0,235.0,12.0,1025.0,0.0,0.0,8.0,0.0,0.0,59240.0,4372.3,1837.0,161.0,297.0,41.0,2788.0,247.0,0.0,0.0,6209.3,338.0,1660.0,658.0,2130.0,2788.0,1025.0,59240.0,1837.0,4372.3,6209.3
Henan,2018,2210.0,476.4,963.0,4.0,21.0,16.0,495.0,0.0,0.0,3.0,0.0,0.0,60955.0,4848.7,2800.0,162.0,318.0,57.0,1439.4,37.0,0.0,0.0,7648.7,375.0,2210.0,963.0,476.4,1439.4,495.0,60955.0,2800.0,4848.7,7648.7
Henan,2019,3990.0,43.400000000000006,2215.0,6.0,15.0,40.0,1245.0,0.0,0.0,9.0,0.0,0.0,63700.0,4892.1,5015.0,159.0,333.0,97.0,2258.4,55.0,0.0,0.0,9907.1,430.0,3990.0,2215.0,43.400000000000006,2258.4,1245.0,63700.0,5015.0,4892.1,9907.1
Henan,2020,2350.0,49.1,7140.0,3.0,3.0,113.0,2050.0,0.0,0.0,14.0,0.0,0.0,64000.0,4941.200000000001,12155.0,148.0,336.0,210.0,7189.1,116.0,0.0,0.0,17096.2,546.0,2350.0,7140.0,49.1,7189.1,2050.0,64000.0,12155.0,4941.200000000001,17096.2
Henan,2021,1350.0,375.0,2854.7,2.0,5.0,69.0,0.0,0.0,0.0,0.0,0.0,0.0,65350.0,5316.2,15009.7,150.0,341.0,279.0,3229.7,74.0,0.0,0.0,20325.9,620.0,1350.0,2854.7,375.0,3229.7,0.0,65350.0,15009.7,5316.2,20325.9
Henan,2022,50.0,40.0,1653.2,1.0,1.0,50.0,0.0,0.0,0.0,0.0,0.0,0.0,65400.0,5356.199999999999,16662.9,151.0,342.0,329.0,1693.2,51.0,0.0,0.0,22019.1,671.0,50.0,1653.2,40.0,1693.2,0.0,65400.0,16662.9,5356.199999999999,22019.1
Henan,2023,600.0,150.0,1594.0,1.0,1.0,31.0,0.0,0.0,0.0,0.0,0.0,0.0,66000.0,5506.2,18256.9,152.0,343.0,360.0,1744.0,32.0,0.0,0.0,23763.100000000002,703.0,600.0,1594.0,150.0,1744.0,0.0,66000.0,18256.9,5506.2,23763.100000000002
Hubei,2000,555.0,0.0,0.0,3.0,0.0,0.0,0.0,0.0,0.0,0.0,0.0,0.0,7703.0,0.0,0.0,42.0,0.0,0.0,0.0,0.0,0.0,0.0,0.0,0.0,555.0,0.0,0.0,0.0,0.0,7703.0,0.0,0.0,0.0
Hubei,2001,0.0,0.0,0.0,0.0,0.0,0.0,0.0,0.0,0.0,0.0,0.0,0.0,7703.0,0.0,0.0,42.0,0.0,0.0,0.0,0.0,0.0,0.0,0.0,0.0,0.0,0.0,0.0,0.0,0.0,7703.0,0.0,0.0,0.0
Hubei,2002,0.0,0.0,0.0,0.0,0.0,0.0,0.0,0.0,0.0,0.0,0.0,0.0,7703.0,0.0,0.0,42.0,0.0,0.0,0.0,0.0,0.0,0.0,0.0,0.0,0.0,0.0,0.0,0.0,0.0,7703.0,0.0,0.0,0.0
Hubei,2003,0.0,0.0,0.0,0.0,0.0,0.0,0.0,0.0,0.0,0.0,0.0,0.0,7703.0,0.0,0.0,42.0,0.0,0.0,0.0,0.0,0.0,0.0,0.0,0.0,0.0,0.0,0.0,0.0,0.0,7703.0,0.0,0.0,0.0
Hubei,2004,1380.0,0.0,0.0,5.0,0.0,0.0,0.0,0.0,0.0,0.0,0.0,0.0,9083.0,0.0,0.0,47.0,0.0,0.0,0.0,0.0,0.0,0.0,0.0,0.0,1380.0,0.0,0.0,0.0,0.0,9083.0,0.0,0.0,0.0
Hubei,2005,120.0,0.0,0.0,2.0,0.0,0.0,0.0,0.0,0.0,0.0,0.0,0.0,9203.0,0.0,0.0,49.0,0.0,0.0,0.0,0.0,0.0,0.0,0.0,0.0,120.0,0.0,0.0,0.0,0.0,9203.0,0.0,0.0,0.0
Hubei,2006,3840.0,0.0,0.0,6.0,0.0,0.0,100.0,0.0,0.0,2.0,0.0,0.0,12943.0,0.0,0.0,53.0,0.0,0.0,0.0,0.0,0.0,0.0,0.0,0.0,3840.0,0.0,0.0,0.0,100.0,12943.0,0.0,0.0,0.0
Hubei,2007,0.0,0.0,14.0,0.0,0.0,1.0,300.0,0.0,0.0,5.0,0.0,0.0,12643.0,0.0,14.0,48.0,0.0,1.0,14.0,1.0,0.0,0.0,14.0,1.0,0.0,14.0,0.0,14.0,300.0,12643.0,14.0,0.0,14.0
Hubei,2008,1280.0,0.0,0.0,2.0,0.0,0.0,300.0,0.0,0.0,3.0,0.0,0.0,13623.0,0.0,14.0,47.0,0.0,1.0,0.0,0.0,0.0,0.0,14.0,1.0,1280.0,0.0,0.0,0.0,300.0,13623.0,14.0,0.0,14.0
Hubei,2009,2620.0,0.0,0.0,6.0,0.0,0.0,115.0,0.0,0.0,2.0,0.0,0.0,16128.0,0.0,14.0,51.0,0.0,1.0,0.0,0.0,0.0,0.0,14.0,1.0,2620.0,0.0,0.0,0.0,115.0,16128.0,14.0,0.0,14.0
Hubei,2010,1010.0,1.2,30.0,2.0,1.0,1.0,325.0,0.0,0.0,3.0,0.0,0.0,16813.0,1.2,44.0,50.0,1.0,2.0,31.2,2.0,0.0,0.0,45.2,3.0,1010.0,30.0,1.2,31.2,325.0,16813.0,44.0,1.2,45.2
Hubei,2011,0.0,0.0,71.0,0.0,0.0,2.0,0.0,0.0,0.0,0.0,0.0,0.0,16813.0,1.2,115.0,50.0,1.0,4.0,71.0,2.0,0.0,0.0,116.2,5.0,0.0,71.0,0.0,71.0,0.0,16813.0,115.0,1.2,116.2
Hubei,2012,2940.0,0.0,148.0,7.0,0.0,3.0,440.0,0.0,0.0,2.0,0.0,0.0,19313.0,1.2,263.0,55.0,1.0,7.0,148.0,3.0,0.0,0.0,264.2,8.0,2940.0,148.0,0.0,148.0,440.0,19313.0,263.0,1.2,264.2
Hubei,2013,1000.0,5.3,392.0,1.0,1.0,8.0,200.0,0.0,0.0,1.0,0.0,0.0,20113.0,6.5,655.0,55.0,2.0,15.0,397.3,9.0,0.0,0.0,661.5,17.0,1000.0,392.0,5.3,397.3,200.0,20113.0,655.0,6.5,661.5
Hubei,2014,2130.0,2.1,334.0,6.0,1.0,8.0,0.0,0.0,0.0,0.0,0.0,0.0,22243.0,8.6,989.0,61.0,3.0,23.0,336.1,9.0,0.0,0.0,997.6,26.0,2130.0,334.0,2.1,336.1,0.0,22243.0,989.0,8.6,997.6
Hubei,2015,350.0,493.5,548.0,1.0,11.0,11.0,0.0,0.0,0.0,0.0,0.0,0.0,22593.0,502.1,1537.0,62.0,14.0,34.0,1041.5,22.0,0.0,0.0,2039.1,48.0,350.0,548.0,493.5,1041.5,0.0,22593.0,1537.0,502.1,2039.1
Hubei,2016,1000.0,1328.3000000000002,384.0,1.0,41.0,6.0,0.0,0.0,0.0,0.0,0.0,0.0,23593.0,1830.4,1921.0,63.0,55.0,40.0,1712.3000000000002,47.0,0.0,0.0,3751.4,95.0,1000.0,384.0,1328.3000000000002,1712.3000000000002,0.0,23593.0,1921.0,1830.4,3751.4
Hubei,2017,765.0,1717.1999999999998,422.0,4.0,156.0,7.0,200.0,0.0,0.0,1.0,0.0,0.0,24158.0,3547.6,2343.0,66.0,211.0,47.0,2139.2,163.0,0.0,0.0,5890.6,258.0,765.0,422.0,1717.1999999999998,2139.2,200.0,24158.0,2343.0,3547.6,5890.6
Hubei,2018,1070.0,229.3,726.0,4.0,17.0,13.0,0.0,0.0,0.0,0.0,0.0,0.0,25228.0,3776.9000000000005,3069.0,70.0,228.0,60.0,955.3,30.0,0.0,0.0,6845.900000000001,288.0,1070.0,726.0,229.3,955.3,0.0,25228.0,3069.0,3776.9000000000005,6845.900000000001
Hubei,2019,2470.0,1156.2999999999997,673.0,5.0,31.0,13.0,150.0,0.0,0.0,3.0,0.0,0.0,27548.0,4933.2,3742.0,72.0,259.0,73.0,1829.2999999999997,44.0,0.0,0.0,8675.2,332.0,2470.0,673.0,1156.2999999999997,1829.2999999999997,150.0,27548.0,3742.0,4933.2,8675.2
Hubei,2020,1440.0,653.1,807.2,4.0,9.0,13.0,0.0,0.0,0.0,0.0,0.0,0.0,28988.0,5586.299999999999,4549.2,76.0,268.0,86.0,1460.3000000000002,22.0,0.0,0.0,10135.5,354.0,1440.0,807.2,653.1,1460.3000000000002,0.0,28988.0,4549.2,5586.299999999999,10135.5
Hubei,2021,60.0,1755.5,1590.5,2.0,24.0,27.0,0.0,0.0,0.0,0.0,0.0,0.0,29048.0,7341.800000000001,6139.7,78.0,292.0,113.0,3346.0,51.0,0.0,0.0,13481.5,405.0,60.0,1590.5,1755.5,3346.0,0.0,29048.0,6139.7,7341.800000000001,13481.5
Hubei,2022,1320.0,4604.0,462.4,2.0,38.0,6.0,0.0,0.0,0.0,0.0,0.0,0.0,30368.0,11945.8,6602.1,80.0,330.0,119.0,5066.4,44.0,0.0,0.0,18547.9,449.0,1320.0,462.4,4604.0,5066.4,0.0,30368.0,6602.1,11945.8,18547.9
Hubei,2023,4020.0,6253.0,580.0,6.0,53.0,6.0,0.0,0.0,0.0,0.0,0.0,0.0,34388.0,18198.8,7182.1,86.0,383.0,125.0,6833.0,59.0,0.0,0.0,25380.9,508.0,4020.0,580.0,6253.0,6833.0,0.0,34388.0,7182.1,18198.8,25380.9
Hunan,2000,330.0,0.0,0.0,1.0,0.0,0.0,0.0,0.0,0.0,0.0,0.0,0.0,3675.0,0.0,0.0,19.0,0.0,0.0,0.0,0.0,0.0,0.0,0.0,0.0,330.0,0.0,0.0,0.0,0.0,3675.0,0.0,0.0,0.0
Hunan,2001,330.0,0.0,0.0,1.0,0.0,0.0,0.0,0.0,0.0,0.0,0.0,0.0,4005.0,0.0,0.0,20.0,0.0,0.0,0.0,0.0,0.0,0.0,0.0,0.0,330.0,0.0,0.0,0.0,0.0,4005.0,0.0,0.0,0.0
Hunan,2002,0.0,0.0,0.0,0.0,0.0,0.0,0.0,0.0,0.0,0.0,0.0,0.0,4005.0,0.0,0.0,20.0,0.0,0.0,0.0,0.0,0.0,0.0,0.0,0.0,0.0,0.0,0.0,0.0,0.0,4005.0,0.0,0.0,0.0
Hunan,2003,630.0,0.0,0.0,2.0,0.0,0.0,0.0,0.0,0.0,0.0,0.0,0.0,4635.0,0.0,0.0,22.0,0.0,0.0,0.0,0.0,0.0,0.0,0.0,0.0,630.0,0.0,0.0,0.0,0.0,4635.0,0.0,0.0,0.0
Hunan,2004,1280.0,0.0,0.0,4.0,0.0,0.0,0.0,0.0,0.0,0.0,0.0,0.0,5915.0,0.0,0.0,26.0,0.0,0.0,0.0,0.0,0.0,0.0,0.0,0.0,1280.0,0.0,0.0,0.0,0.0,5915.0,0.0,0.0,0.0
Hunan,2005,360.0,0.0,0.0,2.0,0.0,0.0,0.0,0.0,0.0,0.0,0.0,0.0,6275.0,0.0,0.0,28.0,0.0,0.0,0.0,0.0,0.0,0.0,0.0,0.0,360.0,0.0,0.0,0.0,0.0,6275.0,0.0,0.0,0.0
Hunan,2006,2860.0,0.0,0.0,8.0,0.0,0.0,0.0,0.0,0.0,0.0,0.0,0.0,9135.0,0.0,0.0,36.0,0.0,0.0,0.0,0.0,0.0,0.0,0.0,0.0,2860.0,0.0,0.0,0.0,0.0,9135.0,0.0,0.0,0.0
Hunan,2007,4330.0,0.0,0.0,7.0,0.0,0.0,410.0,0.0,0.0,5.0,0.0,0.0,13115.0,0.0,0.0,39.0,0.0,0.0,0.0,0.0,0.0,0.0,0.0,0.0,4330.0,0.0,0.0,0.0,410.0,13115.0,0.0,0.0,0.0
Hunan,2008,750.0,0.0,0.0,3.0,0.0,0.0,250.0,0.0,0.0,2.0,0.0,0.0,13615.0,0.0,0.0,40.0,0.0,0.0,0.0,0.0,0.0,0.0,0.0,0.0,750.0,0.0,0.0,0.0,250.0,13615.0,0.0,0.0,0.0
Hunan,2009,1370.0,0.0,0.0,5.0,0.0,0.0,0.0,0.0,0.0,0.0,0.0,0.0,14985.0,0.0,0.0,45.0,0.0,0.0,0.0,0.0,0.0,0.0,0.0,0.0,1370.0,0.0,0.0,0.0,0.0,14985.0,0.0,0.0,0.0
Hunan,2010,100.0,0.0,36.0,2.0,0.0,1.0,0.0,0.0,0.0,0.0,0.0,0.0,15085.0,0.0,36.0,47.0,0.0,1.0,36.0,1.0,0.0,0.0,36.0,1.0,100.0,36.0,0.0,36.0,0.0,15085.0,36.0,0.0,36.0
Hunan,2011,1260.0,0.0,0.0,2.0,0.0,0.0,0.0,0.0,0.0,0.0,0.0,0.0,16345.0,0.0,36.0,49.0,0.0,1.0,0.0,0.0,0.0,0.0,36.0,1.0,1260.0,0.0,0.0,0.0,0.0,16345.0,36.0,0.0,36.0
Hunan,2012,1260.0,0.0,194.0,2.0,0.0,4.0,0.0,0.0,0.0,0.0,0.0,0.0,17605.0,0.0,230.0,51.0,0.0,5.0,194.0,4.0,0.0,0.0,230.0,5.0,1260.0,194.0,0.0,194.0,0.0,17605.0,230.0,0.0,230.0
Hunan,2013,0.0,0.0,184.0,0.0,0.0,4.0,130.0,0.0,0.0,2.0,0.0,0.0,17475.0,0.0,414.0,49.0,0.0,9.0,184.0,4.0,0.0,0.0,414.0,9.0,0.0,184.0,0.0,184.0,130.0,17475.0,414.0,0.0,414.0
Hunan,2014,0.0,0.0,386.0,0.0,0.0,8.0,120.0,0.0,0.0,2.0,0.0,0.0,17355.0,0.0,800.0,47.0,0.0,17.0,386.0,8.0,0.0,0.0,800.0,17.0,0.0,386.0,0.0,386.0,120.0,17355.0,800.0,0.0,800.0
Hunan,2015,1320.0,0.0,810.0,2.0,0.0,15.0,0.0,0.0,0.0,0.0,0.0,0.0,18675.0,0.0,1610.0,49.0,0.0,32.0,810.0,15.0,0.0,0.0,1610.0,32.0,1320.0,810.0,0.0,810.0,0.0,18675.0,1610.0,0.0,1610.0
Hunan,2016,1260.0,20.8,644.0,2.0,7.0,13.0,870.0,0.0,0.0,4.0,0.0,0.0,19065.0,20.8,2254.0,47.0,7.0,45.0,664.8,20.0,0.0,0.0,2274.8,52.0,1260.0,644.0,20.8,664.8,870.0,19065.0,2254.0,20.8,2274.8
Hunan,2017,0.0,810.5000000000001,420.0,0.0,99.0,9.0,0.0,0.0,0.0,0.0,0.0,0.0,19065.0,831.3000000000001,2674.0,47.0,106.0,54.0,1230.5,108.0,0.0,0.0,3505.3,160.0,0.0,420.0,810.5000000000001,1230.5,0.0,19065.0,2674.0,831.3000000000001,3505.3
Hunan,2018,0.0,235.3,698.0,0.0,31.0,13.0,0.0,0.0,0.0,0.0,0.0,0.0,19065.0,1066.6,3372.0,47.0,137.0,67.0,933.3,44.0,0.0,0.0,4438.6,204.0,0.0,698.0,235.3,933.3,0.0,19065.0,3372.0,1066.6,4438.6
Hunan,2019,0.0,607.0,857.0,0.0,26.0,17.0,180.0,0.0,0.0,3.0,0.0,0.0,18885.0,1673.6,4229.0,44.0,163.0,84.0,1464.0,43.0,0.0,0.0,5902.6,247.0,0.0,857.0,607.0,1464.0,180.0,18885.0,4229.0,1673.6,5902.6
Hunan,2020,0.0,180.0,2592.3,0.0,3.0,47.0,60.0,0.0,0.0,1.0,0.0,0.0,18825.0,1853.6000000000004,6821.3,43.0,166.0,131.0,2772.3,50.0,0.0,0.0,8674.900000000001,297.0,0.0,2592.3,180.0,2772.3,60.0,18825.0,6821.3,1853.6000000000004,8674.900000000001
Hunan,2021,2100.0,295.0,848.1,2.0,4.0,18.0,0.0,0.0,0.0,0.0,0.0,0.0,20925.0,2148.6000000000004,7669.4,45.0,170.0,149.0,1143.1,22.0,0.0,0.0,9818.0,319.0,2100.0,848.1,295.0,1143.1,0.0,20925.0,7669.4,2148.6000000000004,9818.0
Hunan,2022,1000.0,780.0,1034.2,1.0,12.0,21.0,420.0,0.0,0.0,2.0,0.0,0.0,21505.0,2928.6000000000004,8703.6,44.0,182.0,170.0,1814.2,33.0,0.0,0.0,11632.2,352.0,1000.0,1034.2,780.0,1814.2,420.0,21505.0,8703.6,2928.6000000000004,11632.2
Hunan,2023,3060.0,910.0,541.9,4.0,12.0,10.0,0.0,0.0,0.0,0.0,0.0,0.0,24565.0,3838.5999999999995,9245.5,48.0,194.0,180.0,1451.9,22.0,0.0,0.0,13084.099999999999,374.0,3060.0,541.9,910.0,1451.9,0.0,24565.0,9245.5,3838.5999999999995,13084.099999999999
Jiangsu,2000,1055.0,0.0,0.0,5.0,0.0,0.0,0.0,0.0,0.0,0.0,0.0,0.0,16339.0,0.0,0.0,91.0,0.0,0.0,0.0,0.0,0.0,0.0,0.0,0.0,1055.0,0.0,0.0,0.0,0.0,16339.0,0.0,0.0,0.0
Jiangsu,2001,710.0,0.0,0.0,4.0,0.0,0.0,0.0,0.0,0.0,0.0,0.0,0.0,17049.0,0.0,0.0,95.0,0.0,0.0,0.0,0.0,0.0,0.0,0.0,0.0,710.0,0.0,0.0,0.0,0.0,17049.0,0.0,0.0,0.0
Jiangsu,2002,330.0,0.0,0.0,1.0,0.0,0.0,0.0,0.0,0.0,0.0,0.0,0.0,17379.0,0.0,0.0,96.0,0.0,0.0,0.0,0.0,0.0,0.0,0.0,0.0,330.0,0.0,0.0,0.0,0.0,17379.0,0.0,0.0,0.0
Jiangsu,2003,1670.0,0.0,0.0,16.0,0.0,0.0,0.0,0.0,0.0,0.0,0.0,0.0,19049.0,0.0,0.0,112.0,0.0,0.0,0.0,0.0,0.0,0.0,0.0,0.0,1670.0,0.0,0.0,0.0,0.0,19049.0,0.0,0.0,0.0
Jiangsu,2004,4146.0,0.0,0.0,23.0,0.0,0.0,0.0,0.0,0.0,0.0,0.0,0.0,23195.0,0.0,0.0,135.0,0.0,0.0,0.0,0.0,0.0,0.0,0.0,0.0,4146.0,0.0,0.0,0.0,0.0,23195.0,0.0,0.0,0.0
Jiangsu,2005,8336.0,0.0,0.0,35.0,0.0,0.0,0.0,0.0,0.0,0.0,0.0,0.0,31531.0,0.0,0.0,170.0,0.0,0.0,0.0,0.0,0.0,0.0,0.0,0.0,8336.0,0.0,0.0,0.0,0.0,31531.0,0.0,0.0,0.0
Jiangsu,2006,9585.0,0.0,0.0,23.0,0.0,0.0,0.0,0.0,0.0,0.0,0.0,0.0,41116.0,0.0,0.0,193.0,0.0,0.0,0.0,0.0,0.0,0.0,0.0,0.0,9585.0,0.0,0.0,0.0,0.0,41116.0,0.0,0.0,0.0
Jiangsu,2007,2940.0,0.0,100.0,6.0,0.0,1.0,400.0,0.0,0.0,5.0,0.0,0.0,43656.0,0.0,100.0,194.0,0.0,1.0,100.0,1.0,0.0,0.0,100.0,1.0,2940.0,100.0,0.0,100.0,400.0,43656.0,100.0,0.0,100.0
Jiangsu,2008,1367.0,0.0,250.0,10.0,0.0,3.0,1450.0,0.0,0.0,10.0,0.0,0.0,43573.0,0.0,350.0,194.0,0.0,4.0,250.0,3.0,0.0,0.0,350.0,4.0,1367.0,250.0,0.0,250.0,1450.0,43573.0,350.0,0.0,350.0
Jiangsu,2009,4120.0,0.0,493.0,11.0,0.0,3.0,2185.0,0.0,0.0,16.0,0.0,0.0,45778.0,0.0,843.0,191.0,0.0,7.0,493.0,3.0,0.0,0.0,843.0,7.0,4120.0,493.0,0.0,493.0,2185.0,45778.0,843.0,0.0,843.0
Jiangsu,2010,8330.0,4.9,371.0,13.0,2.0,3.0,335.0,0.0,0.0,3.0,0.0,0.0,53828.0,4.9,1214.0,202.0,2.0,10.0,375.9,5.0,0.0,0.0,1218.9,12.0,8330.0,371.0,4.9,375.9,335.0,53828.0,1214.0,4.9,1218.9
Jiangsu,2011,5120.0,44.400000000000006,182.0,11.0,8.0,2.0,740.0,0.0,0.0,5.0,0.0,0.0,58208.0,49.3,1396.0,208.0,10.0,12.0,226.4,10.0,0.0,0.0,1445.3,22.0,5120.0,182.0,44.400000000000006,226.4,740.0,58208.0,1396.0,49.3,1445.3
Jiangsu,2012,4000.0,300.0,607.0,4.0,12.0,6.0,605.0,0.0,0.0,5.0,0.0,0.0,61603.0,349.29999999999995,2003.0,207.0,22.0,18.0,907.0,18.0,0.0,0.0,2352.3,40.0,4000.0,607.0,300.0,907.0,605.0,61603.0,2003.0,349.29999999999995,2352.3
Jiangsu,2013,4370.0,246.70000000000002,148.0,6.0,22.0,3.0,440.0,0.0,0.0,2.0,0.0,0.0,65533.0,595.9999999999999,2151.0,211.0,44.0,21.0,394.70000000000005,25.0,0.0,0.0,2747.0,65.0,4370.0,148.0,246.70000000000002,394.70000000000005,440.0,65533.0,2151.0,595.9999999999999,2747.0
Jiangsu,2014,2660.0,727.7,443.0,3.0,44.0,9.0,1015.0,0.0,0.0,11.0,0.0,0.0,67178.0,1323.6999999999998,2594.0,203.0,88.0,30.0,1170.7,53.0,0.0,0.0,3917.7,118.0,2660.0,443.0,727.7,1170.7,1015.0,67178.0,2594.0,1323.6999999999998,3917.7
Jiangsu,2015,1350.0,939.5,1044.0,2.0,59.0,16.0,0.0,0.0,0.0,0.0,0.0,0.0,68528.0,2263.2,3638.0,205.0,147.0,46.0,1983.5,75.0,0.0,0.0,5901.2,193.0,1350.0,1044.0,939.5,1983.5,0.0,68528.0,3638.0,2263.2,5901.2
Jiangsu,2016,2940.0,901.0,1582.0,9.0,153.0,15.0,146.0,0.0,0.0,3.0,0.0,0.0,71358.0,3164.2,5220.0,212.0,300.0,61.0,2483.0,168.0,0.0,0.0,8384.2,361.0,2940.0,1582.0,901.0,2483.0,146.0,71358.0,5220.0,3164.2,8384.2
Jiangsu,2017,4040.0,2547.3,975.0,5.0,691.0,9.0,1320.0,0.0,0.0,4.0,0.0,0.0,74078.0,5711.5,6195.0,213.0,991.0,70.0,3522.3,700.0,0.0,0.0,11906.5,1061.0,4040.0,975.0,2547.3,3522.3,1320.0,74078.0,6195.0,5711.5,11906.5
Jiangsu,2018,1700.0,1934.2,1556.0,3.0,147.0,11.0,210.0,0.0,0.0,4.0,0.0,0.0,75678.0,7645.7,7751.0,214.0,1138.0,81.0,3490.2,158.0,0.0,0.0,15396.7,1219.0,1700.0,1556.0,1934.2,3490.2,210.0,75678.0,7751.0,7645.7,15396.7
Jiangsu,2019,2360.0,310.79999999999995,2049.0,4.0,70.0,12.0,1642.0,0.0,0.0,13.0,0.0,0.0,76396.0,7956.5,9800.0,205.0,1208.0,93.0,2359.8,82.0,0.0,0.0,17756.5,1301.0,2360.0,2049.0,310.79999999999995,2359.8,1642.0,76396.0,9800.0,7956.5,17756.5
Jiangsu,2020,0.0,682.7,3460.2,0.0,15.0,43.0,612.0,0.0,0.0,6.0,0.0,0.0,75784.0,8639.2,13260.2,199.0,1223.0,136.0,4142.9,58.0,0.0,0.0,21899.4,1359.0,0.0,3460.2,682.7,4142.9,612.0,75784.0,13260.2,8639.2,21899.4
Jiangsu,2021,130.0,458.4,7234.4,3.0,5.0,31.0,540.0,0.0,0.0,4.0,0.0,0.0,75374.0,9097.6,20494.6,198.0,1228.0,167.0,7692.799999999999,36.0,0.0,0.0,29592.199999999997,1395.0,130.0,7234.4,458.4,7692.799999999999,540.0,75374.0,20494.6,9097.6,29592.199999999997
Jiangsu,2022,145.0,95.0,200.0,3.0,2.0,2.0,240.0,0.0,0.0,4.0,0.0,0.0,75279.0,9192.6,20694.6,197.0,1230.0,169.0,295.0,4.0,0.0,0.0,29887.199999999997,1399.0,145.0,200.0,95.0,295.0,240.0,75279.0,20694.6,9192.6,29887.199999999997
Jiangsu,2023,2190.0,604.0,411.0,6.0,7.0,7.0,300.0,0.0,0.0,5.0,0.0,0.0,77169.0,9796.6,21105.6,198.0,1237.0,176.0,1015.0,14.0,0.0,0.0,30902.199999999997,1413.0,2190.0,411.0,604.0,1015.0,300.0,77169.0,21105.6,9796.6,30902.199999999997
Jiangxi,2000,640.0,0.0,0.0,2.0,0.0,0.0,0.0,0.0,0.0,0.0,0.0,0.0,4175.0,0.0,0.0,24.0,0.0,0.0,0.0,0.0,0.0,0.0,0.0,0.0,640.0,0.0,0.0,0.0,0.0,4175.0,0.0,0.0,0.0
Jiangxi,2001,300.0,0.0,0.0,1.0,0.0,0.0,0.0,0.0,0.0,0.0,0.0,0.0,4475.0,0.0,0.0,25.0,0.0,0.0,0.0,0.0,0.0,0.0,0.0,0.0,300.0,0.0,0.0,0.0,0.0,4475.0,0.0,0.0,0.0
Jiangxi,2002,350.0,0.0,0.0,1.0,0.0,0.0,0.0,0.0,0.0,0.0,0.0,0.0,4825.0,0.0,0.0,26.0,0.0,0.0,0.0,0.0,0.0,0.0,0.0,0.0,350.0,0.0,0.0,0.0,0.0,4825.0,0.0,0.0,0.0
Jiangxi,2003,450.0,0.0,0.0,2.0,0.0,0.0,0.0,0.0,0.0,0.0,0.0,0.0,5275.0,0.0,0.0,28.0,0.0,0.0,0.0,0.0,0.0,0.0,0.0,0.0,450.0,0.0,0.0,0.0,0.0,5275.0,0.0,0.0,0.0
Jiangxi,2004,175.0,0.0,0.0,1.0,0.0,0.0,0.0,0.0,0.0,0.0,0.0,0.0,5450.0,0.0,0.0,29.0,0.0,0.0,0.0,0.0,0.0,0.0,0.0,0.0,175.0,0.0,0.0,0.0,0.0,5450.0,0.0,0.0,0.0
Jiangxi,2005,300.0,0.0,0.0,1.0,0.0,0.0,0.0,0.0,0.0,0.0,0.0,0.0,5750.0,0.0,0.0,30.0,0.0,0.0,0.0,0.0,0.0,0.0,0.0,0.0,300.0,0.0,0.0,0.0,0.0,5750.0,0.0,0.0,0.0
Jiangxi,2006,610.0,0.0,0.0,4.0,0.0,0.0,140.0,0.0,0.0,4.0,0.0,0.0,6325.0,0.0,0.0,33.0,0.0,0.0,0.0,0.0,0.0,0.0,0.0,0.0,610.0,0.0,0.0,0.0,140.0,6325.0,0.0,0.0,0.0
Jiangxi,2007,2700.0,0.0,0.0,4.0,0.0,0.0,100.0,0.0,0.0,2.0,0.0,0.0,8925.0,0.0,0.0,35.0,0.0,0.0,0.0,0.0,0.0,0.0,0.0,0.0,2700.0,0.0,0.0,0.0,100.0,8925.0,0.0,0.0,0.0
Jiangxi,2008,700.0,0.0,30.0,2.0,0.0,1.0,125.0,0.0,0.0,1.0,0.0,0.0,9500.0,0.0,30.0,36.0,0.0,1.0,30.0,1.0,0.0,0.0,30.0,1.0,700.0,30.0,0.0,30.0,125.0,9500.0,30.0,0.0,30.0
Jiangxi,2009,2350.0,0.0,34.0,4.0,0.0,1.0,1310.0,0.0,0.0,10.0,0.0,0.0,10540.0,0.0,64.0,30.0,0.0,2.0,34.0,1.0,0.0,0.0,64.0,2.0,2350.0,34.0,0.0,34.0,1310.0,10540.0,64.0,0.0,64.0
Jiangxi,2010,1360.0,0.0,20.0,2.0,0.0,1.0,0.0,0.0,0.0,0.0,0.0,0.0,11900.0,0.0,84.0,32.0,0.0,3.0,20.0,1.0,0.0,0.0,84.0,3.0,1360.0,20.0,0.0,20.0,0.0,11900.0,84.0,0.0,84.0
Jiangxi,2011,1340.0,0.0,50.0,3.0,0.0,1.0,100.0,0.0,0.0,1.0,0.0,0.0,13140.0,0.0,134.0,34.0,0.0,4.0,50.0,1.0,0.0,0.0,134.0,4.0,1340.0,50.0,0.0,50.0,100.0,13140.0,134.0,0.0,134.0
Jiangxi,2012,1300.0,0.0,0.0,2.0,0.0,0.0,260.0,0.0,0.0,2.0,0.0,0.0,14180.0,0.0,134.0,34.0,0.0,4.0,0.0,0.0,0.0,0.0,134.0,4.0,1300.0,0.0,0.0,0.0,260.0,14180.0,134.0,0.0,134.0
Jiangxi,2013,0.0,20.0,165.0,0.0,1.0,4.0,0.0,0.0,0.0,0.0,0.0,0.0,14180.0,20.0,299.0,34.0,1.0,8.0,185.0,5.0,0.0,0.0,319.0,9.0,0.0,165.0,20.0,185.0,0.0,14180.0,299.0,20.0,319.0
Jiangxi,2014,0.0,13.0,133.0,0.0,1.0,3.0,420.0,0.0,0.0,2.0,0.0,0.0,13760.0,33.0,432.0,32.0,2.0,11.0,146.0,4.0,0.0,0.0,465.0,13.0,0.0,133.0,13.0,146.0,420.0,13760.0,432.0,33.0,465.0
Jiangxi,2015,2320.0,226.6,323.0,3.0,21.0,6.0,0.0,0.0,0.0,0.0,0.0,0.0,16080.0,259.59999999999997,755.0,35.0,23.0,17.0,549.6,27.0,0.0,0.0,1014.5999999999999,40.0,2320.0,323.0,226.6,549.6,0.0,16080.0,755.0,259.59999999999997,1014.5999999999999
Jiangxi,2016,1000.0,1410.8,206.0,1.0,74.0,5.0,0.0,0.0,0.0,0.0,0.0,0.0,17080.0,1670.4,961.0,36.0,97.0,22.0,1616.8,79.0,0.0,0.0,2631.4,119.0,1000.0,206.0,1410.8,1616.8,0.0,17080.0,961.0,1670.4,2631.4
Jiangxi,2017,0.0,1145.1000000000001,420.0,0.0,123.0,7.0,0.0,0.0,0.0,0.0,0.0,0.0,17080.0,2815.5,1381.0,36.0,220.0,29.0,1565.1000000000001,130.0,0.0,0.0,4196.5,249.0,0.0,420.0,1145.1000000000001,1565.1000000000001,0.0,17080.0,1381.0,2815.5,4196.5
Jiangxi,2018,2104.0,150.20000000000002,732.0,2.0,24.0,10.0,0.0,0.0,0.0,0.0,0.0,0.0,19184.0,2965.7,2113.0,38.0,244.0,39.0,882.2,34.0,0.0,0.0,5078.7,283.0,2104.0,732.0,150.20000000000002,882.2,0.0,19184.0,2113.0,2965.7,5078.7
Jiangxi,2019,0.0,1134.0,660.0,0.0,28.0,11.0,0.0,0.0,0.0,0.0,0.0,0.0,19184.0,4099.7,2773.0,38.0,272.0,50.0,1794.0,39.0,0.0,0.0,6872.7,322.0,0.0,660.0,1134.0,1794.0,0.0,19184.0,2773.0,4099.7,6872.7
Jiangxi,2020,1445.0,675.0,1667.4,3.0,13.0,21.0,0.0,0.0,0.0,0.0,0.0,0.0,20629.0,4774.700000000001,4440.4,41.0,285.0,71.0,2342.4,34.0,0.0,0.0,9215.1,356.0,1445.0,1667.4,675.0,2342.4,0.0,20629.0,4440.4,4774.700000000001,9215.1
Jiangxi,2021,2000.0,1324.0,448.5,2.0,15.0,8.0,0.0,0.0,0.0,0.0,0.0,0.0,22629.0,6098.700000000001,4888.9,43.0,300.0,79.0,1772.5,23.0,0.0,0.0,10987.6,379.0,2000.0,448.5,1324.0,1772.5,0.0,22629.0,4888.9,6098.700000000001,10987.6
Jiangxi,2022,3320.0,1786.6,128.0,4.0,18.0,4.0,650.0,0.0,0.0,3.0,0.0,0.0,25299.0,7885.3,5016.9,44.0,318.0,83.0,1914.6,22.0,0.0,0.0,12902.2,401.0,3320.0,128.0,1786.6,1914.6,650.0,25299.0,5016.9,7885.3,12902.2
Jiangxi,2023,0.0,1940.0,132.0,0.0,23.0,3.0,0.0,0.0,0.0,0.0,0.0,0.0,25299.0,9825.3,5148.9,44.0,341.0,86.0,2072.0,26.0,0.0,0.0,14974.199999999999,427.0,0.0,132.0,1940.0,2072.0,0.0,25299.0,5148.9,9825.3,14974.199999999999
Jilin,2000,875.0,0.0,0.0,4.0,0.0,0.0,0.0,0.0,0.0,0.0,0.0,0.0,4435.0,0.0,0.0,29.0,0.0,0.0,0.0,0.0,0.0,0.0,0.0,0.0,875.0,0.0,0.0,0.0,0.0,4435.0,0.0,0.0,0.0
Jilin,2001,375.0,0.0,0.0,4.0,0.0,0.0,0.0,0.0,0.0,0.0,0.0,0.0,4810.0,0.0,0.0,33.0,0.0,0.0,0.0,0.0,0.0,0.0,0.0,0.0,375.0,0.0,0.0,0.0,0.0,4810.0,0.0,0.0,0.0
Jilin,2002,240.0,0.0,0.0,3.0,0.0,0.0,0.0,0.0,0.0,0.0,0.0,0.0,5050.0,0.0,0.0,36.0,0.0,0.0,0.0,0.0,0.0,0.0,0.0,0.0,240.0,0.0,0.0,0.0,0.0,5050.0,0.0,0.0,0.0
Jilin,2003,331.0,0.0,0.0,4.0,0.0,0.0,0.0,0.0,0.0,0.0,0.0,0.0,5381.0,0.0,0.0,40.0,0.0,0.0,0.0,0.0,0.0,0.0,0.0,0.0,331.0,0.0,0.0,0.0,0.0,5381.0,0.0,0.0,0.0
Jilin,2004,0.0,0.0,0.0,0.0,0.0,0.0,0.0,0.0,0.0,0.0,0.0,0.0,5381.0,0.0,0.0,40.0,0.0,0.0,0.0,0.0,0.0,0.0,0.0,0.0,0.0,0.0,0.0,0.0,0.0,5381.0,0.0,0.0,0.0
Jilin,2005,440.0,0.0,0.0,2.0,0.0,0.0,0.0,0.0,0.0,0.0,0.0,0.0,5821.0,0.0,0.0,42.0,0.0,0.0,0.0,0.0,0.0,0.0,0.0,0.0,440.0,0.0,0.0,0.0,0.0,5821.0,0.0,0.0,0.0
Jilin,2006,660.0,0.0,147.0,2.0,0.0,3.0,0.0,0.0,0.0,0.0,0.0,0.0,6481.0,0.0,147.0,44.0,0.0,3.0,147.0,3.0,0.0,0.0,147.0,3.0,660.0,147.0,0.0,147.0,0.0,6481.0,147.0,0.0,147.0
Jilin,2007,1190.0,0.0,130.0,6.0,0.0,2.0,800.0,0.0,0.0,7.0,0.0,0.0,6871.0,0.0,277.0,43.0,0.0,5.0,130.0,2.0,0.0,0.0,277.0,5.0,1190.0,130.0,0.0,130.0,800.0,6871.0,277.0,0.0,277.0
Jilin,2008,300.0,0.0,183.0,1.0,0.0,4.0,0.0,0.0,0.0,0.0,0.0,0.0,7171.0,0.0,460.0,44.0,0.0,9.0,183.0,4.0,0.0,0.0,460.0,9.0,300.0,183.0,0.0,183.0,0.0,7171.0,460.0,0.0,460.0
Jilin,2009,2950.0,0.0,694.0,7.0,0.0,13.0,400.0,0.0,0.0,3.0,0.0,0.0,9721.0,0.0,1154.0,48.0,0.0,22.0,694.0,13.0,0.0,0.0,1154.0,22.0,2950.0,694.0,0.0,694.0,400.0,9721.0,1154.0,0.0,1154.0
Jilin,2010,2400.0,0.0,757.0,6.0,0.0,9.0,0.0,0.0,0.0,0.0,0.0,0.0,12121.0,0.0,1911.0,54.0,0.0,31.0,757.0,9.0,0.0,0.0,1911.0,31.0,2400.0,757.0,0.0,757.0,0.0,12121.0,1911.0,0.0,1911.0
Jilin,2011,1740.0,0.0,948.0,6.0,0.0,19.0,270.0,0.0,0.0,6.0,0.0,0.0,13861.0,0.0,2859.0,60.0,0.0,50.0,948.0,19.0,0.0,0.0,2859.0,50.0,1740.0,948.0,0.0,948.0,270.0,13861.0,2859.0,0.0,2859.0
Jilin,2012,700.0,0.0,148.0,2.0,0.0,3.0,0.0,0.0,0.0,0.0,0.0,0.0,14561.0,0.0,3007.0,62.0,0.0,53.0,148.0,3.0,0.0,0.0,3007.0,53.0,700.0,148.0,0.0,148.0,0.0,14561.0,3007.0,0.0,3007.0
Jilin,2013,350.0,10.0,729.0,1.0,1.0,15.0,305.0,0.0,0.0,5.0,0.0,0.0,14606.0,10.0,3736.0,58.0,1.0,68.0,739.0,16.0,0.0,0.0,3746.0,69.0,350.0,729.0,10.0,739.0,305.0,14606.0,3736.0,10.0,3746.0
Jilin,2014,1450.0,50.0,198.0,5.0,1.0,4.0,0.0,0.0,0.0,0.0,0.0,0.0,16056.0,60.0,3934.0,63.0,2.0,72.0,248.0,5.0,0.0,0.0,3994.0,74.0,1450.0,198.0,50.0,248.0,0.0,16056.0,3934.0,60.0,3994.0
Jilin,2015,0.0,3.0,498.0,0.0,1.0,10.0,0.0,0.0,0.0,0.0,0.0,0.0,16056.0,63.0,4432.0,63.0,3.0,82.0,501.0,11.0,0.0,0.0,4495.0,85.0,0.0,498.0,3.0,501.0,0.0,16056.0,4432.0,63.0,4495.0
Jilin,2016,0.0,425.5,400.0,0.0,25.0,8.0,200.0,0.0,0.0,1.0,0.0,0.0,15856.0,488.5,4832.0,62.0,28.0,90.0,825.5,33.0,0.0,0.0,5320.5,118.0,0.0,400.0,425.5,825.5,200.0,15856.0,4832.0,488.5,5320.5
Jilin,2017,90.0,606.7999999999998,0.0,3.0,55.0,0.0,0.0,0.0,0.0,0.0,0.0,0.0,15946.0,1095.3000000000002,4832.0,65.0,83.0,90.0,606.7999999999998,55.0,0.0,0.0,5927.3,173.0,90.0,0.0,606.7999999999998,606.7999999999998,0.0,15946.0,4832.0,1095.3000000000002,5927.3
Jilin,2018,990.0,1287.2999999999997,0.0,8.0,33.0,0.0,0.0,0.0,0.0,0.0,0.0,0.0,16936.0,2382.5999999999995,4832.0,73.0,116.0,90.0,1287.2999999999997,33.0,0.0,0.0,7214.599999999999,206.0,990.0,0.0,1287.2999999999997,1287.2999999999997,0.0,16936.0,4832.0,2382.5999999999995,7214.599999999999
Jilin,2019,0.0,15.0,50.0,0.0,1.0,1.0,0.0,0.0,0.0,0.0,0.0,0.0,16936.0,2397.5999999999995,4882.0,73.0,117.0,91.0,65.0,2.0,0.0,0.0,7279.599999999999,208.0,0.0,50.0,15.0,65.0,0.0,16936.0,4882.0,2397.5999999999995,7279.599999999999
Jilin,2020,0.0,840.0,344.0,0.0,9.0,7.0,660.0,0.0,0.0,2.0,0.0,0.0,16276.0,3237.6000000000004,5226.0,71.0,126.0,98.0,1184.0,16.0,0.0,0.0,8463.6,224.0,0.0,344.0,840.0,1184.0,660.0,16276.0,5226.0,3237.6000000000004,8463.6
Jilin,2021,0.0,0.0,1012.0,0.0,0.0,7.0,215.0,0.0,0.0,1.0,0.0,0.0,16061.0,3237.6000000000004,6238.0,70.0,126.0,105.0,1012.0,7.0,0.0,0.0,9475.6,231.0,0.0,1012.0,0.0,1012.0,215.0,16061.0,6238.0,3237.6000000000004,9475.6
Jilin,2022,0.0,425.0,3550.0,0.0,5.0,11.0,0.0,0.0,0.0,0.0,0.0,0.0,16061.0,3662.6,9788.0,70.0,131.0,116.0,3975.0,16.0,0.0,0.0,13450.6,247.0,0.0,3550.0,425.0,3975.0,0.0,16061.0,9788.0,3662.6,13450.6
Jilin,2023,0.0,346.0,462.0,0.0,5.0,7.0,0.0,0.0,0.0,0.0,0.0,0.0,16061.0,4008.6,10250.0,70.0,136.0,123.0,808.0,12.0,0.0,0.0,14258.6,259.0,0.0,462.0,346.0,808.0,0.0,16061.0,10250.0,4008.6,14258.6
Liaoning,2000,1810.0,0.0,21.0,3.0,0.0,1.0,0.0,0.0,0.0,0.0,0.0,0.0,12413.8,0.0,21.0,77.0,0.0,1.0,21.0,1.0,0.0,0.0,21.0,1.0,1810.0,21.0,0.0,21.0,0.0,12413.8,21.0,0.0,21.0
Liaoning,2001,200.0,0.0,0.0,1.0,0.0,0.0,0.0,0.0,0.0,0.0,0.0,0.0,12613.8,0.0,21.0,78.0,0.0,1.0,0.0,0.0,0.0,0.0,21.0,1.0,200.0,0.0,0.0,0.0,0.0,12613.8,21.0,0.0,21.0
Liaoning,2002,300.0,0.0,0.0,3.0,0.0,0.0,350.0,0.0,0.0,7.0,0.0,0.0,12563.8,0.0,21.0,74.0,0.0,1.0,0.0,0.0,0.0,0.0,21.0,1.0,300.0,0.0,0.0,0.0,350.0,12563.8,21.0,0.0,21.0
Liaoning,2003,110.0,0.0,0.0,2.0,0.0,0.0,0.0,0.0,0.0,0.0,0.0,0.0,12673.8,0.0,21.0,76.0,0.0,1.0,0.0,0.0,0.0,0.0,21.0,1.0,110.0,0.0,0.0,0.0,0.0,12673.8,21.0,0.0,21.0
Liaoning,2004,200.0,0.0,0.0,2.0,0.0,0.0,0.0,0.0,0.0,0.0,0.0,0.0,12873.8,0.0,21.0,78.0,0.0,1.0,0.0,0.0,0.0,0.0,21.0,1.0,200.0,0.0,0.0,0.0,0.0,12873.8,21.0,0.0,21.0
Liaoning,2005,835.0,0.0,0.0,3.0,0.0,0.0,0.0,0.0,0.0,0.0,0.0,0.0,13708.8,0.0,21.0,81.0,0.0,1.0,0.0,0.0,0.0,0.0,21.0,1.0,835.0,0.0,0.0,0.0,0.0,13708.8,21.0,0.0,21.0
Liaoning,2006,485.0,0.0,100.0,2.0,0.0,3.0,72.0,0.0,0.0,2.0,0.0,0.0,14193.8,0.0,121.0,83.0,0.0,4.0,100.0,3.0,0.0,0.0,121.0,4.0,485.0,100.0,0.0,100.0,72.0,14193.8,121.0,0.0,121.0
Liaoning,2007,3350.0,0.0,95.0,9.0,0.0,3.0,525.0,0.0,0.0,6.0,0.0,0.0,17018.8,0.0,216.0,86.0,0.0,7.0,95.0,3.0,0.0,0.0,216.0,7.0,3350.0,95.0,0.0,95.0,525.0,17018.8,216.0,0.0,216.0
Liaoning,2008,2580.0,0.0,444.0,9.0,0.0,9.0,950.0,0.0,0.0,16.0,0.0,0.0,18748.8,0.0,660.0,81.0,0.0,16.0,444.0,9.0,0.0,0.0,660.0,16.0,2580.0,444.0,0.0,444.0,950.0,18748.8,660.0,0.0,660.0
Liaoning,2009,1900.0,0.0,742.5,5.0,0.0,16.0,0.0,0.0,0.0,0.0,0.0,0.0,20648.8,0.0,1402.5,86.0,0.0,32.0,742.5,16.0,0.0,0.0,1402.5,32.0,1900.0,742.5,0.0,742.5,0.0,20648.8,1402.5,0.0,1402.5
Liaoning,2010,5140.0,0.0,1029.0,13.0,0.0,14.0,800.0,0.0,0.0,4.0,0.0,0.0,24988.8,0.0,2431.5,95.0,0.0,46.0,1029.0,14.0,0.0,0.0,2431.5,46.0,5140.0,1029.0,0.0,1029.0,800.0,24988.8,2431.5,0.0,2431.5
Liaoning,2011,1260.0,0.0,995.0,4.0,0.0,20.0,400.0,0.0,0.0,2.0,0.0,0.0,25848.8,0.0,3426.5,97.0,0.0,66.0,995.0,20.0,0.0,0.0,3426.5,66.0,1260.0,995.0,0.0,995.0,400.0,25848.8,3426.5,0.0,3426.5
Liaoning,2012,2880.0,0.0,1489.0,11.0,0.0,25.0,0.0,0.0,0.0,0.0,0.0,0.0,28728.8,0.0,4915.5,108.0,0.0,91.0,1489.0,25.0,0.0,0.0,4915.5,91.0,2880.0,1489.0,0.0,1489.0,0.0,28728.8,4915.5,0.0,4915.5
Liaoning,2013,0.0,20.0,1133.5,0.0,2.0,24.0,0.0,0.0,0.0,0.0,0.0,0.0,28728.8,20.0,6049.0,108.0,2.0,115.0,1153.5,26.0,0.0,0.0,6069.0,117.0,0.0,1133.5,20.0,1153.5,0.0,28728.8,6049.0,20.0,6069.0
Liaoning,2014,700.0,20.0,346.0,2.0,2.0,8.0,1200.0,0.0,0.0,6.0,0.0,0.0,28228.8,40.0,6395.0,104.0,4.0,123.0,366.0,10.0,0.0,0.0,6435.0,127.0,700.0,346.0,20.0,366.0,1200.0,28228.8,6395.0,40.0,6435.0
Liaoning,2015,50.0,56.0,244.0,1.0,9.0,5.0,173.8,0.0,0.0,2.0,0.0,0.0,28105.0,96.0,6639.0,103.0,13.0,128.0,300.0,14.0,0.0,0.0,6735.0,141.0,50.0,244.0,56.0,300.0,173.8,28105.0,6639.0,96.0,6735.0
Liaoning,2016,0.0,210.00000000000003,652.5,0.0,22.0,11.0,300.0,0.0,0.0,6.0,0.0,0.0,27835.0,306.0,7291.5,98.0,35.0,139.0,862.5,33.0,0.0,0.0,7597.5,174.0,0.0,652.5,210.00000000000003,862.5,300.0,27835.0,7291.5,306.0,7597.5
Liaoning,2017,1250.0,1017.9,96.0,9.0,96.0,2.0,0.0,0.0,0.0,0.0,0.0,0.0,29085.0,1323.8999999999999,7387.5,107.0,131.0,141.0,1113.9,98.0,0.0,0.0,8711.4,272.0,1250.0,96.0,1017.9,1113.9,0.0,29085.0,7387.5,1323.8999999999999,8711.4
Liaoning,2018,1800.0,55.900000000000006,344.0,6.0,8.0,6.0,600.0,0.0,0.0,3.0,0.0,0.0,30285.0,1379.8,7731.5,110.0,139.0,147.0,399.9,14.0,0.0,0.0,9111.3,286.0,1800.0,344.0,55.900000000000006,399.9,600.0,30285.0,7731.5,1379.8,9111.3
Liaoning,2019,400.0,124.10000000000001,303.5,8.0,19.0,7.0,100.0,0.0,0.0,1.0,0.0,0.0,30585.0,1503.8999999999999,8035.0,117.0,158.0,154.0,427.6,26.0,0.0,0.0,9538.9,312.0,400.0,303.5,124.10000000000001,427.6,100.0,30585.0,8035.0,1503.8999999999999,9538.9
Liaoning,2020,1560.0,500.0,1195.4,7.0,1.0,17.0,220.0,0.0,0.0,2.0,0.0,0.0,31925.0,2003.8999999999999,9230.4,122.0,159.0,171.0,1695.4,18.0,0.0,0.0,11234.3,330.0,1560.0,1195.4,500.0,1695.4,220.0,31925.0,9230.4,2003.8999999999999,11234.3
Liaoning,2021,660.0,188.2,825.0,1.0,5.0,5.0,0.0,0.0,0.0,0.0,0.0,0.0,32585.0,2192.1,10055.4,123.0,164.0,176.0,1013.2,10.0,0.0,0.0,12247.5,340.0,660.0,825.0,188.2,1013.2,0.0,32585.0,10055.4,2192.1,12247.5
Liaoning,2022,700.0,680.0,679.5,2.0,7.0,11.0,0.0,0.0,0.0,0.0,0.0,0.0,33285.0,2872.1,10734.9,125.0,171.0,187.0,1359.5,18.0,0.0,0.0,13607.0,358.0,700.0,679.5,680.0,1359.5,0.0,33285.0,10734.9,2872.1,13607.0
Liaoning,2023,0.0,700.0,1185.1,0.0,8.0,10.0,0.0,0.0,0.0,0.0,0.0,0.0,33285.0,3572.1,11920.0,125.0,179.0,197.0,1885.1,18.0,0.0,0.0,15492.1,376.0,0.0,1185.1,700.0,1885.1,0.0,33285.0,11920.0,3572.1,15492.1
Neimenggu,2000,400.0,0.0,0.0,2.0,0.0,0.0,0.0,0.0,0.0,0.0,0.0,0.0,8130.0,0.0,0.0,45.0,0.0,0.0,0.0,0.0,0.0,0.0,0.0,0.0,400.0,0.0,0.0,0.0,0.0,8130.0,0.0,0.0,0.0
Neimenggu,2001,200.0,0.0,0.0,2.0,0.0,0.0,0.0,0.0,0.0,0.0,0.0,0.0,8330.0,0.0,0.0,47.0,0.0,0.0,0.0,0.0,0.0,0.0,0.0,0.0,200.0,0.0,0.0,0.0,0.0,8330.0,0.0,0.0,0.0
Neimenggu,2002,660.0,0.0,0.0,2.0,0.0,0.0,0.0,0.0,0.0,0.0,0.0,0.0,8990.0,0.0,0.0,49.0,0.0,0.0,0.0,0.0,0.0,0.0,0.0,0.0,660.0,0.0,0.0,0.0,0.0,8990.0,0.0,0.0,0.0
Neimenggu,2003,2920.0,0.0,0.0,10.0,0.0,0.0,0.0,0.0,0.0,0.0,0.0,0.0,11910.0,0.0,0.0,59.0,0.0,0.0,0.0,0.0,0.0,0.0,0.0,0.0,2920.0,0.0,0.0,0.0,0.0,11910.0,0.0,0.0,0.0
Neimenggu,2004,2360.0,0.0,0.0,7.0,0.0,0.0,0.0,0.0,0.0,0.0,0.0,0.0,14270.0,0.0,0.0,66.0,0.0,0.0,0.0,0.0,0.0,0.0,0.0,0.0,2360.0,0.0,0.0,0.0,0.0,14270.0,0.0,0.0,0.0
Neimenggu,2005,5340.0,0.0,31.0,21.0,0.0,1.0,0.0,0.0,0.0,0.0,0.0,0.0,19610.0,0.0,31.0,87.0,0.0,1.0,31.0,1.0,0.0,0.0,31.0,1.0,5340.0,31.0,0.0,31.0,0.0,19610.0,31.0,0.0,31.0
Neimenggu,2006,8185.0,0.0,200.0,23.0,0.0,3.0,50.0,0.0,0.0,1.0,0.0,0.0,27745.0,0.0,231.0,109.0,0.0,4.0,200.0,3.0,0.0,0.0,231.0,4.0,8185.0,200.0,0.0,200.0,50.0,27745.0,231.0,0.0,231.0
Neimenggu,2007,10815.0,0.0,191.0,36.0,0.0,5.0,500.0,0.0,0.0,7.0,0.0,0.0,38060.0,0.0,422.0,138.0,0.0,9.0,191.0,5.0,0.0,0.0,422.0,9.0,10815.0,191.0,0.0,191.0,500.0,38060.0,422.0,0.0,422.0
Neimenggu,2008,4800.0,0.0,1287.0,19.0,0.0,26.0,100.0,0.0,0.0,1.0,0.0,0.0,42760.0,0.0,1709.0,156.0,0.0,35.0,1287.0,26.0,0.0,0.0,1709.0,35.0,4800.0,1287.0,0.0,1287.0,100.0,42760.0,1709.0,0.0,1709.0
Neimenggu,2009,2160.0,0.0,2485.0,16.0,0.0,45.0,100.0,0.0,0.0,1.0,0.0,0.0,44820.0,0.0,4194.0,171.0,0.0,80.0,2485.0,45.0,0.0,0.0,4194.0,80.0,2160.0,2485.0,0.0,2485.0,100.0,44820.0,4194.0,0.0,4194.0
Neimenggu,2010,8130.0,0.0,3358.0,23.0,0.0,53.0,300.0,0.0,0.0,3.0,0.0,0.0,52650.0,0.0,7552.0,191.0,0.0,133.0,3358.0,53.0,0.0,0.0,7552.0,133.0,8130.0,3358.0,0.0,3358.0,300.0,52650.0,7552.0,0.0,7552.0
Neimenggu,2011,3780.0,40.0,5114.0,8.0,1.0,90.0,400.0,0.0,0.0,3.0,0.0,0.0,56030.0,40.0,12666.0,196.0,1.0,223.0,5154.0,91.0,0.0,0.0,12706.0,224.0,3780.0,5114.0,40.0,5154.0,400.0,56030.0,12666.0,40.0,12706.0
Neimenggu,2012,2800.0,80.0,3315.0,8.0,2.0,45.0,400.0,0.0,0.0,2.0,0.0,0.0,58430.0,120.0,15981.0,202.0,3.0,268.0,3395.0,47.0,0.0,0.0,16101.0,271.0,2800.0,3315.0,80.0,3395.0,400.0,58430.0,15981.0,120.0,16101.0
Neimenggu,2013,4730.0,310.0,1802.0,22.0,11.0,27.0,250.0,0.0,0.0,2.0,0.0,0.0,62910.0,430.0,17783.0,222.0,14.0,295.0,2112.0,38.0,0.0,0.0,18213.0,309.0,4730.0,1802.0,310.0,2112.0,250.0,62910.0,17783.0,430.0,18213.0
Neimenggu,2014,1110.0,1360.0,2168.5,5.0,36.0,30.0,0.0,0.0,0.0,0.0,0.0,0.0,64020.0,1790.0,19951.5,227.0,50.0,325.0,3528.5,66.0,0.0,0.0,21741.5,375.0,1110.0,2168.5,1360.0,3528.5,0.0,64020.0,19951.5,1790.0,21741.5
Neimenggu,2015,5140.0,2291.0,1986.0,15.0,62.0,24.0,100.0,0.0,0.0,2.0,0.0,0.0,69060.0,4081.0,21937.5,240.0,112.0,349.0,4277.0,86.0,0.0,0.0,26018.5,461.0,5140.0,1986.0,2291.0,4277.0,100.0,69060.0,21937.5,4081.0,26018.5
Neimenggu,2016,4950.0,1541.0,3066.5,15.0,40.0,33.0,0.0,0.0,0.0,0.0,0.0,0.0,74010.0,5622.0,25004.0,255.0,152.0,382.0,4607.5,73.0,0.0,0.0,30626.0,534.0,4950.0,3066.5,1541.0,4607.5,0.0,74010.0,25004.0,5622.0,30626.0
Neimenggu,2017,5280.0,1225.0,1409.0,11.0,50.0,18.0,0.0,0.0,0.0,0.0,0.0,0.0,79290.0,6847.0,26413.0,266.0,202.0,400.0,2634.0,68.0,0.0,0.0,33260.0,602.0,5280.0,1409.0,1225.0,2634.0,0.0,79290.0,26413.0,6847.0,33260.0
Neimenggu,2018,1010.0,1486.0,1735.8,2.0,27.0,24.0,100.0,0.0,0.0,1.0,0.0,0.0,80200.0,8333.0,28148.8,267.0,229.0,424.0,3221.8,51.0,0.0,0.0,36481.8,653.0,1010.0,1735.8,1486.0,3221.8,100.0,80200.0,28148.8,8333.0,36481.8
Neimenggu,2019,6616.0,1290.3,859.5,15.0,23.0,13.0,0.0,0.0,0.0,0.0,0.0,0.0,86816.0,9623.300000000001,29008.3,282.0,252.0,437.0,2149.8,36.0,0.0,0.0,38631.6,689.0,6616.0,859.5,1290.3,2149.8,0.0,86816.0,29008.3,9623.300000000001,38631.6
Neimenggu,2020,5866.0,940.0,5179.0,14.0,14.0,36.0,0.0,0.0,0.0,0.0,0.0,0.0,92682.0,10563.3,34187.3,296.0,266.0,473.0,6119.0,50.0,0.0,0.0,44750.600000000006,739.0,5866.0,5179.0,940.0,6119.0,0.0,92682.0,34187.3,10563.3,44750.600000000006
Neimenggu,2021,4390.0,1450.0,3964.5,8.0,10.0,26.0,0.0,0.0,0.0,0.0,0.0,0.0,97072.0,12013.300000000001,38151.8,304.0,276.0,499.0,5414.5,36.0,0.0,0.0,50165.100000000006,775.0,4390.0,3964.5,1450.0,5414.5,0.0,97072.0,38151.8,12013.300000000001,50165.100000000006
Neimenggu,2022,6000.0,1417.0,3521.5,9.0,14.0,27.0,100.0,0.0,0.0,2.0,0.0,0.0,102972.0,13430.300000000001,41673.3,311.0,290.0,526.0,4938.5,41.0,0.0,0.0,55103.600000000006,816.0,6000.0,3521.5,1417.0,4938.5,100.0,102972.0,41673.3,13430.300000000001,55103.600000000006
Neimenggu,2023,12160.0,8630.0,18333.2,25.0,30.0,70.0,0.0,0.0,0.0,0.0,0.0,0.0,115132.0,22060.300000000003,60006.5,336.0,320.0,596.0,26963.2,100.0,0.0,0.0,82066.8,916.0,12160.0,18333.2,8630.0,26963.2,0.0,115132.0,60006.5,22060.300000000003,82066.8
Ningxia,2000,0.0,0.0,0.0,0.0,0.0,0.0,0.0,0.0,0.0,0.0,0.0,0.0,1960.0,0.0,0.0,12.0,0.0,0.0,0.0,0.0,0.0,0.0,0.0,0.0,0.0,0.0,0.0,0.0,0.0,1960.0,0.0,0.0,0.0
Ningxia,2001,150.0,0.0,0.0,3.0,0.0,0.0,0.0,0.0,0.0,0.0,0.0,0.0,2110.0,0.0,0.0,15.0,0.0,0.0,0.0,0.0,0.0,0.0,0.0,0.0,150.0,0.0,0.0,0.0,0.0,2110.0,0.0,0.0,0.0
Ningxia,2002,330.0,0.0,0.0,1.0,0.0,0.0,0.0,0.0,0.0,0.0,0.0,0.0,2440.0,0.0,0.0,16.0,0.0,0.0,0.0,0.0,0.0,0.0,0.0,0.0,330.0,0.0,0.0,0.0,0.0,2440.0,0.0,0.0,0.0
Ningxia,2003,660.0,0.0,0.0,2.0,0.0,0.0,0.0,0.0,0.0,0.0,0.0,0.0,3100.0,0.0,0.0,18.0,0.0,0.0,0.0,0.0,0.0,0.0,0.0,0.0,660.0,0.0,0.0,0.0,0.0,3100.0,0.0,0.0,0.0
Ningxia,2004,330.0,0.0,0.0,1.0,0.0,0.0,0.0,0.0,0.0,0.0,0.0,0.0,3430.0,0.0,0.0,19.0,0.0,0.0,0.0,0.0,0.0,0.0,0.0,0.0,330.0,0.0,0.0,0.0,0.0,3430.0,0.0,0.0,0.0
Ningxia,2005,465.0,0.0,0.0,2.0,0.0,0.0,0.0,0.0,0.0,0.0,0.0,0.0,3895.0,0.0,0.0,21.0,0.0,0.0,0.0,0.0,0.0,0.0,0.0,0.0,465.0,0.0,0.0,0.0,0.0,3895.0,0.0,0.0,0.0
Ningxia,2006,2225.0,0.0,61.2,10.0,0.0,1.0,0.0,0.0,0.0,0.0,0.0,0.0,6120.0,0.0,61.2,31.0,0.0,1.0,61.2,1.0,0.0,0.0,61.2,1.0,2225.0,61.2,0.0,61.2,0.0,6120.0,61.2,0.0,61.2
Ningxia,2007,1200.0,0.0,248.0,2.0,0.0,5.0,0.0,0.0,0.0,0.0,0.0,0.0,7320.0,0.0,309.2,33.0,0.0,6.0,248.0,5.0,0.0,0.0,309.2,6.0,1200.0,248.0,0.0,248.0,0.0,7320.0,309.2,0.0,309.2
Ningxia,2008,400.0,0.0,64.5,2.0,0.0,2.0,0.0,0.0,0.0,0.0,0.0,0.0,7720.0,0.0,373.7,35.0,0.0,8.0,64.5,2.0,0.0,0.0,373.7,8.0,400.0,64.5,0.0,64.5,0.0,7720.0,373.7,0.0,373.7
Ningxia,2009,1200.0,10.0,135.0,2.0,1.0,3.0,100.0,0.0,0.0,2.0,0.0,0.0,8820.0,10.0,508.7,35.0,1.0,11.0,145.0,4.0,0.0,0.0,518.7,12.0,1200.0,135.0,10.0,145.0,100.0,8820.0,508.7,10.0,518.7
Ningxia,2010,4460.0,30.0,139.0,12.0,3.0,4.0,540.0,0.0,0.0,6.0,0.0,0.0,12740.0,40.0,647.7,41.0,4.0,15.0,169.0,7.0,0.0,0.0,687.7,19.0,4460.0,139.0,30.0,169.0,540.0,12740.0,647.7,40.0,687.7
Ningxia,2011,3620.0,239.5,990.0,6.0,15.0,20.0,0.0,0.0,0.0,0.0,0.0,0.0,16360.0,279.5,1637.7,47.0,19.0,35.0,1229.5,35.0,0.0,0.0,1917.2,54.0,3620.0,990.0,239.5,1229.5,0.0,16360.0,1637.7,279.5,1917.2
Ningxia,2012,0.0,279.8,1256.0,0.0,11.0,26.0,0.0,0.0,0.0,0.0,0.0,0.0,16360.0,559.3,2893.7,47.0,30.0,61.0,1535.8,37.0,0.0,0.0,3453.0,91.0,0.0,1256.0,279.8,1535.8,0.0,16360.0,2893.7,559.3,3453.0
Ningxia,2013,660.0,659.0,798.0,2.0,23.0,16.0,0.0,0.0,0.0,0.0,0.0,0.0,17020.0,1218.3,3691.7,49.0,53.0,77.0,1457.0,39.0,0.0,0.0,4910.0,130.0,660.0,798.0,659.0,1457.0,0.0,17020.0,3691.7,1218.3,4910.0
Ningxia,2014,0.0,890.5,1591.5,0.0,34.0,33.0,0.0,0.0,0.0,0.0,0.0,0.0,17020.0,2108.8,5283.2,49.0,87.0,110.0,2482.0,67.0,0.0,0.0,7392.0,197.0,0.0,1591.5,890.5,2482.0,0.0,17020.0,5283.2,2108.8,7392.0
Ningxia,2015,350.0,980.3,1569.0,1.0,23.0,29.0,0.0,0.0,0.0,0.0,0.0,0.0,17370.0,3089.1000000000004,6852.2,50.0,110.0,139.0,2549.3,52.0,0.0,0.0,9941.3,249.0,350.0,1569.0,980.3,2549.3,0.0,17370.0,6852.2,3089.1000000000004,9941.3
Ningxia,2016,1400.0,2117.0,1250.0,4.0,21.0,15.0,0.0,0.0,0.0,0.0,0.0,0.0,18770.0,5206.1,8102.2,54.0,131.0,154.0,3367.0,36.0,0.0,0.0,13308.3,285.0,1400.0,1250.0,2117.0,3367.0,0.0,18770.0,8102.2,5206.1,13308.3
Ningxia,2017,4060.0,933.4,745.0,8.0,19.0,6.0,0.0,0.0,50.0,0.0,0.0,1.0,22830.0,6139.5,8797.2,62.0,150.0,159.0,1678.4,25.0,50.0,1.0,14936.7,309.0,4060.0,745.0,933.4,1678.4,0.0,22830.0,8797.2,6139.5,14936.7
Ningxia,2018,1450.0,1999.2,644.0,6.0,19.0,11.0,440.0,0.0,0.0,6.0,0.0,0.0,24010.0,8138.7,9441.2,66.0,169.0,170.0,2643.2,30.0,0.0,0.0,17579.9,339.0,1450.0,644.0,1999.2,2643.2,440.0,24010.0,9441.2,8138.7,17579.9
Ningxia,2019,4860.0,970.0,1052.0,5.0,7.0,12.0,0.0,0.0,0.0,0.0,0.0,0.0,28870.0,9108.7,10493.2,71.0,176.0,182.0,2022.0,19.0,0.0,0.0,19601.9,358.0,4860.0,1052.0,970.0,2022.0,0.0,28870.0,10493.2,9108.7,19601.9
Ningxia,2020,1320.0,1906.0,1661.5,2.0,20.0,16.0,0.0,0.0,0.0,0.0,0.0,0.0,30190.0,11014.7,12154.7,73.0,196.0,198.0,3567.5,36.0,0.0,0.0,23169.4,394.0,1320.0,1661.5,1906.0,3567.5,0.0,30190.0,12154.7,11014.7,23169.4
Ningxia,2021,0.0,1348.0,320.0,0.0,14.0,4.0,0.0,0.0,0.0,0.0,0.0,0.0,30190.0,12362.7,12474.7,73.0,210.0,202.0,1668.0,18.0,0.0,0.0,24837.4,412.0,0.0,320.0,1348.0,1668.0,0.0,30190.0,12474.7,12362.7,24837.4
Ningxia,2022,700.0,1524.0,50.0,2.0,12.0,2.0,0.0,0.0,45.0,0.0,0.0,1.0,30890.0,13886.7,12479.7,75.0,222.0,203.0,1574.0,14.0,45.0,1.0,26366.4,425.0,700.0,50.0,1524.0,1574.0,0.0,30890.0,12479.7,13886.7,26366.4
Ningxia,2023,30.0,5540.0,148.5,1.0,22.0,3.0,0.0,0.0,50.0,0.0,0.0,1.0,30920.0,19426.7,12578.2,76.0,244.0,205.0,5688.5,25.0,50.0,1.0,32004.9,449.0,30.0,148.5,5540.0,5688.5,0.0,30920.0,12578.2,19426.7,32004.9
Qinghai,2000,125.0,0.0,0.0,1.0,0.0,0.0,0.0,0.0,0.0,0.0,0.0,0.0,600.0,0.0,0.0,6.0,0.0,0.0,0.0,0.0,0.0,0.0,0.0,0.0,125.0,0.0,0.0,0.0,0.0,600.0,0.0,0.0,0.0
Qinghai,2001,0.0,0.0,0.0,0.0,0.0,0.0,0.0,0.0,0.0,0.0,0.0,0.0,600.0,0.0,0.0,6.0,0.0,0.0,0.0,0.0,0.0,0.0,0.0,0.0,0.0,0.0,0.0,0.0,0.0,600.0,0.0,0.0,0.0
Qinghai,2002,0.0,0.0,0.0,0.0,0.0,0.0,0.0,0.0,0.0,0.0,0.0,0.0,600.0,0.0,0.0,6.0,0.0,0.0,0.0,0.0,0.0,0.0,0.0,0.0,0.0,0.0,0.0,0.0,0.0,600.0,0.0,0.0,0.0
Qinghai,2003,0.0,0.0,0.0,0.0,0.0,0.0,0.0,0.0,0.0,0.0,0.0,0.0,600.0,0.0,0.0,6.0,0.0,0.0,0.0,0.0,0.0,0.0,0.0,0.0,0.0,0.0,0.0,0.0,0.0,600.0,0.0,0.0,0.0
Qinghai,2004,125.0,0.0,0.0,1.0,0.0,0.0,0.0,0.0,0.0,0.0,0.0,0.0,725.0,0.0,0.0,7.0,0.0,0.0,0.0,0.0,0.0,0.0,0.0,0.0,125.0,0.0,0.0,0.0,0.0,725.0,0.0,0.0,0.0
Qinghai,2005,0.0,0.0,0.0,0.0,0.0,0.0,0.0,0.0,0.0,0.0,0.0,0.0,725.0,0.0,0.0,7.0,0.0,0.0,0.0,0.0,0.0,0.0,0.0,0.0,0.0,0.0,0.0,0.0,0.0,725.0,0.0,0.0,0.0
Qinghai,2006,600.0,0.0,0.0,2.0,0.0,0.0,0.0,0.0,0.0,0.0,0.0,0.0,1325.0,0.0,0.0,9.0,0.0,0.0,0.0,0.0,0.0,0.0,0.0,0.0,600.0,0.0,0.0,0.0,0.0,1325.0,0.0,0.0,0.0
Qinghai,2007,540.0,0.0,0.0,4.0,0.0,0.0,0.0,0.0,0.0,0.0,0.0,0.0,1865.0,0.0,0.0,13.0,0.0,0.0,0.0,0.0,0.0,0.0,0.0,0.0,540.0,0.0,0.0,0.0,0.0,1865.0,0.0,0.0,0.0
Qinghai,2008,0.0,0.0,0.0,0.0,0.0,0.0,0.0,0.0,0.0,0.0,0.0,0.0,1865.0,0.0,0.0,13.0,0.0,0.0,0.0,0.0,0.0,0.0,0.0,0.0,0.0,0.0,0.0,0.0,0.0,1865.0,0.0,0.0,0.0
Qinghai,2009,0.0,0.0,0.0,0.0,0.0,0.0,0.0,0.0,0.0,0.0,0.0,0.0,1865.0,0.0,0.0,13.0,0.0,0.0,0.0,0.0,0.0,0.0,0.0,0.0,0.0,0.0,0.0,0.0,0.0,1865.0,0.0,0.0,0.0
Qinghai,2010,0.0,0.0,0.0,0.0,0.0,0.0,0.0,0.0,0.0,0.0,0.0,0.0,1865.0,0.0,0.0,13.0,0.0,0.0,0.0,0.0,0.0,0.0,0.0,0.0,0.0,0.0,0.0,0.0,0.0,1865.0,0.0,0.0,0.0
Qinghai,2011,0.0,355.0,50.0,0.0,18.0,1.0,0.0,0.0,0.0,0.0,0.0,0.0,1865.0,355.0,50.0,13.0,18.0,1.0,405.0,19.0,0.0,0.0,405.0,19.0,0.0,50.0,355.0,405.0,0.0,1865.0,50.0,355.0,405.0
Qinghai,2012,0.0,560.0,50.0,0.0,19.0,1.0,100.0,0.0,0.0,2.0,0.0,0.0,1765.0,915.0,100.0,11.0,37.0,2.0,610.0,20.0,0.0,0.0,1015.0,39.0,0.0,50.0,560.0,610.0,100.0,1765.0,100.0,915.0,1015.0
Qinghai,2013,0.0,1780.3,100.0,0.0,49.0,2.0,0.0,0.0,0.0,0.0,0.0,0.0,1765.0,2695.3,200.0,11.0,86.0,4.0,1880.3,51.0,0.0,0.0,2895.3,90.0,0.0,100.0,1780.3,1880.3,0.0,1765.0,200.0,2695.3,2895.3
Qinghai,2014,0.0,1206.5,150.0,0.0,23.0,3.0,0.0,0.0,0.0,0.0,0.0,0.0,1765.0,3901.8,350.0,11.0,109.0,7.0,1356.5,26.0,0.0,0.0,4251.8,116.0,0.0,150.0,1206.5,1356.5,0.0,1765.0,350.0,3901.8,4251.8
Qinghai,2015,1010.0,1054.4,120.0,2.0,33.0,3.0,250.0,0.0,0.0,2.0,0.0,0.0,2525.0,4956.2,470.0,11.0,142.0,10.0,1174.4,36.0,0.0,0.0,5426.2,152.0,1010.0,120.0,1054.4,1174.4,250.0,2525.0,470.0,4956.2,5426.2
Qinghai,2016,1010.0,1770.1000000000001,330.0,2.0,56.0,7.0,375.0,0.0,0.0,3.0,0.0,0.0,3160.0,6726.3,800.0,10.0,198.0,17.0,2100.1000000000004,63.0,0.0,0.0,7526.3,215.0,1010.0,330.0,1770.1000000000001,2100.1000000000004,375.0,3160.0,800.0,6726.3,7526.3
Qinghai,2017,0.0,985.6999999999999,1015.0,0.0,45.0,18.0,0.0,0.0,0.0,0.0,0.0,0.0,3160.0,7712.0,1815.0,10.0,243.0,35.0,2000.6999999999998,63.0,0.0,0.0,9527.0,278.0,0.0,1015.0,985.6999999999999,2000.6999999999998,0.0,3160.0,1815.0,7712.0,9527.0
Qinghai,2018,0.0,2871.0,1250.0,0.0,29.0,10.0,0.0,0.0,0.0,0.0,0.0,0.0,3160.0,10583.0,3065.0,10.0,272.0,45.0,4121.0,39.0,0.0,0.0,13648.0,317.0,0.0,1250.0,2871.0,4121.0,0.0,3160.0,3065.0,10583.0,13648.0
Qinghai,2019,0.0,194.1,1400.0,0.0,5.0,14.0,0.0,0.0,0.0,0.0,0.0,0.0,3160.0,10777.099999999999,4465.0,10.0,277.0,59.0,1594.1,19.0,0.0,0.0,15242.099999999999,336.0,0.0,1400.0,194.1,1594.1,0.0,3160.0,4465.0,10777.099999999999,15242.099999999999
Qinghai,2020,0.0,2910.0,2301.0,0.0,12.0,13.0,0.0,0.0,0.0,0.0,0.0,0.0,3160.0,13687.1,6766.0,10.0,289.0,72.0,5211.0,25.0,0.0,0.0,20453.1,361.0,0.0,2301.0,2910.0,5211.0,0.0,3160.0,6766.0,13687.1,20453.1
Qinghai,2021,0.0,500.0,432.0,0.0,6.0,8.0,0.0,0.0,0.0,0.0,0.0,0.0,3160.0,14187.100000000002,7198.0,10.0,295.0,80.0,932.0,14.0,0.0,0.0,21385.100000000002,375.0,0.0,432.0,500.0,932.0,0.0,3160.0,7198.0,14187.100000000002,21385.100000000002
Qinghai,2022,0.0,1049.0,30.0,0.0,10.0,1.0,0.0,0.0,0.0,0.0,0.0,0.0,3160.0,15236.100000000002,7228.0,10.0,305.0,81.0,1079.0,11.0,0.0,0.0,22464.100000000002,386.0,0.0,30.0,1049.0,1079.0,0.0,3160.0,7228.0,15236.100000000002,22464.100000000002
Qinghai,2023,0.0,8803.0,1000.0,0.0,21.0,3.0,0.0,0.0,0.0,0.0,0.0,0.0,3160.0,24039.100000000002,8228.0,10.0,326.0,84.0,9803.0,24.0,0.0,0.0,32267.100000000002,410.0,0.0,1000.0,8803.0,9803.0,0.0,3160.0,8228.0,24039.100000000002,32267.100000000002
Shaanxi,2000,520.0,0.0,0.0,3.0,0.0,0.0,0.0,0.0,0.0,0.0,0.0,0.0,4870.0,0.0,0.0,28.0,0.0,0.0,0.0,0.0,0.0,0.0,0.0,0.0,520.0,0.0,0.0,0.0,0.0,4870.0,0.0,0.0,0.0
Shaanxi,2001,300.0,0.0,0.0,1.0,0.0,0.0,0.0,0.0,0.0,0.0,0.0,0.0,5170.0,0.0,0.0,29.0,0.0,0.0,0.0,0.0,0.0,0.0,0.0,0.0,300.0,0.0,0.0,0.0,0.0,5170.0,0.0,0.0,0.0
Shaanxi,2002,50.0,0.0,0.0,1.0,0.0,0.0,0.0,0.0,0.0,0.0,0.0,0.0,5220.0,0.0,0.0,30.0,0.0,0.0,0.0,0.0,0.0,0.0,0.0,0.0,50.0,0.0,0.0,0.0,0.0,5220.0,0.0,0.0,0.0
Shaanxi,2003,690.0,0.0,0.0,6.0,0.0,0.0,0.0,0.0,0.0,0.0,0.0,0.0,5910.0,0.0,0.0,36.0,0.0,0.0,0.0,0.0,0.0,0.0,0.0,0.0,690.0,0.0,0.0,0.0,0.0,5910.0,0.0,0.0,0.0
Shaanxi,2004,470.0,0.0,0.0,2.0,0.0,0.0,0.0,0.0,0.0,0.0,0.0,0.0,6380.0,0.0,0.0,38.0,0.0,0.0,0.0,0.0,0.0,0.0,0.0,0.0,470.0,0.0,0.0,0.0,0.0,6380.0,0.0,0.0,0.0
Shaanxi,2005,1990.0,0.0,0.0,6.0,0.0,0.0,0.0,0.0,0.0,0.0,0.0,0.0,8370.0,0.0,0.0,44.0,0.0,0.0,0.0,0.0,0.0,0.0,0.0,0.0,1990.0,0.0,0.0,0.0,0.0,8370.0,0.0,0.0,0.0
Shaanxi,2006,1170.0,0.0,0.0,9.0,0.0,0.0,0.0,0.0,0.0,0.0,0.0,0.0,9540.0,0.0,0.0,53.0,0.0,0.0,0.0,0.0,0.0,0.0,0.0,0.0,1170.0,0.0,0.0,0.0,0.0,9540.0,0.0,0.0,0.0
Shaanxi,2007,3490.0,0.0,0.0,10.0,0.0,0.0,100.0,0.0,0.0,2.0,0.0,0.0,12930.0,0.0,0.0,61.0,0.0,0.0,0.0,0.0,0.0,0.0,0.0,0.0,3490.0,0.0,0.0,0.0,100.0,12930.0,0.0,0.0,0.0
Shaanxi,2008,5250.0,0.0,0.0,15.0,0.0,0.0,400.0,0.0,0.0,5.0,0.0,0.0,17780.0,0.0,0.0,71.0,0.0,0.0,0.0,0.0,0.0,0.0,0.0,0.0,5250.0,0.0,0.0,0.0,400.0,17780.0,0.0,0.0,0.0
Shaanxi,2009,2520.0,0.0,0.0,6.0,0.0,0.0,130.0,0.0,0.0,2.0,0.0,0.0,20170.0,0.0,0.0,75.0,0.0,0.0,0.0,0.0,0.0,0.0,0.0,0.0,2520.0,0.0,0.0,0.0,130.0,20170.0,0.0,0.0,0.0
Shaanxi,2010,1450.0,0.0,0.0,10.0,0.0,0.0,200.0,0.0,0.0,1.0,0.0,0.0,21420.0,0.0,0.0,84.0,0.0,0.0,0.0,0.0,0.0,0.0,0.0,0.0,1450.0,0.0,0.0,0.0,200.0,21420.0,0.0,0.0,0.0
Shaanxi,2011,2045.0,20.0,198.0,4.0,1.0,4.0,250.0,0.0,0.0,2.0,0.0,0.0,23215.0,20.0,198.0,86.0,1.0,4.0,218.0,5.0,0.0,0.0,218.0,5.0,2045.0,198.0,20.0,218.0,250.0,23215.0,198.0,20.0,218.0
Shaanxi,2012,225.0,0.0,200.0,3.0,0.0,4.0,200.0,0.0,0.0,1.0,0.0,0.0,23240.0,20.0,398.0,88.0,1.0,8.0,200.0,4.0,0.0,0.0,418.0,9.0,225.0,200.0,0.0,200.0,200.0,23240.0,398.0,20.0,418.0
Shaanxi,2013,2850.0,100.0,600.0,7.0,2.0,12.0,0.0,0.0,0.0,0.0,0.0,0.0,26090.0,120.0,998.0,95.0,3.0,20.0,700.0,14.0,0.0,0.0,1118.0,23.0,2850.0,600.0,100.0,700.0,0.0,26090.0,998.0,120.0,1118.0
Shaanxi,2014,800.0,222.0,340.0,3.0,5.0,7.0,0.0,0.0,0.0,0.0,0.0,0.0,26890.0,342.0,1338.0,98.0,8.0,27.0,562.0,12.0,0.0,0.0,1680.0,35.0,800.0,340.0,222.0,562.0,0.0,26890.0,1338.0,342.0,1680.0
Shaanxi,2015,3200.0,790.0,300.0,8.0,12.0,6.0,0.0,0.0,0.0,0.0,0.0,0.0,30090.0,1132.0,1638.0,106.0,20.0,33.0,1090.0,18.0,0.0,0.0,2770.0,53.0,3200.0,300.0,790.0,1090.0,0.0,30090.0,1638.0,1132.0,2770.0
Shaanxi,2016,1350.0,1491.3999999999996,594.0,9.0,47.0,9.0,640.0,0.0,0.0,6.0,0.0,0.0,30900.0,2623.4000000000005,2232.0,111.0,67.0,42.0,2085.3999999999996,56.0,0.0,0.0,4855.400000000001,109.0,1350.0,594.0,1491.3999999999996,2085.3999999999996,640.0,30900.0,2232.0,2623.4000000000005,4855.400000000001
Shaanxi,2017,350.0,1871.8999999999999,947.0,1.0,63.0,17.0,60.0,0.0,0.0,2.0,0.0,0.0,31250.0,4495.3,3179.0,112.0,130.0,59.0,2818.8999999999996,80.0,0.0,0.0,7674.3,189.0,350.0,947.0,1871.8999999999999,2818.8999999999996,60.0,31250.0,3179.0,4495.3,7674.3
Shaanxi,2018,4410.0,742.8000000000001,811.0,8.0,12.0,14.0,490.0,0.0,0.0,4.0,0.0,0.0,35170.0,5238.1,3990.0,116.0,142.0,73.0,1553.8000000000002,26.0,0.0,0.0,9228.1,215.0,4410.0,811.0,742.8000000000001,1553.8000000000002,490.0,35170.0,3990.0,5238.1,9228.1
Shaanxi,2019,5410.0,2161.2999999999997,906.0,8.0,31.0,16.0,100.0,0.0,0.0,2.0,0.0,0.0,40480.0,7399.4,4896.0,122.0,173.0,89.0,3067.2999999999997,47.0,0.0,0.0,12295.4,262.0,5410.0,906.0,2161.2999999999997,3067.2999999999997,100.0,40480.0,4896.0,7399.4,12295.4
Shaanxi,2020,3590.0,1023.5,3050.3,9.0,16.0,55.0,0.0,0.0,0.0,0.0,0.0,0.0,44070.0,8422.9,7946.3,131.0,189.0,144.0,4073.8,71.0,0.0,0.0,16369.2,333.0,3590.0,3050.3,1023.5,4073.8,0.0,44070.0,7946.3,8422.9,16369.2
Shaanxi,2021,0.0,1309.0,1473.7,0.0,17.0,37.0,50.0,0.0,0.0,1.0,0.0,0.0,44020.0,9731.900000000001,9420.0,130.0,206.0,181.0,2782.7,54.0,0.0,0.0,19151.9,387.0,0.0,1473.7,1309.0,2782.7,50.0,44020.0,9420.0,9731.900000000001,19151.9
Shaanxi,2022,900.0,1540.0,532.4,6.0,16.0,12.0,0.0,0.0,0.0,0.0,0.0,0.0,44920.0,11271.900000000001,9952.4,136.0,222.0,193.0,2072.4,28.0,0.0,0.0,21224.300000000003,415.0,900.0,532.4,1540.0,2072.4,0.0,44920.0,9952.4,11271.900000000001,21224.300000000003
Shaanxi,2023,5300.0,3234.0,390.0,7.0,30.0,6.0,50.0,0.0,0.0,1.0,0.0,0.0,50170.0,14505.900000000001,10342.4,142.0,252.0,199.0,3624.0,36.0,0.0,0.0,24848.300000000003,451.0,5300.0,390.0,3234.0,3624.0,50.0,50170.0,10342.4,14505.900000000001,24848.300000000003
Shandong,2000,1805.0,0.0,0.0,8.0,0.0,0.0,0.0,0.0,0.0,0.0,0.0,0.0,18304.2,0.0,0.0,105.0,0.0,0.0,0.0,0.0,0.0,0.0,0.0,0.0,1805.0,0.0,0.0,0.0,0.0,18304.2,0.0,0.0,0.0
Shandong,2001,1095.0,0.0,0.0,10.0,0.0,0.0,0.0,0.0,0.0,0.0,0.0,0.0,19399.2,0.0,0.0,115.0,0.0,0.0,0.0,0.0,0.0,0.0,0.0,0.0,1095.0,0.0,0.0,0.0,0.0,19399.2,0.0,0.0,0.0
Shandong,2002,3851.0,0.0,0.0,18.0,0.0,0.0,0.0,0.0,0.0,0.0,0.0,0.0,23250.2,0.0,0.0,133.0,0.0,0.0,0.0,0.0,0.0,0.0,0.0,0.0,3851.0,0.0,0.0,0.0,0.0,23250.2,0.0,0.0,0.0
Shandong,2003,4635.0,0.0,0.0,28.0,0.0,0.0,0.0,0.0,0.0,0.0,0.0,0.0,27885.2,0.0,0.0,161.0,0.0,0.0,0.0,0.0,0.0,0.0,0.0,0.0,4635.0,0.0,0.0,0.0,0.0,27885.2,0.0,0.0,0.0
Shandong,2004,2065.0,0.0,0.0,30.0,0.0,0.0,0.0,0.0,0.0,0.0,0.0,0.0,29950.2,0.0,0.0,191.0,0.0,0.0,0.0,0.0,0.0,0.0,0.0,0.0,2065.0,0.0,0.0,0.0,0.0,29950.2,0.0,0.0,0.0
Shandong,2005,1358.0,0.0,0.0,11.0,0.0,0.0,0.0,0.0,0.0,0.0,0.0,0.0,31308.2,0.0,0.0,202.0,0.0,0.0,0.0,0.0,0.0,0.0,0.0,0.0,1358.0,0.0,0.0,0.0,0.0,31308.2,0.0,0.0,0.0
Shandong,2006,8660.0,0.0,64.0,31.0,0.0,3.0,0.0,0.0,0.0,0.0,0.0,0.0,39968.2,0.0,64.0,233.0,0.0,3.0,64.0,3.0,0.0,0.0,64.0,3.0,8660.0,64.0,0.0,64.0,0.0,39968.2,64.0,0.0,64.0
Shandong,2007,5600.0,0.0,69.0,17.0,0.0,1.0,714.0,0.0,0.0,12.0,0.0,0.0,44986.2,0.0,133.0,240.0,0.0,4.0,69.0,1.0,0.0,0.0,133.0,4.0,5600.0,69.0,0.0,69.0,714.0,44986.2,133.0,0.0,133.0
Shandong,2008,2925.0,1.0,105.0,11.0,1.0,3.0,750.0,0.0,0.0,7.0,0.0,0.0,47161.2,1.0,238.0,244.0,1.0,7.0,106.0,4.0,0.0,0.0,239.0,8.0,2925.0,105.0,1.0,106.0,750.0,47161.2,238.0,1.0,239.0
Shandong,2009,4960.0,0.0,516.0,22.0,0.0,11.0,1175.0,0.0,0.0,9.0,0.0,0.0,50946.2,1.0,754.0,257.0,1.0,18.0,516.0,11.0,0.0,0.0,755.0,19.0,4960.0,516.0,0.0,516.0,1175.0,50946.2,754.0,1.0,755.0
Shandong,2010,3464.8,51.0,492.0,22.0,4.0,10.0,1280.0,0.0,0.0,8.0,0.0,0.0,53131.0,52.0,1246.0,271.0,5.0,28.0,543.0,14.0,0.0,0.0,1298.0,33.0,3464.8,492.0,51.0,543.0,1280.0,53131.0,1246.0,52.0,1298.0
Shandong,2011,3140.0,1.5,755.0,10.0,1.0,16.0,0.0,0.0,0.0,0.0,0.0,0.0,56271.0,53.5,2001.0,281.0,6.0,44.0,756.5,17.0,0.0,0.0,2054.5,50.0,3140.0,755.0,1.5,756.5,0.0,56271.0,2001.0,53.5,2054.5
Shandong,2012,6275.0,79.0,2034.0,23.0,6.0,41.0,266.0,0.0,0.0,4.0,0.0,0.0,62370.0,132.5,4035.0,302.0,12.0,85.0,2113.0,47.0,0.0,0.0,4167.5,97.0,6275.0,2034.0,79.0,2113.0,266.0,62370.0,4035.0,132.5,4167.5
Shandong,2013,5700.0,54.8,1182.0,22.0,4.0,25.0,100.0,0.0,0.0,2.0,0.0,0.0,67970.0,187.3,5217.0,322.0,16.0,110.0,1236.8,29.0,0.0,0.0,5404.3,126.0,5700.0,1182.0,54.8,1236.8,100.0,67970.0,5217.0,187.3,5404.3
Shandong,2014,3400.0,226.2,1444.0,11.0,12.0,30.0,897.2,0.0,0.0,15.0,0.0,0.0,70792.8,413.5,6661.0,324.0,28.0,140.0,1670.2,42.0,0.0,0.0,7074.5,168.0,3400.0,1444.0,226.2,1670.2,897.2,70792.8,6661.0,413.5,7074.5
Shandong,2015,12456.0,600.1,1101.0,36.0,30.0,22.0,710.0,0.0,0.0,11.0,0.0,0.0,82748.8,1013.6,7762.0,356.0,58.0,162.0,1701.1,52.0,0.0,0.0,8775.6,220.0,12456.0,1101.0,600.1,1701.1,710.0,82748.8,7762.0,1013.6,8775.6
Shandong,2016,7490.0,1800.6,1170.0,19.0,132.0,18.0,1090.0,0.0,0.0,21.0,0.0,0.0,89538.8,2814.2,8932.0,363.0,190.0,180.0,2970.6,150.0,0.0,0.0,11746.2,370.0,7490.0,1170.0,1800.6,2970.6,1090.0,89538.8,8932.0,2814.2,11746.2
Shandong,2017,5087.0,4180.0,1950.0,17.0,606.0,29.0,290.0,30.0,0.0,5.0,1.0,0.0,94575.8,6964.2,10882.0,379.0,795.0,209.0,6130.0,635.0,30.0,1.0,17846.2,1004.0,5087.0,1950.0,4180.0,6130.0,290.0,94575.8,10882.0,6964.2,17846.2
Shandong,2018,1180.0,1223.8999999999999,863.0,6.0,74.0,14.0,763.0,0.0,0.0,9.0,0.0,0.0,95180.8,8188.099999999999,11745.0,380.0,869.0,223.0,2086.8999999999996,88.0,0.0,0.0,19933.1,1092.0,1180.0,863.0,1223.8999999999999,2086.8999999999996,763.0,95180.8,11745.0,8188.099999999999,19933.1
Shandong,2019,4679.0,381.29999999999995,1961.0,16.0,56.0,33.0,715.0,0.0,0.0,9.0,0.0,0.0,99324.8,8569.4,13706.0,391.0,925.0,256.0,2342.3,89.0,0.0,0.0,22275.4,1181.0,4679.0,1961.0,381.29999999999995,2342.3,715.0,99324.8,13706.0,8569.4,22275.4
Shandong,2020,2680.0,1140.3,3113.0,10.0,28.0,48.0,4115.0,0.0,0.0,32.0,0.0,0.0,98499.8,9709.7,16819.0,378.0,953.0,304.0,4253.3,76.0,0.0,0.0,26528.7,1257.0,2680.0,3113.0,1140.3,4253.3,4115.0,98499.8,16819.0,9709.7,26528.7
Shandong,2021,940.0,1437.6,1210.0,8.0,20.0,12.0,870.0,0.0,0.0,14.0,0.0,0.0,98809.8,11147.3,18029.0,376.0,973.0,316.0,2647.6,32.0,0.0,0.0,29176.3,1289.0,940.0,1210.0,1437.6,2647.6,870.0,98809.8,18029.0,11147.3,29176.3
Shandong,2022,4160.0,1322.2,3597.7,12.0,13.0,24.0,1448.0,0.0,0.0,12.0,0.0,0.0,101716.8,12469.499999999998,21626.7,378.0,986.0,340.0,4919.9,37.0,0.0,0.0,34096.2,1326.0,4160.0,3597.7,1322.2,4919.9,1448.0,101716.8,21626.7,12469.499999999998,34096.2
Shandong,2023,2060.0,3687.5,2517.5,6.0,30.0,15.0,2327.8,0.0,0.0,30.0,0.0,0.0,101667.0,16157.0,24144.2,359.0,1016.0,355.0,6205.0,45.0,0.0,0.0,40301.2,1371.0,2060.0,2517.5,3687.5,6205.0,2327.8,101667.0,24144.2,16157.0,40301.2
Shanghai,2000,0.0,0.0,0.0,0.0,0.0,0.0,0.0,0.0,0.0,0.0,0.0,0.0,6342.5,0.0,0.0,28.0,0.0,0.0,0.0,0.0,0.0,0.0,0.0,0.0,0.0,0.0,0.0,0.0,0.0,6342.5,0.0,0.0,0.0
Shanghai,2001,0.0,0.0,0.0,0.0,0.0,0.0,0.0,0.0,0.0,0.0,0.0,0.0,6342.5,0.0,0.0,28.0,0.0,0.0,0.0,0.0,0.0,0.0,0.0,0.0,0.0,0.0,0.0,0.0,0.0,6342.5,0.0,0.0,0.0
Shanghai,2002,1300.0,0.0,0.0,3.0,0.0,0.0,0.0,0.0,0.0,0.0,0.0,0.0,7642.5,0.0,0.0,31.0,0.0,0.0,0.0,0.0,0.0,0.0,0.0,0.0,1300.0,0.0,0.0,0.0,0.0,7642.5,0.0,0.0,0.0
Shanghai,2003,0.0,0.0,0.0,0.0,0.0,0.0,0.0,0.0,0.0,0.0,0.0,0.0,7642.5,0.0,0.0,31.0,0.0,0.0,0.0,0.0,0.0,0.0,0.0,0.0,0.0,0.0,0.0,0.0,0.0,7642.5,0.0,0.0,0.0
Shanghai,2004,1800.0,0.0,0.0,2.0,0.0,0.0,0.0,0.0,0.0,0.0,0.0,0.0,9442.5,0.0,0.0,33.0,0.0,0.0,0.0,0.0,0.0,0.0,0.0,0.0,1800.0,0.0,0.0,0.0,0.0,9442.5,0.0,0.0,0.0
Shanghai,2005,0.0,0.0,0.0,0.0,0.0,0.0,0.0,0.0,0.0,0.0,0.0,0.0,9442.5,0.0,0.0,33.0,0.0,0.0,0.0,0.0,0.0,0.0,0.0,0.0,0.0,0.0,0.0,0.0,0.0,9442.5,0.0,0.0,0.0
Shanghai,2006,0.0,0.0,0.0,0.0,0.0,0.0,0.0,0.0,0.0,0.0,0.0,0.0,9442.5,0.0,0.0,33.0,0.0,0.0,0.0,0.0,0.0,0.0,0.0,0.0,0.0,0.0,0.0,0.0,0.0,9442.5,0.0,0.0,0.0
Shanghai,2007,0.0,0.0,0.0,0.0,0.0,0.0,0.0,0.0,0.0,0.0,0.0,0.0,9442.5,0.0,0.0,33.0,0.0,0.0,0.0,0.0,0.0,0.0,0.0,0.0,0.0,0.0,0.0,0.0,0.0,9442.5,0.0,0.0,0.0
Shanghai,2008,2000.0,0.0,15.0,2.0,0.0,1.0,50.0,0.0,0.0,1.0,0.0,0.0,11392.5,0.0,15.0,34.0,0.0,1.0,15.0,1.0,0.0,0.0,15.0,1.0,2000.0,15.0,0.0,15.0,50.0,11392.5,15.0,0.0,15.0
Shanghai,2009,1920.0,0.0,102.0,4.0,0.0,1.0,0.0,0.0,0.0,0.0,0.0,0.0,13312.5,0.0,117.0,38.0,0.0,2.0,102.0,1.0,0.0,0.0,117.0,2.0,1920.0,102.0,0.0,102.0,0.0,13312.5,117.0,0.0,117.0
Shanghai,2010,2000.0,6.7,0.0,2.0,1.0,0.0,375.0,0.0,0.0,3.0,0.0,0.0,14937.5,6.7,117.0,37.0,1.0,2.0,6.7,1.0,0.0,0.0,123.7,3.0,2000.0,0.0,6.7,6.7,375.0,14937.5,117.0,6.7,123.7
Shanghai,2011,100.0,0.0,162.0,1.0,0.0,6.0,0.0,0.0,0.0,0.0,0.0,0.0,15037.5,6.7,279.0,38.0,1.0,8.0,162.0,6.0,0.0,0.0,285.7,9.0,100.0,162.0,0.0,162.0,0.0,15037.5,279.0,6.7,285.7
Shanghai,2012,0.0,0.0,63.0,0.0,0.0,2.0,0.0,0.0,0.0,0.0,0.0,0.0,15037.5,6.7,342.0,38.0,1.0,10.0,63.0,2.0,0.0,0.0,348.7,11.0,0.0,63.0,0.0,63.0,0.0,15037.5,342.0,6.7,348.7
Shanghai,2013,0.0,0.0,0.0,0.0,0.0,0.0,0.0,0.0,0.0,0.0,0.0,0.0,15037.5,6.7,342.0,38.0,1.0,10.0,0.0,0.0,0.0,0.0,348.7,11.0,0.0,0.0,0.0,0.0,0.0,15037.5,342.0,6.7,348.7
Shanghai,2014,0.0,0.0,102.0,0.0,0.0,1.0,0.0,0.0,0.0,0.0,0.0,0.0,15037.5,6.7,444.0,38.0,1.0,11.0,102.0,1.0,0.0,0.0,450.7,12.0,0.0,102.0,0.0,102.0,0.0,15037.5,444.0,6.7,450.7
Shanghai,2015,0.0,17.7,48.0,0.0,7.0,1.0,0.0,0.0,0.0,0.0,0.0,0.0,15037.5,24.4,492.0,38.0,8.0,12.0,65.7,8.0,0.0,0.0,516.4,20.0,0.0,48.0,17.7,65.7,0.0,15037.5,492.0,24.4,516.4
Shanghai,2016,0.0,40.49999999999999,0.0,0.0,19.0,0.0,137.5,0.0,0.0,2.0,0.0,0.0,14900.0,64.9,492.0,36.0,27.0,12.0,40.49999999999999,19.0,0.0,0.0,556.9,39.0,0.0,0.0,40.49999999999999,40.49999999999999,137.5,14900.0,492.0,64.9,556.9
Shanghai,2017,0.0,106.3,101.0,0.0,43.0,1.0,0.0,0.0,0.0,0.0,0.0,0.0,14900.0,171.2,593.0,36.0,70.0,13.0,207.3,44.0,0.0,0.0,764.2,83.0,0.0,101.0,106.3,207.3,0.0,14900.0,593.0,171.2,764.2
Shanghai,2018,0.0,8.2,0.0,0.0,4.0,0.0,0.0,0.0,0.0,0.0,0.0,0.0,14900.0,179.4,593.0,36.0,74.0,13.0,8.2,4.0,0.0,0.0,772.4,87.0,0.0,0.0,8.2,8.2,0.0,14900.0,593.0,179.4,772.4
Shanghai,2019,0.0,60.400000000000006,106.0,0.0,25.0,1.0,0.0,0.0,0.0,0.0,0.0,0.0,14900.0,239.8,699.0,36.0,99.0,14.0,166.4,26.0,0.0,0.0,938.8,113.0,0.0,106.0,60.400000000000006,166.4,0.0,14900.0,699.0,239.8,938.8
Shanghai,2020,0.0,27.5,0.0,0.0,2.0,0.0,50.0,0.0,0.0,1.0,0.0,0.0,14850.0,267.3,699.0,35.0,101.0,14.0,27.5,2.0,0.0,0.0,966.3,115.0,0.0,0.0,27.5,27.5,50.0,14850.0,699.0,267.3,966.3
Shanghai,2021,0.0,44.0,251.5,0.0,1.0,2.0,0.0,0.0,0.0,0.0,0.0,0.0,14850.0,311.30000000000007,950.5,35.0,102.0,16.0,295.5,3.0,0.0,0.0,1261.8000000000002,118.0,0.0,251.5,44.0,295.5,0.0,14850.0,950.5,311.30000000000007,1261.8000000000002
Shanghai,2022,650.0,0.0,0.0,1.0,0.0,0.0,0.0,0.0,0.0,0.0,0.0,0.0,15500.0,311.30000000000007,950.5,36.0,102.0,16.0,0.0,0.0,0.0,0.0,1261.8000000000002,118.0,650.0,0.0,0.0,0.0,0.0,15500.0,950.5,311.30000000000007,1261.8000000000002
Shanghai,2023,650.0,128.0,0.0,1.0,1.0,0.0,650.0,0.0,0.0,2.0,0.0,0.0,15500.0,439.29999999999995,950.5,35.0,103.0,16.0,128.0,1.0,0.0,0.0,1389.8,119.0,650.0,0.0,128.0,128.0,650.0,15500.0,950.5,439.29999999999995,1389.8
Shanxi,2000,900.0,0.0,0.0,4.0,0.0,0.0,186.0,0.0,0.0,1.0,0.0,0.0,9950.0,0.0,0.0,57.0,0.0,0.0,0.0,0.0,0.0,0.0,0.0,0.0,900.0,0.0,0.0,0.0,186.0,9950.0,0.0,0.0,0.0
Shanxi,2001,1100.0,0.0,0.0,4.0,0.0,0.0,0.0,0.0,0.0,0.0,0.0,0.0,11050.0,0.0,0.0,61.0,0.0,0.0,0.0,0.0,0.0,0.0,0.0,0.0,1100.0,0.0,0.0,0.0,0.0,11050.0,0.0,0.0,0.0
Shanxi,2002,1270.0,0.0,0.0,7.0,0.0,0.0,0.0,0.0,0.0,0.0,0.0,0.0,12320.0,0.0,0.0,68.0,0.0,0.0,0.0,0.0,0.0,0.0,0.0,0.0,1270.0,0.0,0.0,0.0,0.0,12320.0,0.0,0.0,0.0
Shanxi,2003,790.0,0.0,0.0,6.0,0.0,0.0,0.0,0.0,0.0,0.0,0.0,0.0,13110.0,0.0,0.0,74.0,0.0,0.0,0.0,0.0,0.0,0.0,0.0,0.0,790.0,0.0,0.0,0.0,0.0,13110.0,0.0,0.0,0.0
Shanxi,2004,2500.0,0.0,0.0,9.0,0.0,0.0,0.0,0.0,0.0,0.0,0.0,0.0,15610.0,0.0,0.0,83.0,0.0,0.0,0.0,0.0,0.0,0.0,0.0,0.0,2500.0,0.0,0.0,0.0,0.0,15610.0,0.0,0.0,0.0
Shanxi,2005,5085.0,0.0,0.0,18.0,0.0,0.0,0.0,0.0,0.0,0.0,0.0,0.0,20695.0,0.0,0.0,101.0,0.0,0.0,0.0,0.0,0.0,0.0,0.0,0.0,5085.0,0.0,0.0,0.0,0.0,20695.0,0.0,0.0,0.0
Shanxi,2006,3680.0,0.0,0.0,17.0,0.0,0.0,0.0,0.0,0.0,0.0,0.0,0.0,24375.0,0.0,0.0,118.0,0.0,0.0,0.0,0.0,0.0,0.0,0.0,0.0,3680.0,0.0,0.0,0.0,0.0,24375.0,0.0,0.0,0.0
Shanxi,2007,5045.0,0.0,0.0,20.0,0.0,0.0,700.0,0.0,0.0,8.0,0.0,0.0,28720.0,0.0,0.0,130.0,0.0,0.0,0.0,0.0,0.0,0.0,0.0,0.0,5045.0,0.0,0.0,0.0,700.0,28720.0,0.0,0.0,0.0
Shanxi,2008,4370.0,0.0,41.0,12.0,0.0,1.0,100.0,0.0,0.0,1.0,0.0,0.0,32990.0,0.0,41.0,141.0,0.0,1.0,41.0,1.0,0.0,0.0,41.0,1.0,4370.0,41.0,0.0,41.0,100.0,32990.0,41.0,0.0,41.0
Shanxi,2009,4320.0,0.0,134.0,11.0,0.0,3.0,200.0,0.0,0.0,2.0,0.0,0.0,37110.0,0.0,175.0,150.0,0.0,4.0,134.0,3.0,0.0,0.0,175.0,4.0,4320.0,134.0,0.0,134.0,200.0,37110.0,175.0,0.0,175.0
Shanxi,2010,2985.0,0.0,198.0,8.0,0.0,4.0,300.0,0.0,0.0,4.0,0.0,0.0,39795.0,0.0,373.0,154.0,0.0,8.0,198.0,4.0,0.0,0.0,373.0,8.0,2985.0,198.0,0.0,198.0,300.0,39795.0,373.0,0.0,373.0
Shanxi,2011,5216.0,0.0,470.0,14.0,0.0,10.0,100.0,0.0,0.0,2.0,0.0,0.0,44911.0,0.0,843.0,166.0,0.0,18.0,470.0,10.0,0.0,0.0,843.0,18.0,5216.0,470.0,0.0,470.0,100.0,44911.0,843.0,0.0,843.0
Shanxi,2012,4451.0,0.0,1197.0,12.0,0.0,22.0,200.0,0.0,0.0,2.0,0.0,0.0,49162.0,0.0,2040.0,176.0,0.0,40.0,1197.0,22.0,0.0,0.0,2040.0,40.0,4451.0,1197.0,0.0,1197.0,200.0,49162.0,2040.0,0.0,2040.0
Shanxi,2013,1620.0,50.0,1091.5,3.0,2.0,22.0,50.0,0.0,0.0,1.0,0.0,0.0,50732.0,50.0,3131.5,178.0,2.0,62.0,1141.5,24.0,0.0,0.0,3181.5,64.0,1620.0,1091.5,50.0,1141.5,50.0,50732.0,3131.5,50.0,3181.5
Shanxi,2014,2220.0,195.5,2178.5,7.0,5.0,30.0,1300.0,0.0,0.0,8.0,0.0,0.0,51652.0,245.5,5310.0,177.0,7.0,92.0,2374.0,35.0,0.0,0.0,5555.5,99.0,2220.0,2178.5,195.5,2374.0,1300.0,51652.0,5310.0,245.5,5555.5
Shanxi,2015,3300.0,589.5,2082.5,10.0,13.0,32.0,0.0,0.0,0.0,0.0,0.0,0.0,54952.0,835.0,7392.5,187.0,20.0,124.0,2672.0,45.0,0.0,0.0,8227.5,144.0,3300.0,2082.5,589.5,2672.0,0.0,54952.0,7392.5,835.0,8227.5
Shanxi,2016,3420.0,1832.6999999999998,1464.5,8.0,40.0,20.0,300.0,0.0,0.0,4.0,0.0,0.0,58072.0,2667.7,8857.0,191.0,60.0,144.0,3297.2,60.0,0.0,0.0,11524.7,204.0,3420.0,1464.5,1832.6999999999998,3297.2,300.0,58072.0,8857.0,2667.7,11524.7
Shanxi,2017,350.0,2475.0999999999995,1204.5,1.0,84.0,18.0,2000.0,0.0,0.0,11.0,0.0,0.0,56422.0,5142.8,10061.5,181.0,144.0,162.0,3679.5999999999995,102.0,0.0,0.0,15204.3,306.0,350.0,1204.5,2475.0999999999995,3679.5999999999995,2000.0,56422.0,10061.5,5142.8,15204.3
Shanxi,2018,1670.0,1727.1,1358.5,3.0,48.0,20.0,390.0,0.0,0.0,4.0,0.0,0.0,57702.0,6869.9,11420.0,180.0,192.0,182.0,3085.6,68.0,0.0,0.0,18289.9,374.0,1670.0,1358.5,1727.1,3085.6,390.0,57702.0,11420.0,6869.9,18289.9
Shanxi,2019,3310.0,1636.0,1961.0,11.0,29.0,28.0,420.0,0.0,0.0,2.0,0.0,0.0,60592.0,8505.9,13381.0,189.0,221.0,210.0,3597.0,57.0,0.0,0.0,21886.9,431.0,3310.0,1961.0,1636.0,3597.0,420.0,60592.0,13381.0,8505.9,21886.9
Shanxi,2020,2680.0,1980.0,5740.4,5.0,20.0,81.0,700.0,0.0,0.0,5.0,0.0,0.0,62572.0,10485.900000000001,19121.4,189.0,241.0,291.0,7720.4,101.0,0.0,0.0,29607.300000000003,532.0,2680.0,5740.4,1980.0,7720.4,700.0,62572.0,19121.4,10485.900000000001,29607.300000000003
Shanxi,2021,7030.0,1150.0,1392.6,10.0,8.0,24.0,0.0,0.0,0.0,0.0,0.0,0.0,69602.0,11635.9,20514.0,199.0,249.0,315.0,2542.6,32.0,0.0,0.0,32149.9,564.0,7030.0,1392.6,1150.0,2542.6,0.0,69602.0,20514.0,11635.9,32149.9
Shanxi,2022,2350.0,3070.0,1329.0,3.0,27.0,28.0,0.0,0.0,0.0,0.0,0.0,0.0,71952.0,14705.9,21843.0,202.0,276.0,343.0,4399.0,55.0,0.0,0.0,36548.9,619.0,2350.0,1329.0,3070.0,4399.0,0.0,71952.0,21843.0,14705.9,36548.9
Shanxi,2023,2370.0,5010.0,1206.3,5.0,45.0,16.0,0.0,0.0,0.0,0.0,0.0,0.0,74322.0,19715.9,23049.300000000003,207.0,321.0,359.0,6216.3,61.0,0.0,0.0,42765.200000000004,680.0,2370.0,1206.3,5010.0,6216.3,0.0,74322.0,23049.300000000003,19715.9,42765.200000000004
Sichuan,2000,442.0,0.0,0.0,2.0,0.0,0.0,0.0,0.0,0.0,0.0,0.0,0.0,3992.0,0.0,0.0,29.0,0.0,0.0,0.0,0.0,0.0,0.0,0.0,0.0,442.0,0.0,0.0,0.0,0.0,3992.0,0.0,0.0,0.0
Sichuan,2001,142.0,0.0,0.0,1.0,0.0,0.0,0.0,0.0,0.0,0.0,0.0,0.0,4134.0,0.0,0.0,30.0,0.0,0.0,0.0,0.0,0.0,0.0,0.0,0.0,142.0,0.0,0.0,0.0,0.0,4134.0,0.0,0.0,0.0
Sichuan,2002,0.0,0.0,0.0,0.0,0.0,0.0,0.0,0.0,0.0,0.0,0.0,0.0,4134.0,0.0,0.0,30.0,0.0,0.0,0.0,0.0,0.0,0.0,0.0,0.0,0.0,0.0,0.0,0.0,0.0,4134.0,0.0,0.0,0.0
Sichuan,2003,0.0,0.0,0.0,0.0,0.0,0.0,0.0,0.0,0.0,0.0,0.0,0.0,4134.0,0.0,0.0,30.0,0.0,0.0,0.0,0.0,0.0,0.0,0.0,0.0,0.0,0.0,0.0,0.0,0.0,4134.0,0.0,0.0,0.0
Sichuan,2004,270.0,0.0,0.0,2.0,0.0,0.0,0.0,0.0,0.0,0.0,0.0,0.0,4404.0,0.0,0.0,32.0,0.0,0.0,0.0,0.0,0.0,0.0,0.0,0.0,270.0,0.0,0.0,0.0,0.0,4404.0,0.0,0.0,0.0
Sichuan,2005,1300.0,0.0,0.0,7.0,0.0,0.0,0.0,0.0,0.0,0.0,0.0,0.0,5704.0,0.0,0.0,39.0,0.0,0.0,0.0,0.0,0.0,0.0,0.0,0.0,1300.0,0.0,0.0,0.0,0.0,5704.0,0.0,0.0,0.0
Sichuan,2006,2070.0,0.0,0.0,7.0,0.0,0.0,50.0,0.0,0.0,1.0,0.0,0.0,7724.0,0.0,0.0,45.0,0.0,0.0,0.0,0.0,0.0,0.0,0.0,0.0,2070.0,0.0,0.0,0.0,50.0,7724.0,0.0,0.0,0.0
Sichuan,2007,2970.0,0.0,0.0,7.0,0.0,0.0,550.0,0.0,0.0,8.0,0.0,0.0,10244.0,0.0,0.0,46.0,0.0,0.0,0.0,0.0,0.0,0.0,0.0,0.0,2970.0,0.0,0.0,0.0,550.0,10244.0,0.0,0.0,0.0
Sichuan,2008,900.0,0.0,0.0,2.0,0.0,0.0,300.0,0.0,0.0,4.0,0.0,0.0,10944.0,0.0,0.0,46.0,0.0,0.0,0.0,0.0,0.0,0.0,0.0,0.0,900.0,0.0,0.0,0.0,300.0,10944.0,0.0,0.0,0.0
Sichuan,2009,0.0,0.0,0.0,0.0,0.0,0.0,320.0,0.0,0.0,4.0,0.0,0.0,10624.0,0.0,0.0,42.0,0.0,0.0,0.0,0.0,0.0,0.0,0.0,0.0,0.0,0.0,0.0,0.0,320.0,10624.0,0.0,0.0,0.0
Sichuan,2010,0.0,0.0,0.0,0.0,0.0,0.0,0.0,0.0,0.0,0.0,0.0,0.0,10624.0,0.0,0.0,42.0,0.0,0.0,0.0,0.0,0.0,0.0,0.0,0.0,0.0,0.0,0.0,0.0,0.0,10624.0,0.0,0.0,0.0
Sichuan,2011,1800.0,0.0,62.0,3.0,0.0,2.0,634.0,0.0,0.0,5.0,0.0,0.0,11790.0,0.0,62.0,40.0,0.0,2.0,62.0,2.0,0.0,0.0,62.0,2.0,1800.0,62.0,0.0,62.0,634.0,11790.0,62.0,0.0,62.0
Sichuan,2012,765.0,0.0,0.0,4.0,0.0,0.0,270.0,0.0,0.0,2.0,0.0,0.0,12285.0,0.0,62.0,42.0,0.0,2.0,0.0,0.0,0.0,0.0,62.0,2.0,765.0,0.0,0.0,0.0,270.0,12285.0,62.0,0.0,62.0
Sichuan,2013,600.0,40.0,78.0,1.0,3.0,2.0,0.0,0.0,0.0,0.0,0.0,0.0,12885.0,40.0,140.0,43.0,3.0,4.0,118.0,5.0,0.0,0.0,180.0,7.0,600.0,78.0,40.0,118.0,0.0,12885.0,140.0,40.0,180.0
Sichuan,2014,0.0,20.0,298.0,0.0,1.0,6.0,400.0,0.0,0.0,2.0,0.0,0.0,12485.0,60.0,438.0,41.0,4.0,10.0,318.0,7.0,0.0,0.0,498.0,14.0,0.0,298.0,20.0,318.0,400.0,12485.0,438.0,60.0,498.0
Sichuan,2015,0.0,192.1,390.0,0.0,8.0,8.0,300.0,0.0,0.0,3.0,0.0,0.0,12185.0,252.1,828.0,38.0,12.0,18.0,582.1,16.0,0.0,0.0,1080.1,30.0,0.0,390.0,192.1,582.1,300.0,12185.0,828.0,252.1,1080.1
Sichuan,2016,330.0,695.9,381.0,1.0,22.0,8.0,0.0,0.0,0.0,0.0,0.0,0.0,12515.0,948.0,1209.0,39.0,34.0,26.0,1076.9,30.0,0.0,0.0,2157.0,60.0,330.0,381.0,695.9,1076.9,0.0,12515.0,1209.0,948.0,2157.0
Sichuan,2017,0.0,372.8,788.0,0.0,15.0,12.0,0.0,0.0,0.0,0.0,0.0,0.0,12515.0,1320.8000000000002,1997.0,39.0,49.0,38.0,1160.8,27.0,0.0,0.0,3317.8,87.0,0.0,788.0,372.8,1160.8,0.0,12515.0,1997.0,1320.8000000000002,3317.8
Sichuan,2018,0.0,386.3,533.0,0.0,17.0,6.0,820.0,0.0,0.0,6.0,0.0,0.0,11695.0,1707.1,2530.0,33.0,66.0,44.0,919.3,23.0,0.0,0.0,4237.1,110.0,0.0,533.0,386.3,919.3,820.0,11695.0,2530.0,1707.1,4237.1
Sichuan,2019,0.0,8.4,410.0,0.0,1.0,5.0,540.0,0.0,0.0,4.0,0.0,0.0,11155.0,1715.5,2940.0,29.0,67.0,49.0,418.4,6.0,0.0,0.0,4655.5,116.0,0.0,410.0,8.4,418.4,540.0,11155.0,2940.0,1715.5,4655.5
Sichuan,2020,0.0,2.0,954.0,0.0,1.0,12.0,0.0,0.0,0.0,0.0,0.0,0.0,11155.0,1717.5,3894.0,29.0,68.0,61.0,956.0,13.0,0.0,0.0,5611.5,129.0,0.0,954.0,2.0,956.0,0.0,11155.0,3894.0,1717.5,5611.5
Sichuan,2021,2000.0,0.0,954.1,2.0,0.0,13.0,0.0,0.0,0.0,0.0,0.0,0.0,13155.0,1717.5,4848.099999999999,31.0,68.0,74.0,954.1,13.0,0.0,0.0,6565.599999999999,142.0,2000.0,954.1,0.0,954.1,0.0,13155.0,4848.099999999999,1717.5,6565.599999999999
Sichuan,2022,0.0,840.0,200.0,0.0,3.0,2.0,0.0,0.0,0.0,0.0,0.0,0.0,13155.0,2557.5,5048.099999999999,31.0,71.0,76.0,1040.0,5.0,0.0,0.0,7605.599999999999,147.0,0.0,200.0,840.0,1040.0,0.0,13155.0,5048.099999999999,2557.5,7605.599999999999
Sichuan,2023,0.0,2660.0,1234.0,0.0,9.0,11.0,0.0,0.0,0.0,0.0,0.0,0.0,13155.0,5217.5,6282.099999999999,31.0,80.0,87.0,3894.0,20.0,0.0,0.0,11499.599999999999,167.0,0.0,1234.0,2660.0,3894.0,0.0,13155.0,6282.099999999999,5217.5,11499.599999999999
Tianjin,2000,0.0,0.0,0.0,0.0,0.0,0.0,0.0,0.0,0.0,0.0,0.0,0.0,3557.0,0.0,0.0,17.0,0.0,0.0,0.0,0.0,0.0,0.0,0.0,0.0,0.0,0.0,0.0,0.0,0.0,3557.0,0.0,0.0,0.0
Tianjin,2001,0.0,0.0,0.0,0.0,0.0,0.0,0.0,0.0,0.0,0.0,0.0,0.0,3557.0,0.0,0.0,17.0,0.0,0.0,0.0,0.0,0.0,0.0,0.0,0.0,0.0,0.0,0.0,0.0,0.0,3557.0,0.0,0.0,0.0
Tianjin,2002,0.0,0.0,0.0,0.0,0.0,0.0,0.0,0.0,0.0,0.0,0.0,0.0,3557.0,0.0,0.0,17.0,0.0,0.0,0.0,0.0,0.0,0.0,0.0,0.0,0.0,0.0,0.0,0.0,0.0,3557.0,0.0,0.0,0.0
Tianjin,2003,0.0,0.0,0.0,0.0,0.0,0.0,0.0,0.0,0.0,0.0,0.0,0.0,3557.0,0.0,0.0,17.0,0.0,0.0,0.0,0.0,0.0,0.0,0.0,0.0,0.0,0.0,0.0,0.0,0.0,3557.0,0.0,0.0,0.0
Tianjin,2004,0.0,0.0,0.0,0.0,0.0,0.0,0.0,0.0,0.0,0.0,0.0,0.0,3557.0,0.0,0.0,17.0,0.0,0.0,0.0,0.0,0.0,0.0,0.0,0.0,0.0,0.0,0.0,0.0,0.0,3557.0,0.0,0.0,0.0
Tianjin,2005,2127.0,0.0,0.0,6.0,0.0,0.0,0.0,0.0,0.0,0.0,0.0,0.0,5684.0,0.0,0.0,23.0,0.0,0.0,0.0,0.0,0.0,0.0,0.0,0.0,2127.0,0.0,0.0,0.0,0.0,5684.0,0.0,0.0,0.0
Tianjin,2006,300.0,0.0,0.0,1.0,0.0,0.0,0.0,0.0,0.0,0.0,0.0,0.0,5984.0,0.0,0.0,24.0,0.0,0.0,0.0,0.0,0.0,0.0,0.0,0.0,300.0,0.0,0.0,0.0,0.0,5984.0,0.0,0.0,0.0
Tianjin,2007,300.0,0.0,0.0,1.0,0.0,0.0,0.0,0.0,0.0,0.0,0.0,0.0,6284.0,0.0,0.0,25.0,0.0,0.0,0.0,0.0,0.0,0.0,0.0,0.0,300.0,0.0,0.0,0.0,0.0,6284.0,0.0,0.0,0.0
Tianjin,2008,600.0,0.0,0.0,2.0,0.0,0.0,200.0,0.0,0.0,4.0,0.0,0.0,6684.0,0.0,0.0,23.0,0.0,0.0,0.0,0.0,0.0,0.0,0.0,0.0,600.0,0.0,0.0,0.0,200.0,6684.0,0.0,0.0,0.0
Tianjin,2009,2660.0,0.0,0.0,4.0,0.0,0.0,0.0,0.0,0.0,0.0,0.0,0.0,9344.0,0.0,0.0,27.0,0.0,0.0,0.0,0.0,0.0,0.0,0.0,0.0,2660.0,0.0,0.0,0.0,0.0,9344.0,0.0,0.0,0.0
Tianjin,2010,900.0,0.0,12.0,4.0,0.0,1.0,185.0,0.0,0.0,2.0,0.0,0.0,10059.0,0.0,12.0,29.0,0.0,1.0,12.0,1.0,0.0,0.0,12.0,1.0,900.0,12.0,0.0,12.0,185.0,10059.0,12.0,0.0,12.0
Tianjin,2011,0.0,0.0,226.0,0.0,0.0,5.0,150.0,0.0,0.0,2.0,0.0,0.0,9909.0,0.0,238.0,27.0,0.0,6.0,226.0,5.0,0.0,0.0,238.0,6.0,0.0,226.0,0.0,226.0,150.0,9909.0,238.0,0.0,238.0
Tianjin,2012,250.0,0.0,0.0,1.0,0.0,0.0,0.0,0.0,0.0,0.0,0.0,0.0,10159.0,0.0,238.0,28.0,0.0,6.0,0.0,0.0,0.0,0.0,238.0,6.0,250.0,0.0,0.0,0.0,0.0,10159.0,238.0,0.0,238.0
Tianjin,2013,0.0,0.0,50.0,0.0,0.0,1.0,0.0,0.0,0.0,0.0,0.0,0.0,10159.0,0.0,288.0,28.0,0.0,7.0,50.0,1.0,0.0,0.0,288.0,7.0,0.0,50.0,0.0,50.0,0.0,10159.0,288.0,0.0,288.0
Tianjin,2014,700.0,0.0,33.0,2.0,0.0,1.0,50.0,0.0,0.0,1.0,0.0,0.0,10859.0,0.0,321.0,30.0,0.0,8.0,33.0,1.0,0.0,0.0,321.0,8.0,700.0,33.0,0.0,33.0,50.0,10859.0,321.0,0.0,321.0
Tianjin,2015,0.0,4.1,0.0,0.0,2.0,0.0,735.0,0.0,0.0,3.0,0.0,0.0,10124.0,4.1,321.0,27.0,2.0,8.0,4.1,2.0,0.0,0.0,325.1,10.0,0.0,0.0,4.1,4.1,735.0,10124.0,321.0,4.1,325.1
Tianjin,2016,0.0,403.70000000000005,0.0,0.0,9.0,0.0,0.0,0.0,0.0,0.0,0.0,0.0,10124.0,407.79999999999995,321.0,27.0,11.0,8.0,403.70000000000005,9.0,0.0,0.0,728.8,19.0,0.0,0.0,403.70000000000005,403.70000000000005,0.0,10124.0,321.0,407.79999999999995,728.8
Tianjin,2017,0.0,119.9,14.0,0.0,26.0,1.0,840.0,0.0,0.0,4.0,0.0,0.0,9284.0,527.7,335.0,23.0,37.0,9.0,133.9,27.0,0.0,0.0,862.7,46.0,0.0,14.0,119.9,133.9,840.0,9284.0,335.0,527.7,862.7
Tianjin,2018,2000.0,348.8,145.0,2.0,14.0,2.0,0.0,0.0,0.0,0.0,0.0,0.0,11284.0,876.5000000000001,480.0,25.0,51.0,11.0,493.8,16.0,0.0,0.0,1356.5,62.0,2000.0,145.0,348.8,493.8,0.0,11284.0,480.0,876.5000000000001,1356.5
Tianjin,2019,350.0,182.9,132.0,1.0,13.0,2.0,0.0,0.0,0.0,0.0,0.0,0.0,11634.0,1059.4,612.0,26.0,64.0,13.0,314.9,15.0,0.0,0.0,1671.4,77.0,350.0,132.0,182.9,314.9,0.0,11634.0,612.0,1059.4,1671.4
Tianjin,2020,0.0,9.0,176.0,0.0,3.0,4.0,0.0,0.0,0.0,0.0,0.0,0.0,11634.0,1068.3999999999999,788.0,26.0,67.0,17.0,185.0,7.0,0.0,0.0,1856.3999999999999,84.0,0.0,176.0,9.0,185.0,0.0,11634.0,788.0,1068.3999999999999,1856.3999999999999
Tianjin,2021,340.0,0.0,415.0,2.0,0.0,10.0,0.0,0.0,0.0,0.0,0.0,0.0,11974.0,1068.3999999999999,1203.0,28.0,67.0,27.0,415.0,10.0,0.0,0.0,2271.3999999999996,94.0,340.0,415.0,0.0,415.0,0.0,11974.0,1203.0,1068.3999999999999,2271.3999999999996
Tianjin,2022,0.0,390.0,125.0,0.0,4.0,5.0,0.0,0.0,0.0,0.0,0.0,0.0,11974.0,1458.3999999999999,1328.0,28.0,71.0,32.0,515.0,9.0,0.0,0.0,2786.3999999999996,103.0,0.0,125.0,390.0,515.0,0.0,11974.0,1328.0,1458.3999999999999,2786.3999999999996
Tianjin,2023,170.0,2900.0,0.0,1.0,6.0,0.0,0.0,0.0,0.0,0.0,0.0,0.0,12144.0,4358.400000000001,1328.0,29.0,77.0,32.0,2900.0,6.0,0.0,0.0,5686.400000000001,109.0,170.0,0.0,2900.0,2900.0,0.0,12144.0,1328.0,4358.400000000001,5686.400000000001
Xinjiang,2000,175.0,0.0,0.0,2.0,0.0,0.0,0.0,0.0,0.0,0.0,0.0,0.0,1420.0,0.0,0.0,16.0,0.0,0.0,0.0,0.0,0.0,0.0,0.0,0.0,175.0,0.0,0.0,0.0,0.0,1420.0,0.0,0.0,0.0
Xinjiang,2001,400.0,0.0,0.0,2.0,0.0,0.0,0.0,0.0,0.0,0.0,0.0,0.0,1820.0,0.0,0.0,18.0,0.0,0.0,0.0,0.0,0.0,0.0,0.0,0.0,400.0,0.0,0.0,0.0,0.0,1820.0,0.0,0.0,0.0
Xinjiang,2002,150.0,0.0,0.0,3.0,0.0,0.0,0.0,0.0,0.0,0.0,0.0,0.0,1970.0,0.0,0.0,21.0,0.0,0.0,0.0,0.0,0.0,0.0,0.0,0.0,150.0,0.0,0.0,0.0,0.0,1970.0,0.0,0.0,0.0
Xinjiang,2003,770.0,0.0,0.0,6.0,0.0,0.0,0.0,0.0,0.0,0.0,0.0,0.0,2740.0,0.0,0.0,27.0,0.0,0.0,0.0,0.0,0.0,0.0,0.0,0.0,770.0,0.0,0.0,0.0,0.0,2740.0,0.0,0.0,0.0
Xinjiang,2004,50.0,0.0,0.0,1.0,0.0,0.0,0.0,0.0,0.0,0.0,0.0,0.0,2790.0,0.0,0.0,28.0,0.0,0.0,0.0,0.0,0.0,0.0,0.0,0.0,50.0,0.0,0.0,0.0,0.0,2790.0,0.0,0.0,0.0
Xinjiang,2005,50.0,0.0,0.0,1.0,0.0,0.0,0.0,0.0,0.0,0.0,0.0,0.0,2840.0,0.0,0.0,29.0,0.0,0.0,0.0,0.0,0.0,0.0,0.0,0.0,50.0,0.0,0.0,0.0,0.0,2840.0,0.0,0.0,0.0
Xinjiang,2006,1025.0,0.0,60.0,9.0,0.0,2.0,0.0,0.0,0.0,0.0,0.0,0.0,3865.0,0.0,60.0,38.0,0.0,2.0,60.0,2.0,0.0,0.0,60.0,2.0,1025.0,60.0,0.0,60.0,0.0,3865.0,60.0,0.0,60.0
Xinjiang,2007,320.0,0.0,110.0,3.0,0.0,3.0,0.0,0.0,0.0,0.0,0.0,0.0,4185.0,0.0,170.0,41.0,0.0,5.0,110.0,3.0,0.0,0.0,170.0,5.0,320.0,110.0,0.0,110.0,0.0,4185.0,170.0,0.0,170.0
Xinjiang,2008,2030.0,0.0,140.0,14.0,0.0,3.0,0.0,0.0,0.0,0.0,0.0,0.0,6215.0,0.0,310.0,55.0,0.0,8.0,140.0,3.0,0.0,0.0,310.0,8.0,2030.0,140.0,0.0,140.0,0.0,6215.0,310.0,0.0,310.0
Xinjiang,2009,720.0,0.0,272.0,4.0,0.0,6.0,110.0,0.0,0.0,2.0,0.0,0.0,6825.0,0.0,582.0,57.0,0.0,14.0,272.0,6.0,0.0,0.0,582.0,14.0,720.0,272.0,0.0,272.0,110.0,6825.0,582.0,0.0,582.0
Xinjiang,2010,1665.0,0.0,226.0,7.0,0.0,5.0,0.0,0.0,0.0,0.0,0.0,0.0,8490.0,0.0,808.0,64.0,0.0,19.0,226.0,5.0,0.0,0.0,808.0,19.0,1665.0,226.0,0.0,226.0,0.0,8490.0,808.0,0.0,808.0
Xinjiang,2011,4950.0,140.0,370.0,26.0,7.0,8.0,210.0,0.0,0.0,3.0,0.0,0.0,13230.0,140.0,1178.0,87.0,7.0,27.0,510.0,15.0,0.0,0.0,1318.0,34.0,4950.0,370.0,140.0,510.0,210.0,13230.0,1178.0,140.0,1318.0
Xinjiang,2012,5260.0,260.0,750.0,21.0,12.0,15.0,0.0,0.0,0.0,0.0,0.0,0.0,18490.0,400.0,1928.0,108.0,19.0,42.0,1010.0,27.0,0.0,0.0,2328.0,61.0,5260.0,750.0,260.0,1010.0,0.0,18490.0,1928.0,400.0,2328.0
Xinjiang,2013,6025.0,1832.0,2303.0,22.0,84.0,43.0,250.0,0.0,0.0,2.0,0.0,0.0,24265.0,2232.0,4231.0,128.0,103.0,85.0,4135.0,127.0,0.0,0.0,6463.0,188.0,6025.0,2303.0,1832.0,4135.0,250.0,24265.0,4231.0,2232.0,6463.0
Xinjiang,2014,11065.0,1798.0,3547.0,30.0,76.0,47.0,150.0,0.0,0.0,3.0,0.0,0.0,35180.0,4030.0,7778.0,155.0,179.0,132.0,5345.0,123.0,0.0,0.0,11808.0,311.0,11065.0,3547.0,1798.0,5345.0,150.0,35180.0,7778.0,4030.0,11808.0
Xinjiang,2015,6755.0,1510.0,4006.0,17.0,54.0,65.0,100.0,0.0,0.0,2.0,0.0,0.0,41885.0,5540.0,11784.0,171.0,233.0,197.0,5516.0,119.0,0.0,0.0,17324.0,430.0,6755.0,4006.0,1510.0,5516.0,100.0,41885.0,11784.0,5540.0,17324.0
Xinjiang,2016,5605.0,3380.0,5402.0,22.0,113.0,38.0,310.0,0.0,0.0,4.0,0.0,0.0,47180.0,8920.0,17186.0,189.0,346.0,235.0,8782.0,151.0,0.0,0.0,26106.0,581.0,5605.0,5402.0,3380.0,8782.0,310.0,47180.0,17186.0,8920.0,26106.0
Xinjiang,2017,6400.0,511.0,652.0,16.0,24.0,4.0,0.0,0.0,0.0,0.0,0.0,0.0,53580.0,9431.0,17838.0,205.0,370.0,239.0,1163.0,28.0,0.0,0.0,27269.0,609.0,6400.0,652.0,511.0,1163.0,0.0,53580.0,17838.0,9431.0,27269.0
Xinjiang,2018,2370.0,290.0,449.0,5.0,8.0,5.0,2500.0,0.0,0.0,22.0,0.0,0.0,53450.0,9721.0,18287.0,188.0,378.0,244.0,739.0,13.0,0.0,0.0,28008.0,622.0,2370.0,449.0,290.0,739.0,2500.0,53450.0,18287.0,9721.0,28008.0
Xinjiang,2019,5630.0,656.2,1049.0,9.0,8.0,7.0,620.0,0.0,0.0,6.0,0.0,0.0,58460.0,10377.2,19336.0,191.0,386.0,251.0,1705.2,15.0,0.0,0.0,29713.2,637.0,5630.0,1049.0,656.2,1705.2,620.0,58460.0,19336.0,10377.2,29713.2
Xinjiang,2020,5010.0,1470.0,2992.0,9.0,20.0,30.0,0.0,0.0,0.0,0.0,0.0,0.0,63470.0,11847.2,22328.0,200.0,406.0,281.0,4462.0,50.0,0.0,0.0,34175.2,687.0,5010.0,2992.0,1470.0,4462.0,0.0,63470.0,22328.0,11847.2,34175.2
Xinjiang,2021,1010.0,1400.0,1318.5,2.0,12.0,14.0,0.0,0.0,0.0,0.0,0.0,0.0,64480.0,13247.2,23646.5,202.0,418.0,295.0,2718.5,26.0,0.0,0.0,36893.7,713.0,1010.0,1318.5,1400.0,2718.5,0.0,64480.0,23646.5,13247.2,36893.7
Xinjiang,2022,1360.0,2370.0,999.5,3.0,23.0,12.0,0.0,0.0,0.0,0.0,0.0,0.0,65840.0,15617.2,24646.0,205.0,441.0,307.0,3369.5,35.0,0.0,0.0,40263.2,748.0,1360.0,999.5,2370.0,3369.5,0.0,65840.0,24646.0,15617.2,40263.2
Xinjiang,2023,2990.0,15356.4,4881.7,5.0,67.0,35.0,0.0,0.0,108.0,0.0,0.0,4.0,68830.0,30973.6,29419.7,210.0,508.0,338.0,20238.1,102.0,108.0,4.0,60393.3,846.0,2990.0,4881.7,15356.4,20238.1,0.0,68830.0,29419.7,30973.6,60393.3
Xizang,2000,0.0,0.0,0.0,0.0,0.0,0.0,0.0,0.0,0.0,0.0,0.0,0.0,0.0,0.0,0.0,0.0,0.0,0.0,0.0,0.0,0.0,0.0,0.0,0.0,0.0,0.0,0.0,0.0,0.0,0.0,0.0,0.0,0.0
Xizang,2001,0.0,0.0,0.0,0.0,0.0,0.0,0.0,0.0,0.0,0.0,0.0,0.0,0.0,0.0,0.0,0.0,0.0,0.0,0.0,0.0,0.0,0.0,0.0,0.0,0.0,0.0,0.0,0.0,0.0,0.0,0.0,0.0,0.0
Xizang,2002,0.0,0.0,0.0,0.0,0.0,0.0,0.0,0.0,0.0,0.0,0.0,0.0,0.0,0.0,0.0,0.0,0.0,0.0,0.0,0.0,0.0,0.0,0.0,0.0,0.0,0.0,0.0,0.0,0.0,0.0,0.0,0.0,0.0
Xizang,2003,0.0,0.0,0.0,0.0,0.0,0.0,0.0,0.0,0.0,0.0,0.0,0.0,0.0,0.0,0.0,0.0,0.0,0.0,0.0,0.0,0.0,0.0,0.0,0.0,0.0,0.0,0.0,0.0,0.0,0.0,0.0,0.0,0.0
Xizang,2004,0.0,0.0,0.0,0.0,0.0,0.0,0.0,0.0,0.0,0.0,0.0,0.0,0.0,0.0,0.0,0.0,0.0,0.0,0.0,0.0,0.0,0.0,0.0,0.0,0.0,0.0,0.0,0.0,0.0,0.0,0.0,0.0,0.0
Xizang,2005,0.0,0.0,0.0,0.0,0.0,0.0,0.0,0.0,0.0,0.0,0.0,0.0,0.0,0.0,0.0,0.0,0.0,0.0,0.0,0.0,0.0,0.0,0.0,0.0,0.0,0.0,0.0,0.0,0.0,0.0,0.0,0.0,0.0
Xizang,2006,0.0,0.0,0.0,0.0,0.0,0.0,0.0,0.0,0.0,0.0,0.0,0.0,0.0,0.0,0.0,0.0,0.0,0.0,0.0,0.0,0.0,0.0,0.0,0.0,0.0,0.0,0.0,0.0,0.0,0.0,0.0,0.0,0.0
Xizang,2007,0.0,0.0,0.0,0.0,0.0,0.0,0.0,0.0,0.0,0.0,0.0,0.0,0.0,0.0,0.0,0.0,0.0,0.0,0.0,0.0,0.0,0.0,0.0,0.0,0.0,0.0,0.0,0.0,0.0,0.0,0.0,0.0,0.0
Xizang,2008,0.0,0.0,0.0,0.0,0.0,0.0,0.0,0.0,0.0,0.0,0.0,0.0,0.0,0.0,0.0,0.0,0.0,0.0,0.0,0.0,0.0,0.0,0.0,0.0,0.0,0.0,0.0,0.0,0.0,0.0,0.0,0.0,0.0
Xizang,2009,0.0,0.0,0.0,0.0,0.0,0.0,0.0,0.0,0.0,0.0,0.0,0.0,0.0,0.0,0.0,0.0,0.0,0.0,0.0,0.0,0.0,0.0,0.0,0.0,0.0,0.0,0.0,0.0,0.0,0.0,0.0,0.0,0.0
Xizang,2010,0.0,10.0,0.0,0.0,1.0,0.0,0.0,0.0,0.0,0.0,0.0,0.0,0.0,10.0,0.0,0.0,1.0,0.0,10.0,1.0,0.0,0.0,10.0,1.0,0.0,0.0,10.0,10.0,0.0,0.0,0.0,10.0,10.0
Xizang,2011,0.0,30.0,0.0,0.0,3.0,0.0,0.0,0.0,0.0,0.0,0.0,0.0,0.0,40.0,0.0,0.0,4.0,0.0,30.0,3.0,0.0,0.0,40.0,4.0,0.0,0.0,30.0,30.0,0.0,0.0,0.0,40.0,40.0
Xizang,2012,0.0,40.0,0.0,0.0,3.0,0.0,0.0,0.0,0.0,0.0,0.0,0.0,0.0,80.0,0.0,0.0,7.0,0.0,40.0,3.0,0.0,0.0,80.0,7.0,0.0,0.0,40.0,40.0,0.0,0.0,0.0,80.0,80.0
Xizang,2013,0.0,0.0,49.5,0.0,0.0,1.0,0.0,0.0,0.0,0.0,0.0,0.0,0.0,80.0,49.5,0.0,7.0,1.0,49.5,1.0,0.0,0.0,129.5,8.0,0.0,49.5,0.0,49.5,0.0,0.0,49.5,80.0,129.5
Xizang,2014,0.0,30.1,0.0,0.0,2.0,0.0,0.0,0.0,0.0,0.0,0.0,0.0,0.0,110.1,49.5,0.0,9.0,1.0,30.1,2.0,0.0,0.0,159.6,10.0,0.0,0.0,30.1,30.1,0.0,0.0,49.5,110.1,159.6
Xizang,2015,0.0,40.8,0.0,0.0,3.0,0.0,0.0,0.0,0.0,0.0,0.0,0.0,0.0,150.9,49.5,0.0,12.0,1.0,40.8,3.0,0.0,0.0,200.4,13.0,0.0,0.0,40.8,40.8,0.0,0.0,49.5,150.9,200.4
Xizang,2016,0.0,205.0,0.0,0.0,10.0,0.0,0.0,0.0,0.0,0.0,0.0,0.0,0.0,355.9,49.5,0.0,22.0,1.0,205.0,10.0,0.0,0.0,405.4,23.0,0.0,0.0,205.0,205.0,0.0,0.0,49.5,355.9,405.4
Xizang,2017,0.0,384.1,0.0,0.0,19.0,0.0,0.0,0.0,0.0,0.0,0.0,0.0,0.0,740.0,49.5,0.0,41.0,1.0,384.1,19.0,0.0,0.0,789.5,42.0,0.0,0.0,384.1,384.1,0.0,0.0,49.5,740.0,789.5
Xizang,2018,0.0,152.0,0.0,0.0,10.0,0.0,0.0,0.0,0.0,0.0,0.0,0.0,0.0,892.0,49.5,0.0,51.0,1.0,152.0,10.0,0.0,0.0,941.5,52.0,0.0,0.0,152.0,152.0,0.0,0.0,49.5,892.0,941.5
Xizang,2019,0.0,220.0,0.0,0.0,10.0,0.0,0.0,0.0,0.0,0.0,0.0,0.0,0.0,1112.0,49.5,0.0,61.0,1.0,220.0,10.0,0.0,0.0,1161.5,62.0,0.0,0.0,220.0,220.0,0.0,0.0,49.5,1112.0,1161.5
Xizang,2020,0.0,145.0,0.0,0.0,4.0,0.0,0.0,0.0,0.0,0.0,0.0,0.0,0.0,1257.0,49.5,0.0,65.0,1.0,145.0,4.0,0.0,0.0,1306.5,66.0,0.0,0.0,145.0,145.0,0.0,0.0,49.5,1257.0,1306.5
Xizang,2021,0.0,0.0,22.0,0.0,0.0,1.0,0.0,0.0,0.0,0.0,0.0,0.0,0.0,1257.0,71.5,0.0,65.0,2.0,22.0,1.0,0.0,0.0,1328.5,67.0,0.0,22.0,0.0,22.0,0.0,0.0,71.5,1257.0,1328.5
Xizang,2022,0.0,340.0,0.0,0.0,8.0,0.0,0.0,0.0,0.0,0.0,0.0,0.0,0.0,1597.0,71.5,0.0,73.0,2.0,340.0,8.0,0.0,0.0,1668.5,75.0,0.0,0.0,340.0,340.0,0.0,0.0,71.5,1597.0,1668.5
Xizang,2023,0.0,700.0,50.0,0.0,11.0,1.0,0.0,0.0,0.0,0.0,0.0,0.0,0.0,2297.0,121.5,0.0,84.0,3.0,750.0,12.0,0.0,0.0,2418.5,87.0,0.0,50.0,700.0,750.0,0.0,0.0,121.5,2297.0,2418.5
Yunnan,2000,600.0,0.0,0.0,2.0,0.0,0.0,0.0,0.0,0.0,0.0,0.0,0.0,2400.0,0.0,0.0,14.0,0.0,0.0,0.0,0.0,0.0,0.0,0.0,0.0,600.0,0.0,0.0,0.0,0.0,2400.0,0.0,0.0,0.0
Yunnan,2001,0.0,0.0,0.0,0.0,0.0,0.0,100.0,0.0,0.0,2.0,0.0,0.0,2400.0,0.0,0.0,14.0,0.0,0.0,0.0,0.0,0.0,0.0,0.0,0.0,0.0,0.0,0.0,0.0,100.0,2400.0,0.0,0.0,0.0
Yunnan,2002,0.0,0.0,0.0,0.0,0.0,0.0,0.0,0.0,0.0,0.0,0.0,0.0,2400.0,0.0,0.0,14.0,0.0,0.0,0.0,0.0,0.0,0.0,0.0,0.0,0.0,0.0,0.0,0.0,0.0,2400.0,0.0,0.0,0.0
Yunnan,2003,900.0,0.0,0.0,3.0,0.0,0.0,0.0,0.0,0.0,0.0,0.0,0.0,3300.0,0.0,0.0,17.0,0.0,0.0,0.0,0.0,0.0,0.0,0.0,0.0,900.0,0.0,0.0,0.0,0.0,3300.0,0.0,0.0,0.0
Yunnan,2004,435.0,0.0,0.0,2.0,0.0,0.0,0.0,0.0,0.0,0.0,0.0,0.0,3735.0,0.0,0.0,19.0,0.0,0.0,0.0,0.0,0.0,0.0,0.0,0.0,435.0,0.0,0.0,0.0,0.0,3735.0,0.0,0.0,0.0
Yunnan,2005,300.0,0.0,0.0,1.0,0.0,0.0,0.0,0.0,0.0,0.0,0.0,0.0,4035.0,0.0,0.0,20.0,0.0,0.0,0.0,0.0,0.0,0.0,0.0,0.0,300.0,0.0,0.0,0.0,0.0,4035.0,0.0,0.0,0.0
Yunnan,2006,2100.0,0.0,0.0,5.0,0.0,0.0,0.0,0.0,0.0,0.0,0.0,0.0,6135.0,0.0,0.0,25.0,0.0,0.0,0.0,0.0,0.0,0.0,0.0,0.0,2100.0,0.0,0.0,0.0,0.0,6135.0,0.0,0.0,0.0
Yunnan,2007,2100.0,0.0,0.0,6.0,0.0,0.0,0.0,0.0,0.0,0.0,0.0,0.0,8235.0,0.0,0.0,31.0,0.0,0.0,0.0,0.0,0.0,0.0,0.0,0.0,2100.0,0.0,0.0,0.0,0.0,8235.0,0.0,0.0,0.0
Yunnan,2008,1200.0,0.0,79.0,3.0,0.0,2.0,800.0,0.0,0.0,8.0,0.0,0.0,8635.0,0.0,79.0,26.0,0.0,2.0,79.0,2.0,0.0,0.0,79.0,2.0,1200.0,79.0,0.0,79.0,800.0,8635.0,79.0,0.0,79.0
Yunnan,2009,600.0,0.0,0.0,1.0,0.0,0.0,0.0,0.0,0.0,0.0,0.0,0.0,9235.0,0.0,79.0,27.0,0.0,2.0,0.0,0.0,0.0,0.0,79.0,2.0,600.0,0.0,0.0,0.0,0.0,9235.0,79.0,0.0,79.0
Yunnan,2010,600.0,0.0,115.0,1.0,0.0,3.0,0.0,0.0,0.0,0.0,0.0,0.0,9835.0,0.0,194.0,28.0,0.0,5.0,115.0,3.0,0.0,0.0,194.0,5.0,600.0,115.0,0.0,115.0,0.0,9835.0,194.0,0.0,194.0
Yunnan,2011,600.0,0.0,560.0,1.0,0.0,12.0,0.0,0.0,0.0,0.0,0.0,0.0,10435.0,0.0,754.0,29.0,0.0,17.0,560.0,12.0,0.0,0.0,754.0,17.0,600.0,560.0,0.0,560.0,0.0,10435.0,754.0,0.0,754.0
Yunnan,2012,2100.0,0.0,955.0,4.0,0.0,20.0,0.0,0.0,0.0,0.0,0.0,0.0,12535.0,0.0,1709.0,33.0,0.0,37.0,955.0,20.0,0.0,0.0,1709.0,37.0,2100.0,955.0,0.0,955.0,0.0,12535.0,1709.0,0.0,1709.0
Yunnan,2013,0.0,120.0,683.0,0.0,3.0,14.0,0.0,0.0,0.0,0.0,0.0,0.0,12535.0,120.0,2392.0,33.0,3.0,51.0,803.0,17.0,0.0,0.0,2512.0,54.0,0.0,683.0,120.0,803.0,0.0,12535.0,2392.0,120.0,2512.0
Yunnan,2014,0.0,262.0,824.0,0.0,7.0,17.0,0.0,0.0,0.0,0.0,0.0,0.0,12535.0,382.0,3216.0,33.0,10.0,68.0,1086.0,24.0,0.0,0.0,3598.0,78.0,0.0,824.0,262.0,1086.0,0.0,12535.0,3216.0,382.0,3598.0
Yunnan,2015,0.0,795.0,1615.0,0.0,15.0,31.0,0.0,0.0,0.0,0.0,0.0,0.0,12535.0,1177.0,4831.0,33.0,25.0,99.0,2410.0,46.0,0.0,0.0,6008.0,124.0,0.0,1615.0,795.0,2410.0,0.0,12535.0,4831.0,1177.0,6008.0
Yunnan,2016,0.0,769.0,2317.5,0.0,18.0,29.0,0.0,0.0,0.0,0.0,0.0,0.0,12535.0,1946.0,7148.5,33.0,43.0,128.0,3086.5,47.0,0.0,0.0,9094.5,171.0,0.0,2317.5,769.0,3086.5,0.0,12535.0,7148.5,1946.0,9094.5
Yunnan,2017,0.0,421.1,970.5,0.0,14.0,18.0,0.0,0.0,0.0,0.0,0.0,0.0,12535.0,2367.1,8119.0,33.0,57.0,146.0,1391.6,32.0,0.0,0.0,10486.1,203.0,0.0,970.5,421.1,1391.6,0.0,12535.0,8119.0,2367.1,10486.1
Yunnan,2018,0.0,170.0,134.0,0.0,5.0,3.0,0.0,0.0,0.0,0.0,0.0,0.0,12535.0,2537.1,8253.0,33.0,62.0,149.0,304.0,8.0,0.0,0.0,10790.1,211.0,0.0,134.0,170.0,304.0,0.0,12535.0,8253.0,2537.1,10790.1
Yunnan,2019,0.0,111.9,86.0,0.0,4.0,2.0,0.0,0.0,0.0,0.0,0.0,0.0,12535.0,2649.0,8339.0,33.0,66.0,151.0,197.9,6.0,0.0,0.0,10988.0,217.0,0.0,86.0,111.9,197.9,0.0,12535.0,8339.0,2649.0,10988.0
Yunnan,2020,0.0,30.0,245.0,0.0,1.0,5.0,1200.0,0.0,0.0,4.0,0.0,0.0,11335.0,2679.0,8584.0,29.0,67.0,156.0,275.0,6.0,0.0,0.0,11263.0,223.0,0.0,245.0,30.0,275.0,1200.0,11335.0,8584.0,2679.0,11263.0
Yunnan,2021,0.0,100.0,0.0,0.0,1.0,0.0,135.0,0.0,0.0,1.0,0.0,0.0,11200.0,2779.0,8584.0,28.0,68.0,156.0,100.0,1.0,0.0,0.0,11363.0,224.0,0.0,0.0,100.0,100.0,135.0,11200.0,8584.0,2779.0,11363.0
Yunnan,2022,0.0,1607.0,1615.0,0.0,20.0,9.0,0.0,0.0,0.0,0.0,0.0,0.0,11200.0,4386.0,10199.0,28.0,88.0,165.0,3222.0,29.0,0.0,0.0,14585.0,253.0,0.0,1615.0,1607.0,3222.0,0.0,11200.0,10199.0,4386.0,14585.0
Yunnan,2023,0.0,11417.0,4436.0,0.0,106.0,18.0,0.0,0.0,0.0,0.0,0.0,0.0,11200.0,15803.0,14635.0,28.0,194.0,183.0,15853.0,124.0,0.0,0.0,30438.0,377.0,0.0,4436.0,11417.0,15853.0,0.0,11200.0,14635.0,15803.0,30438.0
Zhejiang,2000,1800.0,0.0,0.0,3.0,0.0,0.0,0.0,0.0,0.0,0.0,0.0,0.0,7695.8,0.0,0.0,37.0,0.0,0.0,0.0,0.0,0.0,0.0,0.0,0.0,1800.0,0.0,0.0,0.0,0.0,7695.8,0.0,0.0,0.0
Zhejiang,2001,660.0,0.0,0.0,3.0,0.0,0.0,0.0,0.0,0.0,0.0,0.0,0.0,8355.8,0.0,0.0,40.0,0.0,0.0,0.0,0.0,0.0,0.0,0.0,0.0,660.0,0.0,0.0,0.0,0.0,8355.8,0.0,0.0,0.0
Zhejiang,2002,135.0,0.0,0.0,1.0,0.0,0.0,0.0,0.0,0.0,0.0,0.0,0.0,8490.8,0.0,0.0,41.0,0.0,0.0,0.0,0.0,0.0,0.0,0.0,0.0,135.0,0.0,0.0,0.0,0.0,8490.8,0.0,0.0,0.0
Zhejiang,2003,730.0,0.0,0.0,5.0,0.0,0.0,0.0,0.0,0.0,0.0,0.0,0.0,9220.8,0.0,0.0,46.0,0.0,0.0,0.0,0.0,0.0,0.0,0.0,0.0,730.0,0.0,0.0,0.0,0.0,9220.8,0.0,0.0,0.0
Zhejiang,2004,1609.0,0.0,0.0,6.0,0.0,0.0,0.0,0.0,0.0,0.0,0.0,0.0,10829.8,0.0,0.0,52.0,0.0,0.0,0.0,0.0,0.0,0.0,0.0,0.0,1609.0,0.0,0.0,0.0,0.0,10829.8,0.0,0.0,0.0
Zhejiang,2005,2630.0,0.0,0.0,8.0,0.0,0.0,0.0,0.0,0.0,0.0,0.0,0.0,13459.8,0.0,0.0,60.0,0.0,0.0,0.0,0.0,0.0,0.0,0.0,0.0,2630.0,0.0,0.0,0.0,0.0,13459.8,0.0,0.0,0.0
Zhejiang,2006,6672.0,0.0,0.0,14.0,0.0,0.0,0.0,0.0,0.0,0.0,0.0,0.0,20131.8,0.0,0.0,74.0,0.0,0.0,0.0,0.0,0.0,0.0,0.0,0.0,6672.0,0.0,0.0,0.0,0.0,20131.8,0.0,0.0,0.0
Zhejiang,2007,3000.0,0.0,0.0,4.0,0.0,0.0,100.0,0.0,0.0,2.0,0.0,0.0,23031.8,0.0,0.0,76.0,0.0,0.0,0.0,0.0,0.0,0.0,0.0,0.0,3000.0,0.0,0.0,0.0,100.0,23031.8,0.0,0.0,0.0
Zhejiang,2008,4650.0,0.0,41.0,7.0,0.0,1.0,0.0,0.0,0.0,0.0,0.0,0.0,27681.8,0.0,41.0,83.0,0.0,1.0,41.0,1.0,0.0,0.0,41.0,1.0,4650.0,41.0,0.0,41.0,0.0,27681.8,41.0,0.0,41.0
Zhejiang,2009,3155.0,0.0,68.0,4.0,0.0,3.0,590.0,0.0,0.0,5.0,0.0,0.0,30246.8,0.0,109.0,82.0,0.0,4.0,68.0,3.0,0.0,0.0,109.0,4.0,3155.0,68.0,0.0,68.0,590.0,30246.8,109.0,0.0,109.0
Zhejiang,2010,2120.0,0.0,15.0,8.0,0.0,1.0,530.0,0.0,0.0,4.0,0.0,0.0,31836.8,0.0,124.0,86.0,0.0,5.0,15.0,1.0,0.0,0.0,124.0,5.0,2120.0,15.0,0.0,15.0,530.0,31836.8,124.0,0.0,124.0
Zhejiang,2011,2680.0,0.0,73.0,6.0,0.0,3.0,0.0,0.0,0.0,0.0,0.0,0.0,34516.8,0.0,197.0,92.0,0.0,8.0,73.0,3.0,0.0,0.0,197.0,8.0,2680.0,73.0,0.0,73.0,0.0,34516.8,197.0,0.0,197.0
Zhejiang,2012,0.0,0.0,71.0,0.0,0.0,2.0,125.0,0.0,0.0,1.0,0.0,0.0,34391.8,0.0,268.0,91.0,0.0,10.0,71.0,2.0,0.0,0.0,268.0,10.0,0.0,71.0,0.0,71.0,125.0,34391.8,268.0,0.0,268.0
Zhejiang,2013,0.0,0.0,50.0,0.0,0.0,1.0,135.0,0.0,0.0,1.0,0.0,0.0,34256.8,0.0,318.0,90.0,0.0,11.0,50.0,1.0,0.0,0.0,318.0,11.0,0.0,50.0,0.0,50.0,135.0,34256.8,318.0,0.0,318.0
Zhejiang,2014,5010.0,101.1,241.0,6.0,32.0,7.0,390.0,0.0,0.0,3.0,0.0,0.0,38876.8,101.1,559.0,93.0,32.0,18.0,342.1,39.0,0.0,0.0,660.1,50.0,5010.0,241.0,101.1,342.1,390.0,38876.8,559.0,101.1,660.1
Zhejiang,2015,4010.0,748.4,409.0,6.0,159.0,13.0,135.0,0.0,0.0,1.0,0.0,0.0,42751.8,849.5,968.0,98.0,191.0,31.0,1157.4,172.0,0.0,0.0,1817.5,222.0,4010.0,409.0,748.4,1157.4,135.0,42751.8,968.0,849.5,1817.5
Zhejiang,2016,0.0,1932.6000000000001,92.0,0.0,209.0,4.0,270.0,0.0,0.0,2.0,0.0,0.0,42481.8,2782.1000000000004,1060.0,96.0,400.0,35.0,2024.6000000000001,213.0,0.0,0.0,3842.1000000000004,435.0,0.0,92.0,1932.6000000000001,2024.6000000000001,270.0,42481.8,1060.0,2782.1000000000004,3842.1000000000004
Zhejiang,2017,216.0,3051.9,68.0,4.0,682.0,2.0,0.0,0.0,0.0,0.0,0.0,0.0,42697.8,5834.0,1128.0,100.0,1082.0,37.0,3119.9,684.0,0.0,0.0,6962.0,1119.0,216.0,68.0,3051.9,3119.9,0.0,42697.8,1128.0,5834.0,6962.0
Zhejiang,2018,57.0,728.5,70.0,1.0,94.0,1.0,466.0,0.0,0.0,3.0,0.0,0.0,42288.8,6562.5,1198.0,98.0,1176.0,38.0,798.5,95.0,0.0,0.0,7760.5,1214.0,57.0,70.0,728.5,798.5,466.0,42288.8,1198.0,6562.5,7760.5
Zhejiang,2019,45.0,890.0,312.0,1.0,184.0,2.0,125.0,0.0,0.0,1.0,0.0,0.0,42208.8,7452.5,1510.0,98.0,1360.0,40.0,1202.0,186.0,0.0,0.0,8962.5,1400.0,45.0,312.0,890.0,1202.0,125.0,42208.8,1510.0,7452.5,8962.5
Zhejiang,2020,1320.0,241.2,282.0,2.0,17.0,3.0,565.0,0.0,0.0,3.0,0.0,0.0,42963.8,7693.7,1792.0,97.0,1377.0,43.0,523.2,20.0,0.0,0.0,9485.7,1420.0,1320.0,282.0,241.2,523.2,565.0,42963.8,1792.0,7693.7,9485.7
Zhejiang,2021,297.0,1366.2,1535.0,6.0,11.0,5.0,0.0,0.0,0.0,0.0,0.0,0.0,43260.8,9059.899999999998,3327.0,103.0,1388.0,48.0,2901.2,16.0,0.0,0.0,12386.899999999998,1436.0,297.0,1535.0,1366.2,2901.2,0.0,43260.8,3327.0,9059.899999999998,12386.899999999998
Zhejiang,2022,57.0,470.0,1101.0,1.0,8.0,3.0,0.0,0.0,0.0,0.0,0.0,0.0,43317.8,9529.9,4428.0,104.0,1396.0,51.0,1571.0,11.0,0.0,0.0,13957.9,1447.0,57.0,1101.0,470.0,1571.0,0.0,43317.8,4428.0,9529.9,13957.9
Zhejiang,2023,2070.0,440.0,601.0,4.0,4.0,2.0,0.0,0.0,0.0,0.0,0.0,0.0,45387.8,9969.9,5029.0,108.0,1400.0,53.0,1041.0,6.0,0.0,0.0,14998.9,1453.0,2070.0,601.0,440.0,1041.0,0.0,45387.8,5029.0,9969.9,14998.9
