province_cn,year,bank_category,assets,outlets,category_reported,province_year_present,province
上海市,2005,policy,1104.8,,1.0,1.0,Shanghai
上海市,2005,large,13301.08,,1.0,1.0,Shanghai
上海市,2005,joint_stock,6732.33,,1.0,1.0,Shanghai
上海市,2005,postal,509.27,,1.0,1.0,Shanghai
上海市,2005,city,2304.45,,1.0,1.0,Shanghai
上海市,2005,rural,1267.19,,1.0,1.0,Shanghai
上海市,2005,foreign,3908.66,,1.0,1.0,Shanghai
上海市,2006,policy,1197.0,,1.0,1.0,Shanghai
上海市,2006,large,16113.0,,1.0,1.0,Shanghai
上海市,2006,joint_stock,8172.0,,1.0,1.0,Shanghai
上海市,2006,postal,522.0,,1.0,1.0,Shanghai
上海市,2006,city,2599.0,,2.0,1.0,Shanghai
上海市,2006,rural,1358.0,,1.0,1.0,Shanghai
上海市,2006,foreign,5094.0,,1.0,1.0,Shanghai
上海市,2007,policy,1477.0,14.0,1.0,1.0,Shanghai
上海市,2007,large,20327.0,1464.0,1.0,1.0,Shanghai
上海市,2007,joint_stock,16141.0,452.0,1.0,1.0,Shanghai
上海市,2007,postal,539.0,444.0,1.0,1.0,Shanghai
上海市,2007,city,2997.0,211.0,1.0,1.0,Shanghai
上海市,2007,rural,1534.0,330.0,1.0,1.0,Shanghai
上海市,2007,foreign,7567.0,131.0,1.0,1.0,Shanghai
上海市,2008,policy,2116.0,14.0,1.0,1.0,Shanghai
上海市,2008,large,21471.0,1476.0,1.0,1.0,Shanghai
上海市,2008,joint_stock,13670.0,482.0,1.0,1.0,Shanghai
上海市,2008,postal,651.0,447.0,1.0,1.0,Shanghai
上海市,2008,city,3851.0,223.0,1.0,1.0,Shanghai
上海市,2008,rural,1710.0,333.0,2.0,1.0,Shanghai
上海市,2008,foreign,8567.0,157.0,1.0,1.0,Shanghai
上海市,2009,policy,2269.0,14.0,1.0,1.0,Shanghai
上海市,2009,large,25904.0,1484.0,1.0,1.0,Shanghai
上海市,2009,joint_stock,16980.0,510.0,1.0,1.0,Shanghai
上海市,2009,postal,766.0,452.0,1.0,1.0,Shanghai
上海市,2009,city,5234.0,237.0,1.0,1.0,Shanghai
上海市,2009,rural,2158.0,351.0,2.0,1.0,Shanghai
上海市,2009,foreign,7293.0,174.5,1.0,1.0,Shanghai
上海市,2010,policy,2677.9,14.0,1.0,1.0,Shanghai
上海市,2010,large,30842.7,1496.0,1.0,1.0,Shanghai
上海市,2010,joint_stock,14633.1,552.0,1.0,1.0,Shanghai
上海市,2010,postal,924.5,453.0,1.0,1.0,Shanghai
上海市,2010,city,6245.5,264.0,1.0,1.0,Shanghai
上海市,2010,rural,2597.4,332.0,2.0,1.0,Shanghai
上海市,2010,foreign,8657.3,192.0,1.0,1.0,Shanghai
上海市,2011,policy,2781.0,14.0,1.0,1.0,Shanghai
上海市,2011,large,29905.0,1510.0,1.0,1.0,Shanghai
上海市,2011,joint_stock,28516.0,571.0,1.0,1.0,Shanghai
上海市,2011,postal,1113.0,456.0,1.0,1.0,Shanghai
上海市,2011,city,7449.0,284.0,1.0,1.0,Shanghai
上海市,2011,rural,3236.0,353.0,2.0,1.0,Shanghai
上海市,2011,foreign,10020.0,201.0,1.0,1.0,Shanghai
上海市,2012,policy,2940.0,14.0,1.0,1.0,Shanghai
上海市,2012,large,32815.0,1548.0,1.0,1.0,Shanghai
上海市,2012,joint_stock,24696.0,619.0,1.0,1.0,Shanghai
上海市,2012,postal,1320.0,460.0,1.0,1.0,Shanghai
上海市,2012,city,9169.0,307.0,1.0,1.0,Shanghai
上海市,2012,rural,3696.0,379.0,2.0,1.0,Shanghai
上海市,2012,foreign,10860.0,200.0,1.0,1.0,Shanghai
上海市,2013,policy,3249.0,14.0,1.0,1.0,Shanghai
上海市,2013,large,34360.0,1559.0,1.0,1.0,Shanghai
上海市,2013,joint_stock,26047.0,650.0,1.0,1.0,Shanghai
上海市,2013,postal,1476.0,471.0,1.0,1.0,Shanghai
上海市,2013,city,10771.0,335.0,1.0,1.0,Shanghai
上海市,2013,rural,4219.0,397.0,2.0,1.0,Shanghai
上海市,2013,foreign,11897.0,215.0,1.0,1.0,Shanghai
上海市,2014,policy,3425.0,14.0,1.0,1.0,Shanghai
上海市,2014,large,42973.0,1713.0,1.0,1.0,Shanghai
上海市,2014,joint_stock,25315.0,864.0,1.0,1.0,Shanghai
上海市,2014,postal,1566.0,466.0,1.0,1.0,Shanghai
上海市,2014,city,14055.0,366.0,1.0,1.0,Shanghai
上海市,2014,rural,4830.0,409.0,2.0,1.0,Shanghai
上海市,2014,foreign,13215.0,219.0,1.0,1.0,Shanghai
上海市,2015,policy,3995.0,14.0,1.0,1.0,Shanghai
上海市,2015,large,53653.0,1703.0,1.0,1.0,Shanghai
上海市,2015,joint_stock,29906.0,638.0,1.0,1.0,Shanghai
上海市,2015,postal,1664.0,483.0,1.0,1.0,Shanghai
上海市,2015,city,17300.0,374.0,1.0,1.0,Shanghai
上海市,2015,rural,5807.0,428.0,2.0,1.0,Shanghai
上海市,2015,foreign,12653.0,212.0,1.0,1.0,Shanghai
上海市,2016,policy,4192.0,14.0,1.0,1.0,Shanghai
上海市,2016,large,50522.0,1702.0,1.0,1.0,Shanghai
上海市,2016,joint_stock,34742.0,731.0,1.0,1.0,Shanghai
上海市,2016,postal,1893.0,484.0,1.0,1.0,Shanghai
上海市,2016,city,20484.0,383.0,1.0,1.0,Shanghai
上海市,2016,rural,7044.0,415.0,2.0,1.0,Shanghai
上海市,2016,foreign,13824.0,213.0,1.0,1.0,Shanghai
上海市,2017,policy,4816.0,14.0,1.0,1.0,Shanghai
上海市,2017,large,50365.0,1690.0,1.0,1.0,Shanghai
上海市,2017,joint_stock,32376.0,723.0,1.0,1.0,Shanghai
上海市,2017,postal,1881.0,485.0,1.0,1.0,Shanghai
上海市,2017,city,20211.0,394.0,1.0,1.0,Shanghai
上海市,2017,rural,7993.0,531.0,2.0,1.0,Shanghai
上海市,2017,foreign,15626.0,213.0,1.0,1.0,Shanghai
上海市,2018,policy,7707.0,90.0,1.0,1.0,Shanghai
上海市,2018,large,11734.0,1999.0,1.0,1.0,Shanghai
上海市,2018,joint_stock,2379.0,207.0,1.0,1.0,Shanghai
上海市,2018,postal,2477.0,1636.0,1.0,1.0,Shanghai
上海市,2018,city,8862.0,575.0,2.0,1.0,Shanghai
上海市,2018,rural,4866.0,2037.0,2.0,1.0,Shanghai
上海市,2018,foreign,42.0,7.0,1.0,1.0,Shanghai
上海市,2019,policy,4539.0,15.0,1.0,1.0,Shanghai
上海市,2019,large,54908.0,1648.0,1.0,1.0,Shanghai
上海市,2019,joint_stock,37439.0,829.0,1.0,1.0,Shanghai
上海市,2019,postal,2230.0,482.0,1.0,1.0,Shanghai
上海市,2019,city,24642.0,465.0,1.0,1.0,Shanghai
上海市,2019,rural,9210.0,521.0,2.0,1.0,Shanghai
上海市,2019,foreign,14478.0,211.0,1.0,1.0,Shanghai
上海市,2020,policy,4394.0,14.0,1.0,1.0,Shanghai
上海市,2020,large,65233.0,1643.0,1.0,1.0,Shanghai
上海市,2020,joint_stock,45045.0,857.0,1.0,1.0,Shanghai
上海市,2020,postal,2621.0,486.0,1.0,1.0,Shanghai
上海市,2020,city,27848.0,476.0,1.0,1.0,Shanghai
上海市,2020,rural,10431.0,520.0,2.0,1.0,Shanghai
上海市,2020,foreign,16368.0,209.0,1.0,1.0,Shanghai
上海市,2021,policy,5249.0,15.0,1.0,1.0,Shanghai
上海市,2021,large,74038.0,1625.0,1.0,1.0,Shanghai
上海市,2021,joint_stock,50745.0,873.0,1.0,1.0,Shanghai
上海市,2021,postal,2730.0,485.0,1.0,1.0,Shanghai
上海市,2021,city,29883.0,481.0,1.0,1.0,Shanghai
上海市,2021,rural,11344.0,513.0,2.0,1.0,Shanghai
上海市,2021,foreign,16056.0,200.0,1.0,1.0,Shanghai
上海市,2022,policy,5732.0,14.0,1.0,1.0,Shanghai
上海市,2022,large,81849.0,1617.0,1.0,1.0,Shanghai
上海市,2022,joint_stock,56596.0,886.0,1.0,1.0,Shanghai
上海市,2022,postal,3006.0,486.0,1.0,1.0,Shanghai
上海市,2022,city,33061.0,490.0,1.0,1.0,Shanghai
上海市,2022,rural,12409.0,510.0,2.0,1.0,Shanghai
上海市,2022,foreign,16329.0,200.0,1.0,1.0,Shanghai
云南省,2005,policy,595.9,,1.0,1.0,Yunnan
云南省,2005,large,3459.1,,1.0,1.0,Yunnan
云南省,2005,joint_stock,337.8,,1.0,1.0,Yunnan
云南省,2005,postal,149.7,,1.0,1.0,Yunnan
云南省,2005,city,294.8,,2.0,1.0,Yunnan
云南省,2005,rural,1140.1,,1.0,1.0,Yunnan
云南省,2005,foreign,7.3,,1.0,1.0,Yunnan
云南省,2006,policy,717.0,,1.0,1.0,Yunnan
云南省,2006,large,3857.0,,1.0,1.0,Yunnan
云南省,2006,joint_stock,1133.0,,1.0,1.0,Yunnan
云南省,2006,postal,172.0,,1.0,1.0,Yunnan
云南省,2006,city,348.0,,2.0,1.0,Yunnan
云南省,2006,rural,1252.0,,1.0,1.0,Yunnan
云南省,2006,foreign,5.0,,1.0,1.0,Yunnan
云南省,2007,policy,896.0,87.0,1.0,1.0,Yunnan
云南省,2007,large,4925.0,1560.0,1.0,1.0,Yunnan
云南省,2007,joint_stock,1147.0,89.0,1.0,1.0,Yunnan
云南省,2007,postal,173.0,753.0,1.0,1.0,Yunnan
云南省,2007,city,404.0,112.0,2.0,1.0,Yunnan
云南省,2007,rural,1540.0,2435.0,1.0,1.0,Yunnan
云南省,2007,foreign,3.0,1.0,1.0,1.0,Yunnan
云南省,2008,policy,1132.0,87.0,1.0,1.0,Yunnan
云南省,2008,large,5309.0,1549.0,1.0,1.0,Yunnan
云南省,2008,joint_stock,1327.0,105.0,1.0,1.0,Yunnan
云南省,2008,postal,219.0,1.0,1.0,1.0,Yunnan
云南省,2008,city,473.0,113.0,2.0,1.0,Yunnan
云南省,2008,rural,1864.0,2364.0,2.0,1.0,Yunnan
云南省,2008,foreign,3.0,2.0,1.0,1.0,Yunnan
云南省,2009,policy,1392.0,87.0,1.0,1.0,Yunnan
云南省,2009,large,6741.0,1548.0,1.0,1.0,Yunnan
云南省,2009,joint_stock,1942.0,117.0,1.0,1.0,Yunnan
云南省,2009,postal,313.0,809.0,1.0,1.0,Yunnan
云南省,2009,city,660.0,123.0,2.0,1.0,Yunnan
云南省,2009,rural,2549.0,2443.0,2.0,1.0,Yunnan
云南省,2009,foreign,3.0,2.0,1.0,1.0,Yunnan
云南省,2010,policy,1828.0,81.0,1.0,1.0,Yunnan
云南省,2010,large,7783.0,1551.0,1.0,1.0,Yunnan
云南省,2010,joint_stock,2273.0,138.0,1.0,1.0,Yunnan
云南省,2010,postal,405.0,825.0,1.0,1.0,Yunnan
云南省,2010,city,891.0,131.0,2.0,1.0,Yunnan
云南省,2010,rural,3100.0,2399.0,2.0,1.0,Yunnan
云南省,2010,foreign,14.0,2.0,1.0,1.0,Yunnan
云南省,2011,policy,2202.4,88.0,1.0,1.0,Yunnan
云南省,2011,large,8729.5,1566.0,1.0,1.0,Yunnan
云南省,2011,joint_stock,2708.8,147.0,1.0,1.0,Yunnan
云南省,2011,postal,467.6,829.0,1.0,1.0,Yunnan
云南省,2011,city,1052.2,137.0,1.0,1.0,Yunnan
云南省,2011,rural,3747.5,2401.0,2.0,1.0,Yunnan
云南省,2011,foreign,25.7,3.0,1.0,1.0,Yunnan
云南省,2012,policy,2541.8,88.0,1.0,1.0,Yunnan
云南省,2012,large,9766.0,1584.0,1.0,1.0,Yunnan
云南省,2012,joint_stock,3897.8,163.0,1.0,1.0,Yunnan
云南省,2012,postal,588.3,851.0,1.0,1.0,Yunnan
云南省,2012,city,1326.0,149.0,1.0,1.0,Yunnan
云南省,2012,rural,4827.3,2424.0,2.0,1.0,Yunnan
云南省,2012,foreign,33.5,4.0,1.0,1.0,Yunnan
云南省,2013,policy,2845.9,88.0,1.0,1.0,Yunnan
云南省,2013,large,10728.8,1594.0,1.0,1.0,Yunnan
云南省,2013,joint_stock,4513.6,183.0,1.0,1.0,Yunnan
云南省,2013,postal,662.1,860.0,1.0,1.0,Yunnan
云南省,2013,city,1528.8,161.0,1.0,1.0,Yunnan
云南省,2013,rural,6276.599999999999,2440.0,2.0,1.0,Yunnan
云南省,2013,foreign,45.7,4.0,1.0,1.0,Yunnan
云南省,2014,policy,3308.1,88.0,1.0,1.0,Yunnan
云南省,2014,large,10912.6,1595.0,1.0,1.0,Yunnan
云南省,2014,joint_stock,4618.1,296.0,1.0,1.0,Yunnan
云南省,2014,postal,794.1,863.0,1.0,1.0,Yunnan
云南省,2014,city,1822.6,174.0,1.0,1.0,Yunnan
云南省,2014,rural,7360.200000000001,2454.0,2.0,1.0,Yunnan
云南省,2014,foreign,56.6,6.0,1.0,1.0,Yunnan
云南省,2015,policy,4343.0,88.0,1.0,1.0,Yunnan
云南省,2015,large,11603.0,1600.0,1.0,1.0,Yunnan
云南省,2015,joint_stock,5001.0,422.0,1.0,1.0,Yunnan
云南省,2015,postal,860.0,876.0,1.0,1.0,Yunnan
云南省,2015,city,2104.0,202.0,1.0,1.0,Yunnan
云南省,2015,rural,8785.0,2459.0,2.0,1.0,Yunnan
云南省,2015,foreign,79.0,6.0,1.0,1.0,Yunnan
云南省,2016,policy,5213.0,88.0,1.0,1.0,Yunnan
云南省,2016,large,12437.0,1601.0,1.0,1.0,Yunnan
云南省,2016,joint_stock,5047.0,436.0,1.0,1.0,Yunnan
云南省,2016,postal,973.0,853.0,1.0,1.0,Yunnan
云南省,2016,city,2881.0,216.0,1.0,1.0,Yunnan
云南省,2016,rural,9509.0,2440.0,2.0,1.0,Yunnan
云南省,2016,foreign,52.0,6.0,1.0,1.0,Yunnan
云南省,2017,policy,6089.0,89.0,1.0,1.0,Yunnan
云南省,2017,large,13348.0,1601.0,1.0,1.0,Yunnan
云南省,2017,joint_stock,4136.0,411.0,1.0,1.0,Yunnan
云南省,2017,postal,1132.0,855.0,1.0,1.0,Yunnan
云南省,2017,city,3598.0,230.0,1.0,1.0,Yunnan
云南省,2017,rural,10517.0,2438.0,2.0,1.0,Yunnan
云南省,2017,foreign,62.0,7.0,1.0,1.0,Yunnan
云南省,2018,policy,6460.0,89.0,1.0,1.0,Yunnan
云南省,2018,large,14055.0,1564.0,1.0,1.0,Yunnan
云南省,2018,joint_stock,3838.0,396.0,1.0,1.0,Yunnan
云南省,2018,postal,1310.0,854.0,1.0,1.0,Yunnan
云南省,2018,city,3866.0,233.0,2.0,1.0,Yunnan
云南省,2018,rural,10198.0,2424.0,2.0,1.0,Yunnan
云南省,2018,foreign,76.0,7.0,1.0,1.0,Yunnan
云南省,2019,policy,6832.0,89.0,1.0,1.0,Yunnan
云南省,2019,large,16615.0,2420.0,1.0,1.0,Yunnan
云南省,2019,joint_stock,4227.0,393.0,1.0,1.0,Yunnan
云南省,2019,postal,0.0,0.0,,1.0,Yunnan
云南省,2019,city,4324.0,226.0,2.0,1.0,Yunnan
云南省,2019,rural,10637.0,2407.0,2.0,1.0,Yunnan
云南省,2019,foreign,88.0,7.0,1.0,1.0,Yunnan
云南省,2020,policy,7259.0,89.0,1.0,1.0,Yunnan
云南省,2020,large,18106.0,2426.0,1.0,1.0,Yunnan
云南省,2020,joint_stock,4679.0,384.0,1.0,1.0,Yunnan
云南省,2020,postal,0.0,0.0,,1.0,Yunnan
云南省,2020,city,4932.0,241.0,1.0,1.0,Yunnan
云南省,2020,rural,11420.0,2396.0,2.0,1.0,Yunnan
云南省,2020,foreign,88.0,7.0,1.0,1.0,Yunnan
云南省,2021,policy,7579.0,89.0,1.0,1.0,Yunnan
云南省,2021,large,17246.0,1552.0,1.0,1.0,Yunnan
云南省,2021,joint_stock,5021.0,380.0,1.0,1.0,Yunnan
云南省,2021,postal,1916.0,864.0,1.0,1.0,Yunnan
云南省,2021,city,5276.0,246.0,2.0,1.0,Yunnan
云南省,2021,rural,12271.0,2596.0,2.0,1.0,Yunnan
云南省,2021,foreign,102.0,7.0,1.0,1.0,Yunnan
云南省,2022,policy,7473.0,89.0,1.0,1.0,Yunnan
云南省,2022,large,19165.0,1547.0,1.0,1.0,Yunnan
云南省,2022,joint_stock,5517.0,374.0,1.0,1.0,Yunnan
云南省,2022,postal,2064.0,880.0,1.0,1.0,Yunnan
云南省,2022,city,5587.0,258.0,2.0,1.0,Yunnan
云南省,2022,rural,12756.0,2395.0,2.0,1.0,Yunnan
云南省,2022,foreign,120.0,7.0,1.0,1.0,Yunnan
内蒙古自治区,2005,policy,584.6,,1.0,1.0,Neimenggu
内蒙古自治区,2005,large,2338.5,,1.0,1.0,Neimenggu
内蒙古自治区,2005,joint_stock,40.0,,1.0,1.0,Neimenggu
内蒙古自治区,2005,postal,213.3,,1.0,1.0,Neimenggu
内蒙古自治区,2005,city,331.7,,2.0,1.0,Neimenggu
内蒙古自治区,2005,rural,466.9,,1.0,1.0,Neimenggu
内蒙古自治区,2005,foreign,0.0,0.0,,1.0,Neimenggu
内蒙古自治区,2006,policy,689.6,,1.0,1.0,Neimenggu
内蒙古自治区,2006,large,2728.9,,1.0,1.0,Neimenggu
内蒙古自治区,2006,joint_stock,90.1,,1.0,1.0,Neimenggu
内蒙古自治区,2006,postal,244.2,,1.0,1.0,Neimenggu
内蒙古自治区,2006,city,546.9,,2.0,1.0,Neimenggu
内蒙古自治区,2006,rural,601.6,,1.0,1.0,Neimenggu
内蒙古自治区,2006,foreign,0.0,0.0,,1.0,Neimenggu
内蒙古自治区,2007,policy,822.4,85.0,1.0,1.0,Neimenggu
内蒙古自治区,2007,large,3120.3,1637.0,1.0,1.0,Neimenggu
内蒙古自治区,2007,joint_stock,184.8,19.0,1.0,1.0,Neimenggu
内蒙古自治区,2007,postal,259.4,714.0,1.0,1.0,Neimenggu
内蒙古自治区,2007,city,746.2,184.0,2.0,1.0,Neimenggu
内蒙古自治区,2007,rural,776.5,2461.0,1.0,1.0,Neimenggu
内蒙古自治区,2007,foreign,0.0,0.0,1.0,1.0,Neimenggu
内蒙古自治区,2008,policy,1070.0,85.0,1.0,1.0,Neimenggu
内蒙古自治区,2008,large,4023.0,1585.0,1.0,1.0,Neimenggu
内蒙古自治区,2008,joint_stock,446.0,14.0,1.0,1.0,Neimenggu
内蒙古自治区,2008,postal,318.0,126.0,1.0,1.0,Neimenggu
内蒙古自治区,2008,city,943.0,186.0,1.0,1.0,Neimenggu
内蒙古自治区,2008,rural,1208.0,2369.0,2.0,1.0,Neimenggu
内蒙古自治区,2008,foreign,0.0,0.0,,1.0,Neimenggu
内蒙古自治区,2009,policy,1386.0,85.0,1.0,1.0,Neimenggu
内蒙古自治区,2009,large,5157.0,1564.0,1.0,1.0,Neimenggu
内蒙古自治区,2009,joint_stock,711.0,36.0,1.0,1.0,Neimenggu
内蒙古自治区,2009,postal,384.0,401.0,1.0,1.0,Neimenggu
内蒙古自治区,2009,city,1344.0,199.0,1.0,1.0,Neimenggu
内蒙古自治区,2009,rural,1734.0,2507.0,2.0,1.0,Neimenggu
内蒙古自治区,2009,foreign,0.0,0.0,,1.0,Neimenggu
内蒙古自治区,2010,policy,1686.0,85.0,1.0,1.0,Neimenggu
内蒙古自治区,2010,large,6139.0,1576.0,1.0,1.0,Neimenggu
内蒙古自治区,2010,joint_stock,931.0,32.0,1.0,1.0,Neimenggu
内蒙古自治区,2010,postal,433.0,402.0,1.0,1.0,Neimenggu
内蒙古自治区,2010,city,1848.0,224.0,1.0,1.0,Neimenggu
内蒙古自治区,2010,rural,2051.0,2301.0,2.0,1.0,Neimenggu
内蒙古自治区,2010,foreign,2.0,1.0,1.0,1.0,Neimenggu
内蒙古自治区,2011,policy,1986.0,85.0,1.0,1.0,Neimenggu
内蒙古自治区,2011,large,6847.0,1593.0,1.0,1.0,Neimenggu
内蒙古自治区,2011,joint_stock,1486.0,44.0,1.0,1.0,Neimenggu
内蒙古自治区,2011,postal,506.0,387.0,1.0,1.0,Neimenggu
内蒙古自治区,2011,city,2730.0,240.0,2.0,1.0,Neimenggu
内蒙古自治区,2011,rural,2686.0,2334.0,2.0,1.0,Neimenggu
内蒙古自治区,2011,foreign,8.0,1.0,1.0,1.0,Neimenggu
内蒙古自治区,2012,policy,2293.1,85.0,1.0,1.0,Neimenggu
内蒙古自治区,2012,large,7575.3,1624.0,1.0,1.0,Neimenggu
内蒙古自治区,2012,joint_stock,1880.8,56.0,1.0,1.0,Neimenggu
内蒙古自治区,2012,postal,624.5,792.0,1.0,1.0,Neimenggu
内蒙古自治区,2012,city,3191.9,278.0,1.0,1.0,Neimenggu
内蒙古自治区,2012,rural,3165.3,2391.0,2.0,1.0,Neimenggu
内蒙古自治区,2012,foreign,8.9,1.0,1.0,1.0,Neimenggu
内蒙古自治区,2013,policy,2684.0,85.0,1.0,1.0,Neimenggu
内蒙古自治区,2013,large,8317.0,1630.0,1.0,1.0,Neimenggu
内蒙古自治区,2013,joint_stock,2286.0,79.0,1.0,1.0,Neimenggu
内蒙古自治区,2013,postal,619.0,158.0,1.0,1.0,Neimenggu
内蒙古自治区,2013,city,3644.0,317.0,1.0,1.0,Neimenggu
内蒙古自治区,2013,rural,3690.0,2401.0,2.0,1.0,Neimenggu
内蒙古自治区,2013,foreign,12.0,1.0,1.0,1.0,Neimenggu
内蒙古自治区,2014,policy,3201.0,85.0,1.0,1.0,Neimenggu
内蒙古自治区,2014,large,8594.0,1597.0,1.0,1.0,Neimenggu
内蒙古自治区,2014,joint_stock,2445.0,128.0,1.0,1.0,Neimenggu
内蒙古自治区,2014,postal,800.0,164.0,1.0,1.0,Neimenggu
内蒙古自治区,2014,city,4600.0,396.0,1.0,1.0,Neimenggu
内蒙古自治区,2014,rural,4123.0,2306.0,2.0,1.0,Neimenggu
内蒙古自治区,2014,foreign,6.0,1.0,1.0,1.0,Neimenggu
内蒙古自治区,2015,policy,4352.3,86.0,1.0,1.0,Neimenggu
内蒙古自治区,2015,large,8841.3,1490.0,1.0,1.0,Neimenggu
内蒙古自治区,2015,joint_stock,2600.6,181.0,1.0,1.0,Neimenggu
内蒙古自治区,2015,postal,838.4,166.0,1.0,1.0,Neimenggu
内蒙古自治区,2015,city,5370.3,488.0,1.0,1.0,Neimenggu
内蒙古自治区,2015,rural,4933.9,2424.0,2.0,1.0,Neimenggu
内蒙古自治区,2015,foreign,3.7,1.0,1.0,1.0,Neimenggu
内蒙古自治区,2016,policy,5382.0,87.0,1.0,1.0,Neimenggu
内蒙古自治区,2016,large,9463.0,1603.0,1.0,1.0,Neimenggu
内蒙古自治区,2016,joint_stock,2790.0,200.0,1.0,1.0,Neimenggu
内蒙古自治区,2016,postal,831.0,810.0,1.0,1.0,Neimenggu
内蒙古自治区,2016,city,6488.0,540.0,1.0,1.0,Neimenggu
内蒙古自治区,2016,rural,6108.0,2624.0,2.0,1.0,Neimenggu
内蒙古自治区,2016,foreign,4.0,1.0,1.0,1.0,Neimenggu
内蒙古自治区,2017,policy,5798.0,87.0,1.0,1.0,Neimenggu
内蒙古自治区,2017,large,9992.0,1601.0,1.0,1.0,Neimenggu
内蒙古自治区,2017,joint_stock,2623.0,210.0,1.0,1.0,Neimenggu
内蒙古自治区,2017,postal,888.0,810.0,1.0,1.0,Neimenggu
内蒙古自治区,2017,city,8023.0,576.0,1.0,1.0,Neimenggu
内蒙古自治区,2017,rural,6278.0,2524.0,2.0,1.0,Neimenggu
内蒙古自治区,2017,foreign,3.0,1.0,1.0,1.0,Neimenggu
内蒙古自治区,2018,policy,5372.0,72.0,1.0,1.0,Neimenggu
内蒙古自治区,2018,large,10864.0,1519.0,1.0,1.0,Neimenggu
内蒙古自治区,2018,joint_stock,2538.0,196.0,1.0,1.0,Neimenggu
内蒙古自治区,2018,postal,970.0,796.0,1.0,1.0,Neimenggu
内蒙古自治区,2018,city,8237.0,565.0,2.0,1.0,Neimenggu
内蒙古自治区,2018,rural,6252.0,2386.0,2.0,1.0,Neimenggu
内蒙古自治区,2018,foreign,3.0,1.0,1.0,1.0,Neimenggu
内蒙古自治区,2019,policy,5233.0,87.0,1.0,1.0,Neimenggu
内蒙古自治区,2019,large,11922.0,1554.0,1.0,1.0,Neimenggu
内蒙古自治区,2019,joint_stock,2485.0,224.0,1.0,1.0,Neimenggu
内蒙古自治区,2019,postal,1021.0,810.0,1.0,1.0,Neimenggu
内蒙古自治区,2019,city,7780.0,629.0,2.0,1.0,Neimenggu
内蒙古自治区,2019,rural,6529.0,2639.0,2.0,1.0,Neimenggu
内蒙古自治区,2019,foreign,2.0,1.0,1.0,1.0,Neimenggu
内蒙古自治区,2020,policy,5006.4,87.0,1.0,1.0,Neimenggu
内蒙古自治区,2020,large,12932.0,1569.0,1.0,1.0,Neimenggu
内蒙古自治区,2020,joint_stock,2670.1,196.0,1.0,1.0,Neimenggu
内蒙古自治区,2020,postal,1131.9,811.0,1.0,1.0,Neimenggu
内蒙古自治区,2020,city,4723.5,527.0,2.0,1.0,Neimenggu
内蒙古自治区,2020,rural,7085.1,2486.0,2.0,1.0,Neimenggu
内蒙古自治区,2020,foreign,2.6,1.0,1.0,1.0,Neimenggu
内蒙古自治区,2021,policy,5027.0,84.0,1.0,1.0,Neimenggu
内蒙古自治区,2021,large,14568.0,1524.0,1.0,1.0,Neimenggu
内蒙古自治区,2021,joint_stock,2932.0,181.0,1.0,1.0,Neimenggu
内蒙古自治区,2021,postal,1249.0,810.0,1.0,1.0,Neimenggu
内蒙古自治区,2021,city,4404.0,523.0,2.0,1.0,Neimenggu
内蒙古自治区,2021,rural,7766.0,2354.0,2.0,1.0,Neimenggu
内蒙古自治区,2021,foreign,3.0,0.0,1.0,1.0,Neimenggu
内蒙古自治区,2022,policy,4796.0,86.0,1.0,1.0,Neimenggu
内蒙古自治区,2022,large,17084.0,1621.0,1.0,1.0,Neimenggu
内蒙古自治区,2022,joint_stock,3454.0,191.0,1.0,1.0,Neimenggu
内蒙古自治区,2022,postal,1552.0,811.0,1.0,1.0,Neimenggu
内蒙古自治区,2022,city,4815.0,493.0,2.0,1.0,Neimenggu
内蒙古自治区,2022,rural,8547.0,2315.0,2.0,1.0,Neimenggu
内蒙古自治区,2022,foreign,3.0,1.0,1.0,1.0,Neimenggu
北京市,2005,policy,3773.1,,1.0,1.0,Beijing
北京市,2005,large,18593.0,,1.0,1.0,Beijing
北京市,2005,joint_stock,9441.1,,1.0,1.0,Beijing
北京市,2005,postal,377.1,,1.0,1.0,Beijing
北京市,2005,city,2330.3,,2.0,1.0,Beijing
北京市,2005,rural,1328.7,,1.0,1.0,Beijing
北京市,2005,foreign,711.1,,1.0,1.0,Beijing
北京市,2006,policy,4529.0,,1.0,1.0,Beijing
北京市,2006,large,21581.0,,1.0,1.0,Beijing
北京市,2006,joint_stock,11083.0,,1.0,1.0,Beijing
北京市,2006,postal,451.0,,1.0,1.0,Beijing
北京市,2006,city,2640.0,,2.0,1.0,Beijing
北京市,2006,rural,1519.0,,1.0,1.0,Beijing
北京市,2006,foreign,1062.0,,1.0,1.0,Beijing
北京市,2007,policy,3760.0,15.0,1.0,1.0,Beijing
北京市,2007,large,24460.0,1481.0,1.0,1.0,Beijing
北京市,2007,joint_stock,13890.0,383.0,1.0,1.0,Beijing
北京市,2007,postal,483.0,497.0,1.0,1.0,Beijing
北京市,2007,city,3476.0,130.0,1.0,1.0,Beijing
北京市,2007,rural,1824.0,694.0,1.0,1.0,Beijing
北京市,2007,foreign,1702.0,158.0,1.0,1.0,Beijing
北京市,2008,policy,6068.8,18.0,1.0,1.0,Beijing
北京市,2008,large,31179.3,1610.0,1.0,1.0,Beijing
北京市,2008,joint_stock,13101.9,316.0,1.0,1.0,Beijing
北京市,2008,postal,678.8,518.0,1.0,1.0,Beijing
北京市,2008,city,4315.4,146.0,1.0,1.0,Beijing
北京市,2008,rural,2278.6000000000004,695.0,2.0,1.0,Beijing
北京市,2008,foreign,1856.9,153.0,1.0,1.0,Beijing
北京市,2009,policy,8774.8,17.0,1.0,1.0,Beijing
北京市,2009,large,40270.8,1514.0,1.0,1.0,Beijing
北京市,2009,joint_stock,16205.6,450.0,1.0,1.0,Beijing
北京市,2009,postal,903.3,520.0,1.0,1.0,Beijing
北京市,2009,city,5771.6,161.0,1.0,1.0,Beijing
北京市,2009,rural,2869.8999999999996,734.0,4.0,1.0,Beijing
北京市,2009,foreign,3734.4,81.0,1.0,1.0,Beijing
北京市,2010,policy,9644.8,17.0,1.0,1.0,Beijing
北京市,2010,large,45765.6,1632.0,1.0,1.0,Beijing
北京市,2010,joint_stock,18765.2,383.0,1.0,1.0,Beijing
北京市,2010,postal,1154.2,523.0,1.0,1.0,Beijing
北京市,2010,city,8472.3,180.0,1.0,1.0,Beijing
北京市,2010,rural,3382.1,701.0,2.0,1.0,Beijing
北京市,2010,foreign,2424.9,92.0,1.0,1.0,Beijing
北京市,2011,policy,11134.0,17.0,1.0,1.0,Beijing
北京市,2011,large,53116.0,1662.0,1.0,1.0,Beijing
北京市,2011,joint_stock,22942.0,416.0,1.0,1.0,Beijing
北京市,2011,postal,1238.0,532.0,1.0,1.0,Beijing
北京市,2011,city,11395.0,205.0,1.0,1.0,Beijing
北京市,2011,rural,3817.0,701.0,2.0,1.0,Beijing
北京市,2011,foreign,2911.0,94.0,1.0,1.0,Beijing
北京市,2012,policy,12534.0,17.0,1.0,1.0,Beijing
北京市,2012,large,60911.0,1720.0,1.0,1.0,Beijing
北京市,2012,joint_stock,27735.0,424.0,1.0,1.0,Beijing
北京市,2012,postal,1550.0,537.0,1.0,1.0,Beijing
北京市,2012,city,15055.0,227.0,1.0,1.0,Beijing
北京市,2012,rural,4340.0,699.0,2.0,1.0,Beijing
北京市,2012,foreign,3140.0,100.0,1.0,1.0,Beijing
北京市,2013,policy,13718.0,17.0,1.0,1.0,Beijing
北京市,2013,large,63797.0,1759.0,1.0,1.0,Beijing
北京市,2013,joint_stock,31014.0,499.0,1.0,1.0,Beijing
北京市,2013,postal,1846.0,551.0,1.0,1.0,Beijing
北京市,2013,city,9036.0,262.0,2.0,1.0,Beijing
北京市,2013,rural,4786.0,708.0,2.0,1.0,Beijing
北京市,2013,foreign,3091.0,100.0,1.0,1.0,Beijing
北京市,2014,policy,15303.0,17.0,1.0,1.0,Beijing
北京市,2014,large,70010.0,1782.0,1.0,1.0,Beijing
北京市,2014,joint_stock,38434.0,789.0,1.0,1.0,Beijing
北京市,2014,postal,2320.0,565.0,1.0,1.0,Beijing
北京市,2014,city,17114.0,306.0,2.0,1.0,Beijing
北京市,2014,rural,5376.0,726.0,2.0,1.0,Beijing
北京市,2014,foreign,3198.0,114.0,1.0,1.0,Beijing
北京市,2015,policy,16549.0,18.0,1.0,1.0,Beijing
北京市,2015,large,76672.0,1811.0,1.0,1.0,Beijing
北京市,2015,joint_stock,42648.0,911.0,1.0,1.0,Beijing
北京市,2015,postal,4052.0,568.0,1.0,1.0,Beijing
北京市,2015,city,19246.0,350.0,2.0,1.0,Beijing
北京市,2015,rural,6482.0,731.0,2.0,1.0,Beijing
北京市,2015,foreign,3224.0,121.0,1.0,1.0,Beijing
北京市,2016,policy,16738.0,18.0,1.0,1.0,Beijing
北京市,2016,large,78829.0,1827.0,1.0,1.0,Beijing
北京市,2016,joint_stock,49450.0,951.0,1.0,1.0,Beijing
北京市,2016,postal,4428.0,568.0,1.0,1.0,Beijing
北京市,2016,city,23326.0,378.0,1.0,1.0,Beijing
北京市,2016,rural,7485.0,732.0,2.0,1.0,Beijing
北京市,2016,foreign,3757.0,122.0,1.0,1.0,Beijing
北京市,2017,policy,16149.0,18.0,1.0,1.0,Beijing
北京市,2017,large,81692.0,1825.0,1.0,1.0,Beijing
北京市,2017,joint_stock,44884.0,900.0,1.0,1.0,Beijing
北京市,2017,postal,3919.0,574.0,1.0,1.0,Beijing
北京市,2017,city,25028.0,398.0,1.0,1.0,Beijing
北京市,2017,rural,8409.0,714.0,2.0,1.0,Beijing
北京市,2017,foreign,4046.0,121.0,1.0,1.0,Beijing
北京市,2018,policy,18364.0,18.0,1.0,1.0,Beijing
北京市,2018,large,91069.0,1817.0,1.0,1.0,Beijing
北京市,2018,joint_stock,46638.0,862.0,1.0,1.0,Beijing
北京市,2018,postal,3328.0,574.0,1.0,1.0,Beijing
北京市,2018,city,28341.0,412.0,2.0,1.0,Beijing
北京市,2018,rural,9057.0,711.0,2.0,1.0,Beijing
北京市,2018,foreign,3817.0,116.0,1.0,1.0,Beijing
北京市,2019,policy,18737.0,18.0,1.0,1.0,Beijing
北京市,2019,large,98005.0,1797.0,1.0,1.0,Beijing
北京市,2019,joint_stock,52671.0,813.0,1.0,1.0,Beijing
北京市,2019,postal,3667.0,574.0,1.0,1.0,Beijing
北京市,2019,city,30584.0,425.0,1.0,1.0,Beijing
北京市,2019,rural,9857.0,713.0,2.0,1.0,Beijing
北京市,2019,foreign,3783.0,115.0,1.0,1.0,Beijing
北京市,2020,policy,19058.0,18.0,1.0,1.0,Beijing
北京市,2020,large,105867.0,1794.0,1.0,1.0,Beijing
北京市,2020,joint_stock,60154.0,810.0,1.0,1.0,Beijing
北京市,2020,postal,4335.0,574.0,1.0,1.0,Beijing
北京市,2020,city,31164.0,426.0,1.0,1.0,Beijing
北京市,2020,rural,10729.0,819.0,2.0,1.0,Beijing
北京市,2020,foreign,3918.0,117.0,1.0,1.0,Beijing
北京市,2021,policy,19331.0,18.0,1.0,1.0,Beijing
北京市,2021,large,107223.0,1750.0,1.0,1.0,Beijing
北京市,2021,joint_stock,65104.0,836.0,1.0,1.0,Beijing
北京市,2021,postal,4614.0,566.0,1.0,1.0,Beijing
北京市,2021,city,32965.0,419.0,2.0,1.0,Beijing
北京市,2021,rural,11086.0,674.0,2.0,1.0,Beijing
北京市,2021,foreign,3885.0,113.0,1.0,1.0,Beijing
北京市,2022,policy,121312.0,18.0,1.0,1.0,Beijing
北京市,2022,large,18387.0,1705.0,1.0,1.0,Beijing
北京市,2022,joint_stock,66539.0,862.0,1.0,1.0,Beijing
北京市,2022,postal,4413.0,566.0,1.0,1.0,Beijing
北京市,2022,city,35357.0,404.0,1.0,1.0,Beijing
北京市,2022,rural,11504.0,661.0,2.0,1.0,Beijing
北京市,2022,foreign,3785.0,110.0,1.0,1.0,Beijing
吉林省,2005,policy,1174.39,,1.0,1.0,Jilin
吉林省,2005,large,2622.2,,1.0,1.0,Jilin
吉林省,2005,joint_stock,349.56,,1.0,1.0,Jilin
吉林省,2005,postal,319.99,,1.0,1.0,Jilin
吉林省,2005,city,503.13,,2.0,1.0,Jilin
吉林省,2005,rural,476.33,,1.0,1.0,Jilin
吉林省,2005,foreign,0.0,,1.0,1.0,Jilin
吉林省,2006,policy,1311.9,,1.0,1.0,Jilin
吉林省,2006,large,2807.3,,1.0,1.0,Jilin
吉林省,2006,joint_stock,454.8,,1.0,1.0,Jilin
吉林省,2006,postal,374.5,,1.0,1.0,Jilin
吉林省,2006,city,578.2,,2.0,1.0,Jilin
吉林省,2006,rural,714.7,,1.0,1.0,Jilin
吉林省,2006,foreign,0.0,,1.0,1.0,Jilin
吉林省,2007,policy,1433.2,60.0,1.0,1.0,Jilin
吉林省,2007,large,2999.2,1506.0,1.0,1.0,Jilin
吉林省,2007,joint_stock,552.7,79.0,1.0,1.0,Jilin
吉林省,2007,postal,358.4,1088.0,1.0,1.0,Jilin
吉林省,2007,city,701.1999999999999,414.0,2.0,1.0,Jilin
吉林省,2007,rural,875.5,1717.0,2.0,1.0,Jilin
吉林省,2007,foreign,0.0,0.0,1.0,1.0,Jilin
吉林省,2008,policy,1824.0,60.0,1.0,1.0,Jilin
吉林省,2008,large,3936.0,1457.0,1.0,1.0,Jilin
吉林省,2008,joint_stock,263.0,83.0,1.0,1.0,Jilin
吉林省,2008,postal,505.0,1092.0,1.0,1.0,Jilin
吉林省,2008,city,841.0,396.0,2.0,1.0,Jilin
吉林省,2008,rural,1229.0,1657.0,2.0,1.0,Jilin
吉林省,2008,foreign,2.0,1.0,1.0,1.0,Jilin
吉林省,2009,policy,2091.0,59.0,1.0,1.0,Jilin
吉林省,2009,large,5168.8,1527.0,1.0,1.0,Jilin
吉林省,2009,joint_stock,824.9,17.0,1.0,1.0,Jilin
吉林省,2009,postal,638.5,1060.0,1.0,1.0,Jilin
吉林省,2009,city,1081.3,356.0,1.0,1.0,Jilin
吉林省,2009,rural,1486.3,1718.0,2.0,1.0,Jilin
吉林省,2009,foreign,5.1,1.0,1.0,1.0,Jilin
吉林省,2010,policy,2072.0,60.0,1.0,1.0,Jilin
吉林省,2010,large,5674.0,1524.0,1.0,1.0,Jilin
吉林省,2010,joint_stock,1173.0,30.0,1.0,1.0,Jilin
吉林省,2010,postal,738.0,1062.0,1.0,1.0,Jilin
吉林省,2010,city,1478.0,356.0,1.0,1.0,Jilin
吉林省,2010,rural,1727.0,1818.0,2.0,1.0,Jilin
吉林省,2010,foreign,4.0,1.0,1.0,1.0,Jilin
吉林省,2011,policy,2203.0,49.0,1.0,1.0,Jilin
吉林省,2011,large,6172.0,1499.0,1.0,1.0,Jilin
吉林省,2011,joint_stock,1317.0,36.0,1.0,1.0,Jilin
吉林省,2011,postal,902.0,1056.0,1.0,1.0,Jilin
吉林省,2011,city,1900.0,340.0,2.0,1.0,Jilin
吉林省,2011,rural,2147.0,1553.0,2.0,1.0,Jilin
吉林省,2011,foreign,5.0,0.0,1.0,1.0,Jilin
吉林省,2012,policy,2447.7,60.0,1.0,1.0,Jilin
吉林省,2012,large,6932.1,1555.0,1.0,1.0,Jilin
吉林省,2012,joint_stock,2338.8,61.0,1.0,1.0,Jilin
吉林省,2012,postal,1085.1,1076.0,1.0,1.0,Jilin
吉林省,2012,city,2010.9,352.0,2.0,1.0,Jilin
吉林省,2012,rural,3242.8,1584.0,2.0,1.0,Jilin
吉林省,2012,foreign,12.2,0.0,1.0,1.0,Jilin
吉林省,2013,policy,2994.6,60.0,1.0,1.0,Jilin
吉林省,2013,large,7690.9,1578.0,1.0,1.0,Jilin
吉林省,2013,joint_stock,2167.7,83.0,1.0,1.0,Jilin
吉林省,2013,postal,1187.0,1088.0,1.0,1.0,Jilin
吉林省,2013,city,2442.3,357.0,2.0,1.0,Jilin
吉林省,2013,rural,3361.2000000000003,1560.0,2.0,1.0,Jilin
吉林省,2013,foreign,11.0,1.0,1.0,1.0,Jilin
吉林省,2014,policy,3554.9,61.0,1.0,1.0,Jilin
吉林省,2014,large,8440.3,1592.0,1.0,1.0,Jilin
吉林省,2014,joint_stock,2094.7,121.0,1.0,1.0,Jilin
吉林省,2014,postal,1272.4,1087.0,1.0,1.0,Jilin
吉林省,2014,city,2561.6,362.0,1.0,1.0,Jilin
吉林省,2014,rural,4051.3,1661.0,2.0,1.0,Jilin
吉林省,2014,foreign,10.0,2.0,1.0,1.0,Jilin
吉林省,2015,policy,4725.0,61.0,1.0,1.0,Jilin
吉林省,2015,large,8867.0,1606.0,1.0,1.0,Jilin
吉林省,2015,joint_stock,2561.0,146.0,1.0,1.0,Jilin
吉林省,2015,postal,1307.0,1091.0,1.0,1.0,Jilin
吉林省,2015,city,3355.0,373.0,1.0,1.0,Jilin
吉林省,2015,rural,5408.0,1718.0,2.0,1.0,Jilin
吉林省,2015,foreign,16.0,2.0,1.0,1.0,Jilin
吉林省,2016,policy,5333.0,61.0,1.0,1.0,Jilin
吉林省,2016,large,9208.0,1609.0,1.0,1.0,Jilin
吉林省,2016,joint_stock,2663.0,164.0,1.0,1.0,Jilin
吉林省,2016,postal,1437.0,1080.0,1.0,1.0,Jilin
吉林省,2016,city,4139.0,386.0,1.0,1.0,Jilin
吉林省,2016,rural,8399.0,1777.0,2.0,1.0,Jilin
吉林省,2016,foreign,10.0,2.0,1.0,1.0,Jilin
吉林省,2017,policy,4930.0,61.0,1.0,1.0,Jilin
吉林省,2017,large,9496.0,1609.0,1.0,1.0,Jilin
吉林省,2017,joint_stock,2529.0,172.0,1.0,1.0,Jilin
吉林省,2017,postal,1544.0,1075.0,1.0,1.0,Jilin
吉林省,2017,city,3687.0,387.0,1.0,1.0,Jilin
吉林省,2017,rural,7685.0,1791.0,2.0,1.0,Jilin
吉林省,2017,foreign,15.0,2.0,1.0,1.0,Jilin
吉林省,2018,policy,4299.4,61.0,1.0,1.0,Jilin
吉林省,2018,large,9667.2,1671.0,1.0,1.0,Jilin
吉林省,2018,joint_stock,2375.8,185.0,1.0,1.0,Jilin
吉林省,2018,postal,1643.8,1069.0,1.0,1.0,Jilin
吉林省,2018,city,3293.8,391.0,2.0,1.0,Jilin
吉林省,2018,rural,7859.4,1689.0,2.0,1.0,Jilin
吉林省,2018,foreign,16.1,2.0,1.0,1.0,Jilin
吉林省,2019,policy,4196.0,61.0,1.0,1.0,Jilin
吉林省,2019,large,10355.0,1686.0,1.0,1.0,Jilin
吉林省,2019,joint_stock,2560.0,189.0,1.0,1.0,Jilin
吉林省,2019,postal,1867.0,1067.0,1.0,1.0,Jilin
吉林省,2019,city,3402.0,386.0,1.0,1.0,Jilin
吉林省,2019,rural,8041.0,2117.0,2.0,1.0,Jilin
吉林省,2019,foreign,39.0,2.0,1.0,1.0,Jilin
吉林省,2020,policy,4154.1,61.0,1.0,1.0,Jilin
吉林省,2020,large,11646.7,1645.0,1.0,1.0,Jilin
吉林省,2020,joint_stock,2667.3,185.0,1.0,1.0,Jilin
吉林省,2020,postal,2119.4,1055.0,1.0,1.0,Jilin
吉林省,2020,city,3978.0,388.0,1.0,1.0,Jilin
吉林省,2020,rural,8848.9,1999.0,2.0,1.0,Jilin
吉林省,2020,foreign,30.3,2.0,1.0,1.0,Jilin
吉林省,2021,policy,4258.0,61.0,1.0,1.0,Jilin
吉林省,2021,large,12363.0,1592.0,1.0,1.0,Jilin
吉林省,2021,joint_stock,2699.0,184.0,1.0,1.0,Jilin
吉林省,2021,postal,2377.0,1048.0,1.0,1.0,Jilin
吉林省,2021,city,4520.0,384.0,1.0,1.0,Jilin
吉林省,2021,rural,9610.0,2010.0,2.0,1.0,Jilin
吉林省,2021,foreign,18.0,2.0,1.0,1.0,Jilin
吉林省,2022,policy,4193.9,61.0,1.0,1.0,Jilin
吉林省,2022,large,13868.4,1571.0,1.0,1.0,Jilin
吉林省,2022,joint_stock,2707.4,184.0,1.0,1.0,Jilin
吉林省,2022,postal,2650.4,1047.0,1.0,1.0,Jilin
吉林省,2022,city,5193.2,384.0,1.0,1.0,Jilin
吉林省,2022,rural,10598.9,2004.0,2.0,1.0,Jilin
吉林省,2022,foreign,19.0,2.0,1.0,1.0,Jilin
四川省,2005,policy,1154.3,,1.0,1.0,Sichuan
四川省,2005,large,6663.1,,1.0,1.0,Sichuan
四川省,2005,joint_stock,1122.3,,1.0,1.0,Sichuan
四川省,2005,postal,508.0,,1.0,1.0,Sichuan
四川省,2005,city,642.7,,2.0,1.0,Sichuan
四川省,2005,rural,1582.6,,1.0,1.0,Sichuan
四川省,2005,foreign,12.3,,1.0,1.0,Sichuan
四川省,2006,policy,1285.0,,1.0,1.0,Sichuan
四川省,2006,large,7529.0,,1.0,1.0,Sichuan
四川省,2006,joint_stock,1420.0,,1.0,1.0,Sichuan
四川省,2006,postal,669.5,,1.0,1.0,Sichuan
四川省,2006,city,822.0,,2.0,1.0,Sichuan
四川省,2006,rural,1896.0,,1.0,1.0,Sichuan
四川省,2006,foreign,25.0,,1.0,1.0,Sichuan
四川省,2007,policy,1546.0,113.0,1.0,1.0,Sichuan
四川省,2007,large,8908.0,3386.0,1.0,1.0,Sichuan
四川省,2007,joint_stock,1763.0,73.0,1.0,1.0,Sichuan
四川省,2007,postal,831.0,2903.0,1.0,1.0,Sichuan
四川省,2007,city,1155.91,456.0,2.0,1.0,Sichuan
四川省,2007,rural,2479.75,5879.0,1.0,1.0,Sichuan
四川省,2007,foreign,76.2,13.0,1.0,1.0,Sichuan
四川省,2008,policy,1951.0,113.0,1.0,1.0,Sichuan
四川省,2008,large,11201.0,3131.0,1.0,1.0,Sichuan
四川省,2008,joint_stock,2110.0,115.0,1.0,1.0,Sichuan
四川省,2008,postal,1191.0,2931.0,1.0,1.0,Sichuan
四川省,2008,city,1609.0,464.0,2.0,1.0,Sichuan
四川省,2008,rural,3621.0,5291.0,2.0,1.0,Sichuan
四川省,2008,foreign,122.0,17.0,1.0,1.0,Sichuan
四川省,2009,policy,2464.0,113.0,1.0,1.0,Sichuan
四川省,2009,large,14746.0,3133.0,1.0,1.0,Sichuan
四川省,2009,joint_stock,3286.0,139.0,1.0,1.0,Sichuan
四川省,2009,postal,1682.0,2943.0,1.0,1.0,Sichuan
四川省,2009,city,2472.0,467.0,2.0,1.0,Sichuan
四川省,2009,rural,4298.0,5644.0,2.0,1.0,Sichuan
四川省,2009,foreign,131.0,18.0,1.0,1.0,Sichuan
四川省,2010,policy,2935.1,113.0,1.0,1.0,Sichuan
四川省,2010,large,17038.5,3126.0,1.0,1.0,Sichuan
四川省,2010,joint_stock,4465.2,171.0,1.0,1.0,Sichuan
四川省,2010,postal,2057.5,2958.0,1.0,1.0,Sichuan
四川省,2010,city,3774.7,487.0,2.0,1.0,Sichuan
四川省,2010,rural,5197.5,5680.0,2.0,1.0,Sichuan
四川省,2010,foreign,225.6,20.0,1.0,1.0,Sichuan
四川省,2011,policy,3410.0,113.0,1.0,1.0,Sichuan
四川省,2011,large,19290.0,3212.0,1.0,1.0,Sichuan
四川省,2011,joint_stock,5233.0,177.0,1.0,1.0,Sichuan
四川省,2011,postal,2517.0,3010.0,1.0,1.0,Sichuan
四川省,2011,city,5097.0,529.0,1.0,1.0,Sichuan
四川省,2011,rural,6836.0,5860.0,2.0,1.0,Sichuan
四川省,2011,foreign,265.0,22.0,1.0,1.0,Sichuan
四川省,2012,policy,3982.2,113.0,1.0,1.0,Sichuan
四川省,2012,large,21986.6,3306.0,1.0,1.0,Sichuan
四川省,2012,joint_stock,6918.1,195.0,1.0,1.0,Sichuan
四川省,2012,postal,3019.6,3092.0,1.0,1.0,Sichuan
四川省,2012,city,6970.3,579.0,1.0,1.0,Sichuan
四川省,2012,rural,9112.2,5902.0,2.0,1.0,Sichuan
四川省,2012,foreign,312.1,24.0,1.0,1.0,Sichuan
四川省,2013,policy,4500.0,113.0,1.0,1.0,Sichuan
四川省,2013,large,24193.0,3331.0,1.0,1.0,Sichuan
四川省,2013,joint_stock,8325.0,221.0,1.0,1.0,Sichuan
四川省,2013,postal,3392.0,3130.0,1.0,1.0,Sichuan
四川省,2013,city,9614.0,640.0,2.0,1.0,Sichuan
四川省,2013,rural,11418.0,5958.0,2.0,1.0,Sichuan
四川省,2013,foreign,334.0,26.0,1.0,1.0,Sichuan
四川省,2014,policy,5145.46,113.0,1.0,1.0,Sichuan
四川省,2014,large,25838.71,3340.0,1.0,1.0,Sichuan
四川省,2014,joint_stock,8550.93,404.0,1.0,1.0,Sichuan
四川省,2014,postal,3777.55,3131.0,1.0,1.0,Sichuan
四川省,2014,city,9380.09,708.0,2.0,1.0,Sichuan
四川省,2014,rural,15472.119999999999,6013.0,2.0,1.0,Sichuan
四川省,2014,foreign,320.53,29.0,1.0,1.0,Sichuan
四川省,2015,policy,6309.6,111.0,1.0,1.0,Sichuan
四川省,2015,large,28003.0,3353.0,1.0,1.0,Sichuan
四川省,2015,joint_stock,8857.6,500.0,1.0,1.0,Sichuan
四川省,2015,postal,4180.8,3130.0,1.0,1.0,Sichuan
四川省,2015,city,10885.8,814.0,2.0,1.0,Sichuan
四川省,2015,rural,16622.399999999998,6069.0,2.0,1.0,Sichuan
四川省,2015,foreign,294.0,29.0,1.0,1.0,Sichuan
四川省,2016,policy,7325.6,114.0,1.0,1.0,Sichuan
四川省,2016,large,31074.6,3361.0,1.0,1.0,Sichuan
四川省,2016,joint_stock,8970.2,574.0,1.0,1.0,Sichuan
四川省,2016,postal,4778.7,3112.0,1.0,1.0,Sichuan
四川省,2016,city,13375.7,869.0,2.0,1.0,Sichuan
四川省,2016,rural,18318.199999999997,6111.0,2.0,1.0,Sichuan
四川省,2016,foreign,343.8,28.0,1.0,1.0,Sichuan
四川省,2017,policy,7760.5,114.0,1.0,1.0,Sichuan
四川省,2017,large,34193.3,3347.0,1.0,1.0,Sichuan
四川省,2017,joint_stock,8662.2,587.0,1.0,1.0,Sichuan
四川省,2017,postal,5310.0,3085.0,1.0,1.0,Sichuan
四川省,2017,city,15679.5,912.0,2.0,1.0,Sichuan
四川省,2017,rural,19593.600000000002,6164.0,2.0,1.0,Sichuan
四川省,2017,foreign,366.8,26.0,1.0,1.0,Sichuan
四川省,2018,policy,8161.0,115.0,1.0,1.0,Sichuan
四川省,2018,large,36876.0,3339.0,1.0,1.0,Sichuan
四川省,2018,joint_stock,8145.0,556.0,1.0,1.0,Sichuan
四川省,2018,postal,5744.0,3057.0,1.0,1.0,Sichuan
四川省,2018,city,16038.0,930.0,2.0,1.0,Sichuan
四川省,2018,rural,19590.0,6190.0,2.0,1.0,Sichuan
四川省,2018,foreign,372.0,23.0,1.0,1.0,Sichuan
四川省,2019,policy,9004.0,115.0,1.0,1.0,Sichuan
四川省,2019,large,39513.0,3304.0,1.0,1.0,Sichuan
四川省,2019,joint_stock,8268.0,537.0,1.0,1.0,Sichuan
四川省,2019,postal,6256.0,3057.0,1.0,1.0,Sichuan
四川省,2019,city,17000.0,958.0,2.0,1.0,Sichuan
四川省,2019,rural,19667.0,6139.0,2.0,1.0,Sichuan
四川省,2019,foreign,387.0,23.0,1.0,1.0,Sichuan
四川省,2020,policy,11138.0,115.0,1.0,1.0,Sichuan
四川省,2020,large,42934.0,3370.0,1.0,1.0,Sichuan
四川省,2020,joint_stock,8932.0,524.0,1.0,1.0,Sichuan
四川省,2020,postal,6877.0,3072.0,1.0,1.0,Sichuan
四川省,2020,city,19478.0,972.0,2.0,1.0,Sichuan
四川省,2020,rural,21787.0,6111.0,2.0,1.0,Sichuan
四川省,2020,foreign,367.0,23.0,1.0,1.0,Sichuan
四川省,2021,policy,11024.0,115.0,1.0,1.0,Sichuan
四川省,2021,large,45940.0,3409.0,1.0,1.0,Sichuan
四川省,2021,joint_stock,9450.0,539.0,1.0,1.0,Sichuan
四川省,2021,postal,7579.0,3066.0,1.0,1.0,Sichuan
四川省,2021,city,22283.0,1000.0,2.0,1.0,Sichuan
四川省,2021,rural,24369.0,6079.0,2.0,1.0,Sichuan
四川省,2021,foreign,399.0,23.0,1.0,1.0,Sichuan
四川省,2022,policy,12438.0,113.0,1.0,1.0,Sichuan
四川省,2022,large,50797.9,3428.0,1.0,1.0,Sichuan
四川省,2022,joint_stock,10266.6,546.0,1.0,1.0,Sichuan
四川省,2022,postal,8427.8,3003.0,1.0,1.0,Sichuan
四川省,2022,city,25717.3,1019.0,1.0,1.0,Sichuan
四川省,2022,rural,27549.1,5973.0,2.0,1.0,Sichuan
四川省,2022,foreign,356.9,23.0,1.0,1.0,Sichuan
天津市,2005,policy,580.7,,1.0,1.0,Tianjin
天津市,2005,large,3750.6,,1.0,1.0,Tianjin
天津市,2005,joint_stock,1150.8,,1.0,1.0,Tianjin
天津市,2005,postal,232.4,,1.0,1.0,Tianjin
天津市,2005,city,699.0,,1.0,1.0,Tianjin
天津市,2005,rural,654.2,,1.0,1.0,Tianjin
天津市,2005,foreign,288.1,,1.0,1.0,Tianjin
天津市,2006,policy,663.0,,1.0,1.0,Tianjin
天津市,2006,large,3978.0,,1.0,1.0,Tianjin
天津市,2006,joint_stock,1318.0,,1.0,1.0,Tianjin
天津市,2006,postal,286.0,,1.0,1.0,Tianjin
天津市,2006,city,810.0,,1.0,1.0,Tianjin
天津市,2006,rural,714.0,,1.0,1.0,Tianjin
天津市,2006,foreign,282.0,,1.0,1.0,Tianjin
天津市,2007,policy,787.0,10.0,1.0,1.0,Tianjin
天津市,2007,large,4810.0,1220.0,1.0,1.0,Tianjin
天津市,2007,joint_stock,1932.0,171.0,1.0,1.0,Tianjin
天津市,2007,postal,298.0,362.0,1.0,1.0,Tianjin
天津市,2007,city,1108.0,184.0,1.0,1.0,Tianjin
天津市,2007,rural,899.0,535.0,1.0,1.0,Tianjin
天津市,2007,foreign,338.0,30.0,1.0,1.0,Tianjin
天津市,2008,policy,962.0,10.0,1.0,1.0,Tianjin
天津市,2008,large,5456.0,1090.0,1.0,1.0,Tianjin
天津市,2008,joint_stock,2537.0,194.0,1.0,1.0,Tianjin
天津市,2008,postal,417.0,271.0,1.0,1.0,Tianjin
天津市,2008,city,1390.0,201.0,1.0,1.0,Tianjin
天津市,2008,rural,58.0,576.0,2.0,1.0,Tianjin
天津市,2008,foreign,2.0,30.0,1.0,1.0,Tianjin
天津市,2009,policy,1176.0,10.0,1.0,1.0,Tianjin
天津市,2009,large,7377.0,1091.0,1.0,1.0,Tianjin
天津市,2009,joint_stock,3513.0,223.0,1.0,1.0,Tianjin
天津市,2009,postal,404.0,275.0,1.0,1.0,Tianjin
天津市,2009,city,1877.0,214.0,1.0,1.0,Tianjin
天津市,2009,rural,1414.0,609.0,2.0,1.0,Tianjin
天津市,2009,foreign,480.0,23.0,1.0,1.0,Tianjin
天津市,2010,policy,1421.0,12.0,1.0,1.0,Tianjin
天津市,2010,large,8825.0,1160.0,1.0,1.0,Tianjin
天津市,2010,joint_stock,3863.0,173.0,1.0,1.0,Tianjin
天津市,2010,postal,562.0,389.0,1.0,1.0,Tianjin
天津市,2010,city,2537.0,240.0,1.0,1.0,Tianjin
天津市,2010,rural,1772.0,581.0,2.0,1.0,Tianjin
天津市,2010,foreign,644.0,20.0,1.0,1.0,Tianjin
天津市,2011,policy,1865.0,12.0,1.0,1.0,Tianjin
天津市,2011,large,9305.0,1102.0,1.0,1.0,Tianjin
天津市,2011,joint_stock,8076.0,265.0,1.0,1.0,Tianjin
天津市,2011,postal,642.0,400.0,1.0,1.0,Tianjin
天津市,2011,city,3530.0,260.0,2.0,1.0,Tianjin
天津市,2011,rural,2000.0,593.0,2.0,1.0,Tianjin
天津市,2011,foreign,779.0,46.0,1.0,1.0,Tianjin
天津市,2012,policy,2344.8,13.0,1.0,1.0,Tianjin
天津市,2012,large,10407.4,1148.0,1.0,1.0,Tianjin
天津市,2012,joint_stock,10463.5,291.0,1.0,1.0,Tianjin
天津市,2012,postal,791.3,415.0,1.0,1.0,Tianjin
天津市,2012,city,4641.5,274.0,1.0,1.0,Tianjin
天津市,2012,rural,2809.3999999999996,595.0,2.0,1.0,Tianjin
天津市,2012,foreign,901.1,24.0,1.0,1.0,Tianjin
天津市,2013,policy,2674.8,13.0,1.0,1.0,Tianjin
天津市,2013,large,11801.9,1174.0,1.0,1.0,Tianjin
天津市,2013,joint_stock,12030.4,306.0,1.0,1.0,Tianjin
天津市,2013,postal,857.1,415.0,1.0,1.0,Tianjin
天津市,2013,city,6367.6,284.0,1.0,1.0,Tianjin
天津市,2013,rural,3062.5,619.0,2.0,1.0,Tianjin
天津市,2013,foreign,1028.3,26.0,1.0,1.0,Tianjin
天津市,2014,policy,2967.4,13.0,1.0,1.0,Tianjin
天津市,2014,large,11397.5,1173.0,1.0,1.0,Tianjin
天津市,2014,joint_stock,13340.1,340.0,1.0,1.0,Tianjin
天津市,2014,postal,872.6,416.0,1.0,1.0,Tianjin
天津市,2014,city,7084.5,316.0,1.0,1.0,Tianjin
天津市,2014,rural,3383.7999999999997,638.0,2.0,1.0,Tianjin
天津市,2014,foreign,848.8,56.0,1.0,1.0,Tianjin
天津市,2015,policy,3317.5,13.0,1.0,1.0,Tianjin
天津市,2015,large,11731.6,1234.0,1.0,1.0,Tianjin
天津市,2015,joint_stock,9788.9,315.0,1.0,1.0,Tianjin
天津市,2015,postal,951.3,416.0,1.0,1.0,Tianjin
天津市,2015,city,8281.5,320.0,1.0,1.0,Tianjin
天津市,2015,rural,4102.2,667.0,2.0,1.0,Tianjin
天津市,2015,foreign,869.2,56.0,1.0,1.0,Tianjin
天津市,2016,policy,2810.2,13.0,1.0,1.0,Tianjin
天津市,2016,large,12295.8,1253.0,1.0,1.0,Tianjin
天津市,2016,joint_stock,9663.0,418.0,1.0,1.0,Tianjin
天津市,2016,postal,941.6,416.0,1.0,1.0,Tianjin
天津市,2016,city,9251.9,336.0,1.0,1.0,Tianjin
天津市,2016,rural,4815.0,664.0,2.0,1.0,Tianjin
天津市,2016,foreign,847.6,52.0,1.0,1.0,Tianjin
天津市,2017,policy,3037.5,13.0,1.0,1.0,Tianjin
天津市,2017,large,12631.1,1247.0,1.0,1.0,Tianjin
天津市,2017,joint_stock,8277.1,431.0,1.0,1.0,Tianjin
天津市,2017,postal,963.3,405.0,1.0,1.0,Tianjin
天津市,2017,city,9535.7,304.0,1.0,1.0,Tianjin
天津市,2017,rural,4906.2,654.0,2.0,1.0,Tianjin
天津市,2017,foreign,888.0,51.0,1.0,1.0,Tianjin
天津市,2018,policy,3111.0,13.0,1.0,1.0,Tianjin
天津市,2018,large,13213.0,1270.0,1.0,1.0,Tianjin
天津市,2018,joint_stock,8159.0,453.0,1.0,1.0,Tianjin
天津市,2018,postal,1019.0,399.0,1.0,1.0,Tianjin
天津市,2018,city,8854.0,316.0,2.0,1.0,Tianjin
天津市,2018,rural,5102.0,643.0,2.0,1.0,Tianjin
天津市,2018,foreign,792.0,45.0,1.0,1.0,Tianjin
天津市,2019,policy,3220.0,8.0,1.0,1.0,Tianjin
天津市,2019,large,13855.0,1247.0,1.0,1.0,Tianjin
天津市,2019,joint_stock,8617.0,407.0,1.0,1.0,Tianjin
天津市,2019,postal,1034.0,389.0,1.0,1.0,Tianjin
天津市,2019,city,9074.0,301.0,1.0,1.0,Tianjin
天津市,2019,rural,5031.0,618.0,1.0,1.0,Tianjin
天津市,2019,foreign,785.0,21.0,1.0,1.0,Tianjin
天津市,2020,policy,3541.0,9.0,1.0,1.0,Tianjin
天津市,2020,large,14968.0,1239.0,1.0,1.0,Tianjin
天津市,2020,joint_stock,9267.0,387.0,1.0,1.0,Tianjin
天津市,2020,postal,1172.0,120.0,1.0,1.0,Tianjin
天津市,2020,city,9423.0,301.0,1.0,1.0,Tianjin
天津市,2020,rural,5716.0,600.0,2.0,1.0,Tianjin
天津市,2020,foreign,823.0,19.0,1.0,1.0,Tianjin
天津市,2021,policy,3714.0,8.0,1.0,1.0,Tianjin
天津市,2021,large,16287.0,1208.0,1.0,1.0,Tianjin
天津市,2021,joint_stock,10042.0,388.0,1.0,1.0,Tianjin
天津市,2021,postal,1278.0,382.0,1.0,1.0,Tianjin
天津市,2021,city,9611.0,303.0,1.0,1.0,Tianjin
天津市,2021,rural,6136.0,599.0,2.0,1.0,Tianjin
天津市,2021,foreign,797.0,14.0,1.0,1.0,Tianjin
天津市,2022,policy,4100.0,10.0,1.0,1.0,Tianjin
天津市,2022,large,18430.0,1215.0,1.0,1.0,Tianjin
天津市,2022,joint_stock,10464.0,385.0,1.0,1.0,Tianjin
天津市,2022,postal,1408.0,381.0,1.0,1.0,Tianjin
天津市,2022,city,10232.0,293.0,2.0,1.0,Tianjin
天津市,2022,rural,6672.0,597.0,2.0,1.0,Tianjin
天津市,2022,foreign,813.0,13.0,1.0,1.0,Tianjin
宁夏回族自治区,2005,policy,157.2,,1.0,1.0,Ningxia
宁夏回族自治区,2005,large,532.3,,1.0,1.0,Ningxia
宁夏回族自治区,2005,joint_stock,0.0,0.0,,1.0,Ningxia
宁夏回族自治区,2005,postal,35.6,,1.0,1.0,Ningxia
宁夏回族自治区,2005,city,209.7,,2.0,1.0,Ningxia
宁夏回族自治区,2005,rural,188.8,,1.0,1.0,Ningxia
宁夏回族自治区,2005,foreign,0.0,0.0,,1.0,Ningxia
宁夏回族自治区,2006,policy,215.0,,1.0,1.0,Ningxia
宁夏回族自治区,2006,large,644.9,,1.0,1.0,Ningxia
宁夏回族自治区,2006,joint_stock,0.0,0.0,,1.0,Ningxia
宁夏回族自治区,2006,postal,30.4,,1.0,1.0,Ningxia
宁夏回族自治区,2006,city,259.2,,2.0,1.0,Ningxia
宁夏回族自治区,2006,rural,235.0,,1.0,1.0,Ningxia
宁夏回族自治区,2006,foreign,0.0,0.0,,1.0,Ningxia
宁夏回族自治区,2007,policy,265.6,16.0,1.0,1.0,Ningxia
宁夏回族自治区,2007,large,704.4,472.0,1.0,1.0,Ningxia
宁夏回族自治区,2007,joint_stock,7.8,1.0,1.0,1.0,Ningxia
宁夏回族自治区,2007,postal,25.2,175.0,1.0,1.0,Ningxia
宁夏回族自治区,2007,city,302.7,45.0,2.0,1.0,Ningxia
宁夏回族自治区,2007,rural,238.6,367.0,1.0,1.0,Ningxia
宁夏回族自治区,2007,foreign,0.0,0.0,,1.0,Ningxia
宁夏回族自治区,2008,policy,318.0,16.0,1.0,1.0,Ningxia
宁夏回族自治区,2008,large,928.0,466.0,1.0,1.0,Ningxia
宁夏回族自治区,2008,joint_stock,0.0,0.0,,1.0,Ningxia
宁夏回族自治区,2008,postal,72.0,181.0,1.0,1.0,Ningxia
宁夏回族自治区,2008,city,359.0,45.0,2.0,1.0,Ningxia
宁夏回族自治区,2008,rural,298.0,363.0,2.0,1.0,Ningxia
宁夏回族自治区,2008,foreign,0.0,0.0,,1.0,Ningxia
宁夏回族自治区,2009,policy,441.0,16.0,1.0,1.0,Ningxia
宁夏回族自治区,2009,large,1205.0,461.0,1.0,1.0,Ningxia
宁夏回族自治区,2009,joint_stock,35.0,3.0,1.0,1.0,Ningxia
宁夏回族自治区,2009,postal,89.0,185.0,1.0,1.0,Ningxia
宁夏回族自治区,2009,city,450.0,48.0,1.0,1.0,Ningxia
宁夏回族自治区,2009,rural,409.0,367.0,2.0,1.0,Ningxia
宁夏回族自治区,2009,foreign,0.0,0.0,,1.0,Ningxia
宁夏回族自治区,2010,policy,573.0,15.0,1.0,1.0,Ningxia
宁夏回族自治区,2010,large,1523.0,465.0,1.0,1.0,Ningxia
宁夏回族自治区,2010,joint_stock,38.0,1.0,1.0,1.0,Ningxia
宁夏回族自治区,2010,postal,97.0,185.0,1.0,1.0,Ningxia
宁夏回族自治区,2010,city,579.0,54.0,1.0,1.0,Ningxia
宁夏回族自治区,2010,rural,552.0,375.0,2.0,1.0,Ningxia
宁夏回族自治区,2010,foreign,0.0,0.0,,1.0,Ningxia
宁夏回族自治区,2011,policy,693.0,15.0,1.0,1.0,Ningxia
宁夏回族自治区,2011,large,1628.0,468.0,1.0,1.0,Ningxia
宁夏回族自治区,2011,joint_stock,144.0,8.0,1.0,1.0,Ningxia
宁夏回族自治区,2011,postal,114.0,193.0,1.0,1.0,Ningxia
宁夏回族自治区,2011,city,801.0,62.0,1.0,1.0,Ningxia
宁夏回族自治区,2011,rural,753.0,390.0,2.0,1.0,Ningxia
宁夏回族自治区,2011,foreign,0.0,0.0,,1.0,Ningxia
宁夏回族自治区,2012,policy,808.9,16.0,1.0,1.0,Ningxia
宁夏回族自治区,2012,large,1813.5,478.0,1.0,1.0,Ningxia
宁夏回族自治区,2012,joint_stock,182.6,11.0,1.0,1.0,Ningxia
宁夏回族自治区,2012,postal,135.2,195.0,1.0,1.0,Ningxia
宁夏回族自治区,2012,city,926.4,74.0,1.0,1.0,Ningxia
宁夏回族自治区,2012,rural,1124.6,396.0,2.0,1.0,Ningxia
宁夏回族自治区,2012,foreign,0.0,0.0,,1.0,Ningxia
宁夏回族自治区,2013,policy,960.0,16.0,1.0,1.0,Ningxia
宁夏回族自治区,2013,large,2109.0,495.0,1.0,1.0,Ningxia
宁夏回族自治区,2013,joint_stock,127.0,6.0,1.0,1.0,Ningxia
宁夏回族自治区,2013,postal,149.0,195.0,1.0,1.0,Ningxia
宁夏回族自治区,2013,city,1123.0,84.0,1.0,1.0,Ningxia
宁夏回族自治区,2013,rural,1296.0,405.0,2.0,1.0,Ningxia
宁夏回族自治区,2013,foreign,0.0,0.0,,1.0,Ningxia
宁夏回族自治区,2014,policy,1162.0,16.0,1.0,1.0,Ningxia
宁夏回族自治区,2014,large,2354.0,499.0,1.0,1.0,Ningxia
宁夏回族自治区,2014,joint_stock,237.0,14.0,1.0,1.0,Ningxia
宁夏回族自治区,2014,postal,180.0,202.0,1.0,1.0,Ningxia
宁夏回族自治区,2014,city,1388.0,89.0,1.0,1.0,Ningxia
宁夏回族自治区,2014,rural,1397.0,413.0,2.0,1.0,Ningxia
宁夏回族自治区,2014,foreign,0.0,0.0,,1.0,Ningxia
宁夏回族自治区,2015,policy,1429.0,16.0,1.0,1.0,Ningxia
宁夏回族自治区,2015,large,2495.0,504.0,1.0,1.0,Ningxia
宁夏回族自治区,2015,joint_stock,393.0,20.0,1.0,1.0,Ningxia
宁夏回族自治区,2015,postal,205.0,202.0,1.0,1.0,Ningxia
宁夏回族自治区,2015,city,1589.0,115.0,1.0,1.0,Ningxia
宁夏回族自治区,2015,rural,1568.0,606.0,2.0,1.0,Ningxia
宁夏回族自治区,2015,foreign,0.0,0.0,,1.0,Ningxia
宁夏回族自治区,2016,policy,1632.0,16.0,1.0,1.0,Ningxia
宁夏回族自治区,2016,large,2577.0,510.0,1.0,1.0,Ningxia
宁夏回族自治区,2016,joint_stock,474.0,31.0,1.0,1.0,Ningxia
宁夏回族自治区,2016,postal,202.0,202.0,1.0,1.0,Ningxia
宁夏回族自治区,2016,city,1821.0,133.0,1.0,1.0,Ningxia
宁夏回族自治区,2016,rural,1563.0,440.0,2.0,1.0,Ningxia
宁夏回族自治区,2016,foreign,0.0,0.0,,1.0,Ningxia
宁夏回族自治区,2017,policy,1895.0,16.0,1.0,1.0,Ningxia
宁夏回族自治区,2017,large,2702.0,510.0,1.0,1.0,Ningxia
宁夏回族自治区,2017,joint_stock,489.0,39.0,1.0,1.0,Ningxia
宁夏回族自治区,2017,postal,225.0,202.0,1.0,1.0,Ningxia
宁夏回族自治区,2017,city,1939.0,141.0,1.0,1.0,Ningxia
宁夏回族自治区,2017,rural,1730.0,444.0,2.0,1.0,Ningxia
宁夏回族自治区,2017,foreign,0.0,0.0,,1.0,Ningxia
宁夏回族自治区,2018,policy,1864.0,16.0,1.0,1.0,Ningxia
宁夏回族自治区,2018,large,2797.0,499.0,1.0,1.0,Ningxia
宁夏回族自治区,2018,joint_stock,583.0,46.0,1.0,1.0,Ningxia
宁夏回族自治区,2018,postal,230.0,202.0,1.0,1.0,Ningxia
宁夏回族自治区,2018,city,1984.0,148.0,2.0,1.0,Ningxia
宁夏回族自治区,2018,rural,1798.0,444.0,2.0,1.0,Ningxia
宁夏回族自治区,2018,foreign,0.0,0.0,1.0,1.0,Ningxia
宁夏回族自治区,2019,policy,1854.0,16.0,1.0,1.0,Ningxia
宁夏回族自治区,2019,large,2973.0,476.0,1.0,1.0,Ningxia
宁夏回族自治区,2019,joint_stock,589.0,47.0,1.0,1.0,Ningxia
宁夏回族自治区,2019,postal,243.0,201.0,1.0,1.0,Ningxia
宁夏回族自治区,2019,city,2101.0,149.0,1.0,1.0,Ningxia
宁夏回族自治区,2019,rural,1958.0,542.0,2.0,1.0,Ningxia
宁夏回族自治区,2019,foreign,0.0,0.0,,1.0,Ningxia
宁夏回族自治区,2020,policy,1903.0,16.0,1.0,1.0,Ningxia
宁夏回族自治区,2020,large,3143.0,463.0,1.0,1.0,Ningxia
宁夏回族自治区,2020,joint_stock,603.0,47.0,1.0,1.0,Ningxia
宁夏回族自治区,2020,postal,275.0,198.0,1.0,1.0,Ningxia
宁夏回族自治区,2020,city,2223.0,152.0,2.0,1.0,Ningxia
宁夏回族自治区,2020,rural,2128.0,529.0,2.0,1.0,Ningxia
宁夏回族自治区,2020,foreign,0.0,0.0,1.0,1.0,Ningxia
宁夏回族自治区,2021,policy,1877.0,16.0,1.0,1.0,Ningxia
宁夏回族自治区,2021,large,3315.0,458.0,1.0,1.0,Ningxia
宁夏回族自治区,2021,joint_stock,714.0,49.0,1.0,1.0,Ningxia
宁夏回族自治区,2021,postal,322.0,194.0,1.0,1.0,Ningxia
宁夏回族自治区,2021,city,2334.0,153.0,1.0,1.0,Ningxia
宁夏回族自治区,2021,rural,2234.0,527.0,2.0,1.0,Ningxia
宁夏回族自治区,2021,foreign,0.0,0.0,,1.0,Ningxia
宁夏回族自治区,2022,policy,1741.0,16.0,1.0,1.0,Ningxia
宁夏回族自治区,2022,large,3852.0,455.0,1.0,1.0,Ningxia
宁夏回族自治区,2022,joint_stock,847.0,51.0,1.0,1.0,Ningxia
宁夏回族自治区,2022,postal,381.0,193.0,1.0,1.0,Ningxia
宁夏回族自治区,2022,city,2448.0,155.0,2.0,1.0,Ningxia
宁夏回族自治区,2022,rural,2390.0,544.0,2.0,1.0,Ningxia
宁夏回族自治区,2022,foreign,0.0,0.0,1.0,1.0,Ningxia
安徽省,2005,policy,794.2,,1.0,1.0,Anhui
安徽省,2005,large,3831.6,,1.0,1.0,Anhui
安徽省,2005,joint_stock,593.4,,1.0,1.0,Anhui
安徽省,2005,postal,467.8,,1.0,1.0,Anhui
安徽省,2005,city,481.2,,2.0,1.0,Anhui
安徽省,2005,rural,926.5,,1.0,1.0,Anhui
安徽省,2005,foreign,0.0,,1.0,1.0,Anhui
安徽省,2006,policy,924.0,,1.0,1.0,Anhui
安徽省,2006,large,4313.0,,1.0,1.0,Anhui
安徽省,2006,joint_stock,731.0,,1.0,1.0,Anhui
安徽省,2006,postal,568.0,,1.0,1.0,Anhui
安徽省,2006,city,703.0,,1.0,1.0,Anhui
安徽省,2006,rural,1189.0,,2.0,1.0,Anhui
安徽省,2006,foreign,0.0,0.0,,1.0,Anhui
安徽省,2007,policy,1028.0,89.0,1.0,1.0,Anhui
安徽省,2007,large,5506.0,2283.0,1.0,1.0,Anhui
安徽省,2007,joint_stock,572.0,35.0,1.0,1.0,Anhui
安徽省,2007,postal,681.0,1633.0,1.0,1.0,Anhui
安徽省,2007,city,1004.0,157.0,1.0,1.0,Anhui
安徽省,2007,rural,1453.0,3154.0,1.0,1.0,Anhui
安徽省,2007,foreign,0.0,0.0,,1.0,Anhui
安徽省,2008,policy,1349.0,89.0,1.0,1.0,Anhui
安徽省,2008,large,6499.0,2252.0,1.0,1.0,Anhui
安徽省,2008,joint_stock,744.0,48.0,1.0,1.0,Anhui
安徽省,2008,postal,859.0,1661.0,1.0,1.0,Anhui
安徽省,2008,city,1284.0,159.0,1.0,1.0,Anhui
安徽省,2008,rural,1936.0,2976.0,2.0,1.0,Anhui
安徽省,2008,foreign,7.0,1.0,1.0,1.0,Anhui
安徽省,2009,policy,1713.0,89.0,1.0,1.0,Anhui
安徽省,2009,large,8020.0,2215.0,1.0,1.0,Anhui
安徽省,2009,joint_stock,1377.0,64.0,1.0,1.0,Anhui
安徽省,2009,postal,1111.0,1662.0,1.0,1.0,Anhui
安徽省,2009,city,1548.0,163.0,1.0,1.0,Anhui
安徽省,2009,rural,2580.0,3072.0,2.0,1.0,Anhui
安徽省,2009,foreign,25.0,2.0,1.0,1.0,Anhui
安徽省,2010,policy,2082.0,90.0,1.0,1.0,Anhui
安徽省,2010,large,9336.0,2215.0,1.0,1.0,Anhui
安徽省,2010,joint_stock,2003.0,246.0,1.0,1.0,Anhui
安徽省,2010,postal,1354.0,1660.0,1.0,1.0,Anhui
安徽省,2010,city,2012.0,166.0,1.0,1.0,Anhui
安徽省,2010,rural,3380.0,2961.0,2.0,1.0,Anhui
安徽省,2010,foreign,25.0,2.0,1.0,1.0,Anhui
安徽省,2011,policy,2683.0,90.0,1.0,1.0,Anhui
安徽省,2011,large,10749.0,2243.0,1.0,1.0,Anhui
安徽省,2011,joint_stock,2366.0,99.0,1.0,1.0,Anhui
安徽省,2011,postal,1686.0,1700.0,1.0,1.0,Anhui
安徽省,2011,city,2563.0,194.0,1.0,1.0,Anhui
安徽省,2011,rural,4362.0,3356.0,2.0,1.0,Anhui
安徽省,2011,foreign,33.0,2.0,1.0,1.0,Anhui
安徽省,2012,policy,3287.2,90.0,1.0,1.0,Anhui
安徽省,2012,large,12476.0,2293.0,1.0,1.0,Anhui
安徽省,2012,joint_stock,2967.2,196.0,1.0,1.0,Anhui
安徽省,2012,postal,2092.0,802.0,1.0,1.0,Anhui
安徽省,2012,city,3311.7,208.0,1.0,1.0,Anhui
安徽省,2012,rural,5192.2,3012.0,2.0,1.0,Anhui
安徽省,2012,foreign,40.6,3.0,1.0,1.0,Anhui
安徽省,2013,policy,3831.0,90.0,1.0,1.0,Anhui
安徽省,2013,large,13867.0,2328.0,1.0,1.0,Anhui
安徽省,2013,joint_stock,4061.0,130.0,1.0,1.0,Anhui
安徽省,2013,postal,2430.0,1753.0,1.0,1.0,Anhui
安徽省,2013,city,3973.0,229.0,1.0,1.0,Anhui
安徽省,2013,rural,6372.0,3120.0,2.0,1.0,Anhui
安徽省,2013,foreign,69.0,5.0,1.0,1.0,Anhui
安徽省,2014,policy,2253.0,87.0,1.0,1.0,Anhui
安徽省,2014,large,51428.0,2345.0,1.0,1.0,Anhui
安徽省,2014,joint_stock,5904.0,251.0,1.0,1.0,Anhui
安徽省,2014,postal,14625.0,1766.0,1.0,1.0,Anhui
安徽省,2014,city,7142.0,272.0,1.0,1.0,Anhui
安徽省,2014,rural,33712.0,3210.0,2.0,1.0,Anhui
安徽省,2014,foreign,158.0,5.0,1.0,1.0,Anhui
安徽省,2015,policy,5621.5,90.0,1.0,1.0,Anhui
安徽省,2015,large,15916.2,2382.0,1.0,1.0,Anhui
安徽省,2015,joint_stock,4014.1,321.0,1.0,1.0,Anhui
安徽省,2015,postal,3130.0,1781.0,1.0,1.0,Anhui
安徽省,2015,city,6277.1,362.0,1.0,1.0,Anhui
安徽省,2015,rural,9654.9,3747.0,2.0,1.0,Anhui
安徽省,2015,foreign,90.8,5.0,1.0,1.0,Anhui
安徽省,2016,policy,7041.0,90.0,1.0,1.0,Anhui
安徽省,2016,large,17863.0,2384.0,1.0,1.0,Anhui
安徽省,2016,joint_stock,5677.0,365.0,1.0,1.0,Anhui
安徽省,2016,postal,3711.0,1781.0,1.0,1.0,Anhui
安徽省,2016,city,7371.0,435.0,1.0,1.0,Anhui
安徽省,2016,rural,11104.0,3358.0,2.0,1.0,Anhui
安徽省,2016,foreign,122.0,5.0,1.0,1.0,Anhui
安徽省,2017,policy,7590.1,91.0,1.0,1.0,Anhui
安徽省,2017,large,19061.5,2368.0,1.0,1.0,Anhui
安徽省,2017,joint_stock,5483.9,343.0,1.0,1.0,Anhui
安徽省,2017,postal,4276.3,1778.0,1.0,1.0,Anhui
安徽省,2017,city,8907.8,465.0,1.0,1.0,Anhui
安徽省,2017,rural,12516.699999999999,3406.0,2.0,1.0,Anhui
安徽省,2017,foreign,140.4,5.0,1.0,1.0,Anhui
安徽省,2018,policy,7341.0,92.0,1.0,1.0,Anhui
安徽省,2018,large,21671.0,2360.0,1.0,1.0,Anhui
安徽省,2018,joint_stock,5956.0,347.0,1.0,1.0,Anhui
安徽省,2018,postal,4705.0,1773.0,1.0,1.0,Anhui
安徽省,2018,city,10270.0,472.0,1.0,1.0,Anhui
安徽省,2018,rural,13483.0,3418.0,2.0,1.0,Anhui
安徽省,2018,foreign,157.0,5.0,1.0,1.0,Anhui
安徽省,2019,policy,7639.0,91.0,1.0,1.0,Anhui
安徽省,2019,large,22667.0,2499.0,1.0,1.0,Anhui
安徽省,2019,joint_stock,6278.0,357.0,1.0,1.0,Anhui
安徽省,2019,postal,5308.0,1775.0,1.0,1.0,Anhui
安徽省,2019,city,10971.0,454.0,1.0,1.0,Anhui
安徽省,2019,rural,14703.0,3414.0,2.0,1.0,Anhui
安徽省,2019,foreign,151.0,5.0,1.0,1.0,Anhui
安徽省,2020,policy,8089.0,91.0,1.0,1.0,Anhui
安徽省,2020,large,25621.0,2374.0,1.0,1.0,Anhui
安徽省,2020,joint_stock,6878.0,356.0,1.0,1.0,Anhui
安徽省,2020,postal,6018.0,1793.0,1.0,1.0,Anhui
安徽省,2020,city,11975.0,447.0,1.0,1.0,Anhui
安徽省,2020,rural,16478.0,3413.0,2.0,1.0,Anhui
安徽省,2020,foreign,141.0,4.0,1.0,1.0,Anhui
安徽省,2021,policy,8565.0,179.0,1.0,1.0,Anhui
安徽省,2021,large,28348.0,2281.0,1.0,1.0,Anhui
安徽省,2021,joint_stock,7624.0,384.0,1.0,1.0,Anhui
安徽省,2021,postal,6751.0,1790.0,1.0,1.0,Anhui
安徽省,2021,city,13075.0,515.0,1.0,1.0,Anhui
安徽省,2021,rural,17864.0,3425.0,2.0,1.0,Anhui
安徽省,2021,foreign,140.0,4.0,1.0,1.0,Anhui
安徽省,2022,policy,9332.0,91.0,1.0,1.0,Anhui
安徽省,2022,large,32171.0,2373.0,1.0,1.0,Anhui
安徽省,2022,joint_stock,8260.0,355.0,1.0,1.0,Anhui
安徽省,2022,postal,7634.0,1795.0,1.0,1.0,Anhui
安徽省,2022,city,14898.0,519.0,2.0,1.0,Anhui
安徽省,2022,rural,19968.0,3404.0,2.0,1.0,Anhui
安徽省,2022,foreign,139.0,4.0,1.0,1.0,Anhui
山东省,2005,policy,1268.0,,1.0,1.0,Shandong
山东省,2005,large,9265.0,,1.0,1.0,Shandong
山东省,2005,joint_stock,2920.0,,1.0,1.0,Shandong
山东省,2005,postal,1150.0,,1.0,1.0,Shandong
山东省,2005,city,1644.0,,2.0,1.0,Shandong
山东省,2005,rural,3402.0,,1.0,1.0,Shandong
山东省,2005,foreign,115.0,,1.0,1.0,Shandong
山东省,2006,policy,1437.7,,1.0,1.0,Shandong
山东省,2006,large,10505.6,,1.0,1.0,Shandong
山东省,2006,joint_stock,3370.1,,1.0,1.0,Shandong
山东省,2006,postal,1294.0,,1.0,1.0,Shandong
山东省,2006,city,2077.8,,2.0,1.0,Shandong
山东省,2006,rural,3996.7,,1.0,1.0,Shandong
山东省,2006,foreign,146.4,,1.0,1.0,Shandong
山东省,2007,policy,1682.0,145.0,1.0,1.0,Shandong
山东省,2007,large,12141.0,4448.0,1.0,1.0,Shandong
山东省,2007,joint_stock,4111.0,272.0,1.0,1.0,Shandong
山东省,2007,postal,1282.0,2945.0,1.0,1.0,Shandong
山东省,2007,city,2474.0,526.0,1.0,1.0,Shandong
山东省,2007,rural,4530.0,5606.0,1.0,1.0,Shandong
山东省,2007,foreign,201.0,15.0,1.0,1.0,Shandong
山东省,2008,policy,2214.0,128.0,1.0,1.0,Shandong
山东省,2008,large,14735.9,4371.0,1.0,1.0,Shandong
山东省,2008,joint_stock,5293.5,281.0,1.0,1.0,Shandong
山东省,2008,postal,1463.8,1264.0,1.0,1.0,Shandong
山东省,2008,city,2842.6,585.0,1.0,1.0,Shandong
山东省,2008,rural,5568.099999999999,5498.0,2.0,1.0,Shandong
山东省,2008,foreign,225.8,22.0,1.0,1.0,Shandong
山东省,2009,policy,3003.0,128.0,1.0,1.0,Shandong
山东省,2009,large,20161.0,4294.0,1.0,1.0,Shandong
山东省,2009,joint_stock,5936.0,324.0,1.0,1.0,Shandong
山东省,2009,postal,1931.0,2847.0,1.0,1.0,Shandong
山东省,2009,city,3606.0,567.0,2.0,1.0,Shandong
山东省,2009,rural,7319.0,5364.0,2.0,1.0,Shandong
山东省,2009,foreign,186.0,25.0,1.0,1.0,Shandong
山东省,2010,policy,4028.5,128.0,1.0,1.0,Shandong
山东省,2010,large,22275.0,4264.0,1.0,1.0,Shandong
山东省,2010,joint_stock,7120.8,361.0,1.0,1.0,Shandong
山东省,2010,postal,2217.0,2808.0,1.0,1.0,Shandong
山东省,2010,city,4790.0,597.0,1.0,1.0,Shandong
山东省,2010,rural,8546.599999999999,5282.0,2.0,1.0,Shandong
山东省,2010,foreign,249.0,27.0,1.0,1.0,Shandong
山东省,2011,policy,5167.0,128.0,1.0,1.0,Shandong
山东省,2011,large,24767.0,4286.0,1.0,1.0,Shandong
山东省,2011,joint_stock,8266.0,407.0,1.0,1.0,Shandong
山东省,2011,postal,2679.0,2865.0,1.0,1.0,Shandong
山东省,2011,city,5609.0,618.0,1.0,1.0,Shandong
山东省,2011,rural,10210.0,5225.0,2.0,1.0,Shandong
山东省,2011,foreign,283.0,29.0,1.0,1.0,Shandong
山东省,2012,policy,5800.6,107.0,1.0,1.0,Shandong
山东省,2012,large,28755.4,4316.0,1.0,1.0,Shandong
山东省,2012,joint_stock,11076.8,402.0,1.0,1.0,Shandong
山东省,2012,postal,3232.4,2943.0,1.0,1.0,Shandong
山东省,2012,city,6980.9,633.0,1.0,1.0,Shandong
山东省,2012,rural,11952.0,5266.0,2.0,1.0,Shandong
山东省,2012,foreign,414.7,18.0,1.0,1.0,Shandong
山东省,2013,policy,6422.0,128.0,1.0,1.0,Shandong
山东省,2013,large,31517.0,4445.0,1.0,1.0,Shandong
山东省,2013,joint_stock,13274.0,558.0,1.0,1.0,Shandong
山东省,2013,postal,3453.0,3007.0,1.0,1.0,Shandong
山东省,2013,city,8758.0,755.0,1.0,1.0,Shandong
山东省,2013,rural,13830.0,5270.0,2.0,1.0,Shandong
山东省,2013,foreign,484.0,40.0,1.0,1.0,Shandong
山东省,2014,policy,7047.0,128.0,1.0,1.0,Shandong
山东省,2014,large,33351.0,4477.0,1.0,1.0,Shandong
山东省,2014,joint_stock,13747.0,688.0,1.0,1.0,Shandong
山东省,2014,postal,4157.0,3023.0,1.0,1.0,Shandong
山东省,2014,city,10340.0,874.0,1.0,1.0,Shandong
山东省,2014,rural,15935.0,5132.0,2.0,1.0,Shandong
山东省,2014,foreign,455.0,41.0,1.0,1.0,Shandong
山东省,2015,policy,8433.0,128.0,1.0,1.0,Shandong
山东省,2015,large,34645.0,4486.0,1.0,1.0,Shandong
山东省,2015,joint_stock,15743.0,951.0,1.0,1.0,Shandong
山东省,2015,postal,4367.0,2987.0,1.0,1.0,Shandong
山东省,2015,city,12851.0,78.0,2.0,1.0,Shandong
山东省,2015,rural,18477.0,5921.0,2.0,1.0,Shandong
山东省,2015,foreign,482.0,45.0,1.0,1.0,Shandong
山东省,2016,policy,10366.0,128.0,1.0,1.0,Shandong
山东省,2016,large,37218.0,4472.0,1.0,1.0,Shandong
山东省,2016,joint_stock,16581.0,1123.0,1.0,1.0,Shandong
山东省,2016,postal,5330.0,2962.0,1.0,1.0,Shandong
山东省,2016,city,15940.0,1198.0,1.0,1.0,Shandong
山东省,2016,rural,21207.0,5395.0,2.0,1.0,Shandong
山东省,2016,foreign,593.0,44.0,1.0,1.0,Shandong
山东省,2017,policy,10693.0,128.0,1.0,1.0,Shandong
山东省,2017,large,38452.0,4440.0,1.0,1.0,Shandong
山东省,2017,joint_stock,15509.0,1175.0,1.0,1.0,Shandong
山东省,2017,postal,5970.0,2954.0,1.0,1.0,Shandong
山东省,2017,city,17741.0,1248.0,1.0,1.0,Shandong
山东省,2017,rural,22487.0,5386.0,2.0,1.0,Shandong
山东省,2017,foreign,521.0,43.0,1.0,1.0,Shandong
山东省,2018,policy,11509.0,128.0,1.0,1.0,Shandong
山东省,2018,large,40937.0,4372.0,1.0,1.0,Shandong
山东省,2018,joint_stock,15174.0,1131.0,1.0,1.0,Shandong
山东省,2018,postal,6564.0,2951.0,1.0,1.0,Shandong
山东省,2018,city,18981.0,1293.0,1.0,1.0,Shandong
山东省,2018,rural,24881.0,5397.0,2.0,1.0,Shandong
山东省,2018,foreign,520.0,42.0,1.0,1.0,Shandong
山东省,2019,policy,11348.0,128.0,1.0,1.0,Shandong
山东省,2019,large,43581.0,4267.0,1.0,1.0,Shandong
山东省,2019,joint_stock,16249.0,1026.0,1.0,1.0,Shandong
山东省,2019,postal,7242.0,2950.0,1.0,1.0,Shandong
山东省,2019,city,21987.0,1371.0,1.0,1.0,Shandong
山东省,2019,rural,25342.0,5501.0,2.0,1.0,Shandong
山东省,2019,foreign,509.0,40.0,1.0,1.0,Shandong
山东省,2020,policy,11393.0,128.0,1.0,1.0,Shandong
山东省,2020,large,49404.0,4221.0,1.0,1.0,Shandong
山东省,2020,joint_stock,18490.0,1092.0,1.0,1.0,Shandong
山东省,2020,postal,8489.0,2943.0,1.0,1.0,Shandong
山东省,2020,city,26076.0,1423.0,2.0,1.0,Shandong
山东省,2020,rural,29206.0,5638.0,2.0,1.0,Shandong
山东省,2020,foreign,525.0,39.0,1.0,1.0,Shandong
山东省,2021,policy,12169.0,128.0,1.0,1.0,Shandong
山东省,2021,large,54737.0,4227.0,1.0,1.0,Shandong
山东省,2021,joint_stock,19939.0,1115.0,1.0,1.0,Shandong
山东省,2021,postal,9576.0,2935.0,1.0,1.0,Shandong
山东省,2021,city,30562.0,1510.0,2.0,1.0,Shandong
山东省,2021,rural,32286.0,5619.0,2.0,1.0,Shandong
山东省,2021,foreign,555.0,39.0,1.0,1.0,Shandong
山东省,2022,policy,13610.0,128.0,1.0,1.0,Shandong
山东省,2022,large,62277.0,4220.0,1.0,1.0,Shandong
山东省,2022,joint_stock,22012.0,1137.0,1.0,1.0,Shandong
山东省,2022,postal,10752.0,2933.0,1.0,1.0,Shandong
山东省,2022,city,33584.0,1594.0,1.0,1.0,Shandong
山东省,2022,rural,34637.0,5571.0,2.0,1.0,Shandong
山东省,2022,foreign,588.0,38.0,1.0,1.0,Shandong
山西省,2005,policy,668.8,,1.0,1.0,Shanxi
山西省,2005,large,4399.3,,1.0,1.0,Shanxi
山西省,2005,joint_stock,980.8,,1.0,1.0,Shanxi
山西省,2005,postal,552.2,,1.0,1.0,Shanxi
山西省,2005,city,369.70000000000005,,2.0,1.0,Shanxi
山西省,2005,rural,1361.5,,1.0,1.0,Shanxi
山西省,2005,foreign,0.0,0.0,,1.0,Shanxi
山西省,2006,policy,761.0,,1.0,1.0,Shanxi
山西省,2006,large,5069.0,,1.0,1.0,Shanxi
山西省,2006,joint_stock,1153.0,,1.0,1.0,Shanxi
山西省,2006,postal,552.0,,1.0,1.0,Shanxi
山西省,2006,city,514.0,,2.0,1.0,Shanxi
山西省,2006,rural,1556.0,,1.0,1.0,Shanxi
山西省,2006,foreign,0.0,0.0,,1.0,Shanxi
山西省,2007,policy,811.0,69.0,1.0,1.0,Shanxi
山西省,2007,large,5722.0,1665.0,1.0,1.0,Shanxi
山西省,2007,joint_stock,1240.0,74.0,1.0,1.0,Shanxi
山西省,2007,postal,788.0,621.0,1.0,1.0,Shanxi
山西省,2007,city,456.0,173.0,1.0,1.0,Shanxi
山西省,2007,rural,1914.0,1829.0,1.0,1.0,Shanxi
山西省,2007,foreign,0.0,0.0,,1.0,Shanxi
山西省,2008,policy,1033.0,69.0,1.0,1.0,Shanxi
山西省,2008,large,7709.0,1637.0,1.0,1.0,Shanxi
山西省,2008,joint_stock,1671.0,86.0,1.0,1.0,Shanxi
山西省,2008,postal,1047.0,620.0,1.0,1.0,Shanxi
山西省,2008,city,799.0,170.0,1.0,1.0,Shanxi
山西省,2008,rural,2914.0,2591.0,2.0,1.0,Shanxi
山西省,2008,foreign,0.0,0.0,,1.0,Shanxi
山西省,2009,policy,1181.0,73.0,1.0,1.0,Shanxi
山西省,2009,large,9114.0,1650.0,1.0,1.0,Shanxi
山西省,2009,joint_stock,2438.0,70.0,1.0,1.0,Shanxi
山西省,2009,postal,1192.0,620.0,1.0,1.0,Shanxi
山西省,2009,city,858.0,181.0,2.0,1.0,Shanxi
山西省,2009,rural,3572.0,3084.0,2.0,1.0,Shanxi
山西省,2009,foreign,0.0,1.0,1.0,1.0,Shanxi
山西省,2010,policy,1451.0,57.0,1.0,1.0,Shanxi
山西省,2010,large,9943.0,1592.0,1.0,1.0,Shanxi
山西省,2010,joint_stock,3068.0,76.0,1.0,1.0,Shanxi
山西省,2010,postal,1385.0,614.0,1.0,1.0,Shanxi
山西省,2010,city,1198.0,175.0,1.0,1.0,Shanxi
山西省,2010,rural,4778.0,2958.0,2.0,1.0,Shanxi
山西省,2010,foreign,6.0,1.0,1.0,1.0,Shanxi
山西省,2011,policy,1711.9,84.0,1.0,1.0,Shanxi
山西省,2011,large,10762.3,1656.0,1.0,1.0,Shanxi
山西省,2011,joint_stock,3427.3,102.0,1.0,1.0,Shanxi
山西省,2011,postal,1680.1,1191.0,1.0,1.0,Shanxi
山西省,2011,city,1506.0,180.0,1.0,1.0,Shanxi
山西省,2011,rural,5489.5,2988.0,2.0,1.0,Shanxi
山西省,2011,foreign,12.2,1.0,1.0,1.0,Shanxi
山西省,2012,policy,1976.5,81.0,1.0,1.0,Shanxi
山西省,2012,large,12049.8,1678.0,1.0,1.0,Shanxi
山西省,2012,joint_stock,4012.4,126.0,1.0,1.0,Shanxi
山西省,2012,postal,1872.9,1207.0,1.0,1.0,Shanxi
山西省,2012,city,1940.6,184.0,1.0,1.0,Shanxi
山西省,2012,rural,6491.2,2885.0,2.0,1.0,Shanxi
山西省,2012,foreign,16.4,1.0,1.0,1.0,Shanxi
山西省,2013,policy,2105.0,87.0,1.0,1.0,Shanxi
山西省,2013,large,12738.8,1607.0,1.0,1.0,Shanxi
山西省,2013,joint_stock,4501.0,149.0,1.0,1.0,Shanxi
山西省,2013,postal,1947.1,1237.0,1.0,1.0,Shanxi
山西省,2013,city,2399.3,198.0,1.0,1.0,Shanxi
山西省,2013,rural,7649.6,3473.0,2.0,1.0,Shanxi
山西省,2013,foreign,22.2,2.0,1.0,1.0,Shanxi
山西省,2014,policy,2278.7,83.0,1.0,1.0,Shanxi
山西省,2014,large,12925.3,1721.0,1.0,1.0,Shanxi
山西省,2014,joint_stock,4376.8,270.0,1.0,1.0,Shanxi
山西省,2014,postal,2031.3,253.0,1.0,1.0,Shanxi
山西省,2014,city,2688.5,244.0,1.0,1.0,Shanxi
山西省,2014,rural,8014.4,3210.0,2.0,1.0,Shanxi
山西省,2014,foreign,28.9,2.0,1.0,1.0,Shanxi
山西省,2015,policy,2676.5,80.0,1.0,1.0,Shanxi
山西省,2015,large,13894.8,1672.0,1.0,1.0,Shanxi
山西省,2015,joint_stock,4762.1,303.0,1.0,1.0,Shanxi
山西省,2015,postal,2256.8,1220.0,1.0,1.0,Shanxi
山西省,2015,city,3216.7,276.0,1.0,1.0,Shanxi
山西省,2015,rural,8455.800000000001,3130.0,2.0,1.0,Shanxi
山西省,2015,foreign,23.0,2.0,1.0,1.0,Shanxi
山西省,2016,policy,2940.6,80.0,1.0,1.0,Shanxi
山西省,2016,large,14563.3,1762.0,1.0,1.0,Shanxi
山西省,2016,joint_stock,4683.9,396.0,1.0,1.0,Shanxi
山西省,2016,postal,2313.5,1132.0,1.0,1.0,Shanxi
山西省,2016,city,3954.0,394.0,1.0,1.0,Shanxi
山西省,2016,rural,9893.3,3293.0,2.0,1.0,Shanxi
山西省,2016,foreign,13.9,2.0,1.0,1.0,Shanxi
山西省,2017,policy,,,,,Shanxi
山西省,2017,large,,,,,Shanxi
山西省,2017,joint_stock,,,,,Shanxi
山西省,2017,postal,,,,,Shanxi
山西省,2017,city,,,,,Shanxi
山西省,2017,rural,,,,,Shanxi
山西省,2017,foreign,,,,,Shanxi
山西省,2018,policy,4561.3,81.0,1.0,1.0,Shanxi
山西省,2018,large,16913.7,1811.0,1.0,1.0,Shanxi
山西省,2018,joint_stock,5905.9,396.0,1.0,1.0,Shanxi
山西省,2018,postal,2706.6,1226.0,1.0,1.0,Shanxi
山西省,2018,city,5384.8,483.0,1.0,1.0,Shanxi
山西省,2018,rural,11906.5,3067.0,2.0,1.0,Shanxi
山西省,2018,foreign,26.7,2.0,1.0,1.0,Shanxi
山西省,2019,policy,4561.3,81.0,1.0,1.0,Shanxi
山西省,2019,large,16913.7,1811.0,1.0,1.0,Shanxi
山西省,2019,joint_stock,5905.9,396.0,1.0,1.0,Shanxi
山西省,2019,postal,2706.6,1226.0,1.0,1.0,Shanxi
山西省,2019,city,5384.8,483.0,1.0,1.0,Shanxi
山西省,2019,rural,11906.5,3067.0,2.0,1.0,Shanxi
山西省,2019,foreign,26.7,2.0,1.0,1.0,Shanxi
山西省,2020,policy,5007.0,81.0,1.0,1.0,Shanxi
山西省,2020,large,18513.9,1836.0,1.0,1.0,Shanxi
山西省,2020,joint_stock,6482.1,402.0,1.0,1.0,Shanxi
山西省,2020,postal,2973.7,1220.0,1.0,1.0,Shanxi
山西省,2020,city,5390.3,490.0,2.0,1.0,Shanxi
山西省,2020,rural,13097.099999999999,3288.0,2.0,1.0,Shanxi
山西省,2020,foreign,17.4,2.0,1.0,1.0,Shanxi
山西省,2021,policy,5393.0,81.0,1.0,1.0,Shanxi
山西省,2021,large,20426.0,1784.0,1.0,1.0,Shanxi
山西省,2021,joint_stock,7072.0,415.0,1.0,1.0,Shanxi
山西省,2021,postal,3297.0,1218.0,1.0,1.0,Shanxi
山西省,2021,city,6039.0,487.0,2.0,1.0,Shanxi
山西省,2021,rural,14550.0,3026.0,2.0,1.0,Shanxi
山西省,2021,foreign,31.0,2.0,1.0,1.0,Shanxi
山西省,2022,policy,5562.0,81.0,1.0,1.0,Shanxi
山西省,2022,large,23608.0,1786.0,1.0,1.0,Shanxi
山西省,2022,joint_stock,8196.0,422.0,1.0,1.0,Shanxi
山西省,2022,postal,3694.0,1221.0,1.0,1.0,Shanxi
山西省,2022,city,6574.0,483.0,2.0,1.0,Shanxi
山西省,2022,rural,16213.0,3024.0,2.0,1.0,Shanxi
山西省,2022,foreign,30.0,2.0,1.0,1.0,Shanxi
广东省,2005,policy,1449.0,,1.0,1.0,Guangdong
广东省,2005,large,23598.0,,1.0,1.0,Guangdong
广东省,2005,joint_stock,8476.0,,1.0,1.0,Guangdong
广东省,2005,postal,828.0,,1.0,1.0,Guangdong
广东省,2005,city,1965.0,,1.0,1.0,Guangdong
广东省,2005,rural,4429.0,,1.0,1.0,Guangdong
广东省,2005,foreign,1360.0,,1.0,1.0,Guangdong
广东省,2006,policy,2477.4,,2.0,1.0,Guangdong
广东省,2006,large,33215.0,,2.0,1.0,Guangdong
广东省,2006,joint_stock,14597.2,,2.0,1.0,Guangdong
广东省,2006,postal,1176.7,,2.0,1.0,Guangdong
广东省,2006,city,3593.7,,3.0,1.0,Guangdong
广东省,2006,rural,5677.0,,2.0,1.0,Guangdong
广东省,2006,foreign,2819.5,,2.0,1.0,Guangdong
广东省,2007,policy,2936.0,84.0,2.0,1.0,Guangdong
广东省,2007,large,40994.0,6068.0,2.0,1.0,Guangdong
广东省,2007,joint_stock,20973.0,1439.0,2.0,1.0,Guangdong
广东省,2007,postal,1347.0,1990.0,2.0,1.0,Guangdong
广东省,2007,city,4261.0,379.0,4.0,1.0,Guangdong
广东省,2007,rural,7137.0,6418.0,2.0,1.0,Guangdong
广东省,2007,foreign,3298.0,197.0,2.0,1.0,Guangdong
广东省,2008,policy,3816.0,83.0,2.0,1.0,Guangdong
广东省,2008,large,45601.0,6309.0,2.0,1.0,Guangdong
广东省,2008,joint_stock,21413.0,1244.0,2.0,1.0,Guangdong
广东省,2008,postal,1704.0,1217.0,2.0,1.0,Guangdong
广东省,2008,city,4626.0,382.0,4.0,1.0,Guangdong
广东省,2008,rural,8797.0,6162.0,4.0,1.0,Guangdong
广东省,2008,foreign,4036.0,224.0,2.0,1.0,Guangdong
广东省,2009,policy,4723.34,85.0,2.0,1.0,Guangdong
广东省,2009,large,59817.05,6334.0,2.0,1.0,Guangdong
广东省,2009,joint_stock,26151.12,1298.0,2.0,1.0,Guangdong
广东省,2009,postal,2063.35,1185.0,2.0,1.0,Guangdong
广东省,2009,city,5195.42,409.0,4.0,1.0,Guangdong
广东省,2009,rural,9644.77,6059.0,4.0,1.0,Guangdong
广东省,2009,foreign,3819.05,229.0,2.0,1.0,Guangdong
广东省,2010,policy,5776.2,85.0,2.0,1.0,Guangdong
广东省,2010,large,69646.9,6429.0,2.0,1.0,Guangdong
广东省,2010,joint_stock,32713.9,1341.0,2.0,1.0,Guangdong
广东省,2010,postal,2510.5,2048.0,2.0,1.0,Guangdong
广东省,2010,city,10015.9,437.0,4.0,1.0,Guangdong
广东省,2010,rural,12149.1,5971.0,4.0,1.0,Guangdong
广东省,2010,foreign,5445.0,236.0,2.0,1.0,Guangdong
广东省,2011,policy,7520.0,85.0,2.0,1.0,Guangdong
广东省,2011,large,74146.0,6505.0,2.0,1.0,Guangdong
广东省,2011,joint_stock,37297.0,1378.0,2.0,1.0,Guangdong
广东省,2011,postal,3174.0,2059.0,2.0,1.0,Guangdong
广东省,2011,city,12237.0,480.0,3.0,1.0,Guangdong
广东省,2011,rural,14575.0,6016.0,4.0,1.0,Guangdong
广东省,2011,foreign,6771.0,267.0,2.0,1.0,Guangdong
广东省,2012,policy,8886.5,85.0,2.0,1.0,Guangdong
广东省,2012,large,84742.0,6677.0,2.0,1.0,Guangdong
广东省,2012,joint_stock,49096.3,1611.0,2.0,1.0,Guangdong
广东省,2012,postal,3708.2000000000003,2151.0,2.0,1.0,Guangdong
广东省,2012,city,12193.3,413.0,2.0,1.0,Guangdong
广东省,2012,rural,17441.2,5968.0,4.0,1.0,Guangdong
广东省,2012,foreign,7576.200000000001,309.0,2.0,1.0,Guangdong
广东省,2013,policy,9901.0,85.0,2.0,1.0,Guangdong
广东省,2013,large,88928.0,6761.0,2.0,1.0,Guangdong
广东省,2013,joint_stock,56978.0,1643.0,2.0,1.0,Guangdong
广东省,2013,postal,4378.0,2214.0,2.0,1.0,Guangdong
广东省,2013,city,15604.0,488.0,3.0,1.0,Guangdong
广东省,2013,rural,20571.0,6099.0,4.0,1.0,Guangdong
广东省,2013,foreign,8548.0,338.0,2.0,1.0,Guangdong
广东省,2014,policy,11201.0,87.0,2.0,1.0,Guangdong
广东省,2014,large,95340.0,6825.0,2.0,1.0,Guangdong
广东省,2014,joint_stock,69059.0,1905.0,2.0,1.0,Guangdong
广东省,2014,postal,4927.0,2224.0,2.0,1.0,Guangdong
广东省,2014,city,16403.0,541.0,4.0,1.0,Guangdong
广东省,2014,rural,23796.0,6152.0,4.0,1.0,Guangdong
广东省,2014,foreign,8999.0,351.0,2.0,1.0,Guangdong
广东省,2015,policy,11939.2,86.0,2.0,1.0,Guangdong
广东省,2015,large,100792.1,6912.0,2.0,1.0,Guangdong
广东省,2015,joint_stock,81166.7,2188.0,2.0,1.0,Guangdong
广东省,2015,postal,5403.7,2226.0,2.0,1.0,Guangdong
广东省,2015,city,19622.4,672.0,3.0,1.0,Guangdong
广东省,2015,rural,28147.600000000002,6243.0,4.0,1.0,Guangdong
广东省,2015,foreign,8746.7,353.0,2.0,1.0,Guangdong
广东省,2016,policy,13772.0,85.0,2.0,1.0,Guangdong
广东省,2016,large,114163.0,6825.0,2.0,1.0,Guangdong
广东省,2016,joint_stock,119716.0,2957.0,2.0,1.0,Guangdong
广东省,2016,postal,6267.0,2219.0,2.0,1.0,Guangdong
广东省,2016,city,22434.0,756.0,3.0,1.0,Guangdong
广东省,2016,rural,32194.0,6464.0,4.0,1.0,Guangdong
广东省,2016,foreign,9255.0,360.0,2.0,1.0,Guangdong
广东省,2017,policy,15163.0,85.0,2.0,1.0,Guangdong
广东省,2017,large,123456.0,6770.0,2.0,1.0,Guangdong
广东省,2017,joint_stock,81450.0,2428.0,2.0,1.0,Guangdong
广东省,2017,postal,7158.0,2214.0,2.0,1.0,Guangdong
广东省,2017,city,25979.0,797.0,3.0,1.0,Guangdong
广东省,2017,rural,35644.0,6466.0,4.0,1.0,Guangdong
广东省,2017,foreign,9880.0,347.0,2.0,1.0,Guangdong
广东省,2018,policy,16255.0,85.0,2.0,1.0,Guangdong
广东省,2018,large,119821.0,6895.0,2.0,1.0,Guangdong
广东省,2018,joint_stock,80867.0,2388.0,2.0,1.0,Guangdong
广东省,2018,postal,7525.0,2207.0,2.0,1.0,Guangdong
广东省,2018,city,25272.0,794.0,4.0,1.0,Guangdong
广东省,2018,rural,38204.0,6480.0,4.0,1.0,Guangdong
广东省,2018,foreign,10138.0,354.0,2.0,1.0,Guangdong
广东省,2019,policy,15911.0,85.0,2.0,1.0,Guangdong
广东省,2019,large,142293.0,8859.0,2.0,1.0,Guangdong
广东省,2019,joint_stock,88825.0,2368.0,2.0,1.0,Guangdong
广东省,2019,postal,884.0,145.0,1.0,1.0,Guangdong
广东省,2019,city,28305.0,817.0,3.0,1.0,Guangdong
广东省,2019,rural,42044.0,6297.0,4.0,1.0,Guangdong
广东省,2019,foreign,10702.0,347.0,2.0,1.0,Guangdong
广东省,2020,policy,12127.0,59.0,1.0,1.0,Guangdong
广东省,2020,large,120219.0,5806.0,1.0,1.0,Guangdong
广东省,2020,joint_stock,66827.0,1684.0,1.0,1.0,Guangdong
广东省,2020,postal,8147.0,2055.0,1.0,1.0,Guangdong
广东省,2020,city,24969.0,627.0,1.0,1.0,Guangdong
广东省,2020,rural,42403.0,5930.0,2.0,1.0,Guangdong
广东省,2020,foreign,6859.0,189.0,1.0,1.0,Guangdong
广东省,2021,policy,12298.0,82.0,1.0,1.0,Guangdong
广东省,2021,large,129554.0,5854.0,1.0,1.0,Guangdong
广东省,2021,joint_stock,71391.0,1849.0,1.0,1.0,Guangdong
广东省,2021,postal,9010.0,2073.0,1.0,1.0,Guangdong
广东省,2021,city,28711.0,703.0,1.0,1.0,Guangdong
广东省,2021,rural,46723.0,5795.0,2.0,1.0,Guangdong
广东省,2021,foreign,7055.0,227.0,1.0,1.0,Guangdong
广东省,2022,policy,12986.0,82.0,1.0,1.0,Guangdong
广东省,2022,large,147239.0,5835.0,1.0,1.0,Guangdong
广东省,2022,joint_stock,74922.0,1875.0,1.0,1.0,Guangdong
广东省,2022,postal,10048.0,2071.0,1.0,1.0,Guangdong
广东省,2022,city,29917.0,760.0,2.0,1.0,Guangdong
广东省,2022,rural,50670.0,5849.0,2.0,1.0,Guangdong
广东省,2022,foreign,7476.0,224.0,1.0,1.0,Guangdong
广西壮族自治区,2005,policy,484.6,,1.0,1.0,Guangxi
广西壮族自治区,2005,large,8083.7,,1.0,1.0,Guangxi
广西壮族自治区,2005,joint_stock,424.1,,1.0,1.0,Guangxi
广西壮族自治区,2005,postal,251.1,,1.0,1.0,Guangxi
广西壮族自治区,2005,city,219.1,,2.0,1.0,Guangxi
广西壮族自治区,2005,rural,879.0,,1.0,1.0,Guangxi
广西壮族自治区,2005,foreign,0.0,,1.0,1.0,Guangxi
广西壮族自治区,2006,policy,543.4,,1.0,1.0,Guangxi
广西壮族自治区,2006,large,3419.8,,1.0,1.0,Guangxi
广西壮族自治区,2006,joint_stock,387.0,,1.0,1.0,Guangxi
广西壮族自治区,2006,postal,310.2,,1.0,1.0,Guangxi
广西壮族自治区,2006,city,199.8,,2.0,1.0,Guangxi
广西壮族自治区,2006,rural,799.4,,1.0,1.0,Guangxi
广西壮族自治区,2006,foreign,0.0,,1.0,1.0,Guangxi
广西壮族自治区,2007,policy,695.3,63.0,1.0,1.0,Guangxi
广西壮族自治区,2007,large,3773.6,1864.0,1.0,1.0,Guangxi
广西壮族自治区,2007,joint_stock,493.4,103.0,1.0,1.0,Guangxi
广西壮族自治区,2007,postal,364.9,851.0,1.0,1.0,Guangxi
广西壮族自治区,2007,city,260.2,129.0,2.0,1.0,Guangxi
广西壮族自治区,2007,rural,1073.2,2275.0,1.0,1.0,Guangxi
广西壮族自治区,2007,foreign,0.0,0.0,1.0,1.0,Guangxi
广西壮族自治区,2008,policy,923.5,63.0,1.0,1.0,Guangxi
广西壮族自治区,2008,large,4803.5,1947.0,1.0,1.0,Guangxi
广西壮族自治区,2008,joint_stock,373.0,20.0,1.0,1.0,Guangxi
广西壮族自治区,2008,postal,467.4,225.0,1.0,1.0,Guangxi
广西壮族自治区,2008,city,353.3,128.0,2.0,1.0,Guangxi
广西壮族自治区,2008,rural,1562.0,2163.0,2.0,1.0,Guangxi
广西壮族自治区,2008,foreign,1.4,1.0,1.0,1.0,Guangxi
广西壮族自治区,2009,policy,1274.0,61.0,1.0,1.0,Guangxi
广西壮族自治区,2009,large,5709.0,1848.0,1.0,1.0,Guangxi
广西壮族自治区,2009,joint_stock,1209.0,121.0,1.0,1.0,Guangxi
广西壮族自治区,2009,postal,582.0,921.0,1.0,1.0,Guangxi
广西壮族自治区,2009,city,607.0,137.0,1.0,1.0,Guangxi
广西壮族自治区,2009,rural,2175.0,2294.0,2.0,1.0,Guangxi
广西壮族自治区,2009,foreign,7.0,2.0,1.0,1.0,Guangxi
广西壮族自治区,2010,policy,1634.07,64.0,1.0,1.0,Guangxi
广西壮族自治区,2010,large,7292.0,1947.0,1.0,1.0,Guangxi
广西壮族自治区,2010,joint_stock,1053.0,47.0,1.0,1.0,Guangxi
广西壮族自治区,2010,postal,727.0,923.0,1.0,1.0,Guangxi
广西壮族自治区,2010,city,1084.0,147.0,2.0,1.0,Guangxi
广西壮族自治区,2010,rural,2937.86,2284.0,2.0,1.0,Guangxi
广西壮族自治区,2010,foreign,19.07,2.0,1.0,1.0,Guangxi
广西壮族自治区,2011,policy,2076.0,64.0,1.0,1.0,Guangxi
广西壮族自治区,2011,large,7859.0,1951.0,1.0,1.0,Guangxi
广西壮族自治区,2011,joint_stock,1269.0,53.0,1.0,1.0,Guangxi
广西壮族自治区,2011,postal,915.0,943.0,1.0,1.0,Guangxi
广西壮族自治区,2011,city,2039.0,158.0,2.0,1.0,Guangxi
广西壮族自治区,2011,rural,3721.0,2305.0,2.0,1.0,Guangxi
广西壮族自治区,2011,foreign,12.0,2.0,1.0,1.0,Guangxi
广西壮族自治区,2012,policy,2452.4,64.0,1.0,1.0,Guangxi
广西壮族自治区,2012,large,8897.5,1995.0,1.0,1.0,Guangxi
广西壮族自治区,2012,joint_stock,1824.4,69.0,1.0,1.0,Guangxi
广西壮族自治区,2012,postal,1112.2,995.0,1.0,1.0,Guangxi
广西壮族自治区,2012,city,2441.0,168.0,2.0,1.0,Guangxi
广西壮族自治区,2012,rural,4745.2,2368.0,2.0,1.0,Guangxi
广西壮族自治区,2012,foreign,24.9,2.0,1.0,1.0,Guangxi
广西壮族自治区,2013,policy,2750.3,64.0,1.0,1.0,Guangxi
广西壮族自治区,2013,large,9770.8,2018.0,1.0,1.0,Guangxi
广西壮族自治区,2013,joint_stock,2274.4,86.0,1.0,1.0,Guangxi
广西壮族自治区,2013,postal,1288.2,1002.0,1.0,1.0,Guangxi
广西壮族自治区,2013,city,2540.6,173.0,2.0,1.0,Guangxi
广西壮族自治区,2013,rural,5528.5,2444.0,2.0,1.0,Guangxi
广西壮族自治区,2013,foreign,34.3,3.0,1.0,1.0,Guangxi
广西壮族自治区,2014,policy,3297.43,64.0,1.0,1.0,Guangxi
广西壮族自治区,2014,large,10388.56,2015.0,1.0,1.0,Guangxi
广西壮族自治区,2014,joint_stock,2561.76,124.0,1.0,1.0,Guangxi
广西壮族自治区,2014,postal,1427.75,1002.0,1.0,1.0,Guangxi
广西壮族自治区,2014,city,2676.54,240.0,2.0,1.0,Guangxi
广西壮族自治区,2014,rural,6452.5,2533.0,2.0,1.0,Guangxi
广西壮族自治区,2014,foreign,40.12,3.0,1.0,1.0,Guangxi
广西壮族自治区,2015,policy,3951.5,65.0,1.0,1.0,Guangxi
广西壮族自治区,2015,large,10974.0,2020.0,1.0,1.0,Guangxi
广西壮族自治区,2015,joint_stock,3045.3,177.0,1.0,1.0,Guangxi
广西壮族自治区,2015,postal,1498.4,994.0,1.0,1.0,Guangxi
广西壮族自治区,2015,city,3318.2,333.0,2.0,1.0,Guangxi
广西壮族自治区,2015,rural,7376.200000000001,2578.0,2.0,1.0,Guangxi
广西壮族自治区,2015,foreign,40.4,4.0,1.0,1.0,Guangxi
广西壮族自治区,2016,policy,4803.7,65.0,1.0,1.0,Guangxi
广西壮族自治区,2016,large,11805.7,1992.0,1.0,1.0,Guangxi
广西壮族自治区,2016,joint_stock,2814.3,198.0,1.0,1.0,Guangxi
广西壮族自治区,2016,postal,1665.8,979.0,1.0,1.0,Guangxi
广西壮族自治区,2016,city,4221.5,388.0,2.0,1.0,Guangxi
广西壮族自治区,2016,rural,8165.7,2977.0,2.0,1.0,Guangxi
广西壮族自治区,2016,foreign,40.7,4.0,1.0,1.0,Guangxi
广西壮族自治区,2017,policy,5274.0,66.0,1.0,1.0,Guangxi
广西壮族自治区,2017,large,12774.0,1982.0,1.0,1.0,Guangxi
广西壮族自治区,2017,joint_stock,2627.0,206.0,1.0,1.0,Guangxi
广西壮族自治区,2017,postal,1787.0,969.0,1.0,1.0,Guangxi
广西壮族自治区,2017,city,4858.0,437.0,2.0,1.0,Guangxi
广西壮族自治区,2017,rural,8314.0,2630.0,2.0,1.0,Guangxi
广西壮族自治区,2017,foreign,52.0,4.0,1.0,1.0,Guangxi
广西壮族自治区,2018,policy,5101.0,66.0,1.0,1.0,Guangxi
广西壮族自治区,2018,large,13556.0,1938.0,1.0,1.0,Guangxi
广西壮族自治区,2018,joint_stock,3092.0,190.0,1.0,1.0,Guangxi
广西壮族自治区,2018,postal,1933.0,972.0,1.0,1.0,Guangxi
广西壮族自治区,2018,city,5657.0,505.0,2.0,1.0,Guangxi
广西壮族自治区,2018,rural,8904.0,2618.0,2.0,1.0,Guangxi
广西壮族自治区,2018,foreign,56.0,4.0,1.0,1.0,Guangxi
广西壮族自治区,2019,policy,5224.0,66.0,1.0,1.0,Guangxi
广西壮族自治区,2019,large,14164.0,1885.0,1.0,1.0,Guangxi
广西壮族自治区,2019,joint_stock,3638.0,186.0,1.0,1.0,Guangxi
广西壮族自治区,2019,postal,2066.0,973.0,1.0,1.0,Guangxi
广西壮族自治区,2019,city,6510.0,587.0,2.0,1.0,Guangxi
广西壮族自治区,2019,rural,10276.0,3000.0,2.0,1.0,Guangxi
广西壮族自治区,2019,foreign,63.0,4.0,1.0,1.0,Guangxi
广西壮族自治区,2020,policy,5678.0,66.0,1.0,1.0,Guangxi
广西壮族自治区,2020,large,15047.0,1836.0,1.0,1.0,Guangxi
广西壮族自治区,2020,joint_stock,4206.0,194.0,1.0,1.0,Guangxi
广西壮族自治区,2020,postal,2256.0,976.0,1.0,1.0,Guangxi
广西壮族自治区,2020,city,8150.0,745.0,2.0,1.0,Guangxi
广西壮族自治区,2020,rural,11174.0,2930.0,2.0,1.0,Guangxi
广西壮族自治区,2020,foreign,70.0,4.0,1.0,1.0,Guangxi
广西壮族自治区,2021,policy,6451.0,66.0,1.0,1.0,Guangxi
广西壮族自治区,2021,large,16514.0,1794.0,1.0,1.0,Guangxi
广西壮族自治区,2021,joint_stock,4303.0,195.0,1.0,1.0,Guangxi
广西壮族自治区,2021,postal,2467.0,969.0,1.0,1.0,Guangxi
广西壮族自治区,2021,city,9352.0,1064.0,2.0,1.0,Guangxi
广西壮族自治区,2021,rural,12252.0,3020.0,2.0,1.0,Guangxi
广西壮族自治区,2021,foreign,54.0,4.0,1.0,1.0,Guangxi
广西壮族自治区,2022,policy,7118.0,66.0,1.0,1.0,Guangxi
广西壮族自治区,2022,large,18361.0,1767.0,1.0,1.0,Guangxi
广西壮族自治区,2022,joint_stock,4317.0,200.0,1.0,1.0,Guangxi
广西壮族自治区,2022,postal,2629.0,963.0,1.0,1.0,Guangxi
广西壮族自治区,2022,city,10702.0,1325.0,2.0,1.0,Guangxi
广西壮族自治区,2022,rural,12668.0,2641.0,2.0,1.0,Guangxi
广西壮族自治区,2022,foreign,55.0,4.0,1.0,1.0,Guangxi
新疆维吾尔自治区,2005,policy,623.21,,1.0,1.0,Xinjiang
新疆维吾尔自治区,2005,large,2574.55,,1.0,1.0,Xinjiang
新疆维吾尔自治区,2005,joint_stock,220.9,,1.0,1.0,Xinjiang
新疆维吾尔自治区,2005,postal,183.25,,1.0,1.0,Xinjiang
新疆维吾尔自治区,2005,city,233.26000000000002,,2.0,1.0,Xinjiang
新疆维吾尔自治区,2005,rural,322.99,,1.0,1.0,Xinjiang
新疆维吾尔自治区,2005,foreign,0.0,0.0,,1.0,Xinjiang
新疆维吾尔自治区,2006,policy,687.9,,1.0,1.0,Xinjiang
新疆维吾尔自治区,2006,large,2939.8,,1.0,1.0,Xinjiang
新疆维吾尔自治区,2006,joint_stock,293.1,,1.0,1.0,Xinjiang
新疆维吾尔自治区,2006,postal,214.0,,1.0,1.0,Xinjiang
新疆维吾尔自治区,2006,city,257.7,,2.0,1.0,Xinjiang
新疆维吾尔自治区,2006,rural,388.5,,1.0,1.0,Xinjiang
新疆维吾尔自治区,2006,foreign,0.0,0.0,,1.0,Xinjiang
新疆维吾尔自治区,2007,policy,786.0,90.0,1.0,1.0,Xinjiang
新疆维吾尔自治区,2007,large,3278.0,1288.0,1.0,1.0,Xinjiang
新疆维吾尔自治区,2007,joint_stock,423.0,45.0,1.0,1.0,Xinjiang
新疆维吾尔自治区,2007,postal,221.0,597.0,1.0,1.0,Xinjiang
新疆维吾尔自治区,2007,city,318.0,129.0,2.0,1.0,Xinjiang
新疆维吾尔自治区,2007,rural,482.0,1074.0,1.0,1.0,Xinjiang
新疆维吾尔自治区,2007,foreign,0.0,0.0,1.0,1.0,Xinjiang
新疆维吾尔自治区,2008,policy,974.0,92.0,1.0,1.0,Xinjiang
新疆维吾尔自治区,2008,large,3922.0,1275.0,1.0,1.0,Xinjiang
新疆维吾尔自治区,2008,joint_stock,360.0,52.0,1.0,1.0,Xinjiang
新疆维吾尔自治区,2008,postal,285.0,489.5,1.0,1.0,Xinjiang
新疆维吾尔自治区,2008,city,376.0,119.0,2.0,1.0,Xinjiang
新疆维吾尔自治区,2008,rural,724.0,1027.0,2.0,1.0,Xinjiang
新疆维吾尔自治区,2008,foreign,24.0,1.0,1.0,1.0,Xinjiang
新疆维吾尔自治区,2009,policy,1148.0,91.0,1.0,1.0,Xinjiang
新疆维吾尔自治区,2009,large,4723.0,1258.0,1.0,1.0,Xinjiang
新疆维吾尔自治区,2009,joint_stock,474.0,55.0,1.0,1.0,Xinjiang
新疆维吾尔自治区,2009,postal,357.0,382.0,1.0,1.0,Xinjiang
新疆维吾尔自治区,2009,city,629.0,126.0,2.0,1.0,Xinjiang
新疆维吾尔自治区,2009,rural,914.0,1008.0,2.0,1.0,Xinjiang
新疆维吾尔自治区,2009,foreign,20.0,1.0,1.0,1.0,Xinjiang
新疆维吾尔自治区,2010,policy,1588.0,92.0,1.0,1.0,Xinjiang
新疆维吾尔自治区,2010,large,5608.0,1388.0,1.0,1.0,Xinjiang
新疆维吾尔自治区,2010,joint_stock,819.0,33.0,1.0,1.0,Xinjiang
新疆维吾尔自治区,2010,postal,433.0,624.0,1.0,1.0,Xinjiang
新疆维吾尔自治区,2010,city,1335.0,143.0,2.0,1.0,Xinjiang
新疆维吾尔自治区,2010,rural,1353.0,1016.0,2.0,1.0,Xinjiang
新疆维吾尔自治区,2010,foreign,17.0,1.0,1.0,1.0,Xinjiang
新疆维吾尔自治区,2011,policy,2052.0,93.0,1.0,1.0,Xinjiang
新疆维吾尔自治区,2011,large,6431.0,1294.0,1.0,1.0,Xinjiang
新疆维吾尔自治区,2011,joint_stock,1226.0,37.0,1.0,1.0,Xinjiang
新疆维吾尔自治区,2011,postal,543.0,632.0,1.0,1.0,Xinjiang
新疆维吾尔自治区,2011,city,1944.0,156.0,2.0,1.0,Xinjiang
新疆维吾尔自治区,2011,rural,1893.0,1198.0,2.0,1.0,Xinjiang
新疆维吾尔自治区,2011,foreign,25.0,2.0,1.0,1.0,Xinjiang
新疆维吾尔自治区,2012,policy,2558.0,93.0,1.0,1.0,Xinjiang
新疆维吾尔自治区,2012,large,7230.5,1296.0,1.0,1.0,Xinjiang
新疆维吾尔自治区,2012,joint_stock,1358.2,47.0,1.0,1.0,Xinjiang
新疆维吾尔自治区,2012,postal,627.3,647.0,1.0,1.0,Xinjiang
新疆维吾尔自治区,2012,city,2634.8,164.0,2.0,1.0,Xinjiang
新疆维吾尔自治区,2012,rural,2304.3999999999996,1029.0,2.0,1.0,Xinjiang
新疆维吾尔自治区,2012,foreign,34.5,2.0,1.0,1.0,Xinjiang
新疆维吾尔自治区,2013,policy,2917.05,94.0,1.0,1.0,Xinjiang
新疆维吾尔自治区,2013,large,8268.89,1382.0,1.0,1.0,Xinjiang
新疆维吾尔自治区,2013,joint_stock,1516.61,64.0,1.0,1.0,Xinjiang
新疆维吾尔自治区,2013,postal,667.81,660.0,1.0,1.0,Xinjiang
新疆维吾尔自治区,2013,city,3397.14,175.0,2.0,1.0,Xinjiang
新疆维吾尔自治区,2013,rural,2853.14,1105.0,2.0,1.0,Xinjiang
新疆维吾尔自治区,2013,foreign,37.46,2.0,1.0,1.0,Xinjiang
新疆维吾尔自治区,2014,policy,3289.0,94.0,1.0,1.0,Xinjiang
新疆维吾尔自治区,2014,large,8759.0,1391.0,1.0,1.0,Xinjiang
新疆维吾尔自治区,2014,joint_stock,1618.0,85.0,1.0,1.0,Xinjiang
新疆维吾尔自治区,2014,postal,776.0,663.0,1.0,1.0,Xinjiang
新疆维吾尔自治区,2014,city,3773.0,214.0,2.0,1.0,Xinjiang
新疆维吾尔自治区,2014,rural,3229.0,1154.0,2.0,1.0,Xinjiang
新疆维吾尔自治区,2014,foreign,27.0,2.0,1.0,1.0,Xinjiang
新疆维吾尔自治区,2015,policy,3573.0,96.0,1.0,1.0,Xinjiang
新疆维吾尔自治区,2015,large,9112.0,1315.0,1.0,1.0,Xinjiang
新疆维吾尔自治区,2015,joint_stock,1904.0,116.0,1.0,1.0,Xinjiang
新疆维吾尔自治区,2015,postal,802.0,664.0,1.0,1.0,Xinjiang
新疆维吾尔自治区,2015,city,4255.0,233.0,2.0,1.0,Xinjiang
新疆维吾尔自治区,2015,rural,3710.0,1228.0,2.0,1.0,Xinjiang
新疆维吾尔自治区,2015,foreign,18.0,3.0,1.0,1.0,Xinjiang
新疆维吾尔自治区,2016,policy,4218.0,75.0,1.0,1.0,Xinjiang
新疆维吾尔自治区,2016,large,9981.0,1255.0,1.0,1.0,Xinjiang
新疆维吾尔自治区,2016,joint_stock,1821.0,116.0,1.0,1.0,Xinjiang
新疆维吾尔自治区,2016,postal,862.0,646.0,1.0,1.0,Xinjiang
新疆维吾尔自治区,2016,city,4816.0,228.0,1.0,1.0,Xinjiang
新疆维吾尔自治区,2016,rural,4179.0,1273.0,2.0,1.0,Xinjiang
新疆维吾尔自治区,2016,foreign,14.0,3.0,1.0,1.0,Xinjiang
新疆维吾尔自治区,2017,policy,5254.0,97.0,1.0,1.0,Xinjiang
新疆维吾尔自治区,2017,large,11208.0,1258.0,1.0,1.0,Xinjiang
新疆维吾尔自治区,2017,joint_stock,1857.0,125.0,1.0,1.0,Xinjiang
新疆维吾尔自治区,2017,postal,921.0,665.0,1.0,1.0,Xinjiang
新疆维吾尔自治区,2017,city,5717.0,226.0,1.0,1.0,Xinjiang
新疆维吾尔自治区,2017,rural,5101.0,1275.0,2.0,1.0,Xinjiang
新疆维吾尔自治区,2017,foreign,16.0,2.0,1.0,1.0,Xinjiang
新疆维吾尔自治区,2018,policy,,,,,Xinjiang
新疆维吾尔自治区,2018,large,,,,,Xinjiang
新疆维吾尔自治区,2018,joint_stock,,,,,Xinjiang
新疆维吾尔自治区,2018,postal,,,,,Xinjiang
新疆维吾尔自治区,2018,city,,,,,Xinjiang
新疆维吾尔自治区,2018,rural,,,,,Xinjiang
新疆维吾尔自治区,2018,foreign,,,,,Xinjiang
新疆维吾尔自治区,2019,policy,5795.0,75.0,1.0,1.0,Xinjiang
新疆维吾尔自治区,2019,large,12290.0,1196.0,1.0,1.0,Xinjiang
新疆维吾尔自治区,2019,joint_stock,1881.0,105.0,1.0,1.0,Xinjiang
新疆维吾尔自治区,2019,postal,1030.0,642.0,1.0,1.0,Xinjiang
新疆维吾尔自治区,2019,city,6274.0,229.0,1.0,1.0,Xinjiang
新疆维吾尔自治区,2019,rural,5356.0,1368.0,2.0,1.0,Xinjiang
新疆维吾尔自治区,2019,foreign,14.0,2.0,1.0,1.0,Xinjiang
新疆维吾尔自治区,2020,policy,6296.0,75.0,1.0,1.0,Xinjiang
新疆维吾尔自治区,2020,large,12810.0,1162.0,1.0,1.0,Xinjiang
新疆维吾尔自治区,2020,joint_stock,2033.0,108.0,1.0,1.0,Xinjiang
新疆维吾尔自治区,2020,postal,1129.0,642.0,1.0,1.0,Xinjiang
新疆维吾尔自治区,2020,city,6841.0,206.0,2.0,1.0,Xinjiang
新疆维吾尔自治区,2020,rural,6020.0,1284.0,2.0,1.0,Xinjiang
新疆维吾尔自治区,2020,foreign,10.0,0.0,1.0,1.0,Xinjiang
新疆维吾尔自治区,2021,policy,6851.0,75.0,1.0,1.0,Xinjiang
新疆维吾尔自治区,2021,large,13447.0,1153.0,1.0,1.0,Xinjiang
新疆维吾尔自治区,2021,joint_stock,2211.0,113.0,1.0,1.0,Xinjiang
新疆维吾尔自治区,2021,postal,1277.0,635.0,1.0,1.0,Xinjiang
新疆维吾尔自治区,2021,city,7329.0,207.0,2.0,1.0,Xinjiang
新疆维吾尔自治区,2021,rural,6611.0,1277.0,2.0,1.0,Xinjiang
新疆维吾尔自治区,2021,foreign,13.0,0.0,1.0,1.0,Xinjiang
新疆维吾尔自治区,2022,policy,7177.0,75.0,1.0,1.0,Xinjiang
新疆维吾尔自治区,2022,large,14814.0,1149.0,1.0,1.0,Xinjiang
新疆维吾尔自治区,2022,joint_stock,2502.0,110.0,1.0,1.0,Xinjiang
新疆维吾尔自治区,2022,postal,1375.0,639.0,1.0,1.0,Xinjiang
新疆维吾尔自治区,2022,city,8076.0,211.0,2.0,1.0,Xinjiang
新疆维吾尔自治区,2022,rural,7138.0,1281.0,2.0,1.0,Xinjiang
新疆维吾尔自治区,2022,foreign,13.0,2.0,1.0,1.0,Xinjiang
江苏省,2005,policy,1314.3,,1.0,1.0,Jiangsu
江苏省,2005,large,13681.82,,1.0,1.0,Jiangsu
江苏省,2005,joint_stock,4805.37,,1.0,1.0,Jiangsu
江苏省,2005,postal,1209.25,,1.0,1.0,Jiangsu
江苏省,2005,city,1654.1899999999998,,2.0,1.0,Jiangsu
江苏省,2005,rural,3177.37,,1.0,1.0,Jiangsu
江苏省,2005,foreign,123.82,,1.0,1.0,Jiangsu
江苏省,2006,policy,1541.2,,1.0,1.0,Jiangsu
江苏省,2006,large,15838.0,,1.0,1.0,Jiangsu
江苏省,2006,joint_stock,5796.2,,1.0,1.0,Jiangsu
江苏省,2006,postal,1417.3,,1.0,1.0,Jiangsu
江苏省,2006,city,2018.6000000000001,,2.0,1.0,Jiangsu
江苏省,2006,rural,1881.9,,1.0,1.0,Jiangsu
江苏省,2006,foreign,121.5,,1.0,1.0,Jiangsu
江苏省,2007,policy,1831.9,94.0,1.0,1.0,Jiangsu
江苏省,2007,large,18355.8,4494.0,1.0,1.0,Jiangsu
江苏省,2007,joint_stock,7609.3,615.0,1.0,1.0,Jiangsu
江苏省,2007,postal,1528.0,2389.0,1.0,1.0,Jiangsu
江苏省,2007,city,2613.3999999999996,484.0,2.0,1.0,Jiangsu
江苏省,2007,rural,4627.8,3106.0,1.0,1.0,Jiangsu
江苏省,2007,foreign,294.4,17.0,1.0,1.0,Jiangsu
江苏省,2008,policy,2247.2,94.0,1.0,1.0,Jiangsu
江苏省,2008,large,24289.5,4941.0,1.0,1.0,Jiangsu
江苏省,2008,joint_stock,6373.3,306.0,1.0,1.0,Jiangsu
江苏省,2008,postal,1947.5,2391.0,1.0,1.0,Jiangsu
江苏省,2008,city,3285.1,493.0,2.0,1.0,Jiangsu
江苏省,2008,rural,5763.3,3066.0,2.0,1.0,Jiangsu
江苏省,2008,foreign,352.3,30.0,1.0,1.0,Jiangsu
江苏省,2009,policy,2704.8,94.0,1.0,1.0,Jiangsu
江苏省,2009,large,31431.1,4561.0,1.0,1.0,Jiangsu
江苏省,2009,joint_stock,8680.7,694.0,1.0,1.0,Jiangsu
江苏省,2009,postal,2294.4,1264.0,1.0,1.0,Jiangsu
江苏省,2009,city,4978.6,504.0,2.0,1.0,Jiangsu
江苏省,2009,rural,7355.3,3122.0,2.0,1.0,Jiangsu
江苏省,2009,foreign,374.9,26.0,1.0,1.0,Jiangsu
江苏省,2010,policy,3280.7,92.0,1.0,1.0,Jiangsu
江苏省,2010,large,40706.1,4910.0,1.0,1.0,Jiangsu
江苏省,2010,joint_stock,7714.3,387.0,1.0,1.0,Jiangsu
江苏省,2010,postal,2642.3,2401.0,1.0,1.0,Jiangsu
江苏省,2010,city,6896.0,531.0,2.0,1.0,Jiangsu
江苏省,2010,rural,9754.2,3100.0,2.0,1.0,Jiangsu
江苏省,2010,foreign,388.1,35.0,1.0,1.0,Jiangsu
江苏省,2011,policy,3442.0,93.0,1.0,1.0,Jiangsu
江苏省,2011,large,39731.0,4641.0,1.0,1.0,Jiangsu
江苏省,2011,joint_stock,14101.0,768.0,1.0,1.0,Jiangsu
江苏省,2011,postal,3156.0,2442.0,1.0,1.0,Jiangsu
江苏省,2011,city,8994.0,674.0,2.0,1.0,Jiangsu
江苏省,2011,rural,11466.0,3029.0,2.0,1.0,Jiangsu
江苏省,2011,foreign,564.0,52.0,1.0,1.0,Jiangsu
江苏省,2012,policy,4136.5,93.0,1.0,1.0,Jiangsu
江苏省,2012,large,43760.7,4768.0,1.0,1.0,Jiangsu
江苏省,2012,joint_stock,18519.5,832.0,1.0,1.0,Jiangsu
江苏省,2012,postal,3899.0,2499.0,1.0,1.0,Jiangsu
江苏省,2012,city,11638.2,707.0,1.0,1.0,Jiangsu
江苏省,2012,rural,13267.300000000001,3113.0,2.0,1.0,Jiangsu
江苏省,2012,foreign,726.3,52.0,1.0,1.0,Jiangsu
江苏省,2013,policy,4740.0,93.0,1.0,1.0,Jiangsu
江苏省,2013,large,47572.0,4849.0,1.0,1.0,Jiangsu
江苏省,2013,joint_stock,21062.0,915.0,1.0,1.0,Jiangsu
江苏省,2013,postal,4168.0,2511.0,1.0,1.0,Jiangsu
江苏省,2013,city,14294.0,747.0,2.0,1.0,Jiangsu
江苏省,2013,rural,15135.0,3194.0,2.0,1.0,Jiangsu
江苏省,2013,foreign,911.0,65.0,1.0,1.0,Jiangsu
江苏省,2014,policy,5339.9,93.0,1.0,1.0,Jiangsu
江苏省,2014,large,48659.5,4839.0,1.0,1.0,Jiangsu
江苏省,2014,joint_stock,24009.9,1074.0,1.0,1.0,Jiangsu
江苏省,2014,postal,4782.3,2523.0,1.0,1.0,Jiangsu
江苏省,2014,city,19708.8,804.0,1.0,1.0,Jiangsu
江苏省,2014,rural,17541.7,3330.0,2.0,1.0,Jiangsu
江苏省,2014,foreign,1038.7,79.0,1.0,1.0,Jiangsu
江苏省,2015,policy,6454.0,93.0,1.0,1.0,Jiangsu
江苏省,2015,large,50403.5,5178.0,1.0,1.0,Jiangsu
江苏省,2015,joint_stock,26420.5,1183.0,1.0,1.0,Jiangsu
江苏省,2015,postal,5214.1,2530.0,1.0,1.0,Jiangsu
江苏省,2015,city,25195.2,858.0,1.0,1.0,Jiangsu
江苏省,2015,rural,20233.8,3440.0,2.0,1.0,Jiangsu
江苏省,2015,foreign,1175.5,78.0,1.0,1.0,Jiangsu
江苏省,2016,policy,7633.0,93.0,1.0,1.0,Jiangsu
江苏省,2016,large,54798.0,5139.0,1.0,1.0,Jiangsu
江苏省,2016,joint_stock,29754.0,960.0,1.0,1.0,Jiangsu
江苏省,2016,postal,6130.0,2528.0,1.0,1.0,Jiangsu
江苏省,2016,city,31204.0,897.0,1.0,1.0,Jiangsu
江苏省,2016,rural,23511.0,3510.0,2.0,1.0,Jiangsu
江苏省,2016,foreign,1300.0,77.0,1.0,1.0,Jiangsu
江苏省,2017,policy,8444.0,93.0,1.0,1.0,Jiangsu
江苏省,2017,large,57505.0,5073.0,1.0,1.0,Jiangsu
江苏省,2017,joint_stock,29539.0,1369.0,1.0,1.0,Jiangsu
江苏省,2017,postal,6849.0,2524.0,1.0,1.0,Jiangsu
江苏省,2017,city,33404.0,938.0,1.0,1.0,Jiangsu
江苏省,2017,rural,26940.0,4198.0,2.0,1.0,Jiangsu
江苏省,2017,foreign,1493.0,76.0,1.0,1.0,Jiangsu
江苏省,2018,policy,9425.0,78.0,1.0,1.0,Jiangsu
江苏省,2018,large,60536.0,4936.0,1.0,1.0,Jiangsu
江苏省,2018,joint_stock,29473.0,1047.0,1.0,1.0,Jiangsu
江苏省,2018,postal,7392.0,2515.0,1.0,1.0,Jiangsu
江苏省,2018,city,36575.0,906.0,2.0,1.0,Jiangsu
江苏省,2018,rural,29122.0,3448.0,2.0,1.0,Jiangsu
江苏省,2018,foreign,1541.0,35.0,1.0,1.0,Jiangsu
江苏省,2019,policy,10366.0,95.0,1.0,1.0,Jiangsu
江苏省,2019,large,64756.0,4992.0,1.0,1.0,Jiangsu
江苏省,2019,joint_stock,32816.0,1182.0,1.0,1.0,Jiangsu
江苏省,2019,postal,8155.0,2512.0,1.0,1.0,Jiangsu
江苏省,2019,city,39723.0,987.0,2.0,1.0,Jiangsu
江苏省,2019,rural,30841.0,3651.0,2.0,1.0,Jiangsu
江苏省,2019,foreign,1674.0,78.0,1.0,1.0,Jiangsu
江苏省,2020,policy,11687.0,78.0,1.0,1.0,Jiangsu
江苏省,2020,large,75488.0,4858.0,1.0,1.0,Jiangsu
江苏省,2020,joint_stock,36784.0,1091.0,1.0,1.0,Jiangsu
江苏省,2020,postal,9310.0,2499.0,1.0,1.0,Jiangsu
江苏省,2020,city,44730.0,935.0,2.0,1.0,Jiangsu
江苏省,2020,rural,33558.0,3494.0,2.0,1.0,Jiangsu
江苏省,2020,foreign,1784.0,35.0,1.0,1.0,Jiangsu
江苏省,2021,policy,12550.0,95.0,1.0,1.0,Jiangsu
江苏省,2021,large,84734.0,4938.0,1.0,1.0,Jiangsu
江苏省,2021,joint_stock,39166.0,1242.0,1.0,1.0,Jiangsu
江苏省,2021,postal,10454.0,2511.0,1.0,1.0,Jiangsu
江苏省,2021,city,50685.0,1019.0,2.0,1.0,Jiangsu
江苏省,2021,rural,36432.0,3727.0,2.0,1.0,Jiangsu
江苏省,2021,foreign,1855.0,79.0,1.0,1.0,Jiangsu
江苏省,2022,policy,13947.0,84.0,1.0,1.0,Jiangsu
江苏省,2022,large,99848.0,4932.0,1.0,1.0,Jiangsu
江苏省,2022,joint_stock,41355.0,1312.0,1.0,1.0,Jiangsu
江苏省,2022,postal,12097.0,2511.0,1.0,1.0,Jiangsu
江苏省,2022,city,58294.0,1055.0,2.0,1.0,Jiangsu
江苏省,2022,rural,40762.0,3636.0,2.0,1.0,Jiangsu
江苏省,2022,foreign,1849.0,79.0,1.0,1.0,Jiangsu
江西省,2005,policy,554.5,,1.0,1.0,Jiangxi
江西省,2005,large,2656.5,,1.0,1.0,Jiangxi
江西省,2005,joint_stock,309.6,,1.0,1.0,Jiangxi
江西省,2005,postal,496.6,,1.0,1.0,Jiangxi
江西省,2005,city,342.29999999999995,,2.0,1.0,Jiangxi
江西省,2005,rural,693.2,,1.0,1.0,Jiangxi
江西省,2005,foreign,0.0,0.0,,1.0,Jiangxi
江西省,2006,policy,585.9,,1.0,1.0,Jiangxi
江西省,2006,large,3056.2,,1.0,1.0,Jiangxi
江西省,2006,joint_stock,417.7,,1.0,1.0,Jiangxi
江西省,2006,postal,580.2,,1.0,1.0,Jiangxi
江西省,2006,city,421.29999999999995,,2.0,1.0,Jiangxi
江西省,2006,rural,833.9,,1.0,1.0,Jiangxi
江西省,2006,foreign,0.0,,1.0,1.0,Jiangxi
江西省,2007,policy,683.8,102.0,1.0,1.0,Jiangxi
江西省,2007,large,3452.2,1827.0,1.0,1.0,Jiangxi
江西省,2007,joint_stock,509.7,19.0,1.0,1.0,Jiangxi
江西省,2007,postal,613.7,1314.0,1.0,1.0,Jiangxi
江西省,2007,city,507.7,697.0,2.0,1.0,Jiangxi
江西省,2007,rural,1005.6,2412.0,2.0,1.0,Jiangxi
江西省,2007,foreign,0.0,0.0,,1.0,Jiangxi
江西省,2008,policy,870.4,96.0,1.0,1.0,Jiangxi
江西省,2008,large,4466.6,1820.0,1.0,1.0,Jiangxi
江西省,2008,joint_stock,411.3,27.0,1.0,1.0,Jiangxi
江西省,2008,postal,768.9,1406.0,1.0,1.0,Jiangxi
江西省,2008,city,678.3,170.0,2.0,1.0,Jiangxi
江西省,2008,rural,1490.0,2561.0,2.0,1.0,Jiangxi
江西省,2008,foreign,2.4,1.0,1.0,1.0,Jiangxi
江西省,2009,policy,1085.0,96.0,1.0,1.0,Jiangxi
江西省,2009,large,5755.0,1818.0,1.0,1.0,Jiangxi
江西省,2009,joint_stock,702.0,36.0,1.0,1.0,Jiangxi
江西省,2009,postal,926.0,1404.0,1.0,1.0,Jiangxi
江西省,2009,city,951.0,193.0,2.0,1.0,Jiangxi
江西省,2009,rural,1866.0,2548.0,2.0,1.0,Jiangxi
江西省,2009,foreign,11.0,2.0,1.0,1.0,Jiangxi
江西省,2010,policy,1298.0,83.0,1.0,1.0,Jiangxi
江西省,2010,large,6949.0,1745.0,1.0,1.0,Jiangxi
江西省,2010,joint_stock,1346.0,38.0,1.0,1.0,Jiangxi
江西省,2010,postal,1118.0,1392.0,1.0,1.0,Jiangxi
江西省,2010,city,1530.0,187.0,2.0,1.0,Jiangxi
江西省,2010,rural,2466.0,2442.0,2.0,1.0,Jiangxi
江西省,2010,foreign,13.0,2.0,1.0,1.0,Jiangxi
江西省,2011,policy,1554.0,96.0,1.0,1.0,Jiangxi
江西省,2011,large,7823.0,1825.0,1.0,1.0,Jiangxi
江西省,2011,joint_stock,1667.0,137.0,1.0,1.0,Jiangxi
江西省,2011,postal,1300.0,1414.0,1.0,1.0,Jiangxi
江西省,2011,city,2269.0,243.0,1.0,1.0,Jiangxi
江西省,2011,rural,3056.0,2565.0,2.0,1.0,Jiangxi
江西省,2011,foreign,21.0,3.0,1.0,1.0,Jiangxi
江西省,2012,policy,1833.6,96.0,1.0,1.0,Jiangxi
江西省,2012,large,8792.0,1878.0,1.0,1.0,Jiangxi
江西省,2012,joint_stock,2407.0,75.0,1.0,1.0,Jiangxi
江西省,2012,postal,1503.6,1449.0,1.0,1.0,Jiangxi
江西省,2012,city,2843.7,264.0,1.0,1.0,Jiangxi
江西省,2012,rural,3895.4,2576.0,2.0,1.0,Jiangxi
江西省,2012,foreign,25.1,3.0,1.0,1.0,Jiangxi
江西省,2013,policy,2155.8,97.0,1.0,1.0,Jiangxi
江西省,2013,large,9543.3,1882.0,1.0,1.0,Jiangxi
江西省,2013,joint_stock,2377.7,96.0,1.0,1.0,Jiangxi
江西省,2013,postal,1630.7,1473.0,1.0,1.0,Jiangxi
江西省,2013,city,3585.7,309.0,1.0,1.0,Jiangxi
江西省,2013,rural,4931.1,2611.0,2.0,1.0,Jiangxi
江西省,2013,foreign,24.9,3.0,1.0,1.0,Jiangxi
江西省,2014,policy,2620.24,97.0,1.0,1.0,Jiangxi
江西省,2014,large,10364.68,1887.0,1.0,1.0,Jiangxi
江西省,2014,joint_stock,2674.02,223.0,1.0,1.0,Jiangxi
江西省,2014,postal,1826.8,1490.0,1.0,1.0,Jiangxi
江西省,2014,city,4249.71,386.0,2.0,1.0,Jiangxi
江西省,2014,rural,5820.88,2652.0,2.0,1.0,Jiangxi
江西省,2014,foreign,28.9,4.0,1.0,1.0,Jiangxi
江西省,2015,policy,3192.0,98.0,1.0,1.0,Jiangxi
江西省,2015,large,11248.0,1892.0,1.0,1.0,Jiangxi
江西省,2015,joint_stock,2951.0,256.0,1.0,1.0,Jiangxi
江西省,2015,postal,2008.0,1490.0,1.0,1.0,Jiangxi
江西省,2015,city,5527.0,600.0,2.0,1.0,Jiangxi
江西省,2015,rural,6861.0,2690.0,2.0,1.0,Jiangxi
江西省,2015,foreign,28.0,5.0,1.0,1.0,Jiangxi
江西省,2016,policy,4135.0,98.0,1.0,1.0,Jiangxi
江西省,2016,large,11766.0,1879.0,1.0,1.0,Jiangxi
江西省,2016,joint_stock,3228.0,279.0,1.0,1.0,Jiangxi
江西省,2016,postal,2331.0,1490.0,1.0,1.0,Jiangxi
江西省,2016,city,7364.0,706.0,2.0,1.0,Jiangxi
江西省,2016,rural,7972.0,2674.0,2.0,1.0,Jiangxi
江西省,2016,foreign,41.0,5.0,1.0,1.0,Jiangxi
江西省,2017,policy,5327.0,99.0,1.0,1.0,Jiangxi
江西省,2017,large,12714.0,1849.0,1.0,1.0,Jiangxi
江西省,2017,joint_stock,3840.0,297.0,1.0,1.0,Jiangxi
江西省,2017,postal,2688.0,1475.0,1.0,1.0,Jiangxi
江西省,2017,city,8523.0,762.0,2.0,1.0,Jiangxi
江西省,2017,rural,8627.0,2703.0,2.0,1.0,Jiangxi
江西省,2017,foreign,42.0,5.0,1.0,1.0,Jiangxi
江西省,2018,policy,6399.0,99.0,1.0,1.0,Jiangxi
江西省,2018,large,13943.0,1857.0,1.0,1.0,Jiangxi
江西省,2018,joint_stock,3457.0,283.0,1.0,1.0,Jiangxi
江西省,2018,postal,2863.0,1478.0,1.0,1.0,Jiangxi
江西省,2018,city,9606.0,766.0,1.0,1.0,Jiangxi
江西省,2018,rural,9278.0,2671.0,2.0,1.0,Jiangxi
江西省,2018,foreign,38.0,4.0,1.0,1.0,Jiangxi
江西省,2019,policy,7133.0,99.0,1.0,1.0,Jiangxi
江西省,2019,large,15465.0,1859.0,1.0,1.0,Jiangxi
江西省,2019,joint_stock,4148.0,288.0,1.0,1.0,Jiangxi
江西省,2019,postal,3186.0,1477.0,1.0,1.0,Jiangxi
江西省,2019,city,10943.0,766.0,1.0,1.0,Jiangxi
江西省,2019,rural,9856.0,2638.0,2.0,1.0,Jiangxi
江西省,2019,foreign,43.0,5.0,1.0,1.0,Jiangxi
江西省,2020,policy,8065.0,99.0,1.0,1.0,Jiangxi
江西省,2020,large,17113.0,1825.0,1.0,1.0,Jiangxi
江西省,2020,joint_stock,5051.0,280.0,1.0,1.0,Jiangxi
江西省,2020,postal,3508.0,1469.0,1.0,1.0,Jiangxi
江西省,2020,city,12484.0,773.0,2.0,1.0,Jiangxi
江西省,2020,rural,10923.0,2458.0,2.0,1.0,Jiangxi
江西省,2020,foreign,39.0,5.0,1.0,1.0,Jiangxi
江西省,2021,policy,8816.0,99.0,1.0,1.0,Jiangxi
江西省,2021,large,18778.0,1817.0,1.0,1.0,Jiangxi
江西省,2021,joint_stock,5529.0,289.0,1.0,1.0,Jiangxi
江西省,2021,postal,3879.0,1460.0,1.0,1.0,Jiangxi
江西省,2021,city,13817.0,793.0,2.0,1.0,Jiangxi
江西省,2021,rural,12050.0,2454.0,2.0,1.0,Jiangxi
江西省,2021,foreign,46.0,4.0,1.0,1.0,Jiangxi
江西省,2022,policy,9184.0,99.0,1.0,1.0,Jiangxi
江西省,2022,large,21224.0,1814.0,1.0,1.0,Jiangxi
江西省,2022,joint_stock,6007.0,297.0,1.0,1.0,Jiangxi
江西省,2022,postal,4389.0,1456.0,1.0,1.0,Jiangxi
江西省,2022,city,14572.0,773.0,2.0,1.0,Jiangxi
江西省,2022,rural,12971.0,2442.0,2.0,1.0,Jiangxi
江西省,2022,foreign,47.0,4.0,1.0,1.0,Jiangxi
河北省,2005,policy,759.3,,1.0,1.0,Hebei
河北省,2005,large,6978.7,,1.0,1.0,Hebei
河北省,2005,joint_stock,686.5,,1.0,1.0,Hebei
河北省,2005,postal,667.6,,1.0,1.0,Hebei
河北省,2005,city,699.2,,2.0,1.0,Hebei
河北省,2005,rural,2517.4,,1.0,1.0,Hebei
河北省,2005,foreign,0.0,0.0,,1.0,Hebei
河北省,2006,policy,845.0,,1.0,1.0,Hebei
河北省,2006,large,7890.0,,1.0,1.0,Hebei
河北省,2006,joint_stock,850.0,,1.0,1.0,Hebei
河北省,2006,postal,791.0,,1.0,1.0,Hebei
河北省,2006,city,852.0,,2.0,1.0,Hebei
河北省,2006,rural,2887.0,,1.0,1.0,Hebei
河北省,2006,foreign,0.0,0.0,,1.0,Hebei
河北省,2007,policy,1004.0,164.0,1.0,1.0,Hebei
河北省,2007,large,9424.0,3293.0,1.0,1.0,Hebei
河北省,2007,joint_stock,585.0,38.0,1.0,1.0,Hebei
河北省,2007,postal,868.0,1311.0,1.0,1.0,Hebei
河北省,2007,city,1069.0,300.0,2.0,1.0,Hebei
河北省,2007,rural,3305.0,4941.0,1.0,1.0,Hebei
河北省,2007,foreign,0.0,0.0,1.0,1.0,Hebei
河北省,2008,policy,1241.0,164.0,1.0,1.0,Hebei
河北省,2008,large,11630.0,3213.0,1.0,1.0,Hebei
河北省,2008,joint_stock,951.0,48.0,1.0,1.0,Hebei
河北省,2008,postal,1097.0,1346.0,1.0,1.0,Hebei
河北省,2008,city,1360.0,306.0,2.0,1.0,Hebei
河北省,2008,rural,4418.0,4874.0,2.0,1.0,Hebei
河北省,2008,foreign,0.0,0.0,,1.0,Hebei
河北省,2009,policy,1665.0,164.0,1.0,1.0,Hebei
河北省,2009,large,14009.0,3070.0,1.0,1.0,Hebei
河北省,2009,joint_stock,1946.0,137.0,1.0,1.0,Hebei
河北省,2009,postal,1314.0,1328.0,1.0,1.0,Hebei
河北省,2009,city,1957.0,342.0,2.0,1.0,Hebei
河北省,2009,rural,5198.0,4923.0,2.0,1.0,Hebei
河北省,2009,foreign,1.0,1.0,1.0,1.0,Hebei
河北省,2010,policy,1890.0,164.0,1.0,1.0,Hebei
河北省,2010,large,16505.0,3107.0,1.0,1.0,Hebei
河北省,2010,joint_stock,1951.0,84.0,1.0,1.0,Hebei
河北省,2010,postal,1542.0,1345.0,1.0,1.0,Hebei
河北省,2010,city,2646.0,355.0,2.0,1.0,Hebei
河北省,2010,rural,6039.0,4865.0,2.0,1.0,Hebei
河北省,2010,foreign,3.0,1.0,1.0,1.0,Hebei
河北省,2011,policy,2249.0,164.0,1.0,1.0,Hebei
河北省,2011,large,18094.0,3107.0,1.0,1.0,Hebei
河北省,2011,joint_stock,2742.0,104.0,1.0,1.0,Hebei
河北省,2011,postal,1888.0,1367.0,1.0,1.0,Hebei
河北省,2011,city,3409.0,401.0,2.0,1.0,Hebei
河北省,2011,rural,6997.0,4836.0,2.0,1.0,Hebei
河北省,2011,foreign,11.0,1.0,1.0,1.0,Hebei
河北省,2012,policy,2497.6,164.0,1.0,1.0,Hebei
河北省,2012,large,19950.3,3187.0,1.0,1.0,Hebei
河北省,2012,joint_stock,3798.4,145.0,1.0,1.0,Hebei
河北省,2012,postal,2265.9,1409.0,1.0,1.0,Hebei
河北省,2012,city,4316.7,464.0,1.0,1.0,Hebei
河北省,2012,rural,8332.0,4612.0,2.0,1.0,Hebei
河北省,2012,foreign,17.0,2.0,1.0,1.0,Hebei
河北省,2013,policy,2812.9,164.0,1.0,1.0,Hebei
河北省,2013,large,21482.2,3222.0,1.0,1.0,Hebei
河北省,2013,joint_stock,4771.9,199.0,1.0,1.0,Hebei
河北省,2013,postal,2602.5,1449.0,1.0,1.0,Hebei
河北省,2013,city,5690.6,559.0,1.0,1.0,Hebei
河北省,2013,rural,9408.1,4901.0,2.0,1.0,Hebei
河北省,2013,foreign,34.8,2.0,1.0,1.0,Hebei
河北省,2014,policy,3327.2,164.0,1.0,1.0,Hebei
河北省,2014,large,22845.2,3245.0,1.0,1.0,Hebei
河北省,2014,joint_stock,5128.6,284.0,1.0,1.0,Hebei
河北省,2014,postal,2733.9,1459.0,1.0,1.0,Hebei
河北省,2014,city,7438.3,780.0,1.0,1.0,Hebei
河北省,2014,rural,10793.1,4953.0,2.0,1.0,Hebei
河北省,2014,foreign,33.1,2.0,1.0,1.0,Hebei
河北省,2015,policy,3863.3,164.0,1.0,1.0,Hebei
河北省,2015,large,24303.8,3292.0,1.0,1.0,Hebei
河北省,2015,joint_stock,4712.8,456.0,1.0,1.0,Hebei
河北省,2015,postal,2902.4,1461.0,1.0,1.0,Hebei
河北省,2015,city,10413.4,1034.0,1.0,1.0,Hebei
河北省,2015,rural,11775.4,5029.0,2.0,1.0,Hebei
河北省,2015,foreign,31.9,1.0,1.0,1.0,Hebei
河北省,2016,policy,4456.4,165.0,1.0,1.0,Hebei
河北省,2016,large,26634.1,3276.0,1.0,1.0,Hebei
河北省,2016,joint_stock,4812.2,499.0,1.0,1.0,Hebei
河北省,2016,postal,2893.4,1461.0,1.0,1.0,Hebei
河北省,2016,city,14925.3,1036.0,1.0,1.0,Hebei
河北省,2016,rural,13577.5,5090.0,2.0,1.0,Hebei
河北省,2016,foreign,65.6,2.0,1.0,1.0,Hebei
河北省,2017,policy,5082.7,165.0,1.0,1.0,Hebei
河北省,2017,large,27776.0,3264.0,1.0,1.0,Hebei
河北省,2017,joint_stock,4814.1,506.0,1.0,1.0,Hebei
河北省,2017,postal,3186.6,1461.0,1.0,1.0,Hebei
河北省,2017,city,16312.0,1114.0,1.0,1.0,Hebei
河北省,2017,rural,15381.800000000001,5166.0,2.0,1.0,Hebei
河北省,2017,foreign,38.5,2.0,1.0,1.0,Hebei
河北省,2018,policy,5107.0,165.0,1.0,1.0,Hebei
河北省,2018,large,30447.2,3357.0,1.0,1.0,Hebei
河北省,2018,joint_stock,5214.0,504.0,1.0,1.0,Hebei
河北省,2018,postal,3512.4,1456.0,1.0,1.0,Hebei
河北省,2018,city,17200.7,1199.0,1.0,1.0,Hebei
河北省,2018,rural,16623.100000000002,5185.0,2.0,1.0,Hebei
河北省,2018,foreign,25.7,2.0,1.0,1.0,Hebei
河北省,2019,policy,5267.5,166.0,1.0,1.0,Hebei
河北省,2019,large,33315.1,3309.0,1.0,1.0,Hebei
河北省,2019,joint_stock,5646.9,506.0,1.0,1.0,Hebei
河北省,2019,postal,3816.4,1456.0,1.0,1.0,Hebei
河北省,2019,city,18620.9,1221.0,1.0,1.0,Hebei
河北省,2019,rural,18723.9,5197.0,2.0,1.0,Hebei
河北省,2019,foreign,31.8,2.0,1.0,1.0,Hebei
河北省,2020,policy,5791.2,166.0,1.0,1.0,Hebei
河北省,2020,large,36706.6,3287.0,1.0,1.0,Hebei
河北省,2020,joint_stock,6324.5,492.0,1.0,1.0,Hebei
河北省,2020,postal,4270.5,1456.0,1.0,1.0,Hebei
河北省,2020,city,20537.8,1233.0,1.0,1.0,Hebei
河北省,2020,rural,21137.3,5180.0,2.0,1.0,Hebei
河北省,2020,foreign,26.1,2.0,1.0,1.0,Hebei
河北省,2021,policy,6292.7,166.0,1.0,1.0,Hebei
河北省,2021,large,40973.2,3272.0,1.0,1.0,Hebei
河北省,2021,joint_stock,6460.6,509.0,1.0,1.0,Hebei
河北省,2021,postal,4651.9,1608.0,1.0,1.0,Hebei
河北省,2021,city,22258.1,1259.0,1.0,1.0,Hebei
河北省,2021,rural,23425.5,5154.0,2.0,1.0,Hebei
河北省,2021,foreign,28.4,2.0,1.0,1.0,Hebei
河北省,2022,policy,6711.0,166.0,1.0,1.0,Hebei
河北省,2022,large,47114.0,3266.0,1.0,1.0,Hebei
河北省,2022,joint_stock,7395.0,533.0,1.0,1.0,Hebei
河北省,2022,postal,5257.0,1609.0,1.0,1.0,Hebei
河北省,2022,city,24503.0,1276.0,1.0,1.0,Hebei
河北省,2022,rural,25930.0,4875.0,2.0,1.0,Hebei
河北省,2022,foreign,38.0,2.0,1.0,1.0,Hebei
河南省,2005,policy,1482.2,,1.0,1.0,Henan
河南省,2005,large,5520.4,,1.0,1.0,Henan
河南省,2005,joint_stock,1511.4,,1.0,1.0,Henan
河南省,2005,postal,816.8,,1.0,1.0,Henan
河南省,2005,city,871.4000000000001,,2.0,1.0,Henan
河南省,2005,rural,2019.0,,1.0,1.0,Henan
河南省,2005,foreign,0.0,,1.0,1.0,Henan
河南省,2006,policy,1732.0,,1.0,1.0,Henan
河南省,2006,large,6025.0,,1.0,1.0,Henan
河南省,2006,joint_stock,1670.0,,1.0,1.0,Henan
河南省,2006,postal,1002.0,,1.0,1.0,Henan
河南省,2006,city,1094.0,,2.0,1.0,Henan
河南省,2006,rural,2388.0,,1.0,1.0,Henan
河南省,2006,foreign,16.0,,1.0,1.0,Henan
河南省,2007,policy,2000.0,152.0,1.0,1.0,Henan
河南省,2007,large,6449.0,3091.0,1.0,1.0,Henan
河南省,2007,joint_stock,2036.0,173.0,1.0,1.0,Henan
河南省,2007,postal,1052.4,2325.0,1.0,1.0,Henan
河南省,2007,city,1275.1,501.0,2.0,1.0,Henan
河南省,2007,rural,2714.9,5677.0,1.0,1.0,Henan
河南省,2007,foreign,0.0,0.0,,1.0,Henan
河南省,2008,policy,2333.0,169.0,1.0,1.0,Henan
河南省,2008,large,8537.0,3123.0,1.0,1.0,Henan
河南省,2008,joint_stock,2176.0,221.0,1.0,1.0,Henan
河南省,2008,postal,1313.0,2299.0,1.0,1.0,Henan
河南省,2008,city,1449.0,535.0,2.0,1.0,Henan
河南省,2008,rural,2835.0,5488.0,2.0,1.0,Henan
河南省,2008,foreign,3.0,1.0,1.0,1.0,Henan
河南省,2009,policy,2758.0,151.0,1.0,1.0,Henan
河南省,2009,large,10590.0,3122.0,1.0,1.0,Henan
河南省,2009,joint_stock,2941.0,183.0,1.0,1.0,Henan
河南省,2009,postal,1698.0,2312.0,1.0,1.0,Henan
河南省,2009,city,1744.0,511.0,2.0,1.0,Henan
河南省,2009,rural,4506.0,5377.0,2.0,1.0,Henan
河南省,2009,foreign,8.0,1.0,1.0,1.0,Henan
河南省,2010,policy,2966.47,152.0,1.0,1.0,Henan
河南省,2010,large,11982.13,3112.0,1.0,1.0,Henan
河南省,2010,joint_stock,3713.79,147.0,1.0,1.0,Henan
河南省,2010,postal,2033.47,2317.0,1.0,1.0,Henan
河南省,2010,city,2233.66,536.0,1.0,1.0,Henan
河南省,2010,rural,5104.66,5360.0,2.0,1.0,Henan
河南省,2010,foreign,19.84,2.0,1.0,1.0,Henan
河南省,2011,policy,3028.4,152.0,1.0,1.0,Henan
河南省,2011,large,13487.8,3157.0,1.0,1.0,Henan
河南省,2011,joint_stock,4278.8,172.0,1.0,1.0,Henan
河南省,2011,postal,2523.7,2372.0,1.0,1.0,Henan
河南省,2011,city,2801.6,594.0,1.0,1.0,Henan
河南省,2011,rural,6001.599999999999,5400.0,2.0,1.0,Henan
河南省,2011,foreign,42.6,2.0,1.0,1.0,Henan
河南省,2012,policy,3364.0,152.0,1.0,1.0,Henan
河南省,2012,large,15884.0,3202.0,1.0,1.0,Henan
河南省,2012,joint_stock,5402.0,191.0,1.0,1.0,Henan
河南省,2012,postal,3158.0,2390.0,1.0,1.0,Henan
河南省,2012,city,3736.0,618.0,2.0,1.0,Henan
河南省,2012,rural,7122.0,5386.0,2.0,1.0,Henan
河南省,2012,foreign,48.0,2.0,1.0,1.0,Henan
河南省,2013,policy,3512.0,152.0,1.0,1.0,Henan
河南省,2013,large,18157.0,3222.0,1.0,1.0,Henan
河南省,2013,joint_stock,6704.0,230.0,1.0,1.0,Henan
河南省,2013,postal,3672.0,2423.0,1.0,1.0,Henan
河南省,2013,city,4736.0,660.0,2.0,1.0,Henan
河南省,2013,rural,8489.0,5458.0,2.0,1.0,Henan
河南省,2013,foreign,60.0,4.0,1.0,1.0,Henan
河南省,2014,policy,4361.6,152.0,1.0,1.0,Henan
河南省,2014,large,19245.6,3232.0,1.0,1.0,Henan
河南省,2014,joint_stock,7323.1,272.0,1.0,1.0,Henan
河南省,2014,postal,4224.8,2310.0,1.0,1.0,Henan
河南省,2014,city,5807.8,676.0,2.0,1.0,Henan
河南省,2014,rural,10054.1,5514.0,2.0,1.0,Henan
河南省,2014,foreign,72.8,4.0,1.0,1.0,Henan
河南省,2015,policy,5251.1,153.0,1.0,1.0,Henan
河南省,2015,large,20850.1,3245.0,1.0,1.0,Henan
河南省,2015,joint_stock,8147.7,500.0,1.0,1.0,Henan
河南省,2015,postal,4790.3,2434.0,1.0,1.0,Henan
河南省,2015,city,8204.0,800.0,2.0,1.0,Henan
河南省,2015,rural,11932.2,5592.0,2.0,1.0,Henan
河南省,2015,foreign,56.5,5.0,1.0,1.0,Henan
河南省,2016,policy,,,,,Henan
河南省,2016,large,,,,,Henan
河南省,2016,joint_stock,,,,,Henan
河南省,2016,postal,,,,,Henan
河南省,2016,city,,,,,Henan
河南省,2016,rural,,,,,Henan
河南省,2016,foreign,,,,,Henan
河南省,2017,policy,6769.1,154.0,1.0,1.0,Henan
河南省,2017,large,24360.3,3254.0,1.0,1.0,Henan
河南省,2017,joint_stock,8136.0,545.0,1.0,1.0,Henan
河南省,2017,postal,6494.0,2415.0,1.0,1.0,Henan
河南省,2017,city,12953.4,923.0,1.0,1.0,Henan
河南省,2017,rural,16117.400000000001,5758.0,2.0,1.0,Henan
河南省,2017,foreign,41.0,5.0,1.0,1.0,Henan
河南省,2018,policy,7128.0,154.0,1.0,1.0,Henan
河南省,2018,large,25969.0,3286.0,1.0,1.0,Henan
河南省,2018,joint_stock,8774.0,522.0,1.0,1.0,Henan
河南省,2018,postal,7162.0,2414.0,1.0,1.0,Henan
河南省,2018,city,14324.0,916.0,2.0,1.0,Henan
河南省,2018,rural,17163.0,5739.0,2.0,1.0,Henan
河南省,2018,foreign,39.0,4.0,1.0,1.0,Henan
河南省,2019,policy,7705.0,154.0,1.0,1.0,Henan
河南省,2019,large,27656.0,3240.0,1.0,1.0,Henan
河南省,2019,joint_stock,9941.0,548.0,1.0,1.0,Henan
河南省,2019,postal,7939.0,2413.0,1.0,1.0,Henan
河南省,2019,city,15995.0,932.0,2.0,1.0,Henan
河南省,2019,rural,18361.0,5750.0,2.0,1.0,Henan
河南省,2019,foreign,35.0,4.0,1.0,1.0,Henan
河南省,2020,policy,8269.0,154.0,1.0,1.0,Henan
河南省,2020,large,30128.0,3227.0,1.0,1.0,Henan
河南省,2020,joint_stock,11035.0,541.0,1.0,1.0,Henan
河南省,2020,postal,8922.0,2414.0,1.0,1.0,Henan
河南省,2020,city,17018.0,937.0,2.0,1.0,Henan
河南省,2020,rural,20164.0,5754.0,2.0,1.0,Henan
河南省,2020,foreign,41.0,4.0,1.0,1.0,Henan
河南省,2021,policy,8788.0,154.0,1.0,1.0,Henan
河南省,2021,large,32657.0,3207.0,1.0,1.0,Henan
河南省,2021,joint_stock,11990.0,559.0,1.0,1.0,Henan
河南省,2021,postal,9889.0,2423.0,1.0,1.0,Henan
河南省,2021,city,17185.0,966.0,1.0,1.0,Henan
河南省,2021,rural,22953.0,6001.0,2.0,1.0,Henan
河南省,2021,foreign,42.0,4.0,1.0,1.0,Henan
河南省,2022,policy,8975.0,153.0,1.0,1.0,Henan
河南省,2022,large,37933.0,3164.0,1.0,1.0,Henan
河南省,2022,joint_stock,12794.0,592.0,1.0,1.0,Henan
河南省,2022,postal,11262.0,2432.0,1.0,1.0,Henan
河南省,2022,city,18004.0,911.0,1.0,1.0,Henan
河南省,2022,rural,25228.0,5822.0,2.0,1.0,Henan
河南省,2022,foreign,29.0,3.0,1.0,1.0,Henan
浙江省,2005,policy,817.5,,1.0,1.0,Zhejiang
浙江省,2005,large,11854.1,,1.0,1.0,Zhejiang
浙江省,2005,joint_stock,4929.5,,1.0,1.0,Zhejiang
浙江省,2005,postal,538.17,,1.0,1.0,Zhejiang
浙江省,2005,city,1760.3999999999999,,2.0,1.0,Zhejiang
浙江省,2005,rural,3669.1,,1.0,1.0,Zhejiang
浙江省,2005,foreign,36.9,,1.0,1.0,Zhejiang
浙江省,2006,policy,1000.0,,1.0,1.0,Zhejiang
浙江省,2006,large,13726.0,,1.0,1.0,Zhejiang
浙江省,2006,joint_stock,6107.0,,1.0,1.0,Zhejiang
浙江省,2006,postal,693.0,,1.0,1.0,Zhejiang
浙江省,2006,city,2224.0,,2.0,1.0,Zhejiang
浙江省,2006,rural,8660.0,,3.0,1.0,Zhejiang
浙江省,2006,foreign,47.0,,1.0,1.0,Zhejiang
浙江省,2007,policy,1202.0,54.0,1.0,1.0,Zhejiang
浙江省,2007,large,16038.0,3558.0,1.0,1.0,Zhejiang
浙江省,2007,joint_stock,7733.0,534.0,1.0,1.0,Zhejiang
浙江省,2007,postal,755.0,1541.0,1.0,1.0,Zhejiang
浙江省,2007,city,2873.0,436.0,2.0,1.0,Zhejiang
浙江省,2007,rural,5065.0,3878.0,1.0,1.0,Zhejiang
浙江省,2007,foreign,89.0,9.0,1.0,1.0,Zhejiang
浙江省,2008,policy,1631.0,54.0,1.0,1.0,Zhejiang
浙江省,2008,large,18586.0,3519.0,1.0,1.0,Zhejiang
浙江省,2008,joint_stock,10188.0,556.0,1.0,1.0,Zhejiang
浙江省,2008,postal,1013.0,1557.0,1.0,1.0,Zhejiang
浙江省,2008,city,3888.0,467.0,2.0,1.0,Zhejiang
浙江省,2008,rural,6497.0,3953.0,2.0,1.0,Zhejiang
浙江省,2008,foreign,125.0,14.0,1.0,1.0,Zhejiang
浙江省,2009,policy,2198.0,56.0,1.0,1.0,Zhejiang
浙江省,2009,large,25356.0,3519.0,1.0,1.0,Zhejiang
浙江省,2009,joint_stock,11299.0,612.0,1.0,1.0,Zhejiang
浙江省,2009,postal,1402.0,796.0,1.0,1.0,Zhejiang
浙江省,2009,city,5658.0,499.0,2.0,1.0,Zhejiang
浙江省,2009,rural,7822.0,4028.0,2.0,1.0,Zhejiang
浙江省,2009,foreign,161.0,14.0,1.0,1.0,Zhejiang
浙江省,2010,policy,2616.6,57.0,1.0,1.0,Zhejiang
浙江省,2010,large,29572.8,3694.0,1.0,1.0,Zhejiang
浙江省,2010,joint_stock,13092.4,669.0,1.0,1.0,Zhejiang
浙江省,2010,postal,1515.7,1604.0,1.0,1.0,Zhejiang
浙江省,2010,city,7700.9,563.0,2.0,1.0,Zhejiang
浙江省,2010,rural,9411.5,4044.0,2.0,1.0,Zhejiang
浙江省,2010,foreign,249.3,22.0,1.0,1.0,Zhejiang
浙江省,2011,policy,3286.0,60.0,1.0,1.0,Zhejiang
浙江省,2011,large,33453.0,3806.0,1.0,1.0,Zhejiang
浙江省,2011,joint_stock,15317.0,568.0,1.0,1.0,Zhejiang
浙江省,2011,postal,1782.0,1669.0,1.0,1.0,Zhejiang
浙江省,2011,city,9370.0,646.0,2.0,1.0,Zhejiang
浙江省,2011,rural,11246.0,4154.0,2.0,1.0,Zhejiang
浙江省,2011,foreign,346.0,27.0,1.0,1.0,Zhejiang
浙江省,2012,policy,3765.4,60.0,1.0,1.0,Zhejiang
浙江省,2012,large,34632.8,3866.0,1.0,1.0,Zhejiang
浙江省,2012,joint_stock,18578.7,623.0,1.0,1.0,Zhejiang
浙江省,2012,postal,2122.4,1645.0,1.0,1.0,Zhejiang
浙江省,2012,city,11627.6,727.0,1.0,1.0,Zhejiang
浙江省,2012,rural,13000.5,4292.0,2.0,1.0,Zhejiang
浙江省,2012,foreign,308.2,33.0,1.0,1.0,Zhejiang
浙江省,2013,policy,4721.2,60.0,1.0,1.0,Zhejiang
浙江省,2013,large,37759.4,3944.0,1.0,1.0,Zhejiang
浙江省,2013,joint_stock,20224.3,679.0,1.0,1.0,Zhejiang
浙江省,2013,postal,2307.5,1677.0,1.0,1.0,Zhejiang
浙江省,2013,city,13984.2,884.0,1.0,1.0,Zhejiang
浙江省,2013,rural,15178.6,4375.0,2.0,1.0,Zhejiang
浙江省,2013,foreign,445.3,34.0,1.0,1.0,Zhejiang
浙江省,2014,policy,5039.0,60.0,1.0,1.0,Zhejiang
浙江省,2014,large,39449.0,3954.0,1.0,1.0,Zhejiang
浙江省,2014,joint_stock,22475.0,788.0,1.0,1.0,Zhejiang
浙江省,2014,postal,2666.0,1687.0,1.0,1.0,Zhejiang
浙江省,2014,city,17007.0,1048.0,2.0,1.0,Zhejiang
浙江省,2014,rural,17108.0,4713.0,2.0,1.0,Zhejiang
浙江省,2014,foreign,442.0,34.0,1.0,1.0,Zhejiang
浙江省,2015,policy,6135.0,48.0,1.0,1.0,Zhejiang
浙江省,2015,large,41911.0,4062.0,1.0,1.0,Zhejiang
浙江省,2015,joint_stock,24611.0,905.0,1.0,1.0,Zhejiang
浙江省,2015,postal,2878.0,1690.0,1.0,1.0,Zhejiang
浙江省,2015,city,21903.0,1233.0,2.0,1.0,Zhejiang
浙江省,2015,rural,19034.0,4431.0,2.0,1.0,Zhejiang
浙江省,2015,foreign,430.0,16.0,1.0,1.0,Zhejiang
浙江省,2016,policy,7230.89,61.0,1.0,1.0,Zhejiang
浙江省,2016,large,44763.39,3897.0,1.0,1.0,Zhejiang
浙江省,2016,joint_stock,24683.44,1131.0,1.0,1.0,Zhejiang
浙江省,2016,postal,3446.46,1741.0,1.0,1.0,Zhejiang
浙江省,2016,city,27127.34,1511.0,2.0,1.0,Zhejiang
浙江省,2016,rural,22043.18,4464.0,2.0,1.0,Zhejiang
浙江省,2016,foreign,484.34,28.0,1.0,1.0,Zhejiang
浙江省,2017,policy,7613.0,45.0,1.0,1.0,Zhejiang
浙江省,2017,large,47528.0,3760.0,1.0,1.0,Zhejiang
浙江省,2017,joint_stock,23445.0,1058.0,1.0,1.0,Zhejiang
浙江省,2017,postal,3845.0,1726.0,1.0,1.0,Zhejiang
浙江省,2017,city,29514.0,1549.0,1.0,1.0,Zhejiang
浙江省,2017,rural,24321.0,4433.0,2.0,1.0,Zhejiang
浙江省,2017,foreign,604.0,10.0,1.0,1.0,Zhejiang
浙江省,2018,policy,8665.0,61.0,1.0,1.0,Zhejiang
浙江省,2018,large,50824.0,3788.0,1.0,1.0,Zhejiang
浙江省,2018,joint_stock,25543.0,1140.0,1.0,1.0,Zhejiang
浙江省,2018,postal,4163.0,1735.0,1.0,1.0,Zhejiang
浙江省,2018,city,31728.0,1781.0,1.0,1.0,Zhejiang
浙江省,2018,rural,26227.0,4593.0,2.0,1.0,Zhejiang
浙江省,2018,foreign,548.0,29.0,1.0,1.0,Zhejiang
浙江省,2019,policy,9416.0,61.0,1.0,1.0,Zhejiang
浙江省,2019,large,56351.0,3759.0,1.0,1.0,Zhejiang
浙江省,2019,joint_stock,28907.0,1137.0,1.0,1.0,Zhejiang
浙江省,2019,postal,4668.0,1727.0,1.0,1.0,Zhejiang
浙江省,2019,city,34023.0,1891.0,1.0,1.0,Zhejiang
浙江省,2019,rural,29855.0,4362.0,2.0,1.0,Zhejiang
浙江省,2019,foreign,553.0,29.0,1.0,1.0,Zhejiang
浙江省,2020,policy,9888.0,61.0,1.0,1.0,Zhejiang
浙江省,2020,large,63971.0,3753.0,1.0,1.0,Zhejiang
浙江省,2020,joint_stock,34160.0,1141.0,1.0,1.0,Zhejiang
浙江省,2020,postal,5352.0,1722.0,1.0,1.0,Zhejiang
浙江省,2020,city,40486.0,2041.0,1.0,1.0,Zhejiang
浙江省,2020,rural,35938.0,4388.0,2.0,1.0,Zhejiang
浙江省,2020,foreign,629.0,29.0,1.0,1.0,Zhejiang
浙江省,2021,policy,10369.0,61.0,1.0,1.0,Zhejiang
浙江省,2021,large,70401.0,3724.0,1.0,1.0,Zhejiang
浙江省,2021,joint_stock,36326.0,1151.0,1.0,1.0,Zhejiang
浙江省,2021,postal,5719.0,1716.0,1.0,1.0,Zhejiang
浙江省,2021,city,47805.0,2174.0,2.0,1.0,Zhejiang
浙江省,2021,rural,41174.0,4446.0,2.0,1.0,Zhejiang
浙江省,2021,foreign,789.0,29.0,1.0,1.0,Zhejiang
浙江省,2022,policy,11603.0,61.0,1.0,1.0,Zhejiang
浙江省,2022,large,81268.0,3702.0,1.0,1.0,Zhejiang
浙江省,2022,joint_stock,38337.0,1169.0,1.0,1.0,Zhejiang
浙江省,2022,postal,6494.0,1713.0,1.0,1.0,Zhejiang
浙江省,2022,city,57146.0,2268.0,2.0,1.0,Zhejiang
浙江省,2022,rural,48305.0,4384.0,2.0,1.0,Zhejiang
浙江省,2022,foreign,873.0,30.0,1.0,1.0,Zhejiang
海南省,2005,policy,330.7,,1.0,1.0,Hainan
海南省,2005,large,954.1,,1.0,1.0,Hainan
海南省,2005,joint_stock,132.1,,1.0,1.0,Hainan
海南省,2005,postal,94.6,,1.0,1.0,Hainan
海南省,2005,city,0.3,,2.0,1.0,Hainan
海南省,2005,rural,77.2,,1.0,1.0,Hainan
海南省,2005,foreign,2.8,,1.0,1.0,Hainan
海南省,2006,policy,375.0,,1.0,1.0,Hainan
海南省,2006,large,1076.0,,1.0,1.0,Hainan
海南省,2006,joint_stock,179.0,,1.0,1.0,Hainan
海南省,2006,postal,113.0,,1.0,1.0,Hainan
海南省,2006,city,0.0,,2.0,1.0,Hainan
海南省,2006,rural,84.0,,1.0,1.0,Hainan
海南省,2006,foreign,3.0,,1.0,1.0,Hainan
海南省,2007,policy,457.0,18.0,1.0,1.0,Hainan
海南省,2007,large,1355.0,463.0,1.0,1.0,Hainan
海南省,2007,joint_stock,207.0,27.0,1.0,1.0,Hainan
海南省,2007,postal,132.0,337.0,1.0,1.0,Hainan
海南省,2007,city,0.0,0.0,2.0,1.0,Hainan
海南省,2007,rural,100.0,385.0,1.0,1.0,Hainan
海南省,2007,foreign,5.0,1.0,1.0,1.0,Hainan
海南省,2008,policy,578.0,18.0,1.0,1.0,Hainan
海南省,2008,large,1759.0,453.0,1.0,1.0,Hainan
海南省,2008,joint_stock,179.0,30.0,1.0,1.0,Hainan
海南省,2008,postal,164.0,337.0,1.0,1.0,Hainan
海南省,2008,city,0.0,0.0,2.0,1.0,Hainan
海南省,2008,rural,140.0,385.0,1.0,1.0,Hainan
海南省,2008,foreign,6.0,1.0,1.0,1.0,Hainan
海南省,2009,policy,989.0,19.0,1.0,1.0,Hainan
海南省,2009,large,2415.0,469.0,1.0,1.0,Hainan
海南省,2009,joint_stock,237.0,16.0,1.0,1.0,Hainan
海南省,2009,postal,209.5,338.0,1.0,1.0,Hainan
海南省,2009,city,0.0,0.0,2.0,1.0,Hainan
海南省,2009,rural,242.9,388.0,2.0,1.0,Hainan
海南省,2009,foreign,4.0,1.0,1.0,1.0,Hainan
海南省,2010,policy,1296.0,19.0,1.0,1.0,Hainan
海南省,2010,large,3048.4,476.0,1.0,1.0,Hainan
海南省,2010,joint_stock,364.3,18.0,1.0,1.0,Hainan
海南省,2010,postal,276.1,338.0,1.0,1.0,Hainan
海南省,2010,city,0.0,0.0,2.0,1.0,Hainan
海南省,2010,rural,421.09999999999997,396.0,2.0,1.0,Hainan
海南省,2010,foreign,14.8,1.0,1.0,1.0,Hainan
海南省,2011,policy,1617.1,19.0,1.0,1.0,Hainan
海南省,2011,large,3198.9,487.0,1.0,1.0,Hainan
海南省,2011,joint_stock,316.9,19.0,1.0,1.0,Hainan
海南省,2011,postal,323.2,341.0,1.0,1.0,Hainan
海南省,2011,city,0.0,0.0,2.0,1.0,Hainan
海南省,2011,rural,659.6,415.0,2.0,1.0,Hainan
海南省,2011,foreign,23.6,1.0,1.0,1.0,Hainan
海南省,2012,policy,1937.3,19.0,1.0,1.0,Hainan
海南省,2012,large,3414.1,502.0,1.0,1.0,Hainan
海南省,2012,joint_stock,453.3,25.0,1.0,1.0,Hainan
海南省,2012,postal,387.4,346.0,1.0,1.0,Hainan
海南省,2012,city,0.0,0.0,2.0,1.0,Hainan
海南省,2012,rural,1012.8000000000001,418.0,2.0,1.0,Hainan
海南省,2012,foreign,13.8,1.0,1.0,1.0,Hainan
海南省,2013,policy,2202.8,20.0,1.0,1.0,Hainan
海南省,2013,large,3770.3,518.0,1.0,1.0,Hainan
海南省,2013,joint_stock,808.5,31.0,1.0,1.0,Hainan
海南省,2013,postal,441.4,347.0,1.0,1.0,Hainan
海南省,2013,city,0.0,0.0,2.0,1.0,Hainan
海南省,2013,rural,1236.2,439.0,2.0,1.0,Hainan
海南省,2013,foreign,28.2,1.0,1.0,1.0,Hainan
海南省,2014,policy,2447.9,20.0,1.0,1.0,Hainan
海南省,2014,large,3837.2,520.0,1.0,1.0,Hainan
海南省,2014,joint_stock,1142.4,65.0,1.0,1.0,Hainan
海南省,2014,postal,501.9,350.0,1.0,1.0,Hainan
海南省,2014,city,0.0,0.0,2.0,1.0,Hainan
海南省,2014,rural,1397.6000000000001,453.0,2.0,1.0,Hainan
海南省,2014,foreign,11.4,1.0,1.0,1.0,Hainan
海南省,2015,policy,3126.9,21.0,1.0,1.0,Hainan
海南省,2015,large,4190.5,526.0,1.0,1.0,Hainan
海南省,2015,joint_stock,1423.8,96.0,1.0,1.0,Hainan
海南省,2015,postal,530.8,353.0,1.0,1.0,Hainan
海南省,2015,city,105.6,1.0,2.0,1.0,Hainan
海南省,2015,rural,2074.8,478.0,2.0,1.0,Hainan
海南省,2015,foreign,14.9,1.0,1.0,1.0,Hainan
海南省,2016,policy,3866.7,21.0,1.0,1.0,Hainan
海南省,2016,large,4794.2,525.0,1.0,1.0,Hainan
海南省,2016,joint_stock,1956.9,118.0,1.0,1.0,Hainan
海南省,2016,postal,586.1,353.0,1.0,1.0,Hainan
海南省,2016,city,311.0,3.0,2.0,1.0,Hainan
海南省,2016,rural,2514.9,493.0,2.0,1.0,Hainan
海南省,2016,foreign,45.7,1.0,1.0,1.0,Hainan
海南省,2017,policy,,,,,Hainan
海南省,2017,large,,,,,Hainan
海南省,2017,joint_stock,,,,,Hainan
海南省,2017,postal,,,,,Hainan
海南省,2017,city,,,,,Hainan
海南省,2017,rural,,,,,Hainan
海南省,2017,foreign,,,,,Hainan
海南省,2018,policy,,,,,Hainan
海南省,2018,large,,,,,Hainan
海南省,2018,joint_stock,,,,,Hainan
海南省,2018,postal,,,,,Hainan
海南省,2018,city,,,,,Hainan
海南省,2018,rural,,,,,Hainan
海南省,2018,foreign,,,,,Hainan
海南省,2019,policy,,,,,Hainan
海南省,2019,large,,,,,Hainan
海南省,2019,joint_stock,,,,,Hainan
海南省,2019,postal,,,,,Hainan
海南省,2019,city,,,,,Hainan
海南省,2019,rural,,,,,Hainan
海南省,2019,foreign,,,,,Hainan
海南省,2020,policy,,,,,Hainan
海南省,2020,large,,,,,Hainan
海南省,2020,joint_stock,,,,,Hainan
海南省,2020,postal,,,,,Hainan
海南省,2020,city,,,,,Hainan
海南省,2020,rural,,,,,Hainan
海南省,2020,foreign,,,,,Hainan
海南省,2021,policy,,,,,Hainan
海南省,2021,large,,,,,Hainan
海南省,2021,joint_stock,,,,,Hainan
海南省,2021,postal,,,,,Hainan
海南省,2021,city,,,,,Hainan
海南省,2021,rural,,,,,Hainan
海南省,2021,foreign,,,,,Hainan
海南省,2022,policy,,,,,Hainan
海南省,2022,large,,,,,Hainan
海南省,2022,joint_stock,,,,,Hainan
海南省,2022,postal,,,,,Hainan
海南省,2022,city,,,,,Hainan
海南省,2022,rural,,,,,Hainan
海南省,2022,foreign,,,,,Hainan
湖北省,2005,policy,1204.0,,1.0,1.0,Hubei
湖北省,2005,large,3498.3,,1.0,1.0,Hubei
湖北省,2005,joint_stock,1656.0,,1.0,1.0,Hubei
湖北省,2005,postal,646.4,,1.0,1.0,Hubei
湖北省,2005,city,399.9,,2.0,1.0,Hubei
湖北省,2005,rural,1507.3,,1.0,1.0,Hubei
湖北省,2005,foreign,17.5,,1.0,1.0,Hubei
湖北省,2006,policy,1373.1,,1.0,1.0,Hubei
湖北省,2006,large,5293.7,,1.0,1.0,Hubei
湖北省,2006,joint_stock,2022.3,,1.0,1.0,Hubei
湖北省,2006,postal,760.5,,1.0,1.0,Hubei
湖北省,2006,city,468.4,,2.0,1.0,Hubei
湖北省,2006,rural,1559.3,,1.0,1.0,Hubei
湖北省,2006,foreign,15.2,,1.0,1.0,Hubei
湖北省,2007,policy,1548.7,94.0,1.0,1.0,Hubei
湖北省,2007,large,5929.7,2797.0,1.0,1.0,Hubei
湖北省,2007,joint_stock,2395.3,366.0,1.0,1.0,Hubei
湖北省,2007,postal,798.0,1440.0,1.0,1.0,Hubei
湖北省,2007,city,565.8,168.0,1.0,1.0,Hubei
湖北省,2007,rural,1536.4,2358.0,1.0,1.0,Hubei
湖北省,2007,foreign,27.4,5.0,1.0,1.0,Hubei
湖北省,2008,policy,1911.0,92.0,1.0,1.0,Hubei
湖北省,2008,large,8056.0,2764.0,1.0,1.0,Hubei
湖北省,2008,joint_stock,2377.0,392.0,1.0,1.0,Hubei
湖北省,2008,postal,1008.0,1483.0,1.0,1.0,Hubei
湖北省,2008,city,674.0,170.0,1.0,1.0,Hubei
湖北省,2008,rural,1843.0,2225.0,2.0,1.0,Hubei
湖北省,2008,foreign,26.0,6.0,1.0,1.0,Hubei
湖北省,2009,policy,2434.0,95.0,1.0,1.0,Hubei
湖北省,2009,large,10017.0,2676.0,1.0,1.0,Hubei
湖北省,2009,joint_stock,3314.0,147.0,1.0,1.0,Hubei
湖北省,2009,postal,1252.0,1501.0,1.0,1.0,Hubei
湖北省,2009,city,973.0,171.0,1.0,1.0,Hubei
湖北省,2009,rural,2255.0,2242.0,2.0,1.0,Hubei
湖北省,2009,foreign,43.0,8.0,1.0,1.0,Hubei
湖北省,2010,policy,2915.0,95.0,1.0,1.0,Hubei
湖北省,2010,large,12155.0,2685.0,1.0,1.0,Hubei
湖北省,2010,joint_stock,3755.0,159.0,1.0,1.0,Hubei
湖北省,2010,postal,1569.0,1530.0,1.0,1.0,Hubei
湖北省,2010,city,1393.0,176.0,1.0,1.0,Hubei
湖北省,2010,rural,2976.0,2180.0,2.0,1.0,Hubei
湖北省,2010,foreign,74.0,8.0,1.0,1.0,Hubei
湖北省,2011,policy,3509.0,95.0,1.0,1.0,Hubei
湖北省,2011,large,13400.0,2718.0,1.0,1.0,Hubei
湖北省,2011,joint_stock,4737.0,181.0,1.0,1.0,Hubei
湖北省,2011,postal,1943.0,1569.0,1.0,1.0,Hubei
湖北省,2011,city,1948.0,186.0,1.0,1.0,Hubei
湖北省,2011,rural,3569.0,2187.0,2.0,1.0,Hubei
湖北省,2011,foreign,93.0,10.0,1.0,1.0,Hubei
湖北省,2012,policy,4028.0,94.0,1.0,1.0,Hubei
湖北省,2012,large,15122.0,2776.0,1.0,1.0,Hubei
湖北省,2012,joint_stock,6001.0,203.0,1.0,1.0,Hubei
湖北省,2012,postal,2375.0,1581.0,1.0,1.0,Hubei
湖北省,2012,city,2625.0,207.0,1.0,1.0,Hubei
湖北省,2012,rural,4532.0,2150.0,2.0,1.0,Hubei
湖北省,2012,foreign,136.0,12.0,1.0,1.0,Hubei
湖北省,2013,policy,4515.0,94.0,1.0,1.0,Hubei
湖北省,2013,large,17131.0,2828.0,1.0,1.0,Hubei
湖北省,2013,joint_stock,6452.0,240.0,1.0,1.0,Hubei
湖北省,2013,postal,2802.0,1624.0,1.0,1.0,Hubei
湖北省,2013,city,2793.0,231.0,1.0,1.0,Hubei
湖北省,2013,rural,5735.0,2281.0,2.0,1.0,Hubei
湖北省,2013,foreign,167.0,13.0,1.0,1.0,Hubei
湖北省,2014,policy,5224.0,94.0,1.0,1.0,Hubei
湖北省,2014,large,18495.0,2854.0,1.0,1.0,Hubei
湖北省,2014,joint_stock,6979.0,257.0,1.0,1.0,Hubei
湖北省,2014,postal,3226.0,1632.0,1.0,1.0,Hubei
湖北省,2014,city,2898.0,253.0,2.0,1.0,Hubei
湖北省,2014,rural,6799.0,2298.0,2.0,1.0,Hubei
湖北省,2014,foreign,147.0,13.0,1.0,1.0,Hubei
湖北省,2015,policy,6696.0,94.0,1.0,1.0,Hubei
湖北省,2015,large,20707.0,2865.0,1.0,1.0,Hubei
湖北省,2015,joint_stock,7458.0,332.0,1.0,1.0,Hubei
湖北省,2015,postal,3620.0,1636.0,1.0,1.0,Hubei
湖北省,2015,city,3371.0,304.0,2.0,1.0,Hubei
湖北省,2015,rural,8014.0,2232.0,2.0,1.0,Hubei
湖北省,2015,foreign,184.0,14.0,1.0,1.0,Hubei
湖北省,2016,policy,8199.0,95.0,1.0,1.0,Hubei
湖北省,2016,large,22932.0,2869.0,1.0,1.0,Hubei
湖北省,2016,joint_stock,8305.0,422.0,1.0,1.0,Hubei
湖北省,2016,postal,4422.0,1642.0,1.0,1.0,Hubei
湖北省,2016,city,3974.0,332.0,1.0,1.0,Hubei
湖北省,2016,rural,9387.0,2296.0,2.0,1.0,Hubei
湖北省,2016,foreign,173.0,14.0,1.0,1.0,Hubei
湖北省,2017,policy,9595.0,96.0,1.0,1.0,Hubei
湖北省,2017,large,24609.0,2840.0,1.0,1.0,Hubei
湖北省,2017,joint_stock,8575.0,579.0,1.0,1.0,Hubei
湖北省,2017,postal,5065.0,1641.0,1.0,1.0,Hubei
湖北省,2017,city,4915.0,345.0,1.0,1.0,Hubei
湖北省,2017,rural,10756.0,2347.0,2.0,1.0,Hubei
湖北省,2017,foreign,192.0,14.0,1.0,1.0,Hubei
湖北省,2018,policy,10576.0,96.0,1.0,1.0,Hubei
湖北省,2018,large,26308.0,2787.0,1.0,1.0,Hubei
湖北省,2018,joint_stock,8826.0,622.0,1.0,1.0,Hubei
湖北省,2018,postal,5453.0,1643.0,1.0,1.0,Hubei
湖北省,2018,city,5612.0,387.0,1.0,1.0,Hubei
湖北省,2018,rural,11441.0,2224.0,2.0,1.0,Hubei
湖北省,2018,foreign,216.0,13.0,1.0,1.0,Hubei
湖北省,2019,policy,11229.0,96.0,1.0,1.0,Hubei
湖北省,2019,large,28157.0,2765.0,1.0,1.0,Hubei
湖北省,2019,joint_stock,9684.0,561.0,1.0,1.0,Hubei
湖北省,2019,postal,225.0,1.0,1.0,1.0,Hubei
湖北省,2019,city,6679.0,405.0,1.0,1.0,Hubei
湖北省,2019,rural,645.0,14.0,2.0,1.0,Hubei
湖北省,2019,foreign,5869.0,1657.0,1.0,1.0,Hubei
湖北省,2020,policy,12047.0,96.0,1.0,1.0,Hubei
湖北省,2020,large,30872.0,2738.0,1.0,1.0,Hubei
湖北省,2020,joint_stock,10458.0,620.0,1.0,1.0,Hubei
湖北省,2020,postal,6431.0,1643.0,1.0,1.0,Hubei
湖北省,2020,city,7430.0,409.0,2.0,1.0,Hubei
湖北省,2020,rural,14033.0,2342.0,2.0,1.0,Hubei
湖北省,2020,foreign,237.0,14.0,1.0,1.0,Hubei
湖北省,2021,policy,12806.0,96.0,1.0,1.0,Hubei
湖北省,2021,large,33397.0,2681.0,1.0,1.0,Hubei
湖北省,2021,joint_stock,11240.0,624.0,1.0,1.0,Hubei
湖北省,2021,postal,7198.0,1650.0,1.0,1.0,Hubei
湖北省,2021,city,9057.0,434.0,2.0,1.0,Hubei
湖北省,2021,rural,15165.0,2311.0,2.0,1.0,Hubei
湖北省,2021,foreign,284.0,14.0,1.0,1.0,Hubei
湖北省,2022,policy,13311.0,96.0,1.0,1.0,Hubei
湖北省,2022,large,36474.0,2647.0,1.0,1.0,Hubei
湖北省,2022,joint_stock,11924.0,608.0,1.0,1.0,Hubei
湖北省,2022,postal,8045.0,1669.0,1.0,1.0,Hubei
湖北省,2022,city,10151.0,448.0,2.0,1.0,Hubei
湖北省,2022,rural,17023.0,2297.0,2.0,1.0,Hubei
湖北省,2022,foreign,285.0,15.0,1.0,1.0,Hubei
湖南省,2005,policy,919.5,,1.0,1.0,Hunan
湖南省,2005,large,3902.0,,1.0,1.0,Hunan
湖南省,2005,joint_stock,556.4,,1.0,1.0,Hunan
湖南省,2005,postal,588.1,,1.0,1.0,Hunan
湖南省,2005,city,511.0,,2.0,1.0,Hunan
湖南省,2005,rural,1254.8,,1.0,1.0,Hunan
湖南省,2005,foreign,0.0,,1.0,1.0,Hunan
湖南省,2006,policy,1005.7,,1.0,1.0,Hunan
湖南省,2006,large,4630.8,,1.0,1.0,Hunan
湖南省,2006,joint_stock,658.4,,1.0,1.0,Hunan
湖南省,2006,postal,702.5,,1.0,1.0,Hunan
湖南省,2006,city,527.1,,2.0,1.0,Hunan
湖南省,2006,rural,1336.0,,1.0,1.0,Hunan
湖南省,2006,foreign,0.0,,1.0,1.0,Hunan
湖南省,2007,policy,1317.0,115.0,1.0,1.0,Hunan
湖南省,2007,large,5381.9,2338.0,1.0,1.0,Hunan
湖南省,2007,joint_stock,995.9,97.0,1.0,1.0,Hunan
湖南省,2007,postal,787.8,2025.0,1.0,1.0,Hunan
湖南省,2007,city,791.3,193.0,2.0,1.0,Hunan
湖南省,2007,rural,1749.3,4285.0,1.0,1.0,Hunan
湖南省,2007,foreign,0.0,0.0,1.0,1.0,Hunan
湖南省,2008,policy,1730.0,116.0,1.0,1.0,Hunan
湖南省,2008,large,6738.0,2376.0,1.0,1.0,Hunan
湖南省,2008,joint_stock,1226.0,68.0,1.0,1.0,Hunan
湖南省,2008,postal,986.0,1933.0,1.0,1.0,Hunan
湖南省,2008,city,863.0,195.0,2.0,1.0,Hunan
湖南省,2008,rural,2419.0,4118.0,2.0,1.0,Hunan
湖南省,2008,foreign,4.0,1.0,1.0,1.0,Hunan
湖南省,2009,policy,2134.7,116.0,1.0,1.0,Hunan
湖南省,2009,large,8644.8,2357.0,1.0,1.0,Hunan
湖南省,2009,joint_stock,1563.4,88.0,1.0,1.0,Hunan
湖南省,2009,postal,1157.5,2035.0,1.0,1.0,Hunan
湖南省,2009,city,993.7,198.0,2.0,1.0,Hunan
湖南省,2009,rural,2928.5,4144.0,2.0,1.0,Hunan
湖南省,2009,foreign,6.1,1.0,1.0,1.0,Hunan
湖南省,2010,policy,2469.8,116.0,1.0,1.0,Hunan
湖南省,2010,large,9480.7,2365.0,1.0,1.0,Hunan
湖南省,2010,joint_stock,2285.2,109.0,1.0,1.0,Hunan
湖南省,2010,postal,1396.2,2034.0,1.0,1.0,Hunan
湖南省,2010,city,1449.3,206.0,2.0,1.0,Hunan
湖南省,2010,rural,3279.0,4062.0,2.0,1.0,Hunan
湖南省,2010,foreign,16.9,1.0,1.0,1.0,Hunan
湖南省,2011,policy,2875.0,116.0,1.0,1.0,Hunan
湖南省,2011,large,10809.0,2384.0,1.0,1.0,Hunan
湖南省,2011,joint_stock,3017.0,126.0,1.0,1.0,Hunan
湖南省,2011,postal,1740.0,2044.0,1.0,1.0,Hunan
湖南省,2011,city,2433.0,221.0,2.0,1.0,Hunan
湖南省,2011,rural,3999.0,4184.0,2.0,1.0,Hunan
湖南省,2011,foreign,24.0,4.0,1.0,1.0,Hunan
湖南省,2012,policy,3191.5,116.0,1.0,1.0,Hunan
湖南省,2012,large,12272.0,2407.0,1.0,1.0,Hunan
湖南省,2012,joint_stock,4026.4,145.0,1.0,1.0,Hunan
湖南省,2012,postal,2207.6,2137.0,1.0,1.0,Hunan
湖南省,2012,city,3248.9,215.0,2.0,1.0,Hunan
湖南省,2012,rural,4670.700000000001,4119.0,2.0,1.0,Hunan
湖南省,2012,foreign,45.8,5.0,1.0,1.0,Hunan
湖南省,2013,policy,3568.0,116.0,1.0,1.0,Hunan
湖南省,2013,large,13516.0,2428.0,1.0,1.0,Hunan
湖南省,2013,joint_stock,5154.0,203.0,1.0,1.0,Hunan
湖南省,2013,postal,2530.0,2079.0,1.0,1.0,Hunan
湖南省,2013,city,3332.0,225.0,2.0,1.0,Hunan
湖南省,2013,rural,5569.0,4098.0,2.0,1.0,Hunan
湖南省,2013,foreign,88.0,5.0,1.0,1.0,Hunan
湖南省,2014,policy,4041.0,117.0,1.0,1.0,Hunan
湖南省,2014,large,14956.0,2440.0,1.0,1.0,Hunan
湖南省,2014,joint_stock,5236.0,323.0,1.0,1.0,Hunan
湖南省,2014,postal,2928.0,2097.0,1.0,1.0,Hunan
湖南省,2014,city,4277.0,306.0,2.0,1.0,Hunan
湖南省,2014,rural,6550.0,4106.0,2.0,1.0,Hunan
湖南省,2014,foreign,68.0,5.0,1.0,1.0,Hunan
湖南省,2015,policy,5181.28,117.0,1.0,1.0,Hunan
湖南省,2015,large,16695.68,2469.0,1.0,1.0,Hunan
湖南省,2015,joint_stock,5633.97,379.0,1.0,1.0,Hunan
湖南省,2015,postal,3300.53,2098.0,1.0,1.0,Hunan
湖南省,2015,city,4870.27,350.0,2.0,1.0,Hunan
湖南省,2015,rural,7702.14,4108.0,2.0,1.0,Hunan
湖南省,2015,foreign,65.48,5.0,1.0,1.0,Hunan
湖南省,2016,policy,6201.63,117.0,1.0,1.0,Hunan
湖南省,2016,large,18552.79,2482.0,1.0,1.0,Hunan
湖南省,2016,joint_stock,6149.55,410.0,1.0,1.0,Hunan
湖南省,2016,postal,3891.79,2093.0,1.0,1.0,Hunan
湖南省,2016,city,7072.06,455.0,2.0,1.0,Hunan
湖南省,2016,rural,9495.65,4157.0,2.0,1.0,Hunan
湖南省,2016,foreign,69.59,5.0,1.0,1.0,Hunan
湖南省,2017,policy,7560.0,117.0,1.0,1.0,Hunan
湖南省,2017,large,22393.0,2480.0,1.0,1.0,Hunan
湖南省,2017,joint_stock,5906.0,413.0,1.0,1.0,Hunan
湖南省,2017,postal,1558.0,2090.0,1.0,1.0,Hunan
湖南省,2017,city,8641.0,510.0,2.0,1.0,Hunan
湖南省,2017,rural,10184.0,4192.0,2.0,1.0,Hunan
湖南省,2017,foreign,76.0,6.0,1.0,1.0,Hunan
湖南省,2018,policy,6073.0,117.0,1.0,1.0,Hunan
湖南省,2018,large,21052.0,2465.0,1.0,1.0,Hunan
湖南省,2018,joint_stock,5792.0,378.0,1.0,1.0,Hunan
湖南省,2018,postal,4767.0,2087.0,1.0,1.0,Hunan
湖南省,2018,city,9190.0,544.0,2.0,1.0,Hunan
湖南省,2018,rural,11605.0,4209.0,2.0,1.0,Hunan
湖南省,2018,foreign,70.0,6.0,1.0,1.0,Hunan
湖南省,2019,policy,6734.0,117.0,1.0,1.0,Hunan
湖南省,2019,large,22414.0,2463.0,1.0,1.0,Hunan
湖南省,2019,joint_stock,6491.0,382.0,1.0,1.0,Hunan
湖南省,2019,postal,5085.0,2081.0,1.0,1.0,Hunan
湖南省,2019,city,10348.0,564.0,2.0,1.0,Hunan
湖南省,2019,rural,12632.0,4203.0,2.0,1.0,Hunan
湖南省,2019,foreign,67.0,6.0,1.0,1.0,Hunan
湖南省,2020,policy,7776.0,117.0,1.0,1.0,Hunan
湖南省,2020,large,24522.3,2461.0,1.0,1.0,Hunan
湖南省,2020,joint_stock,7216.3,371.0,1.0,1.0,Hunan
湖南省,2020,postal,5629.1,2074.0,1.0,1.0,Hunan
湖南省,2020,city,10789.5,527.0,2.0,1.0,Hunan
湖南省,2020,rural,14072.1,4154.0,2.0,1.0,Hunan
湖南省,2020,foreign,70.2,6.0,1.0,1.0,Hunan
湖南省,2021,policy,8532.9,117.0,1.0,1.0,Hunan
湖南省,2021,large,26948.2,2447.0,1.0,1.0,Hunan
湖南省,2021,joint_stock,8015.9,380.0,1.0,1.0,Hunan
湖南省,2021,postal,6218.5,2080.0,1.0,1.0,Hunan
湖南省,2021,city,12854.6,597.0,2.0,1.0,Hunan
湖南省,2021,rural,15360.5,4138.0,2.0,1.0,Hunan
湖南省,2021,foreign,72.8,6.0,1.0,1.0,Hunan
湖南省,2022,policy,9813.8,117.0,1.0,1.0,Hunan
湖南省,2022,large,30826.2,2440.0,1.0,1.0,Hunan
湖南省,2022,joint_stock,8032.0,383.0,1.0,1.0,Hunan
湖南省,2022,postal,6853.9,2081.0,1.0,1.0,Hunan
湖南省,2022,city,14115.0,625.0,2.0,1.0,Hunan
湖南省,2022,rural,16769.2,4102.0,2.0,1.0,Hunan
湖南省,2022,foreign,63.6,6.0,1.0,1.0,Hunan
甘肃省,2005,policy,409.6,,1.0,1.0,Gansu
甘肃省,2005,large,1944.6,,1.0,1.0,Gansu
甘肃省,2005,joint_stock,271.1,,1.0,1.0,Gansu
甘肃省,2005,postal,186.9,,1.0,1.0,Gansu
甘肃省,2005,city,224.79999999999998,,2.0,1.0,Gansu
甘肃省,2005,rural,378.6,,1.0,1.0,Gansu
甘肃省,2005,foreign,0.0,,1.0,1.0,Gansu
甘肃省,2006,policy,448.3,,1.0,1.0,Gansu
甘肃省,2006,large,2206.0,,1.0,1.0,Gansu
甘肃省,2006,joint_stock,310.5,,1.0,1.0,Gansu
甘肃省,2006,postal,193.6,,1.0,1.0,Gansu
甘肃省,2006,city,293.9,,2.0,1.0,Gansu
甘肃省,2006,rural,466.2,,1.0,1.0,Gansu
甘肃省,2006,foreign,0.0,,1.0,1.0,Gansu
甘肃省,2007,policy,533.5,57.0,1.0,1.0,Gansu
甘肃省,2007,large,2523.0,1390.0,1.0,1.0,Gansu
甘肃省,2007,joint_stock,357.6,41.0,1.0,1.0,Gansu
甘肃省,2007,postal,162.1,538.0,1.0,1.0,Gansu
甘肃省,2007,city,323.0,119.0,2.0,1.0,Gansu
甘肃省,2007,rural,630.0,2337.0,1.0,1.0,Gansu
甘肃省,2007,foreign,0.0,0.0,1.0,1.0,Gansu
甘肃省,2008,policy,682.4,59.0,1.0,1.0,Gansu
甘肃省,2008,large,3297.1,1413.0,1.0,1.0,Gansu
甘肃省,2008,joint_stock,256.0,18.0,1.0,1.0,Gansu
甘肃省,2008,postal,193.5,412.0,1.0,1.0,Gansu
甘肃省,2008,city,378.0,119.0,2.0,1.0,Gansu
甘肃省,2008,rural,899.4000000000001,2161.0,2.0,1.0,Gansu
甘肃省,2008,foreign,0.0,0.0,1.0,1.0,Gansu
甘肃省,2009,policy,849.0,59.0,1.0,1.0,Gansu
甘肃省,2009,large,3933.7,1351.0,1.0,1.0,Gansu
甘肃省,2009,joint_stock,399.0,49.0,1.0,1.0,Gansu
甘肃省,2009,postal,248.2,542.0,1.0,1.0,Gansu
甘肃省,2009,city,491.5,122.0,2.0,1.0,Gansu
甘肃省,2009,rural,1337.1000000000001,2226.0,2.0,1.0,Gansu
甘肃省,2009,foreign,0.0,0.0,1.0,1.0,Gansu
甘肃省,2010,policy,1133.9,43.0,1.0,1.0,Gansu
甘肃省,2010,large,4627.9,1409.0,1.0,1.0,Gansu
甘肃省,2010,joint_stock,503.2,21.0,1.0,1.0,Gansu
甘肃省,2010,postal,286.7,543.0,1.0,1.0,Gansu
甘肃省,2010,city,641.6,123.0,2.0,1.0,Gansu
甘肃省,2010,rural,1362.8,2103.0,2.0,1.0,Gansu
甘肃省,2010,foreign,0.0,0.0,1.0,1.0,Gansu
甘肃省,2011,policy,1514.2,59.0,1.0,1.0,Gansu
甘肃省,2011,large,5396.2,1384.0,1.0,1.0,Gansu
甘肃省,2011,joint_stock,673.5,28.0,1.0,1.0,Gansu
甘肃省,2011,postal,359.7,578.0,1.0,1.0,Gansu
甘肃省,2011,city,891.0,135.0,2.0,1.0,Gansu
甘肃省,2011,rural,2121.6,2300.0,2.0,1.0,Gansu
甘肃省,2011,foreign,0.0,0.0,1.0,1.0,Gansu
甘肃省,2012,policy,1823.3,59.0,1.0,1.0,Gansu
甘肃省,2012,large,6136.7,1379.0,1.0,1.0,Gansu
甘肃省,2012,joint_stock,951.0,39.0,1.0,1.0,Gansu
甘肃省,2012,postal,465.7,596.0,1.0,1.0,Gansu
甘肃省,2012,city,1227.4,156.0,2.0,1.0,Gansu
甘肃省,2012,rural,2728.6,2203.0,2.0,1.0,Gansu
甘肃省,2012,foreign,0.0,0.0,1.0,1.0,Gansu
甘肃省,2013,policy,1948.0,59.0,1.0,1.0,Gansu
甘肃省,2013,large,6703.0,1391.0,1.0,1.0,Gansu
甘肃省,2013,joint_stock,1302.0,41.0,1.0,1.0,Gansu
甘肃省,2013,postal,508.0,589.0,1.0,1.0,Gansu
甘肃省,2013,city,2041.0,183.0,2.0,1.0,Gansu
甘肃省,2013,rural,3311.0,2285.0,2.0,1.0,Gansu
甘肃省,2013,foreign,0.0,0.0,1.0,1.0,Gansu
甘肃省,2014,policy,2401.0,60.0,1.0,1.0,Gansu
甘肃省,2014,large,6772.0,1374.0,1.0,1.0,Gansu
甘肃省,2014,joint_stock,1653.0,64.0,1.0,1.0,Gansu
甘肃省,2014,postal,684.0,600.0,1.0,1.0,Gansu
甘肃省,2014,city,3096.0,279.0,2.0,1.0,Gansu
甘肃省,2014,rural,3977.0,2289.0,2.0,1.0,Gansu
甘肃省,2014,foreign,0.0,0.0,1.0,1.0,Gansu
甘肃省,2015,policy,3097.0,60.0,1.0,1.0,Gansu
甘肃省,2015,large,7088.0,1387.0,1.0,1.0,Gansu
甘肃省,2015,joint_stock,2159.0,84.0,1.0,1.0,Gansu
甘肃省,2015,postal,685.0,605.0,1.0,1.0,Gansu
甘肃省,2015,city,4163.0,303.0,2.0,1.0,Gansu
甘肃省,2015,rural,4517.0,2369.0,2.0,1.0,Gansu
甘肃省,2015,foreign,0.0,0.0,1.0,1.0,Gansu
甘肃省,2016,policy,3902.0,61.0,1.0,1.0,Gansu
甘肃省,2016,large,6790.0,364.0,1.0,1.0,Gansu
甘肃省,2016,joint_stock,2115.0,1724.0,1.0,1.0,Gansu
甘肃省,2016,postal,780.0,605.0,1.0,1.0,Gansu
甘肃省,2016,city,5013.0,332.0,2.0,1.0,Gansu
甘肃省,2016,rural,5357.0,2719.0,2.0,1.0,Gansu
甘肃省,2016,foreign,0.0,0.0,1.0,1.0,Gansu
甘肃省,2017,policy,4432.0,63.0,1.0,1.0,Gansu
甘肃省,2017,large,6874.0,1375.0,1.0,1.0,Gansu
甘肃省,2017,joint_stock,1749.0,130.0,1.0,1.0,Gansu
甘肃省,2017,postal,792.0,600.0,1.0,1.0,Gansu
甘肃省,2017,city,5406.0,344.0,2.0,1.0,Gansu
甘肃省,2017,rural,5684.0,2706.0,2.0,1.0,Gansu
甘肃省,2017,foreign,0.0,0.0,1.0,1.0,Gansu
甘肃省,2018,policy,4794.0,64.0,1.0,1.0,Gansu
甘肃省,2018,large,7163.0,1390.0,1.0,1.0,Gansu
甘肃省,2018,joint_stock,1783.0,124.0,1.0,1.0,Gansu
甘肃省,2018,postal,810.0,613.0,1.0,1.0,Gansu
甘肃省,2018,city,6278.0,380.0,2.0,1.0,Gansu
甘肃省,2018,rural,5944.0,2302.0,2.0,1.0,Gansu
甘肃省,2018,foreign,0.0,0.0,1.0,1.0,Gansu
甘肃省,2019,policy,5188.0,47.0,1.0,1.0,Gansu
甘肃省,2019,large,7308.0,1299.0,1.0,1.0,Gansu
甘肃省,2019,joint_stock,1843.0,112.0,1.0,1.0,Gansu
甘肃省,2019,postal,893.0,581.0,1.0,1.0,Gansu
甘肃省,2019,city,6580.0,357.0,2.0,1.0,Gansu
甘肃省,2019,rural,6577.0,2298.0,2.0,1.0,Gansu
甘肃省,2019,foreign,0.0,0.0,1.0,1.0,Gansu
甘肃省,2020,policy,5465.0,47.0,1.0,1.0,Gansu
甘肃省,2020,large,8008.0,1273.0,1.0,1.0,Gansu
甘肃省,2020,joint_stock,1854.0,113.0,1.0,1.0,Gansu
甘肃省,2020,postal,1046.0,565.0,1.0,1.0,Gansu
甘肃省,2020,city,6994.0,359.0,2.0,1.0,Gansu
甘肃省,2020,rural,6557.0,2226.0,2.0,1.0,Gansu
甘肃省,2020,foreign,0.0,0.0,1.0,1.0,Gansu
甘肃省,2021,policy,5828.0,64.0,1.0,1.0,Gansu
甘肃省,2021,large,8854.0,1296.0,1.0,1.0,Gansu
甘肃省,2021,joint_stock,1859.0,124.0,1.0,1.0,Gansu
甘肃省,2021,postal,1200.0,567.0,1.0,1.0,Gansu
甘肃省,2021,city,7524.0,380.0,2.0,1.0,Gansu
甘肃省,2021,rural,7017.0,2220.0,2.0,1.0,Gansu
甘肃省,2021,foreign,0.0,0.0,1.0,1.0,Gansu
甘肃省,2022,policy,6096.0,64.0,1.0,1.0,Gansu
甘肃省,2022,large,9797.0,1289.0,1.0,1.0,Gansu
甘肃省,2022,joint_stock,1919.0,129.0,1.0,1.0,Gansu
甘肃省,2022,postal,1318.0,578.0,1.0,1.0,Gansu
甘肃省,2022,city,8053.0,376.0,2.0,1.0,Gansu
甘肃省,2022,rural,7994.0,2161.0,2.0,1.0,Gansu
甘肃省,2022,foreign,0.0,0.0,1.0,1.0,Gansu
福建省,2005,policy,377.6,,1.0,1.0,Fujian
福建省,2005,large,5103.5,,1.0,1.0,Fujian
福建省,2005,joint_stock,3139.2,,1.0,1.0,Fujian
福建省,2005,postal,446.6,,1.0,1.0,Fujian
福建省,2005,city,291.1,,1.0,1.0,Fujian
福建省,2005,rural,682.3,,1.0,1.0,Fujian
福建省,2005,foreign,260.0,,1.0,1.0,Fujian
福建省,2006,policy,458.4,,1.0,1.0,Fujian
福建省,2006,large,5887.1,,1.0,1.0,Fujian
福建省,2006,joint_stock,3737.8,,1.0,1.0,Fujian
福建省,2006,postal,494.8,,1.0,1.0,Fujian
福建省,2006,city,428.4,,1.0,1.0,Fujian
福建省,2006,rural,766.4,,1.0,1.0,Fujian
福建省,2006,foreign,349.2,,1.0,1.0,Fujian
福建省,2007,policy,612.9,39.0,1.0,1.0,Fujian
福建省,2007,large,6567.1,2141.0,1.0,1.0,Fujian
福建省,2007,joint_stock,5510.9,257.0,1.0,1.0,Fujian
福建省,2007,postal,462.9,849.0,1.0,1.0,Fujian
福建省,2007,city,586.2,83.0,1.0,1.0,Fujian
福建省,2007,rural,1021.0999999999999,1870.0,2.0,1.0,Fujian
福建省,2007,foreign,465.4,26.0,1.0,1.0,Fujian
福建省,2008,policy,885.5,39.0,1.0,1.0,Fujian
福建省,2008,large,7852.4,2195.0,1.0,1.0,Fujian
福建省,2008,joint_stock,6653.8,232.0,1.0,1.0,Fujian
福建省,2008,postal,575.0,879.0,1.0,1.0,Fujian
福建省,2008,city,626.5,97.0,1.0,1.0,Fujian
福建省,2008,rural,1271.7,1844.0,3.0,1.0,Fujian
福建省,2008,foreign,464.1,30.0,1.0,1.0,Fujian
福建省,2009,policy,1233.7,39.0,1.0,1.0,Fujian
福建省,2009,large,9347.7,2100.0,1.0,1.0,Fujian
福建省,2009,joint_stock,8229.0,296.0,1.0,1.0,Fujian
福建省,2009,postal,731.1,879.0,1.0,1.0,Fujian
福建省,2009,city,932.6,108.0,1.0,1.0,Fujian
福建省,2009,rural,1552.7,1837.0,2.0,1.0,Fujian
福建省,2009,foreign,453.7,33.0,1.0,1.0,Fujian
福建省,2010,policy,1572.6,38.0,1.0,1.0,Fujian
福建省,2010,large,11164.9,2133.0,1.0,1.0,Fujian
福建省,2010,joint_stock,10844.0,270.0,1.0,1.0,Fujian
福建省,2010,postal,826.7,943.0,1.0,1.0,Fujian
福建省,2010,city,1415.7,122.0,1.0,1.0,Fujian
福建省,2010,rural,2089.6,1831.0,2.0,1.0,Fujian
福建省,2010,foreign,667.2,35.0,1.0,1.0,Fujian
福建省,2011,policy,2204.0,40.0,1.0,1.0,Fujian
福建省,2011,large,11988.0,2113.0,1.0,1.0,Fujian
福建省,2011,joint_stock,13172.0,339.0,1.0,1.0,Fujian
福建省,2011,postal,1021.0,971.0,1.0,1.0,Fujian
福建省,2011,city,1857.0,133.0,1.0,1.0,Fujian
福建省,2011,rural,2659.0,1859.0,2.0,1.0,Fujian
福建省,2011,foreign,789.0,36.0,1.0,1.0,Fujian
福建省,2012,policy,2826.3,41.0,1.0,1.0,Fujian
福建省,2012,large,14095.6,2215.0,1.0,1.0,Fujian
福建省,2012,joint_stock,16399.0,335.0,1.0,1.0,Fujian
福建省,2012,postal,1169.1,978.0,1.0,1.0,Fujian
福建省,2012,city,2045.1,133.0,1.0,1.0,Fujian
福建省,2012,rural,3250.7,1883.0,2.0,1.0,Fujian
福建省,2012,foreign,1327.0,41.0,1.0,1.0,Fujian
福建省,2013,policy,3211.0,41.0,1.0,1.0,Fujian
福建省,2013,large,15821.0,2258.0,1.0,1.0,Fujian
福建省,2013,joint_stock,20731.0,388.0,1.0,1.0,Fujian
福建省,2013,postal,1339.0,1005.0,1.0,1.0,Fujian
福建省,2013,city,3654.0,162.0,1.0,1.0,Fujian
福建省,2013,rural,4220.0,1926.0,2.0,1.0,Fujian
福建省,2013,foreign,397.0,23.0,1.0,1.0,Fujian
福建省,2014,policy,3976.4,41.0,1.0,1.0,Fujian
福建省,2014,large,16739.6,2280.0,1.0,1.0,Fujian
福建省,2014,joint_stock,26771.9,519.0,1.0,1.0,Fujian
福建省,2014,postal,1717.9,1022.0,1.0,1.0,Fujian
福建省,2014,city,4540.9,184.0,1.0,1.0,Fujian
福建省,2014,rural,5240.7,1953.0,2.0,1.0,Fujian
福建省,2014,foreign,413.9,34.0,1.0,1.0,Fujian
福建省,2015,policy,5462.1,44.0,1.0,1.0,Fujian
福建省,2015,large,17064.3,2293.0,1.0,1.0,Fujian
福建省,2015,joint_stock,42347.6,660.0,1.0,1.0,Fujian
福建省,2015,postal,1700.5,1061.0,1.0,1.0,Fujian
福建省,2015,city,6206.9,207.0,1.0,1.0,Fujian
福建省,2015,rural,6367.8,1997.0,2.0,1.0,Fujian
福建省,2015,foreign,420.9,39.0,1.0,1.0,Fujian
福建省,2016,policy,6278.0,44.0,1.0,1.0,Fujian
福建省,2016,large,18500.0,2299.0,1.0,1.0,Fujian
福建省,2016,joint_stock,49598.0,839.0,1.0,1.0,Fujian
福建省,2016,postal,1807.0,1055.0,1.0,1.0,Fujian
福建省,2016,city,8188.0,220.0,1.0,1.0,Fujian
福建省,2016,rural,7892.0,2115.0,2.0,1.0,Fujian
福建省,2016,foreign,442.0,40.0,1.0,1.0,Fujian
福建省,2017,policy,6467.0,44.0,1.0,1.0,Fujian
福建省,2017,large,19802.0,2298.0,1.0,1.0,Fujian
福建省,2017,joint_stock,48300.0,849.0,1.0,1.0,Fujian
福建省,2017,postal,2051.0,1062.0,1.0,1.0,Fujian
福建省,2017,city,9067.0,230.0,1.0,1.0,Fujian
福建省,2017,rural,8439.0,2005.0,2.0,1.0,Fujian
福建省,2017,foreign,507.0,39.0,1.0,1.0,Fujian
福建省,2018,policy,7031.0,46.0,1.0,1.0,Fujian
福建省,2018,large,21644.0,2292.0,1.0,1.0,Fujian
福建省,2018,joint_stock,48227.0,914.0,1.0,1.0,Fujian
福建省,2018,postal,2229.0,1062.0,1.0,1.0,Fujian
福建省,2018,city,9388.0,243.0,1.0,1.0,Fujian
福建省,2018,rural,8541.0,2013.0,2.0,1.0,Fujian
福建省,2018,foreign,589.0,39.0,1.0,1.0,Fujian
福建省,2019,policy,7489.0,44.0,1.0,1.0,Fujian
福建省,2019,large,24022.0,2290.0,1.0,1.0,Fujian
福建省,2019,joint_stock,48575.0,832.0,1.0,1.0,Fujian
福建省,2019,postal,2438.0,1064.0,1.0,1.0,Fujian
福建省,2019,city,9725.0,252.0,1.0,1.0,Fujian
福建省,2019,rural,9196.0,2022.0,2.0,1.0,Fujian
福建省,2019,foreign,670.0,37.0,1.0,1.0,Fujian
福建省,2020,policy,8226.0,46.0,1.0,1.0,Fujian
福建省,2020,large,27147.0,2278.0,1.0,1.0,Fujian
福建省,2020,joint_stock,51989.0,882.0,1.0,1.0,Fujian
福建省,2020,postal,2876.0,1063.0,1.0,1.0,Fujian
福建省,2020,city,10609.0,262.0,2.0,1.0,Fujian
福建省,2020,rural,10140.0,2037.0,2.0,1.0,Fujian
福建省,2020,foreign,666.0,34.0,1.0,1.0,Fujian
福建省,2021,policy,8470.0,44.0,1.0,1.0,Fujian
福建省,2021,large,29736.0,2269.0,1.0,1.0,Fujian
福建省,2021,joint_stock,56803.0,797.0,1.0,1.0,Fujian
福建省,2021,postal,3172.0,1061.0,1.0,1.0,Fujian
福建省,2021,city,11524.0,284.0,1.0,1.0,Fujian
福建省,2021,rural,11120.0,2040.0,2.0,1.0,Fujian
福建省,2021,foreign,667.0,34.0,1.0,1.0,Fujian
福建省,2022,policy,8708.0,44.0,1.0,1.0,Fujian
福建省,2022,large,33963.0,2247.0,1.0,1.0,Fujian
福建省,2022,joint_stock,60150.0,799.0,1.0,1.0,Fujian
福建省,2022,postal,3608.0,1059.0,1.0,1.0,Fujian
福建省,2022,city,12600.0,312.0,2.0,1.0,Fujian
福建省,2022,rural,12279.0,2036.0,2.0,1.0,Fujian
福建省,2022,foreign,791.0,34.0,1.0,1.0,Fujian
西藏自治区,2005,policy,0.0,,1.0,1.0,Xizang
西藏自治区,2005,large,446.5,,1.0,1.0,Xizang
西藏自治区,2005,joint_stock,0.0,0.0,,1.0,Xizang
西藏自治区,2005,postal,16.1,,1.0,1.0,Xizang
西藏自治区,2005,city,0.0,0.0,,1.0,Xizang
西藏自治区,2005,rural,0.0,0.0,,1.0,Xizang
西藏自治区,2005,foreign,3752.0,,1.0,1.0,Xizang
西藏自治区,2006,policy,0.0,,1.0,1.0,Xizang
西藏自治区,2006,large,263.0,,1.0,1.0,Xizang
西藏自治区,2006,joint_stock,237.2,,1.0,1.0,Xizang
西藏自治区,2006,postal,19.0,,1.0,1.0,Xizang
西藏自治区,2006,city,0.0,,2.0,1.0,Xizang
西藏自治区,2006,rural,0.0,,1.0,1.0,Xizang
西藏自治区,2006,foreign,0.0,,1.0,1.0,Xizang
西藏自治区,2007,policy,0.0,1.0,1.0,1.0,Xizang
西藏自治区,2007,large,308.3,502.0,1.0,1.0,Xizang
西藏自治区,2007,joint_stock,285.0,45.0,1.0,1.0,Xizang
西藏自治区,2007,postal,20.0,48.0,1.0,1.0,Xizang
西藏自治区,2007,city,0.0,0.0,2.0,1.0,Xizang
西藏自治区,2007,rural,0.0,0.0,1.0,1.0,Xizang
西藏自治区,2007,foreign,0.0,0.0,1.0,1.0,Xizang
西藏自治区,2008,policy,0.0,1.0,1.0,1.0,Xizang
西藏自治区,2008,large,782.4,549.0,1.0,1.0,Xizang
西藏自治区,2008,joint_stock,0.0,0.0,1.0,1.0,Xizang
西藏自治区,2008,postal,27.3,49.0,1.0,1.0,Xizang
西藏自治区,2008,city,0.0,0.0,2.0,1.0,Xizang
西藏自治区,2008,rural,0.0,0.0,2.0,1.0,Xizang
西藏自治区,2008,foreign,0.0,0.0,1.0,1.0,Xizang
西藏自治区,2009,policy,0.0,1.0,1.0,1.0,Xizang
西藏自治区,2009,large,926.0,549.0,1.0,1.0,Xizang
西藏自治区,2009,joint_stock,0.0,0.0,1.0,1.0,Xizang
西藏自治区,2009,postal,32.0,50.0,1.0,1.0,Xizang
西藏自治区,2009,city,0.0,0.0,2.0,1.0,Xizang
西藏自治区,2009,rural,0.0,0.0,2.0,1.0,Xizang
西藏自治区,2009,foreign,0.0,0.0,1.0,1.0,Xizang
西藏自治区,2010,policy,5.5,1.0,1.0,1.0,Xizang
西藏自治区,2010,large,1156.3,549.0,1.0,1.0,Xizang
西藏自治区,2010,joint_stock,0.0,0.0,1.0,1.0,Xizang
西藏自治区,2010,postal,40.7,67.0,1.0,1.0,Xizang
西藏自治区,2010,city,0.0,0.0,2.0,1.0,Xizang
西藏自治区,2010,rural,0.0,0.0,2.0,1.0,Xizang
西藏自治区,2010,foreign,0.0,0.0,1.0,1.0,Xizang
西藏自治区,2011,policy,11.0,1.0,1.0,1.0,Xizang
西藏自治区,2011,large,1492.0,554.0,1.0,1.0,Xizang
西藏自治区,2011,joint_stock,0.0,0.0,,1.0,Xizang
西藏自治区,2011,postal,46.0,74.0,1.0,1.0,Xizang
西藏自治区,2011,city,41.1,1.0,1.0,1.0,Xizang
西藏自治区,2011,rural,0.0,0.0,,1.0,Xizang
西藏自治区,2011,foreign,0.0,0.0,,1.0,Xizang
西藏自治区,2012,policy,30.4,2.0,1.0,1.0,Xizang
西藏自治区,2012,large,1881.0,557.0,1.0,1.0,Xizang
西藏自治区,2012,joint_stock,0.0,0.0,,1.0,Xizang
西藏自治区,2012,postal,169.7,75.0,1.0,1.0,Xizang
西藏自治区,2012,city,82.2,1.0,1.0,1.0,Xizang
西藏自治区,2012,rural,0.0,0.0,,1.0,Xizang
西藏自治区,2012,foreign,0.0,0.0,,1.0,Xizang
西藏自治区,2013,policy,60.27,2.0,1.0,1.0,Xizang
西藏自治区,2013,large,2295.06,597.0,1.0,1.0,Xizang
西藏自治区,2013,joint_stock,14.69,1.0,1.0,1.0,Xizang
西藏自治区,2013,postal,122.0,75.0,1.0,1.0,Xizang
西藏自治区,2013,city,164.62,1.0,2.0,1.0,Xizang
西藏自治区,2013,rural,0.0,1.0,2.0,1.0,Xizang
西藏自治区,2013,foreign,0.0,0.0,1.0,1.0,Xizang
西藏自治区,2014,policy,93.1,2.0,1.0,1.0,Xizang
西藏自治区,2014,large,2733.5,590.0,1.0,1.0,Xizang
西藏自治区,2014,joint_stock,118.2,2.0,1.0,1.0,Xizang
西藏自治区,2014,postal,90.5,76.0,1.0,1.0,Xizang
西藏自治区,2014,city,255.2,5.0,2.0,1.0,Xizang
西藏自治区,2014,rural,2.9,1.0,2.0,1.0,Xizang
西藏自治区,2014,foreign,0.0,0.0,1.0,1.0,Xizang
西藏自治区,2015,policy,230.8,2.0,1.0,1.0,Xizang
西藏自治区,2015,large,3138.9,572.0,1.0,1.0,Xizang
西藏自治区,2015,joint_stock,124.6,4.0,1.0,1.0,Xizang
西藏自治区,2015,postal,84.6,78.0,1.0,1.0,Xizang
西藏自治区,2015,city,366.6,8.0,2.0,1.0,Xizang
西藏自治区,2015,rural,5.1,1.0,2.0,1.0,Xizang
西藏自治区,2015,foreign,0.0,0.0,1.0,1.0,Xizang
西藏自治区,2016,policy,,,,,Xizang
西藏自治区,2016,large,,,,,Xizang
西藏自治区,2016,joint_stock,,,,,Xizang
西藏自治区,2016,postal,,,,,Xizang
西藏自治区,2016,city,,,,,Xizang
西藏自治区,2016,rural,,,,,Xizang
西藏自治区,2016,foreign,,,,,Xizang
西藏自治区,2017,policy,,,,,Xizang
西藏自治区,2017,large,,,,,Xizang
西藏自治区,2017,joint_stock,,,,,Xizang
西藏自治区,2017,postal,,,,,Xizang
西藏自治区,2017,city,,,,,Xizang
西藏自治区,2017,rural,,,,,Xizang
西藏自治区,2017,foreign,,,,,Xizang
西藏自治区,2018,policy,1438.0,1.0,1.0,1.0,Xizang
西藏自治区,2018,large,4082.0,587.0,1.0,1.0,Xizang
西藏自治区,2018,joint_stock,174.0,6.0,1.0,1.0,Xizang
西藏自治区,2018,postal,120.0,97.0,1.0,1.0,Xizang
西藏自治区,2018,city,631.0,4.0,1.0,1.0,Xizang
西藏自治区,2018,rural,7.0,1.0,1.0,1.0,Xizang
西藏自治区,2018,foreign,0.0,0.0,,1.0,Xizang
西藏自治区,2019,policy,,,,,Xizang
西藏自治区,2019,large,,,,,Xizang
西藏自治区,2019,joint_stock,,,,,Xizang
西藏自治区,2019,postal,,,,,Xizang
西藏自治区,2019,city,,,,,Xizang
西藏自治区,2019,rural,,,,,Xizang
西藏自治区,2019,foreign,,,,,Xizang
西藏自治区,2020,policy,,,,,Xizang
西藏自治区,2020,large,,,,,Xizang
西藏自治区,2020,joint_stock,,,,,Xizang
西藏自治区,2020,postal,,,,,Xizang
西藏自治区,2020,city,,,,,Xizang
西藏自治区,2020,rural,,,,,Xizang
西藏自治区,2020,foreign,,,,,Xizang
西藏自治区,2021,policy,,,,,Xizang
西藏自治区,2021,large,,,,,Xizang
西藏自治区,2021,joint_stock,,,,,Xizang
西藏自治区,2021,postal,,,,,Xizang
西藏自治区,2021,city,,,,,Xizang
西藏自治区,2021,rural,,,,,Xizang
西藏自治区,2021,foreign,,,,,Xizang
西藏自治区,2022,policy,,,,,Xizang
西藏自治区,2022,large,,,,,Xizang
西藏自治区,2022,joint_stock,,,,,Xizang
西藏自治区,2022,postal,,,,,Xizang
西藏自治区,2022,city,,,,,Xizang
西藏自治区,2022,rural,,,,,Xizang
西藏自治区,2022,foreign,,,,,Xizang
贵州省,2005,policy,341.7,,1.0,1.0,Guizhou
贵州省,2005,large,1937.3,,1.0,1.0,Guizhou
贵州省,2005,joint_stock,94.4,,1.0,1.0,Guizhou
贵州省,2005,postal,244.0,,1.0,1.0,Guizhou
贵州省,2005,city,323.2,,1.0,1.0,Guizhou
贵州省,2005,rural,489.3,,1.0,1.0,Guizhou
贵州省,2005,foreign,0.0,0.0,,1.0,Guizhou
贵州省,2006,policy,431.7,,1.0,1.0,Guizhou
贵州省,2006,large,2171.9,,1.0,1.0,Guizhou
贵州省,2006,joint_stock,110.5,,1.0,1.0,Guizhou
贵州省,2006,postal,244.0,,1.0,1.0,Guizhou
贵州省,2006,city,398.3,,2.0,1.0,Guizhou
贵州省,2006,rural,653.4,,1.0,1.0,Guizhou
贵州省,2006,foreign,0.0,0.0,,1.0,Guizhou
贵州省,2007,policy,551.3,67.0,1.0,1.0,Guizhou
贵州省,2007,large,2384.7,1047.0,1.0,1.0,Guizhou
贵州省,2007,joint_stock,122.3,44.0,1.0,1.0,Guizhou
贵州省,2007,postal,244.0,635.0,1.0,1.0,Guizhou
贵州省,2007,city,478.40000000000003,171.0,2.0,1.0,Guizhou
贵州省,2007,rural,829.5,1982.0,1.0,1.0,Guizhou
贵州省,2007,foreign,0.0,0.0,,1.0,Guizhou
贵州省,2008,policy,692.0,67.0,1.0,1.0,Guizhou
贵州省,2008,large,3035.0,1082.0,1.0,1.0,Guizhou
贵州省,2008,joint_stock,0.0,0.0,,1.0,Guizhou
贵州省,2008,postal,244.0,655.0,1.0,1.0,Guizhou
贵州省,2008,city,583.0,169.0,2.0,1.0,Guizhou
贵州省,2008,rural,1076.0,1985.0,2.0,1.0,Guizhou
贵州省,2008,foreign,0.0,0.0,,1.0,Guizhou
贵州省,2009,policy,882.0,70.0,1.0,1.0,Guizhou
贵州省,2009,large,3592.0,1054.0,1.0,1.0,Guizhou
贵州省,2009,joint_stock,34.0,1.0,1.0,1.0,Guizhou
贵州省,2009,postal,306.0,274.0,1.0,1.0,Guizhou
贵州省,2009,city,726.0,172.0,1.0,1.0,Guizhou
贵州省,2009,rural,1360.0,2061.0,2.0,1.0,Guizhou
贵州省,2009,foreign,0.0,0.0,,1.0,Guizhou
贵州省,2010,policy,1079.0,68.0,1.0,1.0,Guizhou
贵州省,2010,large,4222.0,1044.0,1.0,1.0,Guizhou
贵州省,2010,joint_stock,343.0,3.0,1.0,1.0,Guizhou
贵州省,2010,postal,370.0,692.0,1.0,1.0,Guizhou
贵州省,2010,city,1077.0,179.0,2.0,1.0,Guizhou
贵州省,2010,rural,1724.0,2024.0,2.0,1.0,Guizhou
贵州省,2010,foreign,2.0,1.0,1.0,1.0,Guizhou
贵州省,2011,policy,1330.0,65.0,1.0,1.0,Guizhou
贵州省,2011,large,4827.0,1034.0,1.0,1.0,Guizhou
贵州省,2011,joint_stock,530.0,6.0,1.0,1.0,Guizhou
贵州省,2011,postal,476.0,897.0,1.0,1.0,Guizhou
贵州省,2011,city,1416.0,185.0,2.0,1.0,Guizhou
贵州省,2011,rural,2159.0,2097.0,2.0,1.0,Guizhou
贵州省,2011,foreign,3.0,1.0,1.0,1.0,Guizhou
贵州省,2012,policy,1650.5,67.0,1.0,1.0,Guizhou
贵州省,2012,large,5700.7,1054.0,1.0,1.0,Guizhou
贵州省,2012,joint_stock,725.7,12.0,1.0,1.0,Guizhou
贵州省,2012,postal,606.9,924.0,1.0,1.0,Guizhou
贵州省,2012,city,1971.0,194.0,1.0,1.0,Guizhou
贵州省,2012,rural,2780.0,2144.0,2.0,1.0,Guizhou
贵州省,2012,foreign,3.1,1.0,1.0,1.0,Guizhou
贵州省,2013,policy,1948.4,68.0,1.0,1.0,Guizhou
贵州省,2013,large,6329.9,1085.0,1.0,1.0,Guizhou
贵州省,2013,joint_stock,1289.2,27.0,1.0,1.0,Guizhou
贵州省,2013,postal,726.2,950.0,1.0,1.0,Guizhou
贵州省,2013,city,2440.5,224.0,1.0,1.0,Guizhou
贵州省,2013,rural,4263.7,2288.0,2.0,1.0,Guizhou
贵州省,2013,foreign,2.9,1.0,1.0,1.0,Guizhou
贵州省,2014,policy,2578.3,68.0,1.0,1.0,Guizhou
贵州省,2014,large,6766.9,1091.0,1.0,1.0,Guizhou
贵州省,2014,joint_stock,1497.4,45.0,1.0,1.0,Guizhou
贵州省,2014,postal,810.4,963.0,1.0,1.0,Guizhou
贵州省,2014,city,3125.2,316.0,1.0,1.0,Guizhou
贵州省,2014,rural,5012.200000000001,2362.0,2.0,1.0,Guizhou
贵州省,2014,foreign,3.3,1.0,1.0,1.0,Guizhou
贵州省,2015,policy,3669.8,69.0,1.0,1.0,Guizhou
贵州省,2015,large,7845.5,1086.0,1.0,1.0,Guizhou
贵州省,2015,joint_stock,1853.4,95.0,1.0,1.0,Guizhou
贵州省,2015,postal,886.3,954.0,1.0,1.0,Guizhou
贵州省,2015,city,4202.8,403.0,1.0,1.0,Guizhou
贵州省,2015,rural,6020.57,2448.0,2.0,1.0,Guizhou
贵州省,2015,foreign,2.6,1.0,1.0,1.0,Guizhou
贵州省,2016,policy,4310.8,69.0,1.0,1.0,Guizhou
贵州省,2016,large,9153.9,1094.0,1.0,1.0,Guizhou
贵州省,2016,joint_stock,1849.3,118.0,1.0,1.0,Guizhou
贵州省,2016,postal,1050.9,954.0,1.0,1.0,Guizhou
贵州省,2016,city,6131.4,513.0,2.0,1.0,Guizhou
贵州省,2016,rural,7345.5,2500.0,2.0,1.0,Guizhou
贵州省,2016,foreign,3.0,1.0,1.0,1.0,Guizhou
贵州省,2017,policy,5143.0,72.0,1.0,1.0,Guizhou
贵州省,2017,large,9564.0,1103.0,1.0,1.0,Guizhou
贵州省,2017,joint_stock,1767.0,119.0,1.0,1.0,Guizhou
贵州省,2017,postal,1186.0,963.0,1.0,1.0,Guizhou
贵州省,2017,city,7525.0,523.0,2.0,1.0,Guizhou
贵州省,2017,rural,8281.0,2549.0,2.0,1.0,Guizhou
贵州省,2017,foreign,3.0,1.0,1.0,1.0,Guizhou
贵州省,2018,policy,5753.0,71.0,1.0,1.0,Guizhou
贵州省,2018,large,9797.9,1090.0,1.0,1.0,Guizhou
贵州省,2018,joint_stock,1808.3,111.0,1.0,1.0,Guizhou
贵州省,2018,postal,1257.0,963.0,1.0,1.0,Guizhou
贵州省,2018,city,8331.6,522.0,2.0,1.0,Guizhou
贵州省,2018,rural,8431.6,2407.0,2.0,1.0,Guizhou
贵州省,2018,foreign,4.9,1.0,1.0,1.0,Guizhou
贵州省,2019,policy,5608.4,74.0,1.0,1.0,Guizhou
贵州省,2019,large,10730.8,1085.0,1.0,1.0,Guizhou
贵州省,2019,joint_stock,2273.9,121.0,1.0,1.0,Guizhou
贵州省,2019,postal,1292.9,964.0,1.0,1.0,Guizhou
贵州省,2019,city,9536.6,530.0,2.0,1.0,Guizhou
贵州省,2019,rural,8712.2,2604.0,2.0,1.0,Guizhou
贵州省,2019,foreign,2.0,1.0,1.0,1.0,Guizhou
贵州省,2020,policy,6229.0,73.0,1.0,1.0,Guizhou
贵州省,2020,large,13559.0,1069.0,1.0,1.0,Guizhou
贵州省,2020,joint_stock,2602.0,126.0,1.0,1.0,Guizhou
贵州省,2020,postal,646.45,977.0,1.0,1.0,Guizhou
贵州省,2020,city,10339.0,521.0,2.0,1.0,Guizhou
贵州省,2020,rural,9286.0,2458.0,2.0,1.0,Guizhou
贵州省,2020,foreign,2.0,1.0,1.0,1.0,Guizhou
贵州省,2021,policy,6803.0,73.0,1.0,1.0,Guizhou
贵州省,2021,large,15033.0,2013.0,1.0,1.0,Guizhou
贵州省,2021,joint_stock,2834.0,127.0,1.0,1.0,Guizhou
贵州省,2021,postal,0.0,0.0,,1.0,Guizhou
贵州省,2021,city,11004.0,535.0,2.0,1.0,Guizhou
贵州省,2021,rural,9855.0,2472.0,2.0,1.0,Guizhou
贵州省,2021,foreign,2.0,1.0,1.0,1.0,Guizhou
贵州省,2022,policy,6803.0,73.0,1.0,1.0,Guizhou
贵州省,2022,large,15033.0,2004.0,1.0,1.0,Guizhou
贵州省,2022,joint_stock,2834.0,148.0,1.0,1.0,Guizhou
贵州省,2022,postal,0.0,0.0,,1.0,Guizhou
贵州省,2022,city,11004.0,542.0,1.0,1.0,Guizhou
贵州省,2022,rural,9855.0,2470.0,2.0,1.0,Guizhou
贵州省,2022,foreign,2.0,1.0,1.0,1.0,Guizhou
辽宁省,2005,policy,2648.0,,1.0,1.0,Liaoning
辽宁省,2005,large,1276.0,,1.0,1.0,Liaoning
辽宁省,2005,joint_stock,1755.0,,1.0,1.0,Liaoning
辽宁省,2005,postal,183.0,,1.0,1.0,Liaoning
辽宁省,2005,city,1411.0,,2.0,1.0,Liaoning
辽宁省,2005,rural,220.0,,1.0,1.0,Liaoning
辽宁省,2005,foreign,0.0,0.0,,1.0,Liaoning
辽宁省,2006,policy,1512.8,,1.0,1.0,Liaoning
辽宁省,2006,large,7242.5,,1.0,1.0,Liaoning
辽宁省,2006,joint_stock,3017.1,,1.0,1.0,Liaoning
辽宁省,2006,postal,666.0,,1.0,1.0,Liaoning
辽宁省,2006,city,2781.3999999999996,,2.0,1.0,Liaoning
辽宁省,2006,rural,1218.8,,1.0,1.0,Liaoning
辽宁省,2006,foreign,211.8,,1.0,1.0,Liaoning
辽宁省,2007,policy,1806.0,80.0,1.0,1.0,Liaoning
辽宁省,2007,large,7810.0,3161.0,1.0,1.0,Liaoning
辽宁省,2007,joint_stock,3716.0,401.0,1.0,1.0,Liaoning
辽宁省,2007,postal,677.0,1496.0,1.0,1.0,Liaoning
辽宁省,2007,city,3107.0,895.0,2.0,1.0,Liaoning
辽宁省,2007,rural,1539.0,2550.0,1.0,1.0,Liaoning
辽宁省,2007,foreign,283.0,26.0,1.0,1.0,Liaoning
辽宁省,2008,policy,2467.0,81.0,1.0,1.0,Liaoning
辽宁省,2008,large,9595.0,3157.0,1.0,1.0,Liaoning
辽宁省,2008,joint_stock,3929.0,254.0,1.0,1.0,Liaoning
辽宁省,2008,postal,1059.0,1506.0,1.0,1.0,Liaoning
辽宁省,2008,city,3804.0,863.0,2.0,1.0,Liaoning
辽宁省,2008,rural,1899.0,2519.0,2.0,1.0,Liaoning
辽宁省,2008,foreign,292.0,37.0,1.0,1.0,Liaoning
辽宁省,2009,policy,2889.0,82.0,1.0,1.0,Liaoning
辽宁省,2009,large,12504.0,2855.0,1.0,1.0,Liaoning
辽宁省,2009,joint_stock,5486.0,433.0,1.0,1.0,Liaoning
辽宁省,2009,postal,1278.0,1530.0,1.0,1.0,Liaoning
辽宁省,2009,city,5260.0,917.0,2.0,1.0,Liaoning
辽宁省,2009,rural,2273.0,2443.0,2.0,1.0,Liaoning
辽宁省,2009,foreign,291.0,40.5,1.0,1.0,Liaoning
辽宁省,2010,policy,3536.0,81.0,1.0,1.0,Liaoning
辽宁省,2010,large,13796.0,3082.0,1.0,1.0,Liaoning
辽宁省,2010,joint_stock,5749.0,334.0,1.0,1.0,Liaoning
辽宁省,2010,postal,1485.0,1554.0,1.0,1.0,Liaoning
辽宁省,2010,city,6976.0,883.0,2.0,1.0,Liaoning
辽宁省,2010,rural,2838.0,2478.0,2.0,1.0,Liaoning
辽宁省,2010,foreign,352.0,44.0,1.0,1.0,Liaoning
辽宁省,2011,policy,4070.0,81.0,1.0,1.0,Liaoning
辽宁省,2011,large,15190.0,3120.0,1.0,1.0,Liaoning
辽宁省,2011,joint_stock,6789.0,356.0,1.0,1.0,Liaoning
辽宁省,2011,postal,1819.0,1621.0,1.0,1.0,Liaoning
辽宁省,2011,city,8067.0,963.0,1.0,1.0,Liaoning
辽宁省,2011,rural,5715.0,2556.0,2.0,1.0,Liaoning
辽宁省,2011,foreign,397.0,36.0,1.0,1.0,Liaoning
辽宁省,2012,policy,4690.9,81.0,1.0,1.0,Liaoning
辽宁省,2012,large,16894.5,3099.0,1.0,1.0,Liaoning
辽宁省,2012,joint_stock,8563.8,393.0,1.0,1.0,Liaoning
辽宁省,2012,postal,2044.3,866.0,1.0,1.0,Liaoning
辽宁省,2012,city,9788.1,954.0,1.0,1.0,Liaoning
辽宁省,2012,rural,4050.0,2396.0,2.0,1.0,Liaoning
辽宁省,2012,foreign,503.9,41.0,1.0,1.0,Liaoning
辽宁省,2013,policy,5373.0,82.0,1.0,1.0,Liaoning
辽宁省,2013,large,18187.0,3139.0,1.0,1.0,Liaoning
辽宁省,2013,joint_stock,8578.0,364.0,1.0,1.0,Liaoning
辽宁省,2013,postal,2247.0,1717.0,1.0,1.0,Liaoning
辽宁省,2013,city,11197.0,1028.0,1.0,1.0,Liaoning
辽宁省,2013,rural,4499.0,2460.0,2.0,1.0,Liaoning
辽宁省,2013,foreign,503.0,45.0,1.0,1.0,Liaoning
辽宁省,2014,policy,5956.0,82.0,1.0,1.0,Liaoning
辽宁省,2014,large,19022.0,3135.0,1.0,1.0,Liaoning
辽宁省,2014,joint_stock,9597.0,687.0,1.0,1.0,Liaoning
辽宁省,2014,postal,2435.0,1721.0,1.0,1.0,Liaoning
辽宁省,2014,city,14981.0,1226.0,1.0,1.0,Liaoning
辽宁省,2014,rural,4957.0,2357.0,2.0,1.0,Liaoning
辽宁省,2014,foreign,570.0,44.0,1.0,1.0,Liaoning
辽宁省,2015,policy,7105.0,82.0,1.0,1.0,Liaoning
辽宁省,2015,large,20070.0,3182.0,1.0,1.0,Liaoning
辽宁省,2015,joint_stock,9853.0,798.0,1.0,1.0,Liaoning
辽宁省,2015,postal,2572.0,1727.0,1.0,1.0,Liaoning
辽宁省,2015,city,20487.0,1332.0,1.0,1.0,Liaoning
辽宁省,2015,rural,5710.0,2379.0,2.0,1.0,Liaoning
辽宁省,2015,foreign,576.0,44.0,1.0,1.0,Liaoning
辽宁省,2016,policy,7227.0,68.0,1.0,1.0,Liaoning
辽宁省,2016,large,21309.0,3086.0,1.0,1.0,Liaoning
辽宁省,2016,joint_stock,9925.0,777.0,1.0,1.0,Liaoning
辽宁省,2016,postal,2546.0,1712.0,1.0,1.0,Liaoning
辽宁省,2016,city,27104.0,1225.0,1.0,1.0,Liaoning
辽宁省,2016,rural,6626.0,2306.0,2.0,1.0,Liaoning
辽宁省,2016,foreign,535.0,40.0,1.0,1.0,Liaoning
辽宁省,2017,policy,6302.0,83.0,1.0,1.0,Liaoning
辽宁省,2017,large,20612.0,3140.0,1.0,1.0,Liaoning
辽宁省,2017,joint_stock,8636.0,828.0,1.0,1.0,Liaoning
辽宁省,2017,postal,2611.0,1507.0,1.0,1.0,Liaoning
辽宁省,2017,city,31067.0,1343.0,1.0,1.0,Liaoning
辽宁省,2017,rural,7768.0,2445.0,2.0,1.0,Liaoning
辽宁省,2017,foreign,545.0,36.0,1.0,1.0,Liaoning
辽宁省,2018,policy,5656.0,83.0,1.0,1.0,Liaoning
辽宁省,2018,large,21360.0,3156.0,1.0,1.0,Liaoning
辽宁省,2018,joint_stock,8096.0,696.0,1.0,1.0,Liaoning
辽宁省,2018,postal,2753.0,1731.0,1.0,1.0,Liaoning
辽宁省,2018,city,32944.0,1363.0,1.0,1.0,Liaoning
辽宁省,2018,rural,8700.0,2559.0,2.0,1.0,Liaoning
辽宁省,2018,foreign,510.0,40.0,1.0,1.0,Liaoning
辽宁省,2019,policy,5663.0,83.0,1.0,1.0,Liaoning
辽宁省,2019,large,22829.0,3109.0,1.0,1.0,Liaoning
辽宁省,2019,joint_stock,8769.0,677.0,1.0,1.0,Liaoning
辽宁省,2019,postal,2908.0,1731.0,1.0,1.0,Liaoning
辽宁省,2019,city,33957.0,1389.0,1.0,1.0,Liaoning
辽宁省,2019,rural,9539.0,2909.0,2.0,1.0,Liaoning
辽宁省,2019,foreign,499.0,46.0,1.0,1.0,Liaoning
辽宁省,2020,policy,5850.8,83.0,1.0,1.0,Liaoning
辽宁省,2020,large,25081.7,3108.0,1.0,1.0,Liaoning
辽宁省,2020,joint_stock,9788.4,684.0,1.0,1.0,Liaoning
辽宁省,2020,postal,3151.6,1739.0,1.0,1.0,Liaoning
辽宁省,2020,city,34984.3,1380.0,2.0,1.0,Liaoning
辽宁省,2020,rural,10269.1,2303.0,2.0,1.0,Liaoning
辽宁省,2020,foreign,459.3,40.0,1.0,1.0,Liaoning
辽宁省,2021,policy,6112.0,83.0,1.0,1.0,Liaoning
辽宁省,2021,large,27122.0,2991.0,1.0,1.0,Liaoning
辽宁省,2021,joint_stock,10160.0,660.0,1.0,1.0,Liaoning
辽宁省,2021,postal,3227.0,1732.0,1.0,1.0,Liaoning
辽宁省,2021,city,35698.0,1347.0,1.0,1.0,Liaoning
辽宁省,2021,rural,10891.0,2223.0,2.0,1.0,Liaoning
辽宁省,2021,foreign,476.0,39.0,1.0,1.0,Liaoning
辽宁省,2022,policy,6185.3,83.0,1.0,1.0,Liaoning
辽宁省,2022,large,33696.4,3127.0,1.0,1.0,Liaoning
辽宁省,2022,joint_stock,10515.1,639.0,1.0,1.0,Liaoning
辽宁省,2022,postal,3227.3,1725.0,1.0,1.0,Liaoning
辽宁省,2022,city,36774.1,1338.0,2.0,1.0,Liaoning
辽宁省,2022,rural,9656.0,2097.0,2.0,1.0,Liaoning
辽宁省,2022,foreign,478.0,38.0,1.0,1.0,Liaoning
重庆市,2005,policy,403.1,,1.0,1.0,Chongqing
重庆市,2005,large,2410.5,,1.0,1.0,Chongqing
重庆市,2005,joint_stock,1281.3,,1.0,1.0,Chongqing
重庆市,2005,postal,0.0,,1.0,1.0,Chongqing
重庆市,2005,city,333.2,,1.0,1.0,Chongqing
重庆市,2005,rural,758.3,,1.0,1.0,Chongqing
重庆市,2005,foreign,12.8,,1.0,1.0,Chongqing
重庆市,2006,policy,498.5,,1.0,1.0,Chongqing
重庆市,2006,large,2762.2,,1.0,1.0,Chongqing
重庆市,2006,joint_stock,1458.5,,1.0,1.0,Chongqing
重庆市,2006,postal,0.0,,1.0,1.0,Chongqing
重庆市,2006,city,360.2,,2.0,1.0,Chongqing
重庆市,2006,rural,957.5,,1.0,1.0,Chongqing
重庆市,2006,foreign,22.0,,1.0,1.0,Chongqing
重庆市,2007,policy,685.1,39.0,1.0,1.0,Chongqing
重庆市,2007,large,3199.2,1174.0,1.0,1.0,Chongqing
重庆市,2007,joint_stock,1815.9,171.0,1.0,1.0,Chongqing
重庆市,2007,postal,0.0,888.0,1.0,1.0,Chongqing
重庆市,2007,city,499.1,98.0,2.0,1.0,Chongqing
重庆市,2007,rural,1208.5,1584.0,1.0,1.0,Chongqing
重庆市,2007,foreign,64.5,9.0,1.0,1.0,Chongqing
重庆市,2008,policy,917.0,39.0,1.0,1.0,Chongqing
重庆市,2008,large,4320.0,1243.0,1.0,1.0,Chongqing
重庆市,2008,joint_stock,1804.0,120.0,1.0,1.0,Chongqing
重庆市,2008,postal,558.0,880.0,1.0,1.0,Chongqing
重庆市,2008,city,700.0,105.0,2.0,1.0,Chongqing
重庆市,2008,rural,1675.0,1813.0,2.0,1.0,Chongqing
重庆市,2008,foreign,81.0,12.0,1.0,1.0,Chongqing
重庆市,2009,policy,1362.0,39.0,1.0,1.0,Chongqing
重庆市,2009,large,6104.0,1171.0,1.0,1.0,Chongqing
重庆市,2009,joint_stock,2888.0,205.0,1.0,1.0,Chongqing
重庆市,2009,postal,724.0,880.0,1.0,1.0,Chongqing
重庆市,2009,city,1047.0,110.0,2.0,1.0,Chongqing
重庆市,2009,rural,2011.0,1773.0,2.0,1.0,Chongqing
重庆市,2009,foreign,76.0,16.0,1.0,1.0,Chongqing
重庆市,2010,policy,1758.0,39.0,1.0,1.0,Chongqing
重庆市,2010,large,6893.0,1239.0,1.0,1.0,Chongqing
重庆市,2010,joint_stock,3855.0,147.0,1.0,1.0,Chongqing
重庆市,2010,postal,892.0,880.0,1.0,1.0,Chongqing
重庆市,2010,city,1713.0,125.0,2.0,1.0,Chongqing
重庆市,2010,rural,2863.0,1757.0,2.0,1.0,Chongqing
重庆市,2010,foreign,106.0,20.0,1.0,1.0,Chongqing
重庆市,2011,policy,2241.0,39.0,1.0,1.0,Chongqing
重庆市,2011,large,8241.0,1266.0,1.0,1.0,Chongqing
重庆市,2011,joint_stock,4885.0,209.0,1.0,1.0,Chongqing
重庆市,2011,postal,1155.0,1680.0,1.0,1.0,Chongqing
重庆市,2011,city,2499.0,101.0,1.0,1.0,Chongqing
重庆市,2011,rural,3511.0,1788.0,2.0,1.0,Chongqing
重庆市,2011,foreign,127.0,24.0,1.0,1.0,Chongqing
重庆市,2012,policy,2453.8,39.0,1.0,1.0,Chongqing
重庆市,2012,large,9451.7,1306.0,1.0,1.0,Chongqing
重庆市,2012,joint_stock,6703.6,167.0,1.0,1.0,Chongqing
重庆市,2012,postal,1454.4,1705.0,1.0,1.0,Chongqing
重庆市,2012,city,2848.4,122.0,1.0,1.0,Chongqing
重庆市,2012,rural,4447.4,1804.0,2.0,1.0,Chongqing
重庆市,2012,foreign,169.8,28.0,1.0,1.0,Chongqing
重庆市,2013,policy,2771.1,39.0,1.0,1.0,Chongqing
重庆市,2013,large,10446.0,1331.0,1.0,1.0,Chongqing
重庆市,2013,joint_stock,7682.3,192.0,1.0,1.0,Chongqing
重庆市,2013,postal,1732.0,1726.0,1.0,1.0,Chongqing
重庆市,2013,city,2363.4,188.0,1.0,1.0,Chongqing
重庆市,2013,rural,5305.2,1822.0,2.0,1.0,Chongqing
重庆市,2013,foreign,202.3,28.0,1.0,1.0,Chongqing
重庆市,2014,policy,3204.6,39.0,1.0,1.0,Chongqing
重庆市,2014,large,10906.0,1343.0,1.0,1.0,Chongqing
重庆市,2014,joint_stock,7087.0,218.0,1.0,1.0,Chongqing
重庆市,2014,postal,1954.0,1730.0,1.0,1.0,Chongqing
重庆市,2014,city,4522.7,228.0,1.0,1.0,Chongqing
重庆市,2014,rural,6380.5,1843.0,2.0,1.0,Chongqing
重庆市,2014,foreign,216.5,29.0,1.0,1.0,Chongqing
重庆市,2015,policy,3707.0,39.0,1.0,1.0,Chongqing
重庆市,2015,large,11611.0,1361.0,1.0,1.0,Chongqing
重庆市,2015,joint_stock,7918.0,269.0,1.0,1.0,Chongqing
重庆市,2015,postal,2150.0,772.0,1.0,1.0,Chongqing
重庆市,2015,city,5277.0,236.0,2.0,1.0,Chongqing
重庆市,2015,rural,7292.0,1826.0,2.0,1.0,Chongqing
重庆市,2015,foreign,245.0,31.0,1.0,1.0,Chongqing
重庆市,2016,policy,4390.0,39.0,1.0,1.0,Chongqing
重庆市,2016,large,12642.0,1366.0,1.0,1.0,Chongqing
重庆市,2016,joint_stock,7513.0,280.0,1.0,1.0,Chongqing
重庆市,2016,postal,2430.0,244.0,1.0,1.0,Chongqing
重庆市,2016,city,6363.0,266.0,2.0,1.0,Chongqing
重庆市,2016,rural,8155.0,1881.0,2.0,1.0,Chongqing
重庆市,2016,foreign,226.0,28.0,1.0,1.0,Chongqing
重庆市,2017,policy,5346.0,39.0,1.0,1.0,Chongqing
重庆市,2017,large,13475.0,1362.0,1.0,1.0,Chongqing
重庆市,2017,joint_stock,7164.0,288.0,1.0,1.0,Chongqing
重庆市,2017,postal,2699.0,234.0,1.0,1.0,Chongqing
重庆市,2017,city,6669.0,271.0,2.0,1.0,Chongqing
重庆市,2017,rural,9149.0,1891.0,2.0,1.0,Chongqing
重庆市,2017,foreign,203.0,27.0,1.0,1.0,Chongqing
重庆市,2018,policy,5170.0,39.0,1.0,1.0,Chongqing
重庆市,2018,large,14624.0,1351.0,1.0,1.0,Chongqing
重庆市,2018,joint_stock,6872.0,293.0,1.0,1.0,Chongqing
重庆市,2018,postal,2982.0,228.0,1.0,1.0,Chongqing
重庆市,2018,city,7005.0,282.0,2.0,1.0,Chongqing
重庆市,2018,rural,11647.0,2174.0,2.0,1.0,Chongqing
重庆市,2018,foreign,222.0,24.0,1.0,1.0,Chongqing
重庆市,2019,policy,5394.0,39.0,1.0,1.0,Chongqing
重庆市,2019,large,16090.0,1329.0,1.0,1.0,Chongqing
重庆市,2019,joint_stock,7723.0,296.0,1.0,1.0,Chongqing
重庆市,2019,postal,3224.0,227.0,1.0,1.0,Chongqing
重庆市,2019,city,7529.0,280.0,2.0,1.0,Chongqing
重庆市,2019,rural,10308.0,1894.0,2.0,1.0,Chongqing
重庆市,2019,foreign,277.0,23.0,1.0,1.0,Chongqing
重庆市,2020,policy,5993.0,39.0,1.0,1.0,Chongqing
重庆市,2020,large,17462.0,1327.0,1.0,1.0,Chongqing
重庆市,2020,joint_stock,8405.0,294.0,1.0,1.0,Chongqing
重庆市,2020,postal,3596.0,227.0,1.0,1.0,Chongqing
重庆市,2020,city,8429.0,287.0,2.0,1.0,Chongqing
重庆市,2020,rural,11381.0,1887.0,2.0,1.0,Chongqing
重庆市,2020,foreign,284.0,23.0,1.0,1.0,Chongqing
重庆市,2021,policy,6355.0,39.0,1.0,1.0,Chongqing
重庆市,2021,large,18973.0,1319.0,1.0,1.0,Chongqing
重庆市,2021,joint_stock,9385.0,306.0,1.0,1.0,Chongqing
重庆市,2021,postal,4024.0,224.0,1.0,1.0,Chongqing
重庆市,2021,city,9216.0,301.0,1.0,1.0,Chongqing
重庆市,2021,rural,15433.0,2143.0,2.0,1.0,Chongqing
重庆市,2021,foreign,328.0,23.0,1.0,1.0,Chongqing
重庆市,2022,policy,6500.0,39.0,1.0,1.0,Chongqing
重庆市,2022,large,20329.0,1318.0,1.0,1.0,Chongqing
重庆市,2022,joint_stock,9475.0,315.0,1.0,1.0,Chongqing
重庆市,2022,postal,4513.0,223.0,1.0,1.0,Chongqing
重庆市,2022,city,10558.0,311.0,2.0,1.0,Chongqing
重庆市,2022,rural,13320.0,1883.0,2.0,1.0,Chongqing
重庆市,2022,foreign,304.0,23.0,1.0,1.0,Chongqing
陕西省,2005,policy,970.0,,1.0,1.0,Shaanxi
陕西省,2005,large,610.0,,1.0,1.0,Shaanxi
陕西省,2005,joint_stock,360.0,,1.0,1.0,Shaanxi
陕西省,2005,postal,31.0,,1.0,1.0,Shaanxi
陕西省,2005,city,923.0,,2.0,1.0,Shaanxi
陕西省,2005,rural,182.0,,1.0,1.0,Shaanxi
陕西省,2005,foreign,0.0,0.0,,1.0,Shaanxi
陕西省,2006,policy,696.1,,1.0,1.0,Shaanxi
陕西省,2006,large,4644.1,,1.0,1.0,Shaanxi
陕西省,2006,joint_stock,1041.8,,1.0,1.0,Shaanxi
陕西省,2006,postal,253.86666666666667,,1.0,1.0,Shaanxi
陕西省,2006,city,488.59999999999997,,2.0,1.0,Shaanxi
陕西省,2006,rural,1051.2,,1.0,1.0,Shaanxi
陕西省,2006,foreign,55.3,,1.0,1.0,Shaanxi
陕西省,2007,policy,893.9,81.0,1.0,1.0,Shaanxi
陕西省,2007,large,5168.5,1803.0,1.0,1.0,Shaanxi
陕西省,2007,joint_stock,1486.7,129.0,1.0,1.0,Shaanxi
陕西省,2007,postal,476.73333333333335,1178.0,1.0,1.0,Shaanxi
陕西省,2007,city,543.7,180.0,2.0,1.0,Shaanxi
陕西省,2007,rural,1277.7,2934.0,1.0,1.0,Shaanxi
陕西省,2007,foreign,90.4,4.0,1.0,1.0,Shaanxi
陕西省,2008,policy,1246.3,81.0,1.0,1.0,Shaanxi
陕西省,2008,large,6580.4,1850.0,1.0,1.0,Shaanxi
陕西省,2008,joint_stock,1909.5,88.0,1.0,1.0,Shaanxi
陕西省,2008,postal,699.6,1203.0,1.0,1.0,Shaanxi
陕西省,2008,city,749.3000000000001,181.0,2.0,1.0,Shaanxi
陕西省,2008,rural,2109.3,2890.0,2.0,1.0,Shaanxi
陕西省,2008,foreign,92.0,6.0,1.0,1.0,Shaanxi
陕西省,2009,policy,1532.0,80.0,1.0,1.0,Shaanxi
陕西省,2009,large,8157.0,1847.0,1.0,1.0,Shaanxi
陕西省,2009,joint_stock,2692.0,97.0,1.0,1.0,Shaanxi
陕西省,2009,postal,863.0,1205.0,1.0,1.0,Shaanxi
陕西省,2009,city,987.0,187.0,2.0,1.0,Shaanxi
陕西省,2009,rural,2484.0,2815.0,2.0,1.0,Shaanxi
陕西省,2009,foreign,81.0,8.0,1.0,1.0,Shaanxi
陕西省,2010,policy,1949.0,81.0,1.0,1.0,Shaanxi
陕西省,2010,large,9284.0,1850.0,1.0,1.0,Shaanxi
陕西省,2010,joint_stock,3529.0,111.0,1.0,1.0,Shaanxi
陕西省,2010,postal,1073.0,1204.0,1.0,1.0,Shaanxi
陕西省,2010,city,1513.0,189.0,2.0,1.0,Shaanxi
陕西省,2010,rural,3014.0,2927.0,2.0,1.0,Shaanxi
陕西省,2010,foreign,92.0,9.0,1.0,1.0,Shaanxi
陕西省,2011,policy,2346.0,81.0,1.0,1.0,Shaanxi
陕西省,2011,large,10506.0,1851.0,1.0,1.0,Shaanxi
陕西省,2011,joint_stock,4375.0,123.0,1.0,1.0,Shaanxi
陕西省,2011,postal,1335.0,1230.0,1.0,1.0,Shaanxi
陕西省,2011,city,2267.0,198.0,1.0,1.0,Shaanxi
陕西省,2011,rural,3746.0,2946.0,2.0,1.0,Shaanxi
陕西省,2011,foreign,109.0,10.0,1.0,1.0,Shaanxi
陕西省,2012,policy,2622.7,81.0,1.0,1.0,Shaanxi
陕西省,2012,large,12273.2,1857.0,1.0,1.0,Shaanxi
陕西省,2012,joint_stock,5209.7,142.0,1.0,1.0,Shaanxi
陕西省,2012,postal,1641.0,1259.0,1.0,1.0,Shaanxi
陕西省,2012,city,3020.0,207.0,1.0,1.0,Shaanxi
陕西省,2012,rural,4710.4,2946.0,2.0,1.0,Shaanxi
陕西省,2012,foreign,109.5,11.0,1.0,1.0,Shaanxi
陕西省,2013,policy,2966.7,81.0,1.0,1.0,Shaanxi
陕西省,2013,large,13051.6,1896.0,1.0,1.0,Shaanxi
陕西省,2013,joint_stock,5814.0,164.0,1.0,1.0,Shaanxi
陕西省,2013,postal,1894.1,1271.0,1.0,1.0,Shaanxi
陕西省,2013,city,3585.7,241.0,1.0,1.0,Shaanxi
陕西省,2013,rural,5521.9,2957.0,2.0,1.0,Shaanxi
陕西省,2013,foreign,140.1,11.0,1.0,1.0,Shaanxi
陕西省,2014,policy,3480.6,81.0,1.0,1.0,Shaanxi
陕西省,2014,large,13598.0,1912.0,1.0,1.0,Shaanxi
陕西省,2014,joint_stock,6336.4,305.0,1.0,1.0,Shaanxi
陕西省,2014,postal,2121.0,1269.0,1.0,1.0,Shaanxi
陕西省,2014,city,4049.6,302.0,1.0,1.0,Shaanxi
陕西省,2014,rural,6246.2,2859.0,2.0,1.0,Shaanxi
陕西省,2014,foreign,153.9,12.0,1.0,1.0,Shaanxi
陕西省,2015,policy,4107.5,82.0,1.0,1.0,Shaanxi
陕西省,2015,large,14708.3,1917.0,1.0,1.0,Shaanxi
陕西省,2015,joint_stock,7212.0,392.0,1.0,1.0,Shaanxi
陕西省,2015,postal,2134.9,1272.0,1.0,1.0,Shaanxi
陕西省,2015,city,5275.5,435.0,2.0,1.0,Shaanxi
陕西省,2015,rural,6639.0,2977.0,2.0,1.0,Shaanxi
陕西省,2015,foreign,167.3,12.0,1.0,1.0,Shaanxi
陕西省,2016,policy,4985.0,82.0,1.0,1.0,Shaanxi
陕西省,2016,large,15680.2,1912.0,1.0,1.0,Shaanxi
陕西省,2016,joint_stock,7307.9,423.0,1.0,1.0,Shaanxi
陕西省,2016,postal,2638.7,1254.0,1.0,1.0,Shaanxi
陕西省,2016,city,5350.9,488.0,1.0,1.0,Shaanxi
陕西省,2016,rural,8082.0,2859.0,2.0,1.0,Shaanxi
陕西省,2016,foreign,166.1,13.0,1.0,1.0,Shaanxi
陕西省,2017,policy,4957.6,82.0,1.0,1.0,Shaanxi
陕西省,2017,large,16873.2,1905.0,1.0,1.0,Shaanxi
陕西省,2017,joint_stock,7179.0,443.0,1.0,1.0,Shaanxi
陕西省,2017,postal,2818.0,1251.0,1.0,1.0,Shaanxi
陕西省,2017,city,5852.3,526.0,1.0,1.0,Shaanxi
陕西省,2017,rural,8412.3,2996.0,2.0,1.0,Shaanxi
陕西省,2017,foreign,161.3,12.0,1.0,1.0,Shaanxi
陕西省,2018,policy,5580.0,82.0,1.0,1.0,Shaanxi
陕西省,2018,large,18279.0,1913.0,1.0,1.0,Shaanxi
陕西省,2018,joint_stock,7206.3,446.0,1.0,1.0,Shaanxi
陕西省,2018,postal,3171.8,1247.0,1.0,1.0,Shaanxi
陕西省,2018,city,6322.4,534.0,1.0,1.0,Shaanxi
陕西省,2018,rural,9116.5,3007.0,2.0,1.0,Shaanxi
陕西省,2018,foreign,191.4,13.0,1.0,1.0,Shaanxi
陕西省,2019,policy,5957.0,84.0,1.0,1.0,Shaanxi
陕西省,2019,large,19721.0,1900.0,1.0,1.0,Shaanxi
陕西省,2019,joint_stock,7720.0,448.0,1.0,1.0,Shaanxi
陕西省,2019,postal,3520.0,1245.0,1.0,1.0,Shaanxi
陕西省,2019,city,7165.0,538.0,1.0,1.0,Shaanxi
陕西省,2019,rural,9768.0,2864.0,2.0,1.0,Shaanxi
陕西省,2019,foreign,233.0,12.0,1.0,1.0,Shaanxi
陕西省,2020,policy,6768.0,70.0,1.0,1.0,Shaanxi
陕西省,2020,large,21549.0,1844.0,1.0,1.0,Shaanxi
陕西省,2020,joint_stock,8835.0,419.0,1.0,1.0,Shaanxi
陕西省,2020,postal,3932.0,1239.0,1.0,1.0,Shaanxi
陕西省,2020,city,7880.0,515.0,1.0,1.0,Shaanxi
陕西省,2020,rural,11406.0,2824.0,2.0,1.0,Shaanxi
陕西省,2020,foreign,190.0,5.0,1.0,1.0,Shaanxi
陕西省,2021,policy,7358.0,84.0,1.0,1.0,Shaanxi
陕西省,2021,large,24042.0,1892.0,1.0,1.0,Shaanxi
陕西省,2021,joint_stock,9186.0,471.0,1.0,1.0,Shaanxi
陕西省,2021,postal,4238.0,1257.0,1.0,1.0,Shaanxi
陕西省,2021,city,9164.0,540.0,1.0,1.0,Shaanxi
陕西省,2021,rural,12927.0,2898.0,2.0,1.0,Shaanxi
陕西省,2021,foreign,134.0,10.0,1.0,1.0,Shaanxi
陕西省,2022,policy,7971.0,83.0,1.0,1.0,Shaanxi
陕西省,2022,large,27054.0,1879.0,1.0,1.0,Shaanxi
陕西省,2022,joint_stock,10123.0,479.0,1.0,1.0,Shaanxi
陕西省,2022,postal,4764.0,1255.0,1.0,1.0,Shaanxi
陕西省,2022,city,10426.0,539.0,1.0,1.0,Shaanxi
陕西省,2022,rural,14504.0,2940.0,2.0,1.0,Shaanxi
陕西省,2022,foreign,157.0,9.0,1.0,1.0,Shaanxi
青海省,2005,policy,205.97,,1.0,1.0,Qinghai
青海省,2005,large,592.53,,1.0,1.0,Qinghai
青海省,2005,joint_stock,0.0,,1.0,1.0,Qinghai
青海省,2005,postal,49.0,,1.0,1.0,Qinghai
青海省,2005,city,39.63,,2.0,1.0,Qinghai
青海省,2005,rural,49.77,,1.0,1.0,Qinghai
青海省,2005,foreign,0.0,,1.0,1.0,Qinghai
青海省,2006,policy,245.0,,1.0,1.0,Qinghai
青海省,2006,large,676.0,,1.0,1.0,Qinghai
青海省,2006,joint_stock,0.0,0.0,,1.0,Qinghai
青海省,2006,postal,49.0,,1.0,1.0,Qinghai
青海省,2006,city,55.0,,1.0,1.0,Qinghai
青海省,2006,rural,60.0,,1.0,1.0,Qinghai
青海省,2006,foreign,0.0,0.0,,1.0,Qinghai
青海省,2007,policy,324.0,27.0,1.0,1.0,Qinghai
青海省,2007,large,845.0,394.0,1.0,1.0,Qinghai
青海省,2007,joint_stock,0.0,0.0,1.0,1.0,Qinghai
青海省,2007,postal,0.0,143.0,1.0,1.0,Qinghai
青海省,2007,city,83.0,47.0,2.0,1.0,Qinghai
青海省,2007,rural,96.0,365.0,1.0,1.0,Qinghai
青海省,2007,foreign,0.0,0.0,1.0,1.0,Qinghai
青海省,2008,policy,394.0,27.0,1.0,1.0,Qinghai
青海省,2008,large,1046.0,395.0,1.0,1.0,Qinghai
青海省,2008,joint_stock,0.0,0.0,1.0,1.0,Qinghai
青海省,2008,postal,56.0,143.0,1.0,1.0,Qinghai
青海省,2008,city,102.0,48.0,2.0,1.0,Qinghai
青海省,2008,rural,114.0,346.0,2.0,1.0,Qinghai
青海省,2008,foreign,0.0,0.0,1.0,1.0,Qinghai
青海省,2009,policy,533.0,25.0,1.0,1.0,Qinghai
青海省,2009,large,1330.0,388.0,1.0,1.0,Qinghai
青海省,2009,joint_stock,0.0,0.0,,1.0,Qinghai
青海省,2009,postal,76.0,152.0,1.0,1.0,Qinghai
青海省,2009,city,138.0,46.0,1.0,1.0,Qinghai
青海省,2009,rural,205.0,316.0,2.0,1.0,Qinghai
青海省,2009,foreign,0.0,0.0,,1.0,Qinghai
青海省,2010,policy,689.0,19.0,1.0,1.0,Qinghai
青海省,2010,large,1922.0,398.0,1.0,1.0,Qinghai
青海省,2010,joint_stock,0.0,0.0,1.0,1.0,Qinghai
青海省,2010,postal,104.0,155.0,1.0,1.0,Qinghai
青海省,2010,city,226.0,51.0,2.0,1.0,Qinghai
青海省,2010,rural,382.0,340.0,2.0,1.0,Qinghai
青海省,2010,foreign,0.0,0.0,1.0,1.0,Qinghai
青海省,2011,policy,875.0,27.0,1.0,1.0,Qinghai
青海省,2011,large,2034.0,405.0,1.0,1.0,Qinghai
青海省,2011,joint_stock,0.0,0.0,1.0,1.0,Qinghai
青海省,2011,postal,120.0,167.0,1.0,1.0,Qinghai
青海省,2011,city,260.0,51.0,2.0,1.0,Qinghai
青海省,2011,rural,420.0,360.0,2.0,1.0,Qinghai
青海省,2011,foreign,0.0,0.0,1.0,1.0,Qinghai
青海省,2012,policy,1136.0,27.0,1.0,1.0,Qinghai
青海省,2012,large,2399.0,411.0,1.0,1.0,Qinghai
青海省,2012,joint_stock,165.0,2.0,1.0,1.0,Qinghai
青海省,2012,postal,166.0,170.0,1.0,1.0,Qinghai
青海省,2012,city,365.0,52.0,2.0,1.0,Qinghai
青海省,2012,rural,543.0,366.0,2.0,1.0,Qinghai
青海省,2012,foreign,0.0,0.0,1.0,1.0,Qinghai
青海省,2013,policy,1351.0,27.0,1.0,1.0,Qinghai
青海省,2013,large,2753.0,425.0,1.0,1.0,Qinghai
青海省,2013,joint_stock,222.0,4.0,1.0,1.0,Qinghai
青海省,2013,postal,201.0,177.0,1.0,1.0,Qinghai
青海省,2013,city,492.0,54.0,2.0,1.0,Qinghai
青海省,2013,rural,662.0,374.0,2.0,1.0,Qinghai
青海省,2013,foreign,0.0,0.0,1.0,1.0,Qinghai
青海省,2014,policy,1653.0,27.0,1.0,1.0,Qinghai
青海省,2014,large,2815.0,430.0,1.0,1.0,Qinghai
青海省,2014,joint_stock,419.0,17.0,1.0,1.0,Qinghai
青海省,2014,postal,215.0,180.0,1.0,1.0,Qinghai
青海省,2014,city,533.0,74.0,2.0,1.0,Qinghai
青海省,2014,rural,740.0,380.0,2.0,1.0,Qinghai
青海省,2014,foreign,0.0,0.0,1.0,1.0,Qinghai
青海省,2015,policy,2096.0,27.0,1.0,1.0,Qinghai
青海省,2015,large,2936.0,432.0,1.0,1.0,Qinghai
青海省,2015,joint_stock,551.0,28.0,1.0,1.0,Qinghai
青海省,2015,postal,272.0,181.0,1.0,1.0,Qinghai
青海省,2015,city,704.0,78.0,2.0,1.0,Qinghai
青海省,2015,rural,965.0,348.0,2.0,1.0,Qinghai
青海省,2015,foreign,0.0,0.0,1.0,1.0,Qinghai
青海省,2016,policy,2178.0,27.0,1.0,1.0,Qinghai
青海省,2016,large,3030.0,426.0,1.0,1.0,Qinghai
青海省,2016,joint_stock,589.0,26.0,1.0,1.0,Qinghai
青海省,2016,postal,300.0,181.0,1.0,1.0,Qinghai
青海省,2016,city,1083.0,81.0,1.0,1.0,Qinghai
青海省,2016,rural,1106.0,472.0,2.0,1.0,Qinghai
青海省,2016,foreign,0.0,0.0,,1.0,Qinghai
青海省,2017,policy,2368.0,27.0,1.0,1.0,Qinghai
青海省,2017,large,3176.0,430.0,1.0,1.0,Qinghai
青海省,2017,joint_stock,676.0,39.0,1.0,1.0,Qinghai
青海省,2017,postal,318.0,178.0,1.0,1.0,Qinghai
青海省,2017,city,1102.0,82.0,1.0,1.0,Qinghai
青海省,2017,rural,1124.0,359.0,2.0,1.0,Qinghai
青海省,2017,foreign,0.0,0.0,1.0,1.0,Qinghai
青海省,2018,policy,2175.0,27.0,1.0,1.0,Qinghai
青海省,2018,large,3246.0,431.0,1.0,1.0,Qinghai
青海省,2018,joint_stock,633.0,38.0,1.0,1.0,Qinghai
青海省,2018,postal,331.0,178.0,1.0,1.0,Qinghai
青海省,2018,city,1043.0,83.0,2.0,1.0,Qinghai
青海省,2018,rural,1142.0,384.0,2.0,1.0,Qinghai
青海省,2018,foreign,0.0,0.0,1.0,1.0,Qinghai
青海省,2019,policy,1951.0,27.0,1.0,1.0,Qinghai
青海省,2019,large,3018.0,423.0,1.0,1.0,Qinghai
青海省,2019,joint_stock,622.0,36.0,1.0,1.0,Qinghai
青海省,2019,postal,295.0,180.0,1.0,1.0,Qinghai
青海省,2019,city,1033.0,84.0,2.0,1.0,Qinghai
青海省,2019,rural,1137.0,379.0,2.0,1.0,Qinghai
青海省,2019,foreign,0.0,0.0,1.0,1.0,Qinghai
青海省,2020,policy,1994.0,10.0,1.0,1.0,Qinghai
青海省,2020,large,3376.0,380.0,1.0,1.0,Qinghai
青海省,2020,joint_stock,693.0,31.0,1.0,1.0,Qinghai
青海省,2020,postal,347.0,182.0,1.0,1.0,Qinghai
青海省,2020,city,1048.0,77.0,2.0,1.0,Qinghai
青海省,2020,rural,1211.0,339.0,2.0,1.0,Qinghai
青海省,2020,foreign,0.0,0.0,1.0,1.0,Qinghai
青海省,2021,policy,2076.0,27.0,1.0,1.0,Qinghai
青海省,2021,large,3912.0,405.0,1.0,1.0,Qinghai
青海省,2021,joint_stock,685.0,41.0,1.0,1.0,Qinghai
青海省,2021,postal,403.0,184.0,1.0,1.0,Qinghai
青海省,2021,city,1058.0,84.0,2.0,1.0,Qinghai
青海省,2021,rural,1223.0,373.0,2.0,1.0,Qinghai
青海省,2021,foreign,0.0,0.0,1.0,1.0,Qinghai
青海省,2022,policy,1795.0,27.0,1.0,1.0,Qinghai
青海省,2022,large,4164.0,400.0,1.0,1.0,Qinghai
青海省,2022,joint_stock,749.0,41.0,1.0,1.0,Qinghai
青海省,2022,postal,418.0,183.0,1.0,1.0,Qinghai
青海省,2022,city,1062.0,85.0,2.0,1.0,Qinghai
青海省,2022,rural,1306.0,371.0,2.0,1.0,Qinghai
青海省,2022,foreign,0.0,0.0,1.0,1.0,Qinghai
黑龙江省,2005,policy,1080.0,,1.0,1.0,Heilongjiang
黑龙江省,2005,large,3992.0,,1.0,1.0,Heilongjiang
黑龙江省,2005,joint_stock,640.7,,1.0,1.0,Heilongjiang
黑龙江省,2005,postal,626.0,,1.0,1.0,Heilongjiang
黑龙江省,2005,city,522.8,,2.0,1.0,Heilongjiang
黑龙江省,2005,rural,496.7,,1.0,1.0,Heilongjiang
黑龙江省,2005,foreign,0.0,,1.0,1.0,Heilongjiang
黑龙江省,2006,policy,1158.1,,1.0,1.0,Heilongjiang
黑龙江省,2006,large,4252.4,,1.0,1.0,Heilongjiang
黑龙江省,2006,joint_stock,777.4,,1.0,1.0,Heilongjiang
黑龙江省,2006,postal,709.1,,1.0,1.0,Heilongjiang
黑龙江省,2006,city,678.4,,2.0,1.0,Heilongjiang
黑龙江省,2006,rural,625.7,,1.0,1.0,Heilongjiang
黑龙江省,2006,foreign,0.0,,1.0,1.0,Heilongjiang
黑龙江省,2007,policy,1252.7,89.0,1.0,1.0,Heilongjiang
黑龙江省,2007,large,4762.8,2035.0,1.0,1.0,Heilongjiang
黑龙江省,2007,joint_stock,929.3,46.0,1.0,1.0,Heilongjiang
黑龙江省,2007,postal,746.6,1539.0,1.0,1.0,Heilongjiang
黑龙江省,2007,city,755.3,210.0,2.0,1.0,Heilongjiang
黑龙江省,2007,rural,751.6,1985.0,1.0,1.0,Heilongjiang
黑龙江省,2007,foreign,0.0,0.0,,1.0,Heilongjiang
黑龙江省,2008,policy,1518.0,89.0,1.0,1.0,Heilongjiang
黑龙江省,2008,large,6003.0,1626.0,1.0,1.0,Heilongjiang
黑龙江省,2008,joint_stock,643.0,48.0,1.0,1.0,Heilongjiang
黑龙江省,2008,postal,991.0,1572.0,1.0,1.0,Heilongjiang
黑龙江省,2008,city,965.0,215.0,2.0,1.0,Heilongjiang
黑龙江省,2008,rural,1134.0,2006.0,2.0,1.0,Heilongjiang
黑龙江省,2008,foreign,2.0,1.0,1.0,1.0,Heilongjiang
黑龙江省,2009,policy,1857.0,91.0,1.0,1.0,Heilongjiang
黑龙江省,2009,large,7111.0,2032.0,1.0,1.0,Heilongjiang
黑龙江省,2009,joint_stock,1091.0,54.0,1.0,1.0,Heilongjiang
黑龙江省,2009,postal,1296.0,1570.0,1.0,1.0,Heilongjiang
黑龙江省,2009,city,1242.0,228.0,2.0,1.0,Heilongjiang
黑龙江省,2009,rural,1336.0,2003.0,2.0,1.0,Heilongjiang
黑龙江省,2009,foreign,16.0,2.0,1.0,1.0,Heilongjiang
黑龙江省,2010,policy,2238.0,90.0,1.0,1.0,Heilongjiang
黑龙江省,2010,large,7753.0,2031.0,1.0,1.0,Heilongjiang
黑龙江省,2010,joint_stock,1229.0,67.0,1.0,1.0,Heilongjiang
黑龙江省,2010,postal,1419.0,1579.0,1.0,1.0,Heilongjiang
黑龙江省,2010,city,2154.0,290.0,2.0,1.0,Heilongjiang
黑龙江省,2010,rural,1500.0,1958.0,2.0,1.0,Heilongjiang
黑龙江省,2010,foreign,14.0,4.0,1.0,1.0,Heilongjiang
黑龙江省,2011,policy,2663.0,90.0,1.0,1.0,Heilongjiang
黑龙江省,2011,large,8400.0,2045.0,1.0,1.0,Heilongjiang
黑龙江省,2011,joint_stock,1355.0,76.0,1.0,1.0,Heilongjiang
黑龙江省,2011,postal,1630.0,1624.0,1.0,1.0,Heilongjiang
黑龙江省,2011,city,3057.0,329.0,2.0,1.0,Heilongjiang
黑龙江省,2011,rural,2007.0,1981.0,2.0,1.0,Heilongjiang
黑龙江省,2011,foreign,16.0,5.0,1.0,1.0,Heilongjiang
黑龙江省,2012,policy,3185.1,90.0,1.0,1.0,Heilongjiang
黑龙江省,2012,large,9365.3,2162.0,1.0,1.0,Heilongjiang
黑龙江省,2012,joint_stock,1742.2,91.0,1.0,1.0,Heilongjiang
黑龙江省,2012,postal,1854.4,1672.0,1.0,1.0,Heilongjiang
黑龙江省,2012,city,4729.0,456.0,2.0,1.0,Heilongjiang
黑龙江省,2012,rural,2471.6,2003.0,2.0,1.0,Heilongjiang
黑龙江省,2012,foreign,36.6,6.0,1.0,1.0,Heilongjiang
黑龙江省,2013,policy,3943.4,90.0,1.0,1.0,Heilongjiang
黑龙江省,2013,large,9487.5,2056.0,1.0,1.0,Heilongjiang
黑龙江省,2013,joint_stock,2147.1,106.0,1.0,1.0,Heilongjiang
黑龙江省,2013,postal,1923.2,1686.0,1.0,1.0,Heilongjiang
黑龙江省,2013,city,5105.5,507.0,2.0,1.0,Heilongjiang
黑龙江省,2013,rural,2798.6,2014.0,2.0,1.0,Heilongjiang
黑龙江省,2013,foreign,30.4,7.0,1.0,1.0,Heilongjiang
黑龙江省,2014,policy,4997.8,90.0,1.0,1.0,Heilongjiang
黑龙江省,2014,large,9547.2,2065.0,1.0,1.0,Heilongjiang
黑龙江省,2014,joint_stock,2610.0,147.0,1.0,1.0,Heilongjiang
黑龙江省,2014,postal,1975.1,1688.0,1.0,1.0,Heilongjiang
黑龙江省,2014,city,4962.9,532.0,2.0,1.0,Heilongjiang
黑龙江省,2014,rural,3463.7,2036.0,2.0,1.0,Heilongjiang
黑龙江省,2014,foreign,37.8,7.0,1.0,1.0,Heilongjiang
黑龙江省,2015,policy,6714.6,90.0,1.0,1.0,Heilongjiang
黑龙江省,2015,large,10026.3,2068.0,1.0,1.0,Heilongjiang
黑龙江省,2015,joint_stock,3149.1,167.0,1.0,1.0,Heilongjiang
黑龙江省,2015,postal,2079.1,1694.0,1.0,1.0,Heilongjiang
黑龙江省,2015,city,6675.5,553.0,2.0,1.0,Heilongjiang
黑龙江省,2015,rural,4184.4,2049.0,2.0,1.0,Heilongjiang
黑龙江省,2015,foreign,41.4,7.0,1.0,1.0,Heilongjiang
黑龙江省,2016,policy,7533.5,90.0,1.0,1.0,Heilongjiang
黑龙江省,2016,large,10523.2,2061.0,1.0,1.0,Heilongjiang
黑龙江省,2016,joint_stock,2546.8,190.0,1.0,1.0,Heilongjiang
黑龙江省,2016,postal,2172.0,1689.0,1.0,1.0,Heilongjiang
黑龙江省,2016,city,7871.6,568.0,2.0,1.0,Heilongjiang
黑龙江省,2016,rural,4530.6,2047.0,2.0,1.0,Heilongjiang
黑龙江省,2016,foreign,35.5,7.0,1.0,1.0,Heilongjiang
黑龙江省,2017,policy,7967.7,90.0,1.0,1.0,Heilongjiang
黑龙江省,2017,large,10834.0,2041.0,1.0,1.0,Heilongjiang
黑龙江省,2017,joint_stock,2498.5,201.0,1.0,1.0,Heilongjiang
黑龙江省,2017,postal,2354.6,1668.0,1.0,1.0,Heilongjiang
黑龙江省,2017,city,8227.3,567.0,2.0,1.0,Heilongjiang
黑龙江省,2017,rural,5250.400000000001,2047.0,2.0,1.0,Heilongjiang
黑龙江省,2017,foreign,31.0,7.0,1.0,1.0,Heilongjiang
黑龙江省,2018,policy,7707.0,90.0,1.0,1.0,Heilongjiang
黑龙江省,2018,large,11734.0,1999.0,1.0,1.0,Heilongjiang
黑龙江省,2018,joint_stock,2379.0,207.0,1.0,1.0,Heilongjiang
黑龙江省,2018,postal,2477.0,1636.0,1.0,1.0,Heilongjiang
黑龙江省,2018,city,8862.0,575.0,2.0,1.0,Heilongjiang
黑龙江省,2018,rural,4866.0,2037.0,2.0,1.0,Heilongjiang
黑龙江省,2018,foreign,42.0,7.0,1.0,1.0,Heilongjiang
黑龙江省,2019,policy,7242.2,90.0,1.0,1.0,Heilongjiang
黑龙江省,2019,large,12865.4,1964.0,1.0,1.0,Heilongjiang
黑龙江省,2019,joint_stock,2627.4,209.0,1.0,1.0,Heilongjiang
黑龙江省,2019,postal,2726.1,1620.0,1.0,1.0,Heilongjiang
黑龙江省,2019,city,8576.3,575.0,2.0,1.0,Heilongjiang
黑龙江省,2019,rural,5411.0,2035.0,2.0,1.0,Heilongjiang
黑龙江省,2019,foreign,38.1,7.0,1.0,1.0,Heilongjiang
黑龙江省,2020,policy,6944.4,90.0,1.0,1.0,Heilongjiang
黑龙江省,2020,large,14653.3,1948.0,1.0,1.0,Heilongjiang
黑龙江省,2020,joint_stock,2732.8,210.0,1.0,1.0,Heilongjiang
黑龙江省,2020,postal,3165.9,1610.0,1.0,1.0,Heilongjiang
黑龙江省,2020,city,9081.3,578.0,2.0,1.0,Heilongjiang
黑龙江省,2020,rural,5967.1,2034.0,2.0,1.0,Heilongjiang
黑龙江省,2020,foreign,33.0,7.0,1.0,1.0,Heilongjiang
黑龙江省,2021,policy,7234.0,90.0,1.0,1.0,Heilongjiang
黑龙江省,2021,large,15796.0,1874.0,1.0,1.0,Heilongjiang
黑龙江省,2021,joint_stock,3024.0,218.0,1.0,1.0,Heilongjiang
黑龙江省,2021,postal,3486.0,1589.0,1.0,1.0,Heilongjiang
黑龙江省,2021,city,9807.0,580.0,2.0,1.0,Heilongjiang
黑龙江省,2021,rural,6679.0,1957.0,2.0,1.0,Heilongjiang
黑龙江省,2021,foreign,55.0,7.0,1.0,1.0,Heilongjiang
黑龙江省,2022,policy,7413.0,90.0,1.0,1.0,Heilongjiang
黑龙江省,2022,large,17978.0,1848.0,1.0,1.0,Heilongjiang
黑龙江省,2022,joint_stock,3467.0,214.0,1.0,1.0,Heilongjiang
黑龙江省,2022,postal,3929.0,1556.0,1.0,1.0,Heilongjiang
黑龙江省,2022,city,10707.0,580.0,2.0,1.0,Heilongjiang
黑龙江省,2022,rural,6924.0,1912.0,2.0,1.0,Heilongjiang
黑龙江省,2022,foreign,58.0,7.0,1.0,1.0,Heilongjiang
