province,year,bank_category,shock_assets_growth_loo,shock_assets_cum2011_loo,shock_outlets_growth_loo,shock_outlets_cum2011_loo
Anhui,2005,city,,-1.6063056431457792,,
Anhui,2005,foreign,,-1.2356296199139098,,
Anhui,2005,joint_stock,,-1.309082137778116,,
Anhui,2005,large,,-1.03951936658037,,
Anhui,2005,policy,,-1.128314335613256,,
Anhui,2005,postal,,-1.1759900050639995,,
Anhui,2005,rural,,-1.2947108103539176,,
Anhui,2006,city,0.2517192780628772,-1.354586365082902,,
Anhui,2006,foreign,0.4030965972726914,-0.8325330226412184,,
Anhui,2006,joint_stock,0.28317963967668724,-1.0259024981014289,,
Anhui,2006,large,0.20115826373301182,-0.8383611028473581,,
Anhui,2006,policy,0.09907571926722802,-1.0292386163460279,,
Anhui,2006,postal,0.2213505341819495,-0.95463947088205,,
Anhui,2006,rural,0.2686748244657231,-1.0260359858881944,,
Anhui,2007,city,0.21080826145709075,-1.1437781036258112,,-0.12703316820387478
Anhui,2007,foreign,0.3462472226583806,-0.48628579998283783,,-0.31005091873486545
Anhui,2007,joint_stock,0.32912836715639315,-0.6967741309450357,,-0.11077484351255862
Anhui,2007,large,0.1598223273903443,-0.6785387754570138,,-0.008714000092687968
Anhui,2007,policy,0.1284221997468329,-0.900816416599195,,0.010084119066625874
Anhui,2007,postal,0.07331287520939966,-0.8813265956726504,,-0.06436563562588482
Anhui,2007,rural,0.13078543200025372,-0.8952505538879407,,0.011256923385072781
Anhui,2008,city,0.20851816746879415,-0.9352599361570171,-0.0576823045563053,-0.18471547276018008
Anhui,2008,foreign,0.11441706163761722,-0.3718687383452206,0.15035476145888982,-0.15969615727597564
Anhui,2008,joint_stock,0.023866632015288047,-0.6729074989297477,-0.15292405332381342,-0.26369889683637204
Anhui,2008,large,0.18738252303220548,-0.4911562524248083,0.0004772721337165109,-0.008236727958971457
Anhui,2008,policy,0.29009426783126635,-0.6107221487679286,-0.010647340709224906,-0.0005632216425990322
Anhui,2008,postal,0.29348109218534546,-0.5878455034873049,-0.1573493830477588,-0.22171501867364363
Anhui,2008,rural,0.24584642136170842,-0.6494041325262323,-0.022798658143074135,-0.011541734758001354
Anhui,2009,city,0.305305273683091,-0.6299546624739261,0.037631507510743845,-0.14708396524943623
Anhui,2009,foreign,0.05483550659498171,-0.3170332317502389,-0.052353552482986565,-0.2120497097589622
Anhui,2009,joint_stock,0.2519052922332463,-0.42100220669650135,0.19451985353419943,-0.06917904330217262
Anhui,2009,large,0.2511437752558585,-0.2400124771689498,-0.017614689451622922,-0.02585141741059438
Anhui,2009,policy,0.24864516678072768,-0.36207698198720095,0.003374581380144903,0.002811359737545871
Anhui,2009,postal,0.22398943488151168,-0.3638560686057932,0.05016546958425039,-0.17154954908939324
Anhui,2009,rural,0.22363775176957645,-0.42576638075665585,0.011510761580769469,-3.097317723188553e-05
Anhui,2010,city,0.3693900726573496,-0.2605645898165765,0.05532832956764544,-0.09175563568179079
Anhui,2010,foreign,0.1353537161605498,-0.1816795155896891,0.09183236345677415,-0.12021734630218806
Anhui,2010,joint_stock,0.13516386077426112,-0.2858383459222402,-0.07840121025964386,-0.14758025356181648
Anhui,2010,large,0.1584219921956418,-0.08159048497330801,0.02249803674983042,-0.0033533806607639605
Anhui,2010,policy,0.18038031967190626,-0.1816966623152947,-0.023289891081086367,-0.020478531343540496
Anhui,2010,postal,0.17225597803410508,-0.19160009057168814,0.12121458704690191,-0.05033496204249133
Anhui,2010,rural,0.2089556075567316,-0.21681077319992426,-0.011463764314434854,-0.01149473749166674
Anhui,2011,city,0.2605645898165765,0.0,0.09175563568179079,0.0
Anhui,2011,foreign,0.1816795155896891,0.0,0.12021734630218806,0.0
Anhui,2011,joint_stock,0.2858383459222402,0.0,0.14758025356181648,0.0
Anhui,2011,large,0.08159048497330801,0.0,0.0033533806607639605,0.0
Anhui,2011,policy,0.1816966623152947,0.0,0.020478531343540496,0.0
Anhui,2011,postal,0.19160009057168814,0.0,0.05033496204249133,0.0
Anhui,2011,rural,0.21681077319992426,0.0,0.01149473749166674,0.0
Anhui,2012,city,0.21515707237697868,0.21515707237697868,0.06627245857228914,0.06627245857228914
Anhui,2012,foreign,0.1239739762114791,0.1239739762114791,0.0480270966009293,0.0480270966009293
Anhui,2012,joint_stock,0.20464111562247034,0.20464111562247034,0.08560510478487515,0.08560510478487515
Anhui,2012,large,0.11744219750868545,0.11744219750868545,0.021895837865699264,0.021895837865699264
Anhui,2012,policy,0.14435686564016414,0.14435686564016414,-0.003384097984240775,-0.003384097984240775
Anhui,2012,postal,0.1860248451154618,0.1860248451154618,0.012236177513262447,0.012236177513262447
Anhui,2012,rural,0.17841560276605506,0.17841560276605506,9.29137760827814e-05,9.29137760827814e-05
Anhui,2013,city,0.13776073216773632,0.352917804544715,0.12279664688369785,0.18906910545598699
Anhui,2013,foreign,0.06315512281883429,0.18712909903031338,0.07760706207352364,0.12563415867445293
Anhui,2013,joint_stock,0.13176809004396617,0.3364092056664365,0.10996571305871505,0.1955708178435902
Anhui,2013,large,0.07450159556553437,0.19194379307421983,0.012982106444077601,0.034877944309776865
Anhui,2013,policy,0.1278896358410151,0.27224650148117924,0.013468217050866649,0.010084119066625874
Anhui,2013,postal,0.11471139024661703,0.30073623536207883,0.01919902448965516,0.031435202002917606
Anhui,2013,rural,0.1679295486245973,0.34634515139065236,0.02005187291961974,0.02014478669570252
Anhui,2014,city,0.22495337778659952,0.5778711823313145,0.1655469006816528,0.35461600613763977
Anhui,2014,foreign,0.0637033956814026,0.250832494711716,0.09154196616389232,0.21717612483834525
Anhui,2014,joint_stock,0.12665968869405297,0.4630688943604895,0.2922103820765276,0.4877811999201178
Anhui,2014,large,0.06931863334529886,0.2612624264195187,0.006394757523667138,0.041272701833444
Anhui,2014,policy,0.13903471429636305,0.4112812157775423,0.0027831913317921675,0.012867310398418041
Anhui,2014,postal,0.12763351966442826,0.4283697550265071,0.005405500184400225,0.03684070218731783
Anhui,2014,rural,0.15831062412364894,0.5046557755143013,0.010282828138445055,0.030427614834147576
Anhui,2015,city,0.22172239932464954,0.7995935816559641,0.08260583470455884,0.4372218408421986
Anhui,2015,foreign,-0.017513280469845682,0.2333192142418703,-0.0036900410874540768,0.21348608375089118
Anhui,2015,joint_stock,0.14043106363542712,0.6034999579959166,0.1588459650049341,0.6466271649250519
Anhui,2015,large,0.0761624946422419,0.3374249210617606,0.012468822749831077,0.05374152458327508
Anhui,2015,policy,0.1873264638901393,0.5986076796676816,-0.0033407603454005397,0.009526550053017502
Anhui,2015,postal,0.10128063410600596,0.529650389132513,-0.027293570756381058,0.009547131430936773
Anhui,2015,rural,0.14559654123928745,0.6502523167535887,0.023736595180212205,0.05416421001435978
Anhui,2016,city,0.21571970556921727,1.0153132872251813,0.16550740269003938,0.602729243532238
Anhui,2016,foreign,0.08037776823010923,0.3136969824719795,0.009199696898424037,0.2226857806493152
Anhui,2016,joint_stock,0.16553329508856685,0.7690332530844834,0.24190170818241086,0.8885288731074628
Anhui,2016,large,0.06677701294069749,0.4042019340024581,-0.021796208262069072,0.03194531632120601
Anhui,2016,policy,0.132614288175942,0.7312219678436236,0.002784741426432369,0.01231129147944987
Anhui,2016,postal,0.12758317751815262,0.6572335666506657,0.0007425283430073648,0.010289659773944138
Anhui,2016,rural,0.1529663275968982,0.803218644350487,0.014013747574422197,0.06817795758878198
Anhui,2017,city,0.09869740486051448,1.1140106920856958,0.04908160534811401,0.651810848880352
Anhui,2017,foreign,0.09137364078374155,0.4050706232557211,-0.03922071315328157,0.18346506749603364
Anhui,2017,joint_stock,-0.1397331429276587,0.6293001101568247,-0.09656561730617597,0.7919632558012868
Anhui,2017,large,0.054423061897310276,0.45862499589976835,0.01075596918867383,0.04270128550987984
Anhui,2017,policy,0.0738985123543845,0.8051204801980081,0.004439518945365428,0.0167508104248153
Anhui,2017,postal,0.0478143473457866,0.7050479139964523,-0.010133436624480296,0.00015622314946384108
Anhui,2017,rural,0.08827949579463379,0.8914981401451207,0.009358780549380441,0.07753673813816242
Anhui,2018,city,0.022051438858408545,1.1360621309441044,0.05214033640359972,0.7039511852839517
Anhui,2018,foreign,-0.5782558102543653,-0.17318518699864427,-0.254585077149029,-0.07112000965299536
Anhui,2018,joint_stock,-0.08320057678457538,0.5460995333722494,-0.07107326269529324,0.7208899931059936
Anhui,2018,large,-0.01073241514106904,0.4478925807586993,0.0025663189105955553,0.045267604420475394
Anhui,2018,policy,0.0583350855636624,0.8634555657616705,0.03535859229715843,0.05210940272197373
Anhui,2018,postal,0.1113889515277311,0.8164368655241834,0.03924114053005212,0.03939736367951596
Anhui,2018,rural,0.053234241270136096,0.9447323814152568,0.0064709427217639615,0.08400768085992638
Anhui,2019,city,0.11984643478990797,1.2559085657340123,0.026726810423033598,0.7306779957069853
Anhui,2019,foreign,0.7213070612757679,0.5481218742771237,1.1893703916593488,1.1182503820063534
Anhui,2019,joint_stock,0.17850620668722428,0.7246057400594736,0.02887889436133051,0.7497688874673241
Anhui,2019,large,0.15044877933782885,0.5983413600965282,0.032857368210139626,0.07812497263061502
Anhui,2019,policy,0.013489671916362411,0.8769452376780329,-0.03314620201421814,0.01896320070775559
Anhui,2019,postal,-0.10929952054024383,0.7071373449839395,-0.190532046046183,-0.15113468236666705
Anhui,2019,rural,0.040574050989821586,0.9853064324050784,-0.0387287508058094,0.045278930054116984
Anhui,2020,city,0.07651558979978113,1.3324241555337935,0.0013610494553422114,0.7320390451623275
Anhui,2020,foreign,-0.1978435927963318,0.3502782814807919,-1.1930627035464756,-0.07481232154012218
Anhui,2020,joint_stock,0.042350673680106254,0.7669564137395799,-0.05142291843985625,0.6983459690274678
Anhui,2020,large,0.06624900022023006,0.6645903603167582,-0.05889060598231133,0.01923436664830369
Anhui,2020,policy,0.04140147835557961,0.9183467160336125,-0.041167358018766365,-0.022204157311010775
Anhui,2020,postal,0.2741189356271878,0.9812562806111274,0.1113576166215271,-0.03977706574513995
Anhui,2020,rural,0.13485407148404427,1.1201605038891227,0.007637564218809345,0.05291649427292633
Anhui,2021,city,0.10394235706544563,1.436366512599239,0.0563715682083501,0.7884106133706776
Anhui,2021,foreign,0.005681384888303498,0.3559596663690954,0.07823893825676986,0.003426616716647679
Anhui,2021,joint_stock,0.07638656906078722,0.8433429828003671,0.031081249754851825,0.7294272187823196
Anhui,2021,large,0.08175580886507383,0.746346169181832,-0.003962379852621822,0.015271986795681869
Anhui,2021,policy,0.05275059266258353,0.971097308696196,0.046677013829736325,0.02447285651872555
Anhui,2021,postal,0.10761534976945519,1.0888716303805825,0.008934122157899793,-0.030842943587240157
Anhui,2021,rural,0.10125886148290597,1.2214193653720287,0.003811650659532262,0.05672814493245859
Anhui,2022,city,0.09966021265566916,1.5360267252549082,0.03389570814782772,0.8223063215185054
Anhui,2022,foreign,0.02433808504823176,0.38029775141732713,-0.00801378072355341,-0.004587164006905731
Anhui,2022,joint_stock,0.05897094868014818,0.9023139314805153,0.016786173882579192,0.7462133926648988
Anhui,2022,large,0.021292655680658967,0.767638824862491,-0.0006388949062561267,0.014633091889425742
Anhui,2022,policy,0.4503409234521225,1.4214382321483185,-0.006062294675546198,0.01841056184317935
Anhui,2022,postal,0.10567297797628505,1.1945446083568676,-0.002549087420018026,-0.03339203100725818
Anhui,2022,rural,0.08066856664564526,1.302087932017674,-0.02482943386651293,0.03189871106594566
Beijing,2005,city,,-1.6104165850288599,,
Beijing,2005,foreign,,-1.2150035333002336,,
Beijing,2005,joint_stock,,-1.3834394541192996,,
Beijing,2005,large,,-1.037918079483541,,
Beijing,2005,policy,,-1.139692389807312,,
Beijing,2005,postal,,-1.1804718157778726,,
Beijing,2005,rural,,-1.3120739371478862,,
Beijing,2006,city,0.2698740910281714,-1.3405424940006885,,
Beijing,2006,foreign,0.4033279314633642,-0.8116756018368694,,
Beijing,2006,joint_stock,0.30748039470569033,-1.0759590594136093,,
Beijing,2006,large,0.2057885858575439,-0.8321294936259971,,
Beijing,2006,policy,0.08558853498402641,-1.0541038548232855,,
Beijing,2006,postal,0.2216405319054502,-0.9588312838724224,,
Beijing,2006,rural,0.273425561157854,-1.0386483759900322,,
Beijing,2007,city,0.20814933430102478,-1.1323931596996637,,-0.12168481897895056
Beijing,2007,foreign,0.3306939905089319,-0.4809816113279375,,-0.481838086892739
Beijing,2007,joint_stock,0.34230515389320715,-0.7336539055204021,,-0.12240617772945228
Beijing,2007,large,0.16637503190563763,-0.6657544617203595,,-0.004765475042857403
Beijing,2007,policy,0.17881668870828094,-0.8752871661150046,,0.010223387401663508
Beijing,2007,postal,0.07837514437908233,-0.8804561394933401,,-0.06305438992021983
Beijing,2007,rural,0.13089372021081935,-0.9077546557792129,,0.00794125306438076
Beijing,2008,city,0.20888721589969705,-0.9235059437999666,-0.059607401645889624,-0.18129222062484018
Beijing,2008,foreign,0.11847998840420892,-0.36250162292372856,0.20517774534515354,-0.27666034154758545
Beijing,2008,joint_stock,0.03907956615561048,-0.6945743393647916,-0.14644054140129015,-0.26884671913074243
Beijing,2008,large,0.1798103717645123,-0.48594408995584715,-0.002321381303742598,-0.007086856346600001
Beijing,2008,policy,0.26093652679304213,-0.6143506393219624,-0.011847203725991129,-0.0016238163243276205
Beijing,2008,postal,0.2890147523763389,-0.5914413871170012,-0.1508915902347816,-0.21394598015500144
Beijing,2008,rural,0.24802874324752366,-0.6597259125316892,-0.024665681248873028,-0.016724428184492268
Beijing,2009,city,0.30312809610170355,-0.6203778476982631,0.03592111592054259,-0.1453711047042976
Beijing,2009,foreign,-0.06770588357285412,-0.4302075064965827,0.05734576747047271,-0.21931457407711274
Beijing,2009,joint_stock,0.2616500338827805,-0.4329243054820111,0.1839717511539991,-0.08487496797674332
Beijing,2009,large,0.2494387423767126,-0.23650534757913455,-0.016366804451653394,-0.023453660798253395
Beijing,2009,policy,0.22659750427171765,-0.3877531350502448,0.0037848112225624675,0.002160994898234847
Beijing,2009,postal,0.223245310222266,-0.3681960768947352,0.0480395562663265,-0.16590642388867494
Beijing,2009,rural,0.2254686078612238,-0.4342573046704654,0.011968088004103095,-0.004756340180389174
Beijing,2010,city,0.3645883832205339,-0.2557894644777292,0.053055920486759334,-0.09231518421753826
Beijing,2010,foreign,0.24852646485630991,-0.18168104164027277,0.08687867179402708,-0.13243590228308566
Beijing,2010,joint_stock,0.13684528468855106,-0.29607902079346005,-0.03753120975270896,-0.12240617772945228
Beijing,2010,large,0.16218491466530516,-0.07432043291382939,0.020168957769360674,-0.0032847030288927215
Beijing,2010,policy,0.19674371998670104,-0.19100941506354374,-0.021823015530508805,-0.019662020632273958
Beijing,2010,postal,0.17059651463720016,-0.19759956225753506,0.11640605008708427,-0.04950037380159067
Beijing,2010,rural,0.21275292255318057,-0.22150438211728485,-0.012240386202567066,-0.01699672638295624
Beijing,2011,city,0.2557894644777292,0.0,0.09231518421753826,0.0
Beijing,2011,foreign,0.18168104164027277,0.0,0.13243590228308566,0.0
Beijing,2011,joint_stock,0.29607902079346005,0.0,0.12240617772945228,0.0
Beijing,2011,large,0.07432043291382939,0.0,0.0032847030288927215,0.0
Beijing,2011,policy,0.19100941506354374,0.0,0.019662020632273958,0.0
Beijing,2011,postal,0.19759956225753506,0.0,0.04950037380159067,0.0
Beijing,2011,rural,0.22150438211728485,0.0,0.01699672638295624,0.0
Beijing,2012,city,0.20832837000076587,0.20832837000076587,0.0653990544800429,0.0653990544800429
Beijing,2012,foreign,0.13071304241028692,0.13071304241028692,0.04744959971298712,0.04744959971298712
Beijing,2012,joint_stock,0.20694226089681855,0.20694226089681855,0.10281134598388597,0.10281134598388597
Beijing,2012,large,0.11563983289334168,0.11563983289334168,0.021541644666399407,0.021541644666399407
Beijing,2012,policy,0.15103418038627225,0.15103418038627225,-0.0032502737173016882,-0.0032502737173016882
Beijing,2012,postal,0.18608283096952682,0.18608283096952682,-0.015463677573823276,-0.015463677573823276
Beijing,2012,rural,0.17985068204968435,0.17985068204968435,-0.00501044889544211,-0.00501044889544211
Beijing,2013,city,0.19932895809928475,0.4076573281000506,0.12156755042698464,0.18696660490702754
Beijing,2013,foreign,0.07421393241872032,0.20492697482900724,0.08863607271663199,0.1360856724296191
Beijing,2013,joint_stock,0.13721530694270534,0.3441575678395239,0.0949400248638188,0.19775137084770478
Beijing,2013,large,0.07927191838727943,0.1949117512806211,0.012789537900511405,0.03433118256691081
Beijing,2013,policy,0.13490803651706962,0.2859422169033419,0.012938185871899321,0.009687912154597633
Beijing,2013,postal,0.11419800371616518,0.300280834685692,0.046802483627789826,0.03133880605396655
Beijing,2013,rural,0.17141395833672313,0.3512646403864075,0.020815746662249168,0.015805297766807058
Beijing,2014,city,0.20415908929586912,0.6118164173959197,0.16599393112926286,0.3529605360362904
Beijing,2014,foreign,0.07035649596562799,0.2752834707946352,0.08654623906785197,0.22263191149747108
Beijing,2014,joint_stock,0.11951846159604607,0.46367602943556996,0.28788038678064076,0.48563175762834554
Beijing,2014,large,0.1359451178929838,0.3308568691736049,0.00623398611108783,0.04056516867799864
Beijing,2014,policy,0.12235984214703421,0.4083020590503761,0.001070663913840697,0.01075857606843833
Beijing,2014,postal,0.32676622477641004,0.627047059462102,0.005187096372100797,0.03652590242606735
Beijing,2014,rural,0.2858398646010656,0.6371045049874731,0.010964718773175619,0.026770016539982677
Beijing,2015,city,0.21930182115123031,0.8311182385471501,0.08667213710985955,0.43963267314614995
Beijing,2015,foreign,-0.022977345360663648,0.2523061254339716,-0.011322817830264675,0.2113090936672064
Beijing,2015,joint_stock,0.13656847549069795,0.6002445049262679,0.1622759890244332,0.6479077466527787
Beijing,2015,large,0.004025129131717264,0.33488199830532217,0.012484225920495362,0.053049394598494004
Beijing,2015,policy,0.22629008788845617,0.6345921469388323,-0.002142475377647557,0.008616100690790773
Beijing,2015,postal,-0.1265897195775132,0.5004573398845888,-0.025970132238656518,0.010555770187410829
Beijing,2015,rural,0.022602993496951385,0.6597074984844244,0.030394181910011753,0.05716419844999443
Beijing,2016,city,0.21622968809899135,1.0473479266461414,0.16851402735357013,0.6081467004997201
Beijing,2016,foreign,0.07204598353105496,0.32435210896502653,0.009273636785329664,0.22058273045253607
Beijing,2016,joint_stock,0.17048647792978855,0.7707309828560565,0.252793192378693,0.9007009390314717
Beijing,2016,large,0.07360478662721448,0.40848678493253665,-0.021824612870590343,0.03122478172790366
Beijing,2016,policy,0.15176955723712027,0.7863617041759525,0.002677377770717193,0.011293478461507966
Beijing,2016,postal,0.13269051692710931,0.6331478568116982,0.0007156702258637182,0.011271440413274547
Beijing,2016,rural,0.1526690930415775,0.812376591526002,0.00800351275858091,0.06516771120857534
Beijing,2017,city,0.10373683834068359,1.151084764986825,0.04955738071222804,0.6577040812119481
Beijing,2017,foreign,0.09383105167835915,0.4181831606433857,-0.042961032769004426,0.17762169768353164
Beijing,2017,joint_stock,-0.1439208184783336,0.6268101643777229,-0.09836557928456102,0.8023353597469107
Beijing,2017,large,0.0572412607006374,0.46572804563317405,0.010422773301137056,0.04164755502904072
Beijing,2017,policy,0.08575570990167058,0.8721174140776231,0.004801289564832167,0.016094768026340134
Beijing,2017,postal,0.06398668309140376,0.6971345399031019,-0.010036184241865698,0.0012352561714088495
Beijing,2017,rural,0.08881679275141963,0.9011933842774216,0.00992894321639426,0.0750966544249696
Beijing,2018,city,0.016785383859177827,1.1678701488460028,0.05147000434861759,0.7091740855605657
Beijing,2018,foreign,-0.6652351252846582,-0.24705196464127255,-0.2841195464181778,-0.10649784873464618
Beijing,2018,joint_stock,-0.09843448192276227,0.5283756824549606,-0.0707796651849133,0.7315556945619974
Beijing,2018,large,-0.022925516792639655,0.4428025288405344,0.002543156046018069,0.044190711075058786
Beijing,2018,policy,0.04674639280014148,0.9188638068777646,0.03452225663908148,0.05061702466542162
Beijing,2018,postal,0.12395576128557906,0.821090301188681,0.03770018104505013,0.03893543721645898
Beijing,2018,rural,0.053542708858994814,0.9547360931364164,0.006436993548717851,0.08153364797368745
Beijing,2019,city,0.12207737789436912,1.289947526740372,0.024712696836058257,0.733886782396624
Beijing,2019,foreign,0.8320932753815136,0.585041310740241,1.2939669262298956,1.1874690774952494
Beijing,2019,joint_stock,0.1849806039228472,0.7133562863778078,0.03444412425807286,0.7659998188200703
Beijing,2019,large,0.15798130835272595,0.6007838371932603,0.03511765179461257,0.07930836286967136
Beijing,2019,policy,0.01393014234580292,0.9327939492235675,-0.03239572739539387,0.018221297270027748
Beijing,2019,postal,-0.10352270213802228,0.7175675990506587,-0.1831918031285742,-0.14425636591211521
Beijing,2019,rural,0.041321952463864164,0.9960580456002806,-0.037349666835298834,0.04418398113838862
Beijing,2020,city,0.08189698210034635,1.3718445088407183,0.0008647847842659928,0.73475156718089
Beijing,2020,foreign,-0.22432896660580504,0.360712344134436,-1.3011047152781883,-0.11363563778293884
Beijing,2020,joint_stock,0.028790707790447456,0.7421469941682552,-0.0530689681302281,0.7129308506898422
Beijing,2020,large,0.06658131478113383,0.6673651519743942,-0.06028308440400032,0.019025278465671036
Beijing,2020,policy,0.044778619916248985,0.9775725691398165,-0.03953940439728143,-0.021318107127253683
Beijing,2020,postal,0.26898398500458853,0.9865515840552472,0.10750343822643948,-0.03675292768567573
Beijing,2020,rural,0.1354152023380717,1.1314732479383522,0.005832244201695147,0.050016225340083764
Beijing,2021,city,0.10735267281034133,1.4791971816510596,0.06066820461285971,0.7954197717937497
Beijing,2021,foreign,0.0074719730553205466,0.3681843171897565,0.09557063038529989,-0.018065007397638944
Beijing,2021,joint_stock,0.07645150838554571,0.818598502553801,0.03233107214593467,0.7452619228357769
Beijing,2021,large,0.09167391093515498,0.7590390629095491,-0.004760979275374666,0.01426429919029637
Beijing,2021,policy,0.0570040173462516,1.034576586486068,0.09027492243868007,0.06895681531142639
Beijing,2021,postal,0.11016674905696888,1.0967183331122161,0.008749997441505286,-0.028002930244170443
Beijing,2021,rural,0.10229615666082914,1.2337694045991814,0.0058828263247256984,0.05589905166480946
Beijing,2022,city,0.10298807790547748,1.582185259556537,0.03477667951567831,0.830196451309428
Beijing,2022,foreign,0.030558312754724426,0.39874262994448095,-0.005221943981151611,-0.023286951378790555
Beijing,2022,joint_stock,0.06553348100017864,0.8841319835539796,0.013219063570266698,0.7584809864060436
Beijing,2022,large,0.12661806311603385,0.885657126025583,0.0017090515508026982,0.01597335074109907
Beijing,2022,policy,0.06066997238700189,1.09524655887307,-0.051266726553226505,0.017690088758199884
Beijing,2022,postal,0.11302519454789284,1.209743527660109,-0.002296853700801904,-0.030299783944972347
Beijing,2022,rural,0.08323006623372464,1.316999470832906,-0.023972336977363895,0.03192671468744557
Chongqing,2005,city,,-1.5997635233584475,,
Chongqing,2005,foreign,,-1.2335045833963019,,
Chongqing,2005,joint_stock,,-1.3092317420315212,,
Chongqing,2005,large,,-1.0360459238122655,,
Chongqing,2005,policy,,-1.1182292372006124,,
Chongqing,2005,postal,,-1.1478494393165448,,
Chongqing,2005,rural,,-1.2967348429806975,,
Chongqing,2006,city,0.2574206990279091,-1.3423428243305384,,
Chongqing,2006,foreign,0.402818597086986,-0.8306859863093159,,
Chongqing,2006,joint_stock,0.28592855784314075,-1.0233031841883804,,
Chongqing,2006,large,0.20016545220630455,-0.8358804716059609,,
Chongqing,2006,policy,0.09884369324007558,-1.0193855439605368,,
Chongqing,2006,postal,0.22020111438130385,-0.927648324935241,,
Chongqing,2006,rural,0.2689479289582941,-1.0277869140224034,,
Chongqing,2007,city,0.21327168976504396,-1.1290711345654945,,-0.13034252197037333
Chongqing,2007,foreign,0.34393621882113123,-0.48674976748818466,,-0.2986971326824577
Chongqing,2007,joint_stock,0.32664686090092054,-0.6966563232874599,,-0.11733482799232497
Chongqing,2007,large,0.16202637221527816,-0.6738540993906827,,-0.006275032042733386
Chongqing,2007,policy,0.12387101141422541,-0.8955145325463114,,0.009261847738533113
Chongqing,2007,postal,0.07805211331870154,-0.8495962116165394,,-0.04046684415327384
Chongqing,2007,rural,0.13038074133751643,-0.897406172684887,,0.01102142495038727
Chongqing,2008,city,0.20758915562017854,-0.9214819789453159,-0.05794189936851346,-0.1882844213388868
Chongqing,2008,foreign,0.11431317138578478,-0.3724365961023999,0.14961963446765747,-0.1490774982148002
Chongqing,2008,joint_stock,0.026093152955565913,-0.6705631703318939,-0.14382947061591445,-0.2611642986082394
Chongqing,2008,large,0.18512010119439104,-0.4887339981962917,-0.0012666905503291304,-0.0075417225930625165
Chongqing,2008,policy,0.2894569497982644,-0.606057582748047,-0.010357138099947427,-0.001095290361414314
Chongqing,2008,postal,0.2620644145465558,-0.5875317970699836,-0.1518662513751945,-0.19233309552846833
Chongqing,2008,rural,0.24500105243070536,-0.6524051202541816,-0.028499907973358773,-0.017478483022971503
Chongqing,2009,city,0.300031954835692,-0.6214500241096239,0.037177883892857366,-0.15110653744602942
Chongqing,2009,foreign,0.05642365812002659,-0.3160129379823733,-0.057479029424611916,-0.20655652763941212
Chongqing,2009,joint_stock,0.25071401708415664,-0.4198491532477373,0.18555584301741845,-0.07560845559082097
Chongqing,2009,large,0.2485550813091688,-0.2401789168871229,-0.016685291012613845,-0.024227013605676362
Chongqing,2009,policy,0.2448018738026363,-0.3612557089454107,0.003282278657918525,0.002186988296504211
Chongqing,2009,postal,0.22442397389309932,-0.3631078231768843,0.04875411579250688,-0.14357897973596145
Chongqing,2009,rural,0.2268093349773892,-0.4255957852767924,0.013372758792620232,-0.004105724230351271
Chongqing,2010,city,0.3640371310662953,-0.2574128930433286,0.05322700276404646,-0.09787953468198296
Chongqing,2010,foreign,0.1341998166994074,-0.1818131212829659,0.08833325424754523,-0.11822327339186689
Chongqing,2010,joint_stock,0.1342989971294415,-0.2855501561182958,-0.03752689116418573,-0.1131353467550067
Chongqing,2010,large,0.15891701548207493,-0.08126190140504796,0.020912894509219626,-0.0033141190964567357
Chongqing,2010,policy,0.17885223186587673,-0.18240347707953397,-0.0220881426137991,-0.01990115431729489
Chongqing,2010,postal,0.17233488829828048,-0.1907729348786038,0.11792722136782885,-0.025651758368132604
Chongqing,2010,rural,0.20700237792460108,-0.21859340735219135,-0.012696012684997982,-0.016801736915349252
Chongqing,2011,city,0.2574128930433286,0.0,0.09787953468198296,0.0
Chongqing,2011,foreign,0.1818131212829659,0.0,0.11822327339186689,0.0
Chongqing,2011,joint_stock,0.2855501561182958,0.0,0.1131353467550067,0.0
Chongqing,2011,large,0.08126190140504796,0.0,0.0033141190964567357,0.0
Chongqing,2011,policy,0.18240347707953397,0.0,0.01990115431729489,0.0
Chongqing,2011,postal,0.1907729348786038,0.0,0.025651758368132604,0.0
Chongqing,2011,rural,0.21859340735219135,0.0,0.016801736915349252,0.0
Chongqing,2012,city,0.21816901047275117,0.21816901047275117,0.06468142251205045,0.06468142251205045
Chongqing,2012,foreign,0.12311625077397892,0.12311625077397892,0.045879605750694274,0.045879605750694274
Chongqing,2012,joint_stock,0.20184107388635653,0.20184107388635653,0.10668507076207234,0.10668507076207234
Chongqing,2012,large,0.11785942463940913,0.11785942463940913,0.021699776740744525,0.021699776740744525
Chongqing,2012,policy,0.1480436390598605,0.1480436390598605,-0.0032894766503979156,-0.0032894766503979156
Chongqing,2012,postal,0.18597760899497118,0.18597760899497118,-0.016657343124430568,-0.016657343124430568
Chongqing,2012,rural,0.17646998283952975,0.17646998283952975,-0.005366576459945094,-0.005366576459945094
Chongqing,2013,city,0.14509029501724946,0.36325930549000063,0.11685646008080575,0.1815378825928562
Chongqing,2013,foreign,0.06330789113027002,0.18642414190424894,0.081765954696567,0.12764556044726127
Chongqing,2013,joint_stock,0.13420758175706204,0.33604865564341857,0.09804581150051206,0.2047308822625844
Chongqing,2013,large,0.07481086437463169,0.19267028901404082,0.012933886679270756,0.03463366342001528
Chongqing,2013,policy,0.12902071831700113,0.27706435737686164,0.013093476747019217,0.009804000096621301
Chongqing,2013,postal,0.11434463347853097,0.30032224247350214,0.04828502734071982,0.031627684216289254
Chongqing,2013,rural,0.1690519279477165,0.34552191078724626,0.021027757904365174,0.01566118144442008
Chongqing,2014,city,0.22821403986579547,0.5914733453557961,0.16515344741850768,0.3466913300113639
Chongqing,2014,foreign,0.06647037788742338,0.2528945197916723,0.09267711452530758,0.22032267497256885
Chongqing,2014,joint_stock,0.13640990751575366,0.47245856315917223,0.30315889080950775,0.5078897730720922
Chongqing,2014,large,0.13259677555640792,0.32526706457044874,0.0063716677309297864,0.04100533115094507
Chongqing,2014,policy,0.11993295022164574,0.3969973075985074,0.0010834237246122314,0.010887423821233533
Chongqing,2014,postal,0.3299783339791311,0.6303005764526333,0.0056718911483102374,0.03729957536459949
Chongqing,2014,rural,0.28441673973397563,0.6299386505212219,0.011101357348913155,0.026762538793333235
Chongqing,2015,city,0.21186958817179935,0.8033429335275954,0.08905258313110487,0.43574391314246874
Chongqing,2015,foreign,-0.02077296763231473,0.2321215521593576,-0.005665737535677451,0.2146569374368914
Chongqing,2015,joint_stock,0.1330807142229098,0.605539277382082,0.15991161109076302,0.6678013841628552
Chongqing,2015,large,0.013456553319716846,0.3387236178901656,0.012573820154157644,0.05357915130510271
Chongqing,2015,policy,0.20964494596221428,0.6066422535607217,-0.0016255760827004195,0.009261847738533113
Chongqing,2015,postal,-0.09931764066943138,0.5309829357832019,0.0023738348562236666,0.03967341022082316
Chongqing,2015,rural,0.02356829743997224,0.6535069479611941,0.03120022968777647,0.057962768481109705
Chongqing,2016,city,0.21490045500103072,1.0182433885286262,0.1669213517878827,0.6026652649303514
Chongqing,2016,foreign,0.08234168805878816,0.31446324021814576,0.012235446758838364,0.22689238419572977
Chongqing,2016,joint_stock,0.17232313779471298,0.777862415176795,0.24307944975072182,0.910880833913577
Chongqing,2016,large,0.06772623806441125,0.40644985595457683,-0.021478864796280916,0.032100286508821796
Chongqing,2016,policy,0.13554537626583674,0.7421876298265584,0.0027078272705853834,0.011969675009118497
Chongqing,2016,postal,0.1300934119646282,0.6610763477478301,0.016431386203450415,0.05610479642427357
Chongqing,2016,rural,0.15371058680019267,0.8072175347613868,0.007363531359734665,0.06532629984084437
Chongqing,2017,city,0.10228210453310282,1.120525493061729,0.050173212455774774,0.6528384773861262
Chongqing,2017,foreign,0.09282967847964407,0.40729291869778983,-0.039108465009935145,0.18778391918579462
Chongqing,2017,joint_stock,-0.13996777588613085,0.6378946392906641,-0.09809846079037676,0.8127823731232002
Chongqing,2017,large,0.054529808693192905,0.46097966464776974,0.010376034188979588,0.042476320697801384
Chongqing,2017,policy,0.0703249083997477,0.8125125382263061,0.004855687986658808,0.016825362995777304
Chongqing,2017,postal,0.05113864791893974,0.7122149956667698,-0.009462716887357558,0.046642079536916015
Chongqing,2017,rural,0.08878974232954562,0.8960072770909324,0.009697045682868222,0.07502334552371259
Chongqing,2018,city,0.025081038886376916,1.145606531948106,0.0512370833116389,0.7040755606977651
Chongqing,2018,foreign,-0.5797668878074944,-0.17247396910970458,-0.25702833136077796,-0.06924441217498334
Chongqing,2018,joint_stock,-0.08127915363592386,0.5566154856547403,-0.07086730482202164,0.7419150683011786
Chongqing,2018,large,-0.008502933833547388,0.45247673081422235,0.0025731548522855974,0.04504947555008698
Chongqing,2018,policy,0.05718383580546593,0.869696374031772,0.034905711851868304,0.05173107484764561
Chongqing,2018,postal,0.11087841602713056,0.8230934116939004,0.03749744715002912,0.08413952668694513
Chongqing,2018,rural,0.04755433806487552,0.9435616151558079,0.002549556609748649,0.07757290213346124
Chongqing,2019,city,0.11919010829289967,1.2647966402410056,0.0254324586963115,0.7295080193940766
Chongqing,2019,foreign,0.7214967375692343,0.5490227684595297,1.2062343959419923,1.136989983767009
Chongqing,2019,joint_stock,0.17761371389482505,0.7342291995495653,0.02926966830382227,0.7711847366050009
Chongqing,2019,large,0.14841231636957097,0.6008890471837933,0.03488452912247553,0.07993400467256251
Chongqing,2019,policy,0.013732980744427081,0.8834293547761991,-0.032755173388639314,0.018975901459006295
Chongqing,2019,postal,-0.1016762311803312,0.7214171805135692,-0.18116244241108959,-0.09702291572414445
Chongqing,2019,rural,0.04845788555727637,0.9920195007130843,-0.034038573534742156,0.043534328598719085
Chongqing,2020,city,0.07608313055530047,1.340879770796306,0.0004898659090049051,0.7299978853030815
Chongqing,2020,foreign,-0.19903161174790895,0.34999115671162073,-1.2100151187818984,-0.07302513501488939
Chongqing,2020,joint_stock,0.04230301372170864,0.776532213271274,-0.05111492389638883,0.720069812708612
Chongqing,2020,large,0.06758554754736146,0.6684745947311548,-0.059837454979914995,0.020096549692647514
Chongqing,2020,policy,0.04012180830562606,0.9235511630818252,-0.03999437432829378,-0.021018472869287486
Chongqing,2020,postal,0.27069611946030037,0.9921132999738695,0.10628569486980055,0.009262779145656097
Chongqing,2020,rural,0.13504058836095112,1.1270600890740354,0.007556347782051276,0.05109067638077036
Chongqing,2021,city,0.1037690933026969,1.444648864099003,0.0589559334756764,0.7889538187787579
Chongqing,2021,foreign,0.004362236654555929,0.35435339336617666,0.08004270767353638,0.007017572658646998
Chongqing,2021,joint_stock,0.07613099495713271,0.8526632082284067,0.0321138790475306,0.7521836917561426
Chongqing,2021,large,0.08232228234720473,0.7507968770783595,-0.0053344298011595015,0.014762119891488013
Chongqing,2021,policy,0.05275291652268166,0.9763040796045068,0.09128766871584393,0.07026919584655644
Chongqing,2021,postal,0.10790285113789899,1.1000161511117685,0.008503085829962842,0.01776586497561894
Chongqing,2021,rural,0.09321310014528095,1.2202731892193164,0.00022983222348926802,0.05132050860425963
Chongqing,2022,city,0.09981949205283414,1.544468356151837,0.03314907071441198,0.8221028894931699
Chongqing,2022,foreign,0.025143399530080046,0.3794967928962567,-0.008191970914587898,-0.0011743982559409005
Chongqing,2022,joint_stock,0.06036504619065752,0.9130282544190642,0.013940305303027145,0.7661239970591698
Chongqing,2022,large,0.023700468497620975,0.7744973455759805,0.0009504252170788874,0.0157125451085669
Chongqing,2022,policy,0.44832258535714686,1.4246266649616537,-0.0518304955823119,0.018438700264244545
Chongqing,2022,postal,0.10645387291379471,1.2064700240255632,-0.0022419812526752736,0.015523883722943665
Chongqing,2022,rural,0.08994368937471364,1.31021687859403,-0.020855404643080888,0.03046510396117874
Fujian,2005,city,,-1.603969853754105,,
Fujian,2005,foreign,,-1.241718187795275,,
Fujian,2005,joint_stock,,-1.3014395159642245,,
Fujian,2005,large,,-1.0450122478904813,,
Fujian,2005,policy,,-1.117687385619309,,
Fujian,2005,postal,,-1.1933448638240929,,
Fujian,2005,rural,,-1.301607213994675,,
Fujian,2006,city,0.2528448680477542,-1.3511249857063508,,
Fujian,2006,foreign,0.4071300139426821,-0.8345881738525929,,
Fujian,2006,joint_stock,0.28889605099842797,-1.0125434649657965,,
Fujian,2006,large,0.20105670637333262,-0.8439555415171487,,
Fujian,2006,policy,0.09928104087419776,-1.0184063447451113,,
Fujian,2006,postal,0.22490948622565554,-0.9684353775984373,,
Fujian,2006,rural,0.2711249578981505,-1.0304822560965246,,
Fujian,2007,city,0.213190501424112,-1.1379344842822388,,-0.12410078228891486
Fujian,2007,foreign,0.34826453533914226,-0.4863236385134506,,-0.3117796240308417
Fujian,2007,joint_stock,0.32071958912545284,-0.6918238758403437,,-0.1120498598705133
Fujian,2007,large,0.16343434619609454,-0.6805211953210542,,-0.008482440681339298
Fujian,2007,policy,0.12473734070967879,-0.8936690040354325,,0.009809342961625944
Fujian,2007,postal,0.0831049447974177,-0.8853304328010196,,-0.0610982766836905
Fujian,2007,rural,0.1297491828159565,-0.9007330732805681,,0.007809595089970145
Fujian,2008,city,0.21201506126675973,-0.925919423015479,-0.058884259868905886,-0.18298504215782074
Fujian,2008,foreign,0.11852145047247653,-0.3678021880409741,0.15205789915412815,-0.15972172487671354
Fujian,2008,joint_stock,0.014586998916302107,-0.6772368769240416,-0.15157255687194038,-0.2636224167424537
Fujian,2008,large,0.18710241175666908,-0.49341878356438507,-0.0010234512371880555,-0.009505891918527354
Fujian,2008,policy,0.2878855243530616,-0.6057834796823709,-0.010357138099947427,-0.000547795138321483
Fujian,2008,postal,0.2930381875948793,-0.5922922452061403,-0.1530957674900133,-0.2141940441737038
Fujian,2008,rural,0.2476706662337591,-0.653062407046809,-0.02469111081940767,-0.016881515729437524
Fujian,2009,city,0.3003067880563588,-0.6256126349591202,0.03624729471968813,-0.14673774743813262
Fujian,2009,foreign,0.05807555046646762,-0.30972663757450647,-0.05748709091768145,-0.217208815794395
Fujian,2009,joint_stock,0.2582739893119328,-0.41896288761210876,0.19307084037132505,-0.07055157637112863
Fujian,2009,large,0.2523629181610829,-0.24105586540330215,-0.016555195910740395,-0.02606108782926775
Fujian,2009,policy,0.2464700920847651,-0.3593133875976058,0.003282278657918525,0.002734483519597042
Fujian,2009,postal,0.22501476155296452,-0.3672774836531758,0.04875231477218023,-0.16544172940152357
Fujian,2009,rural,0.22619089744147836,-0.4268715096053306,0.012877749272112382,-0.004003766457325142
Fujian,2010,city,0.3657042465332232,-0.25990838842589703,0.05335173564278861,-0.093386011795344
Fujian,2010,foreign,0.12742716284591893,-0.18229947472858754,0.0931561671244161,-0.1240526486699789
Fujian,2010,joint_stock,0.127769648563703,-0.29119323904840577,-0.0438153685749203,-0.11436694494604893
Fujian,2010,large,0.1577321257733768,-0.08332373962992534,0.021872765182058274,-0.004188322647209475
Fujian,2010,policy,0.17935817248314123,-0.17995521511446455,-0.02152995113963474,-0.018795467620037698
Fujian,2010,postal,0.1749170450838946,-0.1923604385692812,0.11587067872581436,-0.049571050675709216
Fujian,2010,rural,0.20921211338090373,-0.21765939622442687,-0.012862356249769391,-0.016866122707094533
Fujian,2011,city,0.25990838842589703,0.0,0.093386011795344,0.0
Fujian,2011,foreign,0.18229947472858754,0.0,0.1240526486699789,0.0
Fujian,2011,joint_stock,0.29119323904840577,0.0,0.11436694494604893,0.0
Fujian,2011,large,0.08332373962992534,0.0,0.004188322647209475,0.0
Fujian,2011,policy,0.17995521511446455,0.0,0.018795467620037698,0.0
Fujian,2011,postal,0.1923604385692812,0.0,0.049571050675709216,0.0
Fujian,2011,rural,0.21765939622442687,0.0,0.016866122707094533,0.0
Fujian,2012,city,0.21820623597693967,0.21820623597693967,0.06744405363995831,0.06744405363995831
Fujian,2012,foreign,0.10716621625121725,0.10716621625121725,0.045383005847817515,0.045383005847817515
Fujian,2012,joint_stock,0.20386161133089153,0.20386161133089153,0.10333714262717208,0.10333714262717208
Fujian,2012,large,0.11697478591304211,0.11697478591304211,0.020956493415020816,0.020956493415020816
Fujian,2012,policy,0.1432984245480764,0.1432984245480764,-0.0038408826367914983,-0.0038408826367914983
Fujian,2012,postal,0.18894177399934264,0.18894177399934264,-0.01573477877471774,-0.01573477877471774
Fujian,2012,rural,0.1777485776431149,0.1777485776431149,-0.005494102362840536,-0.005494102362840536
Fujian,2013,city,0.13003518667160918,0.34824142264854885,0.12091789665901054,0.18836195029896885
Fujian,2013,foreign,0.10094622894637872,0.20811244519759597,0.10159918450082817,0.14698219034864568
Fujian,2013,joint_stock,0.1264006179257624,0.33026222925665394,0.09665327577677907,0.19999041840395115
Fujian,2013,large,0.07410031002648587,0.19107509593952798,0.012829632681174985,0.0337861260961958
Fujian,2013,policy,0.12885865351732306,0.27215707806539946,0.013107779151701138,0.00926689651490964
Fujian,2013,postal,0.11590168051553462,0.30484345451487727,0.047043252806540536,0.0313084740318228
Fujian,2013,rural,0.1670631903900066,0.3448117680331215,0.0206801607379834,0.015186058375142863
Fujian,2014,city,0.2368983913891647,0.5851398140377135,0.16634677618622185,0.3547087264851907
Fujian,2014,foreign,0.06682594621720739,0.27493839141480336,0.0828059036842328,0.22978809403287848
Fujian,2014,joint_stock,0.1197795920892002,0.45004182134585413,0.29972807006453017,0.4997184884684813
Fujian,2014,large,0.13310682881570024,0.3241819247552282,0.006303214599592266,0.04008934069578807
Fujian,2014,policy,0.11746707238419951,0.38962415044959897,0.001084598804804493,0.010351495319714132
Fujian,2014,postal,0.32521781136276573,0.630061265877643,0.005168275410472489,0.036476749442295286
Fujian,2014,rural,0.28305099355960905,0.6278627615927306,0.011030014128058596,0.02621607250320146
Fujian,2015,city,0.20790224163865645,0.79304205567637,0.08748839089170346,0.44219711737689416
Fujian,2015,foreign,-0.02018046294714715,0.2547579284676562,-0.008551120989250371,0.2212369730436281
Fujian,2015,joint_stock,0.09530427732994262,0.5453460986757968,0.15679574666946472,0.656514235137946
Fujian,2015,large,0.01421764248812174,0.33839956724334996,0.012853432837449219,0.052942773533237286
Fujian,2015,policy,0.20379799511438002,0.593422145563979,-0.0032573318703068566,0.007094163449407276
Fujian,2015,postal,-0.09532519292470987,0.5347360729529331,-0.027413702704732756,0.00906304673756253
Fujian,2015,rural,0.02249609831942223,0.6503588599121528,0.030377965703298315,0.056594038206499775
Fujian,2016,city,0.21252238713030103,1.005564442806671,0.16773481130208268,0.6099319286789768
Fujian,2016,foreign,0.08155938199434054,0.33631731046199675,0.008551120989250371,0.22978809403287848
Fujian,2016,joint_stock,0.1691148389513213,0.714460937627118,0.23916118851648527,0.8956754236544313
Fujian,2016,large,0.06769129513429029,0.40609086237764025,-0.021831486933299615,0.03111128659993767
Fujian,2016,policy,0.1363219806247784,0.7297441261887574,0.0027151795122186684,0.009809342961625944
Fujian,2016,postal,0.131740170085358,0.6664762430382911,0.0009078529901795918,0.009970899727742122
Fujian,2016,rural,0.15061861060885384,0.8009774705210067,0.006486632528504899,0.06308067073500467
Fujian,2017,city,0.1010775750567543,1.1066420178634253,0.04968748677750945,0.6596194154564863
Fujian,2017,foreign,0.09091694614909507,0.4272342566110918,-0.039561357731810354,0.19022673630106812
Fujian,2017,joint_stock,-0.15430972565282275,0.5601512119742953,-0.10199393388077382,0.7936814897736575
Fujian,2017,large,0.054323562092676525,0.4604144244703168,0.010488958071562138,0.04160024467149981
Fujian,2017,policy,0.07568108563557807,0.8054252118243355,0.0048688221688202304,0.014678165130446175
Fujian,2017,postal,0.05103040744283405,0.7175066504811252,-0.010215338741424773,-0.0002444390136826513
Fujian,2017,rural,0.09025835725744713,0.8912358277784538,0.011416423305247392,0.07449709404025207
Fujian,2018,city,0.025318008083774046,1.1319600259471994,0.05097668422435753,0.7105960996808438
Fujian,2018,foreign,-0.5898586032483237,-0.1626243466372319,-0.2643347084547898,-0.07410797215372167
Fujian,2018,joint_stock,-0.09316741569044495,0.46698379628385034,-0.07849658435886653,0.715184905414791
Fujian,2018,large,-0.009607413058031256,0.4508070114122855,0.0025298442812111688,0.04413008895271098
Fujian,2018,policy,0.053417496295420364,0.8588427081197558,0.033955516760284965,0.04863368189073114
Fujian,2018,postal,0.11124401276903839,0.8287506632501636,0.038251770964709664,0.03800733195102701
Fujian,2018,rural,0.055343811964959855,0.9465796397434136,0.006399820186736349,0.08089691422698841
Fujian,2019,city,0.12054314892908025,1.2525031748762796,0.024698726947187666,0.7352948266280315
Fujian,2019,foreign,0.7305284933329244,0.5679041466956924,1.219997565398633,1.1458895932449114
Fujian,2019,joint_stock,0.20223942974486775,0.6692232260287181,0.03705967129593901,0.75224457671073
Fujian,2019,large,0.14868170476212939,0.5994887161744149,0.03510112862310244,0.07923121757581342
Fujian,2019,policy,0.012582274164905982,0.8714249822846618,-0.03179918169293838,0.016834500197792757
Fujian,2019,postal,-0.10020188181444212,0.7285487814357214,-0.18615241458043563,-0.14814508262940862
Fujian,2019,rural,0.04171040220444766,0.9882900419478613,-0.03814308023605051,0.042753833990937906
Fujian,2020,city,0.0765692095194428,1.3290723843957224,0.00030567018425387005,0.7356004968122853
Fujian,2020,foreign,-0.2008489354011722,0.36705521129452023,-1.2187163352425845,-0.07282674199767314
Fujian,2020,joint_stock,0.039660180518207966,0.708883406546926,-0.057348170929378384,0.6948964057813516
Fujian,2020,large,0.06615563865227614,0.665644354826691,-0.06062361209126621,0.018607605484547207
Fujian,2020,policy,0.03984434938112891,0.9112693316657907,-0.04122595332195189,-0.024391453124159135
Fujian,2020,postal,0.2673938992932072,0.9959426807289287,0.10930313190497998,-0.03884195072442864
Fujian,2020,rural,0.13495308830488817,1.1232431302527495,0.007253633318407893,0.0500074673093458
Fujian,2021,city,0.10402406798006858,1.433096452375791,0.058407294082634564,0.7940077908949199
Fujian,2021,foreign,0.005711300533530306,0.37276651182805054,0.08112554481236867,0.008298802814695527
Fujian,2021,joint_stock,0.07515051890574753,0.7840339254526736,0.04101263411667588,0.7359090398980275
Fujian,2021,large,0.08205065179557991,0.747695006622271,-0.0054044881977368675,0.01320311728681034
Fujian,2021,policy,0.05395640968772675,0.9652257413535175,0.09265386438871204,0.0682624112645529
Fujian,2021,postal,0.10838077718776162,1.1043234579166903,0.008696394438228339,-0.030145556286200303
Fujian,2021,rural,0.100588232988569,1.2238313632413185,0.0038653638672005997,0.0538728311765464
Fujian,2022,city,0.10088144417530032,1.5339778965510913,0.03211259081538387,0.8261203817103038
Fujian,2022,foreign,0.021033225920470855,0.3937997377485214,-0.008298802814695527,0.0
Fujian,2022,joint_stock,0.05963223785426486,0.8436661633069384,0.014984388130942605,0.7508934280289701
Fujian,2022,large,0.020889705329441455,0.7685847119517124,0.001328009991402368,0.014531127278212708
Fujian,2022,policy,0.4518635836876346,1.417089325041152,-0.05196655907332026,0.01629585219123264
Fujian,2022,postal,0.10608667336919808,1.2104101312858884,-0.0022695760593194336,-0.03241513234551974
Fujian,2022,rural,0.08153751485976102,1.3053688781010795,-0.0245800370005842,0.0292927941759622
Gansu,2005,city,,-1.6100923344598517,,
Gansu,2005,foreign,,-1.2370281504136802,,
Gansu,2005,joint_stock,,-1.3116808096475587,,
Gansu,2005,large,,-1.0395574279203839,,
Gansu,2005,policy,,-1.1280552923440492,,
Gansu,2005,postal,,-1.1878328218055554,,
Gansu,2005,rural,,-1.2967408254215265,,
Gansu,2006,city,0.2546742137662452,-1.3554181206936065,,
Gansu,2006,foreign,0.4030965972726914,-0.8339315531409888,,
Gansu,2006,joint_stock,0.2830734236230459,-1.0286073860245128,,
Gansu,2006,large,0.20009687291735645,-0.8394605550030274,,
Gansu,2006,policy,0.10094436781300686,-1.0271109245310424,,
Gansu,2006,postal,0.2231280732062917,-0.9647047485992637,,
Gansu,2006,rural,0.26881669288441223,-1.0279241325371142,,
Gansu,2007,city,0.21609432491579916,-1.1393237957778073,,-0.1290577631663794
Gansu,2007,foreign,0.3462472226583806,-0.4876843304826082,,-0.31233663401572187
Gansu,2007,joint_stock,0.32524848859941,-0.7033588974251028,,-0.12262869687803857
Gansu,2007,large,0.16212624451809,-0.6773343104849374,,-0.007992206407182678
Gansu,2007,policy,0.12692898886645487,-0.9001819356645875,,0.010459770562684767
Gansu,2007,postal,0.08129142549186241,-0.8834133231074013,,-0.06298400675094662
Gansu,2007,rural,0.1307690607460632,-0.897155071791051,,0.007468725420176625
Gansu,2008,city,0.21014972835237167,-0.9291740674254356,-0.05704741609821262,-0.18610517926459202
Gansu,2008,foreign,0.11484755535905755,-0.3728367751235506,0.15169614328309056,-0.1606404907326313
Gansu,2008,joint_stock,0.026616569175306637,-0.6767423282497962,-0.14592697267100618,-0.26855566954904475
Gansu,2008,large,0.1859028773690703,-0.4914314331158671,-0.0004700761784057761,-0.008462282585588454
Gansu,2008,policy,0.2902310249131528,-0.6099509107514347,-0.011567190387932413,-0.0011074198252476464
Gansu,2008,postal,0.291927719984308,-0.5914856031230933,-0.14562418713263448,-0.2086081938835811
Gansu,2008,rural,0.2455913929252045,-0.6515636788658465,-0.022544696426511024,-0.015075971006334399
Gansu,2009,city,0.3022040211163475,-0.6269700463090881,0.03755247843270659,-0.14855270083188543
Gansu,2009,foreign,0.055859706698868195,-0.31697706842468243,-0.05087007367163299,-0.2115105644042643
Gansu,2009,joint_stock,0.2546864159336373,-0.4220559123161589,0.19101211119398442,-0.07754355835506033
Gansu,2009,large,0.2510572741954036,-0.24037415892046354,-0.016912200082488837,-0.02537448266807729
Gansu,2009,policy,0.24881857485281422,-0.3611323358986205,0.00331858711643207,0.002211167291184424
Gansu,2009,postal,0.22522435593389467,-0.3662612471891986,0.043306261126954126,-0.16530193275662697
Gansu,2009,rural,0.22294585716736925,-0.4286178216984773,0.011840463093943043,-0.0032355079123913555
Gansu,2010,city,0.36742477913393223,-0.2595452671751559,0.055281777405939536,-0.0932709234259459
Gansu,2010,foreign,0.1351696789323782,-0.18180738949230424,0.09158482383551991,-0.11992574056874439
Gansu,2010,joint_stock,0.1377947798520136,-0.2842611324641453,-0.04166223598539531,-0.11920579434045564
Gansu,2010,large,0.1582241294248643,-0.08215002949559924,0.02115229262689411,-0.0042221900411831825
Gansu,2010,policy,0.17901928385220245,-0.18211305204641803,-0.01334094272398545,-0.011129775432801026
Gansu,2010,postal,0.17370933188997917,-0.19255191529921944,0.11655554121406553,-0.04874639154256144
Gansu,2010,rural,0.21403972984219166,-0.21457809185628562,-0.01112915952289839,-0.014364667435289746
Gansu,2011,city,0.2595452671751559,0.0,0.0932709234259459,0.0
Gansu,2011,foreign,0.18180738949230424,0.0,0.11992574056874439,0.0
Gansu,2011,joint_stock,0.2842611324641453,0.0,0.11920579434045564,0.0
Gansu,2011,large,0.08215002949559924,0.0,0.0042221900411831825,0.0
Gansu,2011,policy,0.18211305204641803,0.0,0.011129775432801026,0.0
Gansu,2011,postal,0.19255191529921944,0.0,0.04874639154256144,0.0
Gansu,2011,rural,0.21457809185628562,0.0,0.014364667435289746,0.0
Gansu,2012,city,0.21524158148014294,0.21524158148014294,0.0649530817889481,0.0649530817889481
Gansu,2012,foreign,0.12409535076692357,0.12409535076692357,0.04900757910669462,0.04900757910669462
Gansu,2012,joint_stock,0.20438410648945649,0.20438410648945649,0.09663282197449163,0.09663282197449163
Gansu,2012,large,0.11809198197306969,0.11809198197306969,0.022503553298033552,0.022503553298033552
Gansu,2012,policy,0.14564355892943404,0.14564355892943404,-0.0033259454162726243,-0.0033259454162726243
Gansu,2012,postal,0.18670245662878138,0.18670245662878138,-0.015883975627843938,-0.015883975627843938
Gansu,2012,rural,0.17690261927513973,0.17690261927513973,-0.0036789160462582515,-0.0036789160462582515
Gansu,2013,city,0.13465473521459614,0.3498963166947391,0.12144283765687902,0.18639591944582712
Gansu,2013,foreign,0.06405912072966835,0.18815447149659192,0.0793735875415118,0.12838116664820642
Gansu,2013,joint_stock,0.13347141218067193,0.3378555186701284,0.09927013576075794,0.19590295773524957
Gansu,2013,large,0.07513249768391539,0.19322447965698508,0.013166360688435574,0.035669913986469126
Gansu,2013,policy,0.1300725934045115,0.27571615233394553,0.013237920840635908,0.009911975424363284
Gansu,2013,postal,0.11676245738989088,0.30346491401867226,0.047499646226706105,0.03161567059886217
Gansu,2013,rural,0.16880636113266867,0.3457089804078084,0.02019597823144359,0.01651706218518534
Gansu,2014,city,0.23369646860176374,0.5835927852965028,0.16003278357024975,0.34642870301607687
Gansu,2014,foreign,0.06648009756768225,0.2546345690642742,0.09110272824847243,0.21948389489667885
Gansu,2014,joint_stock,0.13031124810391148,0.4681667667740399,0.29850103192584676,0.49440398966109633
Gansu,2014,large,0.1323659363173295,0.3255904159743146,0.006858042704170231,0.04252795669063936
Gansu,2014,policy,0.11883578727647048,0.394551939610416,0.000547795138321483,0.010459770562684767
Gansu,2014,postal,0.3234574709462379,0.6269223849649102,0.005280135956494902,0.03689580655535707
Gansu,2014,rural,0.2833085058252536,0.629017486233062,0.0114298880152095,0.027946950200394838
Gansu,2015,city,0.20905394142611655,0.7926467267226194,0.08812357369253832,0.4345522767086152
Gansu,2015,foreign,-0.019669097801617852,0.23496547126265632,-0.003673098711860945,0.2158107961848179
Gansu,2015,joint_stock,0.13180159003290193,0.5999683568069418,0.16025014741566146,0.6546541370767578
Gansu,2015,large,0.013999281374962536,0.33958969734927713,0.012661935564244331,0.05518989225488369
Gansu,2015,policy,0.20691431084765632,0.6014662504580723,-0.0016442864762504783,0.008815484086434289
Gansu,2015,postal,-0.09406799284770351,0.5328543921172066,-0.026056649827390643,0.010839156727966426
Gansu,2015,rural,0.02494624599988704,0.653963732232949,0.03000940342347924,0.05795635362387408
Gansu,2016,city,0.21479163580420213,1.0074383625268215,0.16784181641772555,0.6023940931263407
Gansu,2016,foreign,0.08110665997070399,0.3160721312333603,0.009157573154020326,0.22496836933883824
Gansu,2016,joint_stock,0.1688482811359009,0.7688166379428427,0.13347228922310528,0.7881264262998631
Gansu,2016,large,0.06926611896370893,0.40885581631298606,-0.004470909734452633,0.050718982520431055
Gansu,2016,policy,0.13422509217485157,0.7356913426329239,0.0021917816993433092,0.011007265785777598
Gansu,2016,postal,0.12982286840028223,0.6626772605174889,0.0007164607148677504,0.011555617442834176
Gansu,2016,rural,0.1520627838503188,0.8060265160832678,0.003201426865590662,0.06115778048946474
Gansu,2017,city,0.10154697807925572,1.1089853406060772,0.04993375090080221,0.652327844027143
Gansu,2017,foreign,0.0915631799614971,0.4076353111948574,-0.039038414365062835,0.1859299549737754
Gansu,2017,joint_stock,-0.13796776559485835,0.6308488723479844,0.007693402419624462,0.7958198287194875
Gansu,2017,large,0.05513577091985766,0.4639915872328437,-0.006421889351567955,0.0442970931688631
Gansu,2017,policy,0.07260591286794948,0.8082972555008734,0.003824096438403757,0.014831362224181355
Gansu,2017,postal,0.05349920534533403,0.7161764658628229,-0.009715801508622945,0.0018398159342112308
Gansu,2017,rural,0.09019145874800572,0.8962179748312735,0.010139341180336103,0.07129712166980084
Gansu,2018,city,0.023326344187523773,1.132311684793601,0.04990020541186091,0.7022280494390039
Gansu,2018,foreign,-0.5743329486246065,-0.16669763742974908,-0.2532119620570974,-0.06728200708332199
Gansu,2018,joint_stock,-0.08098891269151309,0.5498599596564713,-0.06926661909336929,0.7265532096261182
Gansu,2018,large,-0.007174781915169959,0.45681680531767377,0.0021452153441341437,0.046442308512997243
Gansu,2018,policy,0.05391711758649542,0.8622143730873688,0.03482805799587574,0.04965942022005709
Gansu,2018,postal,0.11139076231315137,0.8275672281759743,0.03735186922156508,0.03919168515577631
Gansu,2018,rural,0.05431880849499038,0.9505367833262639,0.012254519591037294,0.08355164126083814
Gansu,2019,city,0.11954671383514359,1.2518583986287446,0.026881159559303924,0.7291092089983078
Gansu,2019,foreign,0.7171157716021508,0.5504181341724017,1.185114785691539,1.117832778608217
Gansu,2019,joint_stock,0.1771158659623584,0.7269758256188297,0.02998021334854606,0.7565334229746643
Gansu,2019,large,0.14857134585341747,0.6053881511710912,0.03600434214601833,0.08244665065901557
Gansu,2019,policy,0.012777042837267771,0.8749914159246366,-0.02398196468648539,0.025677455533571703
Gansu,2019,postal,-0.0966335798644895,0.7309336483114848,-0.18230413989433636,-0.14311245473856005
Gansu,2019,rural,0.04143345575403501,0.9919702390802989,-0.0381112766667826,0.04544036459405554
Gansu,2020,city,0.07712738666812058,1.3289857852968652,0.0007996801705640877,0.7299088891688719
Gansu,2020,foreign,-0.19733456673847805,0.35308356743392366,-1.1900107563037459,-0.07217797769552892
Gansu,2020,joint_stock,0.043307042950003094,0.7702828685688328,-0.050652975629233765,0.7058804473454305
Gansu,2020,large,0.0676531956726425,0.6730413468437337,-0.05940297649581083,0.02304367416320474
Gansu,2020,policy,0.04176486957265624,0.9167562854972928,-0.04017046283613901,-0.014493007302567307
Gansu,2020,postal,0.26542392292343386,0.9963575712349186,0.10802868206862293,-0.03508377266993712
Gansu,2020,rural,0.13655118679856137,1.1285214258788603,0.008539439637139878,0.053979804231195416
Gansu,2021,city,0.10399820066931831,1.4329839859661835,0.05880360578027677,0.7887124949491486
Gansu,2021,foreign,0.005628034501661716,0.3587116019355854,0.07786951269531706,0.005691534999788139
Gansu,2021,joint_stock,0.07714936557170304,0.8474322341405358,0.03175805665964937,0.7376385040050799
Gansu,2021,large,0.08216507923765803,0.7552064260813918,-0.005855590526747889,0.017188083636456852
Gansu,2021,policy,0.052605888743599394,0.9693621742408922,0.08293232217422108,0.06843931487165378
Gansu,2021,postal,0.10774756119937123,1.1041051324342899,0.008437554921876256,-0.026646217748060863
Gansu,2021,rural,0.10093547332012065,1.229456899198981,0.004005307337063613,0.05798511156825903
Gansu,2022,city,0.1011347076209983,1.5341186935871818,0.03408319875137167,0.8227956937005203
Gansu,2022,foreign,0.024209615144506813,0.3829212170800922,-0.007977250280644554,-0.002285715280856415
Gansu,2022,joint_stock,0.05944518443989644,0.9068774185804322,0.014043657404094745,0.7516821614091747
Gansu,2022,large,0.023879296888198454,0.7790857229695902,0.0010517923849509003,0.018239876021407753
Gansu,2022,policy,0.4469856583824363,1.4163478326233285,-0.05251803428344637,0.01592128058820741
Gansu,2022,postal,0.10690766557588383,1.2110127980101737,-0.0026388106522059473,-0.02928502840026681
Gansu,2022,rural,0.08115900451637792,1.3106159037153589,-0.023834209358012615,0.034150902210246414
Guangdong,2005,city,,-1.582078911333106,,
Guangdong,2005,foreign,,-1.1202960193518958,,
Guangdong,2005,joint_stock,,-1.2728542844186475,,
Guangdong,2005,large,,-1.0193567560081522,,
Guangdong,2005,policy,,-1.0891068221301499,,
Guangdong,2005,postal,,-1.1661791135073738,,
Guangdong,2005,rural,,-1.3192199079420135,,
Guangdong,2006,city,0.2109092748897794,-1.3711696364433266,,
Guangdong,2006,foreign,0.30282492628799673,-0.8174710930638991,,
Guangdong,2006,joint_stock,0.22256765069644224,-1.0502866337222052,,
Guangdong,2006,large,0.1716077534781295,-0.8477490025300227,,
Guangdong,2006,policy,0.06679619436955342,-1.0223106277605964,,
Guangdong,2006,postal,0.208666958479494,-0.9575121550278798,,
Guangdong,2006,rural,0.27120468285324506,-1.0480152250887684,,
Guangdong,2007,city,0.2214707009832182,-1.1496989354601084,,-0.12251528812291923
Guangdong,2007,foreign,0.40964298221992834,-0.40782811084397075,,-0.31599370527767245
Guangdong,2007,joint_stock,0.3140820242799798,-0.7362046094422254,,-0.16755695013990923
Guangdong,2007,large,0.1512646435311833,-0.6964843589988394,,-0.00034102535285640556
Guangdong,2007,policy,0.12348550621129739,-0.898825121549299,,0.01005595066087217
Guangdong,2007,postal,0.0724933721860399,-0.8850187828418399,,-0.06505270547133435
Guangdong,2007,rural,0.11728782854357966,-0.9307273965451888,,0.0020491645130036318
Guangdong,2008,city,0.22683730190868268,-0.9228616335514257,-0.05983296060606769,-0.18234824872898692
Guangdong,2008,foreign,0.08769038304905408,-0.32013772779491667,0.1618430254504144,-0.15415067982725805
Guangdong,2008,joint_stock,0.02680563728160834,-0.7093989721606171,-0.1505869510251241,-0.3181439011650333
Guangdong,2008,large,0.20395946321628777,-0.49252489578255165,-0.004653335525642177,-0.004994360878498583
Guangdong,2008,policy,0.2922640248549886,-0.6065610966943105,-0.01005595066087217,0.0
Guangdong,2008,postal,0.29615475718441786,-0.588864025657422,-0.12821209057003635,-0.1932647960413707
Guangdong,2008,rural,0.2534230361811698,-0.677304360364019,-0.02272565727788667,-0.020676492764883037
Guangdong,2009,city,0.32287127582073616,-0.5999903577306895,0.03540053440866231,-0.1469477143203246
Guangdong,2009,foreign,0.08998103613720154,-0.23015669165771513,-0.0838814839807025,-0.23803216380796055
Guangdong,2009,joint_stock,0.2701690297710915,-0.4392299423895256,0.24065640568665891,-0.07748749547837441
Guangdong,2009,large,0.24583515051978466,-0.246689745262767,-0.020191828824842162,-0.025186189703340744
Guangdong,2009,policy,0.25175198653909625,-0.3548091101552142,0.002243410924077871,0.002243410924077871
Guangdong,2009,postal,0.22862232032963803,-0.360241705327784,0.05053580939316049,-0.1427289866482102
Guangdong,2009,rural,0.24585744630199002,-0.43144691406202895,0.015348415510938906,-0.00532807725394413
Guangdong,2010,city,0.3317283583354662,-0.2682619993952233,0.05371731342266628,-0.09323040089765833
Guangdong,2010,foreign,0.06252006253962428,-0.16763662911809085,0.11963317494454451,-0.11839898886341604
Guangdong,2010,joint_stock,0.1144809170259169,-0.3247490253636087,-0.06821309846436563,-0.14570059394274004
Guangdong,2010,large,0.1595415236576887,-0.08714822160507829,0.022473719219423316,-0.0027124704839174285
Guangdong,2010,policy,0.17887660768130687,-0.17593250247390735,-0.02266385957721173,-0.02042044865313386
Guangdong,2010,postal,0.17132268770811798,-0.188919017619666,0.09084340331282625,-0.051885583335383956
Guangdong,2010,rural,0.2082195449112394,-0.22322736915078956,-0.012401207871803877,-0.017729285125748007
Guangdong,2011,city,0.2682619993952233,0.0,0.09323040089765833,0.0
Guangdong,2011,foreign,0.16763662911809085,0.0,0.11839898886341604,0.0
Guangdong,2011,joint_stock,0.3247490253636087,0.0,0.14570059394274004,0.0
Guangdong,2011,large,0.08714822160507829,0.0,0.0027124704839174285,0.0
Guangdong,2011,policy,0.17593250247390735,0.0,0.02042044865313386,0.0
Guangdong,2011,postal,0.188919017619666,0.0,0.051885583335383956,0.0
Guangdong,2011,rural,0.22322736915078956,0.0,0.017729285125748007,0.0
Guangdong,2012,city,0.241834504271484,0.241834504271484,0.07875863462339794,0.07875863462339794
Guangdong,2012,foreign,0.12877368940944578,0.12877368940944578,0.0032786914616984575,0.0032786914616984575
Guangdong,2012,joint_stock,0.18739822205996504,0.18739822205996504,0.08180141371953376,0.08180141371953376
Guangdong,2012,large,0.1151005041322275,0.1151005041322275,0.02138327213409319,0.02138327213409319
Guangdong,2012,policy,0.1442199097989736,0.1442199097989736,-0.003374581380144903,-0.003374581380144903
Guangdong,2012,postal,0.1905109466110524,0.1905109466110524,-0.019014163092544223,-0.019014163092544223
Guangdong,2012,rural,0.17809114168480633,0.17809114168480633,-0.004694996320189659,-0.004694996320189659
Guangdong,2013,city,0.1271178609462602,0.3689523652177442,0.11982308428449429,0.19858171890789222
Guangdong,2013,foreign,0.04074786472312297,0.16952155413256875,0.07410797215372167,0.07738666361542013
Guangdong,2013,joint_stock,0.13040917914573136,0.3178074012056964,0.12037636270865448,0.20217777642818824
Guangdong,2013,large,0.08075990241346709,0.1958604065456946,0.013133725356809123,0.03451699749090231
Guangdong,2013,policy,0.1310590652867205,0.2752789750856941,0.013430532041017074,0.01005595066087217
Guangdong,2013,postal,0.1116378938799567,0.3021488404910091,0.04767298964512534,0.028658826552581118
Guangdong,2013,rural,0.1698583500323867,0.347949491717193,0.020638164153334415,0.015943167833144756
Guangdong,2014,city,0.2559916332509413,0.6249439984686855,0.16893772029944643,0.36751943920733865
Guangdong,2014,foreign,0.07286481586719873,0.24238636999976748,0.11744525487289792,0.19483191848831805
Guangdong,2014,joint_stock,0.11384148601455557,0.43164888722025196,0.3346233337410638,0.536801110169252
Guangdong,2014,large,0.1426660509363984,0.338526457482093,0.006057196823251232,0.040574194314153544
Guangdong,2014,policy,0.12033493983790144,0.39561391492359554,0.0,0.01005595066087217
Guangdong,2014,postal,0.3414786217146002,0.6436274622056093,0.00557343350556927,0.03423226005815039
Guangdong,2014,rural,0.29868789769591153,0.6466373894131046,0.011348850211033934,0.02729201804417869
Guangdong,2015,city,0.21344631799472857,0.8383903164634141,0.08108713871347462,0.44860657792081327
Guangdong,2015,foreign,-0.016015342308577374,0.2263710276911901,-0.008141157583700043,0.186690760904618
Guangdong,2015,joint_stock,0.12407361094286351,0.5557224981631155,0.16564669736509074,0.7024478075343428
Guangdong,2015,large,0.006551419133263181,0.34507787661535616,0.012580373780252785,0.05315456809440633
Guangdong,2015,policy,0.2222077749965674,0.617821689920163,-0.0011123471669742813,0.00894360349389789
Guangdong,2015,postal,-0.10939677344600973,0.5342306887595996,-0.027272588451042523,0.006959671607107865
Guangdong,2015,rural,0.00888789187584571,0.6555252812889503,0.031635235900846936,0.058927253945025626
Guangdong,2016,city,0.22131310830969753,1.0597034247731116,0.1687373055788406,0.6173438834996539
Guangdong,2016,foreign,0.09112758242738472,0.31749861011857483,0.004078863574821234,0.19076962447943924
Guangdong,2016,joint_stock,0.0910130273244647,0.6467355254875802,0.2258981141185039,0.9283459216528467
Guangdong,2016,large,0.05672029155249092,0.4017981681678471,-0.021955356781232283,0.031199211313174047
Guangdong,2016,policy,0.1358477408683001,0.753669430788463,0.0033333364197583037,0.012276939913656193
Guangdong,2016,postal,0.1280132793852058,0.6622439681448054,0.0009723813127955339,0.007932052919903398
Guangdong,2016,rural,0.15489147440187345,0.8104167556908237,0.005345738427809721,0.06427299237283535
Guangdong,2017,city,0.09718997115333927,1.156893395926451,0.04943438369237363,0.6667782671920275
Guangdong,2017,foreign,0.10186059229795852,0.41935920241653335,-0.04014379849561678,0.15062582598382246
Guangdong,2017,joint_stock,-0.05377704898929281,0.5929584764982874,-0.07453125749204581,0.8538146641608009
Guangdong,2017,large,0.049751891229567136,0.4515500593974142,0.01233547264474133,0.04353468395791538
Guangdong,2017,policy,0.07187333076083746,0.8255427615493005,0.004979263399606637,0.01725620331326283
Guangdong,2017,postal,0.0447769843126995,0.7070209524575048,-0.010209958232897165,-0.0022779053129937665
Guangdong,2017,rural,0.08793120034728474,0.8983479560381085,0.01048660376040722,0.07475959613324257
Guangdong,2018,city,0.03013019508590098,1.1870235910123519,0.053944613474429914,0.7207228806664574
Guangdong,2018,foreign,-0.9558370758032808,-0.5364778733867475,-0.4204066881063637,-0.26978086212254127
Guangdong,2018,joint_stock,-0.10271692505807906,0.4902415514402083,-0.0797450362735006,0.7740696278873003
Guangdong,2018,large,-0.0018078641108214555,0.44974219528659276,0.0003626473294513488,0.043897331287366725
Guangdong,2018,policy,0.05311735993868716,0.8786601214879877,0.03577617316528414,0.05303237647854697
Guangdong,2018,postal,0.11681974192708466,0.8238406943845895,0.039833288503675846,0.03755538319068208
Guangdong,2018,rural,0.052036535777942206,0.9503844918160507,0.0067369493501967526,0.08149654548343932
Guangdong,2019,city,0.11861652469322692,1.3056401157055788,0.024684696218919555,0.745407576885377
Guangdong,2019,foreign,1.1218482995743209,0.5853704261875734,1.612444141883027,1.3426632797604858
Guangdong,2019,joint_stock,0.2012940210813614,0.6915355725215697,0.03652151907088452,0.8105911469581848
Guangdong,2019,large,0.14215874914454574,0.5919009444311385,0.00305913044367756,0.046956461731044286
Guangdong,2019,policy,0.01792395538000413,0.8965840768679918,-0.033571100606970106,0.019461275871576866
Guangdong,2019,postal,-0.009747017514492029,0.8140936768700975,-0.11985488064356886,-0.08229949745288678
Guangdong,2019,rural,0.03497774951832433,0.985362241334375,-0.037759223959636046,0.043737321523803274
Guangdong,2020,city,0.09184942062891821,1.397489536334497,0.012899345133931206,0.7583069220193082
Guangdong,2020,foreign,-0.12260045310637935,0.46276997308119405,-1.3151311763702846,0.02753210339020118
Guangdong,2020,joint_stock,0.11995038629985544,0.8114859588214252,-0.0007633264439164122,0.8098278205142684
Guangdong,2020,large,0.11190342409476095,0.7038043685258994,-0.010903449894586359,0.03605301183645793
Guangdong,2020,policy,0.06658138763731358,0.9631654645053054,-0.026221865001453182,-0.0067605891298763154
Guangdong,2020,postal,0.18816736127089406,1.0022610381409915,0.04524808936934477,-0.037051408083542015
Guangdong,2020,rural,0.15119573362054695,1.136557974954922,0.013574521664249772,0.05731184318805305
Guangdong,2021,city,0.10101526393078508,1.498504800265282,0.05651564539685694,0.8148225674161651
Guangdong,2021,foreign,-0.0002355197426897604,0.4625344533385043,0.04375698035710052,0.0712890837473017
Guangdong,2021,joint_stock,0.07887019180691368,0.8903561506283388,0.023230530167525743,0.8330583506817941
Guangdong,2021,large,0.08355022209079976,0.7873545906166992,-0.0068019366267293435,0.029251075209728583
Guangdong,2021,policy,0.055442095804915326,1.0186075603102207,0.08034704888585953,0.07358645975598321
Guangdong,2021,postal,0.1087493480076045,1.111010386148596,0.008327802411278284,-0.02872360567226373
Guangdong,2021,rural,0.10079075537049675,1.2373487303254187,0.006188392602519244,0.06350023579057229
Guangdong,2022,city,0.10455906251736735,1.6030638627826495,0.03123527259027803,0.8460578400064431
Guangdong,2022,foreign,0.015113544338822393,0.4776479976773267,-0.006134988567516153,0.06515409517978554
Guangdong,2022,joint_stock,0.06140033330964734,0.9517564839379862,0.014321232420284602,0.8473795831020787
Guangdong,2022,large,0.007058500970945403,0.7944130915876446,0.0013604193659872976,0.03061149457571588
Guangdong,2022,policy,0.45752025022612663,1.4761278105363473,-0.053024468308220385,0.02056199144776283
Guangdong,2022,postal,0.10655458336108836,1.2175649695096844,-0.0023443615842726473,-0.031067967256536377
Guangdong,2022,rural,0.08213325239585778,1.3194819827212765,-0.02690014957271103,0.03660008621786126
Guangxi,2005,city,,-1.5987455434306916,,
Guangxi,2005,foreign,,-1.236519820140563,,
Guangxi,2005,joint_stock,,-1.3115373678641475,,
Guangxi,2005,large,,-1.074443774030346,,
Guangxi,2005,policy,,-1.1237103191300868,,
Guangxi,2005,postal,,-1.1779652824894669,,
Guangxi,2005,rural,,-1.2987142289433589,,
Guangxi,2006,city,0.25789540775069675,-1.340850135679995,,
Guangxi,2006,foreign,0.4030965972726914,-0.8334232228678715,,
Guangxi,2006,joint_stock,0.28491805225597133,-1.0266193156081762,,
Guangxi,2006,large,0.23418369899956204,-0.840260075030784,,
Guangxi,2006,policy,0.10049912856866605,-1.0232111905614207,,
Guangxi,2006,postal,0.22040744351595798,-0.9575578389735089,,
Guangxi,2006,rural,0.2764814401264015,-1.0222327888169573,,
Guangxi,2007,city,0.21448015254305375,-1.1263699831369411,,-0.12757167132956226
Guangxi,2007,foreign,0.3462472226583806,-0.4871760002094909,,-0.31005091873486545
Guangxi,2007,joint_stock,0.32493398665786444,-0.7016853289503118,,-0.12951623818150537
Guangxi,2007,large,0.16292769778569216,-0.6773323772450919,,-0.0064379781854349005
Guangxi,2007,policy,0.12518732286637224,-0.8980238676950485,,0.009939341902557963
Guangxi,2007,postal,0.07600388136503078,-0.8815539576084781,,-0.06201829704845885
Guangxi,2007,rural,0.12944611725570887,-0.8927866715612485,,0.0084821496812868
Guangxi,2008,city,0.20886901623536325,-0.9175009669015779,-0.056978855296968334,-0.1845505266265306
Guangxi,2008,foreign,0.1147614714394809,-0.37241452877001,0.15035476145888982,-0.15969615727597564
Guangxi,2008,joint_stock,0.02684668562413073,-0.674838643326181,-0.13563772603036917,-0.26515396421187454
Guangxi,2008,large,0.1859017646269443,-0.4914306126181476,-0.0015280988684942542,-0.007966077053929155
Guangxi,2008,policy,0.2896296565433438,-0.6083942111517047,-0.010494434894884996,-0.0005550929923270331
Guangxi,2008,postal,0.2918058325120114,-0.5897481250964667,-0.12857916904935607,-0.19059746609781492
Guangxi,2008,rural,0.24402301062968768,-0.6487636609315608,-0.02351286967521915,-0.015030719993932351
Guangxi,2009,city,0.2995280576172874,-0.6179729092842905,0.03671384462439242,-0.14783668200213818
Guangxi,2009,foreign,0.05553868960815578,-0.31687583916185424,-0.052353552482986565,-0.2120497097589622
Guangxi,2009,joint_stock,0.24943972150552263,-0.4253989218206584,0.17953936104063395,-0.08561460317124059
Guangxi,2009,large,0.2515283440957461,-0.23990226852240149,-0.0164109518915172,-0.024377028945446355
Guangxi,2009,policy,0.24662772273021538,-0.3617664884214893,0.004432140219338798,0.003877047227011765
Guangxi,2009,postal,0.22560897933108492,-0.36413914576538176,0.022785518571547314,-0.1678119475262676
Guangxi,2009,rural,0.222817490093556,-0.4259461708380048,0.01083137502781284,-0.0041993449661195115
Guangxi,2010,city,0.3639844138431023,-0.2539884954411882,0.05413748793228734,-0.09369919406985083
Guangxi,2010,foreign,0.13460766918975686,-0.18226816997209738,0.09183236345677415,-0.12021734630218806
Guangxi,2010,joint_stock,0.14043303137698615,-0.28496589044367227,-0.03424472257815658,-0.11985932574939717
Guangxi,2010,large,0.1567636019045615,-0.08313866661783997,0.020620745865333134,-0.0037562830801132208
Guangxi,2010,policy,0.17914832789638702,-0.18261816052510227,-0.024057104231389737,-0.02018005700437797
Guangxi,2010,postal,0.17220570725126194,-0.19193343851411981,0.11802769967574811,-0.04978424785051949
Guangxi,2010,rural,0.20835063108859764,-0.21759553974940715,-0.012890884725480944,-0.017090229691600456
Guangxi,2011,city,0.2539884954411882,0.0,0.09369919406985083,0.0
Guangxi,2011,foreign,0.18226816997209738,0.0,0.12021734630218806,0.0
Guangxi,2011,joint_stock,0.28496589044367227,0.0,0.11985932574939717,0.0
Guangxi,2011,large,0.08313866661783997,0.0,0.0037562830801132208,0.0
Guangxi,2011,policy,0.18261816052510227,0.0,0.02018005700437797,0.0
Guangxi,2011,postal,0.19193343851411981,0.0,0.04978424785051949,0.0
Guangxi,2011,rural,0.21759553974940715,0.0,0.017090229691600456,0.0
Guangxi,2012,city,0.21688346675212955,0.21688346675212955,0.06645606726684328,0.06645606726684328
Guangxi,2012,foreign,0.1236717964888534,0.1236717964888534,0.04911701496495535,0.04911701496495535
Guangxi,2012,joint_stock,0.20377649446069945,0.20377649446069945,0.09629227395680928,0.09629227395680928
Guangxi,2012,large,0.11811387490725345,0.11811387490725345,0.021887920082376056,0.021887920082376056
Guangxi,2012,policy,0.14588052243463068,0.14588052243463068,-0.0033351893061377424,-0.0033351893061377424
Guangxi,2012,postal,0.18724613081329977,0.18724613081329977,-0.017117590547133688,-0.017117590547133688
Guangxi,2012,rural,0.17613138556207808,0.17613138556207808,-0.0061293152370858195,-0.0061293152370858195
Guangxi,2013,city,0.14070289312373596,0.3575863598758655,0.12393690123076162,0.1903929684976049
Guangxi,2013,foreign,0.063786813988429,0.1874586104772824,0.07853327342468219,0.12765028838963755
Guangxi,2013,joint_stock,0.13356712999062204,0.3373436244513215,0.09778314479239292,0.1940754187492022
Guangxi,2013,large,0.0749587612617777,0.19307263616903114,0.013118609858887353,0.03500652994126341
Guangxi,2013,policy,0.1292131825749454,0.2750937050095761,0.013274531208695706,0.009939341902557963
Guangxi,2013,postal,0.11562351963745243,0.3028696504507522,0.04765982266822988,0.03054223212109619
Guangxi,2013,rural,0.16983417614228635,0.34596556170436443,0.020336700149258036,0.014207384912172216
Guangxi,2014,city,0.2393219380486169,0.5969082979244824,0.16248719639432707,0.35288016489193197
Guangxi,2014,foreign,0.06636628993803839,0.2538249004153208,0.09136576337071478,0.21901605176035233
Guangxi,2014,joint_stock,0.13096126032853483,0.4683048847798563,0.298561740843553,0.4926371595927552
Guangxi,2014,large,0.13217547679779962,0.32524811296683076,0.006696060261575099,0.04170259020283851
Guangxi,2014,policy,0.11889902561458676,0.39399273062416285,0.00109829774906256,0.011037639651620523
Guangxi,2014,postal,0.32858642582131736,0.6314560762720696,0.005668413854936105,0.036210645976032296
Guangxi,2014,rural,0.28543860212792715,0.6314041638322916,0.010193798662891496,0.024401183575063712
Guangxi,2015,city,0.21047309863452845,0.8073813965590109,0.08212925160886364,0.4350094165007956
Guangxi,2015,foreign,-0.019704683471481133,0.23412021694383967,-0.004606180414897132,0.2144098713454552
Guangxi,2015,joint_stock,0.13223225055020116,0.6005371353300575,0.15845991686707528,0.6510970764598305
Guangxi,2015,large,0.013641127659536068,0.33888924062636683,0.012928922449441771,0.05463151265228028
Guangxi,2015,policy,0.20870658986151724,0.6026993204856801,-0.0021978030824794104,0.008839836569141113
Guangxi,2015,postal,-0.09636351248432717,0.5350925637877424,-0.025976261126519518,0.010234384849512779
Guangxi,2015,rural,0.023521770619115756,0.6549259344514073,0.030621585556531272,0.055022769131594984
Guangxi,2016,city,0.21389880323149413,1.021280199790505,0.1664040346119151,0.6014134511127107
Guangxi,2016,foreign,0.08120290269538621,0.3153231196392259,0.00919124117554837,0.22360111252100356
Guangxi,2016,joint_stock,0.16969380806927603,0.7702309433993335,0.2408785024037332,0.8919755788635637
Guangxi,2016,large,0.06796321728473487,0.4068524579111017,-0.021158453964037705,0.033473058688242574
Guangxi,2016,policy,0.13470196161721582,0.7374012821028959,0.002746499941238767,0.01158633651037988
Guangxi,2016,postal,0.13041979375963386,0.6655123575473763,0.0011776608188469595,0.011412045668359738
Guangxi,2016,rural,0.1540435236726463,0.8089694581240536,0.0025063752803511363,0.05752914441194612
Guangxi,2017,city,0.10051104886068352,1.1217912486511885,0.047654142128717325,0.649067593241428
Guangxi,2017,foreign,0.09135449393719597,0.40667761357642185,-0.039184117299587484,0.18441699522141608
Guangxi,2017,joint_stock,-0.13871316104014753,0.631517782359186,-0.09757128171145446,0.7944042971521093
Guangxi,2017,large,0.0542654942020917,0.4611179521131934,0.010585127140853245,0.04405818582909582
Guangxi,2017,policy,0.07335448923251597,0.8107557713354119,0.00437876999584752,0.0159651065062274
Guangxi,2017,postal,0.0526506146379937,0.71816297218537,-0.00967363084746431,0.0017384148208954286
Guangxi,2017,rural,0.09173319222444754,0.9007026503485012,0.014921920397329203,0.07245106480927532
Guangxi,2018,city,0.02351170472198305,1.1453029533731716,0.04816591659041336,0.6972335098318414
Guangxi,2018,foreign,-0.5756726603073243,-0.1689950467309025,-0.2543092576360886,-0.0698922624146725
Guangxi,2018,joint_stock,-0.08249188361591386,0.5490258987432721,-0.06890443721566619,0.7254998599364431
Guangxi,2018,large,-0.007957288649361516,0.4531606634638319,0.0031488217945359054,0.047207007623631725
Guangxi,2018,policy,0.05714375322010312,0.867899524555515,0.035411425260504004,0.051376531766731404
Guangxi,2018,postal,0.1112557571799151,0.829418729365285,0.03805741234404714,0.039795827164942565
Guangxi,2018,rural,0.053716339771481714,0.9544189901199829,0.006737932220302056,0.07918899702957738
Guangxi,2019,city,0.11782071373437475,1.2631236671075463,0.02055946793493213,0.7177929777667735
Guangxi,2019,foreign,0.7183816354309531,0.5493865887000506,1.188516546089244,1.1186242836745715
Guangxi,2019,joint_stock,0.1765293610848513,0.7255552598281234,0.02955164765599072,0.7550515075924338
Guangxi,2019,large,0.14927838887104627,0.6024390523348782,0.035716915287016704,0.08292392291064843
Guangxi,2019,policy,0.014279377805655358,0.8821789023611704,-0.03322920944634422,0.018147322320387183
Guangxi,2019,postal,-0.09875700589407188,0.7306617234712132,-0.1855770702378674,-0.14578124307292484
Guangxi,2019,rural,0.03949434483355496,0.9939133349535378,-0.04394635631261501,0.03524264071696237
Guangxi,2020,city,0.07399532061598002,1.3371189877235263,-0.008966420544838982,0.7088265572219346
Guangxi,2020,foreign,-0.19787948319451232,0.3515071055055383,-1.1934366052146936,-0.07481232154012218
Guangxi,2020,joint_stock,0.04215169563702226,0.7677069554651457,-0.05145522764504129,0.7035962799473925
Guangxi,2020,large,0.06800269892527488,0.670441751260153,-0.059586887813321,0.02333703509732743
Guangxi,2020,policy,0.04084560316338148,0.9230245055245518,-0.04059495399254587,-0.022447631672158685
Guangxi,2020,postal,0.26881328634094714,0.9994750098121603,0.1088436359342122,-0.036937607138712636
Guangxi,2020,rural,0.1355111999069507,1.1294245348604885,0.008598077034406515,0.043840717751368885
Guangxi,2021,city,0.10274568828346453,1.4398646760069909,0.042360144587947346,0.7511867018098819
Guangxi,2021,foreign,0.006113972799786538,0.35762107830532486,0.07823893825676986,0.003426616716647679
Guangxi,2021,joint_stock,0.07736590469790272,0.8450728601630484,0.032678045638542486,0.736274325585935
Guangxi,2021,large,0.08214533011539693,0.75258708137555,-0.004798629391322251,0.01853840570600518
Guangxi,2021,policy,0.05062226852703766,0.9736467740515895,0.0926236727122065,0.07017604104004782
Guangxi,2021,postal,0.10851403410944016,1.1079890439216005,0.008829522549042679,-0.028108084589669957
Guangxi,2021,rural,0.10061674977675494,1.2300412846372435,0.0026508987791320493,0.046491616530500934
Guangxi,2022,city,0.0998325463143157,1.5396972223213066,0.019904425695191463,0.7710911275050734
Guangxi,2022,foreign,0.024218965216316946,0.3818400435216418,-0.00801378072355341,-0.004587164006905731
Guangxi,2022,joint_stock,0.05985823172388116,0.9049310918869296,0.014115837555712218,0.7503901631416472
Guangxi,2022,large,0.02311796837408231,0.7757050497496323,0.0014026927153203417,0.01994109842132552
Guangxi,2022,policy,0.44683305967078013,1.4204798337223696,-0.052573826391920875,0.017602214648126946
Guangxi,2022,postal,0.10775201352105945,1.21574105744266,-0.002137155882900643,-0.0302452404725706
Guangxi,2022,rural,0.08346717094237377,1.3135084555796173,-0.01935790678870397,0.027133709741796963
Guizhou,2005,city,,-1.6097773348022066,,
Guizhou,2005,foreign,,-1.236901092068317,,
Guizhou,2005,joint_stock,,-1.3090214282383208,,
Guizhou,2005,large,,-1.0408118307998944,,
Guizhou,2005,policy,,-1.1277210938046611,,
Guizhou,2005,postal,,-1.1898513740945038,,
Guizhou,2005,rural,,-1.2998439474680517,,
Guizhou,2006,city,0.25551640381259944,-1.3542609309896072,,
Guizhou,2006,foreign,0.4030965972726914,-0.8338044947956256,,
Guizhou,2006,joint_stock,0.2825729506211143,-1.0264484776172065,,
Guizhou,2006,large,0.2002302675637413,-0.8405815632361531,,
Guizhou,2006,policy,0.0988079064669325,-1.0289131873377286,,
Guizhou,2006,postal,0.2246934204577844,-0.9651579536367194,,
Guizhou,2006,rural,0.267814778079158,-1.0320291693888937,,
Guizhou,2007,city,0.21531719637757085,-1.1389437346120364,,-0.1302350485782977
Guizhou,2007,foreign,0.3462472226583806,-0.487557272137245,,-0.3111944294369442
Guizhou,2007,joint_stock,0.3248128438699549,-0.7016356337472516,,-0.12647395735898925
Guizhou,2007,large,0.16256842575027086,-0.6780131374858822,,-0.008065115750927276
Guizhou,2007,policy,0.12574845260176737,-0.9031647347359613,,0.008294213985282184
Guizhou,2007,postal,0.07941742294921816,-0.8857405306875012,,-0.05643069134612411
Guizhou,2007,rural,0.13105666013553474,-0.9009725092533589,,0.009734937961864532
Guizhou,2008,city,0.20982610981085337,-0.929117624801183,-0.05718422528732603,-0.18741927386562374
Guizhou,2008,foreign,0.11484755535905755,-0.3727097167781874,0.15169614328309056,-0.15949828615385364
Guizhou,2008,joint_stock,0.026763038929388472,-0.6748725948178631,-0.14184816505260223,-0.2683221224115915
Guizhou,2008,large,0.18625998004069366,-0.49175315744518855,-0.0006750383210754052,-0.008740154072002682
Guizhou,2008,policy,0.2905732281228701,-0.6125915066130911,-0.010517672377678977,-0.002223458392396793
Guizhou,2008,postal,0.2949666488430296,-0.5907738818444717,-0.15157921839542432,-0.20800990974154843
Guizhou,2008,rural,0.246864229578744,-0.6541082796746149,-0.02518050161113017,-0.015445563649265637
Guizhou,2009,city,0.3029766767845583,-0.6261409480166247,0.03783783439970634,-0.1495814394659174
Guizhou,2009,foreign,0.055859706698868195,-0.31685001007931923,-0.05087007367163299,-0.21036835982548663
Guizhou,2009,joint_stock,0.254961206223804,-0.4199113885940591,0.1952832465086285,-0.07303887590296299
Guizhou,2009,large,0.2510712314251826,-0.24068192602000593,-0.01741331015135472,-0.026153464223357403
Guizhou,2009,policy,0.2484296654895033,-0.36416184112358785,0.0016680571006970624,-0.0005554012916997308
Guizhou,2009,postal,0.22544773875044832,-0.36532614309402334,0.06188441099596709,-0.14612549874558134
Guizhou,2009,rural,0.2255093900693126,-0.42859888960530235,0.011640789400104268,-0.003804774249161369
Guizhou,2010,city,0.36621549460293323,-0.25992545341369144,0.05483607187655082,-0.09474536758936658
Guizhou,2010,foreign,0.13506808579958118,-0.18178192427973805,0.09029699365109156,-0.12007136617439507
Guizhou,2010,joint_stock,0.1360106487907693,-0.2839007398032898,-0.04642710473637912,-0.1194659806393421
Guizhou,2010,large,0.15823808362578262,-0.08244384239422331,0.02221519867486066,-0.003938265548496744
Guizhou,2010,policy,0.18050172886746374,-0.1836601122561241,-0.02133713738813192,-0.021892538679831652
Guizhou,2010,postal,0.1732091083375611,-0.19211703475646225,0.10232196616949452,-0.04380353257608682
Guizhou,2010,rural,0.21055579237553523,-0.2180430972297671,-0.012427856843025609,-0.016232631092186978
Guizhou,2011,city,0.25992545341369144,0.0,0.09474536758936658,0.0
Guizhou,2011,foreign,0.18178192427973805,0.0,0.12007136617439507,0.0
Guizhou,2011,joint_stock,0.2839007398032898,0.0,0.1194659806393421,0.0
Guizhou,2011,large,0.08244384239422331,0.0,0.003938265548496744,0.0
Guizhou,2011,policy,0.1836601122561241,0.0,0.021892538679831652,0.0
Guizhou,2011,postal,0.19211703475646225,0.0,0.04380353257608682,0.0
Guizhou,2011,rural,0.2180430972297671,0.0,0.016232631092186978,0.0
Guizhou,2012,city,0.21452210710317487,0.21452210710317487,0.06679906126282908,0.06679906126282908
Guizhou,2012,foreign,0.12410643867339566,0.12410643867339566,0.0490622359980728,0.0490622359980728
Guizhou,2012,joint_stock,0.20459272512765914,0.20459272512765914,0.09701258829917592,0.09701258829917592
Guizhou,2012,large,0.1176765094616492,0.1176765094616492,0.021950175520217385,0.021950175520217385
Guizhou,2012,policy,0.1451885769280512,0.1451885769280512,-0.004451871570823052,-0.004451871570823052
Guizhou,2012,postal,0.1866782446141375,0.1866782446141375,-0.016318488757589122,-0.016318488757589122
Guizhou,2012,rural,0.17685484472393576,0.17685484472393576,-0.005865387514452536,-0.005865387514452536
Guizhou,2013,city,0.13771855170899805,0.3522406588121729,0.12164563852215693,0.18844469978498601
Guizhou,2013,foreign,0.06407333517583247,0.18817977384922813,0.07945661480290589,0.1285188508009787
Guizhou,2013,joint_stock,0.13256434821266616,0.3371570733403253,0.09730345316891054,0.19431604146808645
Guizhou,2013,large,0.07494983074825967,0.19262634020990888,0.01278004647875619,0.034730221998973576
Guizhou,2013,policy,0.12811438532770403,0.27330296225575523,0.012746085556105236,0.008294213985282184
Guizhou,2013,postal,0.11551357278809427,0.3021918174022318,0.046995925187269805,0.030677436429680682
Guizhou,2013,rural,0.16347013427903256,0.3403249790029683,0.019249115139617246,0.01338372762516471
Guizhou,2014,city,0.23624463060769862,0.5884852894198715,0.1610395841840564,0.3494842839690424
Guizhou,2014,foreign,0.06647350941991625,0.2546532832691444,0.09119023806459658,0.21970908886557527
Guizhou,2014,joint_stock,0.13077027329798696,0.46792734663831226,0.29851306182342263,0.4928291032915091
Guizhou,2014,large,0.13167086146534146,0.32429720167525034,0.006444598946011126,0.0411748209449847
Guizhou,2014,policy,0.11727371145900456,0.3905766737147598,0.0011007155761859622,0.009394929561468146
Guizhou,2014,postal,0.3261151116710259,0.6283069290732577,0.005277523858264743,0.035954960287945426
Guizhou,2014,rural,0.2843452338297894,0.6246702128327577,0.010392608541476278,0.023776336166640988
Guizhou,2015,city,0.20903739281518519,0.7975226822350567,0.08317155609912419,0.4326558400681666
Guizhou,2015,foreign,-0.019647810400075016,0.23500547286906937,-0.003676474729308765,0.2160326141362665
Guizhou,2015,joint_stock,0.1321668634051889,0.6000942100435012,0.157627020532912,0.6504561238244211
Guizhou,2015,large,0.012755822974614972,0.3370530246498653,0.01289601376004157,0.05407083470502627
Guizhou,2015,policy,0.204361353729972,0.5949380274447318,-0.002202644062342607,0.007192285499125539
Guizhou,2015,postal,-0.0955050478754167,0.532801881197841,-0.0259159029227245,0.010039057365220927
Guizhou,2015,rural,0.02299711287686712,0.6476673257096248,0.029955045766016042,0.05373138193265703
Guizhou,2016,city,0.21103931694113065,1.0085619991761874,0.1634140635674335,0.5960699036356001
Guizhou,2016,foreign,0.08110109189842696,0.3161065647674963,0.009165967014080678,0.2251985811503472
Guizhou,2016,joint_stock,0.16861677605184866,0.7687109860953498,0.2393689614433967,0.8898250852678178
Guizhou,2016,large,0.0669007069069707,0.403953731556836,-0.021431622130682726,0.032639212574343546
Guizhou,2016,policy,0.13577565242411893,0.7307136798688507,0.002752547843040354,0.009944833342165893
Guizhou,2016,postal,0.12921211548388634,0.6620139966817273,0.0007240037723121873,0.010763061137533114
Guizhou,2016,rural,0.15116049217658656,0.7988278178862114,0.007472086280541745,0.061203468213198775
Guizhou,2017,city,0.09874396251696815,1.1073059616931555,0.05069176932650876,0.6467616729621088
Guizhou,2017,foreign,0.09157128463575148,0.4076778494032478,-0.03907473840665343,0.18612384274369376
Guizhou,2017,joint_stock,-0.13865784456732655,0.6300531415280233,-0.0965836498712882,0.7932414353965296
Guizhou,2017,large,0.054858335682487436,0.45881206723932344,0.010115621536947117,0.04275483411129066
Guizhou,2017,policy,0.07101676700766824,0.801730446876519,0.0032930874984700154,0.013237920840635908
Guizhou,2017,postal,0.051995062627629096,0.7140090593093564,-0.010244997465065353,0.0005180636724677612
Guizhou,2017,rural,0.08873190927000785,0.8875597271562192,0.009230419034267356,0.07043388724746613
Guizhou,2018,city,0.023685481384703166,1.1309914430778587,0.05284890961433142,0.6996105825764403
Guizhou,2018,foreign,-0.5744936166707912,-0.16681576726754344,-0.25348539249856117,-0.06736154975486741
Guizhou,2018,joint_stock,-0.0810150201716553,0.549038121356368,-0.06906613424386165,0.7241753011526679
Guizhou,2018,large,-0.007122601554470975,0.45168946568485246,0.002595015088290964,0.04534984919958163
Guizhou,2018,policy,0.052758201499582214,0.8544886483761012,0.036054483595231446,0.049292404435867354
Guizhou,2018,postal,0.111308947450798,0.8253180067601544,0.038138569183510995,0.038656632855978756
Guizhou,2018,rural,0.05515466451307205,0.9427143916692913,0.008556639157429657,0.07899052640489579
Guizhou,2019,city,0.11777214607564268,1.2487635891535014,0.0251950090944284,0.7248055916708687
Guizhou,2019,foreign,0.7173121112669971,0.5504963439994537,1.1859631896483709,1.1186016398935035
Guizhou,2019,joint_stock,0.1761081223134564,0.7251462436698244,0.02838657972099945,0.7525618808736674
Guizhou,2019,large,0.14811250657419173,0.5998019722590442,0.034468382986394985,0.07981823218597661
Guizhou,2019,policy,0.01579599451142677,0.8702846428875279,-0.03495919323381713,0.014333211202050222
Guizhou,2019,postal,-0.09655234831054393,0.7287656584496105,-0.18552325143220294,-0.14686661857622418
Guizhou,2019,rural,0.04287457585511234,0.9855889675244036,-0.0411039333016312,0.03788659310326459
Guizhou,2020,city,0.07673982829943604,1.3255034174529374,0.0014917026819780688,0.7262972943528467
Guizhou,2020,foreign,-0.19734522343432737,0.3531511205651263,-1.1908651602485776,-0.0722635203550741
Guizhou,2020,joint_stock,0.042588655605564796,0.7677348992753892,-0.05098599297866713,0.7015758878950002
Guizhou,2020,large,0.06543653876086886,0.665238511019913,-0.059363591345997335,0.020454640839979277
Guizhou,2020,policy,0.040054404862306825,0.9103390477498348,-0.04020642047804035,-0.025873209275990128
Guizhou,2020,postal,0.27505843912914685,1.0038240975787573,0.10849417079559842,-0.03837244778062576
Guizhou,2020,rural,0.13577842944913598,1.1213673969735396,0.00964995735369989,0.04753655045696448
Guizhou,2021,city,0.10453268471851374,1.4300361021714512,0.05978764111132939,0.7860849354641761
Guizhou,2021,foreign,0.005628368468299172,0.3587794890334255,0.0779615414697119,0.005698021114637797
Guizhou,2021,joint_stock,0.07677648613976196,0.8445113854151511,0.032514198859368904,0.7340900867543692
Guizhou,2021,large,0.08199986215068833,0.7472383731706014,-0.02153654819343309,-0.0010819073534538148
Guizhou,2021,policy,0.05175902858871595,0.9620980763385507,0.09297645645810526,0.06710324718211513
Guizhou,2021,postal,0.11477982931728903,1.1186039268960464,0.03882957671418019,0.0004571289335544293
Guizhou,2021,rural,0.10138447454184885,1.2227518715153884,0.003730160760389012,0.05126671121735349
Guizhou,2022,city,0.10300828819038621,1.5330443903618374,0.03376503423536725,0.8198499696995434
Guizhou,2022,foreign,0.024211030497303554,0.38299051953072905,-0.007986351632649935,-0.0022883305180121383
Guizhou,2022,joint_stock,0.05969706505293182,0.904208450468083,0.01290154476703087,0.7469916315214
Guizhou,2022,large,0.02503315752632318,0.7722715306969246,0.0010990710522307268,1.716369877691193e-05
Guizhou,2022,policy,0.44959198142456636,1.411690057763117,-0.05277003598006491,0.014333211202050222
Guizhou,2022,postal,0.10676254740481639,1.2253664743008628,-0.0022571995918383436,-0.0018000706582839143
Guizhou,2022,rural,0.08394054593816769,1.3066924174535561,-0.02476477047184744,0.026501940745506047
Hainan,2005,city,,-1.6078716937709316,,
Hainan,2005,foreign,,-1.2370281504136802,,
Hainan,2005,joint_stock,,-1.3099570828655924,,
Hainan,2005,large,,-1.0393244990824844,,
Hainan,2005,policy,,-1.1312536093193462,,
Hainan,2005,postal,,-1.180757641751697,,
Hainan,2005,rural,,-1.3028618037188355,,
Hainan,2006,city,0.25481770077397137,-1.3530539929969603,,
Hainan,2006,foreign,0.4030965972726914,-0.8339315531409888,,
Hainan,2006,joint_stock,0.2823597538300877,-1.0275973290355047,,
Hainan,2006,large,0.19921037047737578,-0.8401141286051086,,
Hainan,2006,policy,0.10077145224595441,-1.0304821570733917,,
Hainan,2006,postal,0.22020111438130385,-0.9605565273703931,,
Hainan,2006,rural,0.26813721676889735,-1.0347245869499382,,
Hainan,2007,city,0.21485439275940799,-1.1381996002375523,,-0.1290084798862683
Hainan,2007,foreign,0.3462472226583806,-0.4876843304826082,,-0.31233663401572187
Hainan,2007,joint_stock,0.32449252155206487,-0.7031048074834398,,-0.11986160634862664
Hainan,2007,large,0.16180882548872333,-0.6783053031163853,,-0.007702959272796406
Hainan,2007,policy,0.12770612248394464,-0.9027760345894471,,0.009069147249863185
Hainan,2007,postal,0.07805211331870154,-0.8825044140516916,,-0.0631331062051288
Hainan,2007,rural,0.1327846334697611,-0.9019399534801771,,0.007757376477158573
Hainan,2008,city,0.2096554848148937,-0.9285441154226586,-0.05605104975638575,-0.18505952964265404
Hainan,2008,foreign,0.11484755535905755,-0.3728367751235506,0.15169614328309056,-0.1606404907326313
Hainan,2008,joint_stock,0.025482054354894146,-0.6776227531285457,-0.14936699746662896,-0.2692286038152556
Hainan,2008,large,0.18685899478574797,-0.4914463083306373,-6.798212072922638e-05,-0.007770941393525632
Hainan,2008,policy,0.2895022503444782,-0.6132737842449689,-0.010141533411616166,-0.0010723861617529806
Hainan,2008,postal,0.2907354256044865,-0.591768988447205,-0.14756704577167312,-0.21070015197680192
Hainan,2008,rural,0.24709115929385206,-0.654848794186325,-0.02439758468472597,-0.016640208207567397
Hainan,2009,city,0.30185036604769877,-0.6266937493749598,0.03732660813236954,-0.1477329215102845
Hainan,2009,foreign,0.055859706698868195,-0.31697706842468243,-0.05087007367163299,-0.2115105644042643
Hainan,2009,joint_stock,0.2552300282756619,-0.4223927248528838,0.1954458349164323,-0.07378276889882329
Hainan,2009,large,0.25018203652681414,-0.24126427180382315,-0.017574542122828163,-0.025345483516353795
Hainan,2009,policy,0.2483343913478535,-0.3649393928971154,0.003213714603096385,0.002141328441343404
Hainan,2009,postal,0.22545972217985444,-0.3663092662673506,0.04721907193739128,-0.16348108003941064
Hainan,2009,rural,0.22565966966572404,-0.429189124520601,0.012421041650080511,-0.004219166557486886
Hainan,2010,city,0.3665846138281914,-0.2601091355467684,0.054465054613956454,-0.09326786689632804
Hainan,2010,foreign,0.1351696789323782,-0.18180738949230424,0.09158482383551991,-0.11992574056874439
Hainan,2010,joint_stock,0.1381064188146901,-0.2842863060381937,-0.046078837449803345,-0.11986160634862664
Hainan,2010,large,0.15827288360059555,-0.0829913882032276,0.021645311182025395,-0.0037001723343284
Hainan,2010,policy,0.18084947231968052,-0.1840899205774349,-0.021622464013166365,-0.01948113557182296
Hainan,2010,postal,0.1734175269829059,-0.1928917392844447,0.11450100376310424,-0.048980076276306406
Hainan,2010,rural,0.21102211074322952,-0.21816701377737147,-0.012600676990821569,-0.016819843548308455
Hainan,2011,city,0.2601091355467684,0.0,0.09326786689632804,0.0
Hainan,2011,foreign,0.18180738949230424,0.0,0.11992574056874439,0.0
Hainan,2011,joint_stock,0.2842863060381937,0.0,0.11986160634862664,0.0
Hainan,2011,large,0.0829913882032276,0.0,0.0037001723343284,0.0
Hainan,2011,policy,0.1840899205774349,0.0,0.01948113557182296,0.0
Hainan,2011,postal,0.1928917392844447,0.0,0.048980076276306406,0.0
Hainan,2011,rural,0.21816701377737147,0.0,0.016819843548308455,0.0
Hainan,2012,city,0.21617999009828637,0.21617999009828637,0.06635550732086593,0.06635550732086593
Hainan,2012,foreign,0.12409535076692357,0.12409535076692357,0.04900757910669462,0.04900757910669462
Hainan,2012,joint_stock,0.20491099745732022,0.20491099745732022,0.09775084410838986,0.09775084410838986
Hainan,2012,large,0.11822072304537734,0.11822072304537734,0.021901546796566862,0.021901546796566862
Hainan,2012,policy,0.14643910231039747,0.14643910231039747,-0.0032206147000426455,-0.0032206147000426455
Hainan,2012,postal,0.18745016383577173,0.18745016383577173,-0.015067099180830823,-0.015067099180830823
Hainan,2012,rural,0.17826460686541346,0.17826460686541346,-0.004988203967647209,-0.004988203967647209
Hainan,2013,city,0.13890941689190406,0.3550894069901904,0.12215530995460533,0.18851081727547125
Hainan,2013,foreign,0.06405912072966835,0.18815447149659192,0.0793735875415118,0.12838116664820642
Hainan,2013,joint_stock,0.1342661302357726,0.33917712769309283,0.09901338146153016,0.19676422556992001
Hainan,2013,large,0.07529544228061624,0.19351616532599358,0.013064153349013452,0.034965700145580314
Hainan,2013,policy,0.12881965964936093,0.2752587619597584,0.01282068842906181,0.009600073729019165
Hainan,2013,postal,0.11644444127493259,0.3038946051107043,0.046465247972992785,0.03139814879216196
Hainan,2013,rural,0.1692781649875137,0.34754277185292715,0.020733110636143692,0.015744906668496483
Hainan,2014,city,0.2364254536186099,0.5915148606088003,0.16570280333910503,0.3542136206145763
Hainan,2014,foreign,0.06648009756768225,0.2546345690642742,0.09110272824847243,0.21948389489667885
Hainan,2014,joint_stock,0.1308612517252179,0.4700383794183107,0.29930491227977285,0.49606913784969286
Hainan,2014,large,0.1309295490131479,0.3244457143391415,0.006428176151009879,0.04139387629659019
Hainan,2014,policy,0.12062809194446267,0.39588685390422107,0.0010610080570945257,0.01066108178611369
Hainan,2014,postal,0.3231879672536877,0.627082572364392,0.005505548115406711,0.03690369690756867
Hainan,2014,rural,0.2814631187459078,0.6290058905988349,0.011110825113291867,0.02685573178178835
Hainan,2015,city,0.210535576266059,0.8020504368748593,0.08798637532579967,0.44219999594037596
Hainan,2015,foreign,-0.019669097801617852,0.23496547126265632,-0.003673098711860945,0.2158107961848179
Hainan,2015,joint_stock,0.13257658278043394,0.6026149621987447,0.16094527816465032,0.6570144160143432
Hainan,2015,large,0.014354573313656971,0.33880028765279846,0.012589906380448213,0.053983782677038405
Hainan,2015,policy,0.20792618628479964,0.6038130401890207,-0.0015919345362505055,0.009069147249863185
Hainan,2015,postal,-0.09304202336134004,0.534040549003052,-0.025457131240132824,0.011446565667435848
Hainan,2015,rural,0.026837066193081682,0.6558429567919166,0.03015218681401599,0.05700791859580434
Hainan,2016,city,0.21428413182801087,1.0163345687028702,0.16604297791147538,0.6082429738518513
Hainan,2016,foreign,0.08110665997070399,0.3160721312333603,0.009157573154020326,0.22496836933883824
Hainan,2016,joint_stock,0.16779088844941725,0.7704058506481619,0.23920303883347493,0.8962174548478181
Hainan,2016,large,0.06805342509461454,0.406853712747413,-0.02092525129079803,0.033058531386240375
Hainan,2016,policy,0.13643318817520012,0.7402462283642208,0.0026518180482932863,0.011720965298156472
Hainan,2016,postal,0.12982345608661205,0.663864005089664,0.0007037504322351396,0.012150316099670988
Hainan,2016,rural,0.15242506655260257,0.8082680233445192,0.007936274783480357,0.0649441933792847
Hainan,2017,city,0.10110278958637586,1.117437358289246,0.049609053255727176,0.6578520271075785
Hainan,2017,foreign,0.0915631799614971,0.4076353111948574,-0.039038414365062835,0.1859299549737754
Hainan,2017,joint_stock,-0.13822502847326845,0.6321808221748935,-0.0957786736053503,0.8004387812424678
Hainan,2017,large,0.054707189654234156,0.46156090240164716,0.010081336041951161,0.043139867428191536
Hainan,2017,policy,0.07395012174639426,0.8141963501106151,0.004755623229568684,0.016476588527725156
Hainan,2017,postal,0.05307690815296695,0.716940913242631,-0.009690654766849605,0.0024596613328213834
Hainan,2017,rural,0.08958901069230585,0.897857034036825,0.00958324649813136,0.07452743987741606
Hainan,2018,city,0.025586469412138158,1.1430238277013842,0.05103665131006352,0.708888678417642
Hainan,2018,foreign,-0.5743329486246065,-0.16669763742974908,-0.2532119620570974,-0.06728200708332199
Hainan,2018,joint_stock,-0.0804812084925608,0.5516996136823327,-0.06907038786232533,0.7313683933801425
Hainan,2018,large,-0.006689675644468096,0.45487122675717906,0.0023393710503434306,0.04547923847853497
Hainan,2018,policy,0.0545447131125929,0.868741063223208,0.03420022434144698,0.05067681286917214
Hainan,2018,postal,0.1104682294017163,0.8274091426443473,0.037071407431145786,0.03953106876396717
Hainan,2018,rural,0.054135727289855495,0.9519927613266805,0.006333660972728694,0.08086110085014475
Hainan,2019,city,0.11821321282145192,1.2612370405228361,0.024874781286616354,0.7337634597042584
Hainan,2019,foreign,0.7171157716021508,0.5504181341724017,1.185114785691539,1.117832778608217
Hainan,2019,joint_stock,0.176401844189634,0.7281014578719667,0.028867097727061974,0.7602354911072045
Hainan,2019,large,0.14733143419575967,0.6022026609529387,0.03379518875562937,0.07927442723416434
Hainan,2019,policy,0.014542920610802312,0.8832839838340103,-0.0320938517880327,0.018582961081139437
Hainan,2019,postal,-0.09450863860746672,0.7329005040368806,-0.17990590402003903,-0.14037483525607186
Hainan,2019,rural,0.04260274789700347,0.994595509223684,-0.03695417303852011,0.04390692781162464
Hainan,2020,city,0.07684401076479652,1.3380810512876327,0.000902825906218041,0.7346662856104764
Hainan,2020,foreign,-0.19733456673847805,0.35308356743392366,-1.1900107563037459,-0.07217797769552892
Hainan,2020,joint_stock,0.0431379548093922,0.7712394126813589,-0.05016793980998635,0.7100675512972181
Hainan,2020,large,0.06787121178643396,0.6700738727393727,-0.058594567177410184,0.02067986005675415
Hainan,2020,policy,0.04204860159707735,0.9253325854310877,-0.03915759047433376,-0.02057462939319432
Hainan,2020,postal,0.26419970974691154,0.9971002137837921,0.10550390392276654,-0.03487093133330532
Hainan,2020,rural,0.13392312761090253,1.1285186368345865,0.007257547314690527,0.05116447512631517
Hainan,2021,city,0.10346614999141046,1.4415472012790431,0.05876142784890526,0.7934277134593817
Hainan,2021,foreign,0.005628034501661716,0.3587116019355854,0.07786951269531706,0.005691534999788139
Hainan,2021,joint_stock,0.07683054120524702,0.8480699538866059,0.03228678662970985,0.742354337926928
Hainan,2021,large,0.08233576839237244,0.7524096411317451,-0.005350042161445856,0.015329817895308295
Hainan,2021,policy,0.05293331071741214,0.9782658961484998,0.0894245824863047,0.06884995309311037
Hainan,2021,postal,0.10807247365396755,1.1051726874377596,0.008352631589438886,-0.026518299743866436
Hainan,2021,rural,0.10036284375524751,1.228881480589834,0.0037972431884494284,0.054961718314764596
Hainan,2022,city,0.10058194135577381,1.542129142634817,0.03314110831192707,0.8265688217713087
Hainan,2022,foreign,0.024209615144506813,0.3829212170800922,-0.007977250280644554,-0.002285715280856415
Hainan,2022,joint_stock,0.05933255787958913,0.907402511766195,0.01427372221245271,0.7566280601393807
Hainan,2022,large,0.024637212716253742,0.7770468538479989,0.0009130222498647811,0.016242840145173076
Hainan,2022,policy,0.437628306098107,1.4158942022466068,-0.05079316934586764,0.018056783747242733
Hainan,2022,postal,0.10676254740481639,1.211935234842576,-0.0022571995918383436,-0.02877549933570478
Hainan,2022,rural,0.08201604030750964,1.3108975208973437,-0.02393001799081773,0.031031700323946865
Hebei,2005,city,,-1.6086734367357902,,
Hebei,2005,foreign,,-1.236562190867481,,
Hebei,2005,joint_stock,,-1.3089177699756327,,
Hebei,2005,large,,-1.0431897935177457,,
Hebei,2005,policy,,-1.1326360404343703,,
Hebei,2005,postal,,-1.1892655984548295,,
Hebei,2005,rural,,-1.3229861035622879,,
Hebei,2006,city,0.25672392406663214,-1.351949512669158,,
Hebei,2006,foreign,0.4030965972726914,-0.8334655935947897,,
Hebei,2006,joint_stock,0.2832467229083129,-1.0256710470673198,,
Hebei,2006,large,0.20264140538474074,-0.8405483881330049,,
Hebei,2006,policy,0.10057862831748032,-1.03205741211689,,
Hebei,2006,postal,0.22339755445692155,-0.9658680439979079,,
Hebei,2006,rural,0.2782971004353243,-1.0446890031269636,,
Hebei,2007,city,0.21446229919164495,-1.1374872134775131,,-0.12115638938611362
Hebei,2007,foreign,0.3462472226583806,-0.4872183709364091,,-0.3111944294369442
Hebei,2007,joint_stock,0.3307345182001473,-0.6949365288671725,,-0.11052194975482976
Hebei,2007,large,0.1611198693442617,-0.6794285187887432,,-0.011473496367619518
Hebei,2007,policy,0.12627133151967485,-0.9057860805972151,,0.009938696249529144
Hebei,2007,postal,0.07713216409424462,-0.8887358799036633,,-0.06404383896077626
Hebei,2007,rural,0.13260883425883385,-0.9120801688681297,,0.006697758234750495
Hebei,2008,city,0.208619466292431,-0.9288677471850821,-0.05958163580219633,-0.18073802518830995
Hebei,2008,foreign,0.11484755535905755,-0.3723708155773515,0.15169614328309056,-0.15949828615385364
Hebei,2008,joint_stock,0.02187287230621493,-0.6730636565609576,-0.1524101346829525,-0.26293208443778227
Hebei,2008,large,0.18581798311885933,-0.4936105356698839,0.0013672509595838989,-0.010106245408035619
Hebei,2008,policy,0.29195065398718967,-0.6138354266100254,-0.01111447533854193,-0.001175779089012785
Hebei,2008,postal,0.2941669309626924,-0.5945689489409709,-0.15581158138544993,-0.21985542034622618
Hebei,2008,rural,0.24389631898190345,-0.6681838498862263,-0.025238284688059665,-0.01854052645330917
Hebei,2009,city,0.2996804294226685,-0.6291873177624137,0.033606149398934804,-0.14713187578937514
Hebei,2009,foreign,0.05580155955751209,-0.31656925601983943,-0.05228150651004082,-0.21177979266389446
Hebei,2009,joint_stock,0.24947786784610315,-0.4235857887148544,0.1824545885887492,-0.08047749584903308
Hebei,2009,large,0.25296481833335704,-0.24064571733652684,-0.015983523497949292,-0.02608976890598491
Hebei,2009,policy,0.24691984918170284,-0.3669155774283226,0.003523198007317596,0.002347418918304811
Hebei,2009,postal,0.22804316943621572,-0.3665257795047552,0.050267878638138086,-0.1695875417080881
Hebei,2009,rural,0.23027943515469573,-0.4379044147315305,0.012611074125810973,-0.005929452327498197
Hebei,2010,city,0.368851561607622,-0.26033575615479165,0.05535480272673077,-0.09177707306264438
Hebei,2010,foreign,0.13507543250383947,-0.18149382351599996,0.0917084264894994,-0.12007136617439507
Hebei,2010,joint_stock,0.1400849486956055,-0.2835008400192489,-0.03795779298143209,-0.11843528883046517
Hebei,2010,large,0.15803318136254596,-0.08261253597398088,0.02218459360449998,-0.003905175301484931
Hebei,2010,policy,0.18252130908714648,-0.18439426834117612,-0.023725905324837093,-0.021378486406532282
Hebei,2010,postal,0.17416473803877075,-0.19236104146598443,0.11919880956435769,-0.05038873214373041
Hebei,2010,rural,0.2152066389219236,-0.22269777580960692,-0.012659513959510704,-0.0185889662870089
Hebei,2011,city,0.26033575615479165,0.0,0.09177707306264438,0.0
Hebei,2011,foreign,0.18149382351599996,0.0,0.12007136617439507,0.0
Hebei,2011,joint_stock,0.2835008400192489,0.0,0.11843528883046517,0.0
Hebei,2011,large,0.08261253597398088,0.0,0.003905175301484931,0.0
Hebei,2011,policy,0.18439426834117612,0.0,0.021378486406532282,0.0
Hebei,2011,postal,0.19236104146598443,0.0,0.05038873214373041,0.0
Hebei,2011,rural,0.22269777580960692,0.0,0.0185889662870089,0.0
Hebei,2012,city,0.21550649614920303,0.21550649614920303,0.061959922069185325,0.061959922069185325
Hebei,2012,foreign,0.12392517797614921,0.12392517797614921,0.04797350426287661,0.04797350426287661
Hebei,2012,joint_stock,0.2030556552016538,0.2030556552016538,0.09352331834109151,0.09352331834109151
Hebei,2012,large,0.11908801104941524,0.11908801104941524,0.021706496950891108,0.021706496950891108
Hebei,2012,policy,0.14764989512562465,0.14764989512562465,-0.003531492781471357,-0.003531492781471357
Hebei,2012,postal,0.18772858669297499,0.18772858669297499,-0.017029385738554836,-0.017029385738554836
Hebei,2012,rural,0.17848820663257037,0.17848820663257037,-0.0018084908793554177,-0.0018084908793554177
Hebei,2013,city,0.13385791644858358,0.3493644125977866,0.11833457722902097,0.1802944992982063
Hebei,2013,foreign,0.063473497237716,0.18739867521386522,0.07953981603608362,0.12751332029896023
Hebei,2013,joint_stock,0.13266040550900726,0.33571606071066107,0.09407731425291743,0.18760063259400894
Hebei,2013,large,0.0753502892920892,0.19443830034150444,0.013182897696594864,0.03488939464748597
Hebei,2013,policy,0.1291012469471422,0.27675114207276685,0.014051753455650129,0.010520260674178772
Hebei,2013,postal,0.11520417644011083,0.3029327631330858,0.047276113946537635,0.030246728207982798
Hebei,2013,rural,0.17213435846790048,0.35062256510047085,0.017736625799921413,0.015928134920565995
Hebei,2014,city,0.23516642084578443,0.584530833443571,0.15440271183665644,0.3346972111348627
Hebei,2014,foreign,0.06661459685465232,0.25401327206851754,0.09127791627638615,0.21879123657534638
Hebei,2014,joint_stock,0.1318841863496445,0.46760024706030556,0.29783637085215275,0.4854370034461617
Hebei,2014,large,0.13372080974474088,0.3281591100862453,0.006390235980344272,0.041279630627830244
Hebei,2014,policy,0.11926156398572374,0.3960127060584906,0.001162115180177281,0.011682375854356053
Hebei,2014,postal,0.3367276512248232,0.639660414357909,0.005445854272968731,0.03569258248095153
Hebei,2014,rural,0.28924979543843143,0.6398723605389023,0.01115336813451151,0.027081503055077505
Hebei,2015,city,0.20505200034349258,0.7895828337870636,0.07208768072036875,0.4067848918552315
Hebei,2015,foreign,-0.019650484783861444,0.2343627872846561,-0.002758622439079872,0.2160326141362665
Hebei,2015,joint_stock,0.13586756689924862,0.6034678139595542,0.15105702340331995,0.6364940268494816
Hebei,2015,large,0.012464847458810269,0.3406239575450556,0.01249061635851767,0.053770246986347914
Hebei,2015,policy,0.20960811119702072,0.6056208172555113,-0.0017436796048269088,0.009938696249529144
Hebei,2015,postal,-0.1001150654941334,0.5395453488637756,-0.026641632536987814,0.009050949943963715
Hebei,2015,rural,0.023724180618627244,0.6635965411575295,0.03128339532282176,0.058364898377899266
Hebei,2016,city,0.20696874575798319,0.9965515795450468,0.1797096314363511,0.5864945232915826
Hebei,2016,foreign,0.08014794772317124,0.31451073500782734,0.008253141756720872,0.22428575589298738
Hebei,2016,joint_stock,0.16964040860874796,0.7731082225683021,0.24431737324373692,0.8808114000932186
Hebei,2016,large,0.06708388568934787,0.40770784323440346,-0.02182413182880083,0.031946115157547084
Hebei,2016,policy,0.13625456946475367,0.741875386720265,0.002324231145080624,0.012262927394609768
Hebei,2016,postal,0.13603741474791597,0.6755827636116916,0.0007352490987440063,0.009786199042707722
Hebei,2016,rural,0.1529565706787821,0.8165531118363116,0.0076257797943384276,0.0659906781722377
Hebei,2017,city,0.1017624903390324,1.0983140698840792,0.04783816980949851,0.6343326931010811
Hebei,2017,foreign,0.092505317843246,0.40701605285107334,-0.039111130116626036,0.18517462577636135
Hebei,2017,joint_stock,-0.13996258048314836,0.6331456420851538,-0.09946453382690734,0.7813468662663112
Hebei,2017,large,0.05523508188370485,0.4629429251181083,0.010852248217856797,0.04279836337540388
Hebei,2017,policy,0.0722864301540298,0.8141618168742948,0.005209852594450837,0.017472779989060605
Hebei,2017,postal,0.0511402797350442,0.7267230433467358,-0.010126435046052151,-0.0003402360033444296
Hebei,2017,rural,0.0876985009013378,0.9042516127376494,0.009186571370726426,0.07517724954296412
Hebei,2018,city,0.024096739978036297,1.1224108098621155,0.049260274654052694,0.6835929677551338
Hebei,2018,foreign,-0.574534387482462,-0.16751833463138865,-0.25375941727397233,-0.06858479149761099
Hebei,2018,joint_stock,-0.08281949435109759,0.5503261477340562,-0.07146416655741916,0.7098826997088921
Hebei,2018,large,-0.010964443169696025,0.4519784819484123,0.000886283123190168,0.04368464649859405
Hebei,2018,policy,0.05598932805134105,0.8701511449256358,0.0373981259091849,0.0548709058982455
Hebei,2018,postal,0.11106250414002083,0.8377855474867566,0.03886369779782939,0.03852346179448496
Hebei,2018,rural,0.052834848666529766,0.9570864614041792,0.006535587871582038,0.08171283741454616
Hebei,2019,city,0.12030964413352763,1.2427204539956431,0.02540780393453268,0.7090007716896665
Hebei,2019,foreign,0.7176254541123086,0.55010711948092,1.1868129486603491,1.1182281571627382
Hebei,2019,joint_stock,0.17785697620104735,0.7281831239351035,0.029801930572025626,0.7396846302809177
Hebei,2019,large,0.14987181452100629,0.6018502964694186,0.03648263295959353,0.08016727945818758
Hebei,2019,policy,0.014075072319009507,0.8842262172446453,-0.035667522650605576,0.019203383247639927
Hebei,2019,postal,-0.10328322541548296,0.7345023220712736,-0.18848225538666874,-0.14995879359218378
Hebei,2019,rural,0.03813764125941255,0.9952241026635917,-0.03999162294972258,0.041721214464823575
Hebei,2020,city,0.0757148359335087,1.3184352899291518,0.0001949634449722737,0.7091957351346387
Hebei,2020,foreign,-0.19733441408966534,0.3527727053912546,-1.191720933972542,-0.07349277680980393
Hebei,2020,joint_stock,0.0420954632007966,0.7702785871359001,-0.05099659449731142,0.6886880357836063
Hebei,2020,large,0.06660153176520822,0.6684518282346268,-0.06149558033663283,0.018671699121554752
Hebei,2020,policy,0.0404896319511483,0.9247158491957936,-0.04298571696556586,-0.02378233371792593
Hebei,2020,postal,0.27180092447472326,1.006303246545997,0.11072818429889075,-0.03923060929329303
Hebei,2020,rural,0.13468965503748542,1.1299137577010772,0.008085073111841368,0.04980628757666494
Hebei,2021,city,0.10469500151413413,1.423130291443286,0.06173633368050169,0.7709320688151404
Hebei,2021,foreign,0.0055642960623494275,0.35833700145360403,0.07805378813736663,0.004561011327562703
Hebei,2021,joint_stock,0.07766156599716645,0.8479401531330666,0.032222946297384425,0.7209109820809907
Hebei,2021,large,0.08109310824400318,0.74954493647863,-0.005394625476416337,0.013277073645138415
Hebei,2021,policy,0.052004230413189134,0.9767200796089828,0.0979322724243108,0.07414993870638487
Hebei,2021,postal,0.10910111656031063,1.1154043631063075,0.0038841233326802893,-0.03534648596061274
Hebei,2021,rural,0.10021721398181782,1.230130971682895,0.004483637747119573,0.054289925323784516
Hebei,2022,city,0.1008182227862946,1.5239485142295806,0.03464251561405618,0.8055745844291966
Hebei,2022,foreign,0.023952242354113196,0.3822892438077172,-0.007995473776197137,-0.0034344624486344344
Hebei,2022,joint_stock,0.0581873165304323,0.9061274696634989,0.013045919220298074,0.7339569013012888
Hebei,2022,large,0.0190593157011385,0.7686042521797685,0.0010707296904168828,0.014347803335555298
Hebei,2022,policy,0.44734095587591227,1.424061035484895,-0.055523090499217886,0.01862684820716698
Hebei,2022,postal,0.10605638116277483,1.2214607442690824,-0.0024057364331699915,-0.03775222239378273
Hebei,2022,rural,0.08082669385308527,1.3109576655359803,-0.021516974818000634,0.03277295050578388
Heilongjiang,2005,city,,-1.60350154231228,,
Heilongjiang,2005,foreign,,-1.2363503192778218,,
Heilongjiang,2005,joint_stock,,-1.3152912407795405,,
Heilongjiang,2005,large,,-1.0459977984023805,,
Heilongjiang,2005,policy,,-1.1403958158885885,,
Heilongjiang,2005,postal,,-1.1928362495887725,,
Heilongjiang,2005,rural,,-1.3013536411330495,,
Heilongjiang,2006,city,0.2546716585460569,-1.3488298837662231,,
Heilongjiang,2006,foreign,0.4030965972726914,-0.8332537220051304,,
Heilongjiang,2006,joint_stock,0.2834195980455849,-1.0318716427339556,,
Heilongjiang,2006,large,0.2025342323187953,-0.8434635660835852,,
Heilongjiang,2006,policy,0.10213939520363802,-1.0382564206849505,,
Heilongjiang,2006,postal,0.22570910648783205,-0.9671271431009405,,
Heilongjiang,2006,rural,0.2686990156785072,-1.0326546254545423,,
Heilongjiang,2007,city,0.2174602063949358,-1.1313696773712874,,-0.11729257510410207
Heilongjiang,2007,foreign,0.3462472226583806,-0.4870064993467498,,-0.306612519931833
Heilongjiang,2007,joint_stock,0.32603802133994186,-0.7058336213940137,,-0.11618028774602962
Heilongjiang,2007,large,0.16288551343281377,-0.6805780526507714,,-0.007803155579642507
Heilongjiang,2007,policy,0.12979107351133123,-0.9084653471736193,,0.010084119066625874
Heilongjiang,2007,postal,0.0794847365182143,-0.8876424065827262,,-0.06360999571245962
Heilongjiang,2007,rural,0.13201711524050275,-0.9006375102140396,,0.007929297478860065
Heilongjiang,2008,city,0.2088296759757018,-0.9225400013955856,-0.058613186268804185,-0.17590576137290626
Heilongjiang,2008,foreign,0.114724576062466,-0.3722819232842838,0.15035476145888982,-0.1562577584729432
Heilongjiang,2008,joint_stock,0.0286742163080973,-0.6771594050859164,-0.1510383923553711,-0.2672186801014007
Heilongjiang,2008,large,0.1858707694240671,-0.4947072832267043,0.0071042336382411975,-0.0006989219414013093
Heilongjiang,2008,policy,0.29332936410245836,-0.6151359830711609,-0.010647340709224906,-0.0005632216425990322
Heilongjiang,2008,postal,0.2911360510287295,-0.5965063555539967,-0.157011721733614,-0.22062171744607362
Heilongjiang,2008,rural,0.2443074174130846,-0.656330092800955,-0.02545938309832252,-0.017530085619462454
Heilongjiang,2009,city,0.3029982144924688,-0.6195417869031168,0.036601589662643264,-0.139304171710263
Heilongjiang,2009,foreign,0.055051925758984765,-0.317229997525299,-0.052353552482986565,-0.20861131095592977
Heilongjiang,2009,joint_stock,0.25315057666404606,-0.4240088284218704,0.19616135094809195,-0.07105732915330876
Heilongjiang,2009,large,0.25194123867494156,-0.24276604455176276,-0.025330805389963018,-0.026029727331364327
Heilongjiang,2009,policy,0.2500387329070648,-0.3650972501640961,0.0022509857563184354,0.0016877641137194033
Heilongjiang,2009,postal,0.22314248473230158,-0.3733638708216951,0.0501071122959349,-0.17051460515013872
Heilongjiang,2009,rural,0.22676102720658342,-0.4295690655943716,0.012848799142419765,-0.00468128647704269
Heilongjiang,2010,city,0.3620067456672178,-0.257535041235899,0.0474286935711099,-0.09187547813915309
Heilongjiang,2010,foreign,0.135389070399345,-0.181840927125954,0.08924838269084923,-0.11936292826508055
Heilongjiang,2010,joint_stock,0.1382701456224833,-0.2857386827993871,-0.04873276053576703,-0.11979008968907578
Heilongjiang,2010,large,0.15971961846794258,-0.08304642608382018,0.022442577715500178,-0.003587149615864149
Heilongjiang,2010,policy,0.1806435979369425,-0.1844536522271536,-0.0221662954572599,-0.020478531343540496
Heilongjiang,2010,postal,0.17779899045462955,-0.19556488036706554,0.12046581701907755,-0.05004878813106117
Heilongjiang,2010,rural,0.21259125399154577,-0.2169778116028258,-0.012293414987446738,-0.016974701464489428
Heilongjiang,2011,city,0.257535041235899,0.0,0.09187547813915309,0.0
Heilongjiang,2011,foreign,0.181840927125954,0.0,0.11936292826508055,0.0
Heilongjiang,2011,joint_stock,0.2857386827993871,0.0,0.11979008968907578,0.0
Heilongjiang,2011,large,0.08304642608382018,0.0,0.003587149615864149,0.0
Heilongjiang,2011,policy,0.1844536522271536,0.0,0.020478531343540496,0.0
Heilongjiang,2011,postal,0.19556488036706554,0.0,0.05004878813106117,0.0
Heilongjiang,2011,rural,0.2169778116028258,0.0,0.016974701464489428,0.0
Heilongjiang,2012,city,0.20877982891124702,0.20877982891124702,0.053488684950986354,0.053488684950986354
Heilongjiang,2012,foreign,0.12340312381663132,0.12340312381663132,0.048188594601646706,0.048188594601646706
Heilongjiang,2012,joint_stock,0.20457484472036214,0.20457484472036214,0.09675346185563427,0.09675346185563427
Heilongjiang,2012,large,0.11840257442656821,0.11840257442656821,0.02067525115056057,0.02067525115056057
Heilongjiang,2012,policy,0.14526551404889787,0.14526551404889787,-0.003384097984240775,-0.003384097984240775
Heilongjiang,2012,postal,0.19016531171267026,0.19016531171267026,-0.017357288891060918,-0.017357288891060918
Heilongjiang,2012,rural,0.17775047908113173,0.17775047908113173,-0.005473800311310839,-0.005473800311310839
Heilongjiang,2013,city,0.14117780346562014,0.34995763237686717,0.12306009275722829,0.17654877770821464
Heilongjiang,2013,foreign,0.06436198032094609,0.1877651041375774,0.07886376016856289,0.1270523547702096
Heilongjiang,2013,joint_stock,0.1336912408758728,0.33826608559623494,0.09831872305710299,0.19507218491273726
Heilongjiang,2013,large,0.0764531453092161,0.1948557197357843,0.015331760374408532,0.0360070115249691
Heilongjiang,2013,policy,0.12557588626051164,0.2708414003094095,0.013468217050866649,0.010084119066625874
Heilongjiang,2013,postal,0.11990130676578303,0.3100666184784533,0.04844723977636711,0.031089950885306195
Heilongjiang,2013,rural,0.17004494856978525,0.347795427650917,0.02119538393323772,0.015721583621926882
Heilongjiang,2014,city,0.24459030766402812,0.5945479400408953,0.17185025692665867,0.3483990346348733
Heilongjiang,2014,foreign,0.06630555977192998,0.2540706639095074,0.09171885037687932,0.21877120514708892
Heilongjiang,2014,joint_stock,0.13032994198093562,0.46859602757717056,0.29893078498765213,0.4940029699003894
Heilongjiang,2014,large,0.133035762157375,0.3278914818931593,0.006499472861698052,0.042506484386667154
Heilongjiang,2014,policy,0.11568276967180147,0.386524169981211,0.0011142062434039701,0.011198325310029844
Heilongjiang,2014,postal,0.33376284625247976,0.643829464730933,0.0057251489732159655,0.03681509985852216
Heilongjiang,2014,rural,0.2825604574491347,0.6303558851000517,0.011118235286007305,0.026839818907934188
Heilongjiang,2015,city,0.20812580472611053,0.8026737447670058,0.09034530235274651,0.43874433698761983
Heilongjiang,2015,foreign,-0.019814473919954168,0.23425618998955322,-0.003696861881326008,0.2150743432657629
Heilongjiang,2015,joint_stock,0.13209276615737764,0.6006887937345482,0.161395069269755,0.6553980391701444
Heilongjiang,2015,large,0.01379632396462327,0.3416878058577826,0.012972723384175211,0.055479207770842365
Heilongjiang,2015,policy,0.20379643276810455,0.5903206027493155,-0.0016717752570123423,0.009526550053017502
Heilongjiang,2015,postal,-0.09778528202293835,0.5460441827079947,-0.026950884382419105,0.009864215476103055
Heilongjiang,2015,rural,0.024099036369507942,0.6544549214695596,0.030858436925544908,0.057698255833479095
Heilongjiang,2016,city,0.2156974742170643,1.0183712189840701,0.17208998736425052,0.6108343243518704
Heilongjiang,2016,foreign,0.08139716181545964,0.31565335180501286,0.009216655104923532,0.22429099837068645
Heilongjiang,2016,joint_stock,0.17063653284969682,0.771325326584245,0.2405839795311273,0.8959820187012717
Heilongjiang,2016,large,0.06837331518816647,0.41006112104594905,-0.021529914255077998,0.03394929351576437
Heilongjiang,2016,policy,0.13747799849904574,0.7277986012483613,0.002784741426432369,0.01231129147944987
Heilongjiang,2016,postal,0.1327374794895544,0.6787816621975491,0.0008947442091447044,0.01075895968524776
Heilongjiang,2016,rural,0.15371232021218262,0.8081672416817423,0.008196475095592959,0.06589473092907205
Heilongjiang,2017,city,0.10264224507383801,1.1210134640579081,0.05162704550463104,0.6624613698565014
Heilongjiang,2017,foreign,0.09178607110314374,0.4074394229081566,-0.03929411034220198,0.18499688802848446
Heilongjiang,2017,joint_stock,-0.13900247657652365,0.6323228500077214,-0.0977264165846865,0.7982556021165852
Heilongjiang,2017,large,0.05511379487466961,0.46517491592061866,0.01076443889510692,0.04471373241087129
Heilongjiang,2017,policy,0.07480860490399976,0.802607206152361,0.004993075560663307,0.017304367040113178
Heilongjiang,2017,postal,0.05216947941155148,0.7309511416091006,-0.009543949488579173,0.0012150101966685867
Heilongjiang,2017,rural,0.08857568095587887,0.8967429226376211,0.00986036891825215,0.0757550998473242
Heilongjiang,2018,city,0.02427382809938372,1.1452872921572919,0.05242579733985053,0.7148871671963519
Heilongjiang,2018,foreign,-0.575562795521332,-0.16812337261317545,-0.2551385247193094,-0.07014163669082496
Heilongjiang,2018,joint_stock,-0.0807027314564106,0.5516201185513108,-0.07050185316169433,0.7277537489548909
Heilongjiang,2018,large,-0.008106987825756917,0.45706792809486174,0.0031186183291218583,0.047832350739993146
Heilongjiang,2018,policy,0.058527758223540616,0.8611349643759016,0.03587341185185977,0.05317777889197295
Heilongjiang,2018,postal,0.11239873481898321,0.8433498764280838,0.039917419627434114,0.0411324298241027
Heilongjiang,2018,rural,0.05633437922914908,0.9530773018667702,0.006654969185360571,0.08241006903268477
Heilongjiang,2019,city,0.12207604555613116,1.267363337713423,0.025778531328075616,0.7406656985244275
Heilongjiang,2019,foreign,0.7182883631530057,0.5501649905398303,1.1910821944948582,1.1209405578040332
Heilongjiang,2019,joint_stock,0.17693225174516058,0.7285523702964714,0.029158280483166266,0.7569120294380571
Heilongjiang,2019,large,0.148251612628588,0.6053195407234497,0.0354633171426908,0.08329566788268394
Heilongjiang,2019,policy,0.01773739535068586,0.8788723597265875,-0.03366224456067535,0.0195155343312976
Heilongjiang,2019,postal,-0.10109272909822309,0.7422571473298607,-0.1890213873450417,-0.147888957520939
Heilongjiang,2019,rural,0.041565505801363756,0.994642807668134,-0.03799654548873832,0.044413523543946454
Heilongjiang,2020,city,0.07730372639252536,1.3446670641059484,0.0007482230053525996,0.7414139215297801
Heilongjiang,2020,foreign,-0.19738588108013744,0.3527791094596928,-1.1960204761354412,-0.07507991833140792
Heilongjiang,2020,joint_stock,0.043163091105157037,0.7717154614016284,-0.051014220759329376,0.7058978086787278
Heilongjiang,2020,large,0.06683125836453918,0.6721507990879889,-0.06022794844463597,0.023067719438047973
Heilongjiang,2020,policy,0.045266182114255926,0.9241385418408434,-0.041144152058075534,-0.021628617726777932
Heilongjiang,2020,postal,0.26831929329408766,1.0105764406239484,0.11167254889278233,-0.03621640862815667
Heilongjiang,2020,rural,0.1345203996384008,1.1291632073065347,0.007485367744537896,0.05189889128848435
Heilongjiang,2021,city,0.10407427757589183,1.4487413416818402,0.060697946888510046,0.8021118684182902
Heilongjiang,2021,foreign,0.004981837181338378,0.3577609466410312,0.07851831713444035,0.0034383988030324275
Heilongjiang,2021,joint_stock,0.07666755418675919,0.8483830155883876,0.03220579594115591,0.7381036046198837
Heilongjiang,2021,large,0.0824602036022668,0.7546110026902557,-0.0042591469131796345,0.01880857252486834
Heilongjiang,2021,policy,0.0533730685227205,0.9775116103635639,0.09384451790041037,0.07221590017363244
Heilongjiang,2021,postal,0.10846792866142607,1.1190443692853744,0.009458008416208585,-0.026758400211948086
Heilongjiang,2021,rural,0.10016104509834278,1.2293242524048775,0.00501182199489314,0.05691071328337749
Heilongjiang,2022,city,0.10086844049839172,1.549609782180232,0.03424952804025949,0.8363613964585497
Heilongjiang,2022,foreign,0.024161824828016876,0.3819227714690481,-0.008041398874993888,-0.0046030000719614605
Heilongjiang,2022,joint_stock,0.058788910818829976,0.9071719264072176,0.014787164193263536,0.7528907688131472
Heilongjiang,2022,large,0.02274548398897025,0.777356486679226,0.001387497331975851,0.02019606985684419
Heilongjiang,2022,policy,0.44980149361216704,1.427313103975731,-0.05325269946587685,0.01896320070775559
Heilongjiang,2022,postal,0.10632941498794857,1.225373784273323,-0.001313618566738839,-0.028072018778686925
Heilongjiang,2022,rural,0.08275518806699544,1.312079440471873,-0.02394872661476022,0.03296198666861727
Henan,2005,city,,-1.6078716937709316,,
Henan,2005,foreign,,-1.2370281504136802,,
Henan,2005,joint_stock,,-1.3099570828655924,,
Henan,2005,large,,-1.0393244990824844,,
Henan,2005,policy,,-1.1312536093193462,,
Henan,2005,postal,,-1.180757641751697,,
Henan,2005,rural,,-1.3028618037188355,,
Henan,2006,city,0.25481770077397137,-1.3530539929969603,,
Henan,2006,foreign,0.4030965972726914,-0.8339315531409888,,
Henan,2006,joint_stock,0.2823597538300877,-1.0275973290355047,,
Henan,2006,large,0.19921037047737578,-0.8401141286051086,,
Henan,2006,policy,0.10077145224595441,-1.0304821570733917,,
Henan,2006,postal,0.22020111438130385,-0.9605565273703931,,
Henan,2006,rural,0.26813721676889735,-1.0347245869499382,,
Henan,2007,city,0.21485439275940799,-1.1381996002375523,,-0.1290084798862683
Henan,2007,foreign,0.3462472226583806,-0.4876843304826082,,-0.31233663401572187
Henan,2007,joint_stock,0.32449252155206487,-0.7031048074834398,,-0.11986160634862664
Henan,2007,large,0.16180882548872333,-0.6783053031163853,,-0.007702959272796406
Henan,2007,policy,0.12770612248394464,-0.9027760345894471,,0.009069147249863185
Henan,2007,postal,0.07805211331870154,-0.8825044140516916,,-0.0631331062051288
Henan,2007,rural,0.1327846334697611,-0.9019399534801771,,0.007757376477158573
Henan,2008,city,0.2096554848148937,-0.9285441154226586,-0.05605104975638575,-0.18505952964265404
Henan,2008,foreign,0.11484755535905755,-0.3728367751235506,0.15169614328309056,-0.1606404907326313
Henan,2008,joint_stock,0.025482054354894146,-0.6776227531285457,-0.14936699746662896,-0.2692286038152556
Henan,2008,large,0.18685899478574797,-0.4914463083306373,-6.798212072922638e-05,-0.007770941393525632
Henan,2008,policy,0.2895022503444782,-0.6132737842449689,-0.010141533411616166,-0.0010723861617529806
Henan,2008,postal,0.2907354256044865,-0.591768988447205,-0.14756704577167312,-0.21070015197680192
Henan,2008,rural,0.24709115929385206,-0.654848794186325,-0.02439758468472597,-0.016640208207567397
Henan,2009,city,0.30185036604769877,-0.6266937493749598,0.03732660813236954,-0.1477329215102845
Henan,2009,foreign,0.055859706698868195,-0.31697706842468243,-0.05087007367163299,-0.2115105644042643
Henan,2009,joint_stock,0.2552300282756619,-0.4223927248528838,0.1954458349164323,-0.07378276889882329
Henan,2009,large,0.25018203652681414,-0.24126427180382315,-0.017574542122828163,-0.025345483516353795
Henan,2009,policy,0.2483343913478535,-0.3649393928971154,0.003213714603096385,0.002141328441343404
Henan,2009,postal,0.22545972217985444,-0.3663092662673506,0.04721907193739128,-0.16348108003941064
Henan,2009,rural,0.22565966966572404,-0.429189124520601,0.012421041650080511,-0.004219166557486886
Henan,2010,city,0.3665846138281914,-0.2601091355467684,0.054465054613956454,-0.09326786689632804
Henan,2010,foreign,0.1351696789323782,-0.18180738949230424,0.09158482383551991,-0.11992574056874439
Henan,2010,joint_stock,0.1381064188146901,-0.2842863060381937,-0.046078837449803345,-0.11986160634862664
Henan,2010,large,0.15827288360059555,-0.0829913882032276,0.021645311182025395,-0.0037001723343284
Henan,2010,policy,0.18084947231968052,-0.1840899205774349,-0.021622464013166365,-0.01948113557182296
Henan,2010,postal,0.1734175269829059,-0.1928917392844447,0.11450100376310424,-0.048980076276306406
Henan,2010,rural,0.21102211074322952,-0.21816701377737147,-0.012600676990821569,-0.016819843548308455
Henan,2011,city,0.2601091355467684,0.0,0.09326786689632804,0.0
Henan,2011,foreign,0.18180738949230424,0.0,0.11992574056874439,0.0
Henan,2011,joint_stock,0.2842863060381937,0.0,0.11986160634862664,0.0
Henan,2011,large,0.0829913882032276,0.0,0.0037001723343284,0.0
Henan,2011,policy,0.1840899205774349,0.0,0.01948113557182296,0.0
Henan,2011,postal,0.1928917392844447,0.0,0.048980076276306406,0.0
Henan,2011,rural,0.21816701377737147,0.0,0.016819843548308455,0.0
Henan,2012,city,0.21617999009828637,0.21617999009828637,0.06635550732086593,0.06635550732086593
Henan,2012,foreign,0.12409535076692357,0.12409535076692357,0.04900757910669462,0.04900757910669462
Henan,2012,joint_stock,0.20491099745732022,0.20491099745732022,0.09775084410838986,0.09775084410838986
Henan,2012,large,0.11822072304537734,0.11822072304537734,0.021901546796566862,0.021901546796566862
Henan,2012,policy,0.14643910231039747,0.14643910231039747,-0.0032206147000426455,-0.0032206147000426455
Henan,2012,postal,0.18745016383577173,0.18745016383577173,-0.015067099180830823,-0.015067099180830823
Henan,2012,rural,0.17826460686541346,0.17826460686541346,-0.004988203967647209,-0.004988203967647209
Henan,2013,city,0.13890941689190406,0.3550894069901904,0.12215530995460533,0.18851081727547125
Henan,2013,foreign,0.06405912072966835,0.18815447149659192,0.0793735875415118,0.12838116664820642
Henan,2013,joint_stock,0.1342661302357726,0.33917712769309283,0.09901338146153016,0.19676422556992001
Henan,2013,large,0.07529544228061624,0.19351616532599358,0.013064153349013452,0.034965700145580314
Henan,2013,policy,0.12881965964936093,0.2752587619597584,0.01282068842906181,0.009600073729019165
Henan,2013,postal,0.11644444127493259,0.3038946051107043,0.046465247972992785,0.03139814879216196
Henan,2013,rural,0.1692781649875137,0.34754277185292715,0.020733110636143692,0.015744906668496483
Henan,2014,city,0.2364254536186099,0.5915148606088003,0.16570280333910503,0.3542136206145763
Henan,2014,foreign,0.06648009756768225,0.2546345690642742,0.09110272824847243,0.21948389489667885
Henan,2014,joint_stock,0.1308612517252179,0.4700383794183107,0.29930491227977285,0.49606913784969286
Henan,2014,large,0.1309295490131479,0.3244457143391415,0.006428176151009879,0.04139387629659019
Henan,2014,policy,0.12062809194446267,0.39588685390422107,0.0010610080570945257,0.01066108178611369
Henan,2014,postal,0.3231879672536877,0.627082572364392,0.005505548115406711,0.03690369690756867
Henan,2014,rural,0.2814631187459078,0.6290058905988349,0.011110825113291867,0.02685573178178835
Henan,2015,city,0.210535576266059,0.8020504368748593,0.08798637532579967,0.44219999594037596
Henan,2015,foreign,-0.019669097801617852,0.23496547126265632,-0.003673098711860945,0.2158107961848179
Henan,2015,joint_stock,0.13257658278043394,0.6026149621987447,0.16094527816465032,0.6570144160143432
Henan,2015,large,0.014354573313656971,0.33880028765279846,0.012589906380448213,0.053983782677038405
Henan,2015,policy,0.20792618628479964,0.6038130401890207,-0.0015919345362505055,0.009069147249863185
Henan,2015,postal,-0.09304202336134004,0.534040549003052,-0.025457131240132824,0.011446565667435848
Henan,2015,rural,0.026837066193081682,0.6558429567919166,0.03015218681401599,0.05700791859580434
Henan,2016,city,0.21428413182801087,1.0163345687028702,0.16604297791147538,0.6082429738518513
Henan,2016,foreign,0.08110665997070399,0.3160721312333603,0.009157573154020326,0.22496836933883824
Henan,2016,joint_stock,0.16779088844941725,0.7704058506481619,0.23920303883347493,0.8962174548478181
Henan,2016,large,0.06805342509461454,0.406853712747413,-0.02092525129079803,0.033058531386240375
Henan,2016,policy,0.13643318817520012,0.7402462283642208,0.0026518180482932863,0.011720965298156472
Henan,2016,postal,0.12982345608661205,0.663864005089664,0.0007037504322351396,0.012150316099670988
Henan,2016,rural,0.15242506655260257,0.8082680233445192,0.007936274783480357,0.0649441933792847
Henan,2017,city,0.10110278958637586,1.117437358289246,0.049609053255727176,0.6578520271075785
Henan,2017,foreign,0.0915631799614971,0.4076353111948574,-0.039038414365062835,0.1859299549737754
Henan,2017,joint_stock,-0.13822502847326845,0.6321808221748935,-0.0957786736053503,0.8004387812424678
Henan,2017,large,0.054707189654234156,0.46156090240164716,0.010081336041951161,0.043139867428191536
Henan,2017,policy,0.07395012174639426,0.8141963501106151,0.004755623229568684,0.016476588527725156
Henan,2017,postal,0.05307690815296695,0.716940913242631,-0.009690654766849605,0.0024596613328213834
Henan,2017,rural,0.08958901069230585,0.897857034036825,0.00958324649813136,0.07452743987741606
Henan,2018,city,0.025586469412138158,1.1430238277013842,0.05103665131006352,0.708888678417642
Henan,2018,foreign,-0.5743329486246065,-0.16669763742974908,-0.2532119620570974,-0.06728200708332199
Henan,2018,joint_stock,-0.0804812084925608,0.5516996136823327,-0.06907038786232533,0.7313683933801425
Henan,2018,large,-0.006689675644468096,0.45487122675717906,0.0023393710503434306,0.04547923847853497
Henan,2018,policy,0.0545447131125929,0.868741063223208,0.03420022434144698,0.05067681286917214
Henan,2018,postal,0.1104682294017163,0.8274091426443473,0.037071407431145786,0.03953106876396717
Henan,2018,rural,0.054135727289855495,0.9519927613266805,0.006333660972728694,0.08086110085014475
Henan,2019,city,0.11821321282145192,1.2612370405228361,0.024874781286616354,0.7337634597042584
Henan,2019,foreign,0.7171157716021508,0.5504181341724017,1.185114785691539,1.117832778608217
Henan,2019,joint_stock,0.176401844189634,0.7281014578719667,0.028867097727061974,0.7602354911072045
Henan,2019,large,0.14733143419575967,0.6022026609529387,0.03379518875562937,0.07927442723416434
Henan,2019,policy,0.014542920610802312,0.8832839838340103,-0.0320938517880327,0.018582961081139437
Henan,2019,postal,-0.09450863860746672,0.7329005040368806,-0.17990590402003903,-0.14037483525607186
Henan,2019,rural,0.04260274789700347,0.994595509223684,-0.03695417303852011,0.04390692781162464
Henan,2020,city,0.07684401076479652,1.3380810512876327,0.000902825906218041,0.7346662856104764
Henan,2020,foreign,-0.19733456673847805,0.35308356743392366,-1.1900107563037459,-0.07217797769552892
Henan,2020,joint_stock,0.0431379548093922,0.7712394126813589,-0.05016793980998635,0.7100675512972181
Henan,2020,large,0.06787121178643396,0.6700738727393727,-0.058594567177410184,0.02067986005675415
Henan,2020,policy,0.04204860159707735,0.9253325854310877,-0.03915759047433376,-0.02057462939319432
Henan,2020,postal,0.26419970974691154,0.9971002137837921,0.10550390392276654,-0.03487093133330532
Henan,2020,rural,0.13392312761090253,1.1285186368345865,0.007257547314690527,0.05116447512631517
Henan,2021,city,0.10346614999141046,1.4415472012790431,0.05876142784890526,0.7934277134593817
Henan,2021,foreign,0.005628034501661716,0.3587116019355854,0.07786951269531706,0.005691534999788139
Henan,2021,joint_stock,0.07683054120524702,0.8480699538866059,0.03228678662970985,0.742354337926928
Henan,2021,large,0.08233576839237244,0.7524096411317451,-0.005350042161445856,0.015329817895308295
Henan,2021,policy,0.05293331071741214,0.9782658961484998,0.0894245824863047,0.06884995309311037
Henan,2021,postal,0.10807247365396755,1.1051726874377596,0.008352631589438886,-0.026518299743866436
Henan,2021,rural,0.10036284375524751,1.228881480589834,0.0037972431884494284,0.054961718314764596
Henan,2022,city,0.10058194135577381,1.542129142634817,0.03314110831192707,0.8265688217713087
Henan,2022,foreign,0.024209615144506813,0.3829212170800922,-0.007977250280644554,-0.002285715280856415
Henan,2022,joint_stock,0.05933255787958913,0.907402511766195,0.01427372221245271,0.7566280601393807
Henan,2022,large,0.024637212716253742,0.7770468538479989,0.0009130222498647811,0.016242840145173076
Henan,2022,policy,0.437628306098107,1.4158942022466068,-0.05079316934586764,0.018056783747242733
Henan,2022,postal,0.10676254740481639,1.211935234842576,-0.0022571995918383436,-0.02877549933570478
Henan,2022,rural,0.08201604030750964,1.3108975208973437,-0.02393001799081773,0.031031700323946865
Hubei,2005,city,,-1.6083405529116526,,
Hubei,2005,foreign,,-1.2356385282855094,,
Hubei,2005,joint_stock,,-1.3174228782762416,,
Hubei,2005,large,,-1.031177850310394,,
Hubei,2005,policy,,-1.1342545709312386,,
Hubei,2005,postal,,-1.1855779094009868,,
Hubei,2005,rural,,-1.319880356175954,,
Hubei,2006,city,0.2566002993472889,-1.3517402535643637,,
Hubei,2006,foreign,0.4041701370884372,-0.8314683911970722,,
Hubei,2006,joint_stock,0.2849583222018257,-1.032464556074416,,
Hubei,2006,large,0.19370924833388692,-0.8374686019765072,,
Hubei,2006,policy,0.09920370066147122,-1.0350508702697674,,
Hubei,2006,postal,0.2237073293661087,-0.9618705800348781,,
Hubei,2006,rural,0.2781394494279592,-1.0417409067479948,,
Hubei,2007,city,0.21530336484717338,-1.1364368887171903,,-0.12966794496039036
Hubei,2007,foreign,0.34583886152418586,-0.4856295296728863,,-0.30868634522231275
Hubei,2007,joint_stock,0.3288201906953159,-0.7036443653791,,-0.1564822266983441
Hubei,2007,large,0.1631536791556627,-0.6743149228208445,,-0.009483120560105363
Hubei,2007,policy,0.12808726955400118,-0.9069636007157662,,0.010112445725884989
Hubei,2007,postal,0.0797893054893013,-0.8820812745455768,,-0.06203962320574696
Hubei,2007,rural,0.13794526424445408,-0.9037956425035407,,0.005430756206328269
Hubei,2008,city,0.21023737421231026,-0.92619951450488,-0.05777780066681082,-0.18744574562720118
Hubei,2008,foreign,0.11513917785324956,-0.37049035181963674,0.15145162285809288,-0.15723472236421987
Hubei,2008,joint_stock,0.026320292252869137,-0.6773240731262309,-0.1656851138987303,-0.3221673405970744
Hubei,2008,large,0.18340698897019614,-0.49090793385064835,0.0005173167431653525,-0.00896580381694001
Hubei,2008,policy,0.29342626841376074,-0.6135373323020055,-0.009547952343692323,0.0005644933821926656
Hubei,2008,postal,0.29390325153690533,-0.5881780230086715,-0.15684184674813828,-0.21888146995388524
Hubei,2008,rural,0.24913027901519058,-0.6546653634883501,-0.023217528595935732,-0.017786772389607464
Hubei,2009,city,0.30073684823248925,-0.6254626662723908,0.03814182614995154,-0.14930391947724964
Hubei,2009,foreign,0.05495623318761034,-0.3155341186320264,-0.05414229916362512,-0.211377021527845
Hubei,2009,joint_stock,0.25323603113564275,-0.42408804199058814,0.25190944680353766,-0.07025789379353675
Hubei,2009,large,0.2511571526907428,-0.23975078115990556,-0.01685155290663154,-0.02581735672357155
Hubei,2009,policy,0.24863829646555224,-0.3648990358364532,0.0016915707444900008,0.0022560641266826664
Hubei,2009,postal,0.22592491552709681,-0.3622531074815747,0.049201399568763904,-0.16968007038512134
Hubei,2009,rural,0.22637430194567898,-0.42829106154267116,0.012586330604428042,-0.005200441785179422
Hubei,2010,city,0.36672072796469735,-0.25874193830769343,0.0551103627105185,-0.09419355676673113
Hubei,2010,foreign,0.1339072273249151,-0.1816268913071113,0.09258308247105429,-0.1187939390567907
Hubei,2010,joint_stock,0.13845846135256323,-0.2856295806380249,-0.04933161652444262,-0.11958951031797938
Hubei,2010,large,0.15720963071019867,-0.08254115044970689,0.022524444126055698,-0.0032929125975158513
Hubei,2010,policy,0.18087377387598913,-0.1840252619604641,-0.022793009528556674,-0.020536945401874007
Hubei,2010,postal,0.1705520789085586,-0.19170102857301607,0.11952281794704511,-0.05015725243807623
Hubei,2010,rural,0.20899251130180652,-0.21929855024086464,-0.01207549072613645,-0.017275932511315872
Hubei,2011,city,0.25874193830769343,0.0,0.09419355676673113,0.0
Hubei,2011,foreign,0.1816268913071113,0.0,0.1187939390567907,0.0
Hubei,2011,joint_stock,0.2856295806380249,0.0,0.11958951031797938,0.0
Hubei,2011,large,0.08254115044970689,0.0,0.0032929125975158513,0.0
Hubei,2011,policy,0.1840252619604641,0.0,0.020536945401874007,0.0
Hubei,2011,postal,0.19170102857301607,0.0,0.05015725243807623,0.0
Hubei,2011,rural,0.21929855024086464,0.0,0.017275932511315872,0.0
Hubei,2012,city,0.21456348341734177,0.21456348341734177,0.06536487795410117,0.06536487795410117
Hubei,2012,foreign,0.12294126033597763,0.12294126033597763,0.04735947003885865,0.04735947003885865
Hubei,2012,joint_stock,0.20410249924549007,0.20410249924549007,0.09727012149249603,0.09727012149249603
Hubei,2012,large,0.11813704753637566,0.11813704753637566,0.02193932994434178,0.02193932994434178
Hubei,2012,policy,0.1468383910804114,0.1468383910804114,-0.0028272566189286863,-0.0028272566189286863
Hubei,2012,postal,0.1866779062979198,0.1866779062979198,-0.0161880809471473,-0.0161880809471473
Hubei,2012,rural,0.176359784740308,0.176359784740308,-0.00458901729998118,-0.00458901729998118
Hubei,2013,city,0.14042705035057068,0.35499053376791245,0.12246351224771601,0.18782839020181719
Hubei,2013,foreign,0.06328286877414335,0.18622412911012098,0.0793647415458727,0.12672421158473135
Hubei,2013,joint_stock,0.1358227239961014,0.33992522324159147,0.09698634727607391,0.19425646876856995
Hubei,2013,large,0.07370661823477676,0.19184366577115242,0.012799652458156174,0.03473898240249795
Hubei,2013,policy,0.12950113123889473,0.27633952231930614,0.013498517670895716,0.01067126105196703
Hubei,2013,postal,0.11351330449181418,0.300191210789734,0.047436794328678644,0.031248713381531346
Hubei,2013,rural,0.16705881682891288,0.3434186015692209,0.01944570871343032,0.014856691413449141
Hubei,2014,city,0.23985231544832075,0.5948428492162332,0.1674715238029183,0.3552999140047355
Hubei,2014,foreign,0.06751911480960793,0.2537432439197289,0.09225363132177566,0.21897784290650701
Hubei,2014,joint_stock,0.132104733086285,0.4720299563278765,0.3056103978281559,0.49986686659672586
Hubei,2014,large,0.13267068759033052,0.32451435336148293,0.006296499879427486,0.04103548228192544
Hubei,2014,policy,0.11945071755533299,0.3957902398746391,0.0011166947000749161,0.011787955752041945
Hubei,2014,postal,0.333386806270612,0.633578017060346,0.005534514518222622,0.03678322789975397
Hubei,2014,rural,0.28511195009074086,0.6285305516599617,0.011236575613006394,0.026093267026455536
Hubei,2015,city,0.21142785456725655,0.8062707037834898,0.08569776515688154,0.44099767916161703
Hubei,2015,foreign,-0.021011163134751598,0.2327320807849773,-0.004649008838243596,0.21432883406826342
Hubei,2015,joint_stock,0.13405664497689962,0.6060866013047761,0.15852717193134858,0.6583940385280744
Hubei,2015,large,0.011119381113147142,0.3356337344746301,0.013011273319973427,0.054046755601898866
Hubei,2015,policy,0.20597878871747355,0.6017690285921127,-0.0016755100261569567,0.010112445725884989
Hubei,2015,postal,-0.10486231705221272,0.5287157000081333,-0.026843373035465135,0.009939854864288833
Hubei,2015,rural,0.022262681356233216,0.650793233016195,0.03211077709521071,0.05820404412166624
Hubei,2016,city,0.214991403859619,1.0212621076431088,0.1679244371473132,0.6089221163089302
Hubei,2016,foreign,0.0819309539747497,0.314663034759727,0.009276504370292038,0.22360533843855546
Hubei,2016,joint_stock,0.16905312023545527,0.7751397215402314,0.2391852264563159,0.8975792649843903
Hubei,2016,large,0.06685905916591395,0.402492793640544,-0.022008675711395753,0.03203807989050311
Hubei,2016,policy,0.13305853745824692,0.7348275660503596,0.0022333900964142117,0.0123458358222992
Hubei,2016,postal,0.1252072695726234,0.6539229695807567,0.0005544603394884717,0.010494315203777305
Hubei,2016,rural,0.15222075928737588,0.8030139923035708,0.00727806291160249,0.06548210703326873
Hubei,2017,city,0.09946681329354412,1.1207289209366529,0.04986729909495047,0.6587894154038807
Hubei,2017,foreign,0.09149486936048135,0.40615790412020836,-0.03955317838602124,0.18405216005253422
Hubei,2017,joint_stock,-0.142003288838076,0.6331364327021554,-0.10948893926666337,0.788090325717727
Hubei,2017,large,0.054135213586100406,0.45662800722664443,0.01106488435955022,0.04310296425005333
Hubei,2017,policy,0.06934774563285906,0.8041753116832187,0.004451871570823052,0.016797707393122252
Hubei,2017,postal,0.04718407597734853,0.7011070455581052,-0.010152057231270106,0.00034225797250719836
Hubei,2017,rural,0.08787777798329977,0.8908917702868706,0.009175482194576645,0.07465758922784538
Hubei,2018,city,0.023830628264560616,1.1445595492012135,0.04952405343570909,0.7083134688395898
Hubei,2018,foreign,-0.579774996474189,-0.1736170923539806,-0.25585332610834133,-0.07180116605580711
Hubei,2018,joint_stock,-0.0832792704907046,0.5498571622114508,-0.07526533881219954,0.7128249869055274
Hubei,2018,large,-0.009462765817135121,0.4471652414095093,0.0033463500273445135,0.046449314277397846
Hubei,2018,policy,0.05201701744090137,0.85619232912412,0.03599079836576635,0.052788505758888604
Hubei,2018,postal,0.11314518651175653,0.8142522320698617,0.038867682923646285,0.03920994089615348
Hubei,2018,rural,0.05384825759634282,0.9447400278832134,0.008266368839706217,0.0829239580675516
Hubei,2019,city,0.11721825276328701,1.2617778019645005,0.024365545973861202,0.732679014813451
Hubei,2019,foreign,0.5732644994579044,0.39964740710392377,0.23743302825702184,0.16563186220121473
Hubei,2019,joint_stock,0.1785700149951044,0.7284271772065551,0.03470804628316593,0.7475330331886934
Hubei,2019,large,0.15032033863712968,0.597485580046639,0.0357148264981042,0.08216414077550205
Hubei,2019,policy,0.011735230515796502,0.8679275596399165,-0.033772272774741374,0.01901623298414723
Hubei,2019,postal,-0.028388721398044936,0.7858635106718168,-0.13194672469936108,-0.0927367838032076
Hubei,2019,rural,0.07787749898623275,1.0226175268694462,-0.006489242520460792,0.0764347155470908
Hubei,2020,city,0.07629113346695604,1.3380689354314566,0.0006786981596320629,0.733357712973083
Hubei,2020,foreign,-0.049693639616176455,0.3499537674877473,-0.24365582369529015,-0.07802396149407542
Hubei,2020,joint_stock,0.04228515945235323,0.7707123366589084,-0.056873029412217946,0.6906600037764754
Hubei,2020,large,0.06698692703089293,0.6644725070775319,-0.06084748662746087,0.02131665414804118
Hubei,2020,policy,0.04022956216704543,0.908157121806962,-0.04128378164460056,-0.02226754866045333
Hubei,2020,postal,0.19841739562047245,0.9842809062922893,0.053740107293302586,-0.038996676509905015
Hubei,2020,rural,0.0975824501131548,1.120199976982601,-0.025851265080751418,0.050583450466339386
Hubei,2021,city,0.10159127537777302,1.4396602108092296,0.0587470961843195,0.7921048091574026
Hubei,2021,foreign,0.004266604570515753,0.35422037205826307,0.0791780297121818,0.0011540682181063744
Hubei,2021,joint_stock,0.07695154636159351,0.8476638830205019,0.03351756096976466,0.7241775647462401
Hubei,2021,large,0.08247322034784332,0.7469457274253752,-0.0046129382576438616,0.01670371589039732
Hubei,2021,policy,0.05239762052097241,0.9605547423279344,0.0941547781737686,0.07188722951331528
Hubei,2021,postal,0.10774390980012782,1.092024816092417,0.00857019228364031,-0.030426484226264705
Hubei,2021,rural,0.10124239319291028,1.2214423701755113,0.004372017439587594,0.05495546790592698
Hubei,2022,city,0.10030017527054369,1.5399603860797733,0.03317622956403099,0.8252810387214335
Hubei,2022,foreign,0.02438314949472442,0.3786035215529875,-0.009270054796286509,-0.008115986578180134
Hubei,2022,joint_stock,0.05933916256416616,0.907003045584668,0.016124565542607883,0.740302130288848
Hubei,2022,large,0.022216263739643693,0.7691619911650189,0.0015457966968934755,0.018249512587290795
Hubei,2022,policy,0.4590746944232009,1.4196294367511353,-0.05342516667358055,0.018462062839734728
Hubei,2022,postal,0.10644068089510839,1.1984654969875255,-0.002988002030335224,-0.03341448625659993
Hubei,2022,rural,0.08071324349978681,1.302155613675298,-0.024529573014042683,0.030425894891884298
Hunan,2005,city,,-1.6090212765872671,,
Hunan,2005,foreign,,-1.236011231336354,,
Hunan,2005,joint_stock,,-1.3049425560527723,,
Hunan,2005,large,,-1.0398416665049943,,
Hunan,2005,policy,,-1.1309207038328282,,
Hunan,2005,postal,,-1.185937707227131,,
Hunan,2005,rural,,-1.3081723194922255,,
Hunan,2006,city,0.25979158990469564,-1.3492296866825715,,
Hunan,2006,foreign,0.4030965972726914,-0.8329146340636626,,
Hunan,2006,joint_stock,0.2835230795993766,-1.0214194764533957,,
Hunan,2006,large,0.19991552796478196,-0.8399261385402124,,
Hunan,2006,policy,0.10119301932085811,-1.02972768451197,,
Hunan,2006,postal,0.22255624703995025,-0.9633814601871808,,
Hunan,2006,rural,0.2754929794691119,-1.0326793400231136,,
Hunan,2007,city,0.21067209612800575,-1.1385575905545657,,-0.1288248094399691
Hunan,2007,foreign,0.3462472226583806,-0.486667411405282,,-0.30775996698830976
Hunan,2007,joint_stock,0.32359259116141104,-0.6978268852919847,,-0.11730208606024739
Hunan,2007,large,0.16209286688615876,-0.6778332716540536,,-0.007212481118186176
Hunan,2007,policy,0.12196209913440903,-0.907765585377561,,0.010233176280029177
Hunan,2007,postal,0.07603097938097036,-0.8873504808062105,,-0.06670771252592189
Hunan,2007,rural,0.12806426007110439,-0.9046150799520092,,0.00669181189769219
Hunan,2008,city,0.2124339675894511,-0.9261236229651146,-0.057996017995771254,-0.18682082743574036
Hunan,2008,foreign,0.11460158164010892,-0.3720658297651731,0.15035476145888982,-0.15740520552941994
Hunan,2008,joint_stock,0.023372188687263318,-0.6744546966047213,-0.14624822631165735,-0.26355031237190474
Hunan,2008,large,0.1859107909821862,-0.4919224806718674,-0.0007435997651512594,-0.007956080883337435
Hunan,2008,policy,0.29022442047891417,-0.6175411648986469,-0.01137668698210792,-0.0011435107020787427
Hunan,2008,postal,0.2943466696539563,-0.5930038111522542,-0.1548656391134795,-0.2215733516394014
Hunan,2008,rural,0.2441217608307511,-0.6604933191212581,-0.02338061620190146,-0.01668880430420927
Hunan,2009,city,0.30499703858640537,-0.6211265843787093,0.03798794039582987,-0.1488328870399105
Hunan,2009,foreign,0.055750930251260655,-0.31631489951391245,-0.05094012468584008,-0.20834533021526003
Hunan,2009,joint_stock,0.2553826831403381,-0.4190720134643833,0.19456843660212186,-0.06898187576978287
Hunan,2009,large,0.2502072293184341,-0.2417152513534333,-0.017978253266058175,-0.02593433414939561
Hunan,2009,policy,0.24993329084624705,-0.3676078740523998,0.003426616716647679,0.0022831060145689364
Hunan,2009,postal,0.22876735297886341,-0.3642364581733908,0.04689803023864059,-0.1746753214007608
Hunan,2009,rural,0.2270196226412562,-0.4334736964800019,0.01282221245727122,-0.00386659184693805
Hunan,2010,city,0.3663887878501093,-0.25473779652859996,0.05490204447013802,-0.09393084256977247
Hunan,2010,foreign,0.13466564208020237,-0.18164925743371008,0.0917084264894994,-0.11663690372576063
Hunan,2010,joint_stock,0.13468250267312598,-0.2843895107912573,-0.05039957336857093,-0.1193814491383538
Hunan,2010,large,0.15989999160705537,-0.08181525974637793,0.022413947496012554,-0.0035203866533830563
Hunan,2010,policy,0.18226381896990773,-0.18534405508249208,-0.023069073774403037,-0.0207859677598341
Hunan,2010,postal,0.17272145806281536,-0.19151500011057543,0.12278170155560097,-0.05189361984515983
Hunan,2010,rural,0.21462641557998907,-0.21884728090001282,-0.012120592323883628,-0.015987184170821678
Hunan,2011,city,0.25473779652859996,0.0,0.09393084256977247,0.0
Hunan,2011,foreign,0.18164925743371008,0.0,0.11663690372576063,0.0
Hunan,2011,joint_stock,0.2843895107912573,0.0,0.1193814491383538,0.0
Hunan,2011,large,0.08181525974637793,0.0,0.0035203866533830563,0.0
Hunan,2011,policy,0.18534405508249208,0.0,0.0207859677598341,0.0
Hunan,2011,postal,0.19151500011057543,0.0,0.05189361984515983,0.0
Hunan,2011,rural,0.21884728090001282,0.0,0.015987184170821678,0.0
Hunan,2012,city,0.2143841119647174,0.2143841119647174,0.06890686847679284,0.06890686847679284
Hunan,2012,foreign,0.12339753015431398,0.12339753015431398,0.04813464136654133,0.04813464136654133
Hunan,2012,joint_stock,0.20352352271097196,0.20352352271097196,0.09690429589708494,0.09690429589708494
Hunan,2012,large,0.11800134837179677,0.11800134837179677,0.02241350320202251,0.02241350320202251
Hunan,2012,policy,0.14801447109778465,0.14801447109778465,-0.0034344624486344344,-0.0034344624486344344
Hunan,2012,postal,0.18478721021349997,0.18478721021349997,-0.01903726120924354,-0.01903726120924354
Hunan,2012,rural,0.17904303666610843,0.17904303666610843,-0.004291885818110686,-0.004291885818110686
Hunan,2013,city,0.14164830799860795,0.35603241996332535,0.12406468953668082,0.19297155801347365
Hunan,2013,foreign,0.0626814729533347,0.1860790031076487,0.0797904690544673,0.12792511042100863
Hunan,2013,joint_stock,0.13220235541988679,0.33572587813085875,0.09356847312757743,0.19047276902466237
Hunan,2013,large,0.07475236145816133,0.1927537098299581,0.013244774604125098,0.03565827780614761
Hunan,2013,policy,0.12944905740741497,0.2774635285051996,0.013667638728663611,0.010233176280029177
Hunan,2013,postal,0.1153587418416393,0.3001459520551393,0.05135928924802435,0.032322028038780815
Hunan,2013,rural,0.16905572380602685,0.3480987604721353,0.022387425208034273,0.018095539389923587
Hunan,2014,city,0.23612222654624127,0.5921546465095666,0.16205083442337553,0.3550223924368492
Hunan,2014,foreign,0.0673375644704155,0.2534165675780642,0.09154196616389232,0.21946707658490094
Hunan,2014,joint_stock,0.1329672058527187,0.46869308398357745,0.2946560435309742,0.48512881255563656
Hunan,2014,large,0.13168479766666508,0.3244385074966232,0.006489798001663161,0.04214807580781077
Hunan,2014,policy,0.12048872122396048,0.3979522497291601,0.000565450962196401,0.010798627242225578
Hunan,2014,postal,0.33210954233366863,0.6322554943888079,0.005307155749568082,0.0376291837883489
Hunan,2014,rural,0.28524031642919745,0.6333390769013327,0.011686366065955411,0.029781905455879
Hunan,2015,city,0.2123185014306248,0.8044731479401914,0.08667213710985955,0.44169452954670874
Hunan,2015,foreign,-0.019628979108878397,0.2337875884691858,-0.0036900410874540768,0.21577703549744687
Hunan,2015,joint_stock,0.1335695740671241,0.6022626580507016,0.16097775007214032,0.6461065626277769
Hunan,2015,large,0.01183597206111564,0.3362744795577388,0.012621738057937648,0.05476981386574842
Hunan,2015,policy,0.20642427340384728,0.6043765231330074,-0.0016973129958799404,0.009101314246345638
Hunan,2015,postal,-0.10397351984906678,0.5282819745397411,-0.027134523274956024,0.010494660513392873
Hunan,2015,rural,0.022517202552020166,0.6558562794533529,0.03197803156010437,0.06175993701598337
Hunan,2016,city,0.21062886046293983,1.0151020084031313,0.16310348118194717,0.6047980107286559
Hunan,2016,foreign,0.08115066316342556,0.31493825163261135,0.009199696898424037,0.2249767323958709
Hunan,2016,joint_stock,0.16904208028475765,0.7713047383354592,0.24372892038116234,0.8898354830089392
Hunan,2016,large,0.06699921024668853,0.40327368980442735,-0.022015133633825457,0.03275468023192296
Hunan,2016,policy,0.13476040339446094,0.7391369265274683,0.0028272566189286863,0.011928570865274324
Hunan,2016,postal,0.1277811254400003,0.6560630999797414,0.0009060377094076699,0.011400698222800543
Hunan,2016,rural,0.15041821216444085,0.8062744916177937,0.0076982221866170875,0.06945815920260046
Hunan,2017,city,0.09849552095883496,1.1135975293619662,0.04747073666990076,0.6522687473985567
Hunan,2017,foreign,0.09157059691765035,0.4065088485502617,-0.04017354790855343,0.18480318448731747
Hunan,2017,joint_stock,-0.13976442525285826,0.631540313082601,-0.0985970627923809,0.7912384202165583
Hunan,2017,large,0.05059946189111031,0.45387315169553766,0.010538253940547193,0.043292934172470154
Hunan,2017,policy,0.06871908687142003,0.8078560133988884,0.0050690055032971415,0.016997576368571465
Hunan,2017,postal,0.08932511699488899,0.7453882169746304,-0.010232676623667558,0.0011680215991329845
Hunan,2017,rural,0.09029373780425409,0.8965682294220478,0.009656141382885508,0.07911430058548596
Hunan,2018,city,0.02457293539548111,1.1381704647574473,0.05057073279134627,0.7028394801899029
Hunan,2018,foreign,-0.5756979731256884,-0.16918912457542667,-0.25486149884848697,-0.0700583143611695
Hunan,2018,joint_stock,-0.08152147158604173,0.5500188414965592,-0.06851450271530979,0.7227239175012485
Hunan,2018,large,-0.004925687376166721,0.44894746431937094,0.0026886253803173332,0.04598155955278749
Hunan,2018,policy,0.06524202973732862,0.873098043136217,0.03640777177666621,0.053405348145237674
Hunan,2018,postal,0.07183199216880354,0.817220209143434,0.039559208647181876,0.04072723024631486
Hunan,2018,rural,0.05130349674145762,0.9478717261635055,0.006472420994489525,0.08558672157997549
Hunan,2019,city,0.11819990376999812,1.2563703685274454,0.024482262590570514,0.7273217427804735
Hunan,2019,foreign,0.7189864520885365,0.5497973275131098,1.1902256065911088,1.1201672922299393
Hunan,2019,joint_stock,0.17746643888457214,0.7274852803811314,0.02938031153238363,0.7521042290336322
Hunan,2019,large,0.14985505300117907,0.59880251732055,0.0352012604723555,0.08118282002514299
Hunan,2019,policy,0.011398606625665053,0.884496649761882,-0.03416310192284211,0.019242246222395565
Hunan,2019,postal,-0.10526364172182845,0.7119565674216055,-0.19223865089848324,-0.15151142065216838
Hunan,2019,rural,0.040941267689037275,0.9888129938525427,-0.03914871217403615,0.04643800940593934
Hunan,2020,city,0.07783183159632401,1.3342022001237694,0.0032360473818329183,0.7305577901623064
Hunan,2020,foreign,-0.19778759598368723,0.3520097315294226,-1.1951577990804276,-0.07499050685048836
Hunan,2020,joint_stock,0.042067643870993265,0.7695529242521246,-0.05075494047749629,0.7013492885561359
Hunan,2020,large,0.0672355170679726,0.6660380343885226,-0.06097097583623601,0.02021184418890698
Hunan,2020,policy,0.03806686496869105,0.9225635147305731,-0.041780039247761636,-0.02253779302536607
Hunan,2020,postal,0.27516888026653596,0.9871254476881415,0.11336281334226861,-0.038148607309899774
Hunan,2020,rural,0.13495404570269187,1.1237670395552346,0.008440504641493263,0.0548785140474326
Hunan,2021,city,0.10140856098533924,1.4356107611091087,0.05652654810592672,0.7870843382682331
Hunan,2021,foreign,0.0055626970972664225,0.35757242862668903,0.0784249692991228,0.0034344624486344344
Hunan,2021,joint_stock,0.07632614493530454,0.8458790691874292,0.03252135950294921,0.7338706480590851
Hunan,2021,large,0.0819833865534978,0.7480214209420204,-0.005335003460025689,0.014876840728881291
Hunan,2021,policy,0.05125203514759136,0.9738155498781644,0.09525704625313125,0.07271925322776518
Hunan,2021,postal,0.10859507076658481,1.0957205184547263,0.008723407438527175,-0.029425199871372598
Hunan,2021,rural,0.10085932626243022,1.2246263658176648,0.004267621502586749,0.05914613555001935
Hunan,2022,city,0.10079102874510504,1.5364017898542137,0.0326932201129253,0.8197775583811584
Hunan,2022,foreign,0.024527434526742553,0.3820998631534316,-0.008032171697263557,-0.004597709248629123
Hunan,2022,joint_stock,0.06034103041604233,0.9062200996034715,0.01445313299700679,0.7483237810560919
Hunan,2022,large,0.021201267462078732,0.7692226884040991,0.0010727387007012368,0.015949579429582528
Hunan,2022,policy,0.44863158549950555,1.42244713537767,-0.05403770228218452,0.01868155094558066
Hunan,2022,postal,0.10733992075577703,1.2030604392105033,-0.0024427194714924383,-0.031867919342865036
Hunan,2022,rural,0.08179391972555727,1.306420285543222,-0.024867109175561453,0.0342790263744579
Jiangsu,2005,city,,-1.600245819105437,,
Jiangsu,2005,foreign,,-1.2310847463988246,,
Jiangsu,2005,joint_stock,,-1.3309025854010414,,
Jiangsu,2005,large,,-1.0367245370937948,,
Jiangsu,2005,policy,,-1.1397765793201824,,
Jiangsu,2005,postal,,-1.205107028478313,,
Jiangsu,2005,rural,,-1.3049328760751173,,
Jiangsu,2006,city,0.2594270527192748,-1.3408187663861622,,
Jiangsu,2006,foreign,0.40941095504116376,-0.8216737913576608,,
Jiangsu,2006,joint_stock,0.2915211332755945,-1.039381452125447,,
Jiangsu,2006,large,0.20413204644919958,-0.8325924906445952,,
Jiangsu,2006,policy,0.09744147723988483,-1.0423351020802976,,
Jiangsu,2006,postal,0.2275688952698225,-0.9775381332084905,,
Jiangsu,2006,rural,0.3251220488530553,-0.979810827222062,,
Jiangsu,2007,city,0.21128915959673122,-1.129529606789431,,-0.11224966771072786
Jiangsu,2007,foreign,0.33765139814446066,-0.4840223932132002,,-0.27802016154004416
Jiangsu,2007,joint_stock,0.3291521754112381,-0.7102292767142089,,-0.10718429366248827
Jiangsu,2007,large,0.16308982343892175,-0.6695026672056734,,-0.005651287494123025
Jiangsu,2007,policy,0.12499460435804366,-0.9173404977222539,,0.008983777434511175
Jiangsu,2007,postal,0.07838125059103795,-0.8991568826174525,,-0.06642336683623995
Jiangsu,2007,rural,0.07843199586894833,-0.9013788313531137,,0.006940420329524244
Jiangsu,2008,city,0.20803320200307596,-0.921496404786355,-0.061803658114921944,-0.1740533258256498
Jiangsu,2008,foreign,0.1134614274686232,-0.370560965744577,0.13752979859121783,-0.14049036294882633
Jiangsu,2008,joint_stock,0.04123839771918192,-0.668990878995027,-0.10116489697533382,-0.2083491906378221
Jiangsu,2008,large,0.1781196095326898,-0.4913830576729836,-0.00833315059331774,-0.013984438087440765
Jiangsu,2008,policy,0.29451815804925374,-0.6228223396730002,-0.010677257940844065,-0.0016934805063328895
Jiangsu,2008,postal,0.2961483936936862,-0.6030084889237664,-0.16071876346070013,-0.22714213029694008
Jiangsu,2008,rural,0.24993244870345066,-0.651446382649663,-0.024944358071664396,-0.018003937742140153
Jiangsu,2009,city,0.29143732368343755,-0.6300590811029174,0.03854318935129797,-0.13551013647435184
Jiangsu,2009,foreign,0.05571939939583892,-0.31484156634873806,-0.0471853073898556,-0.18767567033868193
Jiangsu,2009,joint_stock,0.25138129134359666,-0.4176095876514303,0.13812319057222133,-0.07022600006560076
Jiangsu,2009,large,0.2494323703558745,-0.24195068731710911,-0.012039679902430933,-0.026024117989871698
Jiangsu,2009,policy,0.2517642266665341,-0.3710581130064661,0.003384097984240775,0.0016906174779078853
Jiangsu,2009,postal,0.2319698959120977,-0.37103859301166864,0.09370669928784636,-0.13343543100909372
Jiangsu,2009,rural,0.2237947816899073,-0.42765160095975574,0.012147066239050375,-0.005856871503089778
Jiangsu,2010,city,0.3704635574428039,-0.2595955236601135,0.05464506033341543,-0.08086507614093641
Jiangsu,2010,foreign,0.13729946899019652,-0.17754209735854154,0.08285438359659025,-0.10482128674209168
Jiangsu,2010,joint_stock,0.15461845068945834,-0.26299113696197196,0.0054824698727440335,-0.06474353019285672
Jiangsu,2010,large,0.1477273949410396,-0.09422329237606952,0.017055283172974,-0.008968834816897697
Jiangsu,2010,policy,0.18020395262913702,-0.19085416037732905,-0.021628617726777932,-0.019938000248870047
Jiangsu,2010,postal,0.17665589521519465,-0.194382697796474,0.08190808634681268,-0.05152734466228104
Jiangsu,2010,rural,0.20337035390916292,-0.22428124705059282,-0.012868985948992773,-0.01872585745208255
Jiangsu,2011,city,0.2595955236601135,0.0,0.08086507614093641,0.0
Jiangsu,2011,foreign,0.17754209735854154,0.0,0.10482128674209168,0.0
Jiangsu,2011,joint_stock,0.26299113696197196,0.0,0.06474353019285672,0.0
Jiangsu,2011,large,0.09422329237606952,0.0,0.008968834816897697,0.0
Jiangsu,2011,policy,0.19085416037732905,0.0,0.019938000248870047,0.0
Jiangsu,2011,postal,0.194382697796474,0.0,0.05152734466228104,0.0
Jiangsu,2011,rural,0.22428124705059282,0.0,0.01872585745208255,0.0
Jiangsu,2012,city,0.21220287738561439,0.21220287738561439,0.06805166054511069,0.06805166054511069
Jiangsu,2012,foreign,0.12072560241266572,0.12072560241266572,0.05202118475087847,0.05202118475087847
Jiangsu,2012,joint_stock,0.19937691708548932,0.19937691708548932,0.10005092024311502,0.10005092024311502
Jiangsu,2012,large,0.12032844559414357,0.12032844559414357,0.02146766485742191,0.02146766485742191
Jiangsu,2012,policy,0.1446774082589357,0.1446774082589357,-0.0033898337545110735,-0.0033898337545110735
Jiangsu,2012,postal,0.18509375462505595,0.18509375462505595,-0.018108659651792536,-0.018108659651792536
Jiangsu,2012,rural,0.18159833571497508,0.18159833571497508,-0.006523543362446205,-0.006523543362446205
Jiangsu,2013,city,0.13214019049734738,0.34434306788296176,0.12801254398947215,0.19606420453458284
Jiangsu,2013,foreign,0.059118417096684084,0.1798440195093498,0.07006756261671665,0.12208874736759512
Jiangsu,2013,joint_stock,0.13474133794012744,0.33411825502561676,0.09951657972503192,0.19956749996814693
Jiangsu,2013,large,0.07450053208132879,0.19482897767547236,0.012740612559984044,0.03420827741740595
Jiangsu,2013,policy,0.1284640205477423,0.273141428806678,0.013490929741014845,0.010101095986503772
Jiangsu,2013,postal,0.12126601619456956,0.3063597708196255,0.04978238154642156,0.031673721894629026
Jiangsu,2013,rural,0.17300393954229776,0.35460227525727284,0.02049330685866657,0.013969763496220367
Jiangsu,2014,city,0.22705734007041833,0.5714004079533801,0.17308230939734592,0.36914651393192877
Jiangsu,2014,foreign,0.06427061192943562,0.24411463143878542,0.08342457257034397,0.2055133199379391
Jiangsu,2014,joint_stock,0.13084991037414007,0.4649681653997568,0.31579173304920083,0.5153592330173478
Jiangsu,2014,large,0.14086187306310016,0.3356908507385725,0.007152955092902147,0.0413612325103081
Jiangsu,2014,policy,0.12069870473000321,0.39384013353668124,0.0011160715444216152,0.011217167530925387
Jiangsu,2014,postal,0.33905019892161903,0.6454099697412445,0.005562952813809474,0.0372366747084385
Jiangsu,2014,rural,0.29356216691195947,0.6481644421692323,0.009602299682132553,0.02357206317835292
Jiangsu,2015,city,0.2063971996998486,0.7777976076532287,0.08971498673152567,0.45886150066345444
Jiangsu,2015,foreign,-0.025127270938734014,0.2189873605000514,-0.002968829493802616,0.20254449044413647
Jiangsu,2015,joint_stock,0.13562658824406348,0.6005947536438203,0.16774451361956544,0.6831037466369132
Jiangsu,2015,large,0.01253214380030876,0.3482229945388813,0.007764312853479893,0.04912554536378799
Jiangsu,2015,policy,0.20880949418385697,0.6026496277205382,-0.0016745747703321712,0.009542592760593216
Jiangsu,2015,postal,-0.10831984996885957,0.537090119772385,-0.027685807799615603,0.009550866908822897
Jiangsu,2015,rural,0.0164650839263345,0.6646295260955668,0.030034424284082206,0.053606487462435126
Jiangsu,2016,city,0.21433123567176082,0.9921288433249895,0.17451269560785754,0.633374196271312
Jiangsu,2016,foreign,0.08029689270053275,0.29928425320058416,0.010842885924708057,0.21338737636884453
Jiangsu,2016,joint_stock,0.17165476020461057,0.7722495138484309,0.2753991984696711,0.9585029451065843
Jiangsu,2016,large,0.06666859711089401,0.4148915916497753,-0.02213956592513533,0.026985979438652663
Jiangsu,2016,policy,0.1349207642978847,0.7375703920184229,0.0027894020875782743,0.01233199484817149
Jiangsu,2016,postal,0.1267714260795021,0.6638615458518871,0.0008234623889649129,0.01037432929778781
Jiangsu,2016,rural,0.15264490578878842,0.8172744318843552,0.007319004523543171,0.0609254919859783
Jiangsu,2017,city,0.10499847655989925,1.0971273198848888,0.049928826727501985,0.683303022998814
Jiangsu,2017,foreign,0.0895551340973455,0.38883938729792966,-0.04102626374780627,0.17236111262103826
Jiangsu,2017,joint_stock,-0.1490363004384463,0.6232132134099846,-0.13224084059420882,0.8262621045123755
Jiangsu,2017,large,0.05528831200193629,0.4701799036517116,0.012160840918966187,0.03914682035761885
Jiangsu,2017,policy,0.07260572916501751,0.8101761211834404,0.005001399700189424,0.017333394548360914
Jiangsu,2017,postal,0.047282561377560484,0.7111441072294475,-0.010342341069453198,3.198822833461179e-05
Jiangsu,2017,rural,0.08505141081630718,0.9023258427006624,0.00014496535353281104,0.06107045733951111
Jiangsu,2018,city,0.01775383832785593,1.1148811582127447,0.05635483189767676,0.7396578548964907
Jiangsu,2018,foreign,-0.6115957899894067,-0.222756402691477,-0.2221226221801027,-0.04976150955906444
Jiangsu,2018,joint_stock,-0.08771388891154253,0.5354993244984421,-0.050762200814084224,0.7754999036982912
Jiangsu,2018,large,-0.01203815656556273,0.45814174708614885,0.004949288771861404,0.044096109129480254
Jiangsu,2018,policy,0.051668352289045316,0.8618444734724857,0.04392139925954286,0.061254793807903773
Jiangsu,2018,postal,0.11393659323942806,0.8250807004688756,0.04028189603514498,0.040313884263479594
Jiangsu,2018,rural,0.051730272800694976,0.9540561155013574,0.017458719604867667,0.07852917694437878
Jiangsu,2019,city,0.12257272440130684,1.2374538826140515,0.021156937045553548,0.7608147919420443
Jiangsu,2019,foreign,0.755605356085173,0.532848953393696,1.1992422450982438,1.1494807355391794
Jiangsu,2019,joint_stock,0.18280826988009835,0.7183075943785404,0.02086165794287176,0.796361561641163
Jiangsu,2019,large,0.15461003198728562,0.6127517790734345,0.035717161164322775,0.07981327029380303
Jiangsu,2019,policy,0.010042442746014402,0.8718869162185001,-0.04281336590518059,0.018441427902723184
Jiangsu,2019,postal,-0.11590755544674813,0.7091731450221275,-0.19514188841897528,-0.1548280041554957
Jiangsu,2019,rural,0.04107674380789739,0.9951328593092548,-0.041815455751132546,0.03671372119324623
Jiangsu,2020,city,0.07170549780381563,1.3091593804178672,0.0042801994625634165,0.7650949914046077
Jiangsu,2020,foreign,-0.21012762615987768,0.3227213272338183,-1.2043573457650139,-0.054876610225834455
Jiangsu,2020,joint_stock,0.03653372377575437,0.7548413181542948,-0.04748526136118514,0.7488763002799779
Jiangsu,2020,large,0.06006495339187978,0.6728167324653143,-0.061286836775325426,0.018526433518477603
Jiangsu,2020,policy,0.037319890730866945,0.9092068069493671,-0.03149866705937132,-0.013057239156648137
Jiangsu,2020,postal,0.27931431862668,0.9884874636488075,0.11528607246783196,-0.039541931687663734
Jiangsu,2020,rural,0.13894760424223662,1.1340804635514914,0.009961066047038614,0.04667478724028484
Jiangsu,2021,city,0.10072951437831712,1.4098888947961843,0.05711237324275764,0.8222073646473653
Jiangsu,2021,foreign,0.003722541959207959,0.32644386919302626,0.027814688182877134,-0.02706192204295732
Jiangsu,2021,joint_stock,0.07818157368779666,0.8330228918420914,0.023235505783375743,0.7721118060633536
Jiangsu,2021,large,0.07910063720932037,0.7519173696746346,-0.007264500045792488,0.011261933472685115
Jiangsu,2021,policy,0.05176385682600859,0.9609706637753757,0.08434114843375085,0.07128390927710271
Jiangsu,2021,postal,0.10723545501093312,1.0957229186597406,0.008648308512430702,-0.03089362317523303
Jiangsu,2021,rural,0.10214187502899108,1.2362223385804825,0.0005733565773322624,0.047248143817617105
Jiangsu,2022,city,0.0954109045272169,1.5052997993234012,0.03304421917193068,0.855251583819296
Jiangsu,2022,foreign,0.025780588489656253,0.3522244576826825,-0.008766493212182702,-0.03582841525514002
Jiangsu,2022,joint_stock,0.05980228418135525,0.8928251760234467,0.010208176592522378,0.782319982655876
Jiangsu,2022,large,0.009674993672888377,0.761592363347523,0.0011029844982655135,0.012364917970950629
Jiangsu,2022,policy,0.45568825604884466,1.4166589198242203,-0.047320656190072086,0.023963253087030623
Jiangsu,2022,postal,0.10245617529822404,1.1981790939579646,-0.00244442363978159,-0.03333804681501462
Jiangsu,2022,rural,0.07903418377617655,1.315256522356659,-0.023886793904443593,0.023361349913173513
Jiangxi,2005,city,,-1.6024409783941387,,
Jiangxi,2005,foreign,,-1.2361384027890772,,
Jiangxi,2005,joint_stock,,-1.3072447216620127,,
Jiangxi,2005,large,,-1.0386062282063975,,
Jiangxi,2005,policy,,-1.1334137608038315,,
Jiangxi,2005,postal,,-1.1900315422097876,,
Jiangxi,2005,rural,,-1.298579331670652,,
Jiangxi,2006,city,0.25557847790869737,-1.3468625004854413,,
Jiangxi,2006,foreign,0.4030965972726914,-0.8330418055163857,,
Jiangxi,2006,joint_stock,0.28225645446649317,-1.0249882671955195,,
Jiangxi,2006,large,0.2002001219802434,-0.8384061062261541,,
Jiangxi,2006,policy,0.1017788083200557,-1.0316349524837758,,
Jiangxi,2006,postal,0.22316777425193024,-0.9668637679578573,,
Jiangxi,2006,rural,0.26986124563156544,-1.0287180860390865,,
Jiangxi,2007,city,0.21529386432305486,-1.1315686361623865,,-0.2028147199972281
Jiangxi,2007,foreign,0.3462472226583806,-0.48679458285800514,,-0.30890609891893206
Jiangxi,2007,joint_stock,0.3252096043642947,-0.6997786628312248,,-0.1021958207187268
Jiangxi,2007,large,0.16244586117888993,-0.6759602450472642,,-0.007983621039624467
Jiangxi,2007,policy,0.12712071977923323,-0.9045142327045426,,0.006195457721786646
Jiangxi,2007,postal,0.07901384396489952,-0.8878499239929578,,-0.06268821011023995
Jiangxi,2007,rural,0.1316751309345232,-0.8970429551045633,,0.010379820763274594
Jiangxi,2008,city,0.20837948193974576,-0.9231891542226407,0.02271578836554511,-0.180098931631683
Jiangxi,2008,foreign,0.1146999783881757,-0.37209460446982945,0.15035476145888982,-0.15855133746004224
Jiangxi,2008,joint_stock,0.02662581962922239,-0.6731528432020024,-0.15147847765154054,-0.25367429837026734
Jiangxi,2008,large,0.1857133198147416,-0.49024692523252256,5.2617270753785306e-05,-0.007931003768870681
Jiangxi,2008,policy,0.2905436492565592,-0.6139705834479834,-0.0073260400920727164,-0.0011305823702860707
Jiangxi,2008,postal,0.2934729118824748,-0.594377012110483,-0.15802712320357415,-0.2207153333138141
Jiangxi,2008,rural,0.24378984213795185,-0.6532531129666115,-0.027616438874620286,-0.017236618111345692
Jiangxi,2009,city,0.3012404751015616,-0.6219486791210791,0.0348562795862577,-0.1452426520454253
Jiangxi,2009,foreign,0.055367479079139414,-0.31672712539069003,-0.052353552482986565,-0.2109048899430288
Jiangxi,2009,joint_stock,0.25387069080815117,-0.41928215239385125,0.19492724974099573,-0.0587470486292716
Jiangxi,2009,large,0.25012724811110765,-0.2401196771214149,-0.018104926844403124,-0.026035930613273806
Jiangxi,2009,policy,0.24891506167488409,-0.3650555217730993,0.0033879196719359683,0.0022573373016498977
Jiangxi,2009,postal,0.2270298214035762,-0.3673471907069068,0.049793754017049,-0.1709215792967651
Jiangxi,2009,rural,0.22567520203391744,-0.42757791093269404,0.013112711271167754,-0.004123906840177938
Jiangxi,2010,city,0.3646011573933574,-0.2573475217277217,0.05684256574363289,-0.08840008630179241
Jiangxi,2010,foreign,0.135148943593979,-0.18157818179671104,0.09183236345677415,-0.11907252648625466
Jiangxi,2010,joint_stock,0.1343601312856748,-0.28492202110817644,-0.04669913847859597,-0.10544618710786757
Jiangxi,2010,large,0.15775555843347888,-0.08236411868793603,0.023614389923169554,-0.0024215406901042513
Jiangxi,2010,policy,0.18088231081491735,-0.18417321095818195,-0.015336852735468476,-0.013079515433818578
Jiangxi,2010,postal,0.17282937931778442,-0.19451781138912239,0.12045761893964624,-0.050463960357118864
Jiangxi,2010,rural,0.20931575796563706,-0.21826215296705698,-0.0114486491769199,-0.015572556017097838
Jiangxi,2011,city,0.2573475217277217,0.0,0.08840008630179241,0.0
Jiangxi,2011,foreign,0.18157818179671104,0.0,0.11907252648625466,0.0
Jiangxi,2011,joint_stock,0.28492202110817644,0.0,0.10544618710786757,0.0
Jiangxi,2011,large,0.08236411868793603,0.0,0.0024215406901042513,0.0
Jiangxi,2011,policy,0.18417321095818195,0.0,0.013079515433818578,0.0
Jiangxi,2011,postal,0.19451781138912239,0.0,0.050463960357118864,0.0
Jiangxi,2011,rural,0.21826215296705698,0.0,0.015572556017097838,0.0
Jiangxi,2012,city,0.21596749482191058,0.21596749482191058,0.06583134613987518,0.06583134613987518
Jiangxi,2012,foreign,0.12404572530715541,0.12404572530715541,0.04917191641686269,0.04917191641686269
Jiangxi,2012,joint_stock,0.20337291693277493,0.20337291693277493,0.10833219453243714,0.10833219453243714
Jiangxi,2012,large,0.1182467447182809,0.1182467447182809,0.02168722371144227,0.02168722371144227
Jiangxi,2012,policy,0.14604827445821655,0.14604827445821655,-0.0033955890011378997,-0.0033955890011378997
Jiangxi,2012,postal,0.1890025456806832,0.1890025456806832,-0.016833889611570285,-0.016833889611570285
Jiangxi,2012,rural,0.17653539459808698,0.17653539459808698,-0.0053536356862551315,-0.0053536356862551315
Jiangxi,2013,city,0.13673769410611314,0.3527051889280237,0.12100780465539884,0.18683915079527402
Jiangxi,2013,foreign,0.06412445840033243,0.18817018370748784,0.07962319178870825,0.12879510820557094
Jiangxi,2013,joint_stock,0.13566427688099658,0.3390371938137715,0.09735847245860718,0.20569066699104432
Jiangxi,2013,large,0.07517456986028925,0.19342131457857015,0.013411896105287369,0.03509911981672964
Jiangxi,2013,policy,0.12812162298235563,0.2741698974405722,0.012954278592690827,0.009558689591552927
Jiangxi,2013,postal,0.11769929181990157,0.3067018375005848,0.0478148105264431,0.03098092091487281
Jiangxi,2013,rural,0.1673693796691076,0.34390477426719457,0.02101880120069133,0.015665165514436197
Jiangxi,2014,city,0.2380009055007637,0.5907060944287874,0.16376305758892507,0.3506022083841991
Jiangxi,2014,foreign,0.06640490198423699,0.2545750856917248,0.09044622307603678,0.21924133128160772
Jiangxi,2014,joint_stock,0.13097920883360104,0.47001640264737254,0.2905651831922338,0.4962558501832781
Jiangxi,2014,large,0.13178365186700702,0.32520496644557717,0.006547298566676574,0.041646418383406214
Jiangxi,2014,policy,0.11896650595416425,0.39313640339473643,0.001118568349291138,0.010677257940844065
Jiangxi,2014,postal,0.3297674521004943,0.6364692896010791,0.005240709756131778,0.03622163067100459
Jiangxi,2014,rural,0.28469972789951825,0.6286045021667128,0.010934636593230351,0.026599802107666548
Jiangxi,2015,city,0.20930713844181348,0.8000132328706009,0.07298150494144195,0.42358371332564104
Jiangxi,2015,foreign,-0.019657799829778,0.23491728586194682,-0.00461042771478315,0.21463090356682457
Jiangxi,2015,joint_stock,0.13286868777960947,0.602885090426982,0.16141994055082343,0.6576757907341015
Jiangxi,2015,large,0.013152031736423098,0.33835699818200027,0.012901479028906593,0.05454789741231281
Jiangxi,2015,policy,0.2081691950550475,0.6013055984497839,-0.002238389294979548,0.008438868645864517
Jiangxi,2015,postal,-0.09886171670742883,0.5376075728936502,-0.026605282872450786,0.009616347798553804
Jiangxi,2015,rural,0.022939824448771517,0.6515443266154843,0.0307761730072329,0.05737597511489945
Jiangxi,2016,city,0.2124627150254259,1.0124759478960268,0.16621329113923444,0.5897970044648755
Jiangxi,2016,foreign,0.08077797738070558,0.3156952632426524,0.009199696898424037,0.2238306004652486
Jiangxi,2016,joint_stock,0.16842462421211835,0.7713097146391004,0.24210311526332617,0.8997789059974277
Jiangxi,2016,large,0.06847343830079211,0.4068304364827924,-0.02136580779573727,0.03318208961657554
Jiangxi,2016,policy,0.13344395875171777,0.7347495572015017,0.0027972046210615886,0.011236073266926105
Jiangxi,2016,postal,0.12915713014816177,0.666764703041812,0.000735902894033913,0.010352250692587717
Jiangxi,2016,rural,0.1524961633537174,0.8040404899692017,0.00847261554051748,0.06584859065541693
Jiangxi,2017,city,0.09990326940733851,1.1123792173033653,0.04823669833181832,0.6380337027966938
Jiangxi,2017,foreign,0.09164586309179157,0.40734112633444397,-0.03922071315328157,0.18460988731196704
Jiangxi,2017,joint_stock,-0.14108411856127923,0.6302255960778211,-0.09878394321859041,0.8009949627788373
Jiangxi,2017,large,0.054291737367313075,0.46112217385010545,0.010898150065575152,0.04408023968215069
Jiangxi,2017,policy,0.06883265795347704,0.8035822151549787,0.00445931619676454,0.015695389463690645
Jiangxi,2017,postal,0.049815491162831904,0.7165801942046439,-0.009671136115171564,0.0006811145774161531
Jiangxi,2017,rural,0.08990937019290257,0.8939498601621043,0.009537119224850343,0.07538570988026727
Jiangxi,2018,city,0.0228971270235796,1.135276344326945,0.05336550852266875,0.6913992113193625
Jiangxi,2018,foreign,-0.5750520520552875,-0.16771092572084356,-0.25335732991070614,-0.0687474425987391
Jiangxi,2018,joint_stock,-0.08022163897077483,0.5500039571070463,-0.06950225176022329,0.731492711018614
Jiangxi,2018,large,-0.008610581132716177,0.4525115927173893,0.0022784167383065324,0.04635865642045722
Jiangxi,2018,policy,0.05023967015053543,0.8538218853055142,0.03604978021397098,0.05174516967766163
Jiangxi,2018,postal,0.11223443615833162,0.8288146303629755,0.03864203355059104,0.03932314812800719
Jiangxi,2018,rural,0.0535723220407327,0.947522182202837,0.007026700573675271,0.08241241045394254
Jiangxi,2019,city,0.1178479019181573,1.2531242462451022,0.026093441788020755,0.7174926531073833
Jiangxi,2019,foreign,0.717968038160322,0.5502571124394784,1.188142644421026,1.1193952018222868
Jiangxi,2019,joint_stock,0.17634095577422393,0.7263449128812702,0.029104130845476917,0.7605968418640909
Jiangxi,2019,large,0.14820417544378195,0.6007157681611712,0.03478767788183035,0.08114633430228757
Jiangxi,2019,policy,0.011016523412065382,0.8648384087175796,-0.03382755707725327,0.01791761260040836
Jiangxi,2019,postal,-0.10265367356141297,0.7261609568015626,-0.18858218084150558,-0.14925903271349839
Jiangxi,2019,rural,0.04205277586616596,0.989574958069003,-0.03788881195633387,0.044523598497608674
Jiangxi,2020,city,0.07512778703541656,1.3282520332805188,0.0005048911435743264,0.7179975442509576
Jiangxi,2020,foreign,-0.19744478822343403,0.35281232421604436,-1.1942965099954046,-0.0749013081731178
Jiangxi,2020,joint_stock,0.04139265029944461,0.7677375631807148,-0.050629692903275014,0.7099671489608159
Jiangxi,2020,large,0.06720839761106134,0.6679241657722326,-0.059816736977266416,0.021329597325021155
Jiangxi,2020,policy,0.03873312477857738,0.9035715334961569,-0.041353952484992185,-0.023436339884583823
Jiangxi,2020,postal,0.2711059544734713,0.9972669112750339,0.11106476771287177,-0.038194265000626615
Jiangxi,2020,rural,0.1348768106194651,1.124451768688468,0.010147346073230423,0.0546709445708391
Jiangxi,2021,city,0.10353084563207915,1.431782878912598,0.06035364576274915,0.7783511900137068
Jiangxi,2021,foreign,0.005427200051228098,0.35823952426727246,0.07947274470569887,0.004571436532581075
Jiangxi,2021,joint_stock,0.07666288413958355,0.8444004473202984,0.03230057405469999,0.7422677230155159
Jiangxi,2021,large,0.0821223726463014,0.750046538418534,-0.0053798003455654,0.015949796979455755
Jiangxi,2021,policy,0.051358419689956136,0.9549299531861131,0.09431067947124117,0.07087433958665734
Jiangxi,2021,postal,0.10835522709303191,1.1056221383680658,0.009032732779262531,-0.029161532221364084
Jiangxi,2021,rural,0.10042814817307466,1.2248799168615427,0.0039898860302312045,0.0586608306010703
Jiangxi,2022,city,0.1020655926306091,1.533848471543207,0.03582228780305563,0.8141734778167624
Jiangxi,2022,foreign,0.024213294242411365,0.3824528185096838,-0.00801378072355341,-0.003442344190972335
Jiangxi,2022,joint_stock,0.05903605440395587,0.9034365017242543,0.01399541759145606,0.756263140606972
Jiangxi,2022,large,0.022537864387604856,0.7725844028061388,0.0009927427900073837,0.01694253976946314
Jiangxi,2022,policy,0.4520806447607786,1.4070105979468917,-0.053511819978576014,0.017362519608081328
Jiangxi,2022,postal,0.10613106111140524,1.211753199479471,-0.0022345664664342735,-0.03139609868779836
Jiangxi,2022,rural,0.08226653895553149,1.3071464558170742,-0.024610380315888136,0.034050450285182166
Jilin,2005,city,,-1.6138145185691268,,
Jilin,2005,foreign,,-1.2368163775350656,,
Jilin,2005,joint_stock,,-1.3098447807428322,,
Jilin,2005,large,,-1.0421751130859107,,
Jilin,2005,policy,,-1.1504260836746276,,
Jilin,2005,postal,,-1.184796014896028,,
Jilin,2005,rural,,-1.2995440023899096,,
Jilin,2006,city,0.2574891208775387,-1.356325397691588,,
Jilin,2006,foreign,0.4030965972726914,-0.8337197802623741,,
Jilin,2006,joint_stock,0.2824881165324111,-1.027356664210421,,
Jilin,2006,large,0.2013008295264367,-0.840874283559474,,
Jilin,2006,policy,0.10028072294409363,-1.050145360730534,,
Jilin,2006,postal,0.22203369364872927,-0.9627623212472987,,
Jilin,2006,rural,0.26596193582217253,-1.033582066567737,,
Jilin,2007,city,0.21532695596387086,-1.1409984417277172,,-0.14632080816679505
Jilin,2007,foreign,0.3462472226583806,-0.48747255760399355,,-0.31233663401572187
Jilin,2007,joint_stock,0.32529760711580913,-0.7020590570946119,,-0.12795070716245682
Jilin,2007,large,0.16316932717867516,-0.6777049563807989,,-0.008025613726864833
Jilin,2007,policy,0.1296124428338281,-0.9205329178967059,,0.0032967062824917903
Jilin,2007,postal,0.08128586223468659,-0.8814764590126121,,-0.0662900874177943
Jilin,2007,rural,0.13155304760724462,-0.9020290189604925,,0.0054839113671221185
Jilin,2008,city,0.21023933146538099,-0.9307591102623363,-0.05678381185017756,-0.2031046200169726
Jilin,2008,foreign,0.114724576062466,-0.37274798154152755,0.15035476145888982,-0.16198187255683205
Jilin,2008,joint_stock,0.02859692001875125,-0.6734621370758607,-0.1523691213548375,-0.2803198285172943
Jilin,2008,large,0.18565765282993496,-0.4920473035508639,0.000784553062951332,-0.007241060663913501
Jilin,2008,policy,0.2917453539001169,-0.628787563996589,-0.010477074056094438,-0.007180367773602647
Jilin,2008,postal,0.2894018378892653,-0.5920746211233467,-0.15339817279834023,-0.21968826021613452
Jilin,2008,rural,0.24533523044406635,-0.6566937885164261,-0.024111804081883292,-0.018627892714761174
Jilin,2009,city,0.30286782301082127,-0.627891287251515,0.045804744567766065,-0.15729987544920654
Jilin,2009,foreign,0.05568610021893683,-0.3170618813225907,-0.05094012468584008,-0.21292199724267213
Jilin,2009,joint_stock,0.2513747241522193,-0.4220874129236414,0.20922071025518285,-0.07109911826211146
Jilin,2009,large,0.24984927698072568,-0.24219802657013823,-0.019267740746451878,-0.02650880141036538
Jilin,2009,policy,0.25310115580724,-0.37568640818934895,0.0038727572608445726,-0.0033076105127580746
Jilin,2009,postal,0.22521962739472734,-0.3668549937286194,0.05030073847479777,-0.16938752174133676
Jilin,2009,rural,0.22635766083099895,-0.43033612768542717,0.01181007959212721,-0.0068178131226339644
Jilin,2010,city,0.3676167756746924,-0.2602745115768226,0.057354312739708035,-0.0999455627094985
Jilin,2010,foreign,0.1352630681210929,-0.18179881320149782,0.0917084264894994,-0.12121357075317274
Jilin,2010,joint_stock,0.13653926233070557,-0.2855481505929358,-0.04843157180360791,-0.11953069006571937
Jilin,2010,large,0.15922271876996774,-0.08297530780017048,0.022278192586316692,-0.004230608824048687
Jilin,2010,policy,0.1877861523584734,-0.18790025583087555,-0.022899632315538376,-0.02620724282829645
Jilin,2010,postal,0.1741642158989567,-0.1926907778296627,0.11858903231483175,-0.050798489426505
Jilin,2010,rural,0.21216040008049042,-0.21817572760493675,-0.014468981173209272,-0.021286794295843237
Jilin,2011,city,0.2602745115768226,0.0,0.0999455627094985,0.0
Jilin,2011,foreign,0.18179881320149782,0.0,0.12121357075317274,0.0
Jilin,2011,joint_stock,0.2855481505929358,0.0,0.11953069006571937,0.0
Jilin,2011,large,0.08297530780017048,0.0,0.004230608824048687,0.0
Jilin,2011,policy,0.18790025583087555,0.0,0.02620724282829645,0.0
Jilin,2011,postal,0.1926907778296627,0.0,0.050798489426505,0.0
Jilin,2011,rural,0.21817572760493675,0.0,0.021286794295843237,0.0
Jilin,2012,city,0.21888883872404996,0.21888883872404996,0.06774312804603078,0.06774312804603078
Jilin,2012,foreign,0.12385064614718999,0.12385064614718999,0.04900757910669462,0.04900757910669462
Jilin,2012,joint_stock,0.20183597532087205,0.20183597532087205,0.0948131344525116,0.0948131344525116
Jilin,2012,large,0.11825013279954888,0.11825013279954888,0.0215154083361071,0.0215154083361071
Jilin,2012,policy,0.14761091723394948,0.14761091723394948,-0.009400124511914854,-0.009400124511914854
Jilin,2012,postal,0.18751847443848035,0.18751847443848035,-0.01618068341878498,-0.01618068341878498
Jilin,2012,rural,0.1734787484467759,0.1734787484467759,-0.005574748353527781,-0.005574748353527781
Jilin,2013,city,0.13801680491472013,0.3569056436387701,0.1265592987153994,0.19430242676143017
Jilin,2013,foreign,0.0641295723594908,0.18798021850668079,0.0783690671155064,0.12737664622220102
Jilin,2013,joint_stock,0.13615517562469037,0.3379911509455624,0.09705377191946063,0.19186690637197223
Jilin,2013,large,0.07488603496442181,0.1931361677639707,0.013021499243841106,0.034536907579948206
Jilin,2013,policy,0.12670884292505846,0.27431976015900794,0.013245226750020045,0.0038451022381051914
Jilin,2013,postal,0.11712540742366429,0.30464388186214464,0.04762877295045165,0.03144808953166667
Jilin,2013,rural,0.1721448474112801,0.345623595858056,0.02158130726549956,0.01600655891197178
Jilin,2014,city,0.23926890152742253,0.5961745451661926,0.1711118932206066,0.3654143199820368
Jilin,2014,foreign,0.066537771742329,0.2545179902490098,0.09027238577436769,0.2176490319965687
Jilin,2014,joint_stock,0.1320882263665748,0.4700793773121372,0.2984646880613422,0.4903315944333144
Jilin,2014,large,0.13147061976640018,0.32460678753037087,0.006364672679275429,0.040901580259223635
Jilin,2014,policy,0.11905663479689821,0.39337639495590615,0.0005480953823155943,0.004393197620420786
Jilin,2014,postal,0.3288120667600918,0.6334559486222364,0.005712356261087237,0.037160445792753904
Jilin,2014,rural,0.28327407998971843,0.6288976758477745,0.009884710621209436,0.025891269533181216
Jilin,2015,city,0.2097003422658581,0.8058748874320507,0.08984070399978883,0.4552550239818256
Jilin,2015,foreign,-0.019876600111064846,0.23464139013794494,-0.0036798569584002294,0.21396917503816848
Jilin,2015,joint_stock,0.13209285853834096,0.6021722358504782,0.16063879230825862,0.650970386741573
Jilin,2015,large,0.013856826404255784,0.33846361393462665,0.012691091130005105,0.05359267138922874
Jilin,2015,policy,0.20539902806834576,0.5987754230242519,-0.001645188196688352,0.0027480094237324337
Jilin,2015,postal,-0.095518176111419,0.5379377725108174,-0.02640585221306857,0.010754593579685334
Jilin,2015,rural,0.02136742903079636,0.6502651048785708,0.030064514456194402,0.05595578398937562
Jilin,2016,city,0.21434615202662854,1.0202210394586793,0.16986268080795242,0.625117704789778
Jilin,2016,foreign,0.08133373123327203,0.31597512137121697,0.00917437627604123,0.2231435513142097
Jilin,2016,joint_stock,0.16867437446438416,0.7708466103148623,0.24053966307052477,0.8915100498120978
Jilin,2016,large,0.0684860326924106,0.40694964662703725,-0.02153258671085645,0.03206008467837229
Jilin,2016,policy,0.13695690826111395,0.7357323312853659,0.002740478558102666,0.0054884879818350996
Jilin,2016,postal,0.1305780242211938,0.6685157967320112,0.0010600440153698543,0.011814637595055189
Jilin,2016,rural,0.1444576596421996,0.7947227645207704,0.007295676264789108,0.06325146025416473
Jilin,2017,city,0.10391530447244257,1.1241363439311218,0.05085146351742509,0.6759691683072031
Jilin,2017,foreign,0.09144929056273554,0.4074244119339525,-0.039111130116626036,0.18403242119758367
Jilin,2017,joint_stock,-0.13880661959797713,0.6320399907168852,-0.09735435461995223,0.7941556951921456
Jilin,2017,large,0.05503910067761808,0.46198874730465533,0.010351731448054124,0.042411816126426416
Jilin,2017,policy,0.07871550389631388,0.8144478351816797,0.004914014802429811,0.010402502784264911
Jilin,2017,postal,0.05267620915594762,0.7211920058879588,-0.00985619270824678,0.001958444886808408
Jilin,2017,rural,0.09480230757402985,0.8895250720948003,0.009626826584922199,0.07287828683908693
Jilin,2018,city,0.02708478230147726,1.151221126232599,0.05206601988197512,0.7280351881891782
Jilin,2018,foreign,-0.5747161206504128,-0.16729170871646026,-0.25375941727397233,-0.06972699607638866
Jilin,2018,joint_stock,-0.08060853620033903,0.5514314545165462,-0.0708720133263192,0.7232836818658264
Jilin,2018,large,-0.007030702175077508,0.4549580451295778,0.0013754818425812942,0.04378729796900771
Jilin,2018,policy,0.0595583316757331,0.8740061668574128,0.03531667192489962,0.045719174709164534
Jilin,2018,postal,0.11147591921930555,0.8326679251072644,0.03844320829293579,0.0404016531797442
Jilin,2018,rural,0.054965856173296856,0.9444909282680971,0.007910473393931028,0.08078876023301795
Jilin,2019,city,0.11904332456575162,1.2702644507983507,0.025790558062466218,0.7538257462516444
Jilin,2019,foreign,0.7169686389870833,0.549676930270623,1.1868129486603491,1.1170859525839605
Jilin,2019,joint_stock,0.17709236399347716,0.7285238185100233,0.028968594310260443,0.7522522761760868
Jilin,2019,large,0.14839370453288225,0.6033517496624601,0.03447438704422723,0.07826168501323494
Jilin,2019,policy,0.015446703381245541,0.8894528702386584,-0.03314039250230483,0.012578782206859707
Jilin,2019,postal,-0.09962705406097605,0.7330408710462883,-0.18605280543097003,-0.14565115225122582
Jilin,2019,rural,0.043106766316380885,0.987597694584478,-0.04403432557107578,0.03675443466194217
Jilin,2020,city,0.07607746317398423,1.346341913972335,0.0008011092710056289,0.7546268555226501
Jilin,2020,foreign,-0.1972834737059852,0.35239345656463783,-1.191720933972542,-0.0746349813885816
Jilin,2020,joint_stock,0.04315133919131853,0.7716751577013419,-0.05056288091848238,0.7016893952576044
Jilin,2020,large,0.06720964181321776,0.6705613914756778,-0.05952725927388869,0.01873442573934625
Jilin,2020,policy,0.043204159506954554,0.9326570297456129,-0.04048237828333434,-0.027903596076474635
Jilin,2020,postal,0.26750552227228575,1.000546393318574,0.10966348327877995,-0.035987668972445874
Jilin,2020,rural,0.13486863808952876,1.1224663326740068,0.009179216933691947,0.04593365159563412
Jilin,2021,city,0.10321985537057365,1.4495617693429086,0.06035644854590494,0.814983304068555
Jilin,2021,foreign,0.005997250935045884,0.3583907074996837,0.07805378813736663,0.0034188067487850304
Jilin,2021,joint_stock,0.07723538427768872,0.8489105419790306,0.03280196353382969,0.7344913587914341
Jilin,2021,large,0.08264151725963842,0.7532029087353163,-0.004595361673732867,0.014139064065613383
Jilin,2021,policy,0.05353438900127827,0.9861914187468912,0.09237332013101529,0.06446972405454066
Jilin,2021,postal,0.10792332261194915,1.1084697159305232,0.008851573615293873,-0.027136095357152
Jilin,2021,rural,0.10079236622410903,1.2232586988981158,0.0037485771312262273,0.049682228726860345
Jilin,2022,city,0.1001811862909161,1.5497429556338247,0.03386675635912617,0.8488500604276812
Jilin,2022,foreign,0.024193466731787794,0.3825841742314715,-0.007995473776197137,-0.004576667027412107
Jilin,2022,joint_stock,0.05966193352738003,0.9085724755064106,0.014463659720281186,0.7489550185117153
Jilin,2022,large,0.023375829806610682,0.7765787385419269,0.0012956461289466148,0.015434710194559997
Jilin,2022,policy,0.4452417560481301,1.4314331747950213,-0.05243456784639111,0.012035156208149544
Jilin,2022,postal,0.10671492023993956,1.2151846361704628,-0.002300191646407157,-0.02943628700355916
Jilin,2022,rural,0.08163313583226284,1.3048918347303786,-0.024539951393649062,0.025142277333211283
Liaoning,2005,city,,-1.5973878713777498,,
Liaoning,2005,foreign,,-1.2200722214675945,,
Liaoning,2005,joint_stock,,-1.3084278764337878,,
Liaoning,2005,large,,-1.0125742368589457,,
Liaoning,2005,policy,,-1.1889444312179585,,
Liaoning,2005,postal,,-1.1452746682356665,,
Liaoning,2005,rural,,-1.2611072385049305,,
Liaoning,2006,city,0.21617985009627105,-1.3812080212814788,,
Liaoning,2006,foreign,0.38222884497045584,-0.8378433764971387,,
Liaoning,2006,joint_stock,0.27197359481488625,-1.0364542816189015,,
Liaoning,2006,large,0.16873561485645894,-0.8438386220024867,,
Liaoning,2006,policy,0.1561632070845107,-1.0327812241334478,,
Liaoning,2006,postal,0.18703805519623806,-0.9582366130394284,,
Liaoning,2006,rural,0.24604850834368897,-1.0150587301612415,,
Liaoning,2007,city,0.22607008584515498,-1.1551379354363238,,-0.13692004999990992
Liaoning,2007,foreign,0.34740379617371353,-0.49043958032342516,,-0.3117796240308417
Liaoning,2007,joint_stock,0.3294891624964773,-0.7069651191224242,,-0.13531128036821904
Liaoning,2007,large,0.16506533850594707,-0.6787732834965396,,-0.0088686033999128
Liaoning,2007,policy,0.12478362929787501,-0.9079975948355727,,0.010033528989578322
Liaoning,2007,postal,0.08111437838745417,-0.8771222346519743,,-0.06227605325328156
Liaoning,2007,rural,0.1296897028152948,-0.8853690273459467,,0.008150501012291755
Liaoning,2008,city,0.21039019522213032,-0.9447477402141935,-0.05895947859205819,-0.1958795285919681
Liaoning,2008,foreign,0.11644173461245977,-0.3739978457109654,0.14223325872560988,-0.16954636530523182
Liaoning,2008,joint_stock,0.02423811390248254,-0.6827270052199417,-0.13016986973952527,-0.2654811501077443
Liaoning,2008,large,0.18616824106351437,-0.4926050424330253,0.0,-0.0088686033999128
Liaoning,2008,policy,0.28812790225041773,-0.619869692585155,-0.011154605340177426,-0.001121076350599104
Liaoning,2008,postal,0.28254931293845154,-0.5945729217135227,-0.1558771651991684,-0.21815321845244995
Liaoning,2008,rural,0.24826502302376952,-0.6371040043221772,-0.024871286681150906,-0.01672078566885915
Liaoning,2009,city,0.29958226028478485,-0.6451654799294086,0.033780079783259254,-0.16209944880870886
Liaoning,2009,foreign,0.05691159579551375,-0.31708624991545165,-0.058819129990129504,-0.22836549529536132
Liaoning,2009,joint_stock,0.25180960373131533,-0.43091740148862634,0.17396205147786503,-0.09151909862987928
Liaoning,2009,large,0.24964039815567673,-0.24296464427734854,-0.013069954754731938,-0.02193855815464474
Liaoning,2009,policy,0.25369129255650336,-0.36617840002865165,0.0028003378703189696,0.0016792615197198657
Liaoning,2009,postal,0.2275430972014263,-0.3670298245120964,0.049022749354803,-0.16913046909764695
Liaoning,2009,rural,0.22705859863664024,-0.41004540568553693,0.014070925418572244,-0.002649860250286906
Liaoning,2010,city,0.37489518484519024,-0.2702702950842184,0.06792984511890943,-0.09416960368979943
Liaoning,2010,foreign,0.13419353713730509,-0.18289271277814656,0.09210930534465334,-0.13625618995070798
Liaoning,2010,joint_stock,0.14205359403838536,-0.288863807450241,-0.03162459314092736,-0.12314369177080664
Liaoning,2010,large,0.16044175806494465,-0.08252288621240389,0.018711339763225254,-0.003227218391419484
Liaoning,2010,policy,0.17963711547361427,-0.18654128455503738,-0.02205348071485691,-0.020374219195137044
Liaoning,2010,postal,0.174671445808098,-0.1923583787039984,0.1198071536643166,-0.04932331543333035
Liaoning,2010,rural,0.21069345441922493,-0.199351951266312,-0.013619939072704312,-0.01626979932299122
Liaoning,2011,city,0.2702702950842184,0.0,0.09416960368979943,0.0
Liaoning,2011,foreign,0.18289271277814656,0.0,0.13625618995070798,0.0
Liaoning,2011,joint_stock,0.288863807450241,0.0,0.12314369177080664,0.0
Liaoning,2011,large,0.08252288621240389,0.0,0.003227218391419484,0.0
Liaoning,2011,policy,0.18654128455503738,0.0,0.020374219195137044,0.0
Liaoning,2011,postal,0.1923583787039984,0.0,0.04932331543333035,0.0
Liaoning,2011,rural,0.199351951266312,0.0,0.01626979932299122,0.0
Liaoning,2012,city,0.21805108857660827,0.21805108857660827,0.0763268251643403,0.0763268251643403
Liaoning,2012,foreign,0.12202164451943531,0.12202164451943531,0.045383005847817515,0.045383005847817515
Liaoning,2012,joint_stock,0.20390025364376108,0.20390025364376108,0.09768671697665887,0.09768671697665887
Liaoning,2012,large,0.11864018454161496,0.11864018454161496,0.0234692262995857,0.0234692262995857
Liaoning,2012,policy,0.14668433117245527,0.14668433117245527,-0.0033670065479043387,-0.0033670065479043387
Liaoning,2012,postal,0.19110955213510827,0.19110955213510827,0.007793255309131553,0.007793255309131553
Liaoning,2012,rural,0.1982831324974228,0.1982831324974228,-0.0027265503074591635,-0.0027265503074591635
Liaoning,2013,city,0.13926780768824187,0.35731889626485014,0.1279813912179204,0.2043082163822607
Liaoning,2013,foreign,0.06528266059753207,0.18730430511696738,0.07872916486021353,0.12411217070803104
Liaoning,2013,joint_stock,0.13891384011614782,0.3428140937599089,0.10813564535489562,0.2058223623315545
Liaoning,2013,large,0.07535076671389795,0.1939909512555129,0.013077049635096927,0.036546275934682626
Liaoning,2013,policy,0.12843724088182462,0.2751215720542799,0.012845750502448183,0.009478743954543845
Liaoning,2013,postal,0.11752440129317065,0.30863395342827893,0.022265959465512353,0.030059214774643905
Liaoning,2013,rural,0.17107022179190956,0.36935335428933236,0.020525686061548143,0.01779913575408898
Liaoning,2014,city,0.2318774084998214,0.5891963047646716,0.16444752559007902,0.36875574197233973
Liaoning,2014,foreign,0.06539591563142366,0.25270022074839105,0.0961701483251467,0.22028231903317774
Liaoning,2014,joint_stock,0.13146402930936318,0.4742781230692721,0.28025000225565755,0.48607236458721204
Liaoning,2014,large,0.13381617566805204,0.32780712692356495,0.006841492811323846,0.04338776874600647
Liaoning,2014,policy,0.12159300740180967,0.39671457945608957,0.0011092624542854423,0.010588006408829287
Liaoning,2014,postal,0.33364155804048146,0.6422755114687604,0.005670351492330639,0.035729566266974544
Liaoning,2014,rural,0.286007044662254,0.6553603989515864,0.013048077152880921,0.0308472129069699
Liaoning,2015,city,0.20125397529899658,0.7904502800636681,0.08859687291236185,0.4573526148847016
Liaoning,2015,foreign,-0.02025278991198931,0.23244743083640174,-0.00382775586976436,0.21645456316341338
Liaoning,2015,joint_stock,0.1358047944492391,0.6100829175185112,0.16169409000011647,0.6477664545873285
Liaoning,2015,large,0.013068693874210169,0.3408758207977751,0.012467341971683865,0.05585511071769034
Liaoning,2015,policy,0.20960901410979815,0.6063235935658877,-0.0016643554466124755,0.008923650962216811
Liaoning,2015,postal,-0.09908559719847965,0.5431899142702807,-0.026977997516031138,0.008751568750943406
Liaoning,2015,rural,0.024117207292428944,0.6794776062440153,0.03087368084070974,0.06172089374767964
Liaoning,2016,city,0.2077711352728553,0.9982214153365234,0.19227933757430016,0.6496319524590017
Liaoning,2016,foreign,0.08392537098692543,0.31637280182332717,0.013333530869465093,0.22978809403287848
Liaoning,2016,joint_stock,0.17204531422666136,0.7821282317451725,0.2546396292125852,0.9024060837999137
Liaoning,2016,large,0.06832456505957829,0.4092003858573534,-0.02040783034309257,0.03544728037459777
Liaoning,2016,policy,0.14232455784397047,0.7486481514098582,0.010494434894884996,0.019418085857101808
Liaoning,2016,postal,0.13557090439426744,0.6787608186645482,0.0012043171588533852,0.009955885909796791
Liaoning,2016,rural,0.15251653896083894,0.8319941452048543,0.009247396196789381,0.07096828994446902
Liaoning,2017,city,0.0973920465409126,1.095613461877436,0.045652742274254976,0.6952846947332567
Liaoning,2017,foreign,0.0927455048147916,0.40911830663811877,-0.03661295264751274,0.19317514138536573
Liaoning,2017,joint_stock,-0.13820328143251714,0.6439249503126554,-0.10450501904021792,0.7979010647596958
Liaoning,2017,large,0.05749291163480841,0.4666932974921618,0.009694620823884392,0.04514190119848216
Liaoning,2017,policy,0.08271830992578266,0.8313664613356408,-0.003302149395759457,0.01611593646134235
Liaoning,2017,postal,0.05412458097245221,0.7328853996370004,-0.003834147116881681,0.00612173879291511
Liaoning,2017,rural,0.0877855833074257,0.91977972851228,0.007933564649972524,0.07890185459444155
Liaoning,2018,city,0.02198159467554639,1.1175950565529824,0.05443426384758965,0.7497189585808464
Liaoning,2018,foreign,-0.5847076640782785,-0.1755893574401597,-0.2685659873519768,-0.07539084596661105
Liaoning,2018,joint_stock,-0.08087201523800225,0.5630529350746531,-0.06317890162153184,0.734722163138164
Liaoning,2018,large,-0.007998896713203862,0.45869440077895796,0.0021925919601635258,0.047334493158645685
Liaoning,2018,policy,0.06011180023317131,0.8914782615688122,0.03573742514891354,0.05185336161025589
Liaoning,2018,postal,0.11253698285854163,0.845422382495542,0.03207103088230134,0.038192769675216454
Liaoning,2018,rural,0.05249369065167819,0.9722734191639582,0.004949562741165536,0.08385141733560708
Liaoning,2019,city,0.12751284574946453,1.245107902302447,0.025422278126987052,0.7751412367078334
Liaoning,2019,foreign,0.730701137477844,0.5551117800376844,1.2178681136255616,1.1424772676589505
Liaoning,2019,joint_stock,0.17867817557611687,0.74173111065077,0.031791754644226344,0.7665139177823903
Liaoning,2019,large,0.14978218656995246,0.6084765873489104,0.03634399566050206,0.08367848881914774
Liaoning,2019,policy,0.014958172429976102,0.9064364339987883,-0.03353478108657093,0.018318580523684957
Liaoning,2019,postal,-0.10014526454533446,0.7452771179502076,-0.19019502029815527,-0.15200225062293882
Liaoning,2019,rural,0.04115140459323996,1.0134248237571981,-0.04343884992606384,0.04041256740954324
Liaoning,2020,city,0.08146119765548931,1.3265690999579363,0.001575837489594889,0.7767170741974283
Liaoning,2020,foreign,-0.19883147453599648,0.3562803055016879,-1.2230161301429625,-0.08053886248401199
Liaoning,2020,joint_stock,0.04158625155073281,0.7833173622015028,-0.05330128796785516,0.7132126298145351
Liaoning,2020,large,0.06709790740642063,0.675574494755331,-0.061653532239974496,0.02202495657917325
Liaoning,2020,policy,0.04233927541765148,0.9487757094164397,-0.04098244010089669,-0.02266385957721173
Liaoning,2020,postal,0.2710185933888152,1.0162957113390227,0.11151398051564243,-0.04048827010729639
Liaoning,2020,rural,0.13567909958886126,1.1491039233460594,0.01636335241177278,0.05677591982131602
Liaoning,2021,city,0.11107885678412899,1.4376479567420652,0.06594400850545057,0.8426610827028789
Liaoning,2021,foreign,0.0052047881097845305,0.3614850936114724,0.08291698488897925,0.0023781224049672645
Liaoning,2021,joint_stock,0.07776199294566588,0.8610793551471687,0.03579766209311508,0.7490102919076502
Liaoning,2021,large,0.08245886312460904,0.7580333578799401,-0.0035936121291459955,0.018431344450027254
Liaoning,2021,policy,0.05321611856362907,1.0019918279800688,0.09348512389427821,0.07082126431706648
Liaoning,2021,postal,0.11079631018295366,1.1270920215219764,0.009047203782836633,-0.031441066324459754
Liaoning,2021,rural,0.1015138968914826,1.250617820237542,0.005074396772553058,0.06185031659386908
Liaoning,2022,city,0.10654037068024635,1.5441883274223116,0.036367644170875124,0.879028726873754
Liaoning,2022,foreign,0.0244926413703368,0.3859777349818092,-0.007151401157624804,-0.004773278752657539
Liaoning,2022,joint_stock,0.05990141497892765,0.9209807701260964,0.016539198336060323,0.7655494902437106
Liaoning,2022,large,0.018305603162756867,0.776338961042697,-0.0014165670734769265,0.017014777376550327
Liaoning,2022,policy,0.44811363450124375,1.4501054624813126,-0.053052890134634545,0.017768374182431934
Liaoning,2022,postal,0.10988170368916528,1.2369737252111417,-0.002157428667631578,-0.03359849499209133
Liaoning,2022,rural,0.08696973040305345,1.3375875506405954,-0.022849078272912493,0.03900123832095659
Neimenggu,2005,city,,-1.59743804215457,,
Neimenggu,2005,foreign,,-1.2366892922776316,,
Neimenggu,2005,joint_stock,,-1.302995510638901,,
Neimenggu,2005,large,,-1.0387843189819375,,
Neimenggu,2005,policy,,-1.1289634002343334,,
Neimenggu,2005,postal,,-1.186136649137877,,
Neimenggu,2005,rural,,-1.2946980003897384,,
Neimenggu,2006,city,0.2503609389635759,-1.347077103190994,,
Neimenggu,2006,foreign,0.4030965972726914,-0.8335926950049402,,
Neimenggu,2006,joint_stock,0.2818227214407205,-1.0211727891981806,,
Neimenggu,2006,large,0.1998751447711271,-0.8389091742108103,,
Neimenggu,2006,policy,0.09918532522427626,-1.0297780750100571,,
Neimenggu,2006,postal,0.22181636082844314,-0.964320288309434,,
Neimenggu,2006,rural,0.2683472256204986,-1.0263507747692397,,
Neimenggu,2007,city,0.21278554337662037,-1.1342915598143737,,-0.12505107543752025
Neimenggu,2007,foreign,0.3462472226583806,-0.48734547234655956,,-0.3111944294369442
Neimenggu,2007,joint_stock,0.3238617584684391,-0.6973110307297414,,-0.11643475071718434
Neimenggu,2007,large,0.16220590322844153,-0.6767032709823688,,-0.008685339219363541
Neimenggu,2007,policy,0.12644319081658573,-0.9033348841934714,,0.009499931741904
Neimenggu,2007,postal,0.07837100333754066,-0.8859492849718933,,-0.07440817329073646
Neimenggu,2007,rural,0.13093114219879887,-0.8954196325704409,,0.006109812914887769
Neimenggu,2008,city,0.20909538929746496,-0.9251961705169087,-0.057917270073115645,-0.1829683455106359
Neimenggu,2008,foreign,0.11484755535905755,-0.372497916987502,0.15169614328309056,-0.15949828615385364
Neimenggu,2008,joint_stock,0.022856911547789238,-0.6744541191819522,-0.14889834324410778,-0.2653330939612921
Neimenggu,2008,large,0.18587824118160157,-0.49082502980076725,0.0008387503112814443,-0.007846588908082097
Neimenggu,2008,policy,0.2901965572256504,-0.613138326967821,-0.010623527365730467,-0.0011235956238264677
Neimenggu,2008,postal,0.2922255998760921,-0.5937236850958012,-0.12936895498022594,-0.2037771282709624
Neimenggu,2008,rural,0.2436216623441556,-0.6517979702262853,-0.023890246571125928,-0.01778043365623816
Neimenggu,2009,city,0.30059789653469693,-0.6245982739822118,0.03643973562723701,-0.14652860988339889
Neimenggu,2009,foreign,0.055859706698868195,-0.3166382102886338,-0.05087007367163299,-0.21036835982548663
Neimenggu,2009,joint_stock,0.2541547780705873,-0.4202993411113649,0.19234711533356297,-0.07298597862772915
Neimenggu,2009,large,0.25020999935028954,-0.24061503045047772,-0.0176920914251113,-0.025538680333193398
Neimenggu,2009,policy,0.2480614749420571,-0.3650768520257639,0.0033670065479043387,0.002243410924077871
Neimenggu,2009,postal,0.22605213357352483,-0.3676715515222764,0.037734876133580286,-0.1660422521373821
Neimenggu,2009,rural,0.22279985724198248,-0.4289981129843028,0.010758351883866979,-0.00702208177237118
Neimenggu,2010,city,0.367735637275894,-0.2568626367063178,0.05249783888249482,-0.09403077100090407
Neimenggu,2010,foreign,0.13506808579958118,-0.18157012448905263,0.09029699365109156,-0.12007136617439507
Neimenggu,2010,joint_stock,0.1373118304588523,-0.2829875106525126,-0.045671565173586615,-0.11865754380131577
Neimenggu,2010,large,0.15802942318142144,-0.08258560726905628,0.022031854059566314,-0.003506826273627084
Neimenggu,2010,policy,0.18044943662531132,-0.18462741540045258,-0.02266385957721173,-0.02042044865313386
Neimenggu,2010,postal,0.17423601510060216,-0.19343553642167421,0.11600566376711896,-0.050036588370263146
Neimenggu,2010,rural,0.21197358116754295,-0.21702453181675985,-0.009889690343522162,-0.016911772115893342
Neimenggu,2011,city,0.2568626367063178,0.0,0.09403077100090407,0.0
Neimenggu,2011,foreign,0.18157012448905263,0.0,0.12007136617439507,0.0
Neimenggu,2011,joint_stock,0.2829875106525126,0.0,0.11865754380131577,0.0
Neimenggu,2011,large,0.08258560726905628,0.0,0.003506826273627084,0.0
Neimenggu,2011,policy,0.18462741540045258,0.0,0.02042044865313386,0.0
Neimenggu,2011,postal,0.19343553642167421,0.0,0.050036588370263146,0.0
Neimenggu,2011,rural,0.21702453181675985,0.0,0.016911772115893342,0.0
Neimenggu,2012,city,0.21772783551644181,0.21772783551644181,0.06374614728972716,0.06374614728972716
Neimenggu,2012,foreign,0.12410122538632073,0.12410122538632073,0.0490622359980728,0.0490622359980728
Neimenggu,2012,joint_stock,0.20466905600150653,0.20466905600150653,0.09671884470601988,0.09671884470601988
Neimenggu,2012,large,0.11848780766662337,0.11848780766662337,0.021974009063752575,0.021974009063752575
Neimenggu,2012,policy,0.1465085388827294,0.1465085388827294,-0.003374581380144903,-0.003374581380144903
Neimenggu,2012,postal,0.1871159107117304,0.1871159107117304,-0.02766331322740001,-0.02766331322740001
Neimenggu,2012,rural,0.17858237719836367,0.17858237719836367,-0.0060400046003863395,-0.0060400046003863395
Neimenggu,2013,city,0.13907042958135563,0.35679826509779744,0.12184605837235019,0.18559220566207735
Neimenggu,2013,foreign,0.06397097772667237,0.1880722031129931,0.07945661480290589,0.1285188508009787
Neimenggu,2013,joint_stock,0.13376393114734064,0.3384329871488472,0.09686468819077731,0.1935835328967972
Neimenggu,2013,large,0.07501302542976696,0.19350083309639032,0.013321068312572848,0.03529507737632542
Neimenggu,2013,policy,0.12806264554449953,0.27457118442722894,0.013430532041017074,0.01005595066087217
Neimenggu,2013,postal,0.11817699880496946,0.30529290951669985,0.06605710090236983,0.038393787674969815
Neimenggu,2013,rural,0.16963180016994528,0.34821417736830895,0.021335194645958566,0.015295190045572227
Neimenggu,2014,city,0.2365112516488015,0.5933095167465989,0.1637104856928815,0.34930269135495884
Neimenggu,2014,foreign,0.06670422600906534,0.25477642912205845,0.09119023806459658,0.21970908886557527
Neimenggu,2014,joint_stock,0.1313856661423376,0.4698186532911848,0.29731236519535464,0.49089589809215184
Neimenggu,2014,large,0.13239978497987082,0.32590061807626114,0.007151162737804029,0.04244624011412945
Neimenggu,2014,policy,0.11909245383689537,0.3936636382641243,0.001111111225422512,0.011167061886294682
Neimenggu,2014,postal,0.32402420053451664,0.6293171100512165,0.005358235963919711,0.043752023638889526
Neimenggu,2014,rural,0.28491561773496343,0.6331297951032724,0.012918033425638242,0.02821322347121047
Neimenggu,2015,city,0.21187937327233364,0.8051888900189326,0.08333418851871421,0.43263687987367305
Neimenggu,2015,foreign,-0.019595990441183986,0.23518043868087446,-0.003676474729308765,0.2160326141362665
Neimenggu,2015,joint_stock,0.1331225705338035,0.6029412238249883,0.15851445816469223,0.6494103562568441
Neimenggu,2015,large,0.014153526355400459,0.3400541444316616,0.014674624424303673,0.057120864538433125
Neimenggu,2015,policy,0.20495092251362124,0.5986145607777456,-0.002223458392396793,0.00894360349389789
Neimenggu,2015,postal,-0.09486428954412673,0.5344528205070898,-0.02563757999105043,0.018114443647839096
Neimenggu,2015,rural,0.023773646163219198,0.6569034412664916,0.029470160322032868,0.05768338379324334
Neimenggu,2016,city,0.2148675969106577,1.0200564869295903,0.1686082468732355,0.6012451267469086
Neimenggu,2016,foreign,0.08110704903361032,0.3162874877144848,0.009165967014080678,0.2251985811503472
Neimenggu,2016,joint_stock,0.16848093784181017,0.7714221616667984,0.24107129933216953,0.8904816555890136
Neimenggu,2016,large,0.06805483929988476,0.40810898373154636,-0.023332542733374595,0.03378832180505853
Neimenggu,2016,policy,0.13394407014143894,0.7325586309191845,0.002223458392396793,0.011167061886294682
Neimenggu,2016,postal,0.13163072219435534,0.6660835427014451,-0.018444669855789186,-0.0003302262079500906
Neimenggu,2016,rural,0.1510604670125293,0.8079639082790209,0.005353324159338868,0.0630367079525822
Neimenggu,2017,city,0.09841091477172625,1.1184674017013165,0.04903315785279183,0.6502782845997004
Neimenggu,2017,foreign,0.09160216147944844,0.4078896491939332,-0.03907473840665343,0.18612384274369376
Neimenggu,2017,joint_stock,-0.1387607383998315,0.632661423266967,-0.09772167116143393,0.7927599844275797
Neimenggu,2017,large,0.054711694227304264,0.4628206779588506,0.010383859292142361,0.04417218109720089
Neimenggu,2017,policy,0.07393297605367799,0.8064916069728625,0.004984779083915036,0.01615184097020972
Neimenggu,2017,postal,0.052914820005462104,0.7189983627069072,-0.00992751171703965,-0.01025773792498974
Neimenggu,2017,rural,0.09097726212662494,0.8989411704056458,0.011357612623797309,0.07439432057637951
Neimenggu,2018,city,0.025567586448282498,1.144034988149599,0.05367285957153989,0.7039511441712403
Neimenggu,2018,foreign,-0.5743985365657327,-0.16650888737179947,-0.25348539249856117,-0.06736154975486741
Neimenggu,2018,joint_stock,-0.0808355063177153,0.5518259169492516,-0.06907150793105288,0.7236884764965268
Neimenggu,2018,large,-0.008056286065658114,0.4547643918931925,0.0037568830649661322,0.04792906416216702
Neimenggu,2018,policy,0.05871926728127441,0.8652108742541369,0.04377894439858654,0.05993078536879626
Neimenggu,2018,postal,0.11073760062365956,0.8297359633305668,0.03837358476267738,0.02811584683768764
Neimenggu,2018,rural,0.05536021840825356,0.9543013888138994,0.00849749696558355,0.08289181754196306
Neimenggu,2019,city,0.12232419184415377,1.2663591799937528,0.021764746261712986,0.7257158904329533
Neimenggu,2019,foreign,0.7172170311619386,0.5507081437901391,1.1859631896483709,1.1186016398935035
Neimenggu,2019,joint_stock,0.17776887670711972,0.7295947936563714,0.027271442484357422,0.7509599189808842
Neimenggu,2019,large,0.148169163214817,0.6029335551080095,0.03407003226199734,0.08199909642416436
Neimenggu,2019,policy,0.015732297054972477,0.8809431713091094,-0.041571437983376036,0.01835934738542022
Neimenggu,2019,postal,-0.09639782464702229,0.7333381386835445,-0.18498663534301052,-0.15687078850532288
Neimenggu,2019,rural,0.042587457342879276,0.9968888461567786,-0.041910677213628844,0.04098114032833422
Neimenggu,2020,city,0.08617418143210642,1.3525333614258592,0.007295888690920904,0.7330117791238742
Neimenggu,2020,foreign,-0.19736307568906852,0.3533450681010706,-1.1908651602485776,-0.0722635203550741
Neimenggu,2020,joint_stock,0.04295575023144593,0.7725505438878173,-0.04888343202401657,0.7020764869568676
Neimenggu,2020,large,0.06766840433144594,0.6706019594394554,-0.06034725504299665,0.021651841381167714
Neimenggu,2020,policy,0.04440872070149915,0.9253518920106085,-0.04107469090689264,-0.02271534352147242
Neimenggu,2020,postal,0.2662719239104998,0.9996100625940443,0.10831621910497624,-0.04855456940034664
Neimenggu,2020,rural,0.13496008885716115,1.1318489350139398,0.00975631701266444,0.05073745734099866
Neimenggu,2021,city,0.10536412641684301,1.4578974878427022,0.060862153678796105,0.7938739328026703
Neimenggu,2021,foreign,0.005616633786262426,0.358961701887333,0.07909725993363992,0.006833739578565812
Neimenggu,2021,joint_stock,0.07672184105735269,0.84927238494517,0.03384881561588138,0.735925302572749
Neimenggu,2021,large,0.08176664364609287,0.7523686030855483,-0.0047257299772205386,0.016926111403947175
Neimenggu,2021,policy,0.05417863126614364,0.9795305232767522,0.09525796184655722,0.0725426183250848
Neimenggu,2021,postal,0.1081859366549427,1.107795999248987,0.008596401058484915,-0.03995816834186172
Neimenggu,2021,rural,0.10052853708116594,1.2323774720951057,0.0058372389813143855,0.056574696322313045
Neimenggu,2022,city,0.10069497485877221,1.5585924627014744,0.03583089848667598,0.8297048312893462
Neimenggu,2022,foreign,0.024211738235765168,0.3831734401230982,-0.00912207009657795,-0.0022883305180121383
Neimenggu,2022,joint_stock,0.05861078183180268,0.9078831667769727,0.013742441066815658,0.7496677436395647
Neimenggu,2022,large,0.022362289745691655,0.77473089283124,-0.0007159050538430023,0.016210206350104173
Neimenggu,2022,policy,0.4471361485710279,1.42666667184778,-0.054183270939664574,0.01835934738542022
Neimenggu,2022,postal,0.10539206729997908,1.213188066548966,-0.0023456936021784003,-0.04230386194404012
Neimenggu,2022,rural,0.08174932672700841,1.3141267988221141,-0.024175912080629303,0.03239878424168374
Ningxia,2005,city,,-1.610230841504663,,
Ningxia,2005,foreign,,-1.2370281504136802,,
Ningxia,2005,joint_stock,,-1.3092106180415186,,
Ningxia,2005,large,,-1.0390454296707468,,
Ningxia,2005,policy,,-1.1285914726802968,,
Ningxia,2005,postal,,-1.1808122916428054,,
Ningxia,2005,rural,,-1.3023765299814176,,
Ningxia,2006,city,0.2552398926724173,-1.3549909488322456,,
Ningxia,2006,foreign,0.4030965972726914,-0.8339315531409888,,
Ningxia,2006,joint_stock,0.2823597538300877,-1.026850864211431,,
Ningxia,2006,large,0.19923527305198796,-0.8398101566187588,,
Ningxia,2006,policy,0.09928087371233296,-1.0293105989679638,,
Ningxia,2006,postal,0.22122705986150137,-0.9595852317813041,,
Ningxia,2006,rural,0.268415195520058,-1.0339613344613596,,
Ningxia,2007,city,0.2154124726768991,-1.1395784761553465,,-0.12764378007884858
Ningxia,2007,foreign,0.3462472226583806,-0.4876843304826082,,-0.31233663401572187
Ningxia,2007,joint_stock,0.32441087240677113,-0.7024399918046598,,-0.11882303801921701
Ningxia,2007,large,0.1620490950663509,-0.6777610615524079,,-0.00783300505752571
Ningxia,2007,policy,0.12702564152233542,-0.9022849574456284,,0.008606830968225232
Ningxia,2007,postal,0.07857257746377222,-0.8810126543175318,,-0.06293630393098759
Ningxia,2007,rural,0.13339532500060614,-0.9005660094607535,,0.008139837024495833
Ningxia,2008,city,0.21000290198091243,-0.929575574174434,-0.056423706486429026,-0.1840674865652776
Ningxia,2008,foreign,0.11484755535905755,-0.3728367751235506,0.15169614328309056,-0.1606404907326313
Ningxia,2008,joint_stock,0.025563703500187884,-0.6768762883044719,-0.14919674123058435,-0.26801977924980136
Ningxia,2008,large,0.18656659021702282,-0.4911944713353851,3.426417680607585e-05,-0.0077987408807196346
Ningxia,2008,policy,0.2903812628587392,-0.6119036945868892,-0.010228891340092972,-0.0016220603718677395
Ningxia,2008,postal,0.28879038009598546,-0.5922222742215464,-0.148673008582211,-0.2116093125131986
Ningxia,2008,rural,0.24721093799719185,-0.6533550714635616,-0.024470508047970796,-0.016330671023474963
Ningxia,2009,city,0.30248749221792615,-0.6270880819565079,0.037137964108717725,-0.14692952245655988
Ningxia,2009,foreign,0.055859706698868195,-0.31697706842468243,-0.05087007367163299,-0.2115105644042643
Ningxia,2009,joint_stock,0.2549532985987817,-0.4219229897056902,0.19495799036655015,-0.07306178888325121
Ningxia,2009,large,0.2501439054468264,-0.24105056588855867,-0.017628910942356413,-0.025427651823076047
Ningxia,2009,policy,0.24771250100659437,-0.36419119358029484,0.003241493924170946,0.0016194335523032066
Ningxia,2009,postal,0.2255087650041574,-0.366713509217389,0.04738619152274204,-0.16422312099045655
Ningxia,2009,rural,0.22520508879473589,-0.42814998266882576,0.01242902308171523,-0.003901647941759734
Ningxia,2010,city,0.36745799961083847,-0.2596300823456694,0.05400557183974186,-0.09292395061681802
Ningxia,2010,foreign,0.1351696789323782,-0.18180738949230424,0.09158482383551991,-0.11992574056874439
Ningxia,2010,joint_stock,0.1381214572623115,-0.2838015324433787,-0.0457612491359658,-0.11882303801921701
Ningxia,2010,large,0.15799839934342863,-0.08305216654513004,0.021749173560786872,-0.0036784782622891754
Ningxia,2010,policy,0.18015546554635797,-0.18403572803393686,-0.02125999942684942,-0.019640565874546212
Ningxia,2010,postal,0.17371950218693932,-0.19299400703044967,0.11520464069621283,-0.049018480294243716
Ningxia,2010,rural,0.2105363177985673,-0.21761366487025846,-0.0127902893238101,-0.016691937265569834
Ningxia,2011,city,0.2596300823456694,0.0,0.09292395061681802,0.0
Ningxia,2011,foreign,0.18180738949230424,0.0,0.11992574056874439,0.0
Ningxia,2011,joint_stock,0.2838015324433787,0.0,0.11882303801921701,0.0
Ningxia,2011,large,0.08305216654513004,0.0,0.0036784782622891754,0.0
Ningxia,2011,policy,0.18403572803393686,0.0,0.019640565874546212,0.0
Ningxia,2011,postal,0.19299400703044967,0.0,0.049018480294243716,0.0
Ningxia,2011,rural,0.21761366487025846,0.0,0.016691937265569834,0.0
Ningxia,2012,city,0.2167041204821718,0.2167041204821718,0.06543876047249242,0.06543876047249242
Ningxia,2012,foreign,0.12409535076692357,0.12409535076692357,0.04900757910669462,0.04900757910669462
Ningxia,2012,joint_stock,0.20488627247389601,0.20488627247389601,0.09745209626469276,0.09745209626469276
Ningxia,2012,large,0.11825862215218308,0.11825862215218308,0.02190758350874944,0.02190758350874944
Ningxia,2012,policy,0.14636511824250675,0.14636511824250675,-0.0037889084569577847,-0.0037889084569577847
Ningxia,2012,postal,0.18750385885971,0.18750385885971,-0.015215135507123279,-0.015215135507123279
Ningxia,2012,rural,0.17669702740540671,0.17669702740540671,-0.005106368807918926,-0.005106368807918926
Ningxia,2013,city,0.13851612763466647,0.3552202481168383,0.12211494492336605,0.18755370539585847
Ningxia,2013,foreign,0.06405912072966835,0.18815447149659192,0.0793735875415118,0.12838116664820642
Ningxia,2013,joint_stock,0.13456841213594473,0.33945468460984074,0.09977644459196888,0.19722854085666164
Ningxia,2013,large,0.0750081001963867,0.19326672234856979,0.012888266832215223,0.03479585034096466
Ningxia,2013,policy,0.12842711920363215,0.2747922374461389,0.012931214672248892,0.009142306215291107
Ningxia,2013,postal,0.11650453768733904,0.30400839654704903,0.04673346559993341,0.03151833009281013
Ningxia,2013,rural,0.16949057389426336,0.3461876012996701,0.020722848826776996,0.01561648001885807
Ningxia,2014,city,0.23660852674652055,0.5918287748633588,0.1666025846272774,0.35415629002313587
Ningxia,2014,foreign,0.06648009756768225,0.2546345690642742,0.09110272824847243,0.21948389489667885
Ningxia,2014,joint_stock,0.1305623301828014,0.47001701479264213,0.2987612358816367,0.49598977673829836
Ningxia,2014,large,0.13101160926811417,0.32427833161668396,0.006414999006738142,0.041210849347702805
Ningxia,2014,policy,0.11993930041647438,0.3947315378626133,0.001070091059844458,0.010212397275135565
Ningxia,2014,postal,0.323576052813932,0.627584449360981,0.005335191672044104,0.036853521764854236
Ningxia,2014,rural,0.28288685873375563,0.6290744600334257,0.011060728706883793,0.026677208725741863
Ningxia,2015,city,0.21106930229013798,0.8028980771534968,0.08653815820584398,0.44069444822897985
Ningxia,2015,foreign,-0.019669097801617852,0.23496547126265632,-0.003673098711860945,0.2158107961848179
Ningxia,2015,joint_stock,0.13222907258320582,0.602246087375848,0.16066655659518148,0.6566563333334798
Ningxia,2015,large,0.014181593327725395,0.33845992494440935,0.012611202606878535,0.05382205195458134
Ningxia,2015,policy,0.2079372779300961,0.6026688157927094,-0.0016055663069103332,0.008606830968225232
Ningxia,2015,postal,-0.09371761360770137,0.5338668357532796,-0.025606945559731642,0.011246576205122594
Ningxia,2015,rural,0.026261749572086046,0.6553362096055118,0.02762610555692646,0.054303314282668325
Ningxia,2016,city,0.2147960017768007,1.0176940789302975,0.166233953208355,0.6069284014373348
Ningxia,2016,foreign,0.08110665997070399,0.3160721312333603,0.009157573154020326,0.22496836933883824
Ningxia,2016,joint_stock,0.16776879182825866,0.7700148792041066,0.238857604730212,0.8955139380636918
Ningxia,2016,large,0.06819499203374413,0.4066549169781535,-0.021195649419871287,0.03262640253471005
Ningxia,2016,policy,0.1364696210700327,0.739138436862742,0.002674513495814601,0.011281344464039833
Ningxia,2016,postal,0.1302782732589982,0.6641451090122779,0.0007079437480417283,0.011954519953164322
Ningxia,2016,rural,0.1534023467709389,0.8087385563764506,0.010310160737478924,0.06461347502014725
Ningxia,2017,city,0.10133988605974942,1.119033964990047,0.04952804451872339,0.6564564459560582
Ningxia,2017,foreign,0.0915631799614971,0.4076353111948574,-0.039038414365062835,0.1859299549737754
Ningxia,2017,joint_stock,-0.13843510707118512,0.6315797721329215,-0.09651498061733399,0.7989989574463578
Ningxia,2017,large,0.0547356628220772,0.4613905798002307,0.010165500580319176,0.04279190311502923
Ningxia,2017,policy,0.07315840013228403,0.8122968369950261,0.004796172263493048,0.01607751672753288
Ningxia,2017,postal,0.052912352538090346,0.7170574615503682,-0.009748658624106454,0.0022058613290578677
Ningxia,2017,rural,0.08951941339876157,0.8982579697752122,0.009586503231423293,0.07419997825157054
Ningxia,2018,city,0.025602494535544196,1.1446364595255911,0.05106051093576447,0.7075169568918227
Ningxia,2018,foreign,-0.5743329486246065,-0.16669763742974908,-0.2532119620570974,-0.06728200708332199
Ningxia,2018,joint_stock,-0.0808752251622682,0.5507045469706533,-0.06977036314378537,0.7292285943025725
Ningxia,2018,large,-0.006852409683729022,0.45453817011650166,0.0025374944485090367,0.045329397563538265
Ningxia,2018,policy,0.055291670708038865,0.867588507703065,0.03448617607116944,0.05056369279870232
Ningxia,2018,postal,0.1107297553032911,0.8277872168536593,0.03729027701359655,0.03949613834265442
Ningxia,2018,rural,0.05422649957379733,0.9524844693490095,0.006372197762734899,0.08057217601430544
Ningxia,2019,city,0.11857087568228764,1.2632073352078788,0.025040528252439742,0.7325574851442624
Ningxia,2019,foreign,0.7171157716021508,0.5504181341724017,1.185114785691539,1.117832778608217
Ningxia,2019,joint_stock,0.17666865489763417,0.7273732018682875,0.028891696950850587,0.7581202912534231
Ningxia,2019,large,0.1476644294671079,0.6022025995836096,0.03442559828017977,0.07975499584371804
Ningxia,2019,policy,0.014742950575833191,0.8823314582788981,-0.032361905490088105,0.018201787308614215
Ningxia,2019,postal,-0.0949644543690411,0.7328227624846182,-0.18101432209680546,-0.14151818375415104
Ningxia,2019,rural,0.042350898064935194,0.9948353674139447,-0.03857288872272058,0.041999287291584864
Ningxia,2020,city,0.0769589735834213,1.3401663087913,0.0007288630060280354,0.7332863481502905
Ningxia,2020,foreign,-0.19733456673847805,0.35308356743392366,-1.1900107563037459,-0.07217797769552892
Ningxia,2020,joint_stock,0.043166666549424804,0.7705398684177123,-0.05033925230752345,0.7077810389458996
Ningxia,2020,large,0.06791623527525559,0.6701188348588651,-0.05882908508420215,0.020925910759515887
Ningxia,2020,policy,0.04220599494150257,0.9245374532204007,-0.03949661327918719,-0.021294825970572973
Ningxia,2020,postal,0.264629972103247,0.9974527345878652,0.10628830295184066,-0.035229880802310376
Ningxia,2020,rural,0.13422113531902014,1.1290565027329649,0.007496393006940494,0.04949568029852536
Ningxia,2021,city,0.10376323387331965,1.4439295426646197,0.05923074393032479,0.7925170920806153
Ningxia,2021,foreign,0.005628034501661716,0.3587116019355854,0.07786951269531706,0.005691534999788139
Ningxia,2021,joint_stock,0.0766908717001673,0.8472307401178796,0.03225376705074012,0.7400348059966397
Ningxia,2021,large,0.08244024363928659,0.7525590784981517,-0.00530770862002683,0.015618202139489057
Ningxia,2021,policy,0.05356412938765587,0.9781015826080566,0.09017964191687167,0.0688848159462987
Ningxia,2021,postal,0.10792711981780556,1.1053798544056708,0.008526145499008209,-0.026703735303302167
Ningxia,2021,rural,0.10065196973386037,1.2297084724668252,0.003853569315989347,0.053349249614514704
Ningxia,2022,city,0.100853885655944,1.5447834283205637,0.03331578167191651,0.8258328737525318
Ningxia,2022,foreign,0.024209615144506813,0.3829212170800922,-0.007977250280644554,-0.002285715280856415
Ningxia,2022,joint_stock,0.05914538157007243,0.906376121687952,0.014181587052439326,0.7542163930490791
Ningxia,2022,large,0.02416329098637604,0.7767223694845278,0.0009701755440403304,0.016588377683529387
Ningxia,2022,policy,0.44129031655676343,1.41939189916482,-0.05121367338348737,0.017671142562811326
Ningxia,2022,postal,0.1065724336871412,1.211952288092812,-0.0022399174766114527,-0.02894365277991362
Ningxia,2022,rural,0.0820944746311092,1.3118029470979344,-0.024353675089516358,0.028995574524998347
Qinghai,2005,city,,-1.6072791864865383,,
Qinghai,2005,foreign,,-1.2370281504136802,,
Qinghai,2005,joint_stock,,-1.3099570828655924,,
Qinghai,2005,large,,-1.0385102096323813,,
Qinghai,2005,policy,,-1.128185894223229,,
Qinghai,2005,postal,,-1.1818715096529662,,
Qinghai,2005,rural,,-1.3008955512736282,,
Qinghai,2006,city,0.2546750640133304,-1.352604122473208,,
Qinghai,2006,foreign,0.4030965972726914,-0.8339315531409888,,
Qinghai,2006,joint_stock,0.2823597538300877,-1.0275973290355047,,
Qinghai,2006,large,0.19945815823219704,-0.8390520514001842,,
Qinghai,2006,policy,0.10014749026812098,-1.028038403955108,,
Qinghai,2006,postal,0.22108872631294574,-0.9607827833400204,,
Qinghai,2006,rural,0.2682556749293461,-1.0326398763442821,,
Qinghai,2007,city,0.2144135330215189,-1.138190589451689,,-0.12932055701319456
Qinghai,2007,foreign,0.3462472226583806,-0.4876843304826082,,-0.31233663401572187
Qinghai,2007,joint_stock,0.32449252155206487,-0.7031048074834398,,-0.11986160634862664
Qinghai,2007,large,0.16158409347852398,-0.6774679579216603,,-0.007567916942722519
Qinghai,2007,policy,0.12624720526472366,-0.9017911986903844,,0.009201688741825365
Qinghai,2007,postal,0.08164742714638251,-0.8791353561936379,,-0.06269543694618918
Qinghai,2007,rural,0.1322229140157951,-0.900416962328487,,0.007725119870174879
Qinghai,2008,city,0.20966417199773169,-0.9285264174539574,-0.056592394419665126,-0.18591295143285969
Qinghai,2008,foreign,0.11484755535905755,-0.3728367751235506,0.15169614328309056,-0.1606404907326313
Qinghai,2008,joint_stock,0.025482054354894146,-0.6776227531285457,-0.14936699746662896,-0.2692286038152556
Qinghai,2008,large,0.18675740711582733,-0.4907105508058329,-8.555124952813742e-05,-0.0076534681922506564
Qinghai,2008,policy,0.29043097623966396,-0.6113602224507204,-0.010289828131020862,-0.0010881393891954971
Qinghai,2008,postal,0.2878948748599033,-0.5912404813337346,-0.1482892117164223,-0.21098464866261146
Qinghai,2008,rural,0.24723342065259502,-0.653183541675892,-0.024244062094675556,-0.016518942224500677
Qinghai,2009,city,0.30184930621465966,-0.6266771112392977,0.03788670871940347,-0.1480262427134562
Qinghai,2009,foreign,0.055859706698868195,-0.31697706842468243,-0.05087007367163299,-0.2115105644042643
Qinghai,2009,joint_stock,0.2552300282756619,-0.4223927248528838,0.1954458349164323,-0.07378276889882329
Qinghai,2009,large,0.2502205514208118,-0.24048999938502114,-0.017572475026488732,-0.02522594321873939
Qinghai,2009,policy,0.24781268582072613,-0.3635475366299943,0.004345471259502354,0.0032573318703068566
Qinghai,2009,postal,0.22522301726852767,-0.36601746406520697,0.047145809401058614,-0.16383883926155285
Qinghai,2009,rural,0.2248675260565669,-0.4283160156193251,0.012930989140439664,-0.003587953084061013
Qinghai,2010,city,0.3662519604483254,-0.2604251507909723,0.05412884885480196,-0.09389739385865425
Qinghai,2010,foreign,0.1351696789323782,-0.18180738949230424,0.09158482383551991,-0.11992574056874439
Qinghai,2010,joint_stock,0.1381064188146901,-0.2842863060381937,-0.046078837449803345,-0.11986160634862664
Qinghai,2010,large,0.1573752637421073,-0.08311473564291383,0.02161957714286089,-0.0036063660758784977
Qinghai,2010,policy,0.18006437269600895,-0.18348316393398534,-0.018600098591214476,-0.015342766720907619
Qinghai,2010,postal,0.1729534251190401,-0.19306403894616686,0.11498456282704872,-0.04885427643450413
Qinghai,2010,rural,0.20969078947992337,-0.21862522613940172,-0.013021270366520454,-0.016609223450581467
Qinghai,2011,city,0.2604251507909723,0.0,0.09389739385865425,0.0
Qinghai,2011,foreign,0.18180738949230424,0.0,0.11992574056874439,0.0
Qinghai,2011,joint_stock,0.2842863060381937,0.0,0.11986160634862664,0.0
Qinghai,2011,large,0.08311473564291383,0.0,0.0036063660758784977,0.0
Qinghai,2011,policy,0.18348316393398534,0.0,0.015342766720907619,0.0
Qinghai,2011,postal,0.19306403894616686,0.0,0.04885427643450413,0.0
Qinghai,2011,rural,0.21862522613940172,0.0,0.016609223450581467,0.0
Qinghai,2012,city,0.21585536918707682,0.21585536918707682,0.06665065407289461,0.06665065407289461
Qinghai,2012,foreign,0.12409535076692357,0.12409535076692357,0.04900757910669462,0.04900757910669462
Qinghai,2012,joint_stock,0.2042141651021847,0.2042141651021847,0.09747690902929129,0.09747690902929129
Qinghai,2012,large,0.1179992689824445,0.1179992689824445,0.021950851547540395,0.021950851547540395
Qinghai,2012,policy,0.14505831545372594,0.14505831545372594,-0.0032679767646159874,-0.0032679767646159874
Qinghai,2012,postal,0.1869543566116505,0.1869543566116505,-0.015233525261306724,-0.015233525261306724
Qinghai,2012,rural,0.1779792171389616,0.1779792171389616,-0.005104095832423994,-0.005104095832423994
Qinghai,2013,city,0.13842376358595665,0.35427913277303347,0.12265228269159678,0.1893029367644914
Qinghai,2013,foreign,0.06405912072966835,0.18815447149659192,0.0793735875415118,0.12838116664820642
Qinghai,2013,joint_stock,0.13414315299192303,0.33835731809410774,0.09879103861480942,0.19626794764410072
Qinghai,2013,large,0.07498395993553686,0.19298322891798136,0.012923211073402996,0.03487406262094339
Qinghai,2013,policy,0.12823866137921947,0.2732969768329454,0.013008313513001468,0.00974033674838548
Qinghai,2013,postal,0.11614333317470837,0.30309768978635887,0.04649661994286447,0.031263094681557746
Qinghai,2013,rural,0.1691675115413851,0.3471467286803467,0.02072826647234649,0.015624170639922497
Qinghai,2014,city,0.2369018670635814,0.5911809998366149,0.16479357858629662,0.354096515350788
Qinghai,2014,foreign,0.06648009756768225,0.2546345690642742,0.09110272824847243,0.21948389489667885
Qinghai,2014,joint_stock,0.13032319022341987,0.4686805083175276,0.2982367487141051,0.4945046963582058
Qinghai,2014,large,0.13146011882067654,0.3244433477386579,0.006391364838025382,0.04126542745896877
Qinghai,2014,policy,0.11949945937386808,0.3927964362068135,0.0010764263687379483,0.010816763117123429
Qinghai,2014,postal,0.3241299354721807,0.6272276252585396,0.005447405783716164,0.03671050046527391
Qinghai,2014,rural,0.2820709529451939,0.6292176816255406,0.011084580026421875,0.026708750666344372
Qinghai,2015,city,0.21033840294666284,0.8015194027832777,0.08821399633590232,0.44231051168669033
Qinghai,2015,foreign,-0.019669097801617852,0.23496547126265632,-0.003673098711860945,0.2158107961848179
Qinghai,2015,joint_stock,0.13237035713191503,0.6010508654494426,0.16031536140884128,0.6548200577670471
Qinghai,2015,large,0.01422461956929233,0.33866796730795024,0.012645382022544283,0.053910809481513056
Qinghai,2015,policy,0.2074919751007318,0.6002884113075453,-0.0016150743752980645,0.009201688741825365
Qinghai,2015,postal,-0.09429727748275596,0.5329303477757836,-0.025620033026303446,0.011090467438970464
Qinghai,2015,rural,0.02595330425658915,0.6551709858821297,0.0307620521958345,0.05747080286217887
Qinghai,2016,city,0.2135561796646286,1.0150755824479063,0.1668044855803963,0.6091149972670866
Qinghai,2016,foreign,0.08110665997070399,0.3160721312333603,0.009157573154020326,0.22496836933883824
Qinghai,2016,joint_stock,0.16794139352403725,0.7689922589734799,0.23979374534623688,0.894613803113284
Qinghai,2016,large,0.0682239011933472,0.40689186850129744,-0.02097365039116106,0.032937159090352
Qinghai,2016,policy,0.13782709923598446,0.7381155105435298,0.0026903432961047358,0.0118920320379301
Qinghai,2016,postal,0.12996414730810102,0.6628944950838846,0.0007075054832004213,0.011797972922170885
Qinghai,2016,rural,0.15249136427416232,0.8076623501562921,0.006254329801482328,0.0637251326636612
Qinghai,2017,city,0.10140323395811102,1.1164788164060173,0.04981282785614738,0.658927825123234
Qinghai,2017,foreign,0.0915631799614971,0.4076353111948574,-0.039038414365062835,0.1859299549737754
Qinghai,2017,joint_stock,-0.13867473932932484,0.630317519644155,-0.09682367023238037,0.7977901328809036
Qinghai,2017,large,0.05474208370727496,0.4616339522085724,0.010086481956053106,0.0430236410464051
Qinghai,2017,policy,0.07381848376984124,0.811933994313371,0.004824453206381918,0.016716485244312018
Qinghai,2017,postal,0.053054274411222124,0.7159487694951068,-0.009653327753667895,0.00214464516850299
Qinghai,2017,rural,0.089879161390364,0.8975415115466561,0.011198603648441718,0.07492373631210292
Qinghai,2018,city,0.025852889160754344,1.1423317055667717,0.05124104300614185,0.7101688681293759
Qinghai,2018,foreign,-0.5743329486246065,-0.16669763742974908,-0.2532119620570974,-0.06728200708332199
Qinghai,2018,joint_stock,-0.08050893828482586,0.5498085813593292,-0.06918718773725807,0.7286029451436455
Qinghai,2018,large,-0.006821049062930129,0.45481290314564227,0.002339486380268596,0.0453631274266737
Qinghai,2018,policy,0.056321681479808205,0.8682556757931792,0.034685557987889304,0.05140204323220132
Qinghai,2018,postal,0.11076530813102359,0.8267140776261304,0.03726413749765811,0.0394087826661611
Qinghai,2018,rural,0.054278568733401755,0.9518200802800578,0.006023619779485401,0.08094735609158832
Qinghai,2019,city,0.11859395341933343,1.260925658986105,0.024940782339752943,0.7351096504691288
Qinghai,2019,foreign,0.7171157716021508,0.5504181341724017,1.185114785691539,1.117832778608217
Qinghai,2019,joint_stock,0.17673546688563668,0.7265440482449659,0.02908747566082681,0.7576904208044724
Qinghai,2019,large,0.14825531242139434,0.6030682155670366,0.03415304542819797,0.07951617285487167
Qinghai,2019,policy,0.01591633593879571,0.8841720117319749,-0.032548805038154605,0.018853238194046718
Qinghai,2019,postal,-0.09442547180169925,0.7322886058244311,-0.18098086665346713,-0.14157208398730603
Qinghai,2019,rural,0.0427708949516763,0.9945909752317341,-0.037080673986007895,0.04386668210558042
Qinghai,2020,city,0.07701291965178747,1.3379385786378926,0.0013305917047219395,0.7364402421738507
Qinghai,2020,foreign,-0.19733456673847805,0.35308356743392366,-1.1900107563037459,-0.07217797769552892
Qinghai,2020,joint_stock,0.043033353654378104,0.769577401899344,-0.049926932364599,0.7077634884398734
Qinghai,2020,large,0.06770164370314191,0.6707698592701785,-0.0582798859933753,0.021236286861496367
Qinghai,2020,policy,0.04225835172974968,0.9264303634617246,-0.03033818806094324,-0.011484949866896521
Qinghai,2020,postal,0.2645859003531186,0.9968745061775497,0.10606108438342154,-0.035510999603884486
Qinghai,2020,rural,0.13416218873745223,1.1287531639691863,0.007858669770090643,0.051725351875671066
Qinghai,2021,city,0.10370127702368315,1.4416398556615757,0.058628069742011846,0.7950683119158626
Qinghai,2021,foreign,0.005628034501661716,0.3587116019355854,0.07786951269531706,0.005691534999788139
Qinghai,2021,joint_stock,0.07697132671916407,0.846548728618508,0.031639402216224966,0.7394028906560983
Qinghai,2021,large,0.08207238968466335,0.7528422489548419,-0.005801853523333733,0.015434433338162634
Qinghai,2021,policy,0.05306201983796832,0.9794923832996929,0.08131126042515646,0.06982631055825994
Qinghai,2021,postal,0.10791971874041373,1.1047942249179634,0.008338125012363307,-0.02717287459152118
Qinghai,2021,rural,0.10064442928388928,1.2293975932530756,0.003339182338049085,0.05506453421372015
Qinghai,2022,city,0.10080208847097971,1.5424419441325554,0.03324203951969906,0.8283103514355616
Qinghai,2022,foreign,0.024209615144506813,0.3829212170800922,-0.007977250280644554,-0.002285715280856415
Qinghai,2022,joint_stock,0.05928621281554136,0.9058349414340494,0.014315612024965674,0.753718502681064
Qinghai,2022,large,0.024476047947111113,0.777318296901953,0.001002724151065948,0.016437157489228582
Qinghai,2022,policy,0.44209102969549363,1.4215834129951865,-0.05150683271849221,0.018319477839767728
Qinghai,2022,postal,0.10701710780297802,1.2118113327209414,-0.0022392303953253645,-0.029412104986846543
Qinghai,2022,rural,0.08206425194620515,1.3114618451992808,-0.02402786173981042,0.031036672473909732
Shaanxi,2005,city,,-1.6308887951586009,,
Shaanxi,2005,foreign,,-1.2324013030971042,,
Shaanxi,2005,joint_stock,,-1.2939630153912898,,
Shaanxi,2005,large,,-1.0191965291274876,,
Shaanxi,2005,policy,,-1.1400373503734755,,
Shaanxi,2005,postal,,-1.1454557301333672,,
Shaanxi,2005,rural,,-1.276912104884108,,
Shaanxi,2006,city,0.28148797400770853,-1.3494008211508923,,
Shaanxi,2006,foreign,0.39768998962152935,-0.8347113134755748,,
Shaanxi,2006,joint_stock,0.2740971406585544,-1.0198658747327354,,
Shaanxi,2006,large,0.17849721462266288,-0.8406993145048247,,
Shaanxi,2006,policy,0.11477422776772528,-1.0252631226057503,,
Shaanxi,2006,postal,0.20426617426392646,-0.9411895558694408,,
Shaanxi,2006,rural,0.2488954553600209,-1.028016649524087,,
Shaanxi,2007,city,0.21672711116170085,-1.1326737099891915,,-0.1298816531331024
Shaanxi,2007,foreign,0.3453995291302352,-0.4893117843453396,,-0.30711525299027187
Shaanxi,2007,joint_stock,0.3240083280106969,-0.6958575467220385,,-0.12331840761149415
Shaanxi,2007,large,0.16313762878887594,-0.6775616857159488,,-0.007110255927617715
Shaanxi,2007,policy,0.12435537925664875,-0.9009077433491015,,0.009478743954543845
Shaanxi,2007,postal,0.0639926428548705,-0.8771969130145703,,-0.06389614238499064
Shaanxi,2007,rural,0.13116782062315302,-0.896848828900934,,0.008290790515433244
Shaanxi,2008,city,0.20772618330144965,-0.9249475266877418,-0.057727168541044094,-0.1876088216741465
Shaanxi,2008,foreign,0.11542909701248583,-0.3738826873328538,0.149880530626052,-0.15723472236421987
Shaanxi,2008,joint_stock,0.021489350833560295,-0.6743681958884782,-0.14470888418818184,-0.268027291799676
Shaanxi,2008,large,0.18553442540467202,-0.49202726031127675,-0.0008945407305578357,-0.00800479665817555
Shaanxi,2008,policy,0.2882262280871988,-0.6126815152619027,-0.010599820305142948,-0.001121076350599104
Shaanxi,2008,postal,0.28748429300672207,-0.5897126200078482,-0.1546924672464165,-0.21858860963140714
Shaanxi,2008,rural,0.23931227256942122,-0.6575365563315128,-0.024815475885269223,-0.01652468536983598
Shaanxi,2009,city,0.3023273820920487,-0.6226201445956931,0.03745870340952884,-0.15015011826461766
Shaanxi,2009,foreign,0.05681155873763721,-0.3170711285952166,-0.05414229916362512,-0.211377021527845
Shaanxi,2009,joint_stock,0.2533957531473092,-0.42097244274116896,0.19709818348699137,-0.07092910831268462
Shaanxi,2009,large,0.25104843632308516,-0.2409788239881916,-0.018096676305923154,-0.026101472964098704
Shaanxi,2009,policy,0.24958421512972073,-0.363097300132182,0.0039182809716606926,0.0027972046210615886
Shaanxi,2009,postal,0.22602655675256322,-0.36368606325528496,0.049269943662499927,-0.1693186659689072
Shaanxi,2009,rural,0.22775372550804107,-0.4297828308234717,0.014136596938756796,-0.0023880884310791828
Shaanxi,2010,city,0.36546691700938894,-0.2571532275863042,0.05566275098260931,-0.09448736728200835
Shaanxi,2010,foreign,0.13520658687131792,-0.18186454172389865,0.09128184611308221,-0.12009517541476278
Shaanxi,2010,joint_stock,0.1350178757403384,-0.28595456700083055,-0.049261038144997826,-0.12019014645768245
Shaanxi,2010,large,0.1589562486008571,-0.08202257538733448,0.022299319646391424,-0.0038021533177072797
Shaanxi,2010,policy,0.1790478975533567,-0.1840494025788253,-0.023171423816198633,-0.020374219195137044
Shaanxi,2010,postal,0.17177562475053243,-0.19191043850475253,0.11927745010592261,-0.0500412158629846
Shaanxi,2010,rural,0.21159191004707445,-0.21819092077639723,-0.014903498147823768,-0.01729158657890295
Shaanxi,2011,city,0.2571532275863042,0.0,0.09448736728200835,0.0
Shaanxi,2011,foreign,0.18186454172389865,0.0,0.12009517541476278,0.0
Shaanxi,2011,joint_stock,0.28595456700083055,0.0,0.12019014645768245,0.0
Shaanxi,2011,large,0.08202257538733448,0.0,0.0038021533177072797,0.0
Shaanxi,2011,policy,0.1840494025788253,0.0,0.020374219195137044,0.0
Shaanxi,2011,postal,0.19191043850475253,0.0,0.0500412158629846,0.0
Shaanxi,2011,rural,0.21819092077639723,0.0,0.01729158657890295,0.0
Shaanxi,2012,city,0.21456617640201614,0.21456617640201614,0.06690709648365356,0.06690709648365356
Shaanxi,2012,foreign,0.12461764827207134,0.12461764827207134,0.04846018561504373,0.04846018561504373
Shaanxi,2012,joint_stock,0.20560296247541388,0.20560296247541388,0.0968616620603413,0.0968616620603413
Shaanxi,2012,large,0.11729707949025503,0.11729707949025503,0.02249722669269616,0.02249722669269616
Shaanxi,2012,policy,0.14750520657333688,0.14750520657333688,-0.0033670065479043387,-0.0033670065479043387
Shaanxi,2012,postal,0.18670725157686263,0.18670725157686263,-0.016549832038053935,-0.016549832038053935
Shaanxi,2012,rural,0.17659429222652356,0.17659429222652356,-0.005214934520434866,-0.005214934520434866
Shaanxi,2013,city,0.13811957073860626,0.3526857471406224,0.1213986628232746,0.18830575930692817
Shaanxi,2013,foreign,0.06323593216094103,0.18785358043301237,0.0802965469946102,0.12875673260965392
Shaanxi,2013,joint_stock,0.13481069049023375,0.34041365296564763,0.09809958189190482,0.19496124395224612
Shaanxi,2013,large,0.07564180374247265,0.19293888323272768,0.012819170658735501,0.03531639735143166
Shaanxi,2013,policy,0.12898617550998637,0.27649138208332324,0.01340053553748266,0.010033528989578322
Shaanxi,2013,postal,0.11535913865710512,0.30206639023396775,0.047895229439934184,0.03134539740188025
Shaanxi,2013,rural,0.16962478999719366,0.3462190822237172,0.021501268261816975,0.01628633374138211
Shaanxi,2014,city,0.23907787877904596,0.5917636259196684,0.16411577872196403,0.3524215380288922
Shaanxi,2014,foreign,0.06634252587333656,0.2541961063063489,0.09114832408604556,0.21990505669569949
Shaanxi,2014,joint_stock,0.1318220653515425,0.47223571831719013,0.2914102370176881,0.4863714809699342
Shaanxi,2014,large,0.1330699204657506,0.3260088036984783,0.006365180619610555,0.041681577971042216
Shaanxi,2014,policy,0.11943873482826817,0.3959301169115914,0.0011086475636634674,0.01114217655324179
Shaanxi,2014,postal,0.33088283465867363,0.6329492248926414,0.005773138281767842,0.03711853568364809
Shaanxi,2014,rural,0.2863357098125654,0.6325547920362826,0.013070901822858971,0.02935723556424108
Shaanxi,2015,city,0.20932807996929448,0.8010917058889628,0.07923559389626256,0.43165713192515476
Shaanxi,2015,foreign,-0.0202210575770021,0.23397504872934682,-0.0037140246963716095,0.21619103199932788
Shaanxi,2015,joint_stock,0.13264228458078264,0.6048780028979728,0.158224005214894,0.6445954861848282
Shaanxi,2015,large,0.012848211531180098,0.3388570152296584,0.012906829912779472,0.05458840788382169
Shaanxi,2015,policy,0.2092104133656889,0.6051405302772803,-0.002218525591024978,0.008923650962216811
Shaanxi,2015,postal,-0.09648161796862631,0.5364676069240151,-0.026519894536901845,0.010598641146746246
Shaanxi,2015,rural,0.02585144597459177,0.6584062380108744,0.029710111249716675,0.059067346813957755
Shaanxi,2016,city,0.21844953681440238,1.0195412427033652,0.1678504982751221,0.5995076302002769
Shaanxi,2016,foreign,0.0815826464936702,0.315557695223017,0.00833724143782888,0.22452827343715676
Shaanxi,2016,joint_stock,0.17077749393566144,0.7756554968336342,0.2439559903299262,0.8885514765147544
Shaanxi,2016,large,0.06815190436248919,0.4070089195921476,-0.02150943019112006,0.03307897769270163
Shaanxi,2016,policy,0.13468423747648295,0.7398247677537633,0.0027723888009747455,0.011696039763191557
Shaanxi,2016,postal,0.12671026502799343,0.6631778719520085,0.001278928310743055,0.011877569457489301
Shaanxi,2016,rural,0.1510952532912757,0.8095014913021501,0.009973741249552859,0.06904108806351061
Shaanxi,2017,city,0.10131793611257933,1.1208591788159445,0.04872290336563978,0.6482305335659166
Shaanxi,2017,foreign,0.09214993315302422,0.40770762837604124,-0.03855672699881918,0.18597154643833758
Shaanxi,2017,joint_stock,-0.14051070466427795,0.6351447921693563,-0.09987033053616834,0.7886811459785861
Shaanxi,2017,large,0.054252883013200304,0.4612618026053479,0.01052094608537324,0.04359992377807487
Shaanxi,2017,policy,0.07635296054690599,0.8161777283006693,0.004971012722020163,0.01666705248521172
Shaanxi,2017,postal,0.05257228003302217,0.7157501519850307,-0.009970111335460885,0.001907458122028416
Shaanxi,2017,rural,0.09107349559699962,0.9005749868991497,0.008024818306639148,0.07706590637014976
Shaanxi,2018,city,0.02460238544085236,1.145461564256797,0.05228493277294177,0.7005154663388584
Shaanxi,2018,foreign,-0.5794007415430915,-0.17169311316705027,-0.2577727124941447,-0.07180116605580711
Shaanxi,2018,joint_stock,-0.08225617448090006,0.5528886176884562,-0.07151335171228723,0.7171677942662988
Shaanxi,2018,large,-0.008923460574749242,0.45233834203059864,0.0022805406606334344,0.0458804644387083
Shaanxi,2018,policy,0.05263357262817081,0.8688113009288401,0.03571808260207909,0.05238513508729081
Shaanxi,2018,postal,0.11015395290673347,0.8259041048917641,0.0385880580799558,0.040495516201984216
Shaanxi,2018,rural,0.05335831018473591,0.9539332970838856,0.006447420652998304,0.08351332702314807
Shaanxi,2019,city,0.11807793111773712,1.263539495374534,0.025463025655460214,0.7259784919943186
Shaanxi,2019,foreign,0.7210311274626662,0.5493380142956159,1.1966257816753867,1.1248246156195796
Shaanxi,2019,joint_stock,0.1786405275486853,0.7315291452371415,0.029674011211055173,0.746841805477354
Shaanxi,2019,large,0.14918499338695135,0.60152333541755,0.035060358124063384,0.08094082256277169
Shaanxi,2019,policy,0.012925653103515344,0.8817369540323554,-0.03461676090485888,0.017768374182431934
Shaanxi,2019,postal,-0.1034355872482422,0.7224685176435219,-0.18712978568218297,-0.14663426948019875
Shaanxi,2019,rural,0.04179884785861354,0.9957321449424992,-0.03645625219394333,0.04705707482920474
Shaanxi,2020,city,0.07648084864927363,1.3400203440238077,0.002362010048926777,0.7283405020432454
Shaanxi,2020,foreign,-0.1972964643973576,0.3520415498982583,-1.1916752765155305,-0.06685066089595093
Shaanxi,2020,joint_stock,0.04124322138506109,0.7727723666222026,-0.049625365204175154,0.6972164402731789
Shaanxi,2020,large,0.06734584356609652,0.6688691789836465,-0.05948239776521547,0.02145842479755622
Shaanxi,2020,policy,0.03912623004229765,0.9208631840746531,-0.033009990151048996,-0.015241615968617062
Shaanxi,2020,postal,0.271257007727133,0.993725525370655,0.11013089080580407,-0.03650337867439468
Shaanxi,2020,rural,0.13326511935339447,1.1289972642958936,0.008144212870281109,0.055201287699485846
Shaanxi,2021,city,0.10249021726355068,1.4425105612873583,0.05912250266924168,0.7874630047124871
Shaanxi,2021,foreign,0.007324664168397277,0.3593662140666556,0.07260772918601877,0.005757068290067835
Shaanxi,2021,joint_stock,0.0776340209417743,0.8504063875639769,0.02944497790361922,0.7266614181767981
Shaanxi,2021,large,0.08163240365166402,0.7505015826353105,-0.006341305402482789,0.01511711939507343
Shaanxi,2021,policy,0.05182226168283499,0.972685445757488,0.08554082336962399,0.07029920740100692
Shaanxi,2021,postal,0.10945266511602725,1.1031781904866822,0.008111634508264132,-0.02839174416613055
Shaanxi,2021,rural,0.09957057946441417,1.2285678437603078,0.002879164414398616,0.05808045211388446
Shaanxi,2022,city,0.09997445966086183,1.5424850209482202,0.03422726329505643,0.8216902680075435
Shaanxi,2022,foreign,0.023637835101927962,0.38300404916858355,-0.006912469920623998,-0.0011554016305561632
Shaanxi,2022,joint_stock,0.0585306817164426,0.9089370692804195,0.014183587114981577,0.7408450052917797
Shaanxi,2022,large,0.022061058062790906,0.7725626406981014,0.0011653015679300438,0.016282420963003474
Shaanxi,2022,policy,0.44864024557459103,1.421325691332079,-0.05253083321857499,0.017768374182431934
Shaanxi,2022,postal,0.10634127731963616,1.2095194678063184,-0.0022836853365681975,-0.030675429502698748
Shaanxi,2022,rural,0.08092752626172306,1.3094953700220309,-0.02557511139017521,0.03250534072370925
Shandong,2005,city,,-1.6343224449934297,,
Shandong,2005,foreign,,-1.2418928467677226,,
Shandong,2005,joint_stock,,-1.3238888246020508,,
Shandong,2005,large,,-1.0427495691356725,,
Shandong,2005,policy,,-1.1143872088562023,,
Shandong,2005,postal,,-1.2136061282006185,,
Shandong,2005,rural,,-1.3239665165785475,,
Shandong,2006,city,0.2565458917031176,-1.3777765532903121,,
Shandong,2006,foreign,0.40564119562213463,-0.836251651145588,,
Shandong,2006,joint_stock,0.290039600425553,-1.0338492241764978,,
Shandong,2006,large,0.2036630680899414,-0.8390865010457311,,
Shandong,2006,policy,0.09943424541657642,-1.014952963439626,,
Shandong,2006,postal,0.23153398923608393,-0.9820721389645346,,
Shandong,2006,rural,0.2798079985527142,-1.0441585180258333,,
Shandong,2007,city,0.21812159812380472,-1.1596549551665074,,-0.12635124933404462
Shandong,2007,foreign,0.34666507325484197,-0.489586577890746,,-0.30235032355195646
Shandong,2007,joint_stock,0.3305371541891038,-0.703312069987394,,-0.10384204812475772
Shandong,2007,large,0.16279700754974336,-0.6762894934959878,,-0.011279517775586001
Shandong,2007,policy,0.1260864068128793,-0.8888665566267466,,0.0
Shandong,2007,postal,0.08677311273906518,-0.8952990262254694,,-0.07198995551917875
Shandong,2007,rural,0.13355500270737863,-0.9106035153184546,,0.002357514870610089
Shandong,2008,city,0.21505669504544223,-0.9445982601210652,-0.07045954356275175,-0.19681079289679637
Shandong,2008,foreign,0.11482649247675702,-0.374760085413989,0.14544102128561764,-0.1569093022663388
Shandong,2008,joint_stock,0.013938173969746614,-0.6893738960176474,-0.15910162793429805,-0.2629436760590558
Shandong,2008,large,0.18646656594624744,-0.48982292754974033,0.001341184669023221,-0.00993833310656278
Shandong,2008,policy,0.29032215332959765,-0.598544403297149,-0.0011514106050416473,-0.0011514106050416473
Shandong,2008,postal,0.3045491246285845,-0.5907499015968849,-0.09727754451984083,-0.16926750003901958
Shandong,2008,rural,0.2511511450355215,-0.6594523702829331,-0.024839794553288996,-0.022482279682678907
Shandong,2009,city,0.3063915606375396,-0.6382066994835256,0.043724581445498956,-0.15308621145129742
Shandong,2009,foreign,0.05896653123564377,-0.3157935541783452,-0.0568334747631658,-0.21374277702950462
Shandong,2009,joint_stock,0.26269511235199516,-0.42667878366565226,0.19848023925731972,-0.06446343680173605
Shandong,2009,large,0.24641316972714655,-0.24340975782259378,-0.017558607866849485,-0.027496940973412265
Shandong,2009,policy,0.2451102945643644,-0.3534341087327846,0.003450262192152387,0.0022988515871107396
Shandong,2009,postal,0.2212148597126795,-0.3695350418842054,-0.010152763386111374,-0.17942026342513095
Shandong,2009,rural,0.2208838140436189,-0.43856855623931423,0.015681328543347917,-0.006800951139330991
Shandong,2010,city,0.3720108374087552,-0.2661958620747704,0.0547258372834456,-0.09836037416785182
Shandong,2010,foreign,0.1333152749877886,-0.1824782791905566,0.09211528890780585,-0.12162748812169877
Shandong,2010,joint_stock,0.13589543027094564,-0.2907833533947066,-0.055393348553391064,-0.11985678535512712
Shandong,2010,large,0.16176907897098403,-0.08164067885160975,0.02390934618368412,-0.0035875947897281435
Shandong,2010,policy,0.17379358828539537,-0.1796405204473892,-0.02322984827912844,-0.0209309966920177
Shandong,2010,postal,0.17635022131450384,-0.19318482056970154,0.12771385946036595,-0.051706403964765
Shandong,2010,rural,0.21659322816891624,-0.221975328070398,-0.012359499135619956,-0.019160450274950946
Shandong,2011,city,0.2661958620747704,0.0,0.09836037416785182,0.0
Shandong,2011,foreign,0.1824782791905566,0.0,0.12162748812169877,0.0
Shandong,2011,joint_stock,0.2907833533947066,0.0,0.11985678535512712,0.0
Shandong,2011,large,0.08164067885160975,0.0,0.0035875947897281435,0.0
Shandong,2011,policy,0.1796405204473892,0.0,0.0209309966920177,0.0
Shandong,2011,postal,0.19318482056970154,0.0,0.051706403964765,0.0
Shandong,2011,rural,0.221975328070398,0.0,0.019160450274950946,0.0
Shandong,2012,city,0.21603183052823383,0.21603183052823383,0.06983548036245324,0.06983548036245324
Shandong,2012,foreign,0.12051828936661302,0.12051828936661302,0.06291382541056922,0.06291382541056922
Shandong,2012,joint_stock,0.20079628626690393,0.20079628626690393,0.10455568664053949,0.10455568664053949
Shandong,2012,large,0.1163461268591508,0.1163461268591508,0.023055206602775158,0.023055206602775158
Shandong,2012,policy,0.14859005316982454,0.14859005316982454,0.008593579095896864,0.008593579095896864
Shandong,2012,postal,0.18742327582574525,0.18742327582574525,-0.01905318383305854,-0.01905318383305854
Shandong,2012,rural,0.18015794428803567,0.18015794428803567,-0.0060626120476534595,-0.0060626120476534595
Shandong,2013,city,0.13370491686328378,0.3497367473915176,0.11768441563221188,0.18751989599466512
Shandong,2013,foreign,0.06256595245827157,0.18308424182488459,0.05814339298877691,0.12105721839934613
Shandong,2013,joint_stock,0.13191865043987683,0.33271493670678076,0.08391480010070929,0.18847048674124878
Shandong,2013,large,0.07428110528806187,0.19062723214721267,0.011796629639245992,0.03485183624202115
Shandong,2013,policy,0.13065310692963727,0.2792431600994618,0.0017098892738278693,0.010303468369724733
Shandong,2013,postal,0.12043016945464124,0.3078534452803865,0.0488594121053989,0.029806228272340363
Shandong,2013,rural,0.171358632683269,0.3515165769713047,0.0224026122654557,0.016340000217802242
Shandong,2014,city,0.24063139273894585,0.5903681401304635,0.16733149641333256,0.3548513924079977
Shandong,2014,foreign,0.0685575648000949,0.2516418066249795,0.09378753010016805,0.21484474849951418
Shandong,2014,joint_stock,0.13555930242786296,0.4682742391346437,0.3056761859040069,0.4941466726452557
Shandong,2014,large,0.13538949141247691,0.3260167235596896,0.006370005614579455,0.041221841856600605
Shandong,2014,policy,0.1224550770162871,0.4016982371157489,0.0011383040500598796,0.011441772419784613
Shandong,2014,postal,0.33302913533688105,0.6408825806172675,0.005524355679854764,0.03533058395219513
Shandong,2014,rural,0.2928806685106604,0.6443972454819651,0.014160990012266339,0.03050099023006858
Shandong,2015,city,0.21013887330814818,0.8005070134386116,0.1617224644250168,0.5165738568330145
Shandong,2015,foreign,-0.020888777255692048,0.23075302936928743,-0.00764822083825667,0.2071965276612575
Shandong,2015,joint_stock,0.13243664358239293,0.6007108827170367,0.14893438927304636,0.643081061918302
Shandong,2015,large,0.0129705871445438,0.3389873107042334,0.013411623261816885,0.05463346511841749
Shandong,2015,policy,0.2097389845611719,0.6114372216769208,-0.0017079423451562548,0.009733830074628358
Shandong,2015,postal,-0.10324458153241345,0.5376379990848541,-0.026741851423327745,0.008588732528867382
Shandong,2015,rural,0.017041462207615155,0.6614387076895802,0.020622444108196802,0.05112343433826538
Shandong,2016,city,0.2142188053124947,1.0147258187511063,0.08702489516143253,0.603598751994447
Shandong,2016,foreign,0.07889892273377086,0.3096519521030583,0.010501289820663118,0.21769781748192063
Shandong,2016,joint_stock,0.17289421121385296,0.7736050939308896,0.2448466127032276,0.8879276746215297
Shandong,2016,large,0.06784109311967335,0.4068284038239067,-0.022312875284075773,0.03232058983434172
Shandong,2016,policy,0.13186374885860985,0.7433009705355307,0.0028449521322313487,0.012578782206859707
Shandong,2016,postal,0.1242484487305564,0.6618864478154105,0.0015741205042942852,0.010162853033161667
Shandong,2016,rural,0.15367625824333508,0.8151149659329153,0.016516136036967666,0.06763957037523305
Shandong,2017,city,0.10075662685563458,1.115482445606741,0.050382098705682665,0.6539808507001297
Shandong,2017,foreign,0.09525434147768053,0.4049062935807388,-0.039714662286564284,0.17798315519535635
Shandong,2017,joint_stock,-0.14129420085637534,0.6323108930745143,-0.10710562042038774,0.7808220542011419
Shandong,2017,large,0.05600250608975976,0.4628309099136665,0.011427495797942555,0.04374808563228427
Shandong,2017,policy,0.07679245205965479,0.8200934225951855,0.005100606127587781,0.017679388334447488
Shandong,2017,postal,0.04788277950578568,0.7097692273211962,-0.010357437110311452,-0.0001945840771497842
Shandong,2017,rural,0.09217581104702788,0.9072907769799432,0.010482633742533665,0.07812220411776671
Shandong,2018,city,0.02307895773252433,1.1385614033392653,0.052402611705971935,0.7063834624061016
Shandong,2018,foreign,-0.5859076593592576,-0.18100136577851877,-0.2642434994797638,-0.08626034428440743
Shandong,2018,joint_stock,-0.08317943795010407,0.5491314551244102,-0.07179202249978367,0.7090300317013583
Shandong,2018,large,-0.01085810659551889,0.4519728033181476,0.0036994302002124613,0.047447515832496734
Shandong,2018,policy,0.05330197052243868,0.8733953931176242,0.036630066328885214,0.0543094546633327
Shandong,2018,postal,0.11184568241614379,0.82161490973734,0.04064553889060285,0.040450954813453066
Shandong,2018,rural,0.050174466735468215,0.9574652437154114,0.006673943567944818,0.08479614768571153
Shandong,2019,city,0.11642698230064319,1.2549883856399084,0.021897232156854685,0.7282806945629563
Shandong,2019,foreign,0.7309674122474554,0.5499660464689367,1.222714986135677,1.1364546418512695
Shandong,2019,joint_stock,0.18124432438857774,0.7303757795129879,0.03943691982333952,0.7484669515246978
Shandong,2019,large,0.15238696726993517,0.6043597705880828,0.03806452526839976,0.0855120411008965
Shandong,2019,policy,0.016406503435009157,0.8898018965526333,-0.034371454414462654,0.019938000248870047
Shandong,2019,postal,-0.1132832741908878,0.7083316355464522,-0.19814792004030402,-0.15769696522685095
Shandong,2019,rural,0.04466994710699801,1.0021351908224094,-0.041522453205804055,0.043273694479907476
Shandong,2020,city,0.07063723919531739,1.3256256248352258,-0.0024314124020321515,0.7258492821609241
Shandong,2020,foreign,-0.20056792923708677,0.3493981172318499,-1.2240028163201053,-0.08754817446883578
Shandong,2020,joint_stock,0.039322197310522,0.7696979768235099,-0.05951197317020274,0.688954978354495
Shandong,2020,large,0.06448840947556356,0.6688481800636463,-0.062083855904544905,0.023428185196351592
Shandong,2020,policy,0.04444157002392046,0.9342434665765538,-0.04204477602990053,-0.022106775781030485
Shandong,2020,postal,0.27494599549662624,0.9832776310430784,0.11689253546142986,-0.04080442976542109
Shandong,2020,rural,0.13324802577110972,1.1353832165935192,0.005786788804403642,0.04906048328431112
Shandong,2021,city,0.09950310821420416,1.42512873304943,0.05870702368799563,0.7845563058489198
Shandong,2021,foreign,0.004815130653810229,0.3542132478856601,0.08162749405910752,-0.005920680409728263
Shandong,2021,joint_stock,0.0768946117204905,0.8465925885440004,0.03329006513829036,0.7222450434927854
Shandong,2021,large,0.08110009061484647,0.7499482706784928,-0.005859374371558701,0.01756881082479289
Shandong,2021,policy,0.052130024306782374,0.9863734908833361,0.09584479622978215,0.07373802044875166
Shandong,2021,postal,0.10686945696624583,1.0901470880093242,0.009446877335461679,-0.03135755242995941
Shandong,2021,rural,0.10037161253836757,1.2357548291318867,0.004408931046363307,0.053469414330674425
Shandong,2022,city,0.10104481004890609,1.526173543098336,0.03115136148807096,0.8157076673369907
Shandong,2022,foreign,0.023639893682773305,0.3778531415684334,-0.007151401157624804,-0.013072081567353067
Shandong,2022,joint_stock,0.057461841241563505,0.9040544297855639,0.013813660596492028,0.7360587040892774
Shandong,2022,large,0.017799676392957764,0.7677479470714506,0.0011068267339613413,0.018675637558754232
Shandong,2022,policy,0.45482963584344205,1.4412031267267782,-0.05436419510906276,0.0193738253396889
Shandong,2022,postal,0.10587340627203012,1.1960204942813544,-0.0024120614709630672,-0.03376961390092248
Shandong,2022,rural,0.08300505707271277,1.3187598862045995,-0.025244935982378536,0.02822447834829589
Shanghai,2005,city,,-1.6502688852067369,,
Shanghai,2005,foreign,,-1.5294851892340589,,
Shanghai,2005,joint_stock,,-1.2885070934040606,,
Shanghai,2005,large,,-1.0581705936861123,,
Shanghai,2005,policy,,-1.1398576552993962,,
Shanghai,2005,postal,,-1.1966684942073105,,
Shanghai,2005,rural,,-1.3150782897817965,,
Shanghai,2006,city,0.27016475034694665,-1.3801041348597902,,
Shanghai,2006,foreign,0.5612570340801515,-0.9682281551539074,,
Shanghai,2006,joint_stock,0.29486659143646854,-0.993640501967592,,
Shanghai,2006,large,0.19989775658503994,-0.8582728371010724,,
Shanghai,2006,policy,0.10170955688647787,-1.0381480984129183,,
Shanghai,2006,postal,0.22882197577768082,-0.9678465184296297,,
Shanghai,2006,rural,0.27535628822995406,-1.0397220015518425,,
Shanghai,2007,city,0.22221075644156407,-1.1578933784182261,,-0.12330939768554217
Shanghai,2007,foreign,0.29488691969781833,-0.673341235456089,,-0.28030196515415895
Shanghai,2007,joint_stock,0.26535865673321624,-0.7282818452343758,,-0.10975879656371035
Shanghai,2007,large,0.1550535439340539,-0.7032192931670185,,-0.007103005645813454
Shanghai,2007,policy,0.12382818929817319,-0.9143199091147451,,0.009137392249438214
Shanghai,2007,postal,0.07983785320785763,-0.888008665221772,,-0.06364260112117748
Shanghai,2007,rural,0.13313948469815884,-0.9065825168536836,,0.008135398285872952
Shanghai,2008,city,0.2055532671339506,-0.9523401112842755,-0.05971470782783683,-0.183024105513379
Shanghai,2008,foreign,0.10462600192265903,-0.56871523353343,0.14401545793321535,-0.1362865072209436
Shanghai,2008,joint_stock,0.06032347056272158,-0.6679583746716542,-0.1694209894049692,-0.27917978596867954
Shanghai,2008,large,0.1991035408000119,-0.5041157523670066,-0.00027889626982613436,-0.007381901915639588
Shanghai,2008,policy,0.2859370969179178,-0.6283828121968273,-0.01021788938319279,-0.0010804971337545766
Shanghai,2008,postal,0.29440158638337444,-0.5936070788383976,-0.1499443897892938,-0.21358699091047129
Shanghai,2008,rural,0.25126140987455337,-0.6553211069791303,-0.024562351581984387,-0.016426953296111435
Shanghai,2009,city,0.3013388732418356,-0.6510012380424399,0.03649592402191182,-0.14652818149146718
Shanghai,2009,foreign,0.2522472692169373,-0.3164679643164927,-0.0970944531864868,-0.2333809604074304
Shanghai,2009,joint_stock,0.2613177384124157,-0.4066406362592385,0.20901759308633494,-0.0701621928823446
Shanghai,2009,large,0.2553883254930831,-0.24872742687392346,-0.018172882674310387,-0.025554784589949975
Shanghai,2009,policy,0.2569330079230916,-0.37144980427373575,0.0032379952737757733,0.0021574981400211968
Shanghai,2009,postal,0.22753272102770694,-0.36607435781069064,0.04780903529584002,-0.16577795561463127
Shanghai,2009,rural,0.22546201045174818,-0.4298590965273821,0.012215421727830744,-0.004211531568280691
Shanghai,2010,city,0.38419700440824656,-0.26680423363419337,0.05250472714882548,-0.0940234543426417
Shanghai,2010,foreign,0.10756025996358254,-0.20890770435291017,0.09028011676675707,-0.14310084364067333
Shanghai,2010,joint_stock,0.17604349327576863,-0.2305971429834699,-0.05821218220234314,-0.12837437508468774
Shanghai,2010,large,0.15695434783066986,-0.0917730790432536,0.02200090495775875,-0.003553879632191226
Shanghai,2010,policy,0.18150815343070725,-0.1899416508430285,-0.021787354184907848,-0.01962985604488665
Shanghai,2010,postal,0.17294568363836405,-0.1931286741723266,0.11620395498465719,-0.04957400062997408
Shanghai,2010,rural,0.21173775186445276,-0.21812134466292932,-0.012380911163212716,-0.016592442731493406
Shanghai,2011,city,0.26680423363419337,0.0,0.0940234543426417,0.0
Shanghai,2011,foreign,0.20890770435291017,0.0,0.14310084364067333,0.0
Shanghai,2011,joint_stock,0.2305971429834699,0.0,0.12837437508468774,0.0
Shanghai,2011,large,0.0917730790432536,0.0,0.003553879632191226,0.0
Shanghai,2011,policy,0.1899416508430285,0.0,0.01962985604488665,0.0
Shanghai,2011,postal,0.1931286741723266,0.0,0.04957400062997408,0.0
Shanghai,2011,rural,0.21812134466292932,0.0,0.016592442731493406,0.0
Shanghai,2012,city,0.2168199991695765,0.2168199991695765,0.065927528708011,0.065927528708011
Shanghai,2012,foreign,0.155055168136089,0.155055168136089,0.06453852113757108,0.06453852113757108
Shanghai,2012,joint_stock,0.2546990747253872,0.2546990747253872,0.0993434408887488,0.0993434408887488
Shanghai,2012,large,0.12003452898699507,0.12003452898699507,0.0218242762992773,0.0218242762992773
Shanghai,2012,policy,0.1496496476389133,0.1496496476389133,-0.0032450001433277365,-0.0032450001433277365
Shanghai,2012,postal,0.1879889124888301,0.1879889124888301,-0.015397509668320097,-0.015397509668320097
Shanghai,2012,rural,0.1794846907680565,0.1794846907680565,-0.005401087409499183,-0.005401087409499183
Shanghai,2013,city,0.13721794167184598,0.3540379408414225,0.12343555015010743,0.18936307885811843
Shanghai,2013,foreign,0.04505557812832528,0.20011074626441427,0.08132393782958491,0.145862458967156
Shanghai,2013,joint_stock,0.14328222064640883,0.39798129537179605,0.10353331989417924,0.20287676078292805
Shanghai,2013,large,0.0773297753458575,0.19736430433285257,0.013220497328324754,0.035044773627602055
Shanghai,2013,policy,0.12977882049040446,0.27942846812931776,0.012917294785835587,0.00967229464250785
Shanghai,2013,postal,0.11659408183154696,0.30458299432037705,0.046782387183661456,0.03138487751534136
Shanghai,2013,rural,0.1702306102272182,0.3497153009952747,0.020586493687103413,0.01518540627760423
Shanghai,2014,city,0.23409033536857748,0.58812827621,0.1683777553948378,0.3577408342529562
Shanghai,2014,foreign,0.037887314333566735,0.237998060597981,0.11021427406929352,0.2560767330364495
Shanghai,2014,joint_stock,0.1464106151712823,0.5443919105430783,0.3005841800142335,0.5034609407971615
Shanghai,2014,large,0.1242619703278347,0.3216262746606873,0.004035491068867358,0.03908026469646941
Shanghai,2014,policy,0.12277271525247002,0.4022011833817878,0.0010689471889042679,0.010741241831412118
Shanghai,2014,postal,0.3304678062156228,0.6350508005359998,0.005725844362817867,0.037110721878159225
Shanghai,2014,rural,0.2848993101374724,0.6346146111327471,0.01100178513714134,0.02618719141474557
Shanghai,2015,city,0.2107595445366357,0.7988878207466357,0.0901213051530263,0.4478621394059825
Shanghai,2015,foreign,-0.0018149093914345826,0.23618315120654643,0.0034344624486344344,0.25951119548508395
Shanghai,2015,joint_stock,0.12947529541967562,0.673867205962754,0.19249175360888593,0.6959526944060475
Shanghai,2015,large,-0.0032252302401172273,0.31840104442057005,0.013110768021750374,0.05219103271821979
Shanghai,2015,policy,0.20952798826203534,0.6117291716438231,-0.001603849581973904,0.009137392249438214
Shanghai,2015,postal,-0.09703985317788977,0.5380109473581101,-0.02631112547846115,0.010799596399698075
Shanghai,2015,rural,0.023116708245719764,0.6577313193784668,0.030061544492072656,0.056248735906818226
Shanghai,2016,city,0.21780955502445565,1.0166973757710913,0.17015610920943658,0.6180182486154191
Shanghai,2016,foreign,0.07562830400464371,0.31181145521119014,0.010233176280029177,0.2697443717651131
Shanghai,2016,joint_stock,0.16943396892090057,0.8433011748836545,0.24434114919347927,0.9402938435995267
Shanghai,2016,large,0.0793701176914734,0.39777116211204344,-0.021500135050869673,0.030690897667350114
Shanghai,2016,policy,0.13886882905710607,0.7505980007009292,0.0026716553428043355,0.01180904759224255
Shanghai,2016,postal,0.1298483198774445,0.6678592672355546,0.0006841267983492827,0.011483723198047358
Shanghai,2016,rural,0.15136160833818835,0.8090929277166552,0.008163993017126003,0.06441272892394423
Shanghai,2017,city,0.10927786522932337,1.1259752410004147,0.050174547547760184,0.6681927961631793
Shanghai,2017,foreign,0.06786671742615624,0.3796781726373464,-0.048677048395316724,0.2210673233697964
Shanghai,2017,joint_stock,-0.14461137174923344,0.6986898031344211,-0.09996118550071742,0.8403326580988093
Shanghai,2017,large,0.05931913625198426,0.4570902983640277,0.010567093579455289,0.0412579912468054
Shanghai,2017,policy,0.07218396815315842,0.8227819688540876,0.004791065858785082,0.01660011345102763
Shanghai,2017,postal,0.05469618007969146,0.722555447315246,-0.009860834099892912,0.0016228890981544453
Shanghai,2017,rural,0.08858810628024116,0.8976810339968964,0.008042827651145501,0.07245555657508973
Shanghai,2018,city,0.0632891752900484,1.189264416290463,0.040824661361154924,0.7090174575243342
Shanghai,2018,foreign,0.0037724425689926733,0.38345061520633905,-0.03627967408064858,0.18478764928914782
Shanghai,2018,joint_stock,0.0057778309646110415,0.7044676340990321,-0.0339482807051148,0.8063843773936945
Shanghai,2018,large,0.05079739464255262,0.5078876930065803,-0.002727062782886591,0.03853092846391881
Shanghai,2018,policy,0.039923050902709534,0.8627050197567971,-0.005324826213064071,0.01127528723796356
Shanghai,2018,postal,0.10572424522399082,0.8282796925392368,0.003746613701196111,0.005369502799350556
Shanghai,2018,rural,0.06579922065374078,0.9634802546506371,-0.014431825268667708,0.05802373130642202
Shanghai,2019,city,0.07675019787572346,1.2660146141661865,0.03261637732780187,0.7416338348521361
Shanghai,2019,foreign,0.28287361277829604,0.6663242279846351,1.111663044863601,1.2964506941527487
Shanghai,2019,joint_stock,0.08517617503640196,0.7896438091354341,-0.016290760838010954,0.7900936165556836
Shanghai,2019,large,0.09392010994741362,0.6018078029539939,0.04052889175899388,0.07905982022291269
Shanghai,2019,policy,0.0325509791501144,0.8952559989069115,0.006916760749314577,0.018192047987278137
Shanghai,2019,postal,-0.09418056898059035,0.7340991235586465,-0.14871562710249364,-0.14334612430314309
Shanghai,2019,rural,0.029663199279262642,0.9931434539298998,-0.016274027073817976,0.041749704232604046
Shanghai,2020,city,0.07353035998465351,1.33954497415084,0.0002477700706435826,0.7418816049227797
Shanghai,2020,foreign,-0.4284218510391753,0.2379023769454598,-1.4042833989559647,-0.10783270480321594
Shanghai,2020,joint_stock,0.027266312167189,0.8169101213026231,-0.05558913609081273,0.7345044804648708
Shanghai,2020,large,0.05981148738129782,0.6616192903352918,-0.060101094026531854,0.018958726196380837
Shanghai,2020,policy,0.04381997492121492,0.9390759738281265,-0.03892383251832143,-0.020731784531043296
Shanghai,2020,postal,0.2672157358545473,1.0013148594131938,0.107053115103243,-0.036293009199900084
Shanghai,2020,rural,0.1341955566230837,1.1273390105529835,0.007325107701236178,0.04907481193384022
Shanghai,2021,city,0.10588283296497814,1.4454278071158182,0.060150890223891196,0.8020324951466709
Shanghai,2021,foreign,0.028679795943608255,0.26658217288906805,0.11668232008019785,0.008849615276981915
Shanghai,2021,joint_stock,0.07158603398086605,0.8884961552834891,0.033216838336279864,0.7677213188011507
Shanghai,2021,large,0.07863459774008597,0.7402538880753777,-0.005192429034407198,0.01376629716197364
Shanghai,2021,policy,0.049886157417084576,0.988962131245211,0.08958065716973618,0.06884887263869288
Shanghai,2021,postal,0.10988472188740239,1.1111995813005962,0.008509632393783662,-0.027783376806116422
Shanghai,2021,rural,0.10083192585352485,1.2281709364065083,0.003923255564791006,0.05299806749863123
Shanghai,2022,city,0.10054714216405714,1.5459749492798753,0.03354768568609323,0.8355801808327641
Shanghai,2022,foreign,0.030813325063050456,0.2973954979521185,-0.010332195237205077,-0.0014825799602231626
Shanghai,2022,joint_stock,0.052833010034115446,0.9413291653176046,0.01423972281113528,0.781961041612286
Shanghai,2022,large,0.017885581096020786,0.7581394691713985,0.0010747461307296646,0.014841043292703304
Shanghai,2022,policy,0.4452694256072256,1.4342315568524366,-0.050656824651414745,0.018192047987278137
Shanghai,2022,postal,0.10703287141207163,1.2182324527126678,-0.002322090304524238,-0.03010546711064066
Shanghai,2022,rural,0.08179705387482805,1.3099679902813364,-0.024061268437744587,0.028936799060886642
Shanxi,2005,city,,-1.6078716937709316,,
Shanxi,2005,foreign,,-1.2370281504136802,,
Shanxi,2005,joint_stock,,-1.3099570828655924,,
Shanxi,2005,large,,-1.0393244990824844,,
Shanxi,2005,policy,,-1.1312536093193462,,
Shanxi,2005,postal,,-1.180757641751697,,
Shanxi,2005,rural,,-1.3028618037188355,,
Shanxi,2006,city,0.25481770077397137,-1.3530539929969603,,
Shanxi,2006,foreign,0.4030965972726914,-0.8339315531409888,,
Shanxi,2006,joint_stock,0.2823597538300877,-1.0275973290355047,,
Shanxi,2006,large,0.19921037047737578,-0.8401141286051086,,
Shanxi,2006,policy,0.10077145224595441,-1.0304821570733917,,
Shanxi,2006,postal,0.22020111438130385,-0.9605565273703931,,
Shanxi,2006,rural,0.26813721676889735,-1.0347245869499382,,
Shanxi,2007,city,0.21485439275940799,-1.1381996002375523,,-0.1290084798862683
Shanxi,2007,foreign,0.3462472226583806,-0.4876843304826082,,-0.31233663401572187
Shanxi,2007,joint_stock,0.32449252155206487,-0.7031048074834398,,-0.11986160634862664
Shanxi,2007,large,0.16180882548872333,-0.6783053031163853,,-0.007702959272796406
Shanxi,2007,policy,0.12770612248394464,-0.9027760345894471,,0.009069147249863185
Shanxi,2007,postal,0.07805211331870154,-0.8825044140516916,,-0.0631331062051288
Shanxi,2007,rural,0.1327846334697611,-0.9019399534801771,,0.007757376477158573
Shanxi,2008,city,0.2096554848148937,-0.9285441154226586,-0.05605104975638575,-0.18505952964265404
Shanxi,2008,foreign,0.11484755535905755,-0.3728367751235506,0.15169614328309056,-0.1606404907326313
Shanxi,2008,joint_stock,0.025482054354894146,-0.6776227531285457,-0.14936699746662896,-0.2692286038152556
Shanxi,2008,large,0.18685899478574797,-0.4914463083306373,-6.798212072922638e-05,-0.007770941393525632
Shanxi,2008,policy,0.2895022503444782,-0.6132737842449689,-0.010141533411616166,-0.0010723861617529806
Shanxi,2008,postal,0.2907354256044865,-0.591768988447205,-0.14756704577167312,-0.21070015197680192
Shanxi,2008,rural,0.24709115929385206,-0.654848794186325,-0.02439758468472597,-0.016640208207567397
Shanxi,2009,city,0.30185036604769877,-0.6266937493749598,0.03732660813236954,-0.1477329215102845
Shanxi,2009,foreign,0.055859706698868195,-0.31697706842468243,-0.05087007367163299,-0.2115105644042643
Shanxi,2009,joint_stock,0.2552300282756619,-0.4223927248528838,0.1954458349164323,-0.07378276889882329
Shanxi,2009,large,0.25018203652681414,-0.24126427180382315,-0.017574542122828163,-0.025345483516353795
Shanxi,2009,policy,0.2483343913478535,-0.3649393928971154,0.003213714603096385,0.002141328441343404
Shanxi,2009,postal,0.22545972217985444,-0.3663092662673506,0.04721907193739128,-0.16348108003941064
Shanxi,2009,rural,0.22565966966572404,-0.429189124520601,0.012421041650080511,-0.004219166557486886
Shanxi,2010,city,0.3665846138281914,-0.2601091355467684,0.054465054613956454,-0.09326786689632804
Shanxi,2010,foreign,0.1351696789323782,-0.18180738949230424,0.09158482383551991,-0.11992574056874439
Shanxi,2010,joint_stock,0.1381064188146901,-0.2842863060381937,-0.046078837449803345,-0.11986160634862664
Shanxi,2010,large,0.15827288360059555,-0.0829913882032276,0.021645311182025395,-0.0037001723343284
Shanxi,2010,policy,0.18084947231968052,-0.1840899205774349,-0.021622464013166365,-0.01948113557182296
Shanxi,2010,postal,0.1734175269829059,-0.1928917392844447,0.11450100376310424,-0.048980076276306406
Shanxi,2010,rural,0.21102211074322952,-0.21816701377737147,-0.012600676990821569,-0.016819843548308455
Shanxi,2011,city,0.2601091355467684,0.0,0.09326786689632804,0.0
Shanxi,2011,foreign,0.18180738949230424,0.0,0.11992574056874439,0.0
Shanxi,2011,joint_stock,0.2842863060381937,0.0,0.11986160634862664,0.0
Shanxi,2011,large,0.0829913882032276,0.0,0.0037001723343284,0.0
Shanxi,2011,policy,0.1840899205774349,0.0,0.01948113557182296,0.0
Shanxi,2011,postal,0.1928917392844447,0.0,0.048980076276306406,0.0
Shanxi,2011,rural,0.21816701377737147,0.0,0.016819843548308455,0.0
Shanxi,2012,city,0.21617999009828637,0.21617999009828637,0.06635550732086593,0.06635550732086593
Shanxi,2012,foreign,0.12409535076692357,0.12409535076692357,0.04900757910669462,0.04900757910669462
Shanxi,2012,joint_stock,0.20491099745732022,0.20491099745732022,0.09775084410838986,0.09775084410838986
Shanxi,2012,large,0.11822072304537734,0.11822072304537734,0.021901546796566862,0.021901546796566862
Shanxi,2012,policy,0.14643910231039747,0.14643910231039747,-0.0032206147000426455,-0.0032206147000426455
Shanxi,2012,postal,0.18745016383577173,0.18745016383577173,-0.015067099180830823,-0.015067099180830823
Shanxi,2012,rural,0.17826460686541346,0.17826460686541346,-0.004988203967647209,-0.004988203967647209
Shanxi,2013,city,0.13890941689190406,0.3550894069901904,0.12215530995460533,0.18851081727547125
Shanxi,2013,foreign,0.06405912072966835,0.18815447149659192,0.0793735875415118,0.12838116664820642
Shanxi,2013,joint_stock,0.1342661302357726,0.33917712769309283,0.09901338146153016,0.19676422556992001
Shanxi,2013,large,0.07529544228061624,0.19351616532599358,0.013064153349013452,0.034965700145580314
Shanxi,2013,policy,0.12881965964936093,0.2752587619597584,0.01282068842906181,0.009600073729019165
Shanxi,2013,postal,0.11644444127493259,0.3038946051107043,0.046465247972992785,0.03139814879216196
Shanxi,2013,rural,0.1692781649875137,0.34754277185292715,0.020733110636143692,0.015744906668496483
Shanxi,2014,city,0.2364254536186099,0.5915148606088003,0.16570280333910503,0.3542136206145763
Shanxi,2014,foreign,0.06648009756768225,0.2546345690642742,0.09110272824847243,0.21948389489667885
Shanxi,2014,joint_stock,0.1308612517252179,0.4700383794183107,0.29930491227977285,0.49606913784969286
Shanxi,2014,large,0.1309295490131479,0.3244457143391415,0.006428176151009879,0.04139387629659019
Shanxi,2014,policy,0.12062809194446267,0.39588685390422107,0.0010610080570945257,0.01066108178611369
Shanxi,2014,postal,0.3231879672536877,0.627082572364392,0.005505548115406711,0.03690369690756867
Shanxi,2014,rural,0.2814631187459078,0.6290058905988349,0.011110825113291867,0.02685573178178835
Shanxi,2015,city,0.210535576266059,0.8020504368748593,0.08798637532579967,0.44219999594037596
Shanxi,2015,foreign,-0.019669097801617852,0.23496547126265632,-0.003673098711860945,0.2158107961848179
Shanxi,2015,joint_stock,0.13257658278043394,0.6026149621987447,0.16094527816465032,0.6570144160143432
Shanxi,2015,large,0.014354573313656971,0.33880028765279846,0.012589906380448213,0.053983782677038405
Shanxi,2015,policy,0.20792618628479964,0.6038130401890207,-0.0015919345362505055,0.009069147249863185
Shanxi,2015,postal,-0.09304202336134004,0.534040549003052,-0.025457131240132824,0.011446565667435848
Shanxi,2015,rural,0.026837066193081682,0.6558429567919166,0.03015218681401599,0.05700791859580434
Shanxi,2016,city,0.21428413182801087,1.0163345687028702,0.16604297791147538,0.6082429738518513
Shanxi,2016,foreign,0.08110665997070399,0.3160721312333603,0.009157573154020326,0.22496836933883824
Shanxi,2016,joint_stock,0.16779088844941725,0.7704058506481619,0.23920303883347493,0.8962174548478181
Shanxi,2016,large,0.06805342509461454,0.406853712747413,-0.02092525129079803,0.033058531386240375
Shanxi,2016,policy,0.13643318817520012,0.7402462283642208,0.0026518180482932863,0.011720965298156472
Shanxi,2016,postal,0.12982345608661205,0.663864005089664,0.0007037504322351396,0.012150316099670988
Shanxi,2016,rural,0.15242506655260257,0.8082680233445192,0.007936274783480357,0.0649441933792847
Shanxi,2017,city,0.10110278958637586,1.117437358289246,0.049609053255727176,0.6578520271075785
Shanxi,2017,foreign,0.0915631799614971,0.4076353111948574,-0.039038414365062835,0.1859299549737754
Shanxi,2017,joint_stock,-0.13822502847326845,0.6321808221748935,-0.0957786736053503,0.8004387812424678
Shanxi,2017,large,0.054707189654234156,0.46156090240164716,0.010081336041951161,0.043139867428191536
Shanxi,2017,policy,0.07395012174639426,0.8141963501106151,0.004755623229568684,0.016476588527725156
Shanxi,2017,postal,0.05307690815296695,0.716940913242631,-0.009690654766849605,0.0024596613328213834
Shanxi,2017,rural,0.08958901069230585,0.897857034036825,0.00958324649813136,0.07452743987741606
Shanxi,2018,city,0.025586469412138158,1.1430238277013842,0.05103665131006352,0.708888678417642
Shanxi,2018,foreign,-0.5743329486246065,-0.16669763742974908,-0.2532119620570974,-0.06728200708332199
Shanxi,2018,joint_stock,-0.0804812084925608,0.5516996136823327,-0.06907038786232533,0.7313683933801425
Shanxi,2018,large,-0.006689675644468096,0.45487122675717906,0.0023393710503434306,0.04547923847853497
Shanxi,2018,policy,0.0545447131125929,0.868741063223208,0.03420022434144698,0.05067681286917214
Shanxi,2018,postal,0.1104682294017163,0.8274091426443473,0.037071407431145786,0.03953106876396717
Shanxi,2018,rural,0.054135727289855495,0.9519927613266805,0.006333660972728694,0.08086110085014475
Shanxi,2019,city,0.11821321282145192,1.2612370405228361,0.024874781286616354,0.7337634597042584
Shanxi,2019,foreign,0.7171157716021508,0.5504181341724017,1.185114785691539,1.117832778608217
Shanxi,2019,joint_stock,0.176401844189634,0.7281014578719667,0.028867097727061974,0.7602354911072045
Shanxi,2019,large,0.14733143419575967,0.6022026609529387,0.03379518875562937,0.07927442723416434
Shanxi,2019,policy,0.014542920610802312,0.8832839838340103,-0.0320938517880327,0.018582961081139437
Shanxi,2019,postal,-0.09450863860746672,0.7329005040368806,-0.17990590402003903,-0.14037483525607186
Shanxi,2019,rural,0.04260274789700347,0.994595509223684,-0.03695417303852011,0.04390692781162464
Shanxi,2020,city,0.07684401076479652,1.3380810512876327,0.000902825906218041,0.7346662856104764
Shanxi,2020,foreign,-0.19733456673847805,0.35308356743392366,-1.1900107563037459,-0.07217797769552892
Shanxi,2020,joint_stock,0.0431379548093922,0.7712394126813589,-0.05016793980998635,0.7100675512972181
Shanxi,2020,large,0.06787121178643396,0.6700738727393727,-0.058594567177410184,0.02067986005675415
Shanxi,2020,policy,0.04204860159707735,0.9253325854310877,-0.03915759047433376,-0.02057462939319432
Shanxi,2020,postal,0.26419970974691154,0.9971002137837921,0.10550390392276654,-0.03487093133330532
Shanxi,2020,rural,0.13392312761090253,1.1285186368345865,0.007257547314690527,0.05116447512631517
Shanxi,2021,city,0.10346614999141046,1.4415472012790431,0.05876142784890526,0.7934277134593817
Shanxi,2021,foreign,0.005628034501661716,0.3587116019355854,0.07786951269531706,0.005691534999788139
Shanxi,2021,joint_stock,0.07683054120524702,0.8480699538866059,0.03228678662970985,0.742354337926928
Shanxi,2021,large,0.08233576839237244,0.7524096411317451,-0.005350042161445856,0.015329817895308295
Shanxi,2021,policy,0.05293331071741214,0.9782658961484998,0.0894245824863047,0.06884995309311037
Shanxi,2021,postal,0.10807247365396755,1.1051726874377596,0.008352631589438886,-0.026518299743866436
Shanxi,2021,rural,0.10036284375524751,1.228881480589834,0.0037972431884494284,0.054961718314764596
Shanxi,2022,city,0.10058194135577381,1.542129142634817,0.03314110831192707,0.8265688217713087
Shanxi,2022,foreign,0.024209615144506813,0.3829212170800922,-0.007977250280644554,-0.002285715280856415
Shanxi,2022,joint_stock,0.05933255787958913,0.907402511766195,0.01427372221245271,0.7566280601393807
Shanxi,2022,large,0.024637212716253742,0.7770468538479989,0.0009130222498647811,0.016242840145173076
Shanxi,2022,policy,0.437628306098107,1.4158942022466068,-0.05079316934586764,0.018056783747242733
Shanxi,2022,postal,0.10676254740481639,1.211935234842576,-0.0022571995918383436,-0.02877549933570478
Shanxi,2022,rural,0.08201604030750964,1.3108975208973437,-0.02393001799081773,0.031031700323946865
Sichuan,2005,city,,-1.5891703345969663,,
Sichuan,2005,foreign,,-1.2275382468172875,,
Sichuan,2005,joint_stock,,-1.3042543360119137,,
Sichuan,2005,large,,-1.0382582816594912,,
Sichuan,2005,policy,,-1.1335094323489745,,
Sichuan,2005,postal,,-1.1550801641204789,,
Sichuan,2005,rural,,-1.2940152137943688,,
Sichuan,2006,city,0.2550920523732163,-1.33407828222375,,
Sichuan,2006,foreign,0.40245232125801067,-0.8250859255592768,,
Sichuan,2006,joint_stock,0.28337232163066517,-1.0208820143812485,,
Sichuan,2006,large,0.2025024366518018,-0.8357558450076894,,
Sichuan,2006,policy,0.10045772098493089,-1.0330517113640436,,
Sichuan,2006,postal,0.21740419187224092,-0.937675972248238,,
Sichuan,2006,rural,0.272371378447259,-1.0216438353471098,,
Sichuan,2007,city,0.21065507388989424,-1.1234232083338558,,-0.12763799222923566
Sichuan,2007,foreign,0.34341853531423183,-0.481667390245045,,-0.3073910273203717
Sichuan,2007,joint_stock,0.3266418166843881,-0.6942401976968604,,-0.10527431990722391
Sichuan,2007,large,0.16154615160153263,-0.6742096934061568,,-0.011278685802180277
Sichuan,2007,policy,0.12484772303503178,-0.9082039883290118,,0.009650940646640294
Sichuan,2007,postal,0.07038986946882808,-0.8672861027794099,,-0.06581432675789856
Sichuan,2007,rural,0.12604710513451955,-0.8955967302125902,,0.008183089113698472
Sichuan,2008,city,0.20507172330813184,-0.918351485025724,-0.061368946376292755,-0.18900693860552842
Sichuan,2008,foreign,0.11258728791613848,-0.36908010232890653,0.14913356554045976,-0.15825746177991196
Sichuan,2008,joint_stock,0.022342791433016984,-0.6718974062638434,-0.15985559632853708,-0.265129916235761
Sichuan,2008,large,0.1850767715158863,-0.48913292189027047,0.004515980003345632,-0.006762705798834645
Sichuan,2008,policy,0.2923424669820509,-0.6158615213469609,-0.010792493282022697,-0.0011415526353824035
Sichuan,2008,postal,0.2864532177386323,-0.5808328850407776,-0.16490845607008886,-0.23072278282798742
Sichuan,2008,rural,0.23957203495791468,-0.6560246952546755,-0.017116199187915626,-0.008933110074217154
Sichuan,2009,city,0.29635337877646606,-0.6219981062492579,0.039613864830643664,-0.14939307377488475
Sichuan,2009,foreign,0.05574304661695351,-0.313337055711953,-0.053533908240988026,-0.21179137002089998
Sichuan,2009,joint_stock,0.2506749980699343,-0.4212224081939091,0.1955827517353388,-0.0695471645004222
Sichuan,2009,large,0.24909792469174796,-0.2400349971985225,-0.018608137593917107,-0.025370843392751752
Sichuan,2009,policy,0.24905098161420192,-0.366810539732759,0.0034207559012449096,0.002279203265862506
Sichuan,2009,postal,0.21726044679003031,-0.36357243825074725,0.05228381683065564,-0.17843896599733178
Sichuan,2009,rural,0.22888937677770826,-0.4271353184769673,0.007804696503793451,-0.001128413570423703
Sichuan,2010,city,0.36389554553168324,-0.25810256071757465,0.05537169234463413,-0.09402138143025063
Sichuan,2010,foreign,0.13129060594767417,-0.18204644976427886,0.09122342966977826,-0.12056794035112173
Sichuan,2010,joint_stock,0.13319850769748243,-0.2880239004964267,-0.05276511971632658,-0.12231228421674878
Sichuan,2010,large,0.15887857765863345,-0.08115641953988906,0.022996584233062833,-0.0023742591596889184
Sichuan,2010,policy,0.18113004205061678,-0.18568049768214223,-0.02302922728962109,-0.020750024023758584
Sichuan,2010,postal,0.17133678495603277,-0.19223565329471448,0.1263102274591752,-0.05212873853815658
Sichuan,2010,rural,0.212222805906908,-0.21491251257005928,-0.014344558192291856,-0.01547297176271556
Sichuan,2011,city,0.25810256071757465,0.0,0.09402138143025063,0.0
Sichuan,2011,foreign,0.18204644976427886,0.0,0.12056794035112173,0.0
Sichuan,2011,joint_stock,0.2880239004964267,0.0,0.12231228421674878,0.0
Sichuan,2011,large,0.08115641953988906,0.0,0.0023742591596889184,0.0
Sichuan,2011,policy,0.18568049768214223,0.0,0.020750024023758584,0.0
Sichuan,2011,postal,0.19223565329471448,0.0,0.05212873853815658,0.0
Sichuan,2011,rural,0.21491251257005928,0.0,0.01547297176271556,0.0
Sichuan,2012,city,0.21098665392721117,0.21098665392721117,0.06463087313306914,0.06463087313306914
Sichuan,2012,foreign,0.12363796083229772,0.12363796083229772,0.04800921918636014,0.04800921918636014
Sichuan,2012,joint_stock,0.20276052773047226,0.20276052773047226,0.0977755774536071,0.0977755774536071
Sichuan,2012,large,0.11764129920817723,0.11764129920817723,0.02150241151222332,0.02150241151222332
Sichuan,2012,policy,0.14603968542371604,0.14603968542371604,-0.0034285747871782846,-0.0034285747871782846
Sichuan,2012,postal,0.18785835506797,0.18785835506797,-0.019276912708001248,-0.019276912708001248
Sichuan,2012,rural,0.17132054898953086,0.17132054898953086,-0.006141036445692194,-0.006141036445692194
Sichuan,2013,city,0.12753846402756253,0.3385251179547737,0.12373987676316212,0.18837074989623126
Sichuan,2013,foreign,0.06401464091952924,0.18765260175182696,0.07935565852249837,0.12736487770885851
Sichuan,2013,joint_stock,0.13269531878140484,0.3354558465118771,0.09828616340402796,0.19606174085763506
Sichuan,2013,large,0.0743459851858681,0.19198728439404533,0.013382300285364579,0.0348847117975879
Sichuan,2013,policy,0.12912251841077627,0.2751622038344923,0.013644327648777654,0.01021575286159937
Sichuan,2013,postal,0.1164556915234023,0.3043140465913723,0.049917252583389526,0.03064033987538828
Sichuan,2013,rural,0.1653677191387679,0.3366882681282988,0.021806568849427777,0.015665532403735583
Sichuan,2014,city,0.25204200290943035,0.590567120864204,0.17015631981857204,0.3585270697148033
Sichuan,2014,foreign,0.0676895053442248,0.25534210709605176,0.0906131303044555,0.21797800801331402
Sichuan,2014,joint_stock,0.1339903653692005,0.4694462118810776,0.289243154056539,0.48530489491417406
Sichuan,2014,large,0.1339001971560716,0.32588748155011693,0.0066416918680456405,0.04152640366563354
Sichuan,2014,policy,0.12000837540873377,0.39517057924322607,0.0011286682913738133,0.011344421152973183
Sichuan,2014,postal,0.3377109184862679,0.6420249650776402,0.006016998007494223,0.0366573378828825
Sichuan,2014,rural,0.27984155435730074,0.6165298224855995,0.011292248621943557,0.02695778102567914
Sichuan,2015,city,0.21363722275719432,0.8042043436213984,0.08446605919345629,0.4429931289082596
Sichuan,2015,foreign,-0.018982860157573,0.23635924693847876,-0.003773589383639475,0.21420441862967454
Sichuan,2015,joint_stock,0.13521482963424525,0.6046610415153229,0.15887367266158137,0.6441785675757554
Sichuan,2015,large,0.01133840190676949,0.3372258834568864,0.013084965866568155,0.05461136953220169
Sichuan,2015,policy,0.20811050723301427,0.6032810864762403,-0.0005641749091811477,0.010780246243792035
Sichuan,2015,postal,-0.10599361151097675,0.5360313535666634,-0.027963605506291955,0.008693732376590546
Sichuan,2015,rural,0.023466658539112117,0.6399964810247116,0.0320990446833207,0.05905682570899984
Sichuan,2016,city,0.21468666115948487,1.0188910047808832,0.17274422632350195,0.6157373552317615
Sichuan,2016,foreign,0.08032806357581457,0.31668731051429333,0.010343298606800388,0.22454771723647493
Sichuan,2016,joint_stock,0.17148794086981312,0.776148982385136,0.2431155003812595,0.8872940679570149
Sichuan,2016,large,0.06631912067255818,0.4035450041294446,-0.02226107630456653,0.03235029322763516
Sichuan,2016,policy,0.13583267887107198,0.7391137653473123,0.0011280317044981558,0.011908277948290191
Sichuan,2016,postal,0.12953944236814863,0.665570795934812,0.0013556260548703847,0.01004935843146093
Sichuan,2016,rural,0.1565541611934549,0.7965506422181665,0.008032050199801688,0.06708887590880153
Sichuan,2017,city,0.09822612653891305,1.1171171313197963,0.04969175133469861,0.6654291065664601
Sichuan,2017,foreign,0.09184690475238355,0.4085342152666769,-0.03813617519099566,0.18641154204547927
Sichuan,2017,joint_stock,-0.14062016737001493,0.635528815015121,-0.10038950293580484,0.7869045650212101
Sichuan,2017,large,0.05265549146135129,0.4562004955907959,0.010902237762547173,0.043252530990182336
Sichuan,2017,policy,0.07470834053615683,0.8138221058834691,0.005060454993615515,0.016968732941905706
Sichuan,2017,postal,0.04908855679401647,0.7146593527288285,-0.009788746643819124,0.0002606117876418068
Sichuan,2017,rural,0.09118519583922335,0.8877358380573899,0.009670457754992867,0.0767593336637944
Sichuan,2018,city,0.025739043999980282,1.1428561753197766,0.05298718385490986,0.71841629042137
Sichuan,2018,foreign,-0.5827330156716695,-0.17419880040499258,-0.2567435499896664,-0.07033200794418715
Sichuan,2018,joint_stock,-0.08094798273680937,0.5545808322783117,-0.0696893874214144,0.7172151775997957
Sichuan,2018,large,-0.011087822756502774,0.4451126728342931,0.002609164245919615,0.04586169523610195
Sichuan,2018,policy,0.054739393209279896,0.868561499092749,0.035806634338489296,0.052775367280395
Sichuan,2018,postal,0.11292574011169165,0.8275850928405202,0.04159691324141157,0.04185752502905338
Sichuan,2018,rural,0.05787127653901969,0.9456071145964096,0.006528826516525754,0.08328816018032015
Sichuan,2019,city,0.12118417776439294,1.2640403530841695,0.024582387979659615,0.7429986784010296
Sichuan,2019,foreign,0.7264062485940315,0.5522074481890389,1.2049773247519413,1.1346453168077542
Sichuan,2019,joint_stock,0.18010881409354162,0.7346896463718533,0.031459918360530637,0.7486750959603263
Sichuan,2019,large,0.15152645593829384,0.596639128772587,0.0362581523224339,0.08211984755853585
Sichuan,2019,policy,0.010517784995236923,0.879079284087986,-0.03412549076518534,0.018649876515209662
Sichuan,2019,postal,-0.1095432773554954,0.7180418154850248,-0.19891210105162038,-0.157054576022567
Sichuan,2019,rural,0.045133807885472166,0.9907409224818817,-0.039627555463612296,0.04366060471670785
Sichuan,2020,city,0.07391048058646454,1.337950833670634,6.389980512722104e-05,0.7430625782061568
Sichuan,2020,foreign,-0.19881658649603118,0.3533908616930077,-1.2100151187818984,-0.07536980197414422
Sichuan,2020,joint_stock,0.04240476189273501,0.7770944082645883,-0.05119287222815849,0.6974822237321678
Sichuan,2020,large,0.06708521729341577,0.6637243460660027,-0.06302859142348716,0.019091256135048695
Sichuan,2020,policy,0.03266444863253071,0.9117437327205167,-0.041732263112324475,-0.023082386597114812
Sichuan,2020,postal,0.2784474469554894,0.9964892624405142,0.11659633336240738,-0.04045824266015963
Sichuan,2020,rural,0.13591196828659058,1.1266528907684723,0.008370306043937958,0.05203091076064581
Sichuan,2021,city,0.10185259161330151,1.4398034252839356,0.06061710440422985,0.8036796826103867
Sichuan,2021,foreign,0.004732426191207395,0.3581232878842151,0.08004270767353638,0.00467290569939216
Sichuan,2021,joint_stock,0.07727331088172562,0.8543677191463139,0.03245088876734137,0.7299331124995092
Sichuan,2021,large,0.08309607072504122,0.7468204167910439,-0.006352681760182222,0.012738574374866474
Sichuan,2021,policy,0.056608483379996244,0.9683522161005129,0.09515095681218888,0.07206857021507407
Sichuan,2021,postal,0.10890010515480775,1.105389367595322,0.00942081219206159,-0.031037430468098037
Sichuan,2021,rural,0.0996371593612011,1.2262900501296734,0.00463868019265945,0.05666959095330526
Sichuan,2022,city,0.0982734548211539,1.5380768801050895,0.03399576582451047,0.8376754484348972
Sichuan,2022,foreign,0.025724435037984605,0.3838477229221997,-0.008191970914587898,-0.003519065215195738
Sichuan,2022,joint_stock,0.05882204317116724,0.9131897623174812,0.014328913633228524,0.7442620261327377
Sichuan,2022,large,0.02057285138679532,0.7673932681778393,0.0006335685961911253,0.013372142971057599
Sichuan,2022,policy,0.4527813480953746,1.4211335641958875,-0.05285893997688085,0.01920963023819322
Sichuan,2022,postal,0.10680854244342974,1.2121979100387517,-0.0003697541177274388,-0.031407184585825476
Sichuan,2022,rural,0.07940964960195274,1.3056996997316261,-0.024518699447181547,0.03215089150612371
Tianjin,2005,city,,-1.6074734858070645,,
Tianjin,2005,foreign,,-1.2464271260743267,,
Tianjin,2005,joint_stock,,-1.2895554288101092,,
Tianjin,2005,large,,-1.0423285304242267,,
Tianjin,2005,policy,,-1.1303975855175779,,
Tianjin,2005,postal,,-1.18404219471498,,
Tianjin,2005,rural,,-1.3062975251281106,,
Tianjin,2006,city,0.2583085019021212,-1.3491649839049433,,
Tianjin,2006,foreign,0.4181612922149238,-0.8282658338594029,,
Tianjin,2006,joint_stock,0.2854386647253584,-1.0041167640847508,,
Tianjin,2006,large,0.20242089244227834,-0.8399076379819483,,
Tianjin,2006,policy,0.10000748297793294,-1.030390102539645,,
Tianjin,2006,postal,0.22047394118000163,-0.9635682535349783,,
Tianjin,2006,rural,0.2714935127830813,-1.0348040123450293,,
Tianjin,2007,city,0.21167149212043945,-1.1374934917845039,,-0.12246140676248451
Tianjin,2007,foreign,0.35054121095519797,-0.4777246229042049,,-0.30632874161904766
Tianjin,2007,joint_stock,0.3233311228352296,-0.6807856412495212,,-0.10856421577986985
Tianjin,2007,large,0.16120217356121636,-0.678705464420732,,-0.00989517204863688
Tianjin,2007,policy,0.12661257857478603,-0.9037775239648589,,0.010195956318288069
Tianjin,2007,postal,0.0788279535511851,-0.8847402999837932,,-0.06270053716200152
Tianjin,2007,rural,0.13104805303568234,-0.9037559593093469,,0.008679698729675778
Tianjin,2008,city,0.2090690192528193,-0.9284244725316846,-0.06024917940809438,-0.1827105861705789
Tianjin,2008,foreign,0.13831205650051892,-0.339412566403686,0.1585832077890501,-0.14774553382999756
Tianjin,2008,joint_stock,0.019683719557885837,-0.6611019216916354,-0.1589256365364342,-0.26748985231630407
Tianjin,2008,large,0.188150451352449,-0.490555013068283,0.002184315409783366,-0.007710856638853514
Tianjin,2008,policy,0.291669946382628,-0.6121075775822309,-0.010195956318288069,0.0
Tianjin,2008,postal,0.28978110045830263,-0.5949591995254906,-0.14603658218307558,-0.2087371193450771
Tianjin,2008,rural,0.2646824259370604,-0.6390735333722866,-0.02521098080244677,-0.016531282072770992
Tianjin,2009,city,0.3019015379614416,-0.626522934570243,0.03652327408325817,-0.14618731208732072
Tianjin,2009,foreign,0.027675988645404104,-0.3117365777582819,-0.04280253923476085,-0.1905480730647584
Tianjin,2009,joint_stock,0.25329384600809135,-0.40780807568354405,0.19762017235581908,-0.06986967996048499
Tianjin,2009,large,0.24909476572445932,-0.24146024734382365,-0.017926887466705566,-0.02563774410555908
Tianjin,2009,policy,0.24941601943025304,-0.36269155815197784,0.003231020581446309,0.003231020581446309
Tianjin,2009,postal,0.23034017494910586,-0.36461902457638473,0.04754028410272326,-0.16119683524235384
Tianjin,2009,rural,0.20843575794817681,-0.43063777542410975,0.01203622352538325,-0.0044950585473877425
Tianjin,2010,city,0.3687664191164206,-0.2577565154538224,0.05247057231234287,-0.09371673977497785
Tianjin,2010,foreign,0.1302180723926174,-0.1815185053656645,0.0984856257115636,-0.0920624473531948
Tianjin,2010,joint_stock,0.13931159379295543,-0.2684964818905886,-0.03904528994434209,-0.10891496990482707
Tianjin,2010,large,0.15781371863939242,-0.08364652870443123,0.02086643862201143,-0.00477130548354765
Tianjin,2010,policy,0.18066206432668608,-0.18202949382529177,-0.02283949196982249,-0.01960847138837618
Tianjin,2010,postal,0.17059735156651712,-0.1940216730098676,0.11196066585312359,-0.049236169389230255
Tianjin,2010,rural,0.21075152825517485,-0.2198862471689349,-0.012292929982960388,-0.01678798853034813
Tianjin,2011,city,0.2577565154538224,0.0,0.09371673977497785,0.0
Tianjin,2011,foreign,0.1815185053656645,0.0,0.0920624473531948,0.0
Tianjin,2011,joint_stock,0.2684964818905886,0.0,0.10891496990482707,0.0
Tianjin,2011,large,0.08364652870443123,0.0,0.00477130548354765,0.0
Tianjin,2011,policy,0.18202949382529177,0.0,0.01960847138837618,0.0
Tianjin,2011,postal,0.1940216730098676,0.0,0.049236169389230255,0.0
Tianjin,2011,rural,0.2198862471689349,0.0,0.01678798853034813,0.0
Tianjin,2012,city,0.21411951842197752,0.21411951842197752,0.0668210173328454,0.0668210173328454
Tianjin,2012,foreign,0.12335329131566297,0.12335329131566297,0.07651471218428707,0.07651471218428707
Tianjin,2012,joint_stock,0.20248074539265914,0.20248074539265914,0.0979237762705587,0.0979237762705587
Tianjin,2012,large,0.1183546920295111,0.1183546920295111,0.021538378817995252,0.021538378817995252
Tianjin,2012,policy,0.14432688975046837,0.14432688975046837,-0.0037827659265605718,-0.0037827659265605718
Tianjin,2012,postal,0.1870492581943637,0.1870492581943637,-0.015706891522075495,-0.015706891522075495
Tianjin,2012,rural,0.17530741150444484,0.17530741150444484,-0.005062095793050503,-0.005062095793050503
Tianjin,2013,city,0.13173139749606833,0.34585091591804584,0.12489916552611113,0.19172018285895653
Tianjin,2013,foreign,0.061601978138764224,0.1849552694544272,0.07935565852249837,0.15587037070678544
Tianjin,2013,joint_stock,0.13402154477137707,0.3365022901640362,0.10098639315557456,0.19891016942613327
Tianjin,2013,large,0.07419025163048687,0.19254494365999797,0.012883137090364372,0.03442151590835962
Tianjin,2013,policy,0.12874331954956197,0.27307020930003034,0.012910346074849421,0.00912758014828885
Tianjin,2013,postal,0.11711682257933376,0.30416608077369744,0.04703981263468471,0.03133292111260921
Tianjin,2013,rural,0.1708584118827403,0.34616582338718516,0.02056445452463862,0.015502358731588117
Tianjin,2014,city,0.2418065966078764,0.5876575125259222,0.16744097166817795,0.3591611545271345
Tianjin,2014,foreign,0.07496494945962873,0.2599202189140559,0.06486063420204058,0.22073100490882602
Tianjin,2014,joint_stock,0.13212208144756943,0.46862437161160564,0.30623630987574835,0.5051464793018816
Tianjin,2014,large,0.13435775202992595,0.3269026956899239,0.006569553914726356,0.04099106982308598
Tianjin,2014,policy,0.12107457054052873,0.39414477984055907,0.001068376169999219,0.010195956318288069
Tianjin,2014,postal,0.3279245111715472,0.6320905919452446,0.0055429136213618335,0.03687583473397105
Tianjin,2014,rural,0.28448926176800526,0.6306550851551904,0.010936063852614808,0.026438422584202925
Tianjin,2015,city,0.21258539507957508,0.8002429076054973,0.09006212339832409,0.4492232779254586
Tianjin,2015,foreign,-0.02094190699304832,0.2389783119210076,-0.003872221682509114,0.2168587832263169
Tianjin,2015,joint_stock,0.14858177955516894,0.6172061511667746,0.16774020606057327,0.6728866853624549
Tianjin,2015,large,0.014076628972016891,0.3409793246619408,0.011838144480030621,0.0528292143031166
Tianjin,2015,policy,0.21034220879298893,0.604486988633548,-0.00160299259545571,0.008592963722832359
Tianjin,2015,postal,-0.09564634462301314,0.5364442473222315,-0.025767595456162695,0.011108239277808352
Tianjin,2015,rural,0.024100572379468943,0.6547556575346594,0.030019278505672986,0.05645770108987591
Tianjin,2016,city,0.21787691919315932,1.0181198267986566,0.1689678513290982,0.6181911292545568
Tianjin,2016,foreign,0.08412413744843938,0.323102449369447,0.01348768038195125,0.23034646360826816
Tianjin,2016,joint_stock,0.17250175544409352,0.7897079066108681,0.23807288768878543,0.9109595730512403
Tianjin,2016,large,0.06845515331650986,0.4094344779784507,-0.021667088648509747,0.031162125654606854
Tianjin,2016,policy,0.142636206521356,0.747123195154904,0.0026702285558783956,0.011263192278710754
Tianjin,2016,postal,0.13189677124683108,0.6683410185690626,0.0007124410311138973,0.011820680308922249
Tianjin,2016,rural,0.1522847508065439,0.8070404083412033,0.008052046020800674,0.06450974711067659
Tianjin,2017,city,0.10335144324853296,1.1214712700471896,0.05286765532509463,0.6710587845796514
Tianjin,2017,foreign,0.09274490497596055,0.41584735434540754,-0.04002486414723716,0.190321599461031
Tianjin,2017,joint_stock,-0.13783484469078466,0.6518730619200834,-0.09934792580343199,0.8116116472478083
Tianjin,2017,large,0.05522397163749737,0.46465844961594804,0.010389574727634354,0.04155170038224121
Tianjin,2017,policy,0.07388293095880982,0.8210061261137138,0.004788516731797365,0.01605170901050812
Tianjin,2017,postal,0.05348784681095253,0.7218288653800151,-0.009481287483868783,0.0023393928250534657
Tianjin,2017,rural,0.09082511954678552,0.8978655278879888,0.00980929765864147,0.07431904476931805
Tianjin,2018,city,0.02848524213912107,1.1499565121863107,0.05128335332150513,0.7223421379011565
Tianjin,2018,foreign,-0.5894298310814889,-0.1735824767360814,-0.26017542666194693,-0.06985382720091593
Tianjin,2018,joint_stock,-0.08207662199549759,0.5697964399245858,-0.07287800264047384,0.7387336446073345
Tianjin,2018,large,-0.007663047959587388,0.45699540165636066,0.002009090986055284,0.04356079136829649
Tianjin,2018,policy,0.055075033344836655,0.8760811594585505,0.03443219642148421,0.050483905431992326
Tianjin,2018,postal,0.11117344848133826,0.8330023138613534,0.03768595980486111,0.04002535262991458
Tianjin,2018,rural,0.054386334774376266,0.9522518626623651,0.006541270283564771,0.08086031505288283
Tianjin,2019,city,0.12067736666230999,1.2706338788486207,0.026283783387700765,0.7486259212888573
Tianjin,2019,foreign,0.7381890464408887,0.5646065697048073,1.2337573656834637,1.1639035384825478
Tianjin,2019,joint_stock,0.17925962680892304,0.7490560667335089,0.03318488000841313,0.7719185246157476
Tianjin,2019,large,0.14916603072905588,0.6061614323854165,0.0348547316497303,0.07841552301802679
Tianjin,2019,policy,0.014200421109720196,0.8902815805682707,-0.02966650034846996,0.020817405083522367
Tianjin,2019,postal,-0.09596754115777273,0.7370347727035806,-0.18183124053014765,-0.14180588790023307
Tianjin,2019,rural,0.043514789007515375,0.9957666516698804,-0.036930407092800266,0.04392990796008256
Tianjin,2020,city,0.07780469775062215,1.3484385765992428,0.0009194839278396927,0.749545405216697
Tianjin,2020,foreign,-0.2027662404140731,0.3618403292907342,-1.205730053428808,-0.04182651494626022
Tianjin,2020,joint_stock,0.042476123154164824,0.7915321898876737,-0.05016141504128058,0.721757109574467
Tianjin,2020,large,0.06770645570783529,0.6738678880932518,-0.059655929554539355,0.018759593463487434
Tianjin,2020,policy,0.041101958416009055,0.9313835389842797,-0.0398759726912008,-0.019058567607678434
Tianjin,2020,postal,0.26602979238172786,1.0030645650853085,0.11518065200707284,-0.026625235893160237
Tianjin,2020,rural,0.13402098376894678,1.1297876354388272,0.007574989320163539,0.0515048972802461
Tianjin,2021,city,0.10539789948353473,1.4538364760827776,0.059697922907407275,0.8092433281241043
Tianjin,2021,foreign,0.006556981939237261,0.36839731122997144,0.08543979093615839,0.04361327598989817
Tianjin,2021,joint_stock,0.07675122895792441,0.8682834188455981,0.03315220731690083,0.7549093168913679
Tianjin,2021,large,0.08229843622841493,0.7561663243216667,-0.004936611885145936,0.013822981578341498
Tianjin,2021,policy,0.05302910414713935,0.9844126431314191,0.09035012554607391,0.07129155793839548
Tianjin,2021,postal,0.10833324616640283,1.1113978112517113,0.00033915550604923794,-0.026286080387111
Tianjin,2021,rural,0.1008141726604741,1.2306018080993013,0.0038433699985418457,0.055348267278787944
Tianjin,2022,city,0.10140510645106993,1.5552415825338475,0.034268968537324085,0.8435122966614284
Tianjin,2022,foreign,0.024314022960076898,0.39271133419004833,-0.0069444723528109265,0.036668803637087244
Tianjin,2022,joint_stock,0.059742819104577904,0.928026237950176,0.014898811423883274,0.7698081283152511
Tianjin,2022,large,0.022798775249784242,0.778965099571451,0.0008131734540395286,0.014636155032381026
Tianjin,2022,policy,0.4428605142584914,1.4272731573899105,-0.052060196010507376,0.019231361927888102
Tianjin,2022,postal,0.1068806622059757,1.218278473457687,-0.0022529135368163367,-0.028538993923927336
Tianjin,2022,rural,0.08198989870191653,1.3125917068012178,-0.024105091307431437,0.031243175971356507
Xinjiang,2005,city,,-1.6078716937709316,,
Xinjiang,2005,foreign,,-1.2370281504136802,,
Xinjiang,2005,joint_stock,,-1.3099570828655924,,
Xinjiang,2005,large,,-1.0393244990824844,,
Xinjiang,2005,policy,,-1.1312536093193462,,
Xinjiang,2005,postal,,-1.180757641751697,,
Xinjiang,2005,rural,,-1.3028618037188355,,
Xinjiang,2006,city,0.25481770077397137,-1.3530539929969603,,
Xinjiang,2006,foreign,0.4030965972726914,-0.8339315531409888,,
Xinjiang,2006,joint_stock,0.2823597538300877,-1.0275973290355047,,
Xinjiang,2006,large,0.19921037047737578,-0.8401141286051086,,
Xinjiang,2006,policy,0.10077145224595441,-1.0304821570733917,,
Xinjiang,2006,postal,0.22020111438130385,-0.9605565273703931,,
Xinjiang,2006,rural,0.26813721676889735,-1.0347245869499382,,
Xinjiang,2007,city,0.21485439275940799,-1.1381996002375523,,-0.1290084798862683
Xinjiang,2007,foreign,0.3462472226583806,-0.4876843304826082,,-0.31233663401572187
Xinjiang,2007,joint_stock,0.32449252155206487,-0.7031048074834398,,-0.11986160634862664
Xinjiang,2007,large,0.16180882548872333,-0.6783053031163853,,-0.007702959272796406
Xinjiang,2007,policy,0.12770612248394464,-0.9027760345894471,,0.009069147249863185
Xinjiang,2007,postal,0.07805211331870154,-0.8825044140516916,,-0.0631331062051288
Xinjiang,2007,rural,0.1327846334697611,-0.9019399534801771,,0.007757376477158573
Xinjiang,2008,city,0.2096554848148937,-0.9285441154226586,-0.05605104975638575,-0.18505952964265404
Xinjiang,2008,foreign,0.11484755535905755,-0.3728367751235506,0.15169614328309056,-0.1606404907326313
Xinjiang,2008,joint_stock,0.025482054354894146,-0.6776227531285457,-0.14936699746662896,-0.2692286038152556
Xinjiang,2008,large,0.18685899478574797,-0.4914463083306373,-6.798212072922638e-05,-0.007770941393525632
Xinjiang,2008,policy,0.2895022503444782,-0.6132737842449689,-0.010141533411616166,-0.0010723861617529806
Xinjiang,2008,postal,0.2907354256044865,-0.591768988447205,-0.14756704577167312,-0.21070015197680192
Xinjiang,2008,rural,0.24709115929385206,-0.654848794186325,-0.02439758468472597,-0.016640208207567397
Xinjiang,2009,city,0.30185036604769877,-0.6266937493749598,0.03732660813236954,-0.1477329215102845
Xinjiang,2009,foreign,0.055859706698868195,-0.31697706842468243,-0.05087007367163299,-0.2115105644042643
Xinjiang,2009,joint_stock,0.2552300282756619,-0.4223927248528838,0.1954458349164323,-0.07378276889882329
Xinjiang,2009,large,0.25018203652681414,-0.24126427180382315,-0.017574542122828163,-0.025345483516353795
Xinjiang,2009,policy,0.2483343913478535,-0.3649393928971154,0.003213714603096385,0.002141328441343404
Xinjiang,2009,postal,0.22545972217985444,-0.3663092662673506,0.04721907193739128,-0.16348108003941064
Xinjiang,2009,rural,0.22565966966572404,-0.429189124520601,0.012421041650080511,-0.004219166557486886
Xinjiang,2010,city,0.3665846138281914,-0.2601091355467684,0.054465054613956454,-0.09326786689632804
Xinjiang,2010,foreign,0.1351696789323782,-0.18180738949230424,0.09158482383551991,-0.11992574056874439
Xinjiang,2010,joint_stock,0.1381064188146901,-0.2842863060381937,-0.046078837449803345,-0.11986160634862664
Xinjiang,2010,large,0.15827288360059555,-0.0829913882032276,0.021645311182025395,-0.0037001723343284
Xinjiang,2010,policy,0.18084947231968052,-0.1840899205774349,-0.021622464013166365,-0.01948113557182296
Xinjiang,2010,postal,0.1734175269829059,-0.1928917392844447,0.11450100376310424,-0.048980076276306406
Xinjiang,2010,rural,0.21102211074322952,-0.21816701377737147,-0.012600676990821569,-0.016819843548308455
Xinjiang,2011,city,0.2601091355467684,0.0,0.09326786689632804,0.0
Xinjiang,2011,foreign,0.18180738949230424,0.0,0.11992574056874439,0.0
Xinjiang,2011,joint_stock,0.2842863060381937,0.0,0.11986160634862664,0.0
Xinjiang,2011,large,0.0829913882032276,0.0,0.0037001723343284,0.0
Xinjiang,2011,policy,0.1840899205774349,0.0,0.01948113557182296,0.0
Xinjiang,2011,postal,0.1928917392844447,0.0,0.048980076276306406,0.0
Xinjiang,2011,rural,0.21816701377737147,0.0,0.016819843548308455,0.0
Xinjiang,2012,city,0.21617999009828637,0.21617999009828637,0.06635550732086593,0.06635550732086593
Xinjiang,2012,foreign,0.12409535076692357,0.12409535076692357,0.04900757910669462,0.04900757910669462
Xinjiang,2012,joint_stock,0.20491099745732022,0.20491099745732022,0.09775084410838986,0.09775084410838986
Xinjiang,2012,large,0.11822072304537734,0.11822072304537734,0.021901546796566862,0.021901546796566862
Xinjiang,2012,policy,0.14643910231039747,0.14643910231039747,-0.0032206147000426455,-0.0032206147000426455
Xinjiang,2012,postal,0.18745016383577173,0.18745016383577173,-0.015067099180830823,-0.015067099180830823
Xinjiang,2012,rural,0.17826460686541346,0.17826460686541346,-0.004988203967647209,-0.004988203967647209
Xinjiang,2013,city,0.13890941689190406,0.3550894069901904,0.12215530995460533,0.18851081727547125
Xinjiang,2013,foreign,0.06405912072966835,0.18815447149659192,0.0793735875415118,0.12838116664820642
Xinjiang,2013,joint_stock,0.1342661302357726,0.33917712769309283,0.09901338146153016,0.19676422556992001
Xinjiang,2013,large,0.07529544228061624,0.19351616532599358,0.013064153349013452,0.034965700145580314
Xinjiang,2013,policy,0.12881965964936093,0.2752587619597584,0.01282068842906181,0.009600073729019165
Xinjiang,2013,postal,0.11644444127493259,0.3038946051107043,0.046465247972992785,0.03139814879216196
Xinjiang,2013,rural,0.1692781649875137,0.34754277185292715,0.020733110636143692,0.015744906668496483
Xinjiang,2014,city,0.2364254536186099,0.5915148606088003,0.16570280333910503,0.3542136206145763
Xinjiang,2014,foreign,0.06648009756768225,0.2546345690642742,0.09110272824847243,0.21948389489667885
Xinjiang,2014,joint_stock,0.1308612517252179,0.4700383794183107,0.29930491227977285,0.49606913784969286
Xinjiang,2014,large,0.1309295490131479,0.3244457143391415,0.006428176151009879,0.04139387629659019
Xinjiang,2014,policy,0.12062809194446267,0.39588685390422107,0.0010610080570945257,0.01066108178611369
Xinjiang,2014,postal,0.3231879672536877,0.627082572364392,0.005505548115406711,0.03690369690756867
Xinjiang,2014,rural,0.2814631187459078,0.6290058905988349,0.011110825113291867,0.02685573178178835
Xinjiang,2015,city,0.210535576266059,0.8020504368748593,0.08798637532579967,0.44219999594037596
Xinjiang,2015,foreign,-0.019669097801617852,0.23496547126265632,-0.003673098711860945,0.2158107961848179
Xinjiang,2015,joint_stock,0.13257658278043394,0.6026149621987447,0.16094527816465032,0.6570144160143432
Xinjiang,2015,large,0.014354573313656971,0.33880028765279846,0.012589906380448213,0.053983782677038405
Xinjiang,2015,policy,0.20792618628479964,0.6038130401890207,-0.0015919345362505055,0.009069147249863185
Xinjiang,2015,postal,-0.09304202336134004,0.534040549003052,-0.025457131240132824,0.011446565667435848
Xinjiang,2015,rural,0.026837066193081682,0.6558429567919166,0.03015218681401599,0.05700791859580434
Xinjiang,2016,city,0.21428413182801087,1.0163345687028702,0.16604297791147538,0.6082429738518513
Xinjiang,2016,foreign,0.08110665997070399,0.3160721312333603,0.009157573154020326,0.22496836933883824
Xinjiang,2016,joint_stock,0.16779088844941725,0.7704058506481619,0.23920303883347493,0.8962174548478181
Xinjiang,2016,large,0.06805342509461454,0.406853712747413,-0.02092525129079803,0.033058531386240375
Xinjiang,2016,policy,0.13643318817520012,0.7402462283642208,0.0026518180482932863,0.011720965298156472
Xinjiang,2016,postal,0.12982345608661205,0.663864005089664,0.0007037504322351396,0.012150316099670988
Xinjiang,2016,rural,0.15242506655260257,0.8082680233445192,0.007936274783480357,0.0649441933792847
Xinjiang,2017,city,0.10110278958637586,1.117437358289246,0.049609053255727176,0.6578520271075785
Xinjiang,2017,foreign,0.0915631799614971,0.4076353111948574,-0.039038414365062835,0.1859299549737754
Xinjiang,2017,joint_stock,-0.13822502847326845,0.6321808221748935,-0.0957786736053503,0.8004387812424678
Xinjiang,2017,large,0.054707189654234156,0.46156090240164716,0.010081336041951161,0.043139867428191536
Xinjiang,2017,policy,0.07395012174639426,0.8141963501106151,0.004755623229568684,0.016476588527725156
Xinjiang,2017,postal,0.05307690815296695,0.716940913242631,-0.009690654766849605,0.0024596613328213834
Xinjiang,2017,rural,0.08958901069230585,0.897857034036825,0.00958324649813136,0.07452743987741606
Xinjiang,2018,city,0.025586469412138158,1.1430238277013842,0.05103665131006352,0.708888678417642
Xinjiang,2018,foreign,-0.5743329486246065,-0.16669763742974908,-0.2532119620570974,-0.06728200708332199
Xinjiang,2018,joint_stock,-0.0804812084925608,0.5516996136823327,-0.06907038786232533,0.7313683933801425
Xinjiang,2018,large,-0.006689675644468096,0.45487122675717906,0.0023393710503434306,0.04547923847853497
Xinjiang,2018,policy,0.0545447131125929,0.868741063223208,0.03420022434144698,0.05067681286917214
Xinjiang,2018,postal,0.1104682294017163,0.8274091426443473,0.037071407431145786,0.03953106876396717
Xinjiang,2018,rural,0.054135727289855495,0.9519927613266805,0.006333660972728694,0.08086110085014475
Xinjiang,2019,city,0.11821321282145192,1.2612370405228361,0.024874781286616354,0.7337634597042584
Xinjiang,2019,foreign,0.7171157716021508,0.5504181341724017,1.185114785691539,1.117832778608217
Xinjiang,2019,joint_stock,0.176401844189634,0.7281014578719667,0.028867097727061974,0.7602354911072045
Xinjiang,2019,large,0.14733143419575967,0.6022026609529387,0.03379518875562937,0.07927442723416434
Xinjiang,2019,policy,0.014542920610802312,0.8832839838340103,-0.0320938517880327,0.018582961081139437
Xinjiang,2019,postal,-0.09450863860746672,0.7329005040368806,-0.17990590402003903,-0.14037483525607186
Xinjiang,2019,rural,0.04260274789700347,0.994595509223684,-0.03695417303852011,0.04390692781162464
Xinjiang,2020,city,0.07684401076479652,1.3380810512876327,0.000902825906218041,0.7346662856104764
Xinjiang,2020,foreign,-0.19733456673847805,0.35308356743392366,-1.1900107563037459,-0.07217797769552892
Xinjiang,2020,joint_stock,0.0431379548093922,0.7712394126813589,-0.05016793980998635,0.7100675512972181
Xinjiang,2020,large,0.06787121178643396,0.6700738727393727,-0.058594567177410184,0.02067986005675415
Xinjiang,2020,policy,0.04204860159707735,0.9253325854310877,-0.03915759047433376,-0.02057462939319432
Xinjiang,2020,postal,0.26419970974691154,0.9971002137837921,0.10550390392276654,-0.03487093133330532
Xinjiang,2020,rural,0.13392312761090253,1.1285186368345865,0.007257547314690527,0.05116447512631517
Xinjiang,2021,city,0.10346614999141046,1.4415472012790431,0.05876142784890526,0.7934277134593817
Xinjiang,2021,foreign,0.005628034501661716,0.3587116019355854,0.07786951269531706,0.005691534999788139
Xinjiang,2021,joint_stock,0.07683054120524702,0.8480699538866059,0.03228678662970985,0.742354337926928
Xinjiang,2021,large,0.08233576839237244,0.7524096411317451,-0.005350042161445856,0.015329817895308295
Xinjiang,2021,policy,0.05293331071741214,0.9782658961484998,0.0894245824863047,0.06884995309311037
Xinjiang,2021,postal,0.10807247365396755,1.1051726874377596,0.008352631589438886,-0.026518299743866436
Xinjiang,2021,rural,0.10036284375524751,1.228881480589834,0.0037972431884494284,0.054961718314764596
Xinjiang,2022,city,0.10058194135577381,1.542129142634817,0.03314110831192707,0.8265688217713087
Xinjiang,2022,foreign,0.024209615144506813,0.3829212170800922,-0.007977250280644554,-0.002285715280856415
Xinjiang,2022,joint_stock,0.05933255787958913,0.907402511766195,0.01427372221245271,0.7566280601393807
Xinjiang,2022,large,0.024637212716253742,0.7770468538479989,0.0009130222498647811,0.016242840145173076
Xinjiang,2022,policy,0.437628306098107,1.4158942022466068,-0.05079316934586764,0.018056783747242733
Xinjiang,2022,postal,0.10676254740481639,1.211935234842576,-0.0022571995918383436,-0.02877549933570478
Xinjiang,2022,rural,0.08201604030750964,1.3108975208973437,-0.02393001799081773,0.031031700323946865
Xizang,2005,city,,-1.6078716937709316,,
Xizang,2005,foreign,,-1.2370281504136802,,
Xizang,2005,joint_stock,,-1.3099570828655924,,
Xizang,2005,large,,-1.0393244990824844,,
Xizang,2005,policy,,-1.1312536093193462,,
Xizang,2005,postal,,-1.180757641751697,,
Xizang,2005,rural,,-1.3028618037188355,,
Xizang,2006,city,0.25481770077397137,-1.3530539929969603,,
Xizang,2006,foreign,0.4030965972726914,-0.8339315531409888,,
Xizang,2006,joint_stock,0.2823597538300877,-1.0275973290355047,,
Xizang,2006,large,0.19921037047737578,-0.8401141286051086,,
Xizang,2006,policy,0.10077145224595441,-1.0304821570733917,,
Xizang,2006,postal,0.22020111438130385,-0.9605565273703931,,
Xizang,2006,rural,0.26813721676889735,-1.0347245869499382,,
Xizang,2007,city,0.21485439275940799,-1.1381996002375523,,-0.1290084798862683
Xizang,2007,foreign,0.3462472226583806,-0.4876843304826082,,-0.31233663401572187
Xizang,2007,joint_stock,0.32449252155206487,-0.7031048074834398,,-0.11986160634862664
Xizang,2007,large,0.16180882548872333,-0.6783053031163853,,-0.007702959272796406
Xizang,2007,policy,0.12770612248394464,-0.9027760345894471,,0.009069147249863185
Xizang,2007,postal,0.07805211331870154,-0.8825044140516916,,-0.0631331062051288
Xizang,2007,rural,0.1327846334697611,-0.9019399534801771,,0.007757376477158573
Xizang,2008,city,0.2096554848148937,-0.9285441154226586,-0.05605104975638575,-0.18505952964265404
Xizang,2008,foreign,0.11484755535905755,-0.3728367751235506,0.15169614328309056,-0.1606404907326313
Xizang,2008,joint_stock,0.025482054354894146,-0.6776227531285457,-0.14936699746662896,-0.2692286038152556
Xizang,2008,large,0.18685899478574797,-0.4914463083306373,-6.798212072922638e-05,-0.007770941393525632
Xizang,2008,policy,0.2895022503444782,-0.6132737842449689,-0.010141533411616166,-0.0010723861617529806
Xizang,2008,postal,0.2907354256044865,-0.591768988447205,-0.14756704577167312,-0.21070015197680192
Xizang,2008,rural,0.24709115929385206,-0.654848794186325,-0.02439758468472597,-0.016640208207567397
Xizang,2009,city,0.30185036604769877,-0.6266937493749598,0.03732660813236954,-0.1477329215102845
Xizang,2009,foreign,0.055859706698868195,-0.31697706842468243,-0.05087007367163299,-0.2115105644042643
Xizang,2009,joint_stock,0.2552300282756619,-0.4223927248528838,0.1954458349164323,-0.07378276889882329
Xizang,2009,large,0.25018203652681414,-0.24126427180382315,-0.017574542122828163,-0.025345483516353795
Xizang,2009,policy,0.2483343913478535,-0.3649393928971154,0.003213714603096385,0.002141328441343404
Xizang,2009,postal,0.22545972217985444,-0.3663092662673506,0.04721907193739128,-0.16348108003941064
Xizang,2009,rural,0.22565966966572404,-0.429189124520601,0.012421041650080511,-0.004219166557486886
Xizang,2010,city,0.3665846138281914,-0.2601091355467684,0.054465054613956454,-0.09326786689632804
Xizang,2010,foreign,0.1351696789323782,-0.18180738949230424,0.09158482383551991,-0.11992574056874439
Xizang,2010,joint_stock,0.1381064188146901,-0.2842863060381937,-0.046078837449803345,-0.11986160634862664
Xizang,2010,large,0.15827288360059555,-0.0829913882032276,0.021645311182025395,-0.0037001723343284
Xizang,2010,policy,0.18084947231968052,-0.1840899205774349,-0.021622464013166365,-0.01948113557182296
Xizang,2010,postal,0.1734175269829059,-0.1928917392844447,0.11450100376310424,-0.048980076276306406
Xizang,2010,rural,0.21102211074322952,-0.21816701377737147,-0.012600676990821569,-0.016819843548308455
Xizang,2011,city,0.2601091355467684,0.0,0.09326786689632804,0.0
Xizang,2011,foreign,0.18180738949230424,0.0,0.11992574056874439,0.0
Xizang,2011,joint_stock,0.2842863060381937,0.0,0.11986160634862664,0.0
Xizang,2011,large,0.0829913882032276,0.0,0.0037001723343284,0.0
Xizang,2011,policy,0.1840899205774349,0.0,0.01948113557182296,0.0
Xizang,2011,postal,0.1928917392844447,0.0,0.048980076276306406,0.0
Xizang,2011,rural,0.21816701377737147,0.0,0.016819843548308455,0.0
Xizang,2012,city,0.21617999009828637,0.21617999009828637,0.06635550732086593,0.06635550732086593
Xizang,2012,foreign,0.12409535076692357,0.12409535076692357,0.04900757910669462,0.04900757910669462
Xizang,2012,joint_stock,0.20491099745732022,0.20491099745732022,0.09775084410838986,0.09775084410838986
Xizang,2012,large,0.11822072304537734,0.11822072304537734,0.021901546796566862,0.021901546796566862
Xizang,2012,policy,0.14643910231039747,0.14643910231039747,-0.0032206147000426455,-0.0032206147000426455
Xizang,2012,postal,0.18745016383577173,0.18745016383577173,-0.015067099180830823,-0.015067099180830823
Xizang,2012,rural,0.17826460686541346,0.17826460686541346,-0.004988203967647209,-0.004988203967647209
Xizang,2013,city,0.13890941689190406,0.3550894069901904,0.12215530995460533,0.18851081727547125
Xizang,2013,foreign,0.06405912072966835,0.18815447149659192,0.0793735875415118,0.12838116664820642
Xizang,2013,joint_stock,0.1342661302357726,0.33917712769309283,0.09901338146153016,0.19676422556992001
Xizang,2013,large,0.07529544228061624,0.19351616532599358,0.013064153349013452,0.034965700145580314
Xizang,2013,policy,0.12881965964936093,0.2752587619597584,0.01282068842906181,0.009600073729019165
Xizang,2013,postal,0.11644444127493259,0.3038946051107043,0.046465247972992785,0.03139814879216196
Xizang,2013,rural,0.1692781649875137,0.34754277185292715,0.020733110636143692,0.015744906668496483
Xizang,2014,city,0.2364254536186099,0.5915148606088003,0.16570280333910503,0.3542136206145763
Xizang,2014,foreign,0.06648009756768225,0.2546345690642742,0.09110272824847243,0.21948389489667885
Xizang,2014,joint_stock,0.1308612517252179,0.4700383794183107,0.29930491227977285,0.49606913784969286
Xizang,2014,large,0.1309295490131479,0.3244457143391415,0.006428176151009879,0.04139387629659019
Xizang,2014,policy,0.12062809194446267,0.39588685390422107,0.0010610080570945257,0.01066108178611369
Xizang,2014,postal,0.3231879672536877,0.627082572364392,0.005505548115406711,0.03690369690756867
Xizang,2014,rural,0.2814631187459078,0.6290058905988349,0.011110825113291867,0.02685573178178835
Xizang,2015,city,0.210535576266059,0.8020504368748593,0.08798637532579967,0.44219999594037596
Xizang,2015,foreign,-0.019669097801617852,0.23496547126265632,-0.003673098711860945,0.2158107961848179
Xizang,2015,joint_stock,0.13257658278043394,0.6026149621987447,0.16094527816465032,0.6570144160143432
Xizang,2015,large,0.014354573313656971,0.33880028765279846,0.012589906380448213,0.053983782677038405
Xizang,2015,policy,0.20792618628479964,0.6038130401890207,-0.0015919345362505055,0.009069147249863185
Xizang,2015,postal,-0.09304202336134004,0.534040549003052,-0.025457131240132824,0.011446565667435848
Xizang,2015,rural,0.026837066193081682,0.6558429567919166,0.03015218681401599,0.05700791859580434
Xizang,2016,city,0.21428413182801087,1.0163345687028702,0.16604297791147538,0.6082429738518513
Xizang,2016,foreign,0.08110665997070399,0.3160721312333603,0.009157573154020326,0.22496836933883824
Xizang,2016,joint_stock,0.16779088844941725,0.7704058506481619,0.23920303883347493,0.8962174548478181
Xizang,2016,large,0.06805342509461454,0.406853712747413,-0.02092525129079803,0.033058531386240375
Xizang,2016,policy,0.13643318817520012,0.7402462283642208,0.0026518180482932863,0.011720965298156472
Xizang,2016,postal,0.12982345608661205,0.663864005089664,0.0007037504322351396,0.012150316099670988
Xizang,2016,rural,0.15242506655260257,0.8082680233445192,0.007936274783480357,0.0649441933792847
Xizang,2017,city,0.10110278958637586,1.117437358289246,0.049609053255727176,0.6578520271075785
Xizang,2017,foreign,0.0915631799614971,0.4076353111948574,-0.039038414365062835,0.1859299549737754
Xizang,2017,joint_stock,-0.13822502847326845,0.6321808221748935,-0.0957786736053503,0.8004387812424678
Xizang,2017,large,0.054707189654234156,0.46156090240164716,0.010081336041951161,0.043139867428191536
Xizang,2017,policy,0.07395012174639426,0.8141963501106151,0.004755623229568684,0.016476588527725156
Xizang,2017,postal,0.05307690815296695,0.716940913242631,-0.009690654766849605,0.0024596613328213834
Xizang,2017,rural,0.08958901069230585,0.897857034036825,0.00958324649813136,0.07452743987741606
Xizang,2018,city,0.025586469412138158,1.1430238277013842,0.05103665131006352,0.708888678417642
Xizang,2018,foreign,-0.5743329486246065,-0.16669763742974908,-0.2532119620570974,-0.06728200708332199
Xizang,2018,joint_stock,-0.0804812084925608,0.5516996136823327,-0.06907038786232533,0.7313683933801425
Xizang,2018,large,-0.006689675644468096,0.45487122675717906,0.0023393710503434306,0.04547923847853497
Xizang,2018,policy,0.0545447131125929,0.868741063223208,0.03420022434144698,0.05067681286917214
Xizang,2018,postal,0.1104682294017163,0.8274091426443473,0.037071407431145786,0.03953106876396717
Xizang,2018,rural,0.054135727289855495,0.9519927613266805,0.006333660972728694,0.08086110085014475
Xizang,2019,city,0.11821321282145192,1.2612370405228361,0.024874781286616354,0.7337634597042584
Xizang,2019,foreign,0.7171157716021508,0.5504181341724017,1.185114785691539,1.117832778608217
Xizang,2019,joint_stock,0.176401844189634,0.7281014578719667,0.028867097727061974,0.7602354911072045
Xizang,2019,large,0.14733143419575967,0.6022026609529387,0.03379518875562937,0.07927442723416434
Xizang,2019,policy,0.014542920610802312,0.8832839838340103,-0.0320938517880327,0.018582961081139437
Xizang,2019,postal,-0.09450863860746672,0.7329005040368806,-0.17990590402003903,-0.14037483525607186
Xizang,2019,rural,0.04260274789700347,0.994595509223684,-0.03695417303852011,0.04390692781162464
Xizang,2020,city,0.07684401076479652,1.3380810512876327,0.000902825906218041,0.7346662856104764
Xizang,2020,foreign,-0.19733456673847805,0.35308356743392366,-1.1900107563037459,-0.07217797769552892
Xizang,2020,joint_stock,0.0431379548093922,0.7712394126813589,-0.05016793980998635,0.7100675512972181
Xizang,2020,large,0.06787121178643396,0.6700738727393727,-0.058594567177410184,0.02067986005675415
Xizang,2020,policy,0.04204860159707735,0.9253325854310877,-0.03915759047433376,-0.02057462939319432
Xizang,2020,postal,0.26419970974691154,0.9971002137837921,0.10550390392276654,-0.03487093133330532
Xizang,2020,rural,0.13392312761090253,1.1285186368345865,0.007257547314690527,0.05116447512631517
Xizang,2021,city,0.10346614999141046,1.4415472012790431,0.05876142784890526,0.7934277134593817
Xizang,2021,foreign,0.005628034501661716,0.3587116019355854,0.07786951269531706,0.005691534999788139
Xizang,2021,joint_stock,0.07683054120524702,0.8480699538866059,0.03228678662970985,0.742354337926928
Xizang,2021,large,0.08233576839237244,0.7524096411317451,-0.005350042161445856,0.015329817895308295
Xizang,2021,policy,0.05293331071741214,0.9782658961484998,0.0894245824863047,0.06884995309311037
Xizang,2021,postal,0.10807247365396755,1.1051726874377596,0.008352631589438886,-0.026518299743866436
Xizang,2021,rural,0.10036284375524751,1.228881480589834,0.0037972431884494284,0.054961718314764596
Xizang,2022,city,0.10058194135577381,1.542129142634817,0.03314110831192707,0.8265688217713087
Xizang,2022,foreign,0.024209615144506813,0.3829212170800922,-0.007977250280644554,-0.002285715280856415
Xizang,2022,joint_stock,0.05933255787958913,0.907402511766195,0.01427372221245271,0.7566280601393807
Xizang,2022,large,0.024637212716253742,0.7770468538479989,0.0009130222498647811,0.016242840145173076
Xizang,2022,policy,0.437628306098107,1.4158942022466068,-0.05079316934586764,0.018056783747242733
Xizang,2022,postal,0.10676254740481639,1.211935234842576,-0.0022571995918383436,-0.02877549933570478
Xizang,2022,rural,0.08201604030750964,1.3108975208973437,-0.02393001799081773,0.031031700323946865
Yunnan,2005,city,,-1.611910054018363,,
Yunnan,2005,foreign,,-1.2370048803137124,,
Yunnan,2005,joint_stock,,-1.302329292107105,,
Yunnan,2005,large,,-1.041749603827153,,
Yunnan,2005,policy,,-1.1265684844537667,,
Yunnan,2005,postal,,-1.18132436491077,,
Yunnan,2005,rural,,-1.3066964831969,,
Yunnan,2006,city,0.2560247103393003,-1.3558853436790628,,
Yunnan,2006,foreign,0.4036746741198183,-0.8333302061938941,,
Yunnan,2006,joint_stock,0.27232624618554624,-1.0300030459215588,,
Yunnan,2006,large,0.2011609369378231,-0.8405886668893299,,
Yunnan,2006,policy,0.09863430620188929,-1.0279341782518774,,
Yunnan,2006,postal,0.22128283633835188,-0.9600415285724182,,
Yunnan,2006,rural,0.27388399533487195,-1.032812487862028,,
Yunnan,2007,city,0.21567827116496652,-1.1402070725140963,,-0.12778696672090106
Yunnan,2007,foreign,0.34652793784287184,-0.48680226835102225,,-0.31046737948588454
Yunnan,2007,joint_stock,0.32895549932366563,-0.7010475465978931,,-0.11268024693996104
Yunnan,2007,large,0.1600317171045056,-0.6805569497848243,,-0.007807988472285032
Yunnan,2007,policy,0.12505862625726039,-0.902875551994617,,0.010072832788295294
Yunnan,2007,postal,0.07894105619833347,-0.8811004723740847,,-0.062314312822397966
Yunnan,2007,rural,0.13046528811129576,-0.9023471997507322,,0.007525633954868383
Yunnan,2008,city,0.21027008684533044,-0.9299369856687658,-0.05714135379712815,-0.1849283205180292
Yunnan,2008,foreign,0.11487000869066932,-0.3719322596603529,0.15057285847937418,-0.15989452100651036
Yunnan,2008,joint_stock,0.023927544056466132,-0.677120002541427,-0.1550730295784728,-0.26775327651843384
Yunnan,2008,large,0.18922821180436955,-0.49132873798045473,0.00012219710408167828,-0.007685791368203354
Yunnan,2008,policy,0.2910833020757284,-0.6117922499188886,-0.010635420707494347,-0.0005625879191990535
Yunnan,2008,postal,0.29136932687976014,-0.5897311454943246,-0.12351768747854663,-0.1858320003009446
Yunnan,2008,rural,0.2488612115047033,-0.6534859882460289,-0.02420653653942928,-0.016680902584560897
Yunnan,2009,city,0.3014841933149146,-0.6284527923538512,0.036482791847896934,-0.14844552867013228
Yunnan,2009,foreign,0.05586972974735893,-0.316062529912994,-0.051010368936518447,-0.2109048899430288
Yunnan,2009,joint_stock,0.25339182744098565,-0.42372817510044136,0.19721480966970262,-0.07053846684873122
Yunnan,2009,large,0.25040836979083636,-0.24092036818961837,-0.018036278698922104,-0.025722070067125458
Yunnan,2009,policy,0.2494569678011196,-0.362335282117769,0.0033707897084891414,0.002808201789290088
Yunnan,2009,postal,0.22387982845800813,-0.36585131703631646,0.01858155440438658,-0.16725044589655802
Yunnan,2009,rural,0.22286188259012185,-0.43062410565590703,0.01166283930386669,-0.005018063280694207
Yunnan,2010,city,0.36734888982897473,-0.2611039025248765,0.054308728588733146,-0.09413680008139913
Yunnan,2010,foreign,0.13463276173119532,-0.18142976818179868,0.09183236345677415,-0.11907252648625466
Yunnan,2010,joint_stock,0.13780291389293353,-0.28592526120750783,-0.05064803743955082,-0.12118650428828204
Yunnan,2010,large,0.15855832516982105,-0.08236204301979733,0.022182120510814585,-0.003539949556310873
Yunnan,2010,policy,0.17831034003560298,-0.18402494208216602,-0.01925314284453794,-0.016444941055247853
Yunnan,2010,postal,0.17229011525046367,-0.1935612017858528,0.11713160238027598,-0.05011884351628204
Yunnan,2010,rural,0.21153144724812556,-0.21909265840778147,-0.012392420758292388,-0.017410484038986596
Yunnan,2011,city,0.2611039025248765,0.0,0.09413680008139913,0.0
Yunnan,2011,foreign,0.18142976818179868,0.0,0.11907252648625466,0.0
Yunnan,2011,joint_stock,0.28592526120750783,0.0,0.12118650428828204,0.0
Yunnan,2011,large,0.08236204301979733,0.0,0.003539949556310873,0.0
Yunnan,2011,policy,0.18402494208216602,0.0,0.016444941055247853,0.0
Yunnan,2011,postal,0.1935612017858528,0.0,0.05011884351628204,0.0
Yunnan,2011,rural,0.21909265840778147,0.0,0.017410484038986596,0.0
Yunnan,2012,city,0.21602613844447482,0.21602613844447482,0.06604485159562579,0.06604485159562579
Yunnan,2012,foreign,0.12393039871955658,0.12393039871955658,0.04808080883452792,0.04808080883452792
Yunnan,2012,joint_stock,0.20245458091878987,0.20245458091878987,0.09762410293472179,0.09762410293472179
Yunnan,2012,large,0.11834156580482791,0.11834156580482791,0.022184113898733315,0.022184113898733315
Yunnan,2012,policy,0.14652959210441097,0.14652959210441097,-0.003380284908823583,-0.003380284908823583
Yunnan,2012,postal,0.18687795424810183,0.18687795424810183,-0.016129876550756705,-0.016129876550756705
Yunnan,2012,rural,0.175769472147012,0.175769472147012,-0.005524326379559241,-0.005524326379559241
Yunnan,2013,city,0.13887438827576126,0.3549005267202361,0.12293307980613655,0.18897793140176233
Yunnan,2013,foreign,0.06370832344078892,0.1876387221603455,0.07970674261074251,0.12778755144527043
Yunnan,2013,joint_stock,0.13405707207730444,0.3365116529960943,0.09862828174322757,0.19625238467794937
Yunnan,2013,large,0.07491714497568402,0.19325871078051193,0.013245226750020933,0.03542934064875425
Yunnan,2013,policy,0.1292746744846518,0.27580426658906276,0.013453117697118877,0.010072832788295294
Yunnan,2013,postal,0.11642037103582226,0.3032983252839241,0.04739365168763143,0.03126377513687473
Yunnan,2013,rural,0.1658898602430643,0.3416593323900763,0.021255753418646606,0.015731427039087365
Yunnan,2014,city,0.23703132516322611,0.5919318518834622,0.16713534385565687,0.3561132752574192
Yunnan,2014,foreign,0.06622494294805925,0.25386366510840475,0.08961215868968786,0.2173997101349583
Yunnan,2014,joint_stock,0.13259388029945818,0.4691055332955525,0.2946699117410869,0.4909222964190363
Yunnan,2014,large,0.13312315559357835,0.3263818663740903,0.006582314903058162,0.04201165555181241
Yunnan,2014,policy,0.11976241731625414,0.3955666839053169,0.0011129661694200266,0.01118579895771532
Yunnan,2014,postal,0.3250170090618152,0.6283153343457393,0.0055567948938719525,0.03682057003074668
Yunnan,2014,rural,0.28583807918580106,0.6274974115758774,0.011307826011531574,0.02703925305061894
Yunnan,2015,city,0.21116282262479125,0.8030946745082534,0.08700392850520977,0.443117203762629
Yunnan,2015,foreign,-0.020457778537696925,0.23340588657070782,-0.003693448335352123,0.21370626179960617
Yunnan,2015,joint_stock,0.13335890016246132,0.6024644334580138,0.15494708927778333,0.6458693856968196
Yunnan,2015,large,0.01348066589968333,0.3398625322737736,0.012839307670546418,0.05485096322235883
Yunnan,2015,policy,0.20597069097050102,0.6015373748758179,-0.0016699141091862657,0.009515884848529055
Yunnan,2015,postal,-0.09531361916770109,0.5330017151780382,-0.026501060697874834,0.010319509332871846
Yunnan,2015,rural,0.021382451620794996,0.6488798631966723,0.031162275585431942,0.05820152863605088
Yunnan,2016,city,0.21333126616342568,1.0164259406716791,0.1676022594753448,0.6107194632379738
Yunnan,2016,foreign,0.08214852229541769,0.3155544088661255,0.009208168193862498,0.22291442999346867
Yunnan,2016,joint_stock,0.1698994315175053,0.7723638649755191,0.24555883498512898,0.8914282206819486
Yunnan,2016,large,0.06802752762064834,0.40789005989442195,-0.021496937125988325,0.033354026096370504
Yunnan,2016,policy,0.13494654214320434,0.7364839170190223,0.0027816429618772176,0.012297527810406272
Yunnan,2016,postal,0.12991448955050622,0.6629162047285444,0.0014140231307440132,0.011733532463615859
Yunnan,2016,rural,0.1551919573290217,0.804071820525694,0.008487384464118009,0.06668891310016889
Yunnan,2017,city,0.09981201882586,1.1162379594975391,0.04941028649853507,0.6601297497365088
Yunnan,2017,foreign,0.09142168951038165,0.40697609837650717,-0.040211120952083235,0.18270330904138543
Yunnan,2017,joint_stock,-0.13750207430041073,0.6348617906751084,-0.09681225732647114,0.7946159633554775
Yunnan,2017,large,0.05439984981873458,0.46228990971315653,0.010350351158040283,0.04370437725441079
Yunnan,2017,policy,0.07114995056180895,0.8076338675808312,0.004434597067865198,0.01673212487827147
Yunnan,2017,postal,0.05160514041979525,0.7145213451483396,-0.010001140874660308,0.0017323915889555508
Yunnan,2017,rural,0.0891806204414003,0.8932524409670943,0.009943687483996655,0.07663260058416554
Yunnan,2018,city,0.02505035918597187,1.141288318683511,0.05160321140480484,0.7117329611413137
Yunnan,2018,foreign,-0.5763944460095036,-0.16941834763299646,-0.2551385247193094,-0.07243521567792399
Yunnan,2018,joint_stock,-0.08054710767091144,0.554314683004197,-0.07000004644656954,0.7246159169089079
Yunnan,2018,large,-0.00785415917294685,0.4544357505402097,0.003013247313047529,0.046717624567458316
Yunnan,2018,policy,0.05437925092117446,0.8620131185020057,0.03585392184624592,0.05258604672451739
Yunnan,2018,postal,0.1098982621193283,0.8244196072676679,0.038045071469346325,0.039777463058301876
Yunnan,2018,rural,0.05712696981141541,0.9503794107785097,0.006747787501984348,0.08338038808614989
Yunnan,2019,city,0.11828715703565251,1.2595754757191635,0.02566066539888645,0.7373936265402001
Yunnan,2019,foreign,0.7187738765526941,0.5493555289196976,1.1910821944948582,1.1186469788169342
Yunnan,2019,joint_stock,0.17729085525675536,0.7316055382609523,0.02992778824605402,0.7545437051549619
Yunnan,2019,large,0.14691581577861257,0.6013515663188223,0.020890837366213333,0.06760846193367165
Yunnan,2019,policy,0.013016260510656963,0.8750293790126626,-0.03364397619544324,0.01894207052907415
Yunnan,2019,postal,-0.0783264560790311,0.7460931511886368,-0.1552475159309914,-0.11547005287268952
Yunnan,2019,rural,0.042618103958321996,0.9929975147368317,-0.03798821547235853,0.04539217261379136
Yunnan,2020,city,0.0761807467304223,1.3357562224495858,0.0,0.7373936265402001
Yunnan,2020,foreign,-0.19780455628398563,0.351550972635712,-1.1960204761354412,-0.07737349731850696
Yunnan,2020,joint_stock,0.04249433052179974,0.774099868782752,-0.05094935629301567,0.7035943488619463
Yunnan,2020,large,0.0674883416768779,0.6688399079957001,-0.06106487380961312,0.00654358812405853
Yunnan,2020,policy,0.041342748984757094,0.9163721279974197,-0.041120972248640975,-0.022178901719566824
Yunnan,2020,postal,0.26419970974691154,1.0102928609355484,0.10550390392276654,-0.009966148949922982
Yunnan,2020,rural,0.13597388063454652,1.1289713953713783,0.00767055406178585,0.05306272667557721
Yunnan,2021,city,0.10390714243308707,1.4396633648826729,0.05931306139277481,0.7967066879329749
Yunnan,2021,foreign,0.005227412766691586,0.3567783854024036,0.07851831713444035,0.0011448198159333955
Yunnan,2021,joint_stock,0.07690159268089047,0.8510014614636425,0.0335142944709137,0.73710864333286
Yunnan,2021,large,0.08495845219989562,0.7537983601955958,0.009437506352403702,0.015981094476462232
Yunnan,2021,policy,0.05330716427101656,0.9696792922684363,0.09379300668639257,0.07161410496682574
Yunnan,2021,postal,0.09012879237135962,1.100421653306908,-0.01832467367631807,-0.028290822626241052
Yunnan,2021,rural,0.10124888227783124,1.2302202776492095,0.001041440753708045,0.054104167429285255
Yunnan,2022,city,0.10109098481951584,1.5407543497021887,0.03293456721022281,0.8296412551431978
Yunnan,2022,foreign,0.023760550246768375,0.38053893564917196,-0.008041398874993888,-0.0068965790590604925
Yunnan,2022,joint_stock,0.058932618554903726,0.9099340800185463,0.015108464873229366,0.7522171082060893
Yunnan,2022,large,0.023059777505899604,0.7768581377014954,0.001022320756954187,0.01700341523341642
Yunnan,2022,policy,0.45133732558698725,1.4210166178554235,-0.05322406315726269,0.01839004180956305
Yunnan,2022,postal,0.10733883784128473,1.2077604911481927,-0.002820257572508922,-0.031111080198749974
Yunnan,2022,rural,0.08331243951811729,1.3135327171673268,-0.021864864142221663,0.03223930328706359
Zhejiang,2005,city,,-1.6018153090674048,,
Zhejiang,2005,foreign,,-1.2276652739605005,,
Zhejiang,2005,joint_stock,,-1.326711127362481,,
Zhejiang,2005,large,,-1.0394765434567805,,
Zhejiang,2005,policy,,-1.1212209824764816,,
Zhejiang,2005,postal,,-1.1798946163812847,,
Zhejiang,2005,rural,,-1.32367291991849,,
Zhejiang,2006,city,0.2567159364705329,-1.3450993725968718,,
Zhejiang,2006,foreign,0.40390200905678064,-0.8237632649037199,,
Zhejiang,2006,joint_stock,0.2892259675701254,-1.0374851597923556,,
Zhejiang,2006,large,0.203400971199434,-0.8360755722573465,,
Zhejiang,2006,policy,0.09720089395390019,-1.0240200885225814,,
Zhejiang,2006,postal,0.21848473519933442,-0.9614098811819503,,
Zhejiang,2006,rural,0.1612791550523891,-1.162393764866101,,
Zhejiang,2007,city,0.21109849121198465,-1.1340008813848872,,-0.10874795500280499
Zhejiang,2007,foreign,0.344683339810274,-0.4790799250934459,,-0.29516979216449
Zhejiang,2007,joint_stock,0.33266906891851455,-0.704816090873841,,-0.12549355762742387
Zhejiang,2007,large,0.1622827291999549,-0.6737928430573916,,-0.0037373771758062446
Zhejiang,2007,policy,0.12554271495984892,-0.8984773735627325,,0.012654914413935181
Zhejiang,2007,postal,0.07764218367070264,-0.8837676975112476,,-0.06227266699127476
Zhejiang,2007,rural,0.24910288172769057,-0.9132908831384103,,0.012543501302253901
Zhejiang,2008,city,0.2005387771470435,-0.9334621042378437,-0.06490377347011567,-0.17365172847292065
Zhejiang,2008,foreign,0.11328927819322132,-0.36579064690022456,0.14689111981445357,-0.14827867235003644
Zhejiang,2008,joint_stock,0.00012185823574561994,-0.7046942326380954,-0.17048181165266918,-0.29597536928009305
Zhejiang,2008,large,0.1898275668234941,-0.4839652762338975,0.0006329056910576725,-0.003104471484748572
Zhejiang,2008,policy,0.2888756653611875,-0.609601708201545,-0.01044252413099489,0.002212390282940291
Zhejiang,2008,postal,0.2905616545825076,-0.59320604292874,-0.1563624262617367,-0.21863509325301145
Zhejiang,2008,rural,0.24687245323346652,-0.6664184299049438,-0.02707427896333492,-0.014530777661081018
Zhejiang,2009,city,0.29396390306146714,-0.6394982011763766,0.03509691855491326,-0.1385548099180074
Zhejiang,2009,foreign,0.054169616536963616,-0.31162103036326094,-0.05186866839651927,-0.2001473407465557
Zhejiang,2009,joint_stock,0.2714310128484314,-0.433263219789664,0.2070701377315327,-0.08890523154856034
Zhejiang,2009,large,0.24557843716283756,-0.23838683907105995,-0.018703047667054662,-0.021807519151803234
Zhejiang,2009,policy,0.2462689863890688,-0.3633327218124762,0.002207506415210503,0.004419896698150794
Zhejiang,2009,postal,0.21978384670851625,-0.37342219622022377,0.0777362121188343,-0.14089888113417715
Zhejiang,2009,rural,0.23018566224864223,-0.4362327676563016,0.012018805227869578,-0.00251197243321144
Zhejiang,2010,city,0.3729086357873488,-0.2665895653890278,0.04909618113710046,-0.08945862878090693
Zhejiang,2010,foreign,0.13183139086764584,-0.1797896394956151,0.0828059036842328,-0.11734143706232292
Zhejiang,2010,joint_stock,0.13719834362864347,-0.2960648761610205,-0.06219427698403557,-0.1510995085325959
Zhejiang,2010,large,0.15862091809382406,-0.0797659209772359,0.019877382270534483,-0.0019301368812687514
Zhejiang,2010,policy,0.1811248963747243,-0.18220782543775194,-0.022861324600873978,-0.018441427902723184
Zhejiang,2010,postal,0.17887204509472987,-0.1945501511254939,0.09143420595963114,-0.049464675174546
Zhejiang,2010,rural,0.21385684525997384,-0.22237592239632775,-0.013658841580728165,-0.016170814013939605
Zhejiang,2011,city,0.2665895653890278,0.0,0.08945862878090693,0.0
Zhejiang,2011,foreign,0.1797896394956151,0.0,0.11734143706232292,0.0
Zhejiang,2011,joint_stock,0.2960648761610205,0.0,0.1510995085325959,0.0
Zhejiang,2011,large,0.0797659209772359,0.0,0.0019301368812687514,0.0
Zhejiang,2011,policy,0.18220782543775194,0.0,0.018441427902723184,0.0
Zhejiang,2011,postal,0.1945501511254939,0.0,0.049464675174546,0.0
Zhejiang,2011,rural,0.22237592239632775,0.0,0.016170814013939605,0.0
Zhejiang,2012,city,0.21621046224549545,0.21621046224549545,0.061659739683596726,0.061659739683596726
Zhejiang,2012,foreign,0.12726088757525922,0.12726088757525922,0.043785795998231514,0.043785795998231514
Zhejiang,2012,joint_stock,0.2059268069763398,0.2059268069763398,0.09824906514397114,0.09824906514397114
Zhejiang,2012,large,0.12475694417735284,0.12475694417735284,0.022329476398088133,0.022329476398088133
Zhejiang,2012,policy,0.1468884971860458,0.1468884971860458,-0.0033277900926744763,-0.0033277900926744763
Zhejiang,2012,postal,0.1881102218231252,0.1881102218231252,-0.015097474910842124,-0.015097474910842124
Zhejiang,2012,rural,0.1816211100764118,0.1816211100764118,-0.0074917327908412545,-0.0074917327908412545
Zhejiang,2013,city,0.13433195513151475,0.3505424173770102,0.11502748533733076,0.17668722502092749
Zhejiang,2013,foreign,0.0599077785415858,0.18716866611684502,0.08116946835612726,0.12495526435435877
Zhejiang,2013,joint_stock,0.13835978967756013,0.34428659665389993,0.10021178433352951,0.19846084947750064
Zhejiang,2013,large,0.07445784489969398,0.19921478907704682,0.012591559031639221,0.034921035429727354
Zhejiang,2013,policy,0.12435156033535932,0.2712400575214051,0.013245226750020045,0.009917436657345569
Zhejiang,2013,postal,0.11811839012580272,0.3062286119489279,0.04786312957175909,0.032765654660916965
Zhejiang,2013,rural,0.17069044773547404,0.35231155781188583,0.020840112940373245,0.013348380149531991
Zhejiang,2014,city,0.24052153193873949,0.5910639493157497,0.16524881543001335,0.34193604045094084
Zhejiang,2014,foreign,0.06761037884264454,0.25477904495948955,0.09417553520453126,0.21913079955889003
Zhejiang,2014,joint_stock,0.13287809405929885,0.4771646907131988,0.31206740599566984,0.5105282554731705
Zhejiang,2014,large,0.13722420877829222,0.33643899785533904,0.006695021105112886,0.04161605653484024
Zhejiang,2014,policy,0.12322923776173766,0.3944692952831428,0.0010958905206370773,0.011013327177982646
Zhejiang,2014,postal,0.3313590851585726,0.6375876971075005,0.005483262714008674,0.03824891737492564
Zhejiang,2014,rural,0.29591522234407996,0.6482267801559658,0.006677126051313209,0.0200255062008452
Zhejiang,2015,city,0.20626095050713644,0.7973248998228861,0.08008745540819007,0.4220234958591309
Zhejiang,2015,foreign,-0.019553888739723746,0.2352251562197658,0.013158084577510998,0.23228888413640103
Zhejiang,2015,joint_stock,0.13578409490393106,0.6129487856171298,0.16268249300166993,0.6732107484748404
Zhejiang,2015,large,0.011092253695968779,0.3475312515513078,0.011600958490241453,0.05321701502508169
Zhejiang,2015,policy,0.20842975842141698,0.6028990537045598,0.004916699333756824,0.01593002651173947
Zhejiang,2015,postal,-0.10075352737537102,0.5368341697321295,-0.026857469601505812,0.011391447773419827
Zhejiang,2015,rural,0.020023540135026607,0.6682503202909924,0.0364889440779077,0.056514450278752904
Zhejiang,2016,city,0.21432180271674106,1.0116467025396272,0.1618430254504144,0.5838665213095453
Zhejiang,2016,foreign,0.08054232226174385,0.31576747848150966,-0.0018691594227036035,0.23041972471369743
Zhejiang,2016,joint_stock,0.17913190762317832,0.7920806932403082,0.24043360408443348,0.9136443525592739
Zhejiang,2016,large,0.06821331588764323,0.41574456743895105,-0.01951491857296439,0.0337020964521173
Zhejiang,2016,policy,0.13515811756756513,0.7380571712721249,-0.004369204110663993,0.011560822401075477
Zhejiang,2016,postal,0.1272529100445734,0.6640870797767029,-0.0008336550077565619,0.010557792765663265
Zhejiang,2016,rural,0.1529267680392543,0.8211770883302467,0.007970168974933856,0.06448461925368676
Zhejiang,2017,city,0.10281522314072866,1.1144619256803558,0.05241924928572672,0.636285770595272
Zhejiang,2017,foreign,0.08946694432551539,0.40523442280702504,-0.0227067466261337,0.20771297808756373
Zhejiang,2017,joint_stock,-0.14394365960203537,0.6481370336382728,-0.0979901506284957,0.8156542019307782
Zhejiang,2017,large,0.05432902466338341,0.47007359210233446,0.013120958174745567,0.04682305462686287
Zhejiang,2017,policy,0.07497857233510175,0.8130357436072266,0.013590858828118613,0.02515168122919409
Zhejiang,2017,postal,0.05003846210113849,0.7141255418778414,-0.009746484330360516,0.0008113084353027489
Zhejiang,2017,rural,0.0888107273854537,0.9099878157157004,0.010659943751075929,0.07514456300476269
Zhejiang,2018,city,0.02073573166028808,1.135197657340644,0.04062550020928768,0.6769112708045597
Zhejiang,2018,foreign,-0.584971074906683,-0.17973665209965795,-0.27973921893784404,-0.07202624085028031
Zhejiang,2018,joint_stock,-0.09303792317287396,0.5550991104653988,-0.08109055541723897,0.7345636465135392
Zhejiang,2018,large,-0.012263404436939851,0.4578101876653946,0.002010016396086556,0.048833071022949426
Zhejiang,2018,policy,0.05101844362853214,0.8640541872357588,0.02663982789921082,0.05179150912840491
Zhejiang,2018,postal,0.1121624256803706,0.826287967558212,0.038758732086288106,0.039570040521590855
Zhejiang,2018,rural,0.052208154931093986,0.9621959706467944,0.004426423499108267,0.07957098650387096
Zhejiang,2019,city,0.1232283754587602,1.2584260327994041,0.020457911260141515,0.6973691820647012
Zhejiang,2019,foreign,0.731318010406028,0.55158135830637,1.2102819735192005,1.1382557326689202
Zhejiang,2019,joint_stock,0.18062799414612485,0.7357271046115237,0.0316645030111431,0.7662281495246823
Zhejiang,2019,large,0.15071780593540218,0.6085279936007968,0.03643322680363781,0.08526629782658723
Zhejiang,2019,policy,0.011061794297656746,0.8751159815334155,-0.03314039250230483,0.018651116626100084
Zhejiang,2019,postal,-0.10708216964589923,0.7192057979123128,-0.189929866814742,-0.15035982629315114
Zhejiang,2019,rural,0.034255449510423475,0.9964514201572179,-0.03598746159822852,0.043583524905642435
Zhejiang,2020,city,0.06650157603531959,1.3249276088347237,-0.009216025908379777,0.6881531561563214
Zhejiang,2020,foreign,-0.2026273942945238,0.3489539640118462,-1.2153581265510613,-0.07710239388214113
Zhejiang,2020,joint_stock,0.03280729213615885,0.7685343967476825,-0.05499314923779508,0.7112350002868872
Zhejiang,2020,large,0.06330714394941417,0.671835137550211,-0.06224974806960404,0.023016549756983196
Zhejiang,2020,policy,0.04168619842543286,0.9168021799588484,-0.04048237828333434,-0.021831261657234258
Zhejiang,2020,postal,0.2721959258528539,0.9914017237651667,0.11192047727157473,-0.03843934902157642
Zhejiang,2020,rural,0.12858789790010938,1.1250393180573273,0.007343571510567415,0.05092709641620985
Zhejiang,2021,city,0.09616713645722363,1.4210947452919473,0.05814855817724407,0.7463017143335655
Zhejiang,2021,foreign,0.0009000723392968979,0.3498540363511431,0.08062973440010879,0.0035273405179676587
Zhejiang,2021,joint_stock,0.07818789503046908,0.8467222917781516,0.03443943386542436,0.7456744341523116
Zhejiang,2021,large,0.0812539568192463,0.7530890943694573,-0.005191147880747593,0.017825401876235603
Zhejiang,2021,policy,0.053220506653808286,0.9700226866126567,0.09237332013101529,0.07054205847378103
Zhejiang,2021,postal,0.11046520563483853,1.1018669294000052,0.009010088242455083,-0.029429260779121336
Zhejiang,2021,rural,0.09648911839155794,1.2215284364488852,0.003183863194813341,0.05411095961102319
Zhejiang,2022,city,0.09077011982329886,1.5118648651152462,0.03184171197754537,0.7781434263111109
Zhejiang,2022,foreign,0.02229580125246855,0.37214983760361164,-0.009434032233357925,-0.0059066917153902665
Zhejiang,2022,joint_stock,0.05980906015854259,0.9065313519366942,0.014161456708460918,0.7598358908607725
Zhejiang,2022,large,0.01434848508695552,0.7674375794564128,0.001362193164384351,0.019187595040619954
Zhejiang,2022,policy,0.4521506885847071,1.4221733751973638,-0.05243456784639111,0.01810749062738992
Zhejiang,2022,postal,0.10561102240605891,1.207477951806064,-0.0022852003056907932,-0.03171446108481213
Zhejiang,2022,rural,0.07301968345619869,1.294548119905084,-0.024586410657322588,0.029524548953700602
