province,year,high_energy_interest_share,green_credit_level,green_credit_proxy_pct,green_credit_interpolated_flag,iv_assets_assets_growth_loo,iv_outlets_assets_growth_loo,iv_assets_assets_cum2011_loo,iv_outlets_assets_cum2011_loo,iv_assets_outlets_growth_loo,iv_outlets_outlets_growth_loo,iv_assets_outlets_cum2011_loo,iv_outlets_outlets_cum2011_loo,post2012,iv_aw_acum_post,iv_ow_acum_post,iv_aw_ocum_post,iv_ow_ocum_post
Anhui,2005,0.442256042972247,0.5577439570277529,55.774395702775294,0,,,-1.1900144921015983,-1.20004117689376,,,,,0,-0.0,-0.0,,
Anhui,2006,0.452172601086301,0.547827398913699,54.7827398913699,0,0.21690895350096404,0.2363037398191323,-0.9731055386006343,-0.9637374370746277,,,,,0,-0.0,-0.0,,
Anhui,2007,0.463713477851084,0.5362865221489159,53.628652214891595,0,0.1672131564594548,0.13115047910971672,-0.8058923821411795,-0.832586957964911,,,-0.02961868208721035,-0.016464409572145688,0,-0.0,-0.0,-0.0,-0.0
Anhui,2008,0.473289296479189,0.526710703520811,52.671070352081095,0,0.20269884418924233,0.23600079193815285,-0.6031935379519372,-0.5965861660267581,-0.036530225562963425,-0.04814199974197213,-0.06614890765017378,-0.06460640931411782,0,-0.0,-0.0,-0.0,-0.0
Anhui,2009,0.481005586592179,0.518994413407821,51.899441340782104,0,0.24957566454129343,0.23441975601057075,-0.3536178734106437,-0.3621664100161874,0.020843567983054184,0.014466247904023283,-0.045305339667119596,-0.05014016141009454,0,-0.0,-0.0,-0.0,-0.0
Anhui,2010,0.452021031876438,0.5479789681235621,54.79789681235621,0,0.19064468760185868,0.18883114818169766,-0.16297318580878506,-0.17333526183448972,0.011989492933332608,0.02851575377673006,-0.033315846733786986,-0.02162440763336448,0,-0.0,-0.0,-0.0,-0.0
Anhui,2011,0.417203242178623,0.5827967578213771,58.27967578213771,0,0.16297318580878506,0.17333526183448972,0.0,0.0,0.033315846733786986,0.02162440763336448,0.0,0.0,0,0.0,0.0,0.0,0.0
Anhui,2012,0.3835763707032,0.6164236292968,61.64236292968,0,0.15470509765745688,0.16315302667086717,0.15470509765745688,0.16315302667086717,0.02541924535369198,0.011888200474907644,0.02541924535369198,0.011888200474907644,1,0.15470509765745688,0.16315302667086717,0.02541924535369198,0.011888200474907644
Anhui,2013,0.384805708928013,0.615194291071987,61.5194291071987,0,0.11197061678236707,0.12715968348296636,0.26667571443982396,0.29031271015383353,0.03571653013616189,0.021489823093662014,0.06113577548985387,0.033378023568569656,1,0.26667571443982396,0.29031271015383353,0.06113577548985387,0.033378023568569656
Anhui,2014,0.356067831305683,0.643932168694317,64.3932168694317,0,0.11873871727526439,0.12657078710715075,0.3854144317150884,0.4168834972609843,0.05109480713278134,0.01555445866497831,0.11223058262263522,0.048932482233547965,1,0.3854144317150884,0.4168834972609843,0.11223058262263522,0.048932482233547965
Anhui,2015,0.334388897943977,0.6656111020560229,66.56111020560229,0,0.12384728284470142,0.11782570559862957,0.5092617145597897,0.5347092028596139,0.0315036707227569,0.012060352228231052,0.1437342533453921,0.060992834461779014,1,0.5092617145597897,0.5347092028596139,0.1437342533453921,0.060992834461779014
Anhui,2016,0.315332763217466,0.6846672367825339,68.46672367825339,0,0.11877622344545993,0.12368046561537292,0.6280379380052497,0.6583896684749868,0.034056230791092414,0.007252638113632816,0.17779048413648452,0.06824547257541183,1,0.6280379380052497,0.6583896684749868,0.17779048413648452,0.06824547257541183
Anhui,2017,0.320592242243529,0.679407757756471,67.9407757756471,1,0.04804523009159284,0.06660185255034602,0.6760831680968425,0.7249915210253328,0.00193489850150314,0.005022099785957662,0.17972538263798765,0.07326757236136949,1,0.6760831680968425,0.7249915210253328,0.17972538263798765,0.07326757236136949
Anhui,2018,0.326044103345862,0.673955896654138,67.39558966541381,0,0.012345252773727397,0.04477840867456805,0.68842842087057,0.7697699296999008,0.00711538807416391,0.013005563690747632,0.18684077071215158,0.08627313605211712,1,0.68842842087057,0.7697699296999008,0.18684077071215158,0.08627313605211712
Anhui,2019,0.387161889382317,0.612838110617683,61.283811061768304,0,0.09816655625772361,0.04312766133061925,0.7865949771282935,0.8128975910305201,-0.0020391845047156533,-0.048508523519206787,0.18480158620743592,0.03776461253291034,1,0.7865949771282935,0.8128975910305201,0.18480158620743592,0.03776461253291034
Anhui,2020,0.419573245794009,0.580426754205991,58.042675420599096,0,0.08851039060215221,0.14179283562500591,0.8751053677304457,0.9546904266555261,-0.027819019434316545,0.009361006194248388,0.15698256677311936,0.04712561872715872,1,0.8751053677304457,0.9546904266555261,0.15698256677311936,0.04712561872715872
Anhui,2021,0.41102357643515,0.58897642356485,58.897642356485,0,0.08554030080852636,0.09612638166920749,0.9606456685389722,1.0508168083247336,0.013703158841539297,0.004875432893249509,0.17068572561465867,0.05200105162040824,1,0.9606456685389722,1.0508168083247336,0.17068572561465867,0.05200105162040824
Anhui,2022,0.391846482823739,0.608153517176261,60.8153517176261,0,0.09667531006178183,0.0733834934109201,1.057320978600754,1.1242003017356534,-0.00038499456887856106,-0.010595797167096938,0.1703007310457801,0.041405254453311294,1,1.057320978600754,1.1242003017356534,0.1703007310457801,0.041405254453311294
Beijing,2005,0.555067691181852,0.444932308818148,44.4932308818148,0,,,-1.2004865403342437,-1.188868486252449,,,,,0,-0.0,-0.0,,
Beijing,2006,0.519761251814809,0.4802387481851909,48.0238748185191,0,0.2299811709802046,0.24102800511475603,-0.9705053693540391,-0.947840481137693,,,,,0,-0.0,-0.0,,
Beijing,2007,0.527596017069701,0.4724039829302989,47.2403982930299,0,0.21221784160852802,0.1734662404388725,-0.758287527745511,-0.7743742406988205,,,-0.05428769777950675,-0.043254391223843745,0,-0.0,-0.0,-0.0,-0.0
Beijing,2008,0.626301212873651,0.3736987871263489,37.36987871263489,0,0.16313317739096025,0.1933059977389013,-0.5951543503545509,-0.5810682429599192,-0.03733123211487198,-0.042866440928708435,-0.09161892989437871,-0.08612083215255217,0,-0.0,-0.0,-0.0,-0.0
Beijing,2009,0.709169054441261,0.290830945558739,29.0830945558739,0,0.24559556397512328,0.23707269569669603,-0.34955878637942756,-0.3439955472632232,0.03824285215304627,0.026494614227377138,-0.053376077741332455,-0.059626217925175036,0,-0.0,-0.0,-0.0,-0.0
Beijing,2010,0.654496469713861,0.345503530286139,34.5503530286139,0,0.186253644510432,0.18412540959399532,-0.16330514186899553,-0.1598701376692279,0.008654294625450948,0.024793879255110392,-0.04472178311588151,-0.03483233867006465,0,-0.0,-0.0,-0.0,-0.0
Beijing,2011,0.523149222557438,0.476850777442562,47.6850777442562,0,0.16330514186899553,0.1598701376692279,0.0,0.0,0.04472178311588151,0.03483233867006465,0.0,0.0,0,0.0,0.0,0.0,0.0
Beijing,2012,0.532937340895896,0.467062659104104,46.70626591041041,0,0.15243941811696804,0.15464976561833965,0.15243941811696804,0.15464976561833965,0.04046619470487592,0.02333734384011826,0.04046619470487592,0.02333734384011826,1,0.15243941811696804,0.15464976561833965,0.04046619470487592,0.02333734384011826
Beijing,2013,0.524149827501232,0.475850172498768,47.585017249876806,0,0.11396883532048335,0.11576454411286735,0.2664082534374514,0.270414309731207,0.04488070661156079,0.03686658667409346,0.0853469013164367,0.06020393051421172,1,0.2664082534374514,0.270414309731207,0.0853469013164367,0.06020393051421172
Beijing,2014,0.448361958084285,0.551638041915715,55.1638041915715,0,0.14407849466597025,0.1931127884950133,0.4104867481034217,0.4635270982262203,0.08577241293839727,0.05038523093127668,0.17111931425483398,0.1105891614454884,1,0.4104867481034217,0.4635270982262203,0.17111931425483398,0.1105891614454884
Beijing,2015,0.270081164287713,0.729918835712287,72.9918835712287,0,0.07722055047940685,0.016169052223152448,0.48770729858282846,0.47969615044937275,0.050685812803382885,0.03099333532727786,0.22180512705821687,0.14158249677276627,1,0.48770729858282846,0.47969615044937275,0.22180512705821687,0.14158249677276627
Beijing,2016,0.340706386014984,0.6592936139850161,65.92936139850161,0,0.12136088909253424,0.11705139520425528,0.6090681876753627,0.596747545653628,0.0623990268948975,0.030422738717933533,0.2842041539531144,0.1720052354906998,1,0.6090681876753627,0.596747545653628,0.2842041539531144,0.1720052354906998
Beijing,2017,0.287519260400616,0.712480739599384,71.2480739599384,1,0.024089909583188143,0.04497089046230462,0.6331580972585509,0.6417184361159326,-0.011116615846363294,-0.00434903355101883,0.27308753810675107,0.16765620193968098,1,0.6331580972585509,0.6417184361159326,0.27308753810675107,0.16765620193968098
Beijing,2018,0.247118253322484,0.752881746677516,75.28817466775159,0,-0.04075832257407172,-0.009338146921195703,0.5923997746844791,0.632380289194737,-0.011953698800353268,-0.0044714074121317195,0.2611338393063978,0.16318479452754925,1,0.5923997746844791,0.632380289194737,0.2611338393063978,0.16318479452754925
Beijing,2019,0.191665492461603,0.808334507538397,80.8334507538397,0,0.15610183127259805,0.11494042449075337,0.7485016059570772,0.7473207136854902,0.056064268812230846,0.020734051229484123,0.31719810811862864,0.18391884575703335,1,0.7485016059570772,0.7473207136854902,0.31719810811862864,0.18391884575703335
Beijing,2020,0.284260186770931,0.715739813229069,71.5739813229069,0,0.05467411690139849,0.09846258932360116,0.8031757228584757,0.8457833030090915,-0.07960401844642383,-0.050671540372180385,0.23759408967220483,0.13324730538485297,1,0.8031757228584757,0.8457833030090915,0.23759408967220483,0.13324730538485297
Beijing,2021,0.435907631136259,0.5640923688637409,56.40923688637409,0,0.08474533962714176,0.09323488157385432,0.8879210624856175,0.9390181845829457,0.023432318282382496,0.010276022396708478,0.2610264079545873,0.14352332778156143,1,0.8879210624856175,0.9390181845829457,0.2610264079545873,0.14352332778156143
Beijing,2022,0.48913452356839,0.5108654764316101,51.086547643161005,0,0.09971124589603829,0.10509822327664421,0.9876323083816557,1.04411640785959,0.0010321555862875945,-0.0010808210786359858,0.2620585635408749,0.14244250670292546,1,0.9876323083816557,1.04411640785959,0.2620585635408749,0.14244250670292546
Chongqing,2005,0.494141769185706,0.505858230814294,50.5858230814294,0,,,-1.212439626709359,-1.1879780099948574,,,,,0,-0.0,-0.0,,
Chongqing,2006,0.540066140931061,0.459933859068939,45.993385906893906,0,0.22776353623861056,0.23565837892866415,-0.9846760904707483,-0.9523196310661933,,,,,0,-0.0,-0.0,,
Chongqing,2007,0.56,0.4399999999999999,43.99999999999999,0,0.19123028429050853,0.13163672927410688,-0.7934458061802399,-0.8206829017920864,,,-0.04306636891634571,-0.01972141645276834,0,-0.0,-0.0,-0.0,-0.0
Chongqing,2008,0.539818483957561,0.4601815160424389,46.0181516042439,0,0.17643669169756504,0.22579683907130538,-0.6170091144826748,-0.594886062720781,-0.05020168222089773,-0.06665798244703917,-0.09326805113724342,-0.08637939889980752,0,-0.0,-0.0,-0.0,-0.0
Chongqing,2009,0.559431524547804,0.440568475452196,44.0568475452196,0,0.24865017531155187,0.23317838220081527,-0.3683589391711229,-0.3617076805199657,0.04259512120349944,0.024667804671222752,-0.05067292993374399,-0.061711594228584764,0,-0.0,-0.0,-0.0,-0.0
Chongqing,2010,0.552012845509806,0.447987154490194,44.7987154490194,0,0.18619965088087806,0.1832512392700037,-0.1821592882902448,-0.17845644124996207,0.007740306988636419,0.039295937582084384,-0.042932622945107565,-0.02241565664650038,0,-0.0,-0.0,-0.0,-0.0
Chongqing,2011,0.469089488081282,0.5309105119187181,53.091051191871806,0,0.1821592882902448,0.17845644124996207,0.0,0.0,0.042932622945107565,0.02241565664650038,0.0,0.0,0,0.0,0.0,0.0,0.0
Chongqing,2012,0.522662311147407,0.477337688852593,47.733768885259295,0,0.16259628971622098,0.16646349920971787,0.16259628971622098,0.16646349920971787,0.03627684439507591,0.0038564649708241134,0.03627684439507591,0.0038564649708241134,1,0.16259628971622098,0.16646349920971787,0.03627684439507591,0.0038564649708241134
Chongqing,2013,0.488486183420104,0.511513816579896,51.1513816579896,0,0.1172816946933569,0.12499100988803417,0.2798779844095779,0.29145450909775206,0.04620198001955501,0.03325981656138452,0.08247882441463092,0.03711628153220864,1,0.2798779844095779,0.29145450909775206,0.08247882441463092,0.03711628153220864
Chongqing,2014,0.495886047951871,0.504113952048129,50.411395204812905,0,0.17592669312810508,0.2523203862167381,0.45580467753768295,0.5437748953144901,0.08852484251351742,0.023448550236674894,0.1710036669281483,0.06056483176888353,1,0.45580467753768295,0.5437748953144901,0.1710036669281483,0.06056483176888353
Chongqing,2015,0.471480804387569,0.528519195612431,52.8519195612431,0,0.07615823381784699,-0.009944629851561025,0.53196291135553,0.5338302654629291,0.05363232262402491,0.023087717251124563,0.22463598955217323,0.0836525490200081,1,0.53196291135553,0.5338302654629291,0.22463598955217323,0.0836525490200081
Chongqing,2016,0.440878229433031,0.559121770566969,55.9121770566969,0,0.1297990660105649,0.12612411016856123,0.6617619773660948,0.6599543756314903,0.06531735723927852,0.01598597955260478,0.28995334679145174,0.09963852857261288,1,0.6617619773660948,0.6599543756314903,0.28995334679145174,0.09963852857261288
Chongqing,2017,0.429482071713147,0.570517928286853,57.0517928286853,1,0.024777525928824616,0.05869425038248917,0.6865395032949195,0.7186486260139795,-0.010560373987075138,-0.0003147253930797728,0.2793929728043766,0.0993238031795331,1,0.6865395032949195,0.7186486260139795,0.2793929728043766,0.0993238031795331
Chongqing,2018,0.416470705958873,0.583529294041127,58.3529294041127,0,-0.002422763330733267,0.045897745693940686,0.6841167399641862,0.7645463717079202,-0.004373440876904333,0.01103744938114554,0.2750195319274723,0.11036125256067864,1,0.6841167399641862,0.7645463717079202,0.2750195319274723,0.11036125256067864
Chongqing,2019,0.428475625483621,0.5715243745163789,57.152437451637894,0,0.11314136797297673,0.03343011525545843,0.7972581079371629,0.7979764869633786,0.010814988326933193,-0.05574541729340479,0.2858345202544054,0.05461583526727386,1,0.7972581079371629,0.7979764869633786,0.2858345202544054,0.05461583526727386
Chongqing,2020,0.420847569382006,0.579152430617994,57.9152430617994,0,0.079666884860714,0.15568808963648656,0.8769249927978768,0.9536645765998651,-0.03687725376823079,0.014701941085548353,0.24895726648617467,0.0693177763528222,1,0.8769249927978768,0.9536645765998651,0.24895726648617467,0.0693177763528222
Chongqing,2021,0.43094944512947,0.56905055487053,56.905055487053005,0,0.08298288013633259,0.09412883027544564,0.9599078729342094,1.0477934068753108,0.02143145043684938,0.005108739014632555,0.2703887169230241,0.07442651536745476,1,0.9599078729342094,1.0477934068753108,0.2703887169230241,0.07442651536745476
Chongqing,2022,0.45413786661685,0.5458621333831499,54.58621333831499,0,0.09648609225058599,0.08037060935656659,1.0563939651847956,1.1281640162318773,-0.001510876985756667,-0.007011781938647582,0.2688778399372674,0.06741473342880716,1,1.0563939651847956,1.1281640162318773,0.2688778399372674,0.06741473342880716
Fujian,2005,0.466998754669988,0.5330012453300119,53.300124533001195,0,,,-1.2101875181497446,-1.1893028391965856,,,,,0,-0.0,-0.0,,
Fujian,2006,0.489432464327862,0.510567535672138,51.05675356721379,0,0.2426754034815841,0.2362836057731466,-0.9675121146681606,-0.9530192334234392,,,,,0,-0.0,-0.0,,
Fujian,2007,0.463069169273549,0.536930830726451,53.693083072645095,0,0.22437575465587206,0.1496704971897715,-0.7431363600122884,-0.8033487362336676,,,-0.061562878137000274,-0.02332066760780438,0,-0.0,-0.0,-0.0,-0.0
Fujian,2008,0.489746972059,0.510253027941,51.0253027941,0,0.13400406772881335,0.21657848000314422,-0.6091322922834752,-0.5867702562305235,-0.06657610018821469,-0.04568825754996571,-0.12813897832521495,-0.06900892515777009,0,-0.0,-0.0,-0.0,-0.0
Fujian,2009,0.474835061262959,0.525164938737041,52.51649387370409,0,0.24948663448108732,0.23887566318966114,-0.3596456578023878,-0.34789459304086234,0.07295552161509478,0.019054956390116076,-0.05518345671012019,-0.049953968767654004,0,-0.0,-0.0,-0.0,-0.0
Fujian,2010,0.498221407782688,0.501778592217312,50.1778592217312,0,0.16276990432215155,0.1813462086549808,-0.19687575348023625,-0.16654838438588151,-0.003137429252518495,0.02359338125452924,-0.05832088596263869,-0.026360587513124766,0,-0.0,-0.0,-0.0,-0.0
Fujian,2011,0.441284269168744,0.558715730831256,55.8715730831256,0,0.19687575348023625,0.16654838438588151,0.0,0.0,0.05832088596263869,0.026360587513124766,0.0,0.0,0,0.0,0.0,0.0,0.0
Fujian,2012,0.435042071969923,0.5649579280300769,56.495792803007696,0,0.16499539179928083,0.15821985565821206,0.16499539179928083,0.15821985565821206,0.05147802767362549,0.011704710889262986,0.05147802767362549,0.011704710889262986,1,0.16499539179928083,0.15821985565821206,0.05147802767362549,0.011704710889262986
Fujian,2013,0.440729318833523,0.5592706811664769,55.927068116647696,0,0.1104466157200681,0.11812381305563487,0.27544200751934894,0.27634366871384697,0.05531416234932386,0.029914742978411787,0.10679219002294933,0.04161945386767477,1,0.27544200751934894,0.27634366871384697,0.10679219002294933,0.04161945386767477
Fujian,2014,0.447563362485445,0.5524366375145551,55.24366375145551,0,0.1486982736725371,0.21898565031511902,0.42414028119188607,0.49532931902896593,0.13163600384152468,0.030158116482614454,0.238428193864474,0.07177757035028923,1,0.42414028119188607,0.49532931902896593,0.238428193864474,0.07177757035028923
Fujian,2015,0.45993692347822,0.54006307652178,54.006307652177995,0,0.06552692197336307,0.00850226448999884,0.48966720316524914,0.5038315835189648,0.07185295625741427,0.022102498084280834,0.3102811501218883,0.09388006843457006,1,0.48966720316524914,0.5038315835189648,0.3102811501218883,0.09388006843457006
Fujian,2016,0.458337588073113,0.541662411926887,54.1662411926887,0,0.1286293729472925,0.11745325692280324,0.6182965761125416,0.6212848404417681,0.09590100380743342,0.012859417880214928,0.40618215392932167,0.106739486314785,1,0.6182965761125416,0.6212848404417681,0.40618215392932167,0.106739486314785
Fujian,2017,0.443375799385669,0.5566242006143309,55.662420061433096,1,-0.019679494979294946,0.05455455699206766,0.5986170811332466,0.6758393974338357,-0.033422660232902676,0.0007776801267485546,0.372759493696419,0.10751716644153354,1,0.5986170811332466,0.6758393974338357,0.372759493696419,0.10751716644153354
Fujian,2018,0.428794953308166,0.5712050466918339,57.12050466918339,0,-0.041029571661574823,0.02609487349133762,0.5575875094716718,0.7019342709251734,-0.029285113663605193,0.004807325509069007,0.3434743800328139,0.11232449195060255,1,0.5575875094716718,0.7019342709251734,0.3434743800328139,0.11232449195060255
Fujian,2019,0.449461820944663,0.550538179055337,55.0538179055337,0,0.15680803872001536,0.07390307318089304,0.7143955481916872,0.7758373441060664,0.046180364297975375,-0.021671315169527028,0.3896547443307892,0.09065317678107553,1,0.7143955481916872,0.7758373441060664,0.3896547443307892,0.09065317678107553
Fujian,2020,0.479802308307622,0.5201976916923781,52.01976916923781,0,0.059924704215270776,0.12170749411897872,0.7743202524069579,0.897544838225045,-0.0713304131985474,-0.013367883617256293,0.3183243311322418,0.07728529316381924,1,0.7743202524069579,0.897544838225045,0.3183243311322418,0.07728529316381924
Fujian,2021,0.503412295544275,0.496587704455725,49.6587704455725,0,0.07919933425612706,0.09238378750250234,0.853519586663085,0.9899286257275474,0.025861262997798614,0.005920297602288273,0.3441855941300404,0.0832055907661075,1,0.853519586663085,0.9899286257275474,0.3441855941300404,0.0832055907661075
Fujian,2022,0.531485953985001,0.468514046014999,46.8514046014999,0,0.07601257837815693,0.0639578669669368,0.9295321650412419,1.0538864926944842,0.002498368008974897,-0.006942032259202011,0.34668396213901537,0.0762635585069055,1,0.9295321650412419,1.0538864926944842,0.34668396213901537,0.0762635585069055
Gansu,2005,0.753234458819817,0.246765541180183,24.676554118018306,0,,,-1.1695842730810373,-1.210629692191223,,,,,0,-0.0,-0.0,,
Gansu,2006,0.761066969353008,0.238933030646992,23.8933030646992,0,0.20999598822683152,0.23917111607624036,-0.9595882848542058,-0.9714585761149825,,,,,0,-0.0,-0.0,,
Gansu,2007,0.705753823743627,0.2942461762563729,29.424617625637296,0,0.16295217148373098,0.1378025218445173,-0.7966361133704748,-0.8336560542704652,,,-0.021146013520553994,-0.011268326534350942,0,-0.0,-0.0,-0.0,-0.0
Gansu,2008,0.720548439473209,0.279451560526791,27.9451560526791,0,0.2075409076315214,0.23129418284836045,-0.5890952057389535,-0.6023618714221047,-0.024586496837119165,-0.03326137110068835,-0.04573251035767316,-0.04452969763503929,0,-0.0,-0.0,-0.0,-0.0
Gansu,2009,0.814238236837502,0.185761763162498,18.576176316249803,0,0.24883869995044364,0.2348410961450365,-0.3402565057885098,-0.3675207752770683,0.010639390877013948,0.008802702826717301,-0.03509311948065921,-0.03572699480832199,0,-0.0,-0.0,-0.0,-0.0
Gansu,2010,0.805238415043653,0.194761584956347,19.4761584956347,0,0.18817201646229,0.19529444789466505,-0.1520844893262198,-0.17222632738240318,0.012180418125265489,0.017073191488889528,-0.022912701355393725,-0.018653803319432463,0,-0.0,-0.0,-0.0,-0.0
Gansu,2011,0.84543794033226,0.1545620596677399,15.456205966773997,0,0.1520844893262198,0.17222632738240318,0.0,0.0,0.022912701355393725,0.018653803319432463,0.0,0.0,0,0.0,0.0,0.0,0.0
Gansu,2012,0.829725048711842,0.1702749512881579,17.027495128815794,0,0.1487457189150429,0.1609283420547159,0.1487457189150429,0.1609283420547159,0.020612463711343763,0.005526455669586159,0.020612463711343763,0.005526455669586159,1,0.1487457189150429,0.1609283420547159,0.020612463711343763,0.005526455669586159
Gansu,2013,0.805855808584321,0.1941441914156789,19.414419141567897,0,0.11065837624515404,0.1314265342499842,0.2594040951601969,0.2923548763047001,0.029763110406395787,0.02499624729231236,0.05037557411773955,0.030522702961898518,1,0.2594040951601969,0.2923548763047001,0.05037557411773955,0.030522702961898518
Gansu,2014,0.794124345251651,0.205875654748349,20.5875654748349,0,0.1741130475922291,0.2372817767898421,0.43351714275242603,0.5296366530945422,0.03720408644588998,0.015349457339312197,0.08757966056362952,0.04587216030121072,1,0.43351714275242603,0.5296366530945422,0.08757966056362952,0.04587216030121072
Gansu,2015,0.817491136248523,0.182508863751477,18.2508863751477,0,0.06233709706147795,0.014830674021002325,0.495854239813904,0.5444673271155446,0.027982193635957497,0.01957441497964251,0.11556185419958702,0.06544657528085324,1,0.495854239813904,0.5444673271155446,0.11556185419958702,0.06544657528085324
Gansu,2016,0.784303072211795,0.215696927788205,21.569692778820503,0,0.11422115501269761,0.12539924901439747,0.6100753948266016,0.669866576129942,0.020598690797650854,0.006270036005011327,0.13616054499723787,0.07171661128586455,1,0.6100753948266016,0.669866576129942,0.13616054499723787,0.07171661128586455
Gansu,2017,0.785512519749126,0.214487480250874,21.448748025087404,1,0.056188683182613525,0.07332745232523455,0.6662640780092152,0.7431940284551766,0.003543744960468157,0.003568008454380581,0.13970428995770603,0.07528461974024514,1,0.6662640780092152,0.7431940284551766,0.13970428995770603,0.07528461974024514
Gansu,2018,0.786464139725009,0.213535860274991,21.353586027499105,0,0.015011821850567987,0.040912064860044756,0.6812758998597831,0.7841060933152213,0.009269393370264986,0.013290738475351383,0.148973683327971,0.08857535821559652,1,0.6812758998597831,0.7841060933152213,0.148973683327971,0.08857535821559652
Gansu,2019,0.757765259186521,0.2422347408134789,24.223474081347895,0,0.10040136850017956,0.059526623076678095,0.7816772683599627,0.8436327163918994,0.005082441295468753,-0.031254293725395704,0.1540561246234398,0.057321064490200815,1,0.7816772683599627,0.8436327163918994,0.1540561246234398,0.057321064490200815
Gansu,2020,0.762654243263661,0.2373457567363389,23.734575673633895,0,0.0831837971131541,0.12827914843999916,0.8648610654731168,0.9719118648318985,-0.03265763025257414,-0.0008503153146835448,0.12139849437086564,0.05647074917551727,1,0.8648610654731168,0.9719118648318985,0.12139849437086564,0.05647074917551727
Gansu,2021,0.760255006761543,0.239744993238457,23.9744993238457,0,0.08402174383327202,0.09532779559247787,0.9488828093063888,1.0672396604243763,0.016364606076740302,0.004394668979963937,0.13776310044760592,0.0608654181554812,1,0.9488828093063888,1.0672396604243763,0.13776310044760592,0.0608654181554812
Gansu,2022,0.711377399819611,0.288622600180389,28.8622600180389,0,0.10464140242884887,0.07207785292629623,1.0535242117352377,1.1393175133506728,-0.0078071257243159595,-0.011818096164943243,0.12995597472328999,0.04904732199053796,1,1.0535242117352377,1.1393175133506728,0.12995597472328999,0.04904732199053796
Guangdong,2005,0.456878394856446,0.543121605143554,54.3121605143554,0,,,-1.1631098267974802,-1.1836563226408976,,,,,0,-0.0,-0.0,,
Guangdong,2006,0.440551263311756,0.559448736688244,55.9448736688244,0,0.19762318963906922,0.2187008744715147,-0.9654866371584111,-0.9649554481693831,,,,,0,-0.0,-0.0,,
Guangdong,2007,0.46415893177007,0.5358410682299299,53.58410682299299,0,0.20088614301583882,0.14876866267004268,-0.7646004941425724,-0.8161867854993403,,,-0.06431068687256355,-0.029603960444927878,0,-0.0,-0.0,-0.0,-0.0
Guangdong,2008,0.455656684517663,0.5443433154823369,54.43433154823369,0,0.169044241452364,0.21770147626012992,-0.5955562526902083,-0.5984853092392104,-0.04117388210341809,-0.037215455859215034,-0.10548456897598164,-0.06681941630414291,0,-0.0,-0.0,-0.0,-0.0
Guangdong,2009,0.475864080501677,0.524135919498323,52.41359194983231,0,0.2508773390384502,0.24548328764536448,-0.34467891365175807,-0.35300202159384597,0.04973560043416983,0.023314625968243033,-0.055748968541811814,-0.04350479033589987,0,-0.0,-0.0,-0.0,-0.0
Guangdong,2010,0.499462914227402,0.5005370857725979,50.05370857725979,0,0.16379125357998853,0.17820735506754165,-0.18088766007176954,-0.17479466652630427,0.0033825107698647,0.01312893000546755,-0.052366457771947116,-0.03037586033043232,0,-0.0,-0.0,-0.0,-0.0
Guangdong,2011,0.431548974943052,0.568451025056948,56.8451025056948,0,0.18088766007176954,0.17479466652630427,0.0,0.0,0.052366457771947116,0.03037586033043232,0.0,0.0,0,0.0,0.0,0.0,0.0
Guangdong,2012,0.409085857182551,0.5909141428174489,59.09141428174489,0,0.1518095479296685,0.15684000633009354,0.1518095479296685,0.15684000633009354,0.035115871294146006,0.013270874895186203,0.035115871294146006,0.013270874895186203,1,0.1518095479296685,0.15684000633009354,0.035115871294146006,0.013270874895186203
Guangdong,2013,0.399004482578445,0.600995517421555,60.0995517421555,0,0.10595253168019575,0.12148978826925197,0.25776207960986425,0.2783297945993455,0.051275773662405516,0.032881173122658106,0.08639164495655152,0.04615204801784431,1,0.25776207960986425,0.2783297945993455,0.08639164495655152,0.04615204801784431
Guangdong,2014,0.388483873400538,0.611516126599462,61.151612659946196,0,0.15920978809892575,0.2226019334962186,0.41697186770878997,0.5009317280955641,0.10258910652464973,0.041257378825656964,0.18898075148120125,0.08740942684350127,1,0.41697186770878997,0.5009317280955641,0.18898075148120125,0.08740942684350127
Guangdong,2015,0.371415846901484,0.628584153098516,62.8584153098516,0,0.05824656970246617,0.009462645351797761,0.47521843741125613,0.5103943734473619,0.054034191633634446,0.028642846216013408,0.24301494311483568,0.11605227305951468,1,0.47521843741125613,0.5103943734473619,0.24301494311483568,0.11605227305951468
Guangdong,2016,0.34979237649063,0.65020762350937,65.020762350937,0,0.09382713449832204,0.10910639159788252,0.5690455719095782,0.6195007650452444,0.05776999510505201,0.016974174969989986,0.30078493821988767,0.13302644802950467,1,0.5690455719095782,0.6195007650452444,0.30078493821988767,0.13302644802950467
Guangdong,2017,0.326492285409174,0.6735077145908259,67.3507714590826,1,0.03548933803620859,0.05662170270053788,0.6045349099457867,0.6761224677457822,-0.008824631127615754,0.0019676371836839803,0.291960307092272,0.13499408521318865,1,0.6045349099457867,0.6761224677457822,0.291960307092272,0.13499408521318865
Guangdong,2018,0.306545483536634,0.693454516463366,69.3454516463366,0,-0.05484001908984706,0.009770609832852058,0.5496948908559397,0.6858930775786343,-0.02979807669144696,-0.004067755052088992,0.262162230400825,0.13092633016109967,1,0.5496948908559397,0.6858930775786343,0.262162230400825,0.13092633016109967
Guangdong,2019,0.315296406265998,0.684703593734002,68.4703593734002,0,0.1779435061490366,0.10425704707097552,0.7276383970049763,0.7901501246496099,0.0746575683152183,0.002132418269552105,0.3368197987160433,0.13305874843065174,1,0.7276383970049763,0.7901501246496099,0.3368197987160433,0.13305874843065174
Guangdong,2020,0.321682106797127,0.6783178932028731,67.8317893202873,0,0.10510164134494297,0.131463153975417,0.8327400383499193,0.9216132786250268,-0.06061869526687785,-0.014551868017397027,0.27620110344916543,0.11850688041325473,1,0.8327400383499193,0.9216132786250268,0.27620110344916543,0.11850688041325473
Guangdong,2021,0.318669633538783,0.6813303664612169,68.1330366461217,0,0.08092849757297876,0.09145839380143193,0.913668535922898,1.0130716724264588,0.01329817128120202,0.005228201940243543,0.28949927473036746,0.12373508235349828,1,0.913668535922898,1.0130716724264588,0.28949927473036746,0.12373508235349828
Guangdong,2022,0.31614885928865,0.68385114071135,68.385114071135,0,0.05889468009339211,0.055815820684138054,0.9725632160162901,1.068887493110597,0.0011394811046613628,-0.007696625669502054,0.2906387558350288,0.11603845668399622,1,0.9725632160162901,1.068887493110597,0.2906387558350288,0.11603845668399622
Guangxi,2005,0.560158769536095,0.439841230463905,43.9841230463905,0,,,-1.208778237253989,-1.2047299376659368,,,,,0,-0.0,-0.0,,
Guangxi,2006,0.581086686022397,0.418913313977603,41.891331397760304,0,0.23317830388224922,0.24929010301171767,-0.97559993337174,-0.9554398346542192,,,,,0,-0.0,-0.0,,
Guangxi,2007,0.61377427184466,0.3862257281553399,38.62257281553399,0,0.16462866467508,0.1365468859176319,-0.8109712686966599,-0.8188929487365872,,,-0.02701593062003356,-0.0143347449215688,0,-0.0,-0.0,-0.0,-0.0
Guangxi,2008,0.692274788262469,0.307725211737531,30.7725211737531,0,0.20673045667133735,0.22891349200371522,-0.6042408120253226,-0.5899794567328721,-0.029368789153008723,-0.03560829708441209,-0.056384719773042276,-0.04994304200598089,0,-0.0,-0.0,-0.0,-0.0
Guangxi,2009,0.697811591725081,0.302188408274919,30.2188408274919,0,0.2488535959817738,0.23621555359440002,-0.3553872160435488,-0.35376390313847206,0.013607203838314003,0.005465781549782134,-0.042777515934728276,-0.044477260456198764,0,-0.0,-0.0,-0.0,-0.0
Guangxi,2010,0.670404984423676,0.329595015576324,32.9595015576324,0,0.19332329244705065,0.1872116819369788,-0.16206392359649813,-0.1665522212014933,0.013424404997754031,0.023228719784153674,-0.029353110936974246,-0.021248540672045083,0,-0.0,-0.0,-0.0,-0.0
Guangxi,2011,0.619436553030303,0.380563446969697,38.0563446969697,0,0.16206392359649813,0.1665522212014933,0.0,0.0,0.029353110936974246,0.021248540672045083,0.0,0.0,0,0.0,0.0,0.0,0.0
Guangxi,2012,0.586652871184687,0.413347128815313,41.3347128815313,0,0.15427431806926084,0.15844549927020285,0.15427431806926084,0.15844549927020285,0.02151426720518091,0.005098923235115967,0.02151426720518091,0.005098923235115967,1,0.15427431806926084,0.15844549927020285,0.02151426720518091,0.005098923235115967
Guangxi,2013,0.572276520730129,0.427723479269871,42.772347926987095,0,0.11470858479016668,0.1249913496281305,0.26898290285942755,0.2834368488983333,0.035083295081282946,0.02614771513285844,0.056597562286463864,0.031246638367974405,1,0.26898290285942755,0.2834368488983333,0.056597562286463864,0.031246638367974405
Guangxi,2014,0.555360501567398,0.444639498432602,44.463949843260195,0,0.18463689754578327,0.23341187288443843,0.45361980040521077,0.5168487217827717,0.045235300372455906,0.015276808917311192,0.10183286265891976,0.046523447285285596,1,0.45361980040521077,0.5168487217827717,0.10183286265891976,0.046523447285285596
Guangxi,2015,0.55438396919846,0.44561603080154,44.561603080154,0,0.06352653933495753,0.0079513514090041,0.5171463397401683,0.5248000731917759,0.031060997575643387,0.01689853793908045,0.13289386023456315,0.06342198522436605,1,0.5171463397401683,0.5248000731917759,0.13289386023456315,0.06342198522436605
Guangxi,2016,0.546745832381822,0.453254167618178,45.325416761817806,0,0.12066121496256921,0.12093234817210417,0.6378075547027375,0.64573242136388,0.027662185862177065,0.0008875350738157995,0.16055604609674023,0.06430952029818185,1,0.6378075547027375,0.64573242136388,0.16055604609674023,0.06430952029818185
Guangxi,2017,0.552402874994128,0.447597125005872,44.7597125005872,1,0.055798012432849375,0.0694618081360256,0.693605567135587,0.7151942294999056,0.00625066034237332,0.008853967357424209,0.16680670643911352,0.07316348765560605,1,0.693605567135587,0.7151942294999056,0.16680670643911352,0.07316348765560605
Guangxi,2018,0.558371215784892,0.441628784215108,44.1628784215108,0,0.016439646302316726,0.03927215238110351,0.7100452134379036,0.7544663818810091,0.009271362663917638,0.01155559117597285,0.17607806910303117,0.08471907883157889,1,0.7100452134379036,0.7544663818810091,0.17607806910303117,0.08471907883157889
Guangxi,2019,0.583278004363084,0.416721995636916,41.672199563691606,0,0.0968247396646869,0.05834023325942255,0.8068699531025905,0.8128066151404316,-0.0015610093415116925,-0.03680548390482427,0.1745170597615195,0.047913594926754635,1,0.8068699531025905,0.8128066151404316,0.1745170597615195,0.047913594926754635
Guangxi,2020,0.623362494900503,0.376637505099497,37.6637505099497,0,0.08783312400523592,0.13050788359576337,0.8947030771078265,0.9433144987361951,-0.029002490577588982,-0.000534089417593905,0.1455145691839305,0.04737950550916073,1,0.8947030771078265,0.9433144987361951,0.1455145691839305,0.04737950550916073
Guangxi,2021,0.682844033274891,0.317155966725109,31.715596672510905,0,0.08563559360089977,0.09461324804325563,0.9803386707087263,1.0379277467794505,0.016840700108595372,0.003576272407050784,0.16235526929252586,0.05095577791621151,1,0.9803386707087263,1.0379277467794505,0.16235526929252586,0.05095577791621151
Guangxi,2022,0.635445257700519,0.364554742299481,36.4554742299481,0,0.10051384865864879,0.0706166757521467,1.080852519367375,1.1085444225315975,-0.006355363805909965,-0.007923004649047665,0.1559999054866159,0.04303277326716384,1,1.080852519367375,1.1085444225315975,0.1559999054866159,0.04303277326716384
Guizhou,2005,0.722632044850989,0.277367955149011,27.736795514901104,0,,,-1.1985417433205694,-1.2250806490426078,,,,,0,-0.0,-0.0,,
Guizhou,2006,0.7352725494989,0.2647274505011,26.472745050110003,0,0.21374884764562485,0.23943693520891862,-0.9847928956749445,-0.9856437138336892,,,,,0,-0.0,-0.0,,
Guizhou,2007,0.759270275629586,0.2407297243704139,24.072972437041397,0,0.16300120608910224,0.1317296270595773,-0.8217916895858424,-0.8539140867741118,,,-0.026638106007432723,-0.014741632011536714,0,-0.0,-0.0,-0.0,-0.0
Guizhou,2008,0.775299238302503,0.2247007616974969,22.470076169749696,0,0.21139242513364281,0.24103447111617987,-0.6103992644521996,-0.6128796156579319,-0.027880144048755197,-0.047008210882838866,-0.05451825005618793,-0.06174984289437558,0,-0.0,-0.0,-0.0,-0.0
Guizhou,2009,0.762738179251941,0.237261820748059,23.7261820748059,0,0.25145071955506026,0.23535862458206352,-0.3589485448971393,-0.3775209910758685,0.012073344728683147,0.016369881404847485,-0.04244490532750478,-0.045379961489528095,0,-0.0,-0.0,-0.0,-0.0
Guizhou,2010,0.772094012549187,0.227905987450813,22.790598745081304,0,0.1984891545328274,0.19625574238408888,-0.1604593903643119,-0.1812652486917796,0.01434133576927589,0.02269815566305343,-0.02810356955822889,-0.022681805826474662,0,-0.0,-0.0,-0.0,-0.0
Guizhou,2011,0.751926403522566,0.248073596477434,24.8073596477434,0,0.1604593903643119,0.1812652486917796,0.0,0.0,0.02810356955822889,0.022681805826474662,0.0,0.0,0,0.0,0.0,0.0,0.0
Guizhou,2012,0.737022969795623,0.262977030204377,26.2977030204377,0,0.153094082485129,0.16580350424554724,0.153094082485129,0.16580350424554724,0.021017862862797006,0.0019740191136180586,0.021017862862797006,0.0019740191136180586,1,0.153094082485129,0.16580350424554724,0.021017862862797006,0.0019740191136180586
Guizhou,2013,0.708405238046899,0.2915947619531009,29.1594761953101,0,0.11223836140410035,0.1303560088458972,0.2653324438892294,0.2961595130914445,0.034133684227674856,0.027942012467060566,0.05515154709047186,0.029916031580678622,1,0.2653324438892294,0.2961595130914445,0.05515154709047186,0.029916031580678622
Guizhou,2014,0.696752029981262,0.303247970018738,30.324797001873804,0,0.18291700026480745,0.2513708341474,0.4482494441540368,0.5475303472388445,0.041340593865704864,0.015154514006539648,0.09649214095617674,0.04507054558721828,1,0.4482494441540368,0.5475303472388445,0.09649214095617674,0.04507054558721828
Guizhou,2015,0.709183245194326,0.290816754805674,29.081675480567405,0,0.06550132802082106,0.00664532036116265,0.5137507721748579,0.5541756676000071,0.029136833696027563,0.016123522973229547,0.1256289746522043,0.06119406856044782,1,0.5137507721748579,0.5541756676000071,0.1256289746522043,0.06119406856044782
Guizhou,2016,0.685515400019071,0.314484599980929,31.448459998092904,0,0.11915218945306974,0.12859338236056994,0.6329029616279276,0.682769049960577,0.02560047203791795,0.006070944255864974,0.15122944669012223,0.0672650128163128,1,0.6329029616279276,0.682769049960577,0.15122944669012223,0.0672650128163128
Guizhou,2017,0.695951935388555,0.3040480646114449,30.404806461144496,1,0.05978799325402803,0.07271347751464437,0.6926909548819556,0.7554825274752215,0.008261125980146602,0.006907684955208548,0.15949057267026887,0.07417269777152134,1,0.6926909548819556,0.7554825274752215,0.15949057267026887,0.07417269777152134
Guizhou,2018,0.707032642460661,0.292967357539339,29.296735753933905,0,0.01831550042464066,0.050149171704993493,0.7110064553065962,0.8056316991802149,0.01252908412365991,0.01547013348574372,0.17201965679392875,0.08964283125726506,1,0.7110064553065962,0.8056316991802149,0.17201965679392875,0.08964283125726506
Guizhou,2019,0.712450087027746,0.2875499129722539,28.754991297225395,0,0.09727303169278771,0.04224910348744721,0.808279486999384,0.8478808026676621,-0.000269098995141338,-0.04976055656243378,0.17175055779878742,0.039882274694831285,1,0.808279486999384,0.8478808026676621,0.17175055779878742,0.039882274694831285
Guizhou,2020,0.72453776245691,0.2754622375430899,27.546223754308997,0,0.0860116866161799,0.143751402285663,0.8942911736155639,0.991632204953325,-0.027560565329051136,0.012214479549491702,0.1441899924697363,0.05209675424432299,1,0.8942911736155639,0.991632204953325,0.1441899924697363,0.05209675424432299
Guizhou,2021,0.733743727691273,0.2662562723087269,26.625627230872695,0,0.08629585943917141,0.09883728781614363,0.9805870330547353,1.0904694927694687,0.013812845581484516,0.00881230259163227,0.15800283805122078,0.06090905683595525,1,0.9805870330547353,1.0904694927694687,0.15800283805122078,0.06090905683595525
Guizhou,2022,0.664840136738387,0.3351598632616129,33.5159863261613,0,0.10505640178443017,0.08082520893006051,1.0856434348391655,1.1712947016995292,-0.006032524922250614,-0.011653229949481505,0.1519703131289702,0.049255826886473744,1,1.0856434348391655,1.1712947016995292,0.1519703131289702,0.049255826886473744
Hainan,2005,0.43483556638246,0.56516443361754,56.516443361754,0,,,-1.1140281679022421,-1.1677824233508134,,,,,0,-0.0,-0.0,,
Hainan,2006,0.387793427230047,0.612206572769953,61.220657276995304,0,0.1868676825664494,0.22703866216717355,-0.9271604853357929,-0.9407437611836398,,,,,0,-0.0,-0.0,,
Hainan,2007,0.539727582292849,0.460272417707151,46.0272417707151,0,0.15440491983133417,0.1321843315163642,-0.7727555655044587,-0.8085594296672757,,,-0.011502682783999692,-0.01909345748882386,0,-0.0,-0.0,-0.0,-0.0
Hainan,2008,0.582802547770701,0.417197452229299,41.7197452229299,0,0.21722835030204085,0.2330604454316575,-0.5555272152024178,-0.5754989842356182,-0.02022348317447738,-0.04942077495202847,-0.031726165958477076,-0.06851423244085234,0,-0.0,-0.0,-0.0,-0.0
Hainan,2009,0.616792929292929,0.383207070707071,38.32070707070711,0,0.24527279107600716,0.23556377819244148,-0.3102544241264106,-0.3399352060431767,0.0054025816553804114,0.012809122596580291,-0.026323584303096663,-0.05570510984427205,0,-0.0,-0.0,-0.0,-0.0
Hainan,2010,0.563005780346821,0.436994219653179,43.699421965317896,0,0.16955442258081366,0.17939452307612058,-0.14070000154559698,-0.16054068296705606,0.008230553240964717,0.0336677753305094,-0.018093031062131948,-0.022037334513762642,0,-0.0,-0.0,-0.0,-0.0
Hainan,2011,0.449784017278618,0.550215982721382,55.02159827213819,0,0.14070000154559698,0.16054068296705606,0.0,0.0,0.018093031062131948,0.022037334513762642,0.0,0.0,0,0.0,0.0,0.0,0.0
Hainan,2012,0.504373177842566,0.495626822157434,49.5626822157434,0,0.14024646397935817,0.1577796857149743,0.14024646397935817,0.1577796857149743,0.014468541623419751,0.004136622278125158,0.014468541623419751,0.004136622278125158,1,0.14024646397935817,0.1577796857149743,0.014468541623419751,0.004136622278125158
Hainan,2013,0.48857249906332,0.51142750093668,51.142750093668,0,0.10465823707869035,0.11832259162541148,0.2449047010580485,0.2761022773403858,0.02027380003883264,0.025753006294245304,0.03474234166225239,0.02988962857237046,1,0.2449047010580485,0.2761022773403858,0.03474234166225239,0.02988962857237046
Hainan,2014,0.325343811394892,0.674656188605108,67.4656188605108,0,0.15425936294643705,0.23059419587344293,0.39916406400448556,0.5066964732138287,0.020912269037568418,0.01202571086549187,0.055654610699820806,0.04191533943786233,1,0.39916406400448556,0.5066964732138287,0.055654610699820806,0.04191533943786233
Hainan,2015,0.514242424242424,0.485757575757576,48.575757575757606,0,0.06700049772771809,-0.005576744756551708,0.46616456173220366,0.501119728457277,0.016333628476917057,0.010130733707049422,0.07198823917673786,0.052046073144911754,1,0.46616456173220366,0.501119728457277,0.07198823917673786,0.052046073144911754
Hainan,2016,0.599532831559824,0.400467168440176,40.0467168440176,0,0.10357985027014434,0.1142976468656634,0.5697444120023479,0.6154173753229404,0.003067491298911338,-0.0016011424275932085,0.0750557304756492,0.050444930717318544,1,0.5697444120023479,0.6154173753229404,0.0750557304756492,0.050444930717318544
Hainan,2017,0.59604385128694,0.4039561487130599,40.395614871305995,1,0.05362049721509296,0.063019817809073,0.6233649092174409,0.6784371931320134,0.0019310060941970172,0.0029747802668908738,0.07698673656984621,0.05341971098420942,1,0.6233649092174409,0.6784371931320134,0.07698673656984621,0.05341971098420942
Hainan,2018,0.600132187706543,0.399867812293457,39.9867812293457,0,0.01615121545770286,0.043534317200916786,0.6395161246751438,0.7219715103329303,0.00832074508115539,0.01208529475059796,0.0853074816510016,0.06550500573480739,1,0.6395161246751438,0.7219715103329303,0.0853074816510016,0.06550500573480739
Hainan,2019,0.598139122729287,0.4018608772707129,40.186087727071296,0,0.09206214697391887,0.048009492486938914,0.7315782716490626,0.769981002819869,0.0017599063542255494,-0.0461012727763608,0.08706738800522716,0.01940373295844657,1,0.7315782716490626,0.769981002819869,0.08706738800522716,0.01940373295844657
Hainan,2020,0.617697806260784,0.382302193739216,38.23021937392161,0,0.07620549187898926,0.14051847825834568,0.8077837635280519,0.9104994810782148,-0.04167518031661715,0.005901687461899662,0.04539220768861001,0.02530542042034624,1,0.8077837635280519,0.9104994810782148,0.04539220768861001,0.02530542042034624
Hainan,2021,0.615515151515152,0.384484848484848,38.4484848484848,0,0.07730378408280959,0.09443990179605945,0.8850875476108615,1.0049393828742743,0.023580518591325816,0.0032831655916385604,0.06897272627993582,0.028588586011984794,1,0.8850875476108615,1.0049393828742743,0.06897272627993582,0.028588586011984794
Hainan,2022,0.63040036190907,0.36959963809093,36.959963809093,0,0.14569706376407654,0.07169069736052666,1.0307846113749382,1.0766300802348008,-0.014886982976305536,-0.008547478500107342,0.054085743303630286,0.020041107511877456,1,1.0307846113749382,1.0766300802348008,0.054085743303630286,0.020041107511877456
Hebei,2005,0.60669775328529,0.39330224671471,39.330224671471,0,,,-1.1871055171110503,-1.2257587101608451,,,,,0,-0.0,-0.0,,
Hebei,2006,0.618982587913964,0.381017412086036,38.1017412086036,0,0.22373785681282526,0.24350080416360254,-0.9633676602982251,-0.9822579059972426,,,,,0,-0.0,-0.0,,
Hebei,2007,0.638449661928339,0.361550338071661,36.155033807166106,0,0.16712521689517315,0.13915690804666575,-0.796242443403052,-0.8431009979505768,,,-0.027657426543337773,-0.014986469480277518,0,-0.0,-0.0,-0.0,-0.0
Hebei,2008,0.641754576481539,0.358245423518461,35.8245423518461,0,0.19929753649356485,0.22974661385622755,-0.596944906909487,-0.6133543840943493,-0.03081027657434252,-0.03729586127754359,-0.05846770311768029,-0.052282330757821106,0,-0.0,-0.0,-0.0,-0.0
Hebei,2009,0.630701789028869,0.369298210971131,36.929821097113106,0,0.2509344896891048,0.24028018625941858,-0.3460104172203823,-0.37307419783493073,0.01458440201507136,0.011324589494140381,-0.043883301102608935,-0.04095774126368072,0,-0.0,-0.0,-0.0,-0.0
Hebei,2010,0.608865155287643,0.391134844712357,39.11348447123571,0,0.19066347607420384,0.19663111004114708,-0.15534694114617842,-0.17644308779378365,0.016110490413077078,0.018547216520243583,-0.027772810689531854,-0.02241052474343714,0,-0.0,-0.0,-0.0,-0.0
Hebei,2011,0.559369369369369,0.440630630630631,44.063063063063105,0,0.15534694114617842,0.17644308779378365,0.0,0.0,0.027772810689531854,0.02241052474343714,0.0,0.0,0,0.0,0.0,0.0,0.0
Hebei,2012,0.583907665729356,0.4160923342706439,41.6092334270644,0,0.1521039861102963,0.16249246459822858,0.1521039861102963,0.16249246459822858,0.02283694714265811,0.0069597411196963745,0.02283694714265811,0.0069597411196963745,1,0.1521039861102963,0.16249246459822858,0.02283694714265811,0.0069597411196963745
Hebei,2013,0.58579307527321,0.41420692472679,41.420692472679,0,0.11010005955644386,0.1315379759759827,0.26220404566674016,0.29403044057421124,0.03237444831106773,0.02514832332771149,0.05521139545372584,0.032108064447407866,1,0.26220404566674016,0.29403044057421124,0.05521139545372584,0.032108064447407866
Hebei,2014,0.555673296380828,0.444326703619172,44.4326703619172,0,0.18399061150946058,0.24070465601919175,0.44619465717620077,0.534735096593403,0.04381437262446778,0.017475848607367152,0.09902576807819362,0.04958391305477501,1,0.44619465717620077,0.534735096593403,0.09902576807819362,0.04958391305477501
Hebei,2015,0.547796500324044,0.4522034996759559,45.220349967595595,0,0.04931572258868344,0.014760849984219882,0.4955103797648842,0.5494959465776229,0.02968604432620866,0.0198400903260722,0.12871181240440227,0.06942400338084721,1,0.4955103797648842,0.5494959465776229,0.12871181240440227,0.06942400338084721
Hebei,2016,0.548161677122211,0.451838322877789,45.183832287778905,0,0.11356089857564006,0.12596730676192375,0.6090712783405242,0.6754632533395466,0.026779492557630697,0.006807392293005499,0.15549130496203298,0.0762313956738527,1,0.6090712783405242,0.6754632533395466,0.15549130496203298,0.0762313956738527
Hebei,2017,0.537096684105677,0.462903315894323,46.2903315894323,1,0.05188820300491204,0.0705242727743642,0.6609594813454363,0.7459875261139108,0.004045086604938252,0.0074103664253251135,0.15953639156697122,0.08364176209917783,1,0.6609594813454363,0.7459875261139108,0.15953639156697122,0.08364176209917783
Hebei,2018,0.527291849255039,0.472708150744961,47.2708150744961,0,0.010049043877455872,0.03836899069279727,0.6710085252228921,0.7843565168067081,0.005324417626044921,0.010589888732113353,0.16486080919301616,0.09423165083129117,1,0.6710085252228921,0.7843565168067081,0.16486080919301616,0.09423165083129117
Hebei,2019,0.537814092426638,0.462185907573362,46.218590757336194,0,0.10514266972268779,0.05798240699811661,0.7761511949455799,0.8423389238048248,0.0035493545650470155,-0.03297373964947677,0.16841016375806317,0.0612579111818144,1,0.7761511949455799,0.8423389238048248,0.16841016375806317,0.0612579111818144
Hebei,2020,0.614797666450597,0.385202333549403,38.5202333549403,0,0.08824809033518798,0.12735716806822112,0.8643992852807679,0.9696960918730458,-0.030969957658890865,-0.0014096964532145841,0.1374402060991723,0.059848214728599816,1,0.8643992852807679,0.9696960918730458,0.1374402060991723,0.059848214728599816
Hebei,2021,0.613784567638963,0.3862154323610369,38.6215432361037,0,0.08650391213465672,0.09462341853936192,0.9509031974154247,1.0643195104124077,0.013026776982607041,0.005458694396007229,0.15046698308177933,0.06530690912460706,1,0.9509031974154247,1.0643195104124077,0.15046698308177933,0.06530690912460706
Hebei,2022,0.601425519375276,0.398574480624724,39.8574480624724,0,0.07403815514714615,0.07163744645981401,1.0249413525625708,1.1359569568722219,-0.003018187473378827,-0.00980794917147992,0.14744879560840052,0.05549895995312713,1,1.0249413525625708,1.1359569568722219,0.14744879560840052,0.05549895995312713
Heilongjiang,2005,0.484021304926764,0.515978695073236,51.5978695073236,0,,,-1.2067806806821624,-1.2017145767310493,,,,,0,-0.0,-0.0,,
Heilongjiang,2006,0.580483490566038,0.419516509433962,41.9516509433962,0,0.21170451118938338,0.2324490630496108,-0.9950761694927789,-0.9692655136814385,,,,,0,-0.0,-0.0,,
Heilongjiang,2007,0.645333333333333,0.354666666666667,35.466666666666704,0,0.1683651054912256,0.13551962969466688,-0.8267110640015533,-0.8337458839867716,,,-0.03384338054547412,-0.024649853472096295,0,-0.0,-0.0,-0.0,-0.0
Heilongjiang,2008,0.580645161290323,0.419354838709677,41.9354838709677,0,0.20840698376537492,0.23329124125579664,-0.6183040802361783,-0.6004546427309749,-0.034354676387154115,-0.052335456777389155,-0.06819805693262823,-0.07698531024948546,0,-0.0,-0.0,-0.0,-0.0
Heilongjiang,2009,0.619629818305315,0.3803701816946849,38.037018169468496,0,0.2546610511404062,0.23878397157344317,-0.3636430290957721,-0.36167067115753176,0.014509084902145246,0.013319826190890373,-0.053688972030482986,-0.06366548405859508,0,-0.0,-0.0,-0.0,-0.0
Heilongjiang,2010,0.587215751525236,0.412784248474764,41.2784248474764,0,0.2005101731277924,0.19236732910254603,-0.1631328559679797,-0.16930334205498576,0.019947710461772343,0.03699673640382528,-0.03374126156871064,-0.026668747654769797,0,-0.0,-0.0,-0.0,-0.0
Heilongjiang,2011,0.462959809264305,0.537040190735695,53.7040190735695,0,0.1631328559679797,0.16930334205498576,0.0,0.0,0.03374126156871064,0.026668747654769797,0.0,0.0,0,0.0,0.0,0.0,0.0
Heilongjiang,2012,0.470487483530962,0.529512516469038,52.9512516469038,0,0.15503720515797317,0.16276627541096947,0.15503720515797317,0.16276627541096947,0.021997533816322745,0.004575035387225356,0.021997533816322745,0.004575035387225356,1,0.15503720515797317,0.16276627541096947,0.021997533816322745,0.004575035387225356
Heilongjiang,2013,0.470525694034259,0.529474305965741,52.947430596574094,0,0.11120327874232991,0.12295237703634623,0.2662404839003031,0.2857186524473157,0.041658259044588794,0.03277809345351517,0.06365579286091154,0.03735312884074053,1,0.2662404839003031,0.2857186524473157,0.06365579286091154,0.03735312884074053
Heilongjiang,2014,0.452191674947554,0.5478083250524459,54.78083250524459,0,0.1809946897803934,0.2398308172380379,0.4472351736806965,0.5255494696853535,0.05338111381215503,0.02023262358341118,0.11703690667306657,0.057585752424151704,1,0.4472351736806965,0.5255494696853535,0.11703690667306657,0.057585752424151704
Heilongjiang,2015,0.452557646435198,0.547442353564802,54.74423535648019,0,0.07122987398937464,0.002261044245980271,0.5184650476700712,0.5278105139313338,0.03227408190331641,0.01393694833969291,0.14931098857638297,0.07152270076384462,1,0.5184650476700712,0.5278105139313338,0.14931098857638297,0.07152270076384462
Heilongjiang,2016,0.459268367660621,0.5407316323393789,54.07316323393789,0,0.12323319275927089,0.12302537459823627,0.6416982404293421,0.6508358885295702,0.03642257922273972,0.007944765105608743,0.1857335677991227,0.07946746586945336,1,0.6416982404293421,0.6508358885295702,0.1857335677991227,0.07946746586945336
Heilongjiang,2017,0.472514799723226,0.527485200276774,52.7485200276774,1,0.054991447066762726,0.06557661532731832,0.6966896874961047,0.7164125038568885,0.006938877434097875,0.0058306164158430426,0.19267244523322058,0.08529808228529641,1,0.6966896874961047,0.7164125038568885,0.19267244523322058,0.08529808228529641
Heilongjiang,2018,0.485694508537148,0.514305491462852,51.4305491462852,0,0.01775813707281544,0.04582073603444263,0.7144478245689202,0.7622332398913311,0.013634600685496693,0.015972328266959247,0.20630704591871726,0.10127041055225565,1,0.7144478245689202,0.7622332398913311,0.20630704591871726,0.10127041055225565
Heilongjiang,2019,0.350775939463896,0.6492240605361039,64.92240605361039,0,0.09596462451915949,0.045551040695996074,0.8104124490880796,0.8077842805873271,-0.002025453053024694,-0.04814576114131132,0.20428159286569256,0.05312464941094432,1,0.8104124490880796,0.8077842805873271,0.20428159286569256,0.05312464941094432
Heilongjiang,2020,0.39928523014357,0.60071476985643,60.071476985643,0,0.08787717530887608,0.1415781650797997,0.8982896243969558,0.9493624456671268,-0.026370009155519136,0.00970806290401227,0.17791158371017343,0.0628327123149566,1,0.8982896243969558,0.9493624456671268,0.17791158371017343,0.0628327123149566
Heilongjiang,2021,0.432068023079259,0.5679319769207409,56.793197692074095,0,0.08546337540950469,0.09562564547093044,0.9837529998064605,1.0449880911380574,0.0245741932127168,0.007777907775107397,0.20248577692289021,0.070610620090064,1,0.9837529998064605,1.0449880911380574,0.20248577692289021,0.070610620090064
Heilongjiang,2022,0.455520060642157,0.544479939357843,54.4479939357843,0,0.11065926588444759,0.07502246015512645,1.094412265690908,1.1200105512931837,-0.0029148108192019835,-0.00637062482515508,0.19957096610368824,0.06423999526490892,1,1.094412265690908,1.1200105512931837,0.19957096610368824,0.06423999526490892
Henan,2005,0.474182886522218,0.525817113477782,52.5817113477782,0,,,-1.1940362192329035,-1.2213833504253797,,,,,0,-0.0,-0.0,,
Henan,2006,0.510130757450819,0.4898692425491809,48.986924254918094,0,0.2206249086306662,0.2375910371606058,-0.9734113106022373,-0.9837923132647738,,,,,0,-0.0,-0.0,,
Henan,2007,0.515969368696302,0.4840306313036979,48.403063130369794,0,0.1731168049255759,0.13642899347333018,-0.8002945056766615,-0.8473633197914436,,,-0.03347799148488704,-0.019298973212641308,0,-0.0,-0.0,-0.0,-0.0
Henan,2008,0.527508214258424,0.472491785741576,47.2491785741576,0,0.1963348594357095,0.23520827451695644,-0.603959646240952,-0.6121550452744872,-0.04166552941110155,-0.045760332292566784,-0.07514352089598858,-0.0650593055052081,0,-0.0,-0.0,-0.0,-0.0
Henan,2009,0.514177171472975,0.4858228285270249,48.5822828527025,0,0.24840724312101287,0.23666424134650138,-0.3555524031199391,-0.3754908039279858,0.028139227972482663,0.015171733257890084,-0.04700429292350592,-0.04988757224731801,0,-0.0,-0.0,-0.0,-0.0
Henan,2010,0.533923392040188,0.466076607959812,46.6076607959812,0,0.1868604542689063,0.1957800902476581,-0.16869194885103284,-0.17971071368032768,0.012409233755659672,0.024745565878495628,-0.03459505916784625,-0.025142006368822384,0,-0.0,-0.0,-0.0,-0.0
Henan,2011,0.503929764214147,0.4960702357858529,49.6070235785853,0,0.16869194885103284,0.17971071368032768,0.0,0.0,0.03459505916784625,0.025142006368822384,0.0,0.0,0,0.0,0.0,0.0,0.0
Henan,2012,0.520948833696641,0.479051166303359,47.9051166303359,0,0.15758566080263842,0.16597569653807873,0.15758566080263842,0.16597569653807873,0.025616252518810893,0.005258209200234641,0.025616252518810893,0.005258209200234641,1,0.15758566080263842,0.16597569653807873,0.025616252518810893,0.005258209200234641
Henan,2013,0.509714377924802,0.490285622075198,49.0285622075198,0,0.11447071939776761,0.1310938215426724,0.272056380200406,0.29706951808075116,0.038116530065084246,0.02997011944389142,0.06373278258389514,0.03522832864412606,1,0.272056380200406,0.29706951808075116,0.06373278258389514,0.03522832864412606
Henan,2014,0.498821635072824,0.5011783649271759,50.11783649271759,0,0.18222732945153391,0.24316487220061123,0.45428370965193987,0.5402343902813624,0.059670506290767596,0.020558929582832612,0.12340328887466274,0.05578725822695867,1,0.45428370965193987,0.5402343902813624,0.12340328887466274,0.05578725822695867
Henan,2015,0.469935760171306,0.530064239828694,53.0064239828694,0,0.05925220997975339,0.012572251889671497,0.5135359196316933,0.5528066421710338,0.03782751599805514,0.018725715459370188,0.16123080487271788,0.07451297368632886,1,0.5135359196316933,0.5528066421710338,0.16123080487271788,0.07451297368632886
Henan,2016,0.4465403375491,0.5534596624509001,55.34596624509,0,0.12110345911020767,0.12852781882748804,0.6346393787419009,0.6813344609985219,0.03930667802134703,0.010014178798162628,0.20053748289406492,0.0845271524844915,1,0.6346393787419009,0.6813344609985219,0.20053748289406492,0.0845271524844915
Henan,2017,0.457791203123849,0.542208796876151,54.220879687615096,1,0.0413241522775692,0.07005600291990771,0.6759635310194702,0.7513904639184297,-0.0027689104780157596,0.006264553932258241,0.19776857241604917,0.09079170641674973,1,0.6759635310194702,0.7513904639184297,0.19776857241604917,0.09079170641674973
Henan,2018,0.469574802198466,0.530425197801534,53.0425197801534,0,0.011860819464698552,0.04572048164085235,0.6878243504841688,0.797110945559282,0.0032132697855615745,0.012882793183137014,0.20098184220161072,0.10367449959988675,1,0.6878243504841688,0.797110945559282,0.20098184220161072,0.10367449959988675
Henan,2019,0.483194475718682,0.516805524281318,51.6805524281318,0,0.09839777951709962,0.048545042342436215,0.7862221300012684,0.8456559879017181,-0.002284859203857,-0.04239726583248479,0.19869698299775373,0.06127723376740195,1,0.7862221300012684,0.8456559879017181,0.19869698299775373,0.06127723376740195
Henan,2020,0.511510387422796,0.488489612577204,48.8489612577204,0,0.09030905422504776,0.13699027809596617,0.8765311842263162,0.9826462659976845,-0.0267967241490731,0.0074300265593144395,0.17190025884868063,0.0687072603267164,1,0.8765311842263162,0.9826462659976845,0.17190025884868063,0.0687072603267164
Henan,2021,0.523261845564956,0.4767381544350439,47.673815443504395,0,0.08595702714906125,0.09629269559292072,0.9624882113753774,1.078938961590605,0.017056510691350925,0.006551891573125171,0.18895676954003154,0.07525915189984156,1,0.9624882113753774,1.078938961590605,0.18895676954003154,0.07525915189984156
Henan,2022,0.669720558009359,0.3302794419906409,33.027944199064095,0,0.09190173369458743,0.07683567014328718,1.0543899450699648,1.1557746317338924,-0.004266802292637268,-0.00989867339207864,0.1846899672473943,0.06536047850776291,1,1.0543899450699648,1.1557746317338924,0.1846899672473943,0.06536047850776291
Hubei,2005,0.60146804835924,0.39853195164076,39.853195164076006,0,,,-1.1747219873047743,-1.1815731254364383,,,,,0,-0.0,-0.0,,
Hubei,2006,0.618833162743091,0.381166837256909,38.116683725690905,0,0.214337666612203,0.23014118594539681,-0.9603843206925713,-0.9514319394910415,,,,,0,-0.0,-0.0,,
Hubei,2007,0.540651831084633,0.459348168915367,45.9348168915367,0,0.18124833077751956,0.14188266236117542,-0.7791359899150517,-0.8095492771298661,,,-0.04162153351827918,-0.02387070667610717,0,-0.0,-0.0,-0.0,-0.0
Hubei,2008,0.654087387339904,0.345912612660096,34.591261266009596,0,0.18810287970525397,0.2270914669835471,-0.5910331102097978,-0.582457810146319,-0.04443629328119313,-0.048313236605669996,-0.08605782679947231,-0.07218394328177717,0,-0.0,-0.0,-0.0,-0.0
Hubei,2009,0.619738602449316,0.380261397550684,38.0261397550684,0,0.24916623899447687,0.23871939356947186,-0.34186687121532083,-0.3437384165768471,0.04052207058834588,0.016013539579538116,-0.04553575621112644,-0.05617040370223905,0,-0.0,-0.0,-0.0,-0.0
Hubei,2010,0.619054860662282,0.380945139337718,38.0945139337718,0,0.17813196232222078,0.18193949438419452,-0.16373490889310008,-0.16179892219265263,0.010043619147114012,0.03202211950305251,-0.03549213706401243,-0.024148284199186534,0,-0.0,-0.0,-0.0,-0.0
Hubei,2011,0.611005861109467,0.388994138890533,38.8994138890533,0,0.16373490889310008,0.16179892219265263,0.0,0.0,0.03549213706401243,0.024148284199186534,0.0,0.0,0,0.0,0.0,0.0,0.0
Hubei,2012,0.572729915689505,0.4272700843104949,42.7270084310495,0,0.15365842449391176,0.15717296277676604,0.15365842449391176,0.15717296277676604,0.028382421049781698,0.007797953290927579,0.028382421049781698,0.007797953290927579,1,0.15365842449391176,0.15717296277676604,0.028382421049781698,0.007797953290927579
Hubei,2013,0.526144433519065,0.4738555664809349,47.3855566480935,0,0.10896629563347082,0.11624436741700966,0.2626247201273826,0.2734173301937757,0.037186795338689696,0.027951957870497517,0.0655692163884714,0.0357499111614251,1,0.2626247201273826,0.2734173301937757,0.0655692163884714,0.0357499111614251
Hubei,2014,0.517415673086722,0.482584326913278,48.258432691327805,0,0.16992248381349018,0.22858755534630246,0.43254720394087276,0.5020048855400782,0.06581181036171109,0.019848220351422988,0.13138102675018248,0.055598131512848085,1,0.43254720394087276,0.5020048855400782,0.13138102675018248,0.055598131512848085
Hubei,2015,0.504157064750802,0.495842935249198,49.5842935249198,0,0.06138638494588139,-0.0003844380184515961,0.49393358888675415,0.5016204475216266,0.03932903488452359,0.015534292685884753,0.1707100616347061,0.07113242419873284,1,0.49393358888675415,0.5016204475216266,0.1707100616347061,0.07113242419873284
Hubei,2016,0.472611182329159,0.527388817670841,52.7388817670841,0,0.11564077123990645,0.11447261961023306,0.6095743601266607,0.6160930671318596,0.041130633599771274,0.004578016077974962,0.21184069523447735,0.0757104402767078,1,0.6095743601266607,0.6160930671318596,0.21184069523447735,0.0757104402767078
Hubei,2017,0.4554682468118,0.5445317531882,54.45317531882,1,0.030948606001788264,0.05955387888087982,0.6405229661284488,0.6756469460127394,-0.008502795840509728,0.0034117151011656384,0.20333789939396762,0.07912215537787344,1,0.6405229661284488,0.6756469460127394,0.20333789939396762,0.07912215537787344
Hubei,2018,0.436599579129121,0.5634004208708789,56.340042087087895,0,0.0022521752757628513,0.037154326965117904,0.6427751414042117,0.7128012729778572,-0.00026364029751898676,0.012180587781695805,0.20307425909644863,0.09130274315956924,1,0.6427751414042117,0.7128012729778572,0.20307425909644863,0.09130274315956924
Hubei,2019,0.395995919408314,0.604004080591686,60.4004080591686,0,0.11664090844505665,0.08570661192725915,0.7594160498492684,0.7985078849051165,0.01077079857837554,-0.01643584418749454,0.21384505767482417,0.07486689897207471,1,0.7594160498492684,0.7985078849051165,0.21384505767482417,0.07486689897207471
Hubei,2020,0.421162366432108,0.578837633567892,57.8837633567892,0,0.07249856295892594,0.10537990447615823,0.8319146128081942,0.9038877893812747,-0.042426544577402275,-0.022189498272525206,0.1714185130974219,0.05267740069954951,1,0.8319146128081942,0.9038877893812747,0.1714185130974219,0.05267740069954951
Hubei,2021,0.421120729490774,0.578879270509226,57.887927050922606,0,0.08296520411288627,0.09393523875635548,0.9148798169210806,0.9978230281376301,0.019911878634624132,0.0053556565359306595,0.19133039173204602,0.05803305723548016,1,0.9148798169210806,0.9978230281376301,0.19133039173204602,0.05803305723548016
Hubei,2022,0.435993219487695,0.564006780512305,56.4006780512305,0,0.0987092994030157,0.06869583144146227,1.0135891163240962,1.0665188595790924,-0.004108350322999759,-0.007228857222139659,0.18722204140904627,0.0508042000133405,1,1.0135891163240962,1.0665188595790924,0.18722204140904627,0.0508042000133405
Hunan,2005,0.525507301346482,0.4744926986535179,47.449269865351795,0,,,-1.1916047331042532,-1.2151756252928763,,,,,0,-0.0,-0.0,,
Hunan,2006,0.637719414016101,0.362280585983899,36.2280585983899,0,0.2184157751853346,0.24128811980892523,-0.9731889579189186,-0.973887505483951,,,,,0,-0.0,-0.0,,
Hunan,2007,0.634192083703484,0.365807916296516,36.5807916296516,0,0.1704735391448113,0.1300276872749927,-0.8027154187741072,-0.8438598182089583,,,-0.03263716852779669,-0.018596862601397764,0,-0.0,-0.0,-0.0,-0.0
Hunan,2008,0.64540798907477,0.3545920109252299,35.459201092522996,0,0.19771166203708707,0.23684090841547084,-0.6050037567370201,-0.6070189097934874,-0.03946007701630344,-0.04935623741747458,-0.07209724554410013,-0.06795310001887234,0,-0.0,-0.0,-0.0,-0.0
Hunan,2009,0.610814290312198,0.389185709687802,38.918570968780195,0,0.2507466839479726,0.23601084198451455,-0.3542570727890475,-0.3710080678089729,0.025168424025328234,0.015392911094003193,-0.046928821518771896,-0.05256018892486914,0,-0.0,-0.0,-0.0,-0.0
Hunan,2010,0.574436250935129,0.425563749064871,42.55637490648711,0,0.18926725583672263,0.19295785285591,-0.1649898169523249,-0.17805021495306286,0.013047389121787416,0.02832491653911235,-0.03388143239698448,-0.02423527238575679,0,-0.0,-0.0,-0.0,-0.0
Hunan,2011,0.559614990784354,0.440385009215646,44.038500921564605,0,0.1649898169523249,0.17805021495306286,0.0,0.0,0.03388143239698448,0.02423527238575679,0.0,0.0,0,0.0,0.0,0.0,0.0
Hunan,2012,0.510247901620144,0.489752098379856,48.9752098379856,0,0.15572677758400624,0.1650867341094284,0.15572677758400624,0.1650867341094284,0.025837301433846174,0.0026210903840490425,0.025837301433846174,0.0026210903840490425,1,0.15572677758400624,0.1650867341094284,0.025837301433846174,0.0026210903840490425
Hunan,2013,0.516820491236509,0.483179508763491,48.3179508763491,0,0.11254093105055345,0.1304725890347676,0.2682677086345597,0.29555932314419603,0.038053185165495454,0.029886050106843868,0.06389048659934163,0.03250714049089291,1,0.2682677086345597,0.29555932314419603,0.06389048659934163,0.03250714049089291
Hunan,2014,0.480654276709053,0.5193457232909471,51.934572329094706,0,0.17936282360729247,0.24996110453035944,0.4476305322418522,0.5455204276745554,0.05676130046556819,0.016366000272803025,0.12065178706490981,0.048873140763695935,1,0.4476305322418522,0.5455204276745554,0.12065178706490981,0.048873140763695935
Hunan,2015,0.467733800536222,0.5322661994637781,53.22661994637781,0,0.062241089286075545,-0.0002725065263910042,0.5098716215279278,0.5452479211481644,0.036497139819470774,0.016262741749321144,0.1571489268843806,0.06513588251301708,1,0.5098716215279278,0.5452479211481644,0.1571489268843806,0.06513588251301708
Hunan,2016,0.455399696707106,0.544600303292894,54.4600303292894,0,0.11888580156918904,0.12491085219166065,0.6287574230971167,0.6701587733398251,0.037551118395841195,0.005363773321777891,0.19470004528022178,0.07049965583479498,1,0.6287574230971167,0.6701587733398251,0.19470004528022178,0.07049965583479498
Hunan,2017,0.42971264043358,0.57028735956642,57.028735956641995,1,0.04342592863468123,0.07638435337303193,0.672183351731798,0.746543126712857,-0.0013513182932167892,0.004747661114708373,0.19334872698700498,0.07524731694950335,1,0.672183351731798,0.746543126712857,0.19334872698700498,0.07524731694950335
Hunan,2018,0.401692017450772,0.598307982549228,59.8307982549228,0,0.010623703706299632,0.03856810006763951,0.6828070554380976,0.7851112267804965,0.005569489995329463,0.013227940847881738,0.19891821698233447,0.08847525779738508,1,0.6828070554380976,0.7851112267804965,0.19891821698233447,0.08847525779738508
Hunan,2019,0.418312005955124,0.581687994044876,58.1687994044876,0,0.09934417567049422,0.040321066295394045,0.7821512311085919,0.8254322930758906,-0.0012856282602548789,-0.050986201929470246,0.19763258872207956,0.037489055867914844,1,0.7821512311085919,0.8254322930758906,0.19763258872207956,0.037489055867914844
Hunan,2020,0.445629664361349,0.554370335638651,55.4370335638651,0,0.08700654885048699,0.14467544388565648,0.8691577799590788,0.970107736961547,-0.02900293837381403,0.011715693768055584,0.16862965034826555,0.04920474963597042,1,0.8691577799590788,0.970107736961547,0.16862965034826555,0.04920474963597042
Hunan,2021,0.447566482689413,0.552433517310587,55.243351731058695,0,0.08446545399208247,0.09664148170256241,0.9536232339511612,1.0667492186641094,0.01951926478433196,0.005608690449808612,0.1881489151325975,0.05481344008577904,1,0.9536232339511612,1.0667492186641094,0.1881489151325975,0.05481344008577904
Hunan,2022,0.467249084101614,0.5327509158983861,53.27509158983861,0,0.09883551333642307,0.0764610133965497,1.0524587472875844,1.1432102320606592,-0.0050006879645292795,-0.011425674642223927,0.18314822716806822,0.04338776544355511,1,1.0524587472875844,1.1432102320606592,0.18314822716806822,0.04338776544355511
Jiangsu,2005,0.408185077920287,0.591814922079713,59.181492207971296,0,,,-1.1998538040979179,-1.1947744352664718,,,,,0,-0.0,-0.0,,
Jiangsu,2006,0.417048481619606,0.5829515183803939,58.295151838039395,0,0.24021846611428604,0.24933654557906176,-0.9596353379836318,-0.9454378896874098,,,,,0,-0.0,-0.0,,
Jiangsu,2007,0.408195257466018,0.5918047425339821,59.18047425339821,0,0.18155978356116592,0.13764061331765387,-0.7780755544224659,-0.8077972763697561,,,-0.03684834428229284,-0.02897737623426689,0,-0.0,-0.0,-0.0,-0.0
Jiangsu,2008,0.415078140915573,0.584921859084427,58.49218590844269,0,0.17687918338971714,0.21472506392762636,-0.6011963710327487,-0.5930722124421296,-0.03763961821539163,-0.05298722752217777,-0.07448796249768447,-0.08196460375644467,0,-0.0,-0.0,-0.0,-0.0
Jiangsu,2009,0.412142055275397,0.5878579447246031,58.78579447246031,0,0.24887959526671083,0.24085490897861148,-0.3523167757660379,-0.35221730346351815,0.027451520974098954,0.029033838275264998,-0.047036441523585514,-0.05293076548117967,0,-0.0,-0.0,-0.0,-0.0
Jiangsu,2010,0.403121692332921,0.5968783076670789,59.6878307667079,0,0.1837681455287236,0.18166879954318133,-0.1685486302373143,-0.17054850392033682,0.016323811400447235,0.02423551001372866,-0.030712630123138275,-0.028695255467451004,0,-0.0,-0.0,-0.0,-0.0
Jiangsu,2011,0.396532749063519,0.603467250936481,60.346725093648104,0,0.1685486302373143,0.17054850392033682,0.0,0.0,0.030712630123138275,0.028695255467451004,0.0,0.0,0,0.0,0.0,0.0,0.0
Jiangsu,2012,0.394445944382304,0.6055540556176959,60.55540556176959,0,0.15632341376509687,0.1603883721386927,0.15632341376509687,0.1603883721386927,0.03390292331994406,0.01374015265499284,0.03390292331994406,0.01374015265499284,1,0.15632341376509687,0.1603883721386927,0.03390292331994406,0.01374015265499284
Jiangsu,2013,0.381068354001125,0.618931645998875,61.8931645998875,0,0.109145429120977,0.11740171479129867,0.26546884288607386,0.2777900869299914,0.04344622396752882,0.03507815562884527,0.07734914728747287,0.04881830828383811,1,0.26546884288607386,0.2777900869299914,0.07734914728747287,0.04881830828383811
Jiangsu,2014,0.370286458911767,0.6297135410882331,62.971354108823306,0,0.17643788128105622,0.22557455953190778,0.4419067241671301,0.5033646464618992,0.07946110935821314,0.037566831441793964,0.156810256645686,0.08638513972563208,1,0.4419067241671301,0.5033646464618992,0.156810256645686,0.08638513972563208
Jiangsu,2015,0.351122564523057,0.648877435476943,64.8877435476943,0,0.059152444867398346,0.008966829832085504,0.5010591690345284,0.5123314762939847,0.04579647266464698,0.021231325531445404,0.202606729310333,0.10761646525707748,1,0.5010591690345284,0.5123314762939847,0.202606729310333,0.10761646525707748
Jiangsu,2016,0.353877638030271,0.6461223619697289,64.6122361969729,0,0.11855784575057746,0.11747665437149175,0.6196170147851059,0.6298081306654764,0.05740146893903124,0.021487462186831736,0.2600081982493642,0.12910392744390922,1,0.6196170147851059,0.6298081306654764,0.2600081982493642,0.12910392744390922
Jiangsu,2017,0.345734383349247,0.654265616650753,65.4265616650753,1,0.030253843953524512,0.051063859175796,0.6498708587386304,0.6808719898412724,-0.011901295280006356,-0.003244346186478854,0.2481069029693579,0.12585958125743035,1,0.6498708587386304,0.6808719898412724,0.2481069029693579,0.12585958125743035
Jiangsu,2018,0.337115788146507,0.662884211853493,66.2884211853493,0,-0.009451198037002794,0.025357643252889483,0.6404196607016277,0.706229633094162,0.004185299639320688,0.014168099943821403,0.2522922026086786,0.14002768120125175,1,0.6404196607016277,0.706229633094162,0.2522922026086786,0.14002768120125175
Jiangsu,2019,0.335727004128593,0.664272995871407,66.4272995871407,0,0.12754338505176785,0.07027579778206339,0.7679630457533955,0.7765054308762253,0.01641686677089962,-0.029812093293524293,0.26870906937957817,0.11021558790772748,1,0.7679630457533955,0.7765054308762253,0.26870906937957817,0.11021558790772748
Jiangsu,2020,0.338328381346079,0.661671618653921,66.1671618653921,0,0.07404368418973858,0.12399784825070599,0.842006729943134,0.9005032791269312,-0.04144302791065181,-0.006143374284578543,0.22726604146892637,0.10407221362314895,1,0.842006729943134,0.9005032791269312,0.22726604146892637,0.10407221362314895
Jiangsu,2021,0.340190685297662,0.6598093147023381,65.9809314702338,0,0.08398619569095125,0.09157240191793142,0.9259929256340853,0.9920756810448627,0.010957651998703542,0.004681598456677659,0.23822369346762995,0.1087538120798266,1,0.9259929256340853,0.9920756810448627,0.23822369346762995,0.1087538120798266
Jiangsu,2022,0.34562092026751,0.65437907973249,65.437907973249,0,0.06013666275227407,0.05884681346173233,0.9861295883863594,1.0509224945065951,0.00043638497520919264,-0.004098506328423607,0.2386600784428391,0.10465530575140299,1,0.9861295883863594,1.0509224945065951,0.2386600784428391,0.10465530575140299
Jiangxi,2005,0.62245417515275,0.3775458248472499,37.754582484725,0,,,-1.2008431536151207,-1.2080246337354041,,,,,0,-0.0,-0.0,,
Jiangxi,2006,0.619282800085892,0.380717199914108,38.0717199914108,0,0.22035262860777777,0.23633189722034145,-0.9804905250073428,-0.9716927365150626,,,,,0,-0.0,-0.0,,
Jiangxi,2007,0.623249299719888,0.376750700280112,37.675070028011206,0,0.17023030797794084,0.13624835881904923,-0.810260217029402,-0.8354443776960134,,,-0.04181097387638193,-0.022314778925457884,0,-0.0,-0.0,-0.0,-0.0
Jiangxi,2008,0.580968468468469,0.419031531531531,41.903153153153106,0,0.20070569023547558,0.23264979990640222,-0.6095545267939264,-0.6027945777896112,-0.028186500125071772,-0.049287815030085176,-0.0699974740014537,-0.07160259395554305,0,-0.0,-0.0,-0.0,-0.0
Jiangxi,2009,0.577109974424553,0.4228900255754469,42.2890025575447,0,0.25077679195588237,0.23689367450785434,-0.3587777348380441,-0.3659009032817568,0.02099307571682256,0.0169257154042099,-0.049004398284631136,-0.05467687855133315,0,-0.0,-0.0,-0.0,-0.0
Jiangxi,2010,0.618695791840668,0.3813042081593319,38.1304208159332,0,0.1941015538090342,0.19002946420182118,-0.16467618102900988,-0.17587143907993563,0.01896927831633613,0.030284206650253886,-0.03003511996829501,-0.02439267190107927,0,-0.0,-0.0,-0.0,-0.0
Jiangxi,2011,0.61799188336089,0.38200811663911,38.20081166391101,0,0.16467618102900988,0.17587143907993563,0.0,0.0,0.03003511996829501,0.02439267190107927,0.0,0.0,0,0.0,0.0,0.0,0.0
Jiangxi,2012,0.630574033013057,0.3694259669869429,36.942596698694295,0,0.15652100826597642,0.16402962887678918,0.15652100826597642,0.16402962887678918,0.025841229030882484,0.005205165493466855,0.025841229030882484,0.005205165493466855,1,0.15652100826597642,0.16402962887678918,0.025841229030882484,0.005205165493466855
Jiangxi,2013,0.589695498676081,0.410304501323919,41.030450132391906,0,0.11246118467383195,0.12688654500423663,0.2689821929398084,0.2909161738810258,0.03900397352727837,0.030276231917025113,0.06484520255816086,0.03548139741049197,1,0.2689821929398084,0.2909161738810258,0.06484520255816086,0.03548139741049197
Jiangxi,2014,0.582137642853547,0.417862357146453,41.7862357146453,0,0.1850943139428181,0.24263083159543092,0.45407650688262646,0.5335470054764567,0.05376126923398044,0.020274884714817094,0.1186064717921413,0.05575628212530906,1,0.45407650688262646,0.5335470054764567,0.1186064717921413,0.05575628212530906
Jiangxi,2015,0.5313994090787,0.4686005909213,46.86005909213,0,0.06014495935794394,0.005099881330372296,0.5142214662405704,0.538646886806829,0.03343698061520632,0.0166300388206959,0.15204345240734762,0.07238632094600496,1,0.5142214662405704,0.538646886806829,0.15204345240734762,0.07238632094600496
Jiangxi,2016,0.497994958753437,0.502005041246563,50.2005041246563,0,0.12105767386139765,0.12517912353513883,0.6352791401019681,0.6638260103419679,0.036459478395867564,0.009173056437784117,0.18850293080321517,0.08155937738378907,1,0.6352791401019681,0.6638260103419679,0.18850293080321517,0.08155937738378907
Jiangxi,2017,0.489168156483332,0.510831843516668,51.0831843516668,1,0.0488768367141838,0.06556898021968532,0.6841559768161519,0.7293949905616532,0.002979737983463695,0.004643545743065049,0.19148266878667886,0.08620292312685413,1,0.6841559768161519,0.7293949905616532,0.19148266878667886,0.08620292312685413
Jiangxi,2018,0.481510277467321,0.518489722532679,51.8489722532679,0,0.012802807819901812,0.0442574689958893,0.6969587846360537,0.7736524595575425,0.008222681424009113,0.013205180638244347,0.19970535021068797,0.09940810376509848,1,0.6969587846360537,0.7736524595575425,0.19970535021068797,0.09940810376509848
Jiangxi,2019,0.40241847556745,0.59758152443255,59.758152443255,0,0.09881396499861612,0.04602784296275664,0.7957727496346698,0.8196803025202991,-0.0004915468056379676,-0.046109746858089884,0.19921380340505002,0.0532983569070086,1,0.7957727496346698,0.8196803025202991,0.19921380340505002,0.0532983569070086
Jiangxi,2020,0.420655277549243,0.5793447224507571,57.93447224507571,0,0.08964974566227712,0.13990308060787945,0.8854224952969469,0.9595833831281786,-0.02629452881193897,0.009476608450090712,0.17291927459311104,0.06277496535709931,1,0.8854224952969469,0.9595833831281786,0.17291927459311104,0.06277496535709931
Jiangxi,2021,0.43860333560909,0.5613966643909101,56.13966643909101,0,0.08665048102029477,0.09570162689146766,0.9720729763172418,1.0552850100196463,0.018138194965520684,0.006616515074958076,0.19105746955863173,0.06939148043205738,1,0.9720729763172418,1.0552850100196463,0.19105746955863173,0.06939148043205738
Jiangxi,2022,0.415037837400348,0.584962162599652,58.496216259965195,0,0.09037492193921712,0.07617011866659018,1.0624478982564587,1.1314551286862364,-0.0027734628206502097,-0.009392413626606654,0.1882840067379815,0.059999066805450724,1,1.0624478982564587,1.1314551286862364,0.1882840067379815,0.059999066805450724
Jilin,2005,0.490985324947589,0.5090146750524109,50.901467505241094,0,,,-1.2032635314950242,-1.2097461170257704,,,,,0,-0.0,-0.0,,
Jilin,2006,0.468338213762811,0.5316617862371891,53.166178623718906,0,0.2115201066838206,0.23205074762912228,-0.9917434248112037,-0.9776953693966481,,,,,0,-0.0,-0.0,,
Jilin,2007,0.406792452830189,0.5932075471698111,59.32075471698111,0,0.1698519009199997,0.13809915364603062,-0.8218915238912039,-0.8395962157506175,,,-0.0367590772325184,-0.028173389491139903,0,-0.0,-0.0,-0.0,-0.0
Jilin,2008,0.465301749791691,0.5346982502083091,53.46982502083091,0,0.20579405583620616,0.23201437446344186,-0.6160974680549979,-0.6075818412871756,-0.035243720428875504,-0.049319042179446534,-0.07200279766139389,-0.07749243167058643,0,-0.0,-0.0,-0.0,-0.0
Jilin,2009,0.388916476313437,0.611083523686563,61.108352368656305,0,0.25232673708949305,0.2400873475669965,-0.3637707309655048,-0.3674944937201791,0.022030362201864433,0.014531571560784703,-0.04997243545952947,-0.06296086010980173,0,-0.0,-0.0,-0.0,-0.0
Jilin,2010,0.440697312441631,0.559302687558369,55.9302687558369,0,0.19718629067456575,0.1965991633331894,-0.16658444029093902,-0.17089533038698973,0.014242993001041558,0.03370605533034779,-0.03572944245848791,-0.029254804779453945,0,-0.0,-0.0,-0.0,-0.0
Jilin,2011,0.451763762693747,0.548236237306253,54.8236237306253,0,0.16658444029093902,0.17089533038698973,0.0,0.0,0.03572944245848791,0.029254804779453945,0.0,0.0,0,0.0,0.0,0.0,0.0
Jilin,2012,0.42900424156736,0.5709957584326399,57.09957584326399,0,0.15560243298292797,0.16183767695424528,0.15560243298292797,0.16183767695424528,0.023169912880573955,0.007167999445712777,0.023169912880573955,0.007167999445712777,1,0.15560243298292797,0.16183767695424528,0.023169912880573955,0.007167999445712777
Jilin,2013,0.446694943525711,0.553305056474289,55.33050564742889,0,0.11323550711115402,0.12382871784195838,0.26883794009408196,0.28566639479620365,0.0387490426243604,0.03320187408969842,0.061918955504934356,0.040369873535411195,1,0.26883794009408196,0.28566639479620365,0.061918955504934356,0.040369873535411195
Jilin,2014,0.480966356173706,0.519033643826294,51.903364382629405,0,0.17802814157428037,0.23740680024842087,0.44686608166836234,0.5230731950446246,0.05363288175473021,0.022032534147722983,0.11555183725966456,0.06240240768313418,1,0.44686608166836234,0.5230731950446246,0.11555183725966456,0.06240240768313418
Jilin,2015,0.47571146075144,0.52428853924856,52.428853924856,0,0.07305984082191877,0.008648978103743366,0.5199259224902811,0.5317221731483679,0.03398031725270599,0.016341887994426412,0.14953215451237056,0.0787442956775606,1,0.5199259224902811,0.5317221731483679,0.14953215451237056,0.0787442956775606
Jilin,2016,0.46974506974507,0.53025493025493,53.025493025493,0,0.12168184790744682,0.12145478925268172,0.6416077703977279,0.6531769624010497,0.036141869958134024,0.010306478498668427,0.18567402447050457,0.08905077417622902,1,0.6416077703977279,0.6531769624010497,0.18567402447050457,0.08905077417622902
Jilin,2017,0.503864414265209,0.496135585734791,49.6135585734791,1,0.05320593243382929,0.07049391073305122,0.6948137028315573,0.7236708731341008,0.003734911372400639,0.007519323887499232,0.18940893584290522,0.09657009806372825,1,0.6948137028315573,0.7236708731341008,0.18940893584290522,0.09657009806372825
Jilin,2018,0.549646997862556,0.450353002137444,45.0353002137444,0,0.01698774728872401,0.04451065512986466,0.7118014501202812,0.7681815282639655,0.009713905610991678,0.015844785269046677,0.1991228414538969,0.11241488333277493,1,0.7118014501202812,0.7681815282639655,0.1991228414538969,0.11241488333277493
Jilin,2019,0.422246293412768,0.577753706587232,57.775370658723205,0,0.09665433973053227,0.05113340966634482,0.8084557898508136,0.8193149379303104,-0.002014606826221576,-0.04522218929271861,0.1971082346276753,0.06719269404005632,1,0.8084557898508136,0.8193149379303104,0.1971082346276753,0.06719269404005632
Jilin,2020,0.453766074709124,0.546233925290876,54.6233925290876,0,0.08474946716576727,0.1372646964607254,0.8932052570165808,0.9565796343910358,-0.02792492790844761,0.008227901498356333,0.1691833067192277,0.07542059553841264,1,0.8932052570165808,0.9565796343910358,0.1691833067192277,0.07542059553841264
Jilin,2021,0.373745713197002,0.626254286802998,62.6254286802998,0,0.08463843119813777,0.09593549912144542,0.9778436882147186,1.0525151335124812,0.023858792411036812,0.007612775370144361,0.19304209913026454,0.083033370908557,1,0.9778436882147186,1.0525151335124812,0.19304209913026454,0.083033370908557
Jilin,2022,0.542530111468542,0.457469888531458,45.7469888531458,0,0.11373114833884232,0.07335845214940333,1.091574836553561,1.1258735856618847,-0.0053887186945169915,-0.006426489798829057,0.18765338043574753,0.07660688110972795,1,1.091574836553561,1.1258735856618847,0.18765338043574753,0.07660688110972795
Liaoning,2005,0.592944708531398,0.407055291468602,40.7055291468602,0,,,-1.2310962129511442,-1.188987049224461,,,,,0,-0.0,-0.0,,
Liaoning,2006,0.592383219279976,0.407616780720024,40.7616780720024,0,0.2066060391340134,0.20496473683056374,-1.0244901738171306,-0.9840223123938971,,,,,0,-0.0,-0.0,,
Liaoning,2007,0.580456264487007,0.4195437355129929,41.9543735512993,0,0.19270017320632363,0.15293653830911752,-0.8317900006108071,-0.8310857740847797,,,-0.05487945600753728,-0.034148977318428184,0,-0.0,-0.0,-0.0,-0.0
Liaoning,2008,0.564698219713417,0.4353017802865829,43.5301780286583,0,0.18649048872718374,0.2189611286289565,-0.6452995118836233,-0.6121246454558231,-0.04218997708193902,-0.04753801337166256,-0.09706943308947631,-0.08168699069009074,0,-0.0,-0.0,-0.0,-0.0
Liaoning,2009,0.578371970495258,0.421628029504742,42.1628029504742,0,0.2541194708466138,0.24376811275080582,-0.39118004103700954,-0.36835653270501734,0.03359653622708026,0.019148396780544197,-0.06347289686239604,-0.06253859390954654,0,-0.0,-0.0,-0.0,-0.0
Liaoning,2010,0.588330038802255,0.411669961197745,41.1669961197745,0,0.20767307910745542,0.2007591760548474,-0.18350696192955415,-0.16759735665016998,0.016753084338267284,0.0313136265461046,-0.046719812524128754,-0.031224967363441936,0,-0.0,-0.0,-0.0,-0.0
Liaoning,2011,0.555679576367978,0.4443204236320219,44.43204236320219,0,0.18350696192955415,0.16759735665016998,0.0,0.0,0.046719812524128754,0.031224967363441936,0.0,0.0,0,0.0,0.0,0.0,0.0
Liaoning,2012,0.556960708862866,0.443039291137134,44.3039291137134,0,0.1681857339411793,0.17011376904481657,0.1681857339411793,0.17011376904481657,0.038964211494702854,0.02158800582640965,0.038964211494702854,0.02158800582640965,1,0.1681857339411793,0.17011376904481657,0.038964211494702854,0.02158800582640965
Liaoning,2013,0.535546883065932,0.464453116934068,46.4453116934068,0,0.11775483629493119,0.12128463892382646,0.28594057023611047,0.291398407968643,0.052478010852865985,0.03377697170998296,0.09144222234756884,0.05536497753639261,1,0.28594057023611047,0.291398407968643,0.09144222234756884,0.05536497753639261
Liaoning,2014,0.55006166397875,0.44993833602125,44.993833602125,0,0.17975127906149058,0.2257730293377308,0.46569184929760105,0.5171714373063738,0.08230589833805324,0.037280651103621276,0.1737481206856221,0.09264562864001388,1,0.46569184929760105,0.5171714373063738,0.1737481206856221,0.09264562864001388
Liaoning,2015,0.550753045182711,0.449246954817289,44.924695481728904,0,0.08435012001822147,0.02292493626602238,0.5500419693158225,0.5400963735723963,0.05044135462981135,0.024812684513818854,0.22418947531543343,0.11745831315383273,1,0.5500419693158225,0.5400963735723963,0.22418947531543343,0.11745831315383273
Liaoning,2016,0.543471965427368,0.456528034572632,45.6528034572632,0,0.13348800979254305,0.1258040410244175,0.6835299791083655,0.6659004145968137,0.07308288819603086,0.02737465688131959,0.29727236351146424,0.14483297003515233,1,0.6835299791083655,0.6659004145968137,0.29727236351146424,0.14483297003515233
Liaoning,2017,0.566109837318485,0.433890162681515,43.3890162681515,1,0.04029651574983135,0.0625353229012906,0.723826494858197,0.7284357374981043,-0.004365393343059886,0.005666382614772341,0.2929069701684044,0.15049935264992467,1,0.723826494858197,0.7284357374981043,0.2929069701684044,0.15049935264992467
Liaoning,2018,0.587798192642083,0.412201807357917,41.2201807357917,0,0.0005711339673990417,0.030669550318800025,0.724397628825596,0.7591052878169045,0.00401835314868648,0.010836364747817946,0.2969253233170909,0.16133571739774263,1,0.724397628825596,0.7591052878169045,0.2969253233170909,0.16133571739774263
Liaoning,2019,0.589260575182678,0.4107394248173219,41.07394248173219,0,0.11703255473769532,0.07146331069374193,0.8414301835632914,0.8305685985106463,0.017260930550343383,-0.02622421945968411,0.31418625386743426,0.1351114979380585,1,0.8414301835632914,0.8305685985106463,0.31418625386743426,0.1351114979380585
Liaoning,2020,0.581710855924006,0.418289144075994,41.828914407599406,0,0.07897037571888445,0.12423975457005176,0.9204005592821758,0.9548083530806981,-0.03904304142974742,-0.003959236774964923,0.27514321243768686,0.1311522611630936,1,0.9204005592821758,0.9548083530806981,0.27514321243768686,0.1311522611630936
Liaoning,2021,0.635113696456901,0.364886303543099,36.488630354309905,0,0.08744727925986814,0.0956706834715856,1.0078478385420437,1.0504790365522836,0.028046548262864363,0.011820561093212636,0.3031897607005512,0.14297282225630623,1,1.0078478385420437,1.0504790365522836,0.3031897607005512,0.14297282225630623
Liaoning,2022,0.605882030479114,0.3941179695208859,39.411796952088594,0,0.09690695859204917,0.07083803671586526,1.104754797134093,1.1213170732681488,0.0007342624919778407,-0.003431107729695728,0.3039240231925291,0.1395417145266105,1,1.104754797134093,1.1213170732681488,0.3039240231925291,0.1395417145266105
Neimenggu,2005,0.702570996471181,0.2974290035288189,29.742900352881897,0,,,-1.2148176636516044,-1.2112636522548332,,,,,0,-0.0,-0.0,,
Neimenggu,2006,0.705805267985847,0.294194732014153,29.419473201415304,0,0.21564684589505975,0.2373798326633738,-0.9991708177565446,-0.9738838195914594,,,,,0,-0.0,-0.0,,
Neimenggu,2007,0.692943167114562,0.3070568328854379,30.705683288543796,0,0.17342666356607722,0.14319582285473964,-0.8257441541904674,-0.8306879967367197,,,-0.03561710027305968,-0.013452282763567282,0,-0.0,-0.0,-0.0,-0.0
Neimenggu,2008,0.742673992673993,0.2573260073260069,25.732600732600694,0,0.20044231536705265,0.22497405160645428,-0.6253018388234146,-0.6057139451302654,-0.03219575430433383,-0.026834429426041098,-0.0678128545773935,-0.04028671218960838,0,-0.0,-0.0,-0.0,-0.0
Neimenggu,2009,0.694317315026697,0.305682684973303,30.568268497330298,0,0.2533949096149137,0.2370941421735609,-0.371906929208501,-0.3686198029567046,0.019597589793754557,0.006185743772107748,-0.048215264783638946,-0.034100968417500634,0,-0.0,-0.0,-0.0,-0.0
Neimenggu,2010,0.64050857172633,0.35949142827367,35.949142827367,0,0.20351829151513492,0.1972007026264598,-0.16838863769336604,-0.17141910033024477,0.013179295186130816,0.014018402973256294,-0.03503596959750813,-0.02008256544424434,0,-0.0,-0.0,-0.0,-0.0
Neimenggu,2011,0.665264446059123,0.3347355539408769,33.4735553940877,0,0.16838863769336604,0.17141910033024477,0.0,0.0,0.03503596959750813,0.02008256544424434,0.0,0.0,0,0.0,0.0,0.0,0.0
Neimenggu,2012,0.642621833465864,0.357378166534136,35.7378166534136,0,0.15854101244818922,0.1605067569295009,0.15854101244818922,0.1605067569295009,0.026566355825646457,0.006301974982394851,0.026566355825646457,0.006301974982394851,1,0.15854101244818922,0.1605067569295009,0.026566355825646457,0.006301974982394851
Neimenggu,2013,0.649783322061071,0.3502166779389289,35.021667793892895,0,0.11461150951348639,0.1305214947828377,0.2731525219616756,0.2910282517123386,0.04220751653466209,0.028033103395145295,0.06877387236030855,0.03433507837754014,1,0.2731525219616756,0.2910282517123386,0.06877387236030855,0.03433507837754014
Neimenggu,2014,0.693349357254759,0.306650642745241,30.665064274524106,0,0.17931854184753776,0.2292989981599738,0.45247106380921337,0.5203272498723124,0.06019109519753962,0.020532456213046772,0.12896496755784817,0.054867534590586915,1,0.45247106380921337,0.5203272498723124,0.12896496755784817,0.054867534590586915
Neimenggu,2015,0.696270362960846,0.303729637039154,30.372963703915403,0,0.07975201372858211,0.02464377726037437,0.5322230775377955,0.5449710271326867,0.038480583907096064,0.02327507651764705,0.16744555146494422,0.07814261110823398,1,0.5322230775377955,0.5449710271326867,0.16744555146494422,0.07814261110823398
Neimenggu,2016,0.693632021252139,0.306367978747861,30.636797874786105,0,0.12566545863773157,0.12433290265495917,0.6578885361755271,0.6693039297876459,0.04112928097264377,0.004154378123398925,0.208574832437588,0.0822969892316329,1,0.6578885361755271,0.6693039297876459,0.208574832437588,0.0822969892316329
Neimenggu,2017,0.681167387719005,0.318832612280995,31.883261228099503,1,0.05266649290222991,0.07341241379833816,0.710555029077757,0.742716343585984,0.005835116136231718,0.010047191400325454,0.2144099485738197,0.09234418063195834,1,0.710555029077757,0.742716343585984,0.2144099485738197,0.09234418063195834
Neimenggu,2018,0.670230207748456,0.329769792251544,32.9769792251544,0,0.013001945166616475,0.03548862834235218,0.7235569742443735,0.7782049719283363,0.012109571996163394,0.01152402108729798,0.22651952056998312,0.10386820171925633,1,0.7235569742443735,0.7782049719283363,0.22651952056998312,0.10386820171925633
Neimenggu,2019,0.676823244117119,0.323176755882881,32.3176755882881,0,0.1055584063268646,0.07202406985474612,0.8291153805712381,0.8502290417830823,0.003321567168869414,-0.02371048539022391,0.22984108773885253,0.08015771632903242,1,0.8291153805712381,0.8502290417830823,0.22984108773885253,0.08015771632903242
Neimenggu,2020,0.685031440911227,0.3149685590887729,31.496855908877297,0,0.08285226976969057,0.11784566284880411,0.9119676503409286,0.9680747046318865,-0.029294629958816872,-0.0077979564886590975,0.20054645778003566,0.07235975984037332,1,0.9119676503409286,0.9680747046318865,0.20054645778003566,0.07235975984037332
Neimenggu,2021,0.662113960628499,0.3378860393715009,33.7886039371501,0,0.08578462424064678,0.09394316353524859,0.9977522745815754,1.062017868167135,0.024243931290566782,0.007193664373443631,0.22479038907060242,0.07955342421381695,1,0.9977522745815754,1.062017868167135,0.22479038907060242,0.07955342421381695
Neimenggu,2022,0.658823797376093,0.341176202623907,34.1176202623907,0,0.10315838904952547,0.0708772926823856,1.100910663631101,1.1328951608495206,-0.0037212477732764225,-0.011504145180877386,0.221069141297326,0.06804927903293957,1,1.100910663631101,1.1328951608495206,0.221069141297326,0.06804927903293957
Ningxia,2005,0.616801768607222,0.383198231392778,38.3198231392778,0,,,-1.2260593301325726,-1.1877937933746034,,,,,0,-0.0,-0.0,,
Ningxia,2006,0.624808575803982,0.375191424196018,37.519142419601806,0,0.20943628251735708,0.22904385658137175,-1.0166230476152154,-0.9587499367932317,,,,,0,-0.0,-0.0,,
Ningxia,2007,0.684137931034483,0.315862068965517,31.586206896551705,0,0.16465260250183775,0.1416231563378993,-0.8519704451133776,-0.8171267804553324,,,-0.03077334262261891,-0.01881462393535936,0,-0.0,-0.0,-0.0,-0.0
Ningxia,2008,0.608497723823976,0.3915022761760239,39.1502276176024,0,0.21677475477086502,0.22626970237033087,-0.6351956903425127,-0.5908570780850015,-0.02639428376244181,-0.037910766076086934,-0.05716762638506072,-0.05672539001144629,0,-0.0,-0.0,-0.0,-0.0
Ningxia,2009,0.685991678224688,0.314008321775312,31.4008321775312,0,0.25482512184918865,0.2402553366604443,-0.380370568493324,-0.35060174142455724,0.011161148887801719,0.00849767935851304,-0.046006477497259,-0.04822771065293325,0,-0.0,-0.0,-0.0,-0.0
Ningxia,2010,0.65183353934899,0.34816646065101,34.816646065101,0,0.21162118312131978,0.19029047392025616,-0.16874938537200423,-0.16031126750430108,0.014721887079784127,0.02648613689621912,-0.031284590417474875,-0.02174157375671413,0,-0.0,-0.0,-0.0,-0.0
Ningxia,2011,0.707297830374753,0.292702169625247,29.2702169625247,0,0.16874938537200423,0.16031126750430108,0.0,0.0,0.031284590417474875,0.02174157375671413,0.0,0.0,0,0.0,0.0,0.0,0.0
Ningxia,2012,0.674067076051016,0.325932923948984,32.5932923948984,0,0.15762593493698285,0.1564395625339593,0.15762593493698285,0.1564395625339593,0.02272193569609957,0.008895009143212385,0.02272193569609957,0.008895009143212385,1,0.15762593493698285,0.1564395625339593,0.02272193569609957,0.008895009143212385
Ningxia,2013,0.663568244332732,0.336431755667268,33.6431755667268,0,0.11670708196213779,0.11908577859403123,0.2743330168991206,0.27552534112799054,0.039452511328461184,0.027901835513006235,0.06217444702456076,0.036796844656218616,1,0.2743330168991206,0.27552534112799054,0.06217444702456076,0.036796844656218616
Ningxia,2014,0.639152948450421,0.3608470515495789,36.084705154957895,0,0.18258667195613337,0.22148134070662395,0.456919688855254,0.4970066818346145,0.047566518342062256,0.018557303893824473,0.109740965366623,0.055354148550043086,1,0.456919688855254,0.4970066818346145,0.109740965366623,0.055354148550043086
Ningxia,2015,0.60901303538175,0.39098696461825,39.098696461825,0,0.08816524427921087,0.014132708693493241,0.5450849331344648,0.5111393905281076,0.031394796747266585,0.016162586497458088,0.1411357621138896,0.07151673504750117,1,0.5450849331344648,0.5111393905281076,0.1411357621138896,0.07151673504750117
Ningxia,2016,0.685805796422155,0.314194203577845,31.4194203577845,0,0.12876092140067685,0.11759896567982683,0.6738458545351417,0.6287383562079345,0.034536672833460035,0.005717883399371473,0.17567243494734963,0.07723461844687265,1,0.6738458545351417,0.6287383562079345,0.17567243494734963,0.07723461844687265
Ningxia,2017,0.710779595765159,0.2892204042348409,28.9220404234841,1,0.0664135374208161,0.06779393798170759,0.7402593919559578,0.6965322941896421,0.012522206296655031,0.007909560665991626,0.18819464124400465,0.08514417911286429,1,0.7402593919559578,0.6965322941896421,0.18819464124400465,0.08514417911286429
Ningxia,2018,0.73041983795728,0.2695801620427199,26.958016204271996,0,0.02164982260314758,0.036163712848465784,0.7619092145591053,0.7326960070381079,0.016436451594779765,0.012319198421591224,0.20463109283878442,0.0974633775344555,1,0.7619092145591053,0.7326960070381079,0.20463109283878442,0.0974633775344555
Ningxia,2019,0.725932073544433,0.274067926455567,27.4067926455567,0,0.09486919721584836,0.06714925293382631,0.8567784117749537,0.7998452599719342,0.0019731243792363677,-0.0286705924529169,0.20660421721802077,0.0687927850815386,1,0.8567784117749537,0.7998452599719342,0.20660421721802077,0.0687927850815386
Ningxia,2020,0.732157177225341,0.267842822774659,26.7842822774659,0,0.08200165861626114,0.1240796699981111,0.9387800703912148,0.9239249299700453,-0.027110642659878226,-0.00444080086995495,0.17949357455814258,0.06435198421158365,1,0.9387800703912148,0.9239249299700453,0.17949357455814258,0.06435198421158365
Ningxia,2021,0.751691249861373,0.2483087501386269,24.830875013862695,0,0.08555168619322137,0.09376456492851244,1.0243317565844363,1.0176894948985578,0.026570440077501097,0.005235441346136449,0.20606401463564367,0.0695874255577201,1,1.0243317565844363,1.0176894948985578,0.20606401463564367,0.0695874255577201
Ningxia,2022,0.752792949354518,0.2472070506454819,24.7207050645482,0,0.12301459503840265,0.06799225677901002,1.1473463516228388,1.0856817516775676,-0.005753014311406297,-0.007099796781655358,0.20031100032423738,0.062487628776064744,1,1.1473463516228388,1.0856817516775676,0.20031100032423738,0.062487628776064744
Qinghai,2005,0.761627906976744,0.238372093023256,23.8372093023256,0,,,-1.1338866877911482,-1.186855280323274,,,,,0,-0.0,-0.0,,
Qinghai,2006,0.848209783156833,0.1517902168431669,15.179021684316696,0,0.18839053521171187,0.22768992559879747,-0.9454961525794363,-0.9591653547244763,,,,,0,-0.0,-0.0,,
Qinghai,2007,0.826798793623438,0.173201206376562,17.3201206376562,0,0.15103995267504602,0.13962444748928649,-0.7944561999043903,-0.8195409072351899,,,-0.012198412597438727,-0.016931687119006826,0,-0.0,-0.0,-0.0,-0.0
Qinghai,2008,0.840862422997947,0.159137577002053,15.9137577002053,0,0.22294143344836542,0.22896409361267658,-0.571514766456025,-0.5905768136225134,-0.013984590156654306,-0.03632757073438129,-0.026183002754093035,-0.05325925785338812,0,-0.0,-0.0,-0.0,-0.0
Qinghai,2009,0.826112412177986,0.1738875878220139,17.388758782201396,0,0.24959197743727674,0.23959320170667747,-0.3219227890187481,-0.3509836119158358,-0.0029660474569039967,0.0073873304391121495,-0.029149050210997035,-0.04587192741427597,0,-0.0,-0.0,-0.0,-0.0
Qinghai,2010,0.866929911154985,0.133070088845015,13.307008884501505,0,0.1837982380352848,0.18975195650382415,-0.13812455098346332,-0.16123165541201165,0.013508182348024306,0.02527629904223816,-0.015640867862972727,-0.020595628372037805,0,-0.0,-0.0,-0.0,-0.0
Qinghai,2011,0.887553802008608,0.112446197991392,11.2446197991392,0,0.13812455098346332,0.16123165541201165,0.0,0.0,0.015640867862972727,0.020595628372037805,0.0,0.0,0,0.0,0.0,0.0,0.0
Qinghai,2012,0.862565278308496,0.1374347216915039,13.743472169150394,0,0.14026549719943493,0.15644435446322114,0.14026549719943493,0.15644435446322114,0.014868152913625208,0.007742148161897023,0.014868152913625208,0.007742148161897023,1,0.14026549719943493,0.15644435446322114,0.014868152913625208,0.007742148161897023
Qinghai,2013,0.869259503405845,0.130740496594155,13.0740496594155,0,0.1039913552376367,0.11998693105850503,0.24425685243707163,0.2764312855217262,0.02260532366096587,0.02679950774985524,0.037473476574591075,0.03454165591175226,1,0.24425685243707163,0.2764312855217262,0.037473476574591075,0.03454165591175226
Qinghai,2014,0.874516307352128,0.1254836926478719,12.548369264787196,0,0.15931835712147882,0.22200502082161888,0.4035752095585505,0.49843630634334507,0.016742370420806032,0.015764558766980005,0.05421584699539711,0.050306214678732274,1,0.4035752095585505,0.49843630634334507,0.05421584699539711,0.050306214678732274
Qinghai,2015,0.903973838073531,0.0960261619264689,9.602616192646895,0,0.07138340622082771,0.015530749501301788,0.47495861577937815,0.5139670558446469,0.015391969253679683,0.016210376038847674,0.06960781624907679,0.06651659071757994,1,0.47495861577937815,0.5139670558446469,0.06960781624907679,0.06651659071757994
Qinghai,2016,0.906046235921755,0.0939537640782449,9.395376407824497,0,0.10637174554965714,0.11766760451952928,0.5813303613290353,0.631634660364176,0.001556896984087277,0.002430744326141503,0.07116471323316406,0.06894733504372144,1,0.5813303613290353,0.631634660364176,0.07116471323316406,0.06894733504372144
Qinghai,2017,0.882171141587792,0.117828858412208,11.782885841220804,1,0.06643763092521346,0.06985323744782265,0.6477679922542487,0.7014878978119987,0.011117188001806387,0.009084288344568136,0.08228190123497045,0.07803162338828959,1,0.6477679922542487,0.7014878978119987,0.08228190123497045,0.07803162338828959
Qinghai,2018,0.859423712801134,0.1405762871988659,14.057628719886594,0,0.021088715159444594,0.03773737532531897,0.6688567074136933,0.7392252731373177,0.014945447971304716,0.0127612963620977,0.09722734920627517,0.09079291975038728,1,0.6688567074136933,0.7392252731373177,0.09722734920627517,0.09079291975038728
Qinghai,2019,0.858300653594771,0.1416993464052289,14.169934640522897,0,0.09515913900352901,0.06549495308625533,0.7640158464172224,0.8047202262235731,0.0027447037822501442,-0.02905713049938064,0.09997205298852532,0.06173578925100664,1,0.7640158464172224,0.8047202262235731,0.09997205298852532,0.06173578925100664
Qinghai,2020,0.818079477653946,0.181920522346054,18.19205223460541,0,0.07624777230447304,0.12373468653779256,0.8402636187216954,0.9284549127613656,-0.034702959663298553,-0.003775547048274867,0.06526909332522676,0.05796024220273177,1,0.8402636187216954,0.9284549127613656,0.06526909332522676,0.05796024220273177
Qinghai,2021,0.825256356229808,0.174743643770192,17.474364377019203,0,0.07968397588327536,0.0932825198593771,0.9199475946049708,1.0217374326207427,0.020758347943364352,0.0053764925050831785,0.0860274412685911,0.06333673470781495,1,0.9199475946049708,1.0217374326207427,0.0860274412685911,0.06333673470781495
Qinghai,2022,0.808868501529052,0.191131498470948,19.113149847094803,0,0.13753882832682643,0.07366846676842523,1.057486422931797,1.095405899389168,-0.012064280670922137,-0.008230909791152489,0.07396316059766897,0.05510582491666245,1,1.057486422931797,1.095405899389168,0.07396316059766897,0.05510582491666245
Shaanxi,2005,0.475925260510241,0.524074739489759,52.407473948975905,0,,,-1.1824399342332077,-1.1871357128767444,,,,,0,-0.0,-0.0,,
Shaanxi,2006,0.497304385837098,0.502695614162902,50.2695614162902,0,0.21188892521127684,0.2201605730084997,-0.9705510090219308,-0.9669751398682447,,,,,0,-0.0,-0.0,,
Shaanxi,2007,0.445423209498277,0.5545767905017229,55.457679050172295,0,0.18347722519782783,0.13408772705729652,-0.787073783824103,-0.8328874128109482,,,-0.0394645344271719,-0.01716365518298575,0,-0.0,-0.0,-0.0,-0.0
Shaanxi,2008,0.457762096774194,0.542237903225806,54.2237903225806,0,0.1816225752559817,0.22834561992595648,-0.6054512085681213,-0.6045417928849917,-0.0438085529638184,-0.04560069480169081,-0.0832730873909903,-0.06276434998467656,0,-0.0,-0.0,-0.0,-0.0
Shaanxi,2009,0.6039907904835,0.3960092095165,39.60092095165,0,0.2502886649184495,0.23691236715182495,-0.3551625436496718,-0.3676294257331667,0.03561503790259528,0.015559458775468795,-0.04765804948839503,-0.04720489120920777,0,-0.0,-0.0,-0.0,-0.0
Shaanxi,2010,0.615838926174497,0.384161073825503,38.4161073825503,0,0.18416539842538976,0.19159596140029173,-0.1709971452242821,-0.176033464332875,0.008262174671097917,0.02299730530936592,-0.03939587481729711,-0.024207585899841844,0,-0.0,-0.0,-0.0,-0.0
Shaanxi,2011,0.535471895121527,0.4645281048784729,46.452810487847294,0,0.1709971452242821,0.176033464332875,0.0,0.0,0.03939587481729711,0.024207585899841844,0.0,0.0,0,0.0,0.0,0.0,0.0
Shaanxi,2012,0.529130400690034,0.4708695993099659,47.0869599309966,0,0.15753786005818743,0.1627552359065969,0.15753786005818743,0.1627552359065969,0.031095366037198462,0.0048604348450269775,0.031095366037198462,0.0048604348450269775,1,0.15753786005818743,0.1627552359065969,0.031095366037198462,0.0048604348450269775
Shaanxi,2013,0.503562619895862,0.4964373801041379,49.6437380104138,0,0.11329281419811636,0.12993150801083236,0.2708306742563038,0.2926867439174293,0.041474173899795325,0.028571788485781353,0.07256953993699379,0.03343222333080833,1,0.2708306742563038,0.2926867439174293,0.07256953993699379,0.03343222333080833
Shaanxi,2014,0.501054368754011,0.498945631245989,49.8945631245989,0,0.1749522132544475,0.2439404887927325,0.4457828875107513,0.5366272327101618,0.07223503634941783,0.019681542664584224,0.1448045762864116,0.05311376599539255,1,0.4457828875107513,0.5366272327101618,0.1448045762864116,0.05311376599539255
Shaanxi,2015,0.4837310881813,0.5162689118187,51.62689118187001,0,0.06670232352092896,0.008661873431924014,0.5124852110316802,0.5452891061420858,0.04366135136314517,0.017662745619333134,0.18846592764955677,0.07077651161472569,1,0.5124852110316802,0.5452891061420858,0.18846592764955677,0.07077651161472569
Shaanxi,2016,0.522277151717997,0.4777228482820029,47.7722848282003,0,0.12228177343170514,0.12472640268665437,0.6347669844633854,0.6700155088287402,0.051382606188409445,0.008493662002787046,0.23984853383796623,0.07927017361751273,1,0.6347669844633854,0.6700155088287402,0.23984853383796623,0.07927017361751273
Shaanxi,2017,0.528308605341246,0.471691394658754,47.16913946587539,1,0.031820122901671126,0.06884185940972605,0.6665871073650564,0.7388573682384663,-0.007767567300521872,0.004384581140504942,0.23208096653744437,0.08365475475801767,1,0.6665871073650564,0.7388573682384663,0.23208096653744437,0.08365475475801767
Shaanxi,2018,0.533934313275149,0.466065686724851,46.6065686724851,0,0.00038131604610924536,0.041837038853741626,0.6669684234111657,0.7806944070922079,-0.0015806643793102556,0.011267340493736485,0.2305003021581341,0.09492209525175416,1,0.6669684234111657,0.7806944070922079,0.2305003021581341,0.09492209525175416
Shaanxi,2019,0.519809528905059,0.4801904710949409,48.019047109494096,0,0.11116433594915572,0.050576884712097564,0.7781327593603214,0.8312712918043055,0.00886122610501932,-0.039574336049479665,0.23936152826315343,0.0553477592022745,1,0.7781327593603214,0.8312712918043055,0.23936152826315343,0.0553477592022745
Shaanxi,2020,0.566483570058829,0.433516429941171,43.3516429941171,0,0.08073977772753249,0.13547362972708332,0.858872537087854,0.9667449215313887,-0.03510287831410774,0.004523237248913965,0.2042586499490457,0.059870996451188464,1,0.858872537087854,0.9667449215313887,0.2042586499490457,0.059870996451188464
Shaanxi,2021,0.57651317112407,0.42348682887593,42.348682887593,0,0.08390489020527436,0.09522847985496546,0.9427774272931284,1.0619734013863542,0.017275892618388616,0.00461320768837433,0.2215345425674343,0.0644842041395628,1,0.9427774272931284,1.0619734013863542,0.2215345425674343,0.0644842041395628
Shaanxi,2022,0.600086368216496,0.399913631783504,39.9913631783504,0,0.0897218427852261,0.07355454838498972,1.0324992700783544,1.135527949771344,-0.0028745269548464372,-0.011150610461180844,0.21866001561258785,0.053333593678381946,1,1.0324992700783544,1.135527949771344,0.21866001561258785,0.053333593678381946
Shandong,2005,0.395017085227084,0.604982914772916,60.4982914772916,0,,,-1.2076727599098576,-1.223736667476177,,,,,0,-0.0,-0.0,,
Shandong,2006,0.419333625602806,0.580666374397194,58.0666374397194,0,0.22790489598075114,0.24334888906659471,-0.9797678639291063,-0.9803877784095822,,,,,0,-0.0,-0.0,,
Shandong,2007,0.477848221403895,0.522151778596105,52.21517785961049,0,0.18134666069025826,0.14306667267248788,-0.7984212032388481,-0.8373211057370943,,,-0.036868049869851295,-0.02739299053015885,0,-0.0,-0.0,-0.0,-0.0
Shandong,2008,0.435487635973171,0.564512364026829,56.4512364026829,0,0.19045671621509147,0.2332986247801221,-0.6079644870237566,-0.6040224809569722,-0.037839541064229106,-0.03739251552810501,-0.0747075909340804,-0.06478550605826386,0,-0.0,-0.0,-0.0,-0.0
Shandong,2009,0.416781228519653,0.583218771480347,58.321877148034694,0,0.2478709360639365,0.2340593294893509,-0.3600935509598201,-0.36996315146762127,0.027827969616110854,0.006209455135269071,-0.04687962131796955,-0.05857605092299478,0,-0.0,-0.0,-0.0,-0.0
Shandong,2010,0.432394758851408,0.567605241148592,56.7605241148592,0,0.19016924919741807,0.19483767027823723,-0.16992430176240209,-0.1751254811893841,0.009884584741126226,0.0305923203637809,-0.03699503657684332,-0.02798373055921389,0,-0.0,-0.0,-0.0,-0.0
Shandong,2011,0.42546443135478,0.57453556864522,57.45355686452201,0,0.16992430176240209,0.1751254811893841,0.0,0.0,0.03699503657684332,0.02798373055921389,0.0,0.0,0,0.0,0.0,0.0,0.0
Shandong,2012,0.403757742162059,0.5962422578379409,59.624225783794095,0,0.1561299417590588,0.16334996023296317,0.1561299417590588,0.16334996023296317,0.031172455807006137,0.007463273805625406,0.031172455807006137,0.007463273805625406,1,0.1561299417590588,0.16334996023296317,0.031172455807006137,0.007463273805625406
Shandong,2013,0.393240110670755,0.606759889329245,60.6759889329245,0,0.11310972797262063,0.12639096092204483,0.26923966973167945,0.289740921155008,0.03564018472022435,0.0307112801392685,0.06681264052723049,0.038174553944893906,1,0.26923966973167945,0.289740921155008,0.06681264052723049,0.038174553944893906
Shandong,2014,0.396047403753939,0.603952596246061,60.3952596246061,0,0.18178077012332547,0.24238490794662465,0.4510204398550049,0.5321258291016326,0.0669495900397987,0.02565326077877607,0.13376223056702918,0.06382781472366997,1,0.4510204398550049,0.5321258291016326,0.13376223056702918,0.06382781472366997
Shandong,2015,0.393961057792825,0.606038942207175,60.6038942207175,0,0.06264971959995452,0.004340330695664832,0.5136701594549594,0.5364661597972975,0.04559911177064784,0.01834632304631526,0.17936134233767703,0.08217413776998522,1,0.5136701594549594,0.5364661597972975,0.17936134233767703,0.08217413776998522
Shandong,2016,0.372521307122361,0.627478692877639,62.747869287763905,0,0.12138224598526083,0.12329392051229762,0.6350524054402202,0.6597600803095951,0.03773047692844248,0.011010202863852648,0.2170918192661195,0.09318434063383788,1,0.6350524054402202,0.6597600803095951,0.2170918192661195,0.09318434063383788
Shandong,2017,0.419303256132209,0.580696743867791,58.0696743867791,1,0.03996694862491199,0.06462473687271227,0.6750193540651322,0.7243848171823073,-0.00395432476439892,0.004508131939866707,0.21313749450172056,0.09769247257370459,1,0.6750193540651322,0.7243848171823073,0.21313749450172056,0.09769247257370459
Shandong,2018,0.470166286273231,0.529833713726769,52.9833713726769,0,0.001658117906454832,0.03734339273382068,0.6766774719715871,0.761728209916128,0.0014677556330963872,0.012344566291802795,0.214605250134817,0.11003703886550738,1,0.6766774719715871,0.761728209916128,0.214605250134817,0.11003703886550738
Shandong,2019,0.503468518974303,0.496531481025697,49.6531481025697,0,0.11178468255759917,0.053915831042846966,0.7884621545291862,0.8156440409589749,0.010621080059100636,-0.041367572602265604,0.2252263301939176,0.06866946626324177,1,0.7884621545291862,0.8156440409589749,0.2252263301939176,0.06866946626324177
Shandong,2020,0.551119387713338,0.448880612286662,44.88806122866619,0,0.08052399095302973,0.1342283916438577,0.868986145482216,0.9498724326028327,-0.0392164854977398,0.0023926744537016795,0.18600984469617782,0.07106214071694347,1,0.868986145482216,0.9498724326028327,0.18600984469617782,0.07106214071694347
Shandong,2021,0.535956857600933,0.4640431423990669,46.4043142399067,0,0.08396036741212731,0.09424833809141048,0.9529465128943433,1.044120770694243,0.018392065118930243,0.006597877129549868,0.20440190981510806,0.07766001784649333,1,0.9529465128943433,1.044120770694243,0.20440190981510806,0.07766001784649333
Shandong,2022,0.515551514084851,0.484448485915149,48.4448485915149,0,0.08723075781263788,0.07066341329803871,1.0401772707069812,1.1147841839922819,-0.004050681260766157,-0.008582666586930946,0.2003512285543419,0.06907735125956238,1,1.0401772707069812,1.1147841839922819,0.2003512285543419,0.06907735125956238
Shanghai,2005,0.37793891452428,0.62206108547572,62.206108547572,0,,,-1.2619053712466621,-1.220283124833345,,,,,0,-0.0,-0.0,,
Shanghai,2006,0.452961357890935,0.5470386421090649,54.703864210906495,0,0.28247647463682807,0.25456518548199586,-0.9794288966098341,-0.9657179393513492,,,,,0,-0.0,-0.0,,
Shanghai,2007,0.474653993663498,0.5253460063365021,52.53460063365021,0,0.21293572204769254,0.17502763760258516,-0.7664931745621415,-0.7906903017487641,,,-0.08538366175863876,-0.05629379826691899,0,-0.0,-0.0,-0.0,-0.0
Shanghai,2008,0.542780589461149,0.4572194105388509,45.7219410538851,0,0.14683011629564258,0.18927221097232674,-0.6196630582664989,-0.6014180907764373,-0.04957982561875976,-0.047908111714348604,-0.13496348737739852,-0.10420190998126759,0,-0.0,-0.0,-0.0,-0.0
Shanghai,2009,0.501715453682751,0.498284546317249,49.8284546317249,0,0.2596806201653945,0.25319292234592955,-0.35998243810110436,-0.3482251684305077,0.05802942388625872,0.032137841854378235,-0.0769340634911398,-0.07206406812688936,0,-0.0,-0.0,-0.0,-0.0
Shanghai,2010,0.506760058641473,0.493239941358527,49.3239941358527,0,0.18111129128419406,0.18424350359535946,-0.1788711468169103,-0.16398166483514826,0.003882831835699875,0.024005126970452425,-0.07305123165543993,-0.04805894115643694,0,-0.0,-0.0,-0.0,-0.0
Shanghai,2011,0.38686621576246,0.61313378423754,61.313378423754,0,0.1788711468169103,0.16398166483514826,0.0,0.0,0.07305123165543993,0.04805894115643694,0.0,0.0,0,0.0,0.0,0.0,0.0
Shanghai,2012,0.345422308188266,0.654577691811734,65.4577691811734,0,0.18342081608976551,0.16836955267071335,0.18342081608976551,0.16836955267071335,0.05516337019683583,0.03316675851130051,0.05516337019683583,0.03316675851130051,1,0.18342081608976551,0.16836955267071335,0.05516337019683583,0.03316675851130051
Shanghai,2013,0.336410584525387,0.6635894154746129,66.35894154746128,0,0.10736601353394204,0.10672274582832723,0.29078682962370755,0.2750922984990406,0.06307711491366959,0.046994077110068644,0.11824048511050542,0.08016083562136915,1,0.29078682962370755,0.2750922984990406,0.11824048511050542,0.08016083562136915
Shanghai,2014,0.284504884121816,0.7154951158781839,71.54951158781839,0,0.14027517320767313,0.17654607141042838,0.4310620028313807,0.451638369909469,0.13365068835729677,0.07501005912236042,0.25189117346780215,0.15517089474372958,1,0.4310620028313807,0.451638369909469,0.25189117346780215,0.15517089474372958
Shanghai,2015,0.30426854925429,0.69573145074571,69.573145074571,0,0.0686211408776303,0.02814831120686745,0.499683143709011,0.4797866811163364,0.0801064062762346,0.04561411234361984,0.33199757974403676,0.20078500708734942,1,0.499683143709011,0.4797866811163364,0.33199757974403676,0.20078500708734942
Shanghai,2016,0.331650010631512,0.668349989368488,66.8349989368488,0,0.12775142094711392,0.12046046677902995,0.6274345646561249,0.6002471478953664,0.09310178202325108,0.0474080998053471,0.42509936176728785,0.2481931068926965,1,0.6274345646561249,0.6002471478953664,0.42509936176728785,0.2481931068926965
Shanghai,2017,0.329764008732716,0.670235991267284,67.0235991267284,1,-0.0037035919621385915,0.03213294824044787,0.6237309726939864,0.6323800961358143,-0.031559896608087785,-0.01128544942652722,0.3935394651592,0.2369076574661693,1,0.6237309726939864,0.6323800961358143,0.3935394651592,0.2369076574661693
Shanghai,2018,0.327925545440675,0.672074454559325,67.2074454559325,0,0.03173597956371361,0.050378252450674794,0.6554669522576999,0.6827583485864891,-0.014049399712558919,-0.006686594803038903,0.3794900654466411,0.23022106266313036,1,0.6554669522576999,0.6827583485864891,0.3794900654466411,0.23022106266313036
Shanghai,2019,0.333618735834802,0.666381264165198,66.63812641651981,0,0.10509951736857381,0.06995871877546626,0.7605664696262737,0.7527170673619553,0.14370446330175818,0.06230206622335543,0.5231945287483993,0.29252312888648585,1,0.7605664696262737,0.7527170673619553,0.5231945287483993,0.29252312888648585
Shanghai,2020,0.32764427193333,0.67235572806667,67.235572806667,0,-0.003918806582694181,0.06210950931145208,0.7566476630435796,0.8148265766734074,-0.20979246028082313,-0.10440471977800077,0.3134020684675762,0.18811840910848507,1,0.7566476630435796,0.8148265766734074,0.3134020684675762,0.18811840910848507
Shanghai,2021,0.372312564711615,0.627687435288385,62.7687435288385,0,0.07295031293454976,0.0831657541304551,0.8295979759781293,0.8979923308038624,0.03228671746152419,0.017167800765440742,0.3456887859291004,0.20528620987392582,1,0.8295979759781293,0.8979923308038624,0.3456887859291004,0.20528620987392582
Shanghai,2022,0.3280649295173,0.6719350704827001,67.19350704827,0,0.0568693895537875,0.05188517681822272,0.8864673655319169,0.9498775076220851,0.0043753909008872145,0.002048634816236529,0.3500641768299876,0.20733484469016233,1,0.8864673655319169,0.9498775076220851,0.3500641768299876,0.20733484469016233
Shanxi,2005,0.65798768796044,0.3420123120395599,34.201231203956,0,,,-1.1868629167991809,-1.215680369232996,,,,,0,-0.0,-0.0,,
Shanxi,2006,0.663801174568048,0.336198825431952,33.6198825431952,0,0.2242754524597117,0.23812990713641552,-0.9625874643394692,-0.9775504620965807,,,,,0,-0.0,-0.0,,
Shanxi,2007,0.635690155870325,0.364309844129675,36.430984412967504,0,0.17324771284192916,0.1355242754250015,-0.78933975149754,-0.8420261866715791,,,-0.030084665283306593,-0.016086186330929515,0,-0.0,-0.0,-0.0,-0.0
Shanxi,2008,0.601884466361395,0.3981155336386049,39.8115533638605,0,0.19341664523374824,0.23521170019757293,-0.5959231062637919,-0.6068144864740063,-0.04044192263120552,-0.04430663145839886,-0.07052658791451212,-0.06039281778932837,0,-0.0,-0.0,-0.0,-0.0
Shanxi,2009,0.584650112866817,0.415349887133183,41.5349887133183,0,0.2466613294288176,0.2351463321377646,-0.3492617768349743,-0.3716681543362416,0.028033408889163107,0.014692339882418772,-0.04249317902534901,-0.0457004779069096,0,-0.0,-0.0,-0.0,-0.0
Shanxi,2010,0.552927354611318,0.4470726453886819,44.707264538868195,0,0.18259156456505504,0.1926109073431079,-0.16667021226991918,-0.17905724699313372,0.009937463204692675,0.02224177268753275,-0.032555715820656334,-0.023458705219376853,0,-0.0,-0.0,-0.0,-0.0
Shanxi,2011,0.522276875835205,0.477723124164795,47.7723124164795,0,0.16667021226991918,0.17905724699313372,0.0,0.0,0.032555715820656334,0.023458705219376853,0.0,0.0,0,0.0,0.0,0.0,0.0
Shanxi,2012,0.48946973376308,0.51053026623692,51.053026623692,0,0.15640571535088232,0.16509506735062607,0.15640571535088232,0.16509506735062607,0.024931633770484955,0.004049072279350225,0.024931633770484955,0.004049072279350225,1,0.15640571535088232,0.16509506735062607,0.024931633770484955,0.004049072279350225
Shanxi,2013,0.424436204703817,0.575563795296183,57.5563795296183,0,0.11492473220321686,0.13201571909282547,0.2713304475540992,0.29711078644345157,0.035735525814442816,0.027760160428746496,0.06066715958492777,0.03180923270809672,1,0.2713304475540992,0.29711078644345157,0.06066715958492777,0.03180923270809672
Shanxi,2014,0.402640264026403,0.5973597359735969,59.735973597359695,0,0.18337466981411837,0.2432846936675124,0.4547051173682175,0.5403954801109639,0.05765551059610698,0.01788731796334376,0.11832267018103475,0.04969655067144048,1,0.4547051173682175,0.5403954801109639,0.11832267018103475,0.04969655067144048
Shanxi,2015,0.378806500068278,0.621193499931722,62.1193499931722,0,0.05175607158881871,0.009998810559594397,0.5064611889570363,0.5503942906705583,0.03821139444045824,0.018178127409059205,0.156534064621493,0.06787467808049968,1,0.5064611889570363,0.5503942906705583,0.156534064621493,0.06787467808049968
Shanxi,2016,0.339995453955059,0.6600045460449411,66.00045460449411,0,0.11873441939834964,0.12737659075017466,0.6251956083553859,0.6777708814207329,0.03636042461542871,0.007161866487352547,0.1928944892369217,0.07503654456785222,1,0.6251956083553859,0.6777708814207329,0.1928944892369217,0.07503654456785222
Shanxi,2017,0.343388652567252,0.656611347432748,65.6611347432748,1,0.03969137063856265,0.06963956630992231,0.6648869789939486,0.7474104477306553,-0.004109991160018712,0.005370606580098938,0.188784498076903,0.08040715114795116,1,0.6648869789939486,0.7474104477306553,0.188784498076903,0.08040715114795116
Shanxi,2018,0.34626612544484,0.65373387455516,65.373387455516,0,0.010567509463847297,0.04557417214980168,0.6754544884577958,0.792984619880457,0.0007248580177316077,0.011562729482885422,0.1895093560946346,0.0919698806308366,1,0.6754544884577958,0.792984619880457,0.1895093560946346,0.0919698806308366
Shanxi,2019,0.380840851260699,0.619159148739301,61.9159148739301,0,0.10073344472630932,0.04835991046131008,0.7761879331841052,0.841344530341767,-0.0018500454314358868,-0.04237520675788363,0.18765931066319871,0.049594673872952966,1,0.7761879331841052,0.841344530341767,0.18765931066319871,0.049594673872952966
Shanxi,2020,0.308248378127896,0.691751621872104,69.1751621872104,0,0.09120440988823653,0.13685676033923255,0.8673923430723418,0.9782012906809996,-0.027070629502455434,0.0065904914783734,0.1605886811607433,0.056185165351326366,1,0.8673923430723418,0.9782012906809996,0.1605886811607433,0.056185165351326366
Shanxi,2021,0.296754842209388,0.703245157790612,70.3245157790612,0,0.08656054325855382,0.09607532635544615,0.9539528863308955,1.0742766170364457,0.013440261781828866,0.005465063002472192,0.17402894294257212,0.061650228353798554,1,0.9539528863308955,1.0742766170364457,0.17402894294257212,0.061650228353798554
Shanxi,2022,0.327861943526385,0.672138056473615,67.2138056473615,0,0.08129755696159173,0.07642034897311095,1.0352504432924872,1.1506969660095567,-0.00461783162738407,-0.011211308922635157,0.16941111131518807,0.050438919431163395,1,1.0352504432924872,1.1506969660095567,0.16941111131518807,0.050438919431163395
Sichuan,2005,0.625855739656712,0.3741442603432879,37.4144260343288,0,,,-1.1934195264328644,-1.2087922757323568,,,,,0,-0.0,-0.0,,
Sichuan,2006,0.68081639653546,0.31918360346454,31.918360346454,0,0.2238724287364634,0.24036423368683763,-0.969547097696401,-0.9684280420455191,,,,,0,-0.0,-0.0,,
Sichuan,2007,0.637981457283305,0.362018542716695,36.2018542716695,0,0.17479874231570305,0.12847720484828154,-0.794748355380698,-0.8399508371972375,,,-0.03698417720629848,-0.021527621988116287,0,-0.0,-0.0,-0.0,-0.0
Sichuan,2008,0.616279069767442,0.383720930232558,38.37209302325581,0,0.1903428518931482,0.23280446762922408,-0.6044055034875497,-0.6071463695680135,-0.03731878469806654,-0.04959121556322798,-0.07430296190436501,-0.07111883755134427,0,-0.0,-0.0,-0.0,-0.0
Sichuan,2009,0.562288912477082,0.437711087522918,43.771108752291795,0,0.24861570255834442,0.2341451479412182,-0.3557898009292053,-0.3730012216267953,0.02459376755975036,0.015331049540272826,-0.04970919434461466,-0.05578778801107144,0,-0.0,-0.0,-0.0,-0.0
Sichuan,2010,0.539631248812013,0.460368751187987,46.036875118798704,0,0.19112329751157497,0.1941577284146834,-0.16466650341763037,-0.1788434932121119,0.01442557073668086,0.03012895721050951,-0.0352836236079338,-0.02565883080056193,0,-0.0,-0.0,-0.0,-0.0
Sichuan,2011,0.534203803576497,0.465796196423503,46.5796196423503,0,0.16466650341763037,0.1788434932121119,0.0,0.0,0.0352836236079338,0.02565883080056193,0.0,0.0,0,0.0,0.0,0.0,0.0
Sichuan,2012,0.504495805926015,0.495504194073985,49.55041940739851,0,0.15429777757269367,0.16358268140655302,0.15429777757269367,0.16358268140655302,0.027349361373946814,0.002106364460438915,0.027349361373946814,0.002106364460438915,1,0.15429777757269367,0.16358268140655302,0.027349361373946814,0.002106364460438915
Sichuan,2013,0.51309884145705,0.48690115854295,48.690115854295,0,0.1092533431764307,0.1288663511283112,0.26355112074912435,0.2924490325348642,0.04092679735644513,0.03150692962100695,0.06827615873039194,0.033613294081445866,1,0.26355112074912435,0.2924490325348642,0.06827615873039194,0.033613294081445866
Sichuan,2014,0.592992981661761,0.407007018338239,40.700701833823906,0,0.18192989121233022,0.25215239775523857,0.4454810119614546,0.5446014302901028,0.061649180674274655,0.019263840829758162,0.1299253394046666,0.05287713491120403,1,0.4454810119614546,0.5446014302901028,0.1299253394046666,0.05287713491120403
Sichuan,2015,0.549082288161517,0.4509177118384829,45.091771183848294,0,0.061279882526122494,0.0011559835481994747,0.5067608944875771,0.5457574138383021,0.038933578622258325,0.016916758823570237,0.16885891802692493,0.06979389373477426,1,0.5067608944875771,0.5457574138383021,0.16885891802692493,0.06979389373477426
Sichuan,2016,0.553599367578517,0.446400632421483,44.6400632421483,0,0.12079538403752363,0.13010733120176843,0.6275562785251008,0.6758647450400707,0.04192907853451571,0.008853503903915764,0.21078799656144062,0.07864739763869003,1,0.6275562785251008,0.6758647450400707,0.21078799656144062,0.07864739763869003
Sichuan,2017,0.545402875292544,0.4545971247074559,45.45971247074559,1,0.042358620066736186,0.06877395092791375,0.669914898591837,0.7446386959679844,-0.0003080146046079389,0.005453344636397036,0.2104799819568327,0.08410074227508707,1,0.669914898591837,0.7446386959679844,0.2104799819568327,0.08410074227508707
Sichuan,2018,0.536914460285132,0.463085539714868,46.3085539714868,0,0.004825225769221444,0.049220123653981776,0.6747401243610583,0.7938588196219661,0.0037309126120473003,0.014388242518572864,0.21421089456888,0.09848898479365993,1,0.6747401243610583,0.7938588196219661,0.21421089456888,0.09848898479365993
Sichuan,2019,0.538531563441358,0.461468436558642,46.1468436558642,0,0.11124339002013656,0.041369416013934596,0.785983514381195,0.8352282356359008,0.009865439942471677,-0.05209749318605255,0.22407633451135167,0.04639149160760738,1,0.785983514381195,0.8352282356359008,0.22407633451135167,0.04639149160760738
Sichuan,2020,0.545489408327246,0.454510591672754,45.45105916727539,0,0.08397452386356836,0.14671284317261568,0.8699580382447634,0.9819410788085166,-0.03741457447296421,0.012163871195056547,0.18666176003838747,0.05855536280266392,1,0.8699580382447634,0.9819410788085166,0.18666176003838747,0.05855536280266392
Sichuan,2021,0.553347417225972,0.446652582774028,44.6652582774028,0,0.08619272432276759,0.09692996351691482,0.9561507625675308,1.0788710423254313,0.017757829986433882,0.006612841448861458,0.20441959002482135,0.06516820425152539,1,0.9561507625675308,1.0788710423254313,0.20441959002482135,0.06516820425152539
Sichuan,2022,0.546482386786569,0.453517613213431,45.3517613213431,0,0.0836627436852555,0.07483112645855089,1.0398135062527865,1.1537021687839821,-0.0021215343387272776,-0.009935063225809683,0.20229805568609405,0.0552331410257157,1,1.0398135062527865,1.1537021687839821,0.20229805568609405,0.0552331410257157
Tianjin,2005,0.439751801441153,0.560248198558847,56.0248198558847,0,,,-1.230660243197016,-1.205180382593206,,,,,0,-0.0,-0.0,,
Tianjin,2006,0.566779661016949,0.433220338983051,43.3220338983051,0,0.24038443220234668,0.23730023110834647,-0.9902758109946694,-0.9678801514848594,,,,,0,-0.0,-0.0,,
Tianjin,2007,0.628862590401052,0.371137409598948,37.113740959894805,0,0.21683079951203896,0.1662617827799032,-0.7734450114826305,-0.8016183687049561,,,-0.06274141798712256,-0.03936366194707578,0,-0.0,-0.0,-0.0,-0.0
Tianjin,2008,0.605487686639519,0.394512313360481,39.451231336048096,0,0.15325545548468653,0.205245496937485,-0.6201895559979439,-0.5963728717674712,-0.05784992846979222,-0.04539403777195021,-0.12059134645691477,-0.08475769971902598,0,-0.0,-0.0,-0.0,-0.0
Tianjin,2009,0.629017233348859,0.370982766651141,37.098276665114106,0,0.24737987952961024,0.23903071808970724,-0.37280967646833363,-0.3573421536777639,0.060517386202505415,0.024769759739152193,-0.060073960254409364,-0.05998793997987379,0,-0.0,-0.0,-0.0,-0.0
Tianjin,2010,0.640350014747812,0.359649985252188,35.9649985252188,0,0.1856962143555213,0.1897237237677069,-0.18711346211281238,-0.16761842991005696,0.005552968182129774,0.025407388374855514,-0.054520992072279596,-0.03458055160501827,0,-0.0,-0.0,-0.0,-0.0
Tianjin,2011,0.587214438975136,0.4127855610248639,41.2785561024864,0,0.18711346211281238,0.16761842991005696,0.0,0.0,0.054520992072279596,0.03458055160501827,0.0,0.0,0,0.0,0.0,0.0,0.0
Tianjin,2012,0.584772176322169,0.4152278236778309,41.522782367783094,0,0.16522232008415058,0.1590509765917466,0.16522232008415058,0.1590509765917466,0.048076776334796845,0.022870897248289005,0.048076776334796845,0.022870897248289005,1,0.16522232008415058,0.1590509765917466,0.048076776334796845,0.022870897248289005
Tianjin,2013,0.543053448737396,0.456946551262604,45.6946551262604,0,0.11233004450692392,0.11354290818422913,0.2775523645910745,0.27259388477597574,0.058539606757903505,0.04042133133999828,0.10661638309270034,0.06329222858828729,1,0.2775523645910745,0.27259388477597574,0.10661638309270034,0.06329222858828729
Tianjin,2014,0.535445446273472,0.464554553726528,46.4554553726528,0,0.16164071946521036,0.20564508164947998,0.4391930840562849,0.4782389664254557,0.12227775705509496,0.053631659509076626,0.2288941401477953,0.11692388809736391,1,0.4391930840562849,0.4782389664254557,0.2288941401477953,0.11692388809736391
Tianjin,2015,0.521227575716906,0.4787724242830939,47.877242428309394,0,0.09329795756252107,0.032767998426298496,0.532491041618806,0.5110069648517542,0.06948249238367937,0.03293875196768784,0.2983766325314747,0.14986264006505176,1,0.532491041618806,0.5110069648517542,0.2983766325314747,0.14986264006505176
Tianjin,2016,0.22050382307709,0.7794961769229101,77.94961769229101,0,0.13436658244519192,0.12189822765705659,0.6668576240639978,0.6329051925088108,0.0896884855040575,0.03318003757858722,0.3880651180355321,0.18304267764363896,1,0.6668576240639978,0.6329051925088108,0.3880651180355321,0.18304267764363896
Tianjin,2017,0.308234766163413,0.691765233836587,69.17652338365869,1,0.007312472000309719,0.04914460551236276,0.6741700960643076,0.6820497980211735,-0.020145559009182405,-0.0003329281685945781,0.36791955902634976,0.1827097494750444,1,0.6741700960643076,0.6820497980211735,0.36791955902634976,0.1827097494750444
Tianjin,2018,0.557650828865471,0.442349171134529,44.2349171134529,0,-0.030916037466087325,0.010260934787165528,0.6432540585982203,0.6923107328083391,-0.018705256508609665,0.0013567936374926427,0.3492143025177401,0.18406654311253703,1,0.6432540585982203,0.6923107328083391,0.3492143025177401,0.18406654311253703
Tianjin,2019,0.414982342775565,0.585017657224435,58.5017657224435,0,0.1484381125892088,0.09888171654515678,0.7916921711874291,0.7911924493534959,0.053451869237654506,0.005900785795445311,0.4026661717553946,0.18996732890798235,1,0.7916921711874291,0.7911924493534959,0.4026661717553946,0.18996732890798235
Tianjin,2020,0.487963121051733,0.512036878948267,51.2036878948267,0,0.06127532425179965,0.10573198095992205,0.8529674954392287,0.896924430313418,-0.07182092138696643,-0.03143107102096224,0.33084525036842816,0.1585362578870201,1,0.8529674954392287,0.896924430313418,0.33084525036842816,0.1585362578870201
Tianjin,2021,0.516561220692222,0.483438779307778,48.3438779307778,0,0.08141657124370484,0.09054872275447166,0.9343840666829335,0.9874731530678895,0.025785425036371275,0.009819216242959287,0.3566306754047994,0.1683554741299794,1,0.9343840666829335,0.9874731530678895,0.3566306754047994,0.1683554741299794
Tianjin,2022,0.567738952374662,0.432261047625338,43.2261047625338,0,0.08130924541276277,0.061660370091540614,1.0156933120956964,1.0491335231594303,0.0036912729075061343,-0.0008907463207632107,0.3603219483123056,0.1674647278092162,1,1.0156933120956964,1.0491335231594303,0.3603219483123056,0.1674647278092162
Xinjiang,2005,0.553809897879026,0.446190102120974,44.6190102120974,0,,,-1.1956449421764157,-1.1896043993308298,,,,,0,-0.0,-0.0,,
Xinjiang,2006,0.541312478748725,0.458687521251275,45.8687521251275,0,0.21019370500449044,0.22818010546357542,-0.9854512371719253,-0.9614242938672544,,,,,0,-0.0,-0.0,,
Xinjiang,2007,0.628586197983975,0.371413802016025,37.1413802016025,0,0.17149993483483966,0.13947192822415558,-0.8139513023370857,-0.8219523656430988,,,-0.03231370511956023,-0.019025750372788742,0,-0.0,-0.0,-0.0,-0.0
Xinjiang,2008,0.66482347937048,0.3351765206295199,33.517652062951996,0,0.20285136487344074,0.22929602377017505,-0.611099937463645,-0.5926563418729238,-0.030881105943012226,-0.04029570962286,-0.06319481106257245,-0.05932145999564874,0,-0.0,-0.0,-0.0,-0.0
Xinjiang,2009,0.64807976366322,0.35192023633678,35.192023633678005,0,0.2528841469959454,0.23924541908009717,-0.3582157904676995,-0.35341092279282654,0.0179703427698975,0.010326197516292627,-0.04522446829267495,-0.048995262479356115,0,-0.0,-0.0,-0.0,-0.0
Xinjiang,2010,0.597515705311251,0.402484294688749,40.2484294688749,0,0.19611200263186832,0.18950643453683838,-0.1621037878358312,-0.1639044882559882,0.013095486439584011,0.02644840798399752,-0.03212898185309094,-0.022546854495358593,0,-0.0,-0.0,-0.0,-0.0
Xinjiang,2011,0.580022809351834,0.4199771906481659,41.99771906481659,0,0.1621037878358312,0.1639044882559882,0.0,0.0,0.03212898185309094,0.022546854495358593,0.0,0.0,0,0.0,0.0,0.0,0.0
Xinjiang,2012,0.578310182235249,0.421689817764751,42.1689817764751,0,0.15407311995236825,0.15831768193650225,0.15407311995236825,0.15831768193650225,0.025979798193609422,0.007798670833647719,0.025979798193609422,0.007798670833647719,1,0.15407311995236825,0.15831768193650225,0.025979798193609422,0.007798670833647719
Xinjiang,2013,0.607035892560019,0.392964107439981,39.2964107439981,0,0.11112990569405866,0.1209163227709926,0.2652030256464269,0.2792340047074948,0.03795144529117345,0.027895695299131246,0.06393124348478287,0.03569436613277897,1,0.2652030256464269,0.2792340047074948,0.06393124348478287,0.03569436613277897
Xinjiang,2014,0.629063509149623,0.370936490850377,37.093649085037704,0,0.17142882976245105,0.223899782476333,0.43663185540887794,0.5031337871838278,0.053768650579485856,0.01826293467618001,0.11769989406426873,0.053957300808958976,1,0.43663185540887794,0.5031337871838278,0.11769989406426873,0.053957300808958976
Xinjiang,2015,0.671946155906777,0.328053844093223,32.8053844093223,0,0.07726993525292782,0.014352211310692106,0.5139017906618057,0.5174859984945199,0.03466249842959019,0.016368758924193726,0.1523623924938589,0.0703260597331527,1,0.5139017906618057,0.5174859984945199,0.1523623924938589,0.0703260597331527
Xinjiang,2016,0.672218248697251,0.327781751302749,32.7781751302749,0,0.12051543960393865,0.11875787611583268,0.6344172302657444,0.6362438746103526,0.035606926330764246,0.0052442272887800335,0.18796931882462317,0.07557028702193273,1,0.6344172302657444,0.6362438746103526,0.18796931882462317,0.07557028702193273
Xinjiang,2017,0.700843320017754,0.299156679982246,29.91566799822461,1,0.051817299305958756,0.06722788422594897,0.6862345295717032,0.7034717588363015,0.004641494712007494,0.006729449544698845,0.19261081353663065,0.08229973656663157,1,0.6862345295717032,0.7034717588363015,0.19261081353663065,0.08229973656663157
Xinjiang,2018,0.729472567340932,0.270527432659068,27.0527432659068,0,0.011908703328042836,0.03837976521907403,0.698143232899746,0.7418515240553756,0.00889523916721132,0.012345929564496412,0.20150605270384198,0.09464566613112799,1,0.698143232899746,0.7418515240553756,0.20150605270384198,0.09464566613112799
Xinjiang,2019,0.200076134885639,0.799923865114361,79.9923865114361,0,0.10419883650296992,0.06146259109764832,0.8023420694027159,0.803314115153024,0.006887673646766208,-0.03221178386263713,0.20839372635060818,0.062433882268490865,1,0.8023420694027159,0.803314115153024,0.20839372635060818,0.062433882268490865
Xinjiang,2020,0.699951677481707,0.300048322518293,30.004832251829303,0,0.07914687131857646,0.12671134006795481,0.8814889407212925,0.9300254552209788,-0.033700364873702385,-0.0023990068357857774,0.17469336147690578,0.06003487543270508,1,0.8814889407212925,0.9300254552209788,0.17469336147690578,0.06003487543270508
Xinjiang,2021,0.710515891153975,0.289484108846025,28.948410884602502,0,0.08376532779578724,0.09349251988769074,0.9652542685170796,1.0235179751086694,0.02243016412031444,0.006371226551501264,0.19712352559722024,0.06640610198420635,1,0.9652542685170796,1.0235179751086694,0.19712352559722024,0.06640610198420635
Xinjiang,2022,0.700661146811666,0.299338853188334,29.933885318833397,0,0.109009627105646,0.0751007147401909,1.0742638956227257,1.0986186898488604,-0.00447461060719775,-0.008193094822661798,0.1926489149900225,0.05821300716154455,1,1.0742638956227257,1.0986186898488604,0.1926489149900225,0.05821300716154455
Xizang,2005,0.555555555555556,0.444444444444444,44.4444444444444,0,,,-1.0587474501403327,-1.0569856560070034,,,,,0,-0.0,-0.0,,
Xizang,2006,0.25,0.75,75.0,0,0.20057393716766267,0.20160796327254377,-0.8581735129726701,-0.8553776927344596,,,,,0,-0.0,-0.0,,
Xizang,2007,0.722222222222222,0.277777777777778,27.7777777777778,0,0.16052100354164553,0.15200080352631745,-0.6976525094310244,-0.7033768892081422,,,-0.012325907819649894,-0.01437972798245261,0,-0.0,-0.0,-0.0,-0.0
Xizang,2008,0.625,0.375,37.5,0,0.1911633324808652,0.19925946403364403,-0.5064891769501593,-0.5041174251744982,-0.005851687593321302,-0.017498120738342546,-0.018177595412971193,-0.03187784872079516,0,-0.0,-0.0,-0.0,-0.0
Xizang,2009,0.407407407407407,0.592592592592593,59.2592592592593,0,0.2507895566742135,0.24735722608660288,-0.25569962027594584,-0.2567601990878953,-0.01413726500425456,-0.009843721730070448,-0.032314860417225755,-0.04172157045086561,0,-0.0,-0.0,-0.0,-0.0
Xizang,2010,0.0277777777777778,0.9722222222222222,97.2222222222222,0,0.16425150644434777,0.1604182676152585,-0.09144811383159801,-0.09634193147263682,0.024880521411969978,0.03253558613319456,-0.007434339005255772,-0.009185984317671045,0,-0.0,-0.0,-0.0,-0.0
Xizang,2011,0.295918367346939,0.704081632653061,70.4081632653061,0,0.09144811383159801,0.09634193147263682,0.0,0.0,0.007434339005255772,0.009185984317671045,0.0,0.0,0,0.0,0.0,0.0,0.0
Xizang,2012,0.557692307692308,0.4423076923076919,44.2307692307692,0,0.12295066602012605,0.12655271711649974,0.12295066602012605,0.12655271711649974,0.021807311393841056,0.01758988329926569,0.021807311393841056,0.01758988329926569,1,0.12295066602012605,0.12655271711649974,0.021807311393841056,0.01758988329926569
Xizang,2013,0.49609375,0.50390625,50.390625,0,0.0785003694558371,0.08031475040372647,0.20145103547596316,0.2068674675202262,0.0168484554527009,0.017160230640854895,0.03865576684654195,0.03475011394012059,1,0.20145103547596316,0.2068674675202262,0.03865576684654195,0.03475011394012059
Xizang,2014,0.54639175257732,0.45360824742268,45.360824742268,0,0.13914692709666077,0.1536633861517776,0.34059796257262387,0.3605308536720038,0.010481196362795236,0.006564101523167888,0.049136963209337185,0.04131421546328847,1,0.34059796257262387,0.3605308536720038,0.049136963209337185,0.04131421546328847
Xizang,2015,0.809269162210339,0.190730837789661,19.073083778966105,0,0.017657562758960056,0.0023583899199645375,0.35825552533158395,0.3628892435919684,0.01333994153108247,0.008218055339346077,0.06247690474041966,0.04953227080263455,1,0.35825552533158395,0.3628892435919684,0.06247690474041966,0.04953227080263455
Xizang,2016,0.803212851405622,0.1967871485943779,19.678714859437797,0,0.07409309610037577,0.07564960408385549,0.4323486214319597,0.43853884767582385,-0.015303795997292613,-0.01805050299548721,0.047173108743127044,0.03148176780714735,1,0.4323486214319597,0.43853884767582385,0.047173108743127044,0.03148176780714735
Xizang,2017,0.680981595092025,0.3190184049079749,31.901840490797497,1,0.05599235314154093,0.05461988441761595,0.4883409745735006,0.4931587320934398,0.010494199861424875,0.007813200620602173,0.05766730860455192,0.039294968427749516,1,0.4883409745735006,0.4931587320934398,0.05766730860455192,0.039294968427749516
Xizang,2018,0.60545905707196,0.39454094292804,39.454094292804,0,-0.002042551897358687,0.007220158493994304,0.486298422676142,0.5003788905874341,0.0048232407933743995,0.006546877122931046,0.06249054939792633,0.04584184555068056,1,0.486298422676142,0.5003788905874341,0.06249054939792633,0.04584184555068056
Xizang,2019,0.532,0.4679999999999999,46.8,0,0.13866400705478302,0.11866782765227074,0.624962429730925,0.6190467182397049,0.02692665315369398,0.008575045401006929,0.0894172025516203,0.0544168909516875,1,0.624962429730925,0.6190467182397049,0.0894172025516203,0.0544168909516875
Xizang,2020,0.565217391304348,0.434782608695652,43.4782608695652,0,0.07360408659437671,0.090905273751298,0.6985665163253018,0.7099519919910029,-0.05217504685159477,-0.03919421601677561,0.03724215570002553,0.015222674934911886,1,0.6985665163253018,0.7099519919910029,0.03724215570002553,0.015222674934911886
Xizang,2021,0.564048124557679,0.4359518754423209,43.5951875442321,0,0.08342307113517433,0.08534567968329644,0.781989587460476,0.7952976716742993,-0.0026408884723122267,-0.00348832160236082,0.034601267227713305,0.011734353332551064,1,0.781989587460476,0.7952976716742993,0.034601267227713305,0.011734353332551064
Xizang,2022,0.462431276725718,0.5375687232742821,53.756872327428205,0,0.031832983906718834,0.03505976920669027,0.8138225713671948,0.8303574408809895,0.0012966308435880436,0.0005097293580874774,0.035897898071301344,0.012244082690638544,1,0.8138225713671948,0.8303574408809895,0.035897898071301344,0.012244082690638544
Yunnan,2005,0.683864441072332,0.316135558927668,31.613555892766797,0,,,-1.1767341994065963,-1.2112162364867993,,,,,0,-0.0,-0.0,,
Yunnan,2006,0.738671632526381,0.261328367473619,26.1328367473619,0,0.21763098056789282,0.24000293131735398,-0.9591032188387036,-0.9712133051694454,,,,,0,-0.0,-0.0,,
Yunnan,2007,0.777724665391969,0.2222753346080309,22.227533460803095,0,0.17562201785696818,0.13909264857931583,-0.7834812009817355,-0.8321206565901296,,,-0.026121465894845722,-0.01545786728790421,0,-0.0,-0.0,-0.0,-0.0
Yunnan,2008,0.79456930743415,0.20543069256585,20.543069256585,0,0.19282097544287918,0.23084057473885194,-0.5906602255388562,-0.6012800818512776,-0.03417946993018637,-0.03702049811466958,-0.06030093582503209,-0.052478365402573786,0,-0.0,-0.0,-0.0,-0.0
Yunnan,2009,0.80514825676116,0.19485174323884,19.485174323884003,0,0.2471915317766913,0.23467395483595627,-0.34346869376216493,-0.36660612701532136,0.025016930711717553,0.009532796600165159,-0.03528400511331453,-0.04294556880240863,0,-0.0,-0.0,-0.0,-0.0
Yunnan,2010,0.828547648772368,0.171452351227632,17.145235122763204,0,0.18028106740497363,0.19062016671020712,-0.1631876263571913,-0.1759859603051142,0.004324256316795488,0.019466515506791307,-0.030959748796519044,-0.023479053295617322,0,-0.0,-0.0,-0.0,-0.0
Yunnan,2011,0.738844913515098,0.261155086484902,26.11550864849021,0,0.1631876263571913,0.1759859603051142,0.0,0.0,0.030959748796519044,0.023479053295617322,0.0,0.0,0,0.0,0.0,0.0,0.0
Yunnan,2012,0.776910939691445,0.223089060308555,22.308906030855503,0,0.1521496793301112,0.1614562015877615,0.1521496793301112,0.1614562015877615,0.0260455684350553,0.006062736844333644,0.0260455684350553,0.006062736844333644,1,0.1521496793301112,0.1614562015877615,0.0260455684350553,0.006062736844333644
Yunnan,2013,0.785225952006563,0.214774047993437,21.477404799343702,0,0.11227118360418994,0.1281055440298453,0.26442086293430117,0.2895617456176068,0.03409970054659812,0.027814660652218832,0.06014526898165341,0.033877397496552476,1,0.26442086293430117,0.2895617456176068,0.06014526898165341,0.033877397496552476
Yunnan,2014,0.799209619103674,0.2007903808963259,20.079038089632594,0,0.17214258883172534,0.23726736604156906,0.4365634517660265,0.5268291116591759,0.057107202930006776,0.02101051537266274,0.11725247191166019,0.05488791286921522,1,0.4365634517660265,0.5268291116591759,0.11725247191166019,0.05488791286921522
Yunnan,2015,0.817476576798055,0.182523423201945,18.252342320194504,0,0.06283894630781575,0.01160938142403363,0.49940239807384224,0.5384384930832096,0.03823673854749286,0.020788305495376712,0.15548921045915304,0.07567621836459193,1,0.49940239807384224,0.5384384930832096,0.15548921045915304,0.07567621836459193
Yunnan,2016,0.804217991787981,0.1957820082120189,19.578200821201897,0,0.11726098953504785,0.12631395297065112,0.6166633876088901,0.6647524460538605,0.03658524048988834,0.009131173682189013,0.19207445094904138,0.08480739204678095,1,0.6166633876088901,0.6647524460538605,0.19207445094904138,0.08480739204678095
Yunnan,2017,0.793892399004404,0.206107600995596,20.6107600995596,1,0.03828227993675032,0.0661555595201902,0.6549456675456404,0.7309080055740508,-0.004150344761509356,0.004757284157783329,0.18792410618753203,0.08956467620456426,1,0.6549456675456404,0.7309080055740508,0.18792410618753203,0.08956467620456426
Yunnan,2018,0.782920597484277,0.217079402515723,21.7079402515723,0,0.005811456391402773,0.040730142269036124,0.6607571239370432,0.7716381478430869,0.0003417051139795683,0.009984318316710348,0.18826581130151163,0.09954899452127462,1,0.6607571239370432,0.7716381478430869,0.18826581130151163,0.09954899452127462
Yunnan,2019,0.79311798175633,0.20688201824367,20.688201824367003,0,0.10866519611534685,0.06053615389962192,0.7694223200523901,0.8321743017427088,0.0016897834557248297,-0.034551802751949655,0.18995559475723642,0.06499719176932497,1,0.7694223200523901,0.8321743017427088,0.18995559475723642,0.06499719176932497
Yunnan,2020,0.797769318105924,0.202230681894076,20.2230681894076,0,0.0794074638405941,0.12974468516347043,0.8488297838929841,0.9619189869061793,-0.037726432812593316,-0.0008594310757866772,0.15222916194464312,0.06413776069353828,1,0.8488297838929841,0.9619189869061793,0.15222916194464312,0.06413776069353828
Yunnan,2021,0.788970154944712,0.211029845055288,21.1029845055288,0,0.08442086812132284,0.09303941146809899,0.933250652014307,1.0549583983742783,0.023212539348016367,0.004569775663834821,0.17544170129265949,0.06870753635737312,1,0.933250652014307,1.0549583983742783,0.17544170129265949,0.06870753635737312
Yunnan,2022,0.774979918276115,0.225020081723885,22.5020081723885,0,0.09635443250866023,0.07492365143645391,1.0296050845229672,1.1298820498107323,-0.006136188972440243,-0.009903198556950824,0.16930551232021926,0.05880433780042229,1,1.0296050845229672,1.1298820498107323,0.16930551232021926,0.05880433780042229
Zhejiang,2005,0.300757729517624,0.699242270482376,69.9242270482376,0,,,-1.2192721228480645,-1.218004938684651,,,,,0,-0.0,-0.0,,
Zhejiang,2006,0.301077916393084,0.698922083606916,69.8922083606916,0,0.2179426813909855,0.1972191200312829,-1.001329441457079,-1.020785818653368,,,,,0,-0.0,-0.0,,
Zhejiang,2007,0.286708824041307,0.7132911759586931,71.3291175958693,0,0.21355470999131676,0.19434317585721722,-0.7877747314657623,-0.8264426427961507,,,-0.04139879699833967,-0.01965175146548832,0,-0.0,-0.0,-0.0,-0.0
Zhejiang,2008,0.298330005445634,0.7016699945543661,70.16699945543661,0,0.1672963695397376,0.21801902172992,-0.6204783619260247,-0.6084236210662307,-0.05033222812934081,-0.046335645295301604,-0.09173102512768048,-0.06598739676078993,0,-0.0,-0.0,-0.0,-0.0
Zhejiang,2009,0.293294327856217,0.706705672143783,70.6705672143783,0,0.25314961768680283,0.23952371715321064,-0.3673287442392218,-0.3688999039130201,0.04195020178196543,0.022644510473768142,-0.04978082334571505,-0.043342886287021785,0,-0.0,-0.0,-0.0,-0.0
Zhejiang,2010,0.278217088701318,0.721782911298682,72.1782911298682,0,0.1907291531625683,0.19431514839649922,-0.17659959107665352,-0.17458475551652086,0.0018077071982060822,0.01544117496367707,-0.047973116147508967,-0.027901711323344718,0,-0.0,-0.0,-0.0,-0.0
Zhejiang,2011,0.277421078043619,0.722578921956381,72.25789219563809,0,0.17659959107665352,0.17458475551652086,0.0,0.0,0.047973116147508967,0.027901711323344718,0.0,0.0,0,0.0,0.0,0.0,0.0
Zhejiang,2012,0.274877110217715,0.725122889782285,72.5122889782285,0,0.1638769822904331,0.165793478480152,0.1638769822904331,0.165793478480152,0.036399461303538605,0.011462749629967451,0.036399461303538605,0.011462749629967451,1,0.1638769822904331,0.165793478480152,0.036399461303538605,0.011462749629967451
Zhejiang,2013,0.277206832587539,0.722793167412461,72.2793167412461,0,0.11267653300237494,0.12479594491252666,0.276553515292808,0.2905894233926786,0.04579204974209874,0.03189306535809445,0.08219151104563735,0.0433558149880619,1,0.276553515292808,0.2905894233926786,0.08219151104563735,0.0433558149880619
Zhejiang,2014,0.29233255832044,0.7076674416795601,70.766744167956,0,0.17682100165549738,0.232810282425408,0.45337451694830544,0.5233997058180866,0.08921570005889379,0.03192892147008096,0.1714072111045311,0.07528473645814286,1,0.45337451694830544,0.5233997058180866,0.1714072111045311,0.07528473645814286
Zhejiang,2015,0.296485986626832,0.703514013373168,70.3514013373168,0,0.06827962216619056,0.016430469948821497,0.521654139114496,0.5398301757669082,0.0536566536417136,0.027053396835391756,0.22506386474624474,0.10233813329353461,1,0.521654139114496,0.5398301757669082,0.22506386474624474,0.10233813329353461
Zhejiang,2016,0.302659788288892,0.697340211711108,69.73402117111081,0,0.12636998815251177,0.12422193224226227,0.6480241272670078,0.6640521080091704,0.061758036155222726,0.018137895117575496,0.2868219009014675,0.1204760284111101,1,0.6480241272670078,0.6640521080091704,0.2868219009014675,0.1204760284111101
Zhejiang,2017,0.301054078826764,0.6989459211732361,69.89459211732361,1,0.02595363101389346,0.05954100457517491,0.6739777582809012,0.7235931125843453,-0.00576864755916033,0.005156421743829346,0.28105325334230713,0.12563245015493946,1,0.6739777582809012,0.7235931125843453,0.28105325334230713,0.12563245015493946
Zhejiang,2018,0.299362382946685,0.7006376170533151,70.0637617053315,0,-0.011881855153045618,0.027924416893220044,0.6620959031278556,0.7515175294775653,-0.009151947832800676,0.005942898251752515,0.2719013055095064,0.13157534840669197,1,0.6620959031278556,0.7515175294775653,0.2719013055095064,0.13157534840669197
Zhejiang,2019,0.289019548837371,0.710980451162629,71.0980451162629,0,0.1262980357338182,0.06768714461826297,0.7883939388616739,0.8192046740958283,0.019547924795037724,-0.024330243719939557,0.29144923030454417,0.10724510468675241,1,0.7883939388616739,0.8192046740958283,0.29144923030454417,0.10724510468675241
Zhejiang,2020,0.30213628123556,0.69786371876444,69.786371876444,0,0.07007309300661396,0.11784271823501065,0.8584670318682878,0.9370473923308389,-0.043885507525791526,-0.00842226369163013,0.24756372277875263,0.09882284099512227,1,0.8584670318682878,0.9370473923308389,0.24756372277875263,0.09882284099512227
Zhejiang,2021,0.300074367873079,0.6999256321269209,69.99256321269209,0,0.08387751746024974,0.09187438358080431,0.9423445493285376,1.0289217759116434,0.017139032745624498,0.006710984923011105,0.2647027555243771,0.10553382591813339,1,0.9423445493285376,1.0289217759116434,0.2647027555243771,0.10553382591813339
Zhejiang,2022,0.31393650320465,0.6860634967953501,68.606349679535,0,0.06349560134766496,0.059884626462810314,1.0058401506762025,1.0888064023744537,0.0013997614340678058,-0.006912056870105503,0.26610251695844495,0.09862176904802789,1,1.0058401506762025,1.0888064023744537,0.26610251695844495,0.09862176904802789
