province,province_cn,year,source_file,content_chars,gwr_green_finance_count,gwr_green_finance_per10k,gwr_green_finance_mention,gwr_fossil_security_count,gwr_fossil_security_per10k,gwr_fossil_security_mention,gwr_coal_retrofit_count,gwr_coal_retrofit_per10k,gwr_coal_retrofit_mention,gwr_pollution_control_count,gwr_pollution_control_per10k,gwr_pollution_control_mention,gwr_renewable_count,gwr_renewable_per10k,gwr_renewable_mention,gwr_grid_absorption_count,gwr_grid_absorption_per10k,gwr_grid_absorption_mention,gwr_green_finance_per10k_lag1,gwr_green_finance_per10k_change,gwr_green_finance_per10k_roll3,gwr_fossil_security_per10k_lag1,gwr_fossil_security_per10k_change,gwr_fossil_security_per10k_roll3,gwr_coal_retrofit_per10k_lag1,gwr_coal_retrofit_per10k_change,gwr_coal_retrofit_per10k_roll3,gwr_pollution_control_per10k_lag1,gwr_pollution_control_per10k_change,gwr_pollution_control_per10k_roll3,gwr_renewable_per10k_lag1,gwr_renewable_per10k_change,gwr_renewable_per10k_roll3,gwr_grid_absorption_per10k_lag1,gwr_grid_absorption_per10k_change,gwr_grid_absorption_per10k_roll3,gwr_gf_chg,gwr_fs_chg,gwr_cr_chg,gwr_pc_chg,gwr_re_chg,gwr_ga_chg
Anhui,安徽,2003,2003P13.txt,13395,0,0.0,0,3,2.2396416573348263,1,0,0.0,0,1,0.7465472191116088,1,0,0.0,0,2,1.4930944382232176,1,,,,,,,,,,,,,,,,,,,,,,,,
Anhui,安徽,2004,2004P13.txt,15543,0,0.0,0,8,5.147011516438268,1,0,0.0,0,2,1.286752879109567,1,0,0.0,0,2,1.286752879109567,1,0.0,0.0,0.0,2.2396416573348263,2.907369859103442,3.6933265868865472,0.0,0.0,0.0,0.7465472191116088,0.5402056599979582,1.0166500491105879,0.0,0.0,0.0,1.4930944382232176,-0.2063415591136506,1.3899236586663923,0.0,2.907369859103442,0.0,0.5402056599979582,0.0,-0.2063415591136506
Anhui,安徽,2005,2005P13.txt,14129,0,0.0,0,8,5.662113383820511,1,1,0.7077641729775639,1,3,2.1232925189326917,1,0,0.0,0,0,0.0,0,0.0,0.0,0.0,5.147011516438268,0.515101867382243,4.349588852531202,0.0,0.7077641729775639,0.2359213909925213,1.286752879109567,0.8365396398231246,1.3855308723846225,0.0,0.0,0.0,1.286752879109567,-1.286752879109567,0.9266157724442615,0.0,0.515101867382243,0.7077641729775639,0.8365396398231246,0.0,-1.286752879109567
Anhui,安徽,2006,2006P13.txt,14106,0,0.0,0,13,9.2159364809301,1,1,0.708918190840777,1,3,2.126754572522331,1,0,0.0,0,2,1.417836381681554,1,0.0,0.0,0.0,5.662113383820511,3.553823097109589,6.6750204603962935,0.7077641729775639,0.0011540178632131193,0.47222745460611365,2.1232925189326917,0.003462053589639247,1.8455999901881963,0.0,0.0,0.0,0.0,1.417836381681554,0.9015297535970404,0.0,3.553823097109589,0.0011540178632131193,0.003462053589639247,0.0,1.417836381681554
Anhui,安徽,2007,2007P13.txt,14202,0,0.0,0,11,7.745387973524855,1,0,0.0,0,7,4.9288832558794535,1,0,0.0,0,0,0.0,0,0.0,0.0,0.0,9.2159364809301,-1.470548507405245,7.541145946091823,0.708918190840777,-0.708918190840777,0.47222745460611365,2.126754572522331,2.8021286833571226,3.059643449111492,0.0,0.0,0.0,1.417836381681554,-1.417836381681554,0.47261212722718465,0.0,-1.470548507405245,-0.708918190840777,2.8021286833571226,0.0,-1.417836381681554
Anhui,安徽,2008,2008P13.txt,23216,0,0.0,0,3,1.292212267401792,1,0,0.0,0,9,3.8766368022053754,1,3,1.292212267401792,1,0,0.0,0,0.0,0.0,0.0,7.745387973524855,-6.453175706123064,6.084512240618916,0.0,0.0,0.23630606361359233,4.9288832558794535,-1.052246453674078,3.6440915435357195,0.0,1.292212267401792,0.430737422467264,0.0,0.0,0.47261212722718465,0.0,-6.453175706123064,0.0,-1.052246453674078,1.292212267401792,0.0
Anhui,安徽,2009,2009P13.txt,20968,0,0.0,0,7,3.338420450209844,1,0,0.0,0,4,1.9076688286913392,1,3,1.4307516215185043,1,1,0.4769172071728348,1,0.0,0.0,0.0,1.292212267401792,2.046208182808052,4.12534023037883,0.0,0.0,0.0,3.8766368022053754,-1.9689679735140362,3.5710629622587224,1.292212267401792,0.13853935411671237,0.9076546296400988,0.0,0.4769172071728348,0.15897240239094493,0.0,2.046208182808052,0.0,-1.9689679735140362,0.13853935411671237,0.4769172071728348
Anhui,安徽,2010,2010P13.txt,22147,0,0.0,0,12,5.418341084571273,1,0,0.0,0,7,3.16069896599991,1,8,3.6122273897141826,1,1,0.4515284237142728,1,0.0,0.0,0.0,3.338420450209844,2.0799206343614296,3.34965793406097,0.0,0.0,0.0,1.9076688286913392,1.2530301373085706,2.9816681989655414,1.4307516215185043,2.1814757681956785,2.111730426211493,0.4769172071728348,-0.025388783458561992,0.30948187696236923,0.0,2.0799206343614296,0.0,1.2530301373085706,2.1814757681956785,-0.025388783458561992
Anhui,安徽,2011,2011P13.txt,23793,0,0.0,0,13,5.463791871558862,1,0,0.0,0,6,2.5217500945656286,1,6,2.5217500945656286,1,1,0.4202916824276048,1,0.0,0.0,0.0,5.418341084571273,0.04545078698758864,4.740184468779993,0.0,0.0,0.0,3.16069896599991,-0.6389488714342813,2.530039296418959,3.6122273897141826,-1.090477295148554,2.5215763685994386,0.4515284237142728,-0.031236741286668035,0.4495791044382375,0.0,0.04545078698758864,0.0,-0.6389488714342813,-1.090477295148554,-0.031236741286668035
Anhui,安徽,2012,2012P13.txt,15476,0,0.0,0,4,2.5846471956577926,1,0,0.0,0,7,4.523132592401137,1,1,0.6461617989144481,1,1,0.6461617989144481,1,0.0,0.0,0.0,5.463791871558862,-2.8791446759010695,4.488926717262642,0.0,0.0,0.0,2.5217500945656286,2.001382497835509,3.4018605509888924,2.5217500945656286,-1.8755882956511805,2.2600464277314196,0.4202916824276048,0.22587011648684335,0.5059939683521085,0.0,-2.8791446759010695,0.0,2.001382497835509,-1.8755882956511805,0.22587011648684335
Anhui,安徽,2013,2013P13.txt,14038,0,0.0,0,2,1.4247043738424277,1,0,0.0,0,3,2.1370565607636416,1,1,0.7123521869212138,1,2,1.4247043738424277,1,0.0,0.0,0.0,2.5846471956577926,-1.159942821815365,3.1577144803530275,0.0,0.0,0.0,4.523132592401137,-2.386076031637496,3.0606464159101363,0.6461617989144481,0.06619038800676569,1.2934213601337634,0.6461617989144481,0.7785425749279795,0.8303859517281603,0.0,-1.159942821815365,0.0,-2.386076031637496,0.06619038800676569,0.7785425749279795
Anhui,安徽,2014,2014P13.txt,14568,0,0.0,0,0,0.0,0,0,0.0,0,6,4.118616144975288,1,3,2.059308072487644,1,1,0.686436024162548,1,0.0,0.0,0.0,1.4247043738424277,-1.4247043738424277,1.3364505231667403,0.0,0.0,0.0,2.1370565607636416,1.9815595842116465,3.5929350993800226,0.7123521869212138,1.3469558855664303,1.139274019441102,1.4247043738424277,-0.7382683496798796,0.9191007323064747,0.0,-1.4247043738424277,0.0,1.9815595842116465,1.3469558855664303,-0.7382683496798796
Anhui,安徽,2015,2015P13.txt,14743,0,0.0,0,2,1.3565760021705215,1,0,0.0,0,5,3.391440005426304,1,6,4.069728006511565,1,3,2.0348640032557825,1,0.0,0.0,0.0,0.0,1.3565760021705215,0.9270934586709835,0.0,0.0,0.0,4.118616144975288,-0.727176139548984,3.2157042370550784,2.059308072487644,2.010419934023921,2.2804627553068078,0.686436024162548,1.3484279790932345,1.3820014670869194,0.0,1.3565760021705215,0.0,-0.727176139548984,2.010419934023921,1.3484279790932345
Anhui,安徽,2016,2016P13.txt,17602,0,0.0,0,6,3.4087035564140438,1,0,0.0,0,11,6.249289853425747,1,3,1.7043517782070219,1,2,1.1362345188046812,1,0.0,0.0,0.0,1.3565760021705215,2.0521275542435222,1.5884265195281888,0.0,0.0,0.0,3.391440005426304,2.857849847999443,4.586448667942447,4.069728006511565,-2.365376228304543,2.6111292857354105,2.0348640032557825,-0.8986294844511014,1.285844848741004,0.0,2.0521275542435222,0.0,2.857849847999443,-2.365376228304543,-0.8986294844511014
Anhui,安徽,2017,2017P13.txt,17136,1,0.5835667600373483,1,3,1.7507002801120448,1,0,0.0,0,5,2.917833800186741,1,5,2.917833800186741,1,2,1.1671335200746966,1,0.0,0.5835667600373483,0.19452225334578277,3.4087035564140438,-1.658003276301999,2.171993279565537,0.0,0.0,0.0,6.249289853425747,-3.331456053239006,4.186187886346265,1.7043517782070219,1.2134820219797193,2.897304528301776,1.1362345188046812,0.030899001270015436,1.446077347378387,0.5835667600373483,-1.658003276301999,0.0,-3.331456053239006,1.2134820219797193,0.030899001270015436
Anhui,安徽,2018,2018P13.txt,19009,0,0.0,0,4,2.104266400126256,1,1,0.526066600031564,1,10,5.26066600031564,1,8,4.208532800252512,1,5,2.63033300015782,1,0.5835667600373483,-0.5835667600373483,0.19452225334578277,1.7507002801120448,0.3535661200142113,2.421223412217449,0.0,0.526066600031564,0.17535553334385467,2.917833800186741,2.3428322001288984,4.809263217976043,2.917833800186741,1.290699000065771,2.9435727928820916,1.1671335200746966,1.4631994800831232,1.6445670130123993,-0.5835667600373483,0.3535661200142113,0.526066600031564,2.3428322001288984,1.290699000065771,1.4631994800831232
Anhui,安徽,2019,2019P13.txt,19023,0,0.0,0,5,2.6283972033853757,1,0,0.0,0,9,4.731114966093676,1,4,2.1027177627083007,1,2,1.0513588813541503,1,0.0,0.0,0.19452225334578277,2.104266400126256,0.5241308032591196,2.161121294541226,0.526066600031564,-0.526066600031564,0.17535553334385467,5.26066600031564,-0.5295510342219636,4.303204922198686,4.208532800252512,-2.1058150375442115,3.076361454382518,2.63033300015782,-1.5789741188036694,1.6162751338622223,0.0,0.5241308032591196,-0.526066600031564,-0.5295510342219636,-2.1058150375442115,-1.5789741188036694
Anhui,安徽,2020,2020P13.txt,19073,0,0.0,0,6,3.1458082105594296,1,0,0.0,0,7,3.670109578986001,1,3,1.5729041052797148,1,1,0.5243013684265716,1,0.0,0.0,0.0,2.6283972033853757,0.5174110071740539,2.626157271357021,0.0,0.0,0.17535553334385467,4.731114966093676,-1.061005387107675,4.553963515131772,2.1027177627083007,-0.5298136574285859,2.628051556080176,1.0513588813541503,-0.5270575129275787,1.401997749979514,0.0,0.5174110071740539,0.0,-1.061005387107675,-0.5298136574285859,-0.5270575129275787
Anhui,安徽,2021,2021P13.txt,19560,0,0.0,0,1,0.5112474437627812,1,0,0.0,0,9,4.601226993865031,1,9,4.601226993865031,1,3,1.5337423312883436,1,0.0,0.0,0.0,3.1458082105594296,-2.6345607667966484,2.095150952569196,0.0,0.0,0.0,3.670109578986001,0.9311174148790298,4.33415051298157,1.5729041052797148,3.0283228885853157,2.7589496206176825,0.5243013684265716,1.009440962861772,1.036467527023022,0.0,-2.6345607667966484,0.0,0.9311174148790298,3.0283228885853157,1.009440962861772
Anhui,安徽,2022,2022P13.txt,18864,1,0.5301102629346904,1,7,3.710771840542833,1,1,0.5301102629346904,1,7,3.710771840542833,1,7,3.710771840542833,1,2,1.0602205258693809,1,0.0,0.5301102629346904,0.17670342097823014,0.5112474437627812,3.1995243967800517,2.455942498288348,0.0,0.5301102629346904,0.17670342097823014,4.601226993865031,-0.8904551533221978,3.9940361377979556,4.601226993865031,-0.8904551533221978,3.294967646562526,1.5337423312883436,-0.4735218054189627,1.0394214085280986,0.5301102629346904,3.1995243967800517,0.5301102629346904,-0.8904551533221978,-0.8904551533221978,-0.4735218054189627
Anhui,安徽,2023,2023P13.txt,20090,0,0.0,0,3,1.4932802389248383,1,0,0.0,0,6,2.9865604778496766,1,11,5.47536087605774,1,0,0.0,0,0.5301102629346904,-0.5301102629346904,0.17670342097823014,3.710771840542833,-2.2174916016179944,1.9050998410768178,0.5301102629346904,-0.5301102629346904,0.17670342097823014,3.710771840542833,-0.7242113626931563,3.766186437419181,3.710771840542833,1.7645890355149074,4.595786570155202,1.0602205258693809,-1.0602205258693809,0.8646542857192415,-0.5301102629346904,-2.2174916016179944,-0.5301102629346904,-0.7242113626931563,1.7645890355149074,-1.0602205258693809
Beijing,北京,2003,2003P1.txt,16528,0,0.0,0,0,0.0,0,0,0.0,0,3,1.8151016456921587,1,1,0.6050338818973863,1,0,0.0,0,,,,,,,,,,,,,,,,,,,,,,,,
Beijing,北京,2004,2004P1.txt,15068,0,0.0,0,0,0.0,0,0,0.0,0,4,2.654632333421821,1,1,0.6636580833554553,1,0,0.0,0,0.0,0.0,0.0,0.0,0.0,0.0,0.0,0.0,0.0,1.8151016456921587,0.8395306877296624,2.23486698955699,0.6050338818973863,0.058624201458069014,0.6343459826264208,0.0,0.0,0.0,0.0,0.0,0.0,0.8395306877296624,0.058624201458069014,0.0
Beijing,北京,2005,2005P1.txt,16042,0,0.0,0,1,0.6233636703652911,1,0,0.0,0,6,3.7401820221917466,1,1,0.6233636703652911,1,0,0.0,0,0.0,0.0,0.0,0.0,0.6233636703652911,0.20778789012176369,0.0,0.0,0.0,2.654632333421821,1.0855496887699254,2.736638667101909,0.6636580833554553,-0.04029441299016423,0.6306852118727109,0.0,0.0,0.0,0.0,0.6233636703652911,0.0,1.0855496887699254,-0.04029441299016423,0.0
Beijing,北京,2006,2006P1.txt,16468,0,0.0,0,4,2.428953121204761,1,0,0.0,0,7,4.250667962108332,1,3,1.8217148409035706,1,3,1.8217148409035706,1,0.0,0.0,0.0,0.6233636703652911,1.8055894508394696,1.0174389305233507,0.0,0.0,0.0,3.7401820221917466,0.5104859399165851,3.5484941059073,0.6233636703652911,1.1983511705382797,1.0362455315414392,0.0,1.8217148409035706,0.6072382803011902,0.0,1.8055894508394696,0.0,0.5104859399165851,1.1983511705382797,1.8217148409035706
Beijing,北京,2007,2007P1.txt,16809,0,0.0,0,7,4.164435718960081,1,0,0.0,0,3,1.7847581652686062,1,4,2.379677553691475,1,1,0.5949193884228687,1,0.0,0.0,0.0,2.428953121204761,1.73548259775532,2.405584170176711,0.0,0.0,0.0,4.250667962108332,-2.4659097968397257,3.2585360498562284,1.8217148409035706,0.5579627127879043,1.6082520216534455,1.8217148409035706,-1.2267954524807019,0.8055447431088131,0.0,1.73548259775532,0.0,-2.4659097968397257,0.5579627127879043,-1.2267954524807019
Beijing,北京,2008,2008P1.txt,19418,0,0.0,0,5,2.574930476877124,1,0,0.0,0,6,3.089916572252549,1,2,1.0299721907508497,1,1,0.5149860953754248,1,0.0,0.0,0.0,4.164435718960081,-1.5895052420829567,3.056106439013989,0.0,0.0,0.0,1.7847581652686062,1.3051584069839428,3.0417808998764957,2.379677553691475,-1.3497053629406253,1.7437881951152985,0.5949193884228687,-0.0799332930474439,0.9772067749006214,0.0,-1.5895052420829567,0.0,1.3051584069839428,-1.3497053629406253,-0.0799332930474439
Beijing,北京,2009,2009P1.txt,18388,0,0.0,0,0,0.0,0,0,0.0,0,3,1.631498803567544,1,3,1.631498803567544,1,2,1.0876658690450294,1,0.0,0.0,0.0,2.574930476877124,-2.574930476877124,2.2464553986124014,0.0,0.0,0.0,3.089916572252549,-1.458417768685005,2.1687245136962328,1.0299721907508497,0.6015266128166943,1.680382849336623,0.5149860953754248,0.5726797736696045,0.7325237842811076,0.0,-2.574930476877124,0.0,-1.458417768685005,0.6015266128166943,0.5726797736696045
Beijing,北京,2010,2010P1.txt,18395,0,0.0,0,3,1.6308779559662951,1,0,0.0,0,4,2.1745039412883935,1,7,3.805381897254689,1,1,0.5436259853220984,1,0.0,0.0,0.0,0.0,1.6308779559662951,1.4019361442811398,0.0,0.0,0.0,1.631498803567544,0.5430051377208496,2.298639772369495,1.631498803567544,2.173883093687145,2.155617630524361,1.0876658690450294,-0.544039883722931,0.7154259832475175,0.0,1.6308779559662951,0.0,0.5430051377208496,2.173883093687145,-0.544039883722931
Beijing,北京,2011,2011P1.txt,19680,0,0.0,0,0,0.0,0,0,0.0,0,3,1.524390243902439,1,5,2.540650406504065,1,0,0.0,0,0.0,0.0,0.0,1.6308779559662951,-1.6308779559662951,0.5436259853220984,0.0,0.0,0.0,2.1745039412883935,-0.6501136973859545,1.7767976629194584,3.805381897254689,-1.264731490750624,2.6591770357754325,0.5436259853220984,-0.5436259853220984,0.5437639514557092,0.0,-1.6308779559662951,0.0,-0.6501136973859545,-1.264731490750624,-0.5436259853220984
Beijing,北京,2012,2012P1.txt,18605,0,0.0,0,0,0.0,0,0,0.0,0,6,3.2249395323837677,1,6,3.2249395323837677,1,2,1.0749798441279226,1,0.0,0.0,0.0,0.0,0.0,0.5436259853220984,0.0,0.0,0.0,1.524390243902439,1.7005492884813287,2.307944572524866,2.540650406504065,0.6842891258797028,3.190323945380841,0.0,1.0749798441279226,0.5395352764833403,0.0,0.0,0.0,1.7005492884813287,0.6842891258797028,1.0749798441279226
Beijing,北京,2013,2013P1.txt,17485,0,0.0,0,0,0.0,0,0,0.0,0,9,5.1472690877895335,1,5,2.8595939376608523,1,1,0.5719187875321704,1,0.0,0.0,0.0,0.0,0.0,0.0,0.0,0.0,0.0,3.2249395323837677,1.9223295554057658,3.298866288025246,3.2249395323837677,-0.3653455947229154,2.8750612921828953,1.0749798441279226,-0.5030610565957522,0.5489662105533643,0.0,0.0,0.0,1.9223295554057658,-0.3653455947229154,-0.5030610565957522
Beijing,北京,2014,2014P1.txt,16663,0,0.0,0,0,0.0,0,0,0.0,0,13,7.801716377603072,1,5,3.0006601452319512,1,1,0.6001320290463902,1,0.0,0.0,0.0,0.0,0.0,0.0,0.0,0.0,0.0,5.1472690877895335,2.6544472898135387,5.391308332592125,2.8595939376608523,0.1410662075710989,3.028397871758857,0.5719187875321704,0.028213241514219778,0.7490102202354944,0.0,0.0,0.0,2.6544472898135387,0.1410662075710989,0.028213241514219778
Beijing,北京,2015,2015P1.txt,16185,0,0.0,0,0,0.0,0,0,0.0,0,14,8.649984553599012,1,4,2.4714241581711462,1,0,0.0,0,0.0,0.0,0.0,0.0,0.0,0.0,0.0,0.0,0.0,7.801716377603072,0.8482681759959396,7.199656672997205,3.0006601452319512,-0.529235987060805,2.7772260803546502,0.6001320290463902,-0.6001320290463902,0.39068360552618686,0.0,0.0,0.0,0.8482681759959396,-0.529235987060805,-0.6001320290463902
Beijing,北京,2016,2016P1.txt,19273,0,0.0,0,0,0.0,0,0,0.0,0,17,8.820629896746745,1,5,2.594302910807866,1,1,0.5188605821615732,1,0.0,0.0,0.0,0.0,0.0,0.0,0.0,0.0,0.0,8.649984553599012,0.17064534314773283,8.424110275982942,2.4714241581711462,0.12287875263671966,2.6887957380703216,0.0,0.5188605821615732,0.3729975370693211,0.0,0.0,0.0,0.17064534314773283,0.12287875263671966,0.5188605821615732
Beijing,北京,2017,2017P1.txt,15248,0,0.0,0,1,0.6558237145855194,1,0,0.0,0,16,10.49317943336831,1,6,3.9349422875131164,1,0,0.0,0,0.0,0.0,0.0,0.0,0.6558237145855194,0.21860790486183979,0.0,0.0,0.0,8.820629896746745,1.672549536621565,9.321264627904688,2.594302910807866,1.3406393767052505,3.0002231188307102,0.5188605821615732,-0.5188605821615732,0.17295352738719105,0.0,0.6558237145855194,0.0,1.672549536621565,1.3406393767052505,-0.5188605821615732
Beijing,北京,2018,2018P1.txt,19564,0,0.0,0,0,0.0,0,0,0.0,0,11,5.622572071151094,1,2,1.0222858311183807,1,1,0.5111429155591903,1,0.0,0.0,0.0,0.6558237145855194,-0.6558237145855194,0.21860790486183979,0.0,0.0,0.0,10.49317943336831,-4.870607362217216,8.312127133755382,3.9349422875131164,-2.9126564563947355,2.5171770098131216,0.0,0.5111429155591903,0.3433344992402545,0.0,-0.6558237145855194,0.0,-4.870607362217216,-2.9126564563947355,0.5111429155591903
Beijing,北京,2019,2019P1.txt,19694,1,0.5077688636132832,1,0,0.0,0,0,0.0,0,9,4.569919772519549,1,4,2.031075454453133,1,0,0.0,0,0.0,0.5077688636132832,0.1692562878710944,0.0,0.0,0.21860790486183979,0.0,0.0,0.0,5.622572071151094,-1.0526522986315445,6.895223759012983,1.0222858311183807,1.0087896233347522,2.3294345243615435,0.5111429155591903,-0.5111429155591903,0.17038097185306345,0.5077688636132832,0.0,0.0,-1.0526522986315445,1.0087896233347522,-0.5111429155591903
Beijing,北京,2020,2020P1.txt,22805,0,0.0,0,0,0.0,0,0,0.0,0,9,3.94650295987722,1,6,2.6310019732514798,1,4,1.7540013155009866,1,0.5077688636132832,-0.5077688636132832,0.1692562878710944,0.0,0.0,0.0,0.0,0.0,0.0,4.569919772519549,-0.6234168126423292,4.712998267849287,2.031075454453133,0.5999265187983469,1.8947877529409982,0.0,1.7540013155009866,0.755048077020059,-0.5077688636132832,0.0,0.0,-0.6234168126423292,0.5999265187983469,1.7540013155009866
Beijing,北京,2021,2021P1.txt,14150,1,0.7067137809187279,1,1,0.7067137809187279,1,0,0.0,0,8,5.6537102473498235,1,0,0.0,0,0,0.0,0,0.0,0.7067137809187279,0.40482754817733707,0.0,0.7067137809187279,0.23557126030624265,0.0,0.0,0.0,3.94650295987722,1.7072072874726034,4.72337765991553,2.6310019732514798,-2.6310019732514798,1.554025809234871,1.7540013155009866,-1.7540013155009866,0.5846671051669955,0.7067137809187279,0.7067137809187279,0.0,1.7072072874726034,-2.6310019732514798,-1.7540013155009866
Beijing,北京,2022,2022P1.txt,11981,1,0.8346548702111677,1,0,0.0,0,0,0.0,0,3,2.503964610633503,1,0,0.0,0,0,0.0,0,0.7067137809187279,0.12794108929243975,0.5137895503766319,0.7067137809187279,-0.7067137809187279,0.23557126030624265,0.0,0.0,0.0,5.6537102473498235,-3.1497456367163204,4.034725939286848,0.0,0.0,0.8770006577504934,0.0,0.0,0.5846671051669955,0.12794108929243975,-0.7067137809187279,0.0,-3.1497456367163204,0.0,0.0
Beijing,北京,2023,2023P1.txt,15345,1,0.6516780710329098,1,0,0.0,0,0,0.0,0,3,1.9550342130987293,1,5,3.258390355164549,1,0,0.0,0,0.8346548702111677,-0.18297679917825793,0.7310155740542684,0.0,0.0,0.23557126030624265,0.0,0.0,0.0,2.503964610633503,-0.5489303975347739,3.370903023694018,0.0,3.258390355164549,1.086130118388183,0.0,0.0,0.0,-0.18297679917825793,0.0,0.0,-0.5489303975347739,3.258390355164549,0.0
Chongqing,重庆,2003,2003P25.txt,19159,0,0.0,0,0,0.0,0,0,0.0,0,5,2.6097395479931103,1,0,0.0,0,2,1.043895819197244,1,,,,,,,,,,,,,,,,,,,,,,,,
Chongqing,重庆,2004,2004P25.txt,17413,0,0.0,0,0,0.0,0,0,0.0,0,3,1.7228507436972378,1,0,0.0,0,3,1.7228507436972378,1,0.0,0.0,0.0,0.0,0.0,0.0,0.0,0.0,0.0,2.6097395479931103,-0.8868888042958725,2.166295145845174,0.0,0.0,0.0,1.043895819197244,0.6789549244999937,1.3833732814472408,0.0,0.0,0.0,-0.8868888042958725,0.0,0.6789549244999937
Chongqing,重庆,2005,2005P25.txt,19612,0,0.0,0,8,4.079135223332654,1,0,0.0,0,3,1.529675708749745,1,1,0.5098919029165817,1,0,0.0,0,0.0,0.0,0.0,0.0,4.079135223332654,1.3597117411108846,0.0,0.0,0.0,1.7228507436972378,-0.19317503494749277,1.9540886668133644,0.0,0.5098919029165817,0.16996396763886057,1.7228507436972378,-1.7228507436972378,0.9222488542981605,0.0,4.079135223332654,0.0,-0.19317503494749277,0.5098919029165817,-1.7228507436972378
Chongqing,重庆,2006,2006P25.txt,18113,0,0.0,0,3,1.6562689780820405,1,0,0.0,0,5,2.7604482968034008,1,1,0.5520896593606802,1,2,1.1041793187213604,1,0.0,0.0,0.0,4.079135223332654,-2.422866245250613,1.9118014004715647,0.0,0.0,0.0,1.529675708749745,1.2307725880536557,2.004324916416795,0.5098919029165817,0.04219775644409851,0.3539938540924206,0.0,1.1041793187213604,0.9423433541395326,0.0,-2.422866245250613,0.0,1.2307725880536557,0.04219775644409851,1.1041793187213604
Chongqing,重庆,2007,2007P25.txt,18903,0,0.0,0,3,1.5870496746548166,1,0,0.0,0,7,3.7031159075279056,1,0,0.0,0,2,1.0580331164365444,1,0.0,0.0,0.0,1.6562689780820405,-0.06921930342722393,2.440817958689837,0.0,0.0,0.0,2.7604482968034008,0.9426676107245049,2.6644133043603504,0.5520896593606802,-0.5520896593606802,0.3539938540924206,1.1041793187213604,-0.04614620228481603,0.7207374783859682,0.0,-0.06921930342722393,0.0,0.9426676107245049,-0.5520896593606802,-0.04614620228481603
Chongqing,重庆,2008,2008P25.txt,18563,0,0.0,0,0,0.0,0,0,0.0,0,3,1.616118084361364,1,0,0.0,0,2,1.0774120562409093,1,0.0,0.0,0.0,1.5870496746548166,-1.5870496746548166,1.0811062175789523,0.0,0.0,0.0,3.7031159075279056,-2.0869978231665414,2.693227429564224,0.0,0.0,0.18402988645356008,1.0580331164365444,0.019378939804364892,1.0798748304662713,0.0,-1.5870496746548166,0.0,-2.0869978231665414,0.0,0.019378939804364892
Chongqing,重庆,2009,2009P25.txt,18440,0,0.0,0,4,2.1691973969631237,1,0,0.0,0,2,1.0845986984815619,1,1,0.5422993492407809,1,2,1.0845986984815619,1,0.0,0.0,0.0,0.0,2.1691973969631237,1.2520823572059803,0.0,0.0,0.0,1.616118084361364,-0.5315193858798022,2.1346108967902775,0.0,0.5422993492407809,0.180766449746927,1.0774120562409093,0.007186642240652574,1.0733479570530051,0.0,2.1691973969631237,0.0,-0.5315193858798022,0.5422993492407809,0.007186642240652574
Chongqing,重庆,2010,2010P25.txt,19693,1,0.5077946478444118,1,4,2.031178591377647,1,0,0.0,0,4,2.031178591377647,1,9,4.5701518305997055,1,3,1.5233839435332353,1,0.0,0.5077946478444118,0.1692648826148039,2.1691973969631237,-0.13801880558547674,1.4001253294469238,0.0,0.0,0.0,1.0845986984815619,0.9465798928960851,1.5772984580735245,0.5422993492407809,4.0278524813589245,1.7041503932801623,1.0845986984815619,0.4387852450516734,1.228464899418569,0.5077946478444118,-0.13801880558547674,0.0,0.9465798928960851,4.0278524813589245,0.4387852450516734
Chongqing,重庆,2011,2011P25.txt,20838,0,0.0,0,2,0.9597850081581726,1,1,0.4798925040790863,1,9,4.319032536711776,1,4,1.9195700163163452,1,4,1.9195700163163452,1,0.5077946478444118,-0.5077946478444118,0.1692648826148039,2.031178591377647,-1.0713935832194745,1.720053665499648,0.0,0.4798925040790863,0.1599641680263621,2.031178591377647,2.2878539453341293,2.4782699421903285,4.5701518305997055,-2.6505818142833606,2.3440070653856107,1.5233839435332353,0.3961860727831099,1.5091842194437142,-0.5077946478444118,-1.0713935832194745,0.4798925040790863,2.2878539453341293,-2.6505818142833606,0.3961860727831099
Chongqing,重庆,2012,2012P25.txt,19874,0,0.0,0,6,3.01901982489685,1,1,0.5031699708161417,1,2,1.0063399416322834,1,4,2.0126798832645667,1,2,1.0063399416322834,1,0.0,0.0,0.1692648826148039,0.9597850081581726,2.0592348167386776,2.003327808144223,0.4798925040790863,0.023277466737055386,0.32768749163174266,4.319032536711776,-3.312692595079493,2.4521836899072356,1.9195700163163452,0.09310986694822154,2.834133910060206,1.9195700163163452,-0.9132300746840618,1.483097967160621,0.0,2.0592348167386776,0.023277466737055386,-3.312692595079493,0.09310986694822154,-0.9132300746840618
Chongqing,重庆,2013,2013P25.txt,18402,0,0.0,0,1,0.5434191935659167,1,0,0.0,0,7,3.803934354961417,1,2,1.0868383871318334,1,2,1.0868383871318334,1,0.0,0.0,0.0,3.01901982489685,-2.4756006313309333,1.5074080088736466,0.5031699708161417,-0.5031699708161417,0.32768749163174266,1.0063399416322834,2.7975944133291337,3.0431022777684924,2.0126798832645667,-0.9258414961327333,1.6730294289042484,1.0063399416322834,0.0804984454995501,1.3375827816934873,0.0,-2.4756006313309333,-0.5031699708161417,2.7975944133291337,-0.9258414961327333,0.0804984454995501
Chongqing,重庆,2014,2014P25.txt,18436,0,0.0,0,0,0.0,0,0,0.0,0,5,2.712085050987199,1,2,1.0848340203948796,1,1,0.5424170101974398,1,0.0,0.0,0.0,0.5434191935659167,-0.5434191935659167,1.1874796728209223,0.0,0.0,0.16772332360538056,3.803934354961417,-1.091849303974218,2.5074531158602995,1.0868383871318334,-0.002004366736953811,1.3947840969304266,1.0868383871318334,-0.5444213769343936,0.8785317796538523,0.0,-0.5434191935659167,0.0,-1.091849303974218,-0.002004366736953811,-0.5444213769343936
Chongqing,重庆,2015,2015P25.txt,19470,1,0.5136106831022085,1,2,1.027221366204417,1,0,0.0,0,7,3.5952747817154598,1,2,1.027221366204417,1,2,1.027221366204417,1,0.0,0.5136106831022085,0.1712035610340695,0.0,1.027221366204417,0.5235468532567779,0.0,0.0,0.0,2.712085050987199,0.8831897307282608,3.370431395888025,1.0848340203948796,-0.05761265419046269,1.0662979245770432,0.5424170101974398,0.48480435600697713,0.88549225451123,0.5136106831022085,1.027221366204417,0.0,0.8831897307282608,-0.05761265419046269,0.48480435600697713
Chongqing,重庆,2016,2016P25.txt,22106,1,0.45236587351850177,1,0,0.0,0,0,0.0,0,4,1.809463494074007,1,5,2.261829367592509,1,0,0.0,0,0.5136106831022085,-0.061244809583706705,0.32199218554023673,1.027221366204417,-1.027221366204417,0.342407122068139,0.0,0.0,0.0,3.5952747817154598,-1.7858112876414527,2.705607775592222,1.027221366204417,1.234608001388092,1.4579615847306018,1.027221366204417,-1.027221366204417,0.5232127921339523,-0.061244809583706705,-1.027221366204417,0.0,-1.7858112876414527,1.234608001388092,-1.027221366204417
Chongqing,重庆,2017,2017P25.txt,18649,0,0.0,0,3,1.6086653439862728,1,0,0.0,0,8,4.28977425063006,1,3,1.6086653439862728,1,2,1.072443562657515,1,0.45236587351850177,-0.45236587351850177,0.32199218554023673,0.0,1.6086653439862728,0.8786289033968965,0.0,0.0,0.0,1.809463494074007,2.480310756556053,3.231504175473176,2.261829367592509,-0.6531640236062362,1.6325720259277328,0.0,1.072443562657515,0.699888309620644,-0.45236587351850177,1.6086653439862728,0.0,2.480310756556053,-0.6531640236062362,1.072443562657515
Chongqing,重庆,2018,2018P25.txt,17330,1,0.5770340450086555,1,1,0.5770340450086555,1,0,0.0,0,5,2.8851702250432774,1,5,2.8851702250432774,1,0,0.0,0,0.0,0.5770340450086555,0.3431333061757191,1.6086653439862728,-1.0316312989776173,0.7285664629983094,0.0,0.0,0.0,4.28977425063006,-1.4046040255867829,2.9948026565824484,1.6086653439862728,1.2765048810570045,2.251888312207353,1.072443562657515,-1.072443562657515,0.357481187552505,0.5770340450086555,-1.0316312989776173,0.0,-1.4046040255867829,1.2765048810570045,-1.072443562657515
Chongqing,重庆,2019,2019P25.txt,18571,1,0.5384739647838027,1,0,0.0,0,0,0.0,0,7,3.769317753486619,1,5,2.6923698239190137,1,0,0.0,0,0.5770340450086555,-0.0385600802248528,0.3718360032641527,0.5770340450086555,-0.5770340450086555,0.7285664629983094,0.0,0.0,0.0,2.8851702250432774,0.8841475284433415,3.648087409719986,2.8851702250432774,-0.19280040112426367,2.395401797649521,0.0,0.0,0.357481187552505,-0.0385600802248528,-0.5770340450086555,0.0,0.8841475284433415,-0.19280040112426367,0.0
Chongqing,重庆,2020,2020P25.txt,20269,2,0.9867285016527703,1,1,0.49336425082638513,1,1,0.49336425082638513,1,7,3.453549755784696,1,3,1.4800927524791554,1,3,1.4800927524791554,1,0.5384739647838027,0.44825453686896755,0.7007455038150762,0.0,0.49336425082638513,0.35679943194501357,0.0,0.49336425082638513,0.16445475027546172,3.769317753486619,-0.315767997701923,3.3693459114381974,2.6923698239190137,-1.2122770714398583,2.352544267147149,0.0,1.4800927524791554,0.49336425082638513,0.44825453686896755,0.49336425082638513,0.49336425082638513,-0.315767997701923,-1.2122770714398583,1.4800927524791554
Chongqing,重庆,2021,2021P25.txt,25842,2,0.7739339060444238,1,4,1.5478678120888476,1,1,0.3869669530222119,1,11,4.256636483244331,1,2,0.7739339060444238,1,2,0.7739339060444238,1,0.9867285016527703,-0.21279459560834646,0.766378790826999,0.49336425082638513,1.0545035612624625,0.680410687638411,0.49336425082638513,-0.10639729780417323,0.29344373461619905,3.453549755784696,0.8030867274596352,3.8265013308385485,1.4800927524791554,-0.7061588464347316,1.6487988274808643,1.4800927524791554,-0.7061588464347316,0.7513422195078597,-0.21279459560834646,1.0545035612624625,-0.10639729780417323,0.8030867274596352,-0.7061588464347316,-0.7061588464347316
Chongqing,重庆,2022,2022P25.txt,23980,3,1.2510425354462051,1,5,2.085070892410342,1,0,0.0,0,7,2.9190992493744785,1,7,2.9190992493744785,1,3,1.2510425354462051,1,0.7739339060444238,0.47710862940178134,1.0039016477144662,1.5478678120888476,0.5372030803214944,1.3754343184418583,0.3869669530222119,-0.3869669530222119,0.29344373461619905,4.256636483244331,-1.3375372338698526,3.5430951628011678,0.7739339060444238,2.1451653433300546,1.724375302632686,0.7739339060444238,0.47710862940178134,1.168356397989928,0.47710862940178134,0.5372030803214944,-0.3869669530222119,-1.3375372338698526,2.1451653433300546,0.47710862940178134
Chongqing,重庆,2023,2023P25.txt,25905,2,0.7720517274657402,1,2,0.7720517274657402,1,0,0.0,0,5,1.9301293186643504,1,17,6.562439683458792,1,6,2.3161551823972206,1,1.2510425354462051,-0.4789908079804649,0.9323427229854563,2.085070892410342,-1.3130191649446017,1.46833014398831,0.0,0.0,0.1289889843407373,2.9190992493744785,-0.9889699307101281,3.0352883504277197,2.9190992493744785,3.6433404340843136,3.4184909462925646,1.2510425354462051,1.0651126469510155,1.4470438746292833,-0.4789908079804649,-1.3130191649446017,0.0,-0.9889699307101281,3.6433404340843136,1.0651126469510155
Fujian,福建,2003,2003P8.txt,16262,0,0.0,0,0,0.0,0,0,0.0,0,2,1.2298610257040954,1,0,0.0,0,2,1.2298610257040954,1,,,,,,,,,,,,,,,,,,,,,,,,
Fujian,福建,2004,2004P8.txt,15609,0,0.0,0,3,1.9219680953296174,1,0,0.0,0,2,1.2813120635530784,1,0,0.0,0,3,1.9219680953296174,1,0.0,0.0,0.0,0.0,1.9219680953296174,0.9609840476648087,0.0,0.0,0.0,1.2298610257040954,0.05145103784898297,1.2555865446285868,0.0,0.0,0.0,1.2298610257040954,0.692107069625522,1.5759145605168565,0.0,1.9219680953296174,0.0,0.05145103784898297,0.0,0.692107069625522
Fujian,福建,2005,2005P8.txt,16856,0,0.0,0,4,2.3730422401518747,1,0,0.0,0,2,1.1865211200759374,1,3,1.779781680113906,1,4,2.3730422401518747,1,0.0,0.0,0.0,1.9219680953296174,0.4510741448222573,1.431670111827164,0.0,0.0,0.0,1.2813120635530784,-0.09479094347714101,1.2325647364443704,0.0,1.779781680113906,0.5932605600379687,1.9219680953296174,0.4510741448222573,1.8416237870618624,0.0,0.4510741448222573,0.0,-0.09479094347714101,1.779781680113906,0.4510741448222573
Fujian,福建,2006,2006P8.txt,19896,0,0.0,0,2,1.0052271813429836,1,0,0.0,0,4,2.0104543626859672,1,0,0.0,0,2,1.0052271813429836,1,0.0,0.0,0.0,2.3730422401518747,-1.367815058808891,1.7667458389414918,0.0,0.0,0.0,1.1865211200759374,0.8239332426100299,1.4927625154383275,1.779781680113906,-1.779781680113906,0.5932605600379687,2.3730422401518747,-1.367815058808891,1.7667458389414918,0.0,-1.367815058808891,0.0,0.8239332426100299,-1.779781680113906,-1.367815058808891
Fujian,福建,2007,2007P8.txt,17558,0,0.0,0,2,1.1390818999886092,1,0,0.0,0,1,0.5695409499943046,1,2,1.1390818999886092,1,3,1.7086228499829137,1,0.0,0.0,0.0,1.0052271813429836,0.1338547186456256,1.5057837738278224,0.0,0.0,0.0,2.0104543626859672,-1.4409134126916627,1.255505477585403,0.0,1.1390818999886092,0.9729545267008385,1.0052271813429836,0.7033956686399301,1.6956307571592573,0.0,0.1338547186456256,0.0,-1.4409134126916627,1.1390818999886092,0.7033956686399301
Fujian,福建,2008,2008P8.txt,21081,0,0.0,0,2,0.9487215976471705,1,0,0.0,0,7,3.3205255917650964,1,4,1.897443195294341,1,2,0.9487215976471705,1,0.0,0.0,0.0,1.1390818999886092,-0.19036030234143875,1.0310102263262546,0.0,0.0,0.0,0.5695409499943046,2.750984641770792,1.9668403014817895,1.1390818999886092,0.7583612953057317,1.0121750317609834,1.7086228499829137,-0.7599012523357432,1.2208572096576893,0.0,-0.19036030234143875,0.0,2.750984641770792,0.7583612953057317,-0.7599012523357432
Fujian,福建,2009,2009P8.txt,18764,0,0.0,0,5,2.6646770411426135,1,0,0.0,0,7,3.730547857599659,1,3,1.598806224685568,1,2,1.0658708164570454,1,0.0,0.0,0.0,0.9487215976471705,1.7159554434954432,1.5841601795927975,0.0,0.0,0.0,3.3205255917650964,0.41002226583456247,2.5402047997863533,1.897443195294341,-0.2986369706087728,1.5451104399895061,0.9487215976471705,0.11714921880987494,1.24107175469571,0.0,1.7159554434954432,0.0,0.41002226583456247,-0.2986369706087728,0.11714921880987494
Fujian,福建,2010,2010P8.txt,19654,0,0.0,0,3,1.5264068383026357,1,0,0.0,0,4,2.0352091177368474,1,6,3.0528136766052714,1,6,3.0528136766052714,1,0.0,0.0,0.0,2.6646770411426135,-1.1382702028399778,1.71326849236414,0.0,0.0,0.0,3.730547857599659,-1.6953387398628115,3.028760855700534,1.598806224685568,1.4540074519197033,2.1830210321950605,1.0658708164570454,1.986942860148226,1.689135363569829,0.0,-1.1382702028399778,0.0,-1.6953387398628115,1.4540074519197033,1.986942860148226
Fujian,福建,2011,2011P8.txt,19693,0,0.0,0,1,0.5077946478444118,1,0,0.0,0,4,2.031178591377647,1,3,1.5233839435332353,1,1,0.5077946478444118,1,0.0,0.0,0.0,1.5264068383026357,-1.018612190458224,1.5662928424298872,0.0,0.0,0.0,2.0352091177368474,-0.004030526359200426,2.5989785222380513,3.0528136766052714,-1.5294297330720361,2.058334614941358,3.0528136766052714,-2.5450190287608594,1.542159713635576,0.0,-1.018612190458224,0.0,-0.004030526359200426,-1.5294297330720361,-2.5450190287608594
Fujian,福建,2012,2012P8.txt,4945,0,0.0,0,1,2.0222446916076846,1,0,0.0,0,1,2.0222446916076846,1,1,2.0222446916076846,1,1,2.0222446916076846,1,0.0,0.0,0.0,0.5077946478444118,1.5144500437632729,1.3521487259182443,0.0,0.0,0.0,2.031178591377647,-0.008933899769962395,2.0295441335740594,1.5233839435332353,0.49886074807444936,2.199480770582064,0.5077946478444118,1.5144500437632729,1.8609510053524556,0.0,1.5144500437632729,0.0,-0.008933899769962395,0.49886074807444936,1.5144500437632729
Fujian,福建,2013,2013P8.txt,13339,0,0.0,0,0,0.0,0,0,0.0,0,6,4.4980883124672015,1,0,0.0,0,1,0.7496813854112002,1,0.0,0.0,0.0,2.0222446916076846,-2.0222446916076846,0.8433464464840322,0.0,0.0,0.0,2.0222446916076846,2.475843620859517,2.8505038651508445,2.0222446916076846,-2.0222446916076846,1.1818762117136399,2.0222446916076846,-1.2725633061964845,1.0932402416210987,0.0,-2.0222446916076846,0.0,2.475843620859517,-2.0222446916076846,-1.2725633061964845
Fujian,福建,2014,2014P8.txt,12845,2,1.5570260801868432,1,0,0.0,0,0,0.0,0,8,6.228104320747373,1,0,0.0,0,0,0.0,0,0.0,1.5570260801868432,0.5190086933956144,0.0,0.0,0.6740815638692284,0.0,0.0,0.0,4.4980883124672015,1.7300160082801712,4.249479108274087,0.0,0.0,0.6740815638692282,0.7496813854112002,-0.7496813854112002,0.9239753590062948,1.5570260801868432,0.0,0.0,1.7300160082801712,0.0,-0.7496813854112002
Fujian,福建,2015,2015P8.txt,12681,0,0.0,0,1,0.7885813421654444,1,1,0.7885813421654444,1,11,8.674394763819889,1,3,2.365744026496333,1,2,1.5771626843308888,1,1.5570260801868432,-1.5570260801868432,0.5190086933956144,0.0,0.7885813421654444,0.26286044738848163,0.0,0.7885813421654444,0.26286044738848147,6.228104320747373,2.446290443072516,6.466862465678155,0.0,2.365744026496333,0.7885813421654443,0.0,1.5771626843308888,0.7756146899140295,-1.5570260801868432,0.7885813421654444,0.7885813421654444,2.446290443072516,2.365744026496333,1.5771626843308888
Fujian,福建,2016,2016P8.txt,17337,0,0.0,0,0,0.0,0,0,0.0,0,9,5.191209551825575,1,2,1.1536021226279056,1,2,1.1536021226279056,1,0.0,0.0,0.5190086933956144,0.7885813421654444,-0.7885813421654444,0.26286044738848163,0.7885813421654444,-0.7885813421654444,0.26286044738848147,8.674394763819889,-3.4831852119943134,6.6979028787976125,2.365744026496333,-1.2121419038684274,1.173115383041413,1.5771626843308888,-0.4235605617029832,0.9102549356529313,0.0,-0.7885813421654444,-0.7885813421654444,-3.4831852119943134,-1.2121419038684274,-0.4235605617029832
Fujian,福建,2017,2017P8.txt,13178,1,0.7588404917286387,1,1,0.7588404917286387,1,0,0.0,0,6,4.5530429503718315,1,4,3.0353619669145546,1,0,0.0,0,0.0,0.7588404917286387,0.25294683057621287,0.0,0.7588404917286387,0.5158072779646945,0.0,0.0,0.26286044738848147,5.191209551825575,-0.6381666014537437,6.139549088672432,1.1536021226279056,1.881759844286649,2.1849027053462646,1.1536021226279056,-1.1536021226279056,0.9102549356529313,0.7588404917286387,0.7588404917286387,0.0,-0.6381666014537437,1.881759844286649,-1.1536021226279056
Fujian,福建,2018,2018P8.txt,19047,1,0.5250170630545493,1,1,0.5250170630545493,1,0,0.0,0,16,8.400273008872789,1,4,2.1000682522181973,1,0,0.0,0,0.7588404917286387,-0.23382342867408934,0.4279525182610627,0.7588404917286387,-0.23382342867408934,0.42795251826106284,0.0,0.0,0.0,4.5530429503718315,3.8472300585009576,6.048175170356732,3.0353619669145546,-0.9352937146963574,2.0963441139202192,0.0,0.0,0.3845340408759684,-0.23382342867408934,-0.23382342867408934,0.0,3.8472300585009576,-0.9352937146963574,0.0
Fujian,福建,2019,2019P8.txt,15682,1,0.6376737661012626,1,0,0.0,0,0,0.0,0,5,3.188368830506313,1,5,3.188368830506313,1,2,1.2753475322025252,1,0.5250170630545493,0.11265670304671327,0.6405104402948169,0.5250170630545493,-0.5250170630545493,0.42795251826106284,0.0,0.0,0.0,8.400273008872789,-5.211904178366476,5.380561596583644,2.1000682522181973,1.0883005782881159,2.774599683213022,0.0,1.2753475322025252,0.42511584406750824,0.11265670304671327,-0.5250170630545493,0.0,-5.211904178366476,1.0883005782881159,1.2753475322025252
Fujian,福建,2020,2020P8.txt,16016,1,0.6243756243756243,1,0,0.0,0,0,0.0,0,5,3.121878121878122,1,6,3.746253746253746,1,0,0.0,0,0.6376737661012626,-0.013298141725638257,0.5956888178438121,0.0,0.0,0.17500568768484992,0.0,0.0,0.0,3.188368830506313,-0.06649070862819118,4.903506653752408,3.188368830506313,0.557884915747433,3.0115636096594187,1.2753475322025252,-1.2753475322025252,0.42511584406750824,-0.013298141725638257,0.0,0.0,-0.06649070862819118,0.557884915747433,-1.2753475322025252
Fujian,福建,2021,2021P8.txt,18291,5,2.733584823137062,1,1,0.5467169646274124,1,0,0.0,0,5,2.733584823137062,1,4,2.1868678585096495,1,2,1.0934339292548247,1,0.6243756243756243,2.109209198761438,1.3318780712046496,0.0,0.5467169646274124,0.18223898820913761,0.0,0.0,0.0,3.121878121878122,-0.3882932987410599,3.014610591840499,3.746253746253746,-1.5593858877440967,3.04049681175657,0.0,1.0934339292548247,0.7895938204857832,2.109209198761438,0.5467169646274124,0.0,-0.3882932987410599,-1.5593858877440967,1.0934339292548247
Fujian,福建,2022,2022P8.txt,19149,2,1.044440962974568,1,0,0.0,0,0,0.0,0,2,1.044440962974568,1,6,3.1333228889237037,1,2,1.044440962974568,1,2.733584823137062,-1.6891438601624942,1.4674671368290848,0.5467169646274124,-0.5467169646274124,0.18223898820913761,0.0,0.0,0.0,2.733584823137062,-1.6891438601624942,2.2999679693299173,2.1868678585096495,0.9464550304140542,3.022148164562367,1.0934339292548247,-0.048992966280256844,0.712624964076464,-1.6891438601624942,-0.5467169646274124,0.0,-1.6891438601624942,0.9464550304140542,-0.048992966280256844
Fujian,福建,2023,2023P8.txt,27088,1,0.3691671588895452,1,5,1.845835794447726,1,0,0.0,0,12,4.430005906674542,1,8,2.9533372711163617,1,6,2.215002953337271,1,1.044440962974568,-0.6752738040850227,1.3823976483337252,0.0,1.845835794447726,0.7975175863583797,0.0,0.0,0.0,1.044440962974568,3.385564943699974,2.7360105642620574,3.1333228889237037,-0.179985617807342,2.7578426728499053,1.044440962974568,1.1705619903627031,1.4509592818555543,-0.6752738040850227,1.845835794447726,0.0,3.385564943699974,-0.179985617807342,1.1705619903627031
Gansu,甘肃,2003,2003P23.txt,16899,0,0.0,0,1,0.5917509911829102,1,0,0.0,0,2,1.1835019823658204,1,0,0.0,0,3,1.7752529735487308,1,,,,,,,,,,,,,,,,,,,,,,,,
Gansu,甘肃,2004,2004P23.txt,13061,0,0.0,0,1,0.7656381594058648,1,0,0.0,0,2,1.5312763188117295,1,1,0.7656381594058648,1,2,1.5312763188117295,1,0.0,0.0,0.0,0.5917509911829102,0.17388716822295458,0.6786945752943875,0.0,0.0,0.0,1.1835019823658204,0.34777433644590916,1.357389150588775,0.0,0.7656381594058648,0.3828190797029324,1.7752529735487308,-0.24397665473700125,1.6532646461802303,0.0,0.17388716822295458,0.0,0.34777433644590916,0.7656381594058648,-0.24397665473700125
Gansu,甘肃,2005,2005P23.txt,15841,0,0.0,0,3,1.893819834606401,1,0,0.0,0,3,1.893819834606401,1,0,0.0,0,2,1.2625465564042675,1,0.0,0.0,0.0,0.7656381594058648,1.1281816752005362,1.083736328398392,0.0,0.0,0.0,1.5312763188117295,0.3625435157946715,1.5361993785946504,0.7656381594058648,-0.7656381594058648,0.2552127198019549,1.5312763188117295,-0.26872976240746205,1.5230252829215758,0.0,1.1281816752005362,0.0,0.3625435157946715,-0.7656381594058648,-0.26872976240746205
Gansu,甘肃,2006,2006P23.txt,18696,0,0.0,0,7,3.7441163885323063,1,0,0.0,0,8,4.278990158322636,1,5,2.6743688489516475,1,0,0.0,0,0.0,0.0,0.0,1.893819834606401,1.8502965539259053,2.134524794181524,0.0,0.0,0.0,1.893819834606401,2.385170323716235,2.5680287705802556,0.0,2.6743688489516475,1.1466690027858375,1.2625465564042675,-1.2625465564042675,0.9312742917386657,0.0,1.8502965539259053,0.0,2.385170323716235,2.6743688489516475,-1.2625465564042675
Gansu,甘肃,2007,2007P23.txt,15429,0,0.0,0,11,7.129431589863245,1,1,0.6481301445330222,1,9,5.8331713007972,1,1,0.6481301445330222,1,2,1.2962602890660444,1,0.0,0.0,0.0,3.7441163885323063,3.3853152013309384,4.25578927100065,0.0,0.6481301445330222,0.2160433815110074,4.278990158322636,1.5541811424745635,4.0019937645754124,2.6743688489516475,-2.0262387044186254,1.1074996644948898,0.0,1.2962602890660444,0.8529356151567707,0.0,3.3853152013309384,0.6481301445330222,1.5541811424745635,-2.0262387044186254,1.2962602890660444
Gansu,甘肃,2008,2008P23.txt,18171,0,0.0,0,7,3.8522921138077155,1,0,0.0,0,11,6.053601893126411,1,8,4.402619558637389,1,4,2.2013097793186946,1,0.0,0.0,0.0,7.129431589863245,-3.2771394760555292,4.908613364067755,0.6481301445330222,-0.6481301445330222,0.2160433815110074,5.8331713007972,0.22043059232921092,5.388587784082083,0.6481301445330222,3.754489414104367,2.5750395173740195,1.2962602890660444,0.9050494902526502,1.1658566894615796,0.0,-3.2771394760555292,-0.6481301445330222,0.22043059232921092,3.754489414104367,0.9050494902526502
Gansu,甘肃,2009,2009P23.txt,19837,0,0.0,0,6,3.024650904874729,1,0,0.0,0,6,3.024650904874729,1,14,7.057518778041034,1,3,1.5123254524373646,1,0.0,0.0,0.0,3.8522921138077155,-0.8276412089329863,4.668791536181897,0.0,0.0,0.2160433815110074,6.053601893126411,-3.0289509882516814,4.970474699599446,4.402619558637389,2.654899219403645,4.0360894937371485,2.2013097793186946,-0.68898432688133,1.669965173607368,0.0,-0.8276412089329863,0.0,-3.0289509882516814,2.654899219403645,-0.68898432688133
Gansu,甘肃,2010,2010P23.txt,17452,0,0.0,0,7,4.011001604400642,1,0,0.0,0,6,3.43800137520055,1,17,9.741003896401558,1,4,2.2920009168003666,1,0.0,0.0,0.0,3.024650904874729,0.9863506995259126,3.629314874361029,0.0,0.0,0.0,3.024650904874729,0.41335047032582084,4.172084724400563,7.057518778041034,2.683485118360524,7.067047411026661,1.5123254524373646,0.779675464363002,2.0018787161854754,0.0,0.9863506995259126,0.0,0.41335047032582084,2.683485118360524,0.779675464363002
Gansu,甘肃,2011,2011P23.txt,19386,0,0.0,0,10,5.158361704322707,1,0,0.0,0,3,1.547508511296812,1,19,9.800887238213143,1,4,2.063344681729083,1,0.0,0.0,0.0,4.011001604400642,1.1473600999220652,4.064671404532692,0.0,0.0,0.0,3.43800137520055,-1.890492863903738,2.67005359712403,9.741003896401558,0.0598833418115845,8.866469970885246,2.2920009168003666,-0.22865623507128374,1.955890350322271,0.0,1.1473600999220652,0.0,-1.890492863903738,0.0598833418115845,-0.22865623507128374
Gansu,甘肃,2012,2012P23.txt,17734,0,0.0,0,7,3.9472200293222057,1,0,0.0,0,8,4.511108604939664,1,13,7.330551483026954,1,7,3.9472200293222057,1,0.0,0.0,0.0,5.158361704322707,-1.2111416750005013,4.372194446015185,0.0,0.0,0.0,1.547508511296812,2.9636000936428517,3.165539497145675,9.800887238213143,-2.4703357551861886,8.957480872547219,2.063344681729083,1.883875347593123,2.7675218759505515,0.0,-1.2111416750005013,0.0,2.9636000936428517,-2.4703357551861886,1.883875347593123
Gansu,甘肃,2013,2013P23.txt,18144,0,0.0,0,6,3.306878306878307,1,0,0.0,0,5,2.755731922398589,1,16,8.818342151675486,1,4,2.2045855379188715,1,0.0,0.0,0.0,3.9472200293222057,-0.6403417224438988,4.137486680174407,0.0,0.0,0.0,4.511108604939664,-1.7553766825410748,2.938116346211688,7.330551483026954,1.4877906686485316,8.64992695763853,3.9472200293222057,-1.7426344914033343,2.7383834163233867,0.0,-0.6403417224438988,0.0,-1.7553766825410748,1.4877906686485316,-1.7426344914033343
Gansu,甘肃,2014,2014P23.txt,17655,0,0.0,0,8,4.5312942509204195,1,0,0.0,0,13,7.363353157745681,1,11,6.230529595015576,1,4,2.2656471254602097,1,0.0,0.0,0.0,3.306878306878307,1.2244159440421125,3.9284641957069772,0.0,0.0,0.0,2.755731922398589,4.607621235347093,4.876731228361312,8.818342151675486,-2.5878125566599097,7.459807743239339,2.2045855379188715,0.06106158754133828,2.8058175642337617,0.0,1.2244159440421125,0.0,4.607621235347093,-2.5878125566599097,0.06106158754133828
Gansu,甘肃,2015,2015P23.txt,21320,0,0.0,0,7,3.283302063789869,1,0,0.0,0,14,6.566604127579738,1,10,4.690431519699812,1,7,3.283302063789869,1,0.0,0.0,0.0,4.5312942509204195,-1.2479921871305506,3.707158207196198,0.0,0.0,0.0,7.363353157745681,-0.7967490301659437,5.561896402574669,6.230529595015576,-1.5400980753157638,6.579767755463625,2.2656471254602097,1.0176549383296591,2.5845115757229835,0.0,-1.2479921871305506,0.0,-0.7967490301659437,-1.5400980753157638,1.0176549383296591
Gansu,甘肃,2016,2016P23.txt,21458,0,0.0,0,2,0.9320533134495294,1,0,0.0,0,13,6.058346537421941,1,5,2.330133283623823,1,1,0.4660266567247647,1,0.0,0.0,0.0,3.283302063789869,-2.3512487503403396,2.9155498760532725,0.0,0.0,0.0,6.566604127579738,-0.5082575901577968,6.662767940915786,4.690431519699812,-2.360298236075989,4.417031466113072,3.283302063789869,-2.8172754070651043,2.004991948658281,0.0,-2.3512487503403396,0.0,-0.5082575901577968,-2.360298236075989,-2.8172754070651043
Gansu,甘肃,2017,2017P23.txt,20412,0,0.0,0,2,0.9798157946306094,1,0,0.0,0,10,4.899078973153047,1,5,2.4495394865765237,1,1,0.4899078973153047,1,0.0,0.0,0.0,0.9320533134495294,0.04776248118108006,1.7317237239566692,0.0,0.0,0.0,6.058346537421941,-1.1592675642688937,5.841343212718242,2.330133283623823,0.11940620295270055,3.1567014299667213,0.4660266567247647,0.02388124059054003,1.4130788726099792,0.0,0.04776248118108006,0.0,-1.1592675642688937,0.11940620295270055,0.02388124059054003
Gansu,甘肃,2018,2018P23.txt,21530,1,0.4644681839294008,1,6,2.786809103576405,1,0,0.0,0,11,5.1091500232234095,1,8,3.7157454714352065,1,4,1.8578727357176033,1,0.0,0.4644681839294008,0.15482272797646693,0.9798157946306094,1.8069933089457957,1.5662260705521813,0.0,0.0,0.0,4.899078973153047,0.2100710500703622,5.3555251779328,2.4495394865765237,1.2662059848586829,2.8318060805451855,0.4899078973153047,1.3679648384022984,0.9379357632525575,0.4644681839294008,1.8069933089457957,0.0,0.2100710500703622,1.2662059848586829,1.3679648384022984
Gansu,甘肃,2019,2019P23.txt,19535,3,1.5357051446122345,1,5,2.5595085743537243,1,0,0.0,0,8,4.095213718965958,1,7,3.5833120040952138,1,10,5.1190171487074485,1,0.4644681839294008,1.0712369606828336,0.6667244428472118,2.786809103576405,-0.22730052922268085,2.1087111575202466,0.0,0.0,0.0,5.1091500232234095,-1.0139363042574514,4.701147571780805,3.7157454714352065,-0.13243346733999273,3.249532320702316,1.8578727357176033,3.2611444129898453,2.488932593913452,1.0712369606828336,-0.22730052922268085,0.0,-1.0139363042574514,-0.13243346733999273,3.2611444129898453
Gansu,甘肃,2020,2020P23.txt,18569,2,1.0770639237438742,1,6,3.2311917712316225,1,0,0.0,0,6,3.2311917712316225,1,5,2.6926598093596854,1,10,5.385319618719371,1,1.5357051446122345,-0.45864122086836034,1.0257457507618364,2.5595085743537243,0.6716831968778982,2.8591698163872508,0.0,0.0,0.0,4.095213718965958,-0.8640219477343356,4.14518517114033,3.5833120040952138,-0.8906521947355284,3.330572428296703,5.1190171487074485,0.2663024700119223,4.120736501048142,-0.45864122086836034,0.6716831968778982,0.0,-0.8640219477343356,-0.8906521947355284,0.2663024700119223
Gansu,甘肃,2021,2021P23.txt,19564,2,1.0222858311183807,1,1,0.5111429155591903,1,1,0.5111429155591903,1,10,5.111429155591903,1,8,4.089143324473523,1,4,2.0445716622367613,1,1.0770639237438742,-0.05477809262549349,1.2116849664914964,3.2311917712316225,-2.7200488556724323,2.1006144203815125,0.0,0.5111429155591903,0.17038097185306345,3.2311917712316225,1.8802373843602807,4.145944881929828,2.6926598093596854,1.3964835151138373,3.455038379309475,5.385319618719371,-3.3407479564826095,4.182969476554527,-0.05477809262549349,-2.7200488556724323,0.5111429155591903,1.8802373843602807,1.3964835151138373,-3.3407479564826095
Gansu,甘肃,2022,2022P23.txt,16603,2,1.2046015780280672,1,5,3.011503945070168,1,1,0.6023007890140336,1,5,3.011503945070168,1,8,4.818406312112269,1,4,2.4092031560561344,1,1.0222858311183807,0.18231574690968655,1.1013171109634408,0.5111429155591903,2.500361029510978,2.2512795439536606,0.5111429155591903,0.09115787345484327,0.37114790152440796,5.111429155591903,-2.099925210521735,3.784708290631231,4.089143324473523,0.7292629876387462,3.866736481981827,2.0445716622367613,0.3646314938193731,3.2796981456707557,0.18231574690968655,2.500361029510978,0.09115787345484327,-2.099925210521735,0.7292629876387462,0.3646314938193731
Gansu,甘肃,2023,2023P23.txt,20257,1,0.49365651379769954,1,7,3.455595596583897,1,0,0.0,0,6,2.9619390827861976,1,15,7.404847706965493,1,7,3.455595596583897,1,1.2046015780280672,-0.7109450642303676,0.9068479743147156,3.011503945070168,0.444091651513729,2.3260808190710853,0.6023007890140336,-0.6023007890140336,0.37114790152440796,3.011503945070168,-0.04956486228397061,3.6949573944827563,4.818406312112269,2.5864413948532246,5.4374657811837634,2.4092031560561344,1.0463924405277627,2.636456804958931,-0.7109450642303676,0.444091651513729,-0.6023007890140336,-0.04956486228397061,2.5864413948532246,1.0463924405277627
Guangdong,广东,2003,2003P9.txt,18139,0,0.0,0,0,0.0,0,0,0.0,0,2,1.102596615028392,1,0,0.0,0,2,1.102596615028392,1,,,,,,,,,,,,,,,,,,,,,,,,
Guangdong,广东,2004,2004P9.txt,22186,0,0.0,0,0,0.0,0,0,0.0,0,7,3.1551428828991255,1,1,0.45073469755701795,1,3,1.352204092671054,1,0.0,0.0,0.0,0.0,0.0,0.0,0.0,0.0,0.0,1.102596615028392,2.0525462678707336,2.1288697489637585,0.0,0.45073469755701795,0.22536734877850897,1.102596615028392,0.249607477642662,1.227400353849723,0.0,0.0,0.0,2.0525462678707336,0.45073469755701795,0.249607477642662
Guangdong,广东,2005,2005P9.txt,24160,0,0.0,0,1,0.4139072847682119,1,0,0.0,0,9,3.725165562913907,1,2,0.8278145695364238,1,5,2.0695364238410594,1,0.0,0.0,0.0,0.0,0.4139072847682119,0.13796909492273732,0.0,0.0,0.0,3.1551428828991255,0.5700226800147816,2.6609683536138085,0.45073469755701795,0.3770798719794059,0.42618308903114727,1.352204092671054,0.7173323311700055,1.5081123771801686,0.0,0.4139072847682119,0.0,0.5700226800147816,0.3770798719794059,0.7173323311700055
Guangdong,广东,2006,2006P9.txt,22083,0,0.0,0,3,1.3585110718652358,1,0,0.0,0,2,0.9056740479101572,1,1,0.4528370239550786,1,2,0.9056740479101572,1,0.0,0.0,0.0,0.4139072847682119,0.9446037870970239,0.5908061188778159,0.0,0.0,0.0,3.725165562913907,-2.81949151500375,2.59532749790773,0.8278145695364238,-0.3749775455813453,0.57712876368284,2.0695364238410594,-1.1638623759309024,1.4424715214740902,0.0,0.9446037870970239,0.0,-2.81949151500375,-0.3749775455813453,-1.1638623759309024
Guangdong,广东,2007,2007P9.txt,19021,0,0.0,0,3,1.5772041427895485,1,0,0.0,0,8,4.205877714105462,1,2,1.0514694285263655,1,1,0.5257347142631827,1,0.0,0.0,0.0,1.3585110718652358,0.21869307092431267,1.1165408331409987,0.0,0.0,0.0,0.9056740479101572,3.300203666195305,2.9455724416431757,0.4528370239550786,0.598632404571287,0.7773736740059559,0.9056740479101572,-0.3799393336469744,1.1669817286714663,0.0,0.21869307092431267,0.0,3.300203666195305,0.598632404571287,-0.3799393336469744
Guangdong,广东,2008,2008P9.txt,22279,0,0.0,0,1,0.4488531801247812,1,0,0.0,0,5,2.244265900623906,1,3,1.3465595403743436,1,2,0.8977063602495624,1,0.0,0.0,0.0,1.5772041427895485,-1.1283509626647672,1.1281894649265218,0.0,0.0,0.0,4.205877714105462,-1.9616118134815559,2.451939220879842,1.0514694285263655,0.29509011184797806,0.9502886642852625,0.5257347142631827,0.37197164598637966,0.7763717074743007,0.0,-1.1283509626647672,0.0,-1.9616118134815559,0.29509011184797806,0.37197164598637966
Guangdong,广东,2009,2009P9.txt,19729,0,0.0,0,0,0.0,0,0,0.0,0,5,2.53434031121699,1,7,3.5480764357037864,1,0,0.0,0,0.0,0.0,0.0,0.4488531801247812,-0.4488531801247812,0.6753524409714432,0.0,0.0,0.0,2.244265900623906,0.29007441059308414,2.9948279753154528,1.3465595403743436,2.201516895329443,1.982035134868165,0.8977063602495624,-0.8977063602495624,0.4744803581709151,0.0,-0.4488531801247812,0.0,0.29007441059308414,2.201516895329443,-0.8977063602495624
Guangdong,广东,2010,2010P9.txt,22142,0,0.0,0,0,0.0,0,0,0.0,0,4,1.8065215427693975,1,6,2.709782314154096,1,1,0.45163038569234937,1,0.0,0.0,0.0,0.0,0.0,0.1496177267082604,0.0,0.0,0.0,2.53434031121699,-0.7278187684475927,2.195042584870098,3.5480764357037864,-0.8382941215496902,2.5348060967440755,0.0,0.45163038569234937,0.44977891531397063,0.0,0.0,0.0,-0.7278187684475927,-0.8382941215496902,0.45163038569234937
Guangdong,广东,2011,2011P9.txt,22702,0,0.0,0,3,1.3214694740551494,1,0,0.0,0,7,3.083428772795348,1,8,3.523918597480398,1,1,0.44048982468504977,1,0.0,0.0,0.0,0.0,1.3214694740551494,0.44048982468504977,0.0,0.0,0.0,1.8065215427693975,1.2769072300259507,2.4747635422605785,2.709782314154096,0.814136283326302,3.2605924491127602,0.45163038569234937,-0.011140561007299599,0.29737340345913305,0.0,1.3214694740551494,0.0,1.2769072300259507,0.814136283326302,-0.011140561007299599
Guangdong,广东,2012,2012P9.txt,18745,0,0.0,0,1,0.5334755934915978,1,0,0.0,0,10,5.334755934915978,1,2,1.0669511869831956,1,0,0.0,0,0.0,0.0,0.0,1.3214694740551494,-0.7879938805635516,0.6183150225155823,0.0,0.0,0.0,3.083428772795348,2.2513271621206297,3.408235416826908,3.523918597480398,-2.4569674104972026,2.43355069953923,0.44048982468504977,-0.44048982468504977,0.29737340345913305,0.0,-0.7879938805635516,0.0,2.2513271621206297,-2.4569674104972026,-0.44048982468504977
Guangdong,广东,2013,2013P9.txt,20994,0,0.0,0,1,0.4763265694960465,1,0,0.0,0,7,3.3342859864723255,1,5,2.3816328474802324,1,1,0.4763265694960465,1,0.0,0.0,0.0,0.5334755934915978,-0.057149023995551274,0.7770905456809313,0.0,0.0,0.0,5.334755934915978,-2.0004699484436523,3.9174902313945505,1.0669511869831956,1.3146816604970368,2.3241675439812757,0.0,0.4763265694960465,0.3056054647270321,0.0,-0.057149023995551274,0.0,-2.0004699484436523,1.3146816604970368,0.4763265694960465
Guangdong,广东,2014,2014P9.txt,19723,0,0.0,0,2,1.0140445165542766,1,0,0.0,0,13,6.591289357602799,1,6,3.04213354966283,1,1,0.5070222582771383,1,0.0,0.0,0.0,0.4763265694960465,0.5377179470582301,0.674615559847307,0.0,0.0,0.0,3.3342859864723255,3.257003371130473,5.086777092997035,2.3816328474802324,0.6605007021825977,2.1635725280420863,0.4763265694960465,0.0306956887810918,0.3277829425910616,0.0,0.5377179470582301,0.0,3.257003371130473,0.6605007021825977,0.0306956887810918
Guangdong,广东,2015,2015P9.txt,22092,0,0.0,0,2,0.9053050878145935,1,0,0.0,0,15,6.7897881586094515,1,4,1.810610175629187,1,0,0.0,0,0.0,0.0,0.0,1.0140445165542766,-0.10873942873968312,0.7985587246216389,0.0,0.0,0.0,6.591289357602799,0.19849880100665285,5.571787834228192,3.04213354966283,-1.231523374033643,2.4114588575907496,0.5070222582771383,-0.5070222582771383,0.3277829425910616,0.0,-0.10873942873968312,0.0,0.19849880100665285,-1.231523374033643,-0.5070222582771383
Guangdong,广东,2016,2016P9.txt,22055,1,0.4534119247336205,1,2,0.906823849467241,1,0,0.0,0,13,5.894355021537066,1,3,1.3602357742008615,1,1,0.4534119247336205,1,0.0,0.4534119247336205,0.15113730824454016,0.9053050878145935,0.0015187616526475267,0.9420578179453704,0.0,0.0,0.0,6.7897881586094515,-0.8954331370723851,6.425144179249773,1.810610175629187,-0.4503744014283255,2.0709931664976264,0.0,0.4534119247336205,0.320144727670253,0.4534119247336205,0.0015187616526475267,0.0,-0.8954331370723851,-0.4503744014283255,0.4534119247336205
Guangdong,广东,2017,2017P9.txt,21098,2,0.9479571523367144,1,1,0.4739785761683572,1,0,0.0,0,13,6.1617214901886435,1,7,3.3178500331785004,1,2,0.9479571523367144,1,0.4534119247336205,0.4945452276030939,0.4671230256901116,0.906823849467241,-0.43284527329888384,0.7620358378167306,0.0,0.0,0.0,5.894355021537066,0.2673664686515771,6.28195489011172,1.3602357742008615,1.9576142589776389,2.1628986610028496,0.4534119247336205,0.4945452276030939,0.4671230256901116,0.4945452276030939,-0.43284527329888384,0.0,0.2673664686515771,1.9576142589776389,0.4945452276030939
Guangdong,广东,2018,2018P9.txt,22377,1,0.44688742905662066,1,1,0.44688742905662066,1,0,0.0,0,19,8.490861152075793,1,4,1.7875497162264826,1,1,0.44688742905662066,1,0.9479571523367144,-0.5010697232800938,0.6160855020423185,0.4739785761683572,-0.027091147111736547,0.6092299515640729,0.0,0.0,0.0,6.1617214901886435,2.329139661887149,6.848979221267168,3.3178500331785004,-1.5303003169520177,2.155211841201948,0.9479571523367144,-0.5010697232800938,0.6160855020423185,-0.5010697232800938,-0.027091147111736547,0.0,2.329139661887149,-1.5303003169520177,-0.5010697232800938
Guangdong,广东,2019,2019P9.txt,23549,0,0.0,0,0,0.0,0,0,0.0,0,9,3.821818336235084,1,5,2.1232324090194914,1,1,0.42464648180389825,1,0.44688742905662066,-0.44688742905662066,0.46494819379777835,0.44688742905662066,-0.44688742905662066,0.3069553350749926,0.0,0.0,0.0,8.490861152075793,-4.669042815840708,6.15813365949984,1.7875497162264826,0.3356826927930088,2.409544052808158,0.44688742905662066,-0.02224094725272241,0.6064970210657444,-0.44688742905662066,-0.44688742905662066,0.0,-4.669042815840708,0.3356826927930088,-0.02224094725272241
Guangdong,广东,2020,2020P9.txt,23411,0,0.0,0,2,0.8542992610311392,1,0,0.0,0,12,5.125795566186835,1,8,3.4171970441245567,1,0,0.0,0,0.0,0.0,0.1489624763522069,0.0,0.8542992610311392,0.4337288966959199,0.0,0.0,0.0,3.821818336235084,1.3039772299517511,5.812825018165905,2.1232324090194914,1.2939646351050653,2.4426597231235103,0.42464648180389825,-0.42464648180389825,0.29051130362017297,0.0,0.8542992610311392,0.0,1.3039772299517511,1.2939646351050653,-0.42464648180389825
Guangdong,广东,2021,2021P9.txt,22573,1,0.44300713241483186,1,0,0.0,0,0,0.0,0,7,3.101049926903823,1,9,3.987064191733487,1,0,0.0,0,0.0,0.44300713241483186,0.14766904413827733,0.8542992610311392,-0.8542992610311392,0.2847664203437131,0.0,0.0,0.0,5.125795566186835,-2.024745639283012,4.016221276441914,3.4171970441245567,0.5698671476089303,3.175831214959178,0.0,0.0,0.14154882726796608,0.44300713241483186,-0.8542992610311392,0.0,-2.024745639283012,0.5698671476089303,0.0
Guangdong,广东,2022,2022P9.txt,22208,1,0.45028818443804036,1,3,1.350864553314121,1,0,0.0,0,9,4.052593659942363,1,11,4.953170028818444,1,9,4.052593659942363,1,0.44300713241483186,0.007281052023208501,0.2977651056176241,0.0,1.350864553314121,0.7350546047817534,0.0,0.0,0.0,3.101049926903823,0.9515437330385397,4.09314638434434,3.987064191733487,0.9661058370849567,4.119143754892163,0.0,4.052593659942363,1.350864553314121,0.007281052023208501,1.350864553314121,0.0,0.9515437330385397,0.9661058370849567,4.052593659942363
Guangdong,广东,2023,2023P9.txt,26334,0,0.0,0,2,0.75947444368497,1,0,0.0,0,10,3.79737221842485,1,13,4.936583883952305,1,5,1.898686109212425,1,0.45028818443804036,-0.45028818443804036,0.2977651056176241,1.350864553314121,-0.5913901096291511,0.7034463323330303,0.0,0.0,0.0,4.052593659942363,-0.2552214415175129,3.6503386017570123,4.953170028818444,-0.016586144866138852,4.625606034834745,4.052593659942363,-2.153907550729938,1.9837599230515959,-0.45028818443804036,-0.5913901096291511,0.0,-0.2552214415175129,-0.016586144866138852,-2.153907550729938
Guangxi,广西,2003,2003P27.txt,16837,0,0.0,0,0,0.0,0,0,0.0,0,0,0.0,0,0,0.0,0,1,0.593930035041872,1,,,,,,,,,,,,,,,,,,,,,,,,
Guangxi,广西,2004,2004P27.txt,17261,0,0.0,0,1,0.5793407102717107,1,0,0.0,0,2,1.1586814205434215,1,0,0.0,0,3,1.7380221308151325,1,0.0,0.0,0.0,0.0,0.5793407102717107,0.2896703551358554,0.0,0.0,0.0,0.0,1.1586814205434215,0.5793407102717107,0.0,0.0,0.0,0.593930035041872,1.1440920957732605,1.1659760829285022,0.0,0.5793407102717107,0.0,1.1586814205434215,0.0,1.1440920957732605
Guangxi,广西,2005,2005P27.txt,18532,0,0.0,0,8,4.316857327865314,1,0,0.0,0,3,1.6188214979494928,1,0,0.0,0,2,1.0792143319663285,1,0.0,0.0,0.0,0.5793407102717107,3.737516617593603,1.6320660127123416,0.0,0.0,0.0,1.1586814205434215,0.4601400774060713,0.9258343061643047,0.0,0.0,0.0,1.7380221308151325,-0.6588077988488039,1.1370554992744444,0.0,3.737516617593603,0.0,0.4601400774060713,0.0,-0.6588077988488039
Guangxi,广西,2006,2006P27.txt,19982,0,0.0,0,2,1.0009008107296566,1,0,0.0,0,2,1.0009008107296566,1,3,1.501351216094485,1,1,0.5004504053648283,1,0.0,0.0,0.0,4.316857327865314,-3.3159565171356578,1.9656996162888938,0.0,0.0,0.0,1.6188214979494928,-0.6179206872198362,1.259467909740857,0.0,1.501351216094485,0.5004504053648283,1.0792143319663285,-0.5787639266015002,1.1058956227154297,0.0,-3.3159565171356578,0.0,-0.6179206872198362,1.501351216094485,-0.5787639266015002
Guangxi,广西,2007,2007P27.txt,18956,0,0.0,0,1,0.5275374551593163,1,0,0.0,0,3,1.582612365477949,1,1,0.5275374551593163,1,1,0.5275374551593163,1,0.0,0.0,0.0,1.0009008107296566,-0.47336335557034037,1.9484318645847623,0.0,0.0,0.0,1.0009008107296566,0.5817115547482923,1.4007782247190328,1.501351216094485,-0.9738137609351688,0.6762962237512671,0.5004504053648283,0.02708704979448795,0.7024007308301577,0.0,-0.47336335557034037,0.0,0.5817115547482923,-0.9738137609351688,0.02708704979448795
Guangxi,广西,2008,2008P27.txt,18789,0,0.0,0,0,0.0,0,0,0.0,0,4,2.128905210495503,1,0,0.0,0,2,1.0644526052477514,1,0.0,0.0,0.0,0.5275374551593163,-0.5275374551593163,0.509479421962991,0.0,0.0,0.0,1.582612365477949,0.5462928450175539,1.570806128901036,0.5275374551593163,-0.5275374551593163,0.6762962237512671,0.5275374551593163,0.5369151500884352,0.6974801552572987,0.0,-0.5275374551593163,0.0,0.5462928450175539,-0.5275374551593163,0.5369151500884352
Guangxi,广西,2009,2009P27.txt,19859,0,0.0,0,1,0.5035500276952515,1,0,0.0,0,2,1.007100055390503,1,1,0.5035500276952515,1,1,0.5035500276952515,1,0.0,0.0,0.0,0.0,0.5035500276952515,0.34369582761818923,0.0,0.0,0.0,2.128905210495503,-1.121805155105,1.572872543787985,0.0,0.5035500276952515,0.34369582761818923,1.0644526052477514,-0.5609025775525,0.6985133627007731,0.0,0.5035500276952515,0.0,-1.121805155105,0.5035500276952515,-0.5609025775525
Guangxi,广西,2010,2010P27.txt,22255,0,0.0,0,3,1.3480116827679174,1,0,0.0,0,5,2.246686137946529,1,2,0.8986744551786116,1,2,0.8986744551786116,1,0.0,0.0,0.0,0.5035500276952515,0.8444616550726659,0.6171872368210564,0.0,0.0,0.0,1.007100055390503,1.2395860825560259,1.794230467944178,0.5035500276952515,0.3951244274833601,0.46740816095795434,0.5035500276952515,0.3951244274833601,0.8222256960405382,0.0,0.8444616550726659,0.0,1.2395860825560259,0.3951244274833601,0.3951244274833601
Guangxi,广西,2011,2011P27.txt,23317,0,0.0,0,0,0.0,0,0,0.0,0,13,5.57533130334091,1,3,1.2866149161555946,1,2,0.8577432774370631,1,0.0,0.0,0.0,1.3480116827679174,-1.3480116827679174,0.6171872368210564,0.0,0.0,0.0,2.246686137946529,3.328645165394381,2.943039165559314,0.8986744551786116,0.3879404609769831,0.8962797996764859,0.8986744551786116,-0.04093117774154842,0.7533225867703087,0.0,-1.3480116827679174,0.0,3.328645165394381,0.3879404609769831,-0.04093117774154842
Guangxi,广西,2012,2012P27.txt,22033,0,0.0,0,1,0.45386465755911587,1,0,0.0,0,9,4.084781918032043,1,8,3.630917260472927,1,3,1.3615939726773476,1,0.0,0.0,0.0,0.0,0.45386465755911587,0.6006254467756778,0.0,0.0,0.0,5.57533130334091,-1.4905493853088672,3.9689331197731605,1.2866149161555946,2.3443023443173323,1.938735543935711,0.8577432774370631,0.5038506952402845,1.0393372350976742,0.0,0.45386465755911587,0.0,-1.4905493853088672,2.3443023443173323,0.5038506952402845
Guangxi,广西,2013,2013P27.txt,23550,0,0.0,0,0,0.0,0,0,0.0,0,8,3.397027600849257,1,6,2.5477707006369426,1,5,2.1231422505307855,1,0.0,0.0,0.0,0.45386465755911587,-0.45386465755911587,0.15128821918637195,0.0,0.0,0.0,4.084781918032043,-0.6877543171827858,4.352380274074069,3.630917260472927,-1.0831465598359844,2.4884342924218212,1.3615939726773476,0.7615482778534379,1.4474931668817321,0.0,-0.45386465755911587,0.0,-0.6877543171827858,-1.0831465598359844,0.7615482778534379
Guangxi,广西,2014,2014P27.txt,18743,0,0.0,0,1,0.5335325188070212,1,0,0.0,0,3,1.600597556421064,1,2,1.0670650376140425,1,5,2.6676625940351064,1,0.0,0.0,0.0,0.0,0.5335325188070212,0.3291323921220457,0.0,0.0,0.0,3.397027600849257,-1.796430044428193,3.0274690251007876,2.5477707006369426,-1.4807056630229,2.415250999574637,2.1231422505307855,0.5445203435043209,2.0507996057477467,0.0,0.5335325188070212,0.0,-1.796430044428193,-1.4807056630229,0.5445203435043209
Guangxi,广西,2015,2015P27.txt,19746,0,0.0,0,1,0.5064316823660489,1,0,0.0,0,3,1.5192950470981466,1,8,4.051453458928391,1,1,0.5064316823660489,1,0.0,0.0,0.0,0.5335325188070212,-0.027100836440972387,0.3466547337243567,0.0,0.0,0.0,1.600597556421064,-0.08130250932291738,2.172306734789489,1.0670650376140425,2.9843884213143483,2.5554297323931254,2.6676625940351064,-2.1612309116690573,1.7657455089773135,0.0,-0.027100836440972387,0.0,-0.08130250932291738,2.9843884213143483,-2.1612309116690573
Guangxi,广西,2016,2016P27.txt,20091,0,0.0,0,4,1.9909412174605545,1,0,0.0,0,7,3.48414713055597,1,8,3.981882434921109,1,6,2.9864118261908317,1,0.0,0.0,0.0,0.5064316823660489,1.4845095350945057,1.0103018062112081,0.0,0.0,0.0,1.5192950470981466,1.9648520834578236,2.2013465780250603,4.051453458928391,-0.06957102400728177,3.0334669771545144,0.5064316823660489,2.4799801438247826,2.053502034197329,0.0,1.4845095350945057,0.0,1.9648520834578236,-0.06957102400728177,2.4799801438247826
Guangxi,广西,2017,2017P27.txt,20317,0,0.0,0,1,0.49219865137569524,1,0,0.0,0,4,1.968794605502781,1,10,4.921986513756952,1,5,2.460993256878476,1,0.0,0.0,0.0,1.9909412174605545,-1.4987425660848592,0.9965238504007661,0.0,0.0,0.0,3.48414713055597,-1.5153525250531892,2.324078927718966,3.981882434921109,0.940104078835843,4.318440802535484,2.9864118261908317,-0.5254185693123556,1.9846122551451189,0.0,-1.4987425660848592,0.0,-1.5153525250531892,0.940104078835843,-0.5254185693123556
Guangxi,广西,2018,2018P27.txt,21230,0,0.0,0,2,0.9420631182289213,1,0,0.0,0,6,2.826189354686764,1,6,2.826189354686764,1,6,2.826189354686764,1,0.0,0.0,0.0,0.49219865137569524,0.44986446685322606,1.1417343290217237,0.0,0.0,0.0,1.968794605502781,0.8573947491839828,2.7597103635818385,4.921986513756952,-2.0957971590701883,3.9100194344549415,2.460993256878476,0.36519609780828777,2.757864812585357,0.0,0.44986446685322606,0.0,0.8573947491839828,-2.0957971590701883,0.36519609780828777
Guangxi,广西,2019,2019P27.txt,19912,1,0.502209722780233,1,1,0.502209722780233,1,0,0.0,0,14,7.030936118923262,1,8,4.017677782241864,1,3,1.5066291683406992,1,0.0,0.502209722780233,0.16740324092674433,0.9420631182289213,-0.4398533954486883,0.6454904974616165,0.0,0.0,0.0,2.826189354686764,4.204746764236498,3.941973359704269,2.826189354686764,1.1914884275551003,3.9219512168951933,2.826189354686764,-1.3195601863460646,2.264603926635313,0.502209722780233,-0.4398533954486883,0.0,4.204746764236498,1.1914884275551003,-1.3195601863460646
Guangxi,广西,2020,2020P27.txt,18710,0,0.0,0,1,0.5344735435595938,1,1,0.5344735435595938,1,5,2.672367717797969,1,8,4.27578834847675,1,4,2.137894174238375,1,0.502209722780233,-0.502209722780233,0.16740324092674433,0.502209722780233,0.03226382077936074,0.6595821281895827,0.0,0.5344735435595938,0.1781578478531979,7.030936118923262,-4.358568401125293,4.176497730469332,4.017677782241864,0.25811056623488593,3.7065518284684593,1.5066291683406992,0.6312650058976759,2.156904232421946,-0.502209722780233,0.03226382077936074,0.5344735435595938,-4.358568401125293,0.25811056623488593,0.6312650058976759
Guangxi,广西,2021,2021P27.txt,15953,2,1.2536826929104243,1,0,0.0,0,0,0.0,0,4,2.5073653858208487,1,2,1.2536826929104243,1,1,0.6268413464552122,1,0.0,1.2536826929104243,0.5852974718968857,0.5344735435595938,-0.5344735435595938,0.34556108877994224,0.5344735435595938,-0.5344735435595938,0.1781578478531979,2.672367717797969,-0.16500233197712033,4.070223074180693,4.27578834847675,-3.0221056555663255,3.182382941209679,2.137894174238375,-1.5110528277831627,1.4237882296780953,1.2536826929104243,-0.5344735435595938,-0.5344735435595938,-0.16500233197712033,-3.0221056555663255,-1.5110528277831627
Guangxi,广西,2022,2022P27.txt,17653,0,0.0,0,3,1.6994278592873733,1,2,1.1329519061915823,1,6,3.3988557185747466,1,9,5.098283577862119,1,2,1.1329519061915823,1,1.2536826929104243,-1.2536826929104243,0.41789423097014144,0.0,1.6994278592873733,0.7446338009489889,0.0,1.1329519061915823,0.555808483250392,2.5073653858208487,0.8914903327538979,2.859529607397855,1.2536826929104243,3.844600884951695,3.5425848730830984,0.6268413464552122,0.5061105597363701,1.2992291422950564,-1.2536826929104243,1.6994278592873733,1.1329519061915823,0.8914903327538979,3.844600884951695,0.5061105597363701
Guangxi,广西,2023,2023P27.txt,22353,0,0.0,0,7,3.131570706392878,1,3,1.3421017313112333,1,5,2.236836218852056,1,10,4.473672437704112,1,6,2.6842034626224667,1,0.0,0.0,0.4178942309701415,1.6994278592873733,1.4321428471055047,1.6103328552267504,1.1329519061915823,0.20914982511965108,0.8250178791676053,3.3988557185747466,-1.1620194997226907,2.7143524410825504,5.098283577862119,-0.6246111401580077,3.6085462361588854,1.1329519061915823,1.5512515564308844,1.481332238423087,0.0,1.4321428471055047,0.20914982511965108,-1.1620194997226907,-0.6246111401580077,1.5512515564308844
Guizhou,贵州,2003,2003P26.txt,22642,0,0.0,0,11,4.8582280717251125,1,0,0.0,0,3,1.3249712922886672,1,0,0.0,0,6,2.6499425845773343,1,,,,,,,,,,,,,,,,,,,,,,,,
Guizhou,贵州,2004,2004P26.txt,18870,0,0.0,0,15,7.94912559618442,1,0,0.0,0,1,0.5299417064122947,1,0,0.0,0,3,1.589825119236884,1,0.0,0.0,0.0,4.8582280717251125,3.090897524459307,6.403676833954766,0.0,0.0,0.0,1.3249712922886672,-0.7950295858763725,0.9274564993504809,0.0,0.0,0.0,2.6499425845773343,-1.0601174653404504,2.119883851907109,0.0,3.090897524459307,0.0,-0.7950295858763725,0.0,-1.0601174653404504
Guizhou,贵州,2005,2005P26.txt,19466,0,0.0,0,20,10.274324463166547,1,2,1.0274324463166546,1,7,3.5960135621082916,1,1,0.5137162231583273,1,2,1.0274324463166546,1,0.0,0.0,0.0,7.94912559618442,2.3251988669821273,7.693892710358693,0.0,1.0274324463166546,0.34247748210555157,0.5299417064122947,3.0660718556959967,1.816975520269751,0.0,0.5137162231583273,0.17123874105277578,1.589825119236884,-0.5623926729202293,1.7557333833769577,0.0,2.3251988669821273,1.0274324463166546,3.0660718556959967,0.5137162231583273,-0.5623926729202293
Guizhou,贵州,2006,2006P26.txt,23486,0,0.0,0,22,9.367282636464276,1,2,0.8515711487694797,1,7,2.9804990206931787,1,1,0.42578557438473985,1,4,1.7031422975389594,1,0.0,0.0,0.0,10.274324463166547,-0.9070418267022706,9.196910898605081,1.0274324463166546,-0.17586129754717494,0.6263345316953781,3.5960135621082916,-0.6155145414151129,2.3688180964045884,0.5137162231583273,-0.08793064877358747,0.31316726584768906,1.0274324463166546,0.6757098512223048,1.4401332876974993,0.0,-0.9070418267022706,-0.17586129754717494,-0.6155145414151129,-0.08793064877358747,0.6757098512223048
Guizhou,贵州,2007,2007P26.txt,21044,0,0.0,0,18,8.553506937844515,1,0,0.0,0,10,4.7519482988025095,1,1,0.4751948298802509,1,1,0.4751948298802509,1,0.0,0.0,0.0,9.367282636464276,-0.8137756986197608,9.398371345825113,0.8515711487694797,-0.8515711487694797,0.6263345316953781,2.9804990206931787,1.7714492781093307,3.7761536272013267,0.42578557438473985,0.04940925549551106,0.4715655424744394,1.7031422975389594,-1.2279474676587085,1.068589857911955,0.0,-0.8137756986197608,-0.8515711487694797,1.7714492781093307,0.04940925549551106,-1.2279474676587085
Guizhou,贵州,2008,2008P26.txt,17105,0,0.0,0,4,2.33849751534639,1,0,0.0,0,6,3.5077462730195847,1,0,0.0,0,4,2.33849751534639,1,0.0,0.0,0.0,8.553506937844515,-6.215009422498126,6.7530956965517275,0.0,0.0,0.28385704958982655,4.7519482988025095,-1.2442020257829247,3.7467311975050905,0.4751948298802509,-0.4751948298802509,0.30032680142166357,0.4751948298802509,1.863302685466139,1.5056115475885334,0.0,-6.215009422498126,0.0,-1.2442020257829247,-0.4751948298802509,1.863302685466139
Guizhou,贵州,2009,2009P26.txt,15653,0,0.0,0,16,10.221682744521816,1,1,0.6388551715326135,1,6,3.8331310291956813,1,0,0.0,0,5,3.194275857663068,1,0.0,0.0,0.0,2.33849751534639,7.883185229175426,7.037895732570907,0.0,0.6388551715326135,0.2129517238442045,3.5077462730195847,0.3253847561760965,4.030941867005925,0.0,0.0,0.1583982766267503,2.33849751534639,0.855778342316678,2.002656067629903,0.0,7.883185229175426,0.6388551715326135,0.3253847561760965,0.0,0.855778342316678
Guizhou,贵州,2010,2010P26.txt,16175,0,0.0,0,12,7.418856259659969,1,0,0.0,0,7,4.327666151468315,1,3,1.8547140649149922,1,4,2.472952086553323,1,0.0,0.0,0.0,10.221682744521816,-2.802826484861847,6.659678839842726,0.6388551715326135,-0.6388551715326135,0.2129517238442045,3.8331310291956813,0.49453512227263374,3.8895144845611935,0.0,1.8547140649149922,0.6182380216383307,3.194275857663068,-0.7213237711097449,2.6685751531875934,0.0,-2.802826484861847,-0.6388551715326135,0.49453512227263374,1.8547140649149922,-0.7213237711097449
Guizhou,贵州,2011,2011P26.txt,17782,0,0.0,0,7,3.936565065796873,1,0,0.0,0,6,3.3741986278258915,1,0,0.0,0,3,1.6870993139129458,1,0.0,0.0,0.0,7.418856259659969,-3.482291193863096,7.19236802332622,0.0,0.0,0.2129517238442045,4.327666151468315,-0.9534675236424235,3.8449986028299628,1.8547140649149922,-1.8547140649149922,0.6182380216383307,2.472952086553323,-0.7858527726403772,2.4514424193764452,0.0,-3.482291193863096,0.0,-0.9534675236424235,-1.8547140649149922,-0.7858527726403772
Guizhou,贵州,2012,2012P26.txt,15158,0,0.0,0,8,5.27774112679773,1,0,0.0,0,6,3.9583058450982977,1,1,0.6597176408497163,1,7,4.618023485948014,1,0.0,0.0,0.0,3.936565065796873,1.3411760610008572,5.544387484084858,0.0,0.0,0.0,3.3741986278258915,0.5841072172724062,3.886723541464168,0.0,0.6597176408497163,0.8381439019215695,1.6870993139129458,2.9309241720350685,2.926024962138095,0.0,1.3411760610008572,0.0,0.5841072172724062,0.6597176408497163,2.9309241720350685
Guizhou,贵州,2013,2013P26.txt,17198,0,0.0,0,5,2.9073148040469823,1,1,0.5814629608093964,1,1,0.5814629608093964,1,1,0.5814629608093964,1,5,2.9073148040469823,1,0.0,0.0,0.0,5.27774112679773,-2.370426322750748,4.040540332213862,0.0,0.5814629608093964,0.19382098693646546,3.9583058450982977,-3.3768428842889016,2.637989144577862,0.6597176408497163,-0.07825468004031988,0.41372686721970425,4.618023485948014,-1.710708681901032,3.0708125346359814,0.0,-2.370426322750748,0.5814629608093964,-3.3768428842889016,-0.07825468004031988,-1.710708681901032
Guizhou,贵州,2014,2014P26.txt,17161,0,0.0,0,7,4.07901637433716,1,1,0.5827166249053085,1,2,1.165433249810617,1,1,0.5827166249053085,1,5,2.913583124526543,1,0.0,0.0,0.0,2.9073148040469823,1.1717015702901774,4.088024101727291,0.5814629608093964,0.0012536640959120993,0.38805986190490166,0.5814629608093964,0.5839702890012206,1.9017340185727705,0.5814629608093964,0.0012536640959120993,0.6079657421881404,2.9073148040469823,0.006268320479560607,3.4796404715071803,0.0,1.1717015702901774,0.0012536640959120993,0.5839702890012206,0.0012536640959120993,0.006268320479560607
Guizhou,贵州,2015,2015P26.txt,17159,0,0.0,0,6,3.4967072673232704,1,1,0.5827845445538784,1,9,5.245060900984906,1,2,1.1655690891077568,1,1,0.5827845445538784,1,0.0,0.0,0.0,4.07901637433716,-0.5823091070138893,3.4943461485691376,0.5827166249053085,6.791964856989186e-05,0.5823213767561944,1.165433249810617,4.079627651174289,2.3306523705349727,0.5827166249053085,0.5828524642024483,0.7765828916074872,2.913583124526543,-2.3307985799726643,2.1345608243758014,0.0,-0.5823091070138893,6.791964856989186e-05,4.079627651174289,0.5828524642024483,-2.3307985799726643
Guizhou,贵州,2016,2016P26.txt,19450,0,0.0,0,3,1.5424164524421593,1,0,0.0,0,5,2.570694087403599,1,3,1.5424164524421593,1,3,1.5424164524421593,1,0.0,0.0,0.0,3.4967072673232704,-1.9542908148811111,3.03938003136753,0.5827845445538784,-0.5827845445538784,0.388500389819729,5.245060900984906,-2.674366813581307,2.9937294127330403,1.1655690891077568,0.3768473633344025,1.0969007221517415,0.5827845445538784,0.9596319078882809,1.6795947071741935,0.0,-1.9542908148811111,-0.5827845445538784,-2.674366813581307,0.3768473633344025,0.9596319078882809
Guizhou,贵州,2017,2017P26.txt,16523,0,0.0,0,8,4.841735762270774,1,1,0.6052169702838468,1,1,0.6052169702838468,1,1,0.6052169702838468,1,4,2.420867881135387,1,0.0,0.0,0.0,1.5424164524421593,3.299319309828615,3.293619827345401,0.0,0.6052169702838468,0.3960005049459084,2.570694087403599,-1.9654771171197523,2.8069906528907835,1.5424164524421593,-0.9371994821583125,1.104400837277921,1.5424164524421593,0.8784514286932279,1.5153562927104751,0.0,3.299319309828615,0.6052169702838468,-1.9654771171197523,-0.9371994821583125,0.8784514286932279
Guizhou,贵州,2018,2018P26.txt,21685,1,0.46114825916532165,1,5,2.3057412958266084,1,2,0.9222965183306433,1,5,2.3057412958266084,1,3,1.383444777495965,1,4,1.8445930366612866,1,0.0,0.46114825916532165,0.15371608638844056,4.841735762270774,-2.535994466444166,2.8966311701798477,0.6052169702838468,0.3170795480467965,0.5091711628714967,0.6052169702838468,1.7005243255427616,1.827217451171351,0.6052169702838468,0.7782278072121183,1.1770260667406571,2.420867881135387,-0.5762748444741006,1.9359591234129443,0.46114825916532165,-2.535994466444166,0.3170795480467965,1.7005243255427616,0.7782278072121183,-0.5762748444741006
Guizhou,贵州,2019,2019P26.txt,18790,1,0.532197977647685,1,5,2.660989888238425,1,1,0.532197977647685,1,7,3.7253858435337945,1,4,2.12879191059074,1,2,1.06439595529537,1,0.46114825916532165,0.0710497184823633,0.3311154122710022,2.3057412958266084,0.3552485924118165,3.2694889821119357,0.9222965183306433,-0.39009854068295835,0.6865704887540584,2.3057412958266084,1.4196445477071862,2.2121147032147497,1.383444777495965,0.7453471330947747,1.3724845527901837,1.8445930366612866,-0.7801970813659167,1.776618957697348,0.0710497184823633,0.3552485924118165,-0.39009854068295835,1.4196445477071862,0.7453471330947747,-0.7801970813659167
Guizhou,贵州,2020,2020P26.txt,16611,1,0.6020107157907411,1,7,4.214075010535187,1,0,0.0,0,7,4.214075010535187,1,1,0.6020107157907411,1,2,1.2040214315814821,1,0.532197977647685,0.06981273814305611,0.5317856508679158,2.660989888238425,1.5530851222967623,3.060268731533407,0.532197977647685,-0.532197977647685,0.4848314986594427,3.7253858435337945,0.48868916700139264,3.41506738329853,2.12879191059074,-1.5267811947999987,1.371415801292482,1.06439595529537,0.13962547628611222,1.3710034745127129,0.06981273814305611,1.5530851222967623,-0.532197977647685,0.48868916700139264,-1.5267811947999987,0.13962547628611222
Guizhou,贵州,2021,2021P26.txt,17315,2,1.155067860236789,1,5,2.887669650591972,1,2,1.155067860236789,1,8,4.620271440947156,1,2,1.155067860236789,1,1,0.5775339301183945,1,0.6020107157907411,0.5530571444460479,0.763092184558405,4.214075010535187,-1.326405359943215,3.254244849788528,0.0,1.155067860236789,0.5624219459614913,4.214075010535187,0.40619643041196873,4.186577431672045,0.6020107157907411,0.5530571444460479,1.2952901622060897,1.2040214315814821,-0.6264875014630876,0.9486504389984155,0.5530571444460479,-1.326405359943215,1.155067860236789,0.40619643041196873,0.5530571444460479,-0.6264875014630876
Guizhou,贵州,2022,2022P26.txt,17162,1,0.5826826710173639,1,15,8.740240065260458,1,1,0.5826826710173639,1,5,2.9134133550868198,1,8,4.661461368138911,1,4,2.3307306840694557,1,1.155067860236789,-0.572385189219425,0.7799204156816314,2.887669650591972,5.852570414668486,5.280661575462539,1.155067860236789,-0.572385189219425,0.5792501770847177,4.620271440947156,-1.7068580858603362,3.9159199355230534,1.155067860236789,3.5063935079021222,2.139513314722147,0.5775339301183945,1.7531967539510611,1.3707620152564441,-0.572385189219425,5.852570414668486,-0.572385189219425,-1.7068580858603362,3.5063935079021222,1.7531967539510611
Guizhou,贵州,2023,2023P26.txt,22427,1,0.4458911133901101,1,22,9.809604494582423,1,1,0.4458911133901101,1,5,2.2294555669505507,1,12,5.350693360681322,1,3,1.3376733401703305,1,0.5826826710173639,-0.1367915576272538,0.7278805482147543,8.740240065260458,1.0693644293219648,7.1458380701449515,0.5826826710173639,-0.1367915576272538,0.7278805482147543,2.9134133550868198,-0.6839577881362691,3.254380120994842,4.661461368138911,0.6892319925424104,3.722407529685674,2.3307306840694557,-0.9930573438991253,1.4153126514527268,-0.1367915576272538,1.0693644293219648,-0.1367915576272538,-0.6839577881362691,0.6892319925424104,-0.9930573438991253
Hainan,海南,2003,2003P10.txt,15259,0,0.0,0,0,0.0,0,0,0.0,0,2,1.310701880857199,1,0,0.0,0,1,0.6553509404285995,1,,,,,,,,,,,,,,,,,,,,,,,,
Hainan,海南,2004,2004P10.txt,15738,0,0.0,0,0,0.0,0,0,0.0,0,1,0.6354047528275512,1,0,0.0,0,0,0.0,0,0.0,0.0,0.0,0.0,0.0,0.0,0.0,0.0,0.0,1.310701880857199,-0.6752971280296479,0.9730533168423752,0.0,0.0,0.0,0.6553509404285995,-0.6553509404285995,0.32767547021429977,0.0,0.0,0.0,-0.6752971280296479,0.0,-0.6553509404285995
Hainan,海南,2005,2005P10.txt,15264,0,0.0,0,0,0.0,0,0,0.0,0,0,0.0,0,0,0.0,0,8,5.241090146750524,1,0.0,0.0,0.0,0.0,0.0,0.0,0.0,0.0,0.0,0.6354047528275512,-0.6354047528275512,0.6487022112282501,0.0,0.0,0.0,0.0,5.241090146750524,1.9654803623930412,0.0,0.0,0.0,-0.6354047528275512,0.0,5.241090146750524
Hainan,海南,2006,2006P10.txt,19188,0,0.0,0,0,0.0,0,0,0.0,0,1,0.5211590577444236,1,0,0.0,0,5,2.605795288722118,1,0.0,0.0,0.0,0.0,0.0,0.0,0.0,0.0,0.0,0.0,0.5211590577444236,0.38552127019065824,0.0,0.0,0.0,5.241090146750524,-2.6352948580284066,2.6156284784908808,0.0,0.0,0.0,0.5211590577444236,0.0,-2.6352948580284066
Hainan,海南,2007,2007P10.txt,16166,0,0.0,0,2,1.2371644191513052,1,0,0.0,0,0,0.0,0,1,0.6185822095756526,1,3,1.8557466287269577,1,0.0,0.0,0.0,0.0,1.2371644191513052,0.4123881397171017,0.0,0.0,0.0,0.5211590577444236,-0.5211590577444236,0.17371968591480788,0.0,0.6185822095756526,0.20619406985855085,2.605795288722118,-0.7500486599951601,3.234210688066533,0.0,1.2371644191513052,0.0,-0.5211590577444236,0.6185822095756526,-0.7500486599951601
Hainan,海南,2008,2008P10.txt,17677,0,0.0,0,0,0.0,0,0,0.0,0,3,1.6971205521298862,1,0,0.0,0,7,3.9599479549697345,1,0.0,0.0,0.0,1.2371644191513052,-1.2371644191513052,0.4123881397171017,0.0,0.0,0.0,0.0,1.6971205521298862,0.73942653662477,0.6185822095756526,-0.6185822095756526,0.20619406985855085,1.8557466287269577,2.1042013262427766,2.8071632908062703,0.0,-1.2371644191513052,0.0,1.6971205521298862,-0.6185822095756526,2.1042013262427766
Hainan,海南,2009,2009P10.txt,15835,0,0.0,0,0,0.0,0,0,0.0,0,2,1.2630249447426587,1,3,1.894537417113988,1,2,1.2630249447426587,1,0.0,0.0,0.0,0.0,0.0,0.4123881397171017,0.0,0.0,0.0,1.6971205521298862,-0.4340956073872275,0.9867151656241816,0.0,1.894537417113988,0.8377065422298801,3.9599479549697345,-2.696923010227076,2.3595731761464505,0.0,0.0,0.0,-0.4340956073872275,1.894537417113988,-2.696923010227076
Hainan,海南,2010,2010P10.txt,15478,0,0.0,0,0,0.0,0,0,0.0,0,4,2.584313218762114,1,5,3.2303915234526426,1,4,2.584313218762114,1,0.0,0.0,0.0,0.0,0.0,0.0,0.0,0.0,0.0,1.2630249447426587,1.3212882740194554,1.8481529052115528,1.894537417113988,1.3358541063386546,1.7083096468555434,1.2630249447426587,1.3212882740194554,2.6024287061581695,0.0,0.0,0.0,1.3212882740194554,1.3358541063386546,1.3212882740194554
Hainan,海南,2011,2011P10.txt,18704,0,0.0,0,0,0.0,0,0,0.0,0,0,0.0,0,5,2.6732249786142,1,8,4.277159965782721,1,0.0,0.0,0.0,0.0,0.0,0.0,0.0,0.0,0.0,2.584313218762114,-2.584313218762114,1.2824460545015908,3.2303915234526426,-0.5571665448384424,2.5993846397269436,2.584313218762114,1.6928467470206066,2.708166043095831,0.0,0.0,0.0,-2.584313218762114,-0.5571665448384424,1.6928467470206066
Hainan,海南,2012,2012P10.txt,16810,0,0.0,0,2,1.189767995240928,1,0,0.0,0,0,0.0,0,8,4.759071980963712,1,4,2.379535990481856,1,0.0,0.0,0.0,0.0,1.189767995240928,0.39658933174697597,0.0,0.0,0.0,0.0,0.0,0.8614377395873714,2.6732249786142,2.0858470023495115,3.5542294943435184,4.277159965782721,-1.8976239753008648,3.0803363916755635,0.0,1.189767995240928,0.0,0.0,2.0858470023495115,-1.8976239753008648
Hainan,海南,2013,2013P10.txt,16189,0,0.0,0,1,0.6177033788374823,1,0,0.0,0,1,0.6177033788374823,1,2,1.2354067576749646,1,6,3.7062202730248934,1,0.0,0.0,0.0,1.189767995240928,-0.5720646164034456,0.6024904580261367,0.0,0.0,0.0,0.0,0.6177033788374823,0.20590112627916077,4.759071980963712,-3.523665223288747,2.889234572417626,2.379535990481856,1.3266842825430376,3.4543054097631565,0.0,-0.5720646164034456,0.0,0.6177033788374823,-3.523665223288747,1.3266842825430376
Hainan,海南,2014,2014P10.txt,15647,0,0.0,0,1,0.6391001469930339,1,0,0.0,0,1,0.6391001469930339,1,4,2.5564005879721354,1,3,1.9173004409791015,1,0.0,0.0,0.0,0.6177033788374823,0.021396768155551582,0.8155238403571481,0.0,0.0,0.0,0.6177033788374823,0.021396768155551582,0.41893450861017206,1.2354067576749646,1.3209938302971709,2.8502931088702703,3.7062202730248934,-1.788919832045792,2.66768556816195,0.0,0.021396768155551582,0.0,0.021396768155551582,1.3209938302971709,-1.788919832045792
Hainan,海南,2015,2015P10.txt,17393,0,0.0,0,1,0.5749439429655608,1,0,0.0,0,4,2.2997757718622434,1,4,2.2997757718622434,1,3,1.7248318288966826,1,0.0,0.0,0.0,0.6391001469930339,-0.06415620402747302,0.6105824895986923,0.0,0.0,0.0,0.6391001469930339,1.6606756248692096,1.1855264325642532,2.5564005879721354,-0.2566248161098921,2.030527705836448,1.9173004409791015,-0.19246861208241883,2.449450847633559,0.0,-0.06415620402747302,0.0,1.6606756248692096,-0.2566248161098921,-0.19246861208241883
Hainan,海南,2016,2016P10.txt,21508,0,0.0,0,1,0.46494327692021575,1,0,0.0,0,6,2.7896596615212945,1,2,0.9298865538404315,1,3,1.3948298307606473,1,0.0,0.0,0.0,0.5749439429655608,-0.11000066604534509,0.55966245562627,0.0,0.0,0.0,2.2997757718622434,0.48988388965905116,1.9095118601255239,2.2997757718622434,-1.3698892180218118,1.9286876378916036,1.7248318288966826,-0.33000199813603537,1.6789873668788104,0.0,-0.11000066604534509,0.0,0.48988388965905116,-1.3698892180218118,-0.33000199813603537
Hainan,海南,2017,2017P10.txt,20011,0,0.0,0,1,0.49972515116685823,1,0,0.0,0,8,3.997801209334866,1,5,2.4986257558342913,1,2,0.9994503023337165,1,0.0,0.0,0.0,0.46494327692021575,0.034781874246642475,0.5132041236842116,0.0,0.0,0.0,2.7896596615212945,1.2081415478135713,3.0290788809061344,0.9298865538404315,1.5687392019938597,1.9094293605123223,1.3948298307606473,-0.3953795284269308,1.3730373206636823,0.0,0.034781874246642475,0.0,1.2081415478135713,1.5687392019938597,-0.3953795284269308
Hainan,海南,2018,2018P10.txt,20269,0,0.0,0,0,0.0,0,0,0.0,0,10,4.933642508263851,1,2,0.9867285016527703,1,4,1.9734570033055405,1,0.0,0.0,0.0,0.49972515116685823,-0.49972515116685823,0.3215561426956913,0.0,0.0,0.0,3.997801209334866,0.9358412989289855,3.9070344597066704,2.4986257558342913,-1.511897254181521,1.4717469371091647,0.9994503023337165,0.9740067009718241,1.4559123787999682,0.0,-0.49972515116685823,0.0,0.9358412989289855,-1.511897254181521,0.9740067009718241
Hainan,海南,2019,2019P10.txt,17131,1,0.5837370848169984,1,0,0.0,0,0,0.0,0,3,1.7512112544509952,1,4,2.3349483392679935,1,4,2.3349483392679935,1,0.0,0.5837370848169984,0.19457902827233278,0.0,0.0,0.16657505038895273,0.0,0.0,0.0,4.933642508263851,-3.1824312538128563,3.560884990683238,0.9867285016527703,1.3482198376152232,1.9401008655850187,1.9734570033055405,0.361491335962453,1.7692852149690834,0.5837370848169984,0.0,0.0,-3.1824312538128563,1.3482198376152232,0.361491335962453
Hainan,海南,2020,2020P10.txt,15975,1,0.6259780907668232,1,0,0.0,0,0,0.0,0,9,5.633802816901408,1,8,5.007824726134586,1,7,4.381846635367762,1,0.5837370848169984,0.04224100594982483,0.40323839186127386,0.0,0.0,0.0,0.0,0.0,0.0,1.7512112544509952,3.882591562450413,4.106218859872085,2.3349483392679935,2.672876386866592,2.7765005223517836,2.3349483392679935,2.046898296099769,2.8967506593137657,0.04224100594982483,0.0,0.0,3.882591562450413,2.672876386866592,2.046898296099769
Hainan,海南,2021,2021P10.txt,16622,0,0.0,0,0,0.0,0,0,0.0,0,8,4.812898568162676,1,13,7.820960173264348,1,4,2.406449284081338,1,0.6259780907668232,-0.6259780907668232,0.40323839186127386,0.0,0.0,0.0,0.0,0.0,0.0,5.633802816901408,-0.8209042487387324,4.06597087983836,5.007824726134586,2.8131354471297625,5.05457774622231,4.381846635367762,-1.9753973512864245,3.0410814195723646,-0.6259780907668232,0.0,0.0,-0.8209042487387324,2.8131354471297625,-1.9753973512864245
Hainan,海南,2022,2022P10.txt,14754,3,2.03334688897926,1,0,0.0,0,0,0.0,0,4,2.71112918530568,1,10,6.7778229632641995,1,0,0.0,0,0.0,2.03334688897926,0.8864416599153611,0.0,0.0,0.0,0.0,0.0,0.0,4.812898568162676,-2.101769382856996,4.3859435234565884,7.820960173264348,-1.0431372100001486,6.535535954221044,2.406449284081338,-2.406449284081338,2.262765306483033,2.03334688897926,0.0,0.0,-2.101769382856996,-1.0431372100001486,-2.406449284081338
Hainan,海南,2023,2023P10.txt,18724,0,0.0,0,1,0.5340739158299509,1,0,0.0,0,0,0.0,0,9,4.806665242469558,1,3,1.6022217474898526,1,2.03334688897926,-2.03334688897926,0.67778229632642,0.0,0.5340739158299509,0.17802463860998363,0.0,0.0,0.0,2.71112918530568,-2.71112918530568,2.5080092511561185,6.7778229632641995,-1.9711577207946416,6.468482792999368,0.0,1.6022217474898526,1.3362236771903968,-2.03334688897926,0.5340739158299509,0.0,-2.71112918530568,-1.9711577207946416,1.6022217474898526
Hebei,河北,2003,2003P3.txt,19080,0,0.0,0,0,0.0,0,0,0.0,0,2,1.0482180293501049,1,0,0.0,0,2,1.0482180293501049,1,,,,,,,,,,,,,,,,,,,,,,,,
Hebei,河北,2004,2004P3.txt,18243,0,0.0,0,0,0.0,0,0,0.0,0,6,3.28893274132544,1,0,0.0,0,0,0.0,0,0.0,0.0,0.0,0.0,0.0,0.0,0.0,0.0,0.0,1.0482180293501049,2.2407147119753352,2.1685753853377725,0.0,0.0,0.0,1.0482180293501049,-1.0482180293501049,0.5241090146750524,0.0,0.0,0.0,2.2407147119753352,0.0,-1.0482180293501049
Hebei,河北,2005,2005P3.txt,17090,0,0.0,0,6,3.5108250438853132,1,0,0.0,0,4,2.3405500292568755,1,0,0.0,0,1,0.5851375073142189,1,0.0,0.0,0.0,0.0,3.5108250438853132,1.1702750146284377,0.0,0.0,0.0,3.28893274132544,-0.9483827120685646,2.2259002666441403,0.0,0.0,0.0,0.0,0.5851375073142189,0.5444518455547745,0.0,3.5108250438853132,0.0,-0.9483827120685646,0.0,0.5851375073142189
Hebei,河北,2006,2006P3.txt,6229,0,0.0,0,1,1.6053941242575052,1,0,0.0,0,2,3.2107882485150103,1,0,0.0,0,0,0.0,0,0.0,0.0,0.0,3.5108250438853132,-1.905430919627808,1.7054063893809392,0.0,0.0,0.0,2.3405500292568755,0.8702382192581348,2.9467570063657753,0.0,0.0,0.0,0.5851375073142189,-0.5851375073142189,0.1950458357714063,0.0,-1.905430919627808,0.0,0.8702382192581348,0.0,-0.5851375073142189
Hebei,河北,2007,2007P3.txt,18000,0,0.0,0,5,2.7777777777777777,1,0,0.0,0,7,3.888888888888889,1,2,1.1111111111111112,1,2,1.1111111111111112,1,0.0,0.0,0.0,1.6053941242575052,1.1723836535202725,2.6313323153068655,0.0,0.0,0.0,3.2107882485150103,0.6781006403738785,3.1467423888869246,0.0,1.1111111111111112,0.3703703703703704,0.0,1.1111111111111112,0.5654162061417767,0.0,1.1723836535202725,0.0,0.6781006403738785,1.1111111111111112,1.1111111111111112
Hebei,河北,2008,2008P3.txt,21950,0,0.0,0,7,3.1890660592255125,1,0,0.0,0,7,3.1890660592255125,1,3,1.366742596810934,1,5,2.277904328018223,1,0.0,0.0,0.0,2.7777777777777777,0.41128828144773477,2.524079320420265,0.0,0.0,0.0,3.888888888888889,-0.6998228296633764,3.4295810655431374,1.1111111111111112,0.25563148569982275,0.825951235974015,1.1111111111111112,1.166793216907112,1.1296718130431114,0.0,0.41128828144773477,0.0,-0.6998228296633764,0.25563148569982275,1.166793216907112
Hebei,河北,2009,2009P3.txt,20906,0,0.0,0,5,2.391657897254377,1,0,0.0,0,5,2.391657897254377,1,4,1.9133263178035014,1,3,1.434994738352626,1,0.0,0.0,0.0,3.1890660592255125,-0.7974081619711355,2.7861672447525563,0.0,0.0,0.0,3.1890660592255125,-0.7974081619711355,3.1565376151229265,1.366742596810934,0.5465837209925675,1.4637266752418487,2.277904328018223,-0.8429095896655971,1.6080033924939867,0.0,-0.7974081619711355,0.0,-0.7974081619711355,0.5465837209925675,-0.8429095896655971
Hebei,河北,2010,2010P3.txt,18355,0,0.0,0,2,1.089621356578589,1,0,0.0,0,3,1.6344320348678834,1,5,2.724053391446472,1,2,1.089621356578589,1,0.0,0.0,0.0,2.391657897254377,-1.302036540675788,2.223448437686159,0.0,0.0,0.0,2.391657897254377,-0.7572258623864936,2.405051997115924,1.9133263178035014,0.8107270736429708,2.001374102020302,1.434994738352626,-0.345373381774037,1.600840140983146,0.0,-1.302036540675788,0.0,-0.7572258623864936,0.8107270736429708,-0.345373381774037
Hebei,河北,2011,2011P3.txt,18720,0,0.0,0,3,1.6025641025641026,1,0,0.0,0,4,2.1367521367521367,1,6,3.2051282051282053,1,1,0.5341880341880342,1,0.0,0.0,0.0,1.089621356578589,0.5129427459855136,1.694614452132356,0.0,0.0,0.0,1.6344320348678834,0.5023201018842534,2.054280689624799,2.724053391446472,0.4810748136817331,2.6141693047927266,1.089621356578589,-0.5554333223905549,1.0196013763730831,0.0,0.5129427459855136,0.0,0.5023201018842534,0.4810748136817331,-0.5554333223905549
Hebei,河北,2012,2012P3.txt,20867,0,0.0,0,1,0.479225571476494,1,0,0.0,0,8,3.833804571811952,1,5,2.39612785738247,1,1,0.479225571476494,1,0.0,0.0,0.0,1.6025641025641026,-1.1233385310876087,1.0571370102063953,0.0,0.0,0.0,2.1367521367521367,1.697052435059815,2.5349962478106574,3.2051282051282053,-0.8090003477457355,2.775103151319049,0.5341880341880342,-0.054962462711540205,0.701011654081039,0.0,-1.1233385310876087,0.0,1.697052435059815,-0.8090003477457355,-0.054962462711540205
Hebei,河北,2013,2013P3.txt,21229,0,0.0,0,1,0.4710537472325592,1,0,0.0,0,7,3.297376230627915,1,6,2.8263224833953555,1,1,0.4710537472325592,1,0.0,0.0,0.0,0.479225571476494,-0.008171824243934755,0.8509478070910519,0.0,0.0,0.0,3.833804571811952,-0.5364283411840369,3.089310979730668,2.39612785738247,0.4301946260128857,2.8091928486353432,0.479225571476494,-0.008171824243934755,0.49482245096569577,0.0,-0.008171824243934755,0.0,-0.5364283411840369,0.4301946260128857,-0.008171824243934755
Hebei,河北,2014,2014P3.txt,18287,0,0.0,0,4,2.1873462022201564,1,1,0.5468365505550391,1,35,19.139279269426368,1,5,2.7341827527751956,1,0,0.0,0,0.0,0.0,0.0,0.4710537472325592,1.716292454987597,1.0458751736430698,0.0,0.5468365505550391,0.18227885018501302,3.297376230627915,15.841903038798453,8.756820023955411,2.8263224833953555,-0.0921397306201599,2.6522110311843403,0.4710537472325592,-0.4710537472325592,0.31675977290301777,0.0,1.716292454987597,0.5468365505550391,15.841903038798453,-0.0921397306201599,-0.4710537472325592
Hebei,河北,2015,2015P3.txt,17696,0,0.0,0,9,5.085895117540687,1,0,0.0,0,16,9.041591320072333,1,11,6.216094032549729,1,0,0.0,0,0.0,0.0,0.0,2.1873462022201564,2.898548915320531,2.581431688997801,0.5468365505550391,-0.5468365505550391,0.18227885018501302,19.139279269426368,-10.097687949354034,10.492748940042205,2.7341827527751956,3.4819112797745335,3.925533089573426,0.0,0.0,0.15701791574418641,0.0,2.898548915320531,-0.5468365505550391,-10.097687949354034,3.4819112797745335,0.0
Hebei,河北,2016,2016P3.txt,23159,0,0.0,0,6,2.5907854397858285,1,0,0.0,0,20,8.635951465952761,1,15,6.476963599464571,1,3,1.2953927198929143,1,0.0,0.0,0.0,5.085895117540687,-2.4951096777548587,3.2880089198488904,0.0,0.0,0.18227885018501302,9.041591320072333,-0.40563985411957226,12.27227401848382,6.216094032549729,0.26086956691484176,5.142413461596498,0.0,1.2953927198929143,0.43179757329763807,0.0,-2.4951096777548587,0.0,-0.40563985411957226,0.26086956691484176,1.2953927198929143
Hebei,河北,2017,2017P3.txt,18896,0,0.0,0,10,5.292125317527519,1,0,0.0,0,15,7.938187976291278,1,7,3.7044877222692634,1,2,1.058425063505504,1,0.0,0.0,0.0,2.5907854397858285,2.701339877741691,4.322935291618012,0.0,0.0,0.0,8.635951465952761,-0.697763489661483,8.538576920772124,6.476963599464571,-2.7724758771953075,5.465848451427855,1.2953927198929143,-0.23696765638741035,0.7846059277994728,0.0,2.701339877741691,0.0,-0.697763489661483,-2.7724758771953075,-0.23696765638741035
Hebei,河北,2018,2018P3.txt,20499,0,0.0,0,6,2.9269720474169474,1,0,0.0,0,13,6.341772769403385,1,5,2.439143372847456,1,0,0.0,0,0.0,0.0,0.0,5.292125317527519,-2.365153270110572,3.6032942682434315,0.0,0.0,0.0,7.938187976291278,-1.596415206887893,7.638637403882474,3.7044877222692634,-1.2653443494218073,4.206864898193763,1.058425063505504,-1.058425063505504,0.7846059277994728,0.0,-2.365153270110572,0.0,-1.596415206887893,-1.2653443494218073,-1.058425063505504
Hebei,河北,2019,2019P3.txt,17559,0,0.0,0,2,1.139017028304573,1,0,0.0,0,11,6.264593655675152,1,0,0.0,0,0,0.0,0,0.0,0.0,0.0,2.9269720474169474,-1.7879550191123743,3.1193714644163464,0.0,0.0,0.0,6.341772769403385,-0.07717911372823316,6.848184800456605,2.439143372847456,-2.439143372847456,2.047877031705573,0.0,0.0,0.3528083545018346,0.0,-1.7879550191123743,0.0,-0.07717911372823316,-2.439143372847456,0.0
Hebei,河北,2020,2020P3.txt,19686,0,0.0,0,3,1.5239256324291375,1,0,0.0,0,7,3.5558264756679874,1,2,1.015950421619425,1,0,0.0,0,0.0,0.0,0.0,1.139017028304573,0.3849086041245644,1.8633049027168855,0.0,0.0,0.0,6.264593655675152,-2.7087671800071647,5.387397633582175,0.0,1.015950421619425,1.1516979314889604,0.0,0.0,0.0,0.0,0.3849086041245644,0.0,-2.7087671800071647,1.015950421619425,0.0
Hebei,河北,2021,2021P3.txt,18395,0,0.0,0,1,0.5436259853220984,1,0,0.0,0,9,4.892633867898885,1,6,3.2617559119325903,1,1,0.5436259853220984,1,0.0,0.0,0.0,1.5239256324291375,-0.9802996471070391,1.0688562153519359,0.0,0.0,0.0,3.5558264756679874,1.3368073922308978,4.904351333080675,1.015950421619425,2.245805490313165,1.425902111184005,0.0,0.5436259853220984,0.1812086617740328,0.0,-0.9802996471070391,0.0,1.3368073922308978,2.245805490313165,0.5436259853220984
Hebei,河北,2022,2022P3.txt,15591,0,0.0,0,2,1.282791353986274,1,1,0.641395676993137,1,5,3.2069783849656854,1,8,5.131165415945096,1,2,1.282791353986274,1,0.0,0.0,0.0,0.5436259853220984,0.7391653686641757,1.11678099057917,0.0,0.641395676993137,0.21379855899771236,4.892633867898885,-1.6856554829331998,3.8851462428441863,3.2617559119325903,1.869409504012506,3.1362905831657035,0.5436259853220984,0.7391653686641757,0.6088057797694575,0.0,0.7391653686641757,0.641395676993137,-1.6856554829331998,1.869409504012506,0.7391653686641757
Hebei,河北,2023,2023P3.txt,14945,0,0.0,0,1,0.6691201070592171,1,1,0.6691201070592171,1,7,4.68384074941452,1,5,3.345600535296086,1,2,1.3382402141184342,1,0.0,0.0,0.0,1.282791353986274,-0.613671246927057,0.8318458154558629,0.641395676993137,0.027724430066080052,0.43683859468411806,3.2069783849656854,1.4768623644488343,4.261151000759696,5.131165415945096,-1.7855648806490105,3.912840621057924,1.282791353986274,0.055448860132160105,1.054885851142269,0.0,-0.613671246927057,0.027724430066080052,1.4768623644488343,-1.7855648806490105,0.055448860132160105
Heilongjiang,黑龙江,2003,2003P17.txt,14967,0,0.0,0,7,4.676955969800227,1,0,0.0,0,3,2.0044097013429547,1,0,0.0,0,2,1.3362731342286363,1,,,,,,,,,,,,,,,,,,,,,,,,
Heilongjiang,黑龙江,2004,2004P17.txt,12718,0,0.0,0,9,7.0765843686114165,1,0,0.0,0,1,0.7862871520679352,1,1,0.7862871520679352,1,1,0.7862871520679352,1,0.0,0.0,0.0,4.676955969800227,2.3996283988111893,5.876770169205821,0.0,0.0,0.0,2.0044097013429547,-1.2181225492750194,1.395348426705445,0.0,0.7862871520679352,0.3931435760339676,1.3362731342286363,-0.549985982160701,1.0612801431482857,0.0,2.3996283988111893,0.0,-1.2181225492750194,0.7862871520679352,-0.549985982160701
Heilongjiang,黑龙江,2005,2005P17.txt,14591,0,0.0,0,9,6.168185868000823,1,0,0.0,0,0,0.0,0,1,0.6853539853334247,1,1,0.6853539853334247,1,0.0,0.0,0.0,7.0765843686114165,-0.9083985006105939,5.973908735470822,0.0,0.0,0.0,0.7862871520679352,-0.7862871520679352,0.9302322844702967,0.7862871520679352,-0.10093316673451047,0.49054704580045333,0.7862871520679352,-0.10093316673451047,0.9359714238766653,0.0,-0.9083985006105939,0.0,-0.7862871520679352,-0.10093316673451047,-0.10093316673451047
Heilongjiang,黑龙江,2006,2006P17.txt,16573,0,0.0,0,13,7.844083750678815,1,2,1.2067821154890483,1,1,0.6033910577445242,1,2,1.2067821154890483,1,0,0.0,0,0.0,0.0,0.0,6.168185868000823,1.675897882677992,7.029617995763684,0.0,1.2067821154890483,0.4022607051630161,0.0,0.6033910577445242,0.46322606993748644,0.6853539853334247,0.5214281301556236,0.8928077509634694,0.6853539853334247,-0.6853539853334247,0.49054704580045333,0.0,1.675897882677992,1.2067821154890483,0.6033910577445242,0.5214281301556236,-0.6853539853334247
Heilongjiang,黑龙江,2007,2007P17.txt,17764,0,0.0,0,18,10.13285296104481,1,2,1.125872551227201,1,3,1.6888088268408017,1,2,1.125872551227201,1,1,0.5629362756136005,1,0.0,0.0,0.0,7.844083750678815,2.288769210365995,8.048374193241482,1.2067821154890483,-0.08090956426184737,0.777551555572083,0.6033910577445242,1.0854177690962774,0.7640666281951086,1.2067821154890483,-0.08090956426184737,1.006002884016558,0.0,0.5629362756136005,0.4160967536490084,0.0,2.288769210365995,-0.08090956426184737,1.0854177690962774,-0.08090956426184737,0.5629362756136005
Heilongjiang,黑龙江,2008,2008P17.txt,17344,0,0.0,0,13,7.495387453874539,1,2,1.1531365313653137,1,5,2.882841328413284,1,6,3.459409594095941,1,1,0.5765682656826568,1,0.0,0.0,0.0,10.13285296104481,-2.637465507170271,8.490774721866055,1.125872551227201,0.02726398013811271,1.161930399360521,1.6888088268408017,1.1940325015724824,1.7250137376662034,1.125872551227201,2.33353704286874,1.9306880869373966,0.5629362756136005,0.013631990069056354,0.3798348470987524,0.0,-2.637465507170271,0.02726398013811271,1.1940325015724824,2.33353704286874,0.013631990069056354
Heilongjiang,黑龙江,2009,2009P17.txt,20371,0,0.0,0,11,5.3998330960679395,1,1,0.49089391782435815,1,6,2.945363506946149,1,6,2.945363506946149,1,3,1.4726817534730745,1,0.0,0.0,0.0,7.495387453874539,-2.0955543578065994,7.67602450366243,1.1531365313653137,-0.6622426135409556,0.9233010001389576,2.882841328413284,0.0625221785328649,2.5056712207334115,3.459409594095941,-0.5140460871497918,2.510215217423097,0.5765682656826568,0.8961134877904177,0.8707287649231107,0.0,-2.0955543578065994,-0.6622426135409556,0.0625221785328649,-0.5140460871497918,0.8961134877904177
Heilongjiang,黑龙江,2010,2010P17.txt,21594,0,0.0,0,11,5.094007594702232,1,1,0.46309159951838474,1,5,2.3154579975919236,1,13,6.020190793739002,1,5,2.3154579975919236,1,0.0,0.0,0.0,5.3998330960679395,-0.30582550136570763,5.996409381548236,0.49089391782435815,-0.027802318305973406,0.7023740162360189,2.945363506946149,-0.6299055093542254,2.714554277650452,2.945363506946149,3.074827286792853,4.141654631593697,1.4726817534730745,0.8427762441188491,1.4549026722492184,0.0,-0.30582550136570763,-0.027802318305973406,-0.6299055093542254,3.074827286792853,0.8427762441188491
Heilongjiang,黑龙江,2011,2011P17.txt,18468,0,0.0,0,5,2.7073857483214208,1,0,0.0,0,2,1.0829542993285683,1,5,2.7073857483214208,1,1,0.5414771496642842,1,0.0,0.0,0.0,5.094007594702232,-2.386621846380811,4.4004088130305306,0.46309159951838474,-0.46309159951838474,0.31799517244758096,2.3154579975919236,-1.2325036982633553,2.1145919346222137,6.020190793739002,-3.3128050454175813,3.890980016335524,2.3154579975919236,-1.7739808479276395,1.4432056335764276,0.0,-2.386621846380811,-0.46309159951838474,-1.2325036982633553,-3.3128050454175813,-1.7739808479276395
Heilongjiang,黑龙江,2012,2012P17.txt,16155,0,0.0,0,1,0.6190034045187248,1,0,0.0,0,5,3.095017022593624,1,3,1.8570102135561746,1,0,0.0,0,0.0,0.0,0.0,2.7073857483214208,-2.088382343802696,2.806798915847459,0.0,0.0,0.15436386650612824,1.0829542993285683,2.012062723265056,2.1644764398380385,2.7073857483214208,-0.8503755347652462,3.5281955852055322,0.5414771496642842,-0.5414771496642842,0.9523117157520692,0.0,-2.088382343802696,0.0,2.012062723265056,-0.8503755347652462,-0.5414771496642842
Heilongjiang,黑龙江,2013,2013P17.txt,16452,0,0.0,0,4,2.4313153415998054,1,0,0.0,0,4,2.4313153415998054,1,0,0.0,0,0,0.0,0,0.0,0.0,0.0,0.6190034045187248,1.8123119370810805,1.9192348314799836,0.0,0.0,0.0,3.095017022593624,-0.6637016809938188,2.2030955545073323,1.8570102135561746,-1.8570102135561746,1.5214653206258653,0.0,0.0,0.18049238322142805,0.0,1.8123119370810805,0.0,-0.6637016809938188,-1.8570102135561746,0.0
Heilongjiang,黑龙江,2014,2014P17.txt,12415,0,0.0,0,4,3.2219089810712846,1,0,0.0,0,2,1.6109544905356423,1,0,0.0,0,1,0.8054772452678212,1,0.0,0.0,0.0,2.4313153415998054,0.7905936394714792,2.0907425757299385,0.0,0.0,0.0,2.4313153415998054,-0.8203608510641631,2.379095618243024,0.0,0.0,0.6190034045187248,0.0,0.8054772452678212,0.26849241508927374,0.0,0.7905936394714792,0.0,-0.8203608510641631,0.0,0.8054772452678212
Heilongjiang,黑龙江,2015,2015P17.txt,15120,0,0.0,0,10,6.613756613756614,1,0,0.0,0,1,0.6613756613756614,1,2,1.3227513227513228,1,4,2.6455026455026456,1,0.0,0.0,0.0,3.2219089810712846,3.3918476326853293,4.0889936454759015,0.0,0.0,0.0,1.6109544905356423,-0.9495788291599809,1.5678818311703697,0.0,1.3227513227513228,0.4409171075837743,0.8054772452678212,1.8400254002348244,1.1503266302568222,0.0,3.3918476326853293,0.0,-0.9495788291599809,1.3227513227513228,1.8400254002348244
Heilongjiang,黑龙江,2016,2016P17.txt,16377,0,0.0,0,6,3.663674665689687,1,0,0.0,0,7,4.274287109971302,1,4,2.4424497771264577,1,5,3.0530622214080725,1,0.0,0.0,0.0,6.613756613756614,-2.950081948066927,4.499780086839195,0.0,0.0,0.0,0.6613756613756614,3.61291144859564,2.182205753960868,1.3227513227513228,1.119698454375135,1.2550670332925935,2.6455026455026456,0.4075595759054269,2.168014037392846,0.0,-2.950081948066927,0.0,3.61291144859564,1.119698454375135,0.4075595759054269
Heilongjiang,黑龙江,2017,2017P17.txt,14888,0,0.0,0,4,2.6867275658248255,1,0,0.0,0,5,3.3584094572810317,1,1,0.6716818914562064,1,1,0.6716818914562064,1,0.0,0.0,0.0,3.663674665689687,-0.9769470998648613,4.321386281757042,0.0,0.0,0.0,4.274287109971302,-0.9158776526902699,2.7646907428759975,2.4424497771264577,-1.7707678856702513,1.4789609971113291,3.0530622214080725,-2.381380329951866,2.123415586122308,0.0,-0.9769470998648613,0.0,-0.9158776526902699,-1.7707678856702513,-2.381380329951866
Heilongjiang,黑龙江,2018,2018P17.txt,17312,0,0.0,0,5,2.888170055452865,1,0,0.0,0,11,6.353974121996303,1,7,4.043438077634011,1,5,2.888170055452865,1,0.0,0.0,0.0,2.6867275658248255,0.20144248962803957,3.0795240956557923,0.0,0.0,0.0,3.3584094572810317,2.995564664715271,4.662223563082878,0.6716818914562064,3.371756186177805,2.385856582072225,0.6716818914562064,2.216488163996659,2.2043047227723815,0.0,0.20144248962803957,0.0,2.995564664715271,3.371756186177805,2.216488163996659
Heilongjiang,黑龙江,2019,2019P17.txt,13665,0,0.0,0,3,2.1953896816684964,1,0,0.0,0,2,1.4635931211123308,1,0,0.0,0,1,0.7317965605561654,1,0.0,0.0,0.0,2.888170055452865,-0.6927803737843687,2.590095767648729,0.0,0.0,0.0,6.353974121996303,-4.890381000883972,3.7253255667965544,4.043438077634011,-4.043438077634011,1.571706656363406,2.888170055452865,-2.1563734948967,1.4305495024884125,0.0,-0.6927803737843687,0.0,-4.890381000883972,-4.043438077634011,-2.1563734948967
Heilongjiang,黑龙江,2020,2020P17.txt,14384,0,0.0,0,5,3.4760845383759733,1,0,0.0,0,3,2.085650723025584,1,2,1.3904338153503892,1,0,0.0,0,0.0,0.0,0.0,2.1953896816684964,1.280694856707477,2.8532147584991114,0.0,0.0,0.0,1.4635931211123308,0.6220576019132533,3.301072655378072,0.0,1.3904338153503892,1.8112906309948003,0.7317965605561654,-0.7317965605561654,1.2066555386696771,0.0,1.280694856707477,0.0,0.6220576019132533,1.3904338153503892,-0.7317965605561654
Heilongjiang,黑龙江,2021,2021P17.txt,15640,1,0.639386189258312,1,4,2.557544757033248,1,1,0.639386189258312,1,2,1.278772378516624,1,2,1.278772378516624,1,2,1.278772378516624,1,0.0,0.639386189258312,0.21312872975277067,3.4760845383759733,-0.9185397813427252,2.7430063256925727,0.0,0.639386189258312,0.21312872975277067,2.085650723025584,-0.80687834450896,1.6093387408848459,1.3904338153503892,-0.11166143683376517,0.889735397955671,0.0,1.278772378516624,0.6701896463575966,0.639386189258312,-0.9185397813427252,0.639386189258312,-0.80687834450896,-0.11166143683376517,1.278772378516624
Heilongjiang,黑龙江,2022,2022P17.txt,17872,0,0.0,0,9,5.035810205908684,1,2,1.1190689346463742,1,4,2.2381378692927485,1,9,5.035810205908684,1,2,1.1190689346463742,1,0.639386189258312,-0.639386189258312,0.21312872975277067,2.557544757033248,2.4782654488754354,3.6898131671059686,0.639386189258312,0.4796827453880622,0.5861517079682287,1.278772378516624,0.9593654907761244,1.8675203236116513,1.278772378516624,3.7570378273920593,2.568338799925232,1.278772378516624,-0.15970344387024982,0.7992804377209995,-0.639386189258312,2.4782654488754354,0.4796827453880622,0.9593654907761244,3.7570378273920593,-0.15970344387024982
Heilongjiang,黑龙江,2023,2023P17.txt,17699,0,0.0,0,3,1.6950110175716142,1,1,0.5650036725238714,1,4,2.2600146900954856,1,6,3.3900220351432284,1,1,0.5650036725238714,1,0.0,0.0,0.21312872975277067,5.035810205908684,-3.340799188337069,3.0961219935045157,1.1190689346463742,-0.5540652621225028,0.7744862654761859,2.2381378692927485,0.021876820802737118,1.9256416459682855,5.035810205908684,-1.6457881707654551,3.2348682065228456,1.1190689346463742,-0.5540652621225028,0.9876149952289568,0.0,-3.340799188337069,-0.5540652621225028,0.021876820802737118,-1.6457881707654551,-0.5540652621225028
Henan,河南,2003,2003P12.txt,13844,0,0.0,0,5,3.61167292689974,1,0,0.0,0,4,2.889338341519792,1,0,0.0,0,3,2.167003756139844,1,,,,,,,,,,,,,,,,,,,,,,,,
Henan,河南,2004,2004P12.txt,14594,0,0.0,0,7,4.796491708921475,1,0,0.0,0,5,3.4260655063724816,1,0,0.0,0,2,1.3704262025489928,1,0.0,0.0,0.0,3.61167292689974,1.1848187820217349,4.204082317910608,0.0,0.0,0.0,2.889338341519792,0.5367271648526897,3.157701923946137,0.0,0.0,0.0,2.167003756139844,-0.796577553590851,1.7687149793444183,0.0,1.1848187820217349,0.0,0.5367271648526897,0.0,-0.796577553590851
Henan,河南,2005,2005P12.txt,17918,0,0.0,0,18,10.045764036164751,1,0,0.0,0,1,0.5580980020091528,1,0,0.0,0,5,2.790490010045764,1,0.0,0.0,0.0,4.796491708921475,5.249272327243276,6.151309557328656,0.0,0.0,0.0,3.4260655063724816,-2.867967504363329,2.2911672833004757,0.0,0.0,0.0,1.3704262025489928,1.420063807496771,2.109306656244867,0.0,5.249272327243276,0.0,-2.867967504363329,0.0,1.420063807496771
Henan,河南,2006,2006P12.txt,16784,0,0.0,0,12,7.149666348903718,1,0,0.0,0,1,0.5958055290753098,1,1,0.5958055290753098,1,3,1.7874165872259296,1,0.0,0.0,0.0,10.045764036164751,-2.896097687261033,7.330640697996649,0.0,0.0,0.0,0.5580980020091528,0.03770752706615699,1.5266563458189815,0.0,0.5958055290753098,0.19860184302510328,2.790490010045764,-1.0030734228198344,1.9827775999402286,0.0,-2.896097687261033,0.0,0.03770752706615699,0.5958055290753098,-1.0030734228198344
Henan,河南,2007,2007P12.txt,16637,0,0.0,0,14,8.414978662018394,1,1,0.6010699044298852,1,2,1.2021398088597703,1,2,1.2021398088597703,1,2,1.2021398088597703,1,0.0,0.0,0.0,7.149666348903718,1.2653123131146753,8.53680301569562,0.0,0.6010699044298852,0.20035663480996171,0.5958055290753098,0.6063342797844605,0.7853477799814109,0.5958055290753098,0.6063342797844605,0.5993151126450268,1.7874165872259296,-0.5852767783661592,1.9266821353771546,0.0,1.2653123131146753,0.6010699044298852,0.6063342797844605,0.6063342797844605,-0.5852767783661592
Henan,河南,2008,2008P12.txt,19049,0,0.0,0,11,5.774581342852644,1,2,1.0499238805186624,1,5,2.624809701296656,1,1,0.5249619402593312,1,2,1.0499238805186624,1,0.0,0.0,0.0,8.414978662018394,-2.64039731916575,7.1130754512582515,0.6010699044298852,0.4488539760887772,0.5503312616495158,1.2021398088597703,1.4226698924368855,1.4742516797439118,1.2021398088597703,-0.6771778686004392,0.7743024260648038,1.2021398088597703,-0.15221592834110798,1.3464934255347873,0.0,-2.64039731916575,0.4488539760887772,1.4226698924368855,-0.6771778686004392,-0.15221592834110798
Henan,河南,2009,2009P12.txt,21538,0,0.0,0,10,4.6429566347850315,1,0,0.0,0,3,1.3928869904355092,1,2,0.9285913269570062,1,2,0.9285913269570062,1,0.0,0.0,0.0,5.774581342852644,-1.131624708067612,6.277505546552024,1.0499238805186624,-1.0499238805186624,0.5503312616495158,2.624809701296656,-1.2319227108611466,1.7399455001973119,0.5249619402593312,0.403629386697675,0.8852310253587025,1.0499238805186624,-0.12133255356165618,1.0602183387784796,0.0,-1.131624708067612,-1.0499238805186624,-1.2319227108611466,0.403629386697675,-0.12133255356165618
Henan,河南,2010,2010P12.txt,20772,0,0.0,0,8,3.8513383400731755,1,0,0.0,0,4,1.9256691700365878,1,3,1.4442518775274409,1,6,2.8885037550548818,1,0.0,0.0,0.0,4.6429566347850315,-0.791618294711856,4.756292105903617,0.0,0.0,0.34997462683955405,1.3928869904355092,0.5327821796010785,1.9811219539229177,0.9285913269570062,0.5156605505704347,0.965935048247926,0.9285913269570062,1.9599124280978755,1.62233965417685,0.0,-0.791618294711856,0.0,0.5327821796010785,0.5156605505704347,1.9599124280978755
Henan,河南,2011,2011P12.txt,20738,0,0.0,0,10,4.822065772977143,1,0,0.0,0,4,1.9288263091908573,1,6,2.893239463786286,1,4,1.9288263091908573,1,0.0,0.0,0.0,3.8513383400731755,0.9707274329039675,4.4387869159451165,0.0,0.0,0.0,1.9256691700365878,0.003157139154269517,1.7491274898876512,1.4442518775274409,1.4489875862588453,1.7553608894235777,2.8885037550548818,-0.9596774458640245,1.9153071304009153,0.0,0.9707274329039675,0.0,0.003157139154269517,1.4489875862588453,-0.9596774458640245
Henan,河南,2012,2012P12.txt,22180,0,0.0,0,10,4.508566275924256,1,0,0.0,0,4,1.8034265103697025,1,1,0.4508566275924256,1,5,2.254283137962128,1,0.0,0.0,0.0,4.822065772977143,-0.31349949705288704,4.393990129658191,0.0,0.0,0.0,1.9288263091908573,-0.12539979882115482,1.8859739965323825,2.893239463786286,-2.4423828361938607,1.5961159896353843,1.9288263091908573,0.3254568287712707,2.357204400735956,0.0,-0.31349949705288704,0.0,-0.12539979882115482,-2.4423828361938607,0.3254568287712707
Henan,河南,2013,2013P12.txt,19634,0,0.0,0,7,3.565243964551289,1,0,0.0,0,5,2.546602831822349,1,0,0.0,0,3,1.5279616990934093,1,0.0,0.0,0.0,4.508566275924256,-0.9433223113729672,4.298625337817563,0.0,0.0,0.0,1.8034265103697025,0.7431763214526463,2.092951883794303,0.4508566275924256,-0.4508566275924256,1.1146986971262371,2.254283137962128,-0.7263214388687187,1.9036903820821316,0.0,-0.9433223113729672,0.0,0.7431763214526463,-0.4508566275924256,-0.7263214388687187
Henan,河南,2014,2014P12.txt,18286,0,0.0,0,5,2.7343322760581867,1,1,0.5468664552116373,1,10,5.4686645521163735,1,4,2.1874658208465494,1,3,1.640599365634912,1,0.0,0.0,0.0,3.565243964551289,-0.830911688493102,3.6027141721779103,0.0,0.5468664552116373,0.18228881840387912,2.546602831822349,2.9220617202940247,3.272897964769475,0.0,2.1874658208465494,0.8794408161463249,1.5279616990934093,0.11263766654150276,1.8076147342301496,0.0,-0.830911688493102,0.5468664552116373,2.9220617202940247,2.1874658208465494,0.11263766654150276
Henan,河南,2015,2015P12.txt,19258,0,0.0,0,6,3.1155883269290685,1,0,0.0,0,8,4.154117769238758,1,5,2.5963236057742236,1,3,1.5577941634645343,1,0.0,0.0,0.0,2.7343322760581867,0.38125605087088177,3.1383881891795142,0.5468664552116373,-0.5468664552116373,0.18228881840387912,5.4686645521163735,-1.3145467828776152,4.056461717725827,2.1874658208465494,0.4088577849276742,1.5945964755402577,1.640599365634912,-0.08280520217037779,1.5754517427309518,0.0,0.38125605087088177,-0.5468664552116373,-1.3145467828776152,0.4088577849276742,-0.08280520217037779
Henan,河南,2016,2016P12.txt,21032,1,0.47546595663750474,1,4,1.901863826550019,1,1,0.47546595663750474,1,13,6.181057436287562,1,4,1.901863826550019,1,2,0.9509319132750095,1,0.0,0.47546595663750474,0.15848865221250158,3.1155883269290685,-1.2137245003790496,2.5839281431790915,0.0,0.47546595663750474,0.3407774706163807,4.154117769238758,2.0269396670488034,5.267946585880898,2.5963236057742236,-0.6944597792242047,2.2285510843902636,1.5577941634645343,-0.6068622501895248,1.383108480791485,0.47546595663750474,-1.2137245003790496,0.47546595663750474,2.0269396670488034,-0.6944597792242047,-0.6068622501895248
Henan,河南,2017,2017P12.txt,17968,0,0.0,0,3,1.6696349065004452,1,0,0.0,0,10,5.565449688334818,1,2,1.1130899376669634,1,2,1.1130899376669634,1,0.47546595663750474,-0.47546595663750474,0.15848865221250158,1.901863826550019,-0.23222892004957374,2.2290290199931775,0.47546595663750474,-0.47546595663750474,0.15848865221250158,6.181057436287562,-0.615607747952744,5.300208297953712,1.901863826550019,-0.7887738888830556,1.8704257899970684,0.9509319132750095,0.16215802439195393,1.207272004802169,-0.47546595663750474,-0.23222892004957374,-0.47546595663750474,-0.615607747952744,-0.7887738888830556,0.16215802439195393
Henan,河南,2018,2018P12.txt,19523,0,0.0,0,5,2.5610818009527225,1,1,0.5122163601905445,1,20,10.24432720381089,1,1,0.5122163601905445,1,5,2.5610818009527225,1,0.0,0.0,0.15848865221250158,1.6696349065004452,0.8914468944522773,2.0441935113343956,0.0,0.5122163601905445,0.3292274389426831,5.565449688334818,4.6788775154760724,7.3302781094777565,1.1130899376669634,-0.6008735774764189,1.1757233748025089,1.1130899376669634,1.4479918632857591,1.5417012172982318,0.0,0.8914468944522773,0.5122163601905445,4.6788775154760724,-0.6008735774764189,1.4479918632857591
Henan,河南,2019,2019P12.txt,24424,2,0.8188666885031117,1,6,2.456600065509335,1,0,0.0,0,11,4.503766786767114,1,3,1.2283000327546676,1,5,2.047166721257779,1,0.0,0.8188666885031117,0.27295556283437056,2.5610818009527225,-0.10448173544338735,2.229105590987501,0.5122163601905445,-0.5122163601905445,0.1707387867301815,10.24432720381089,-5.740560417043776,6.771181226304274,0.5122163601905445,0.7160836725641231,0.9512021102040583,2.5610818009527225,-0.5139150796949434,1.9071128199591552,0.8188666885031117,-0.10448173544338735,-0.5122163601905445,-5.740560417043776,0.7160836725641231,-0.5139150796949434
Henan,河南,2020,2020P12.txt,17043,1,0.5867511588335387,1,7,4.107258111834771,1,0,0.0,0,6,3.5205069530012323,1,3,1.7602534765006161,1,1,0.5867511588335387,1,0.8188666885031117,-0.23211552966957305,0.46853928244555015,2.456600065509335,1.6506580463254354,3.041646659432276,0.0,0.0,0.1707387867301815,4.503766786767114,-0.983259833765882,6.089533647859746,1.2283000327546676,0.5319534437459486,1.166923289815276,2.047166721257779,-1.4604155624242403,1.7316665603480133,-0.23211552966957305,1.6506580463254354,0.0,-0.983259833765882,0.5319534437459486,-1.4604155624242403
Henan,河南,2021,2021P12.txt,27117,0,0.0,0,6,2.212634140944795,1,0,0.0,0,12,4.42526828188959,1,10,3.6877235682413247,1,1,0.36877235682413245,1,0.5867511588335387,-0.5867511588335387,0.46853928244555015,4.107258111834771,-1.8946239708899757,2.9254974394296336,0.0,0.0,0.0,3.5205069530012323,0.9047613288883576,4.149847340552646,1.7602534765006161,1.9274700917407086,2.2254256924988693,0.5867511588335387,-0.21797880200940623,1.0008967456384834,-0.5867511588335387,-1.8946239708899757,0.0,0.9047613288883576,1.9274700917407086,-0.21797880200940623
Henan,河南,2022,2022P12.txt,14625,0,0.0,0,2,1.3675213675213675,1,1,0.6837606837606838,1,8,5.47008547008547,1,7,4.786324786324786,1,2,1.3675213675213675,1,0.0,0.0,0.19558371961117957,2.212634140944795,-0.8451127734234274,2.5624712067669777,0.0,0.6837606837606838,0.22792022792022792,4.42526828188959,1.0448171881958803,4.471953568325431,3.6877235682413247,1.0986012180834615,3.411433943688909,0.36877235682413245,0.9987490106972351,0.7743482943930129,0.0,-0.8451127734234274,0.6837606837606838,1.0448171881958803,1.0986012180834615,0.9987490106972351
Henan,河南,2023,2023P12.txt,11767,0,0.0,0,1,0.8498342823149486,1,0,0.0,0,2,1.6996685646298972,1,7,5.94883997620464,1,2,1.6996685646298972,1,0.0,0.0,0.0,1.3675213675213675,-0.5176870852064189,1.4766632635937036,0.6837606837606838,-0.6837606837606838,0.22792022792022792,5.47008547008547,-3.7704169054555727,3.8650074388683193,4.786324786324786,1.162515189879854,4.80762944359025,1.3675213675213675,0.3321471971085297,1.1453207629917992,0.0,-0.5176870852064189,-0.6837606837606838,-3.7704169054555727,1.162515189879854,0.3321471971085297
Hubei,湖北,2003,2003P14.txt,17955,0,0.0,0,0,0.0,0,0,0.0,0,1,0.556947925368978,1,0,0.0,0,2,1.113895850737956,1,,,,,,,,,,,,,,,,,,,,,,,,
Hubei,湖北,2004,2004P14.txt,15922,0,0.0,0,0,0.0,0,0,0.0,0,0,0.0,0,0,0.0,0,0,0.0,0,0.0,0.0,0.0,0.0,0.0,0.0,0.0,0.0,0.0,0.556947925368978,-0.556947925368978,0.278473962684489,0.0,0.0,0.0,1.113895850737956,-1.113895850737956,0.556947925368978,0.0,0.0,0.0,-0.556947925368978,0.0,-1.113895850737956
Hubei,湖北,2005,2005P14.txt,16854,0,0.0,0,7,4.153316720066453,1,0,0.0,0,2,1.1866619200189865,1,2,1.1866619200189865,1,1,0.5933309600094933,1,0.0,0.0,0.0,0.0,4.153316720066453,1.3844389066888176,0.0,0.0,0.0,0.0,1.1866619200189865,0.5812032817959881,0.0,1.1866619200189865,0.3955539733396622,0.0,0.5933309600094933,0.569075603582483,0.0,4.153316720066453,0.0,1.1866619200189865,1.1866619200189865,0.5933309600094933
Hubei,湖北,2006,2006P14.txt,20420,0,0.0,0,6,2.9382957884427032,1,0,0.0,0,2,0.9794319294809011,1,2,0.9794319294809011,1,5,2.4485798237022527,1,0.0,0.0,0.0,4.153316720066453,-1.2150209316237497,2.3638708361697187,0.0,0.0,0.0,1.1866619200189865,-0.20722999053808544,0.7220312831666291,1.1866619200189865,-0.20722999053808544,0.7220312831666291,0.5933309600094933,1.8552488636927595,1.0139702612372485,0.0,-1.2150209316237497,0.0,-0.20722999053808544,-0.20722999053808544,1.8552488636927595
Hubei,湖北,2007,2007P14.txt,13490,0,0.0,0,1,0.7412898443291327,1,0,0.0,0,5,3.7064492216456633,1,0,0.0,0,0,0.0,0,0.0,0.0,0.0,2.9382957884427032,-2.1970059441135703,2.6109674509460965,0.0,0.0,0.0,0.9794319294809011,2.727017292164762,1.957514357048517,0.9794319294809011,-0.9794319294809011,0.7220312831666291,2.4485798237022527,-2.4485798237022527,1.0139702612372485,0.0,-2.1970059441135703,0.0,2.727017292164762,-0.9794319294809011,-2.4485798237022527
Hubei,湖北,2008,2008P14.txt,18312,0,0.0,0,1,0.54608999563128,1,0,0.0,0,7,3.8226299694189603,1,0,0.0,0,1,0.54608999563128,1,0.0,0.0,0.0,0.7412898443291327,-0.19519984869785267,1.4085585428010388,0.0,0.0,0.0,3.7064492216456633,0.11618074777329701,2.836170373515175,0.0,0.0,0.32647730982696704,0.0,0.54608999563128,0.9982232731111775,0.0,-0.19519984869785267,0.0,0.11618074777329701,0.0,0.54608999563128
Hubei,湖北,2009,2009P14.txt,19620,0,0.0,0,1,0.509683995922528,1,0,0.0,0,3,1.529051987767584,1,1,0.509683995922528,1,0,0.0,0,0.0,0.0,0.0,0.54608999563128,-0.036405999708752024,0.5990212786276469,0.0,0.0,0.0,3.8226299694189603,-2.293577981651376,3.0193770596107363,0.0,0.509683995922528,0.16989466530750932,0.54608999563128,-0.54608999563128,0.18202999854376,0.0,-0.036405999708752024,0.0,-2.293577981651376,0.509683995922528,-0.54608999563128
Hubei,湖北,2010,2010P14.txt,21865,0,0.0,0,2,0.914703864623828,1,0,0.0,0,8,3.658815458495312,1,3,1.372055796935742,1,2,0.914703864623828,1,0.0,0.0,0.0,0.509683995922528,0.4050198687013,0.656825952059212,0.0,0.0,0.0,1.529051987767584,2.129763470727728,3.0034991385606187,0.509683995922528,0.8623718010132141,0.6272465976194234,0.0,0.914703864623828,0.48693128675170266,0.0,0.4050198687013,0.0,2.129763470727728,0.8623718010132141,0.914703864623828
Hubei,湖北,2011,2011P14.txt,20880,0,0.0,0,1,0.4789272030651341,1,0,0.0,0,9,4.310344827586207,1,4,1.9157088122605364,1,1,0.4789272030651341,1,0.0,0.0,0.0,0.914703864623828,-0.43577666155869393,0.6344383545371634,0.0,0.0,0.0,3.658815458495312,0.6515293690908952,3.166070757949701,1.372055796935742,0.5436530153247943,1.2658162017062689,0.914703864623828,-0.43577666155869393,0.464543689229654,0.0,-0.43577666155869393,0.0,0.6515293690908952,0.5436530153247943,-0.43577666155869393
Hubei,湖北,2012,2012P14.txt,19636,0,0.0,0,2,1.0185373803218578,1,0,0.0,0,4,2.0370747606437156,1,3,1.5278060704827867,1,2,1.0185373803218578,1,0.0,0.0,0.0,0.4789272030651341,0.5396101772567237,0.8040561493369399,0.0,0.0,0.0,4.310344827586207,-2.2732700669424917,3.335411682241745,1.9157088122605364,-0.38790274177774964,1.6051902265596885,0.4789272030651341,0.5396101772567237,0.8040561493369399,0.0,0.5396101772567237,0.0,-2.2732700669424917,-0.38790274177774964,0.5396101772567237
Hubei,湖北,2013,2013P14.txt,19903,0,0.0,0,0,0.0,0,0,0.0,0,1,0.5024368185700648,1,4,2.0097472742802593,1,2,1.0048736371401297,1,0.0,0.0,0.0,1.0185373803218578,-1.0185373803218578,0.4991548611289973,0.0,0.0,0.0,2.0370747606437156,-1.5346379420736507,2.2832854689333293,1.5278060704827867,0.48194120379747263,1.8177540523411941,1.0185373803218578,-0.013663743181728139,0.8341127401757072,0.0,-1.0185373803218578,0.0,-1.5346379420736507,0.48194120379747263,-0.013663743181728139
Hubei,湖北,2014,2014P14.txt,17822,1,0.561104253170239,1,0,0.0,0,0,0.0,0,9,5.049938278532151,1,4,2.244417012680956,1,1,0.561104253170239,1,0.0,0.561104253170239,0.18703475105674636,0.0,0.0,0.3395124601072859,0.0,0.0,0.0,0.5024368185700648,4.547501459962087,2.5298166192486438,2.0097472742802593,0.23466973840069683,1.9273234524813339,1.0048736371401297,-0.44376938396989063,0.8615050902107422,0.561104253170239,0.0,0.0,4.547501459962087,0.23466973840069683,-0.44376938396989063
Hubei,湖北,2015,2015P14.txt,18417,0,0.0,0,0,0.0,0,0,0.0,0,11,5.972742574795026,1,4,2.171906390834555,1,1,0.5429765977086387,1,0.561104253170239,-0.561104253170239,0.18703475105674636,0.0,0.0,0.0,0.0,0.0,0.0,5.049938278532151,0.9228042962628749,3.8417058906324137,2.244417012680956,-0.07251062184640134,2.142023559265257,0.561104253170239,-0.018127655461600334,0.7029848293396691,-0.561104253170239,0.0,0.0,0.9228042962628749,-0.07251062184640134,-0.018127655461600334
Hubei,湖北,2016,2016P14.txt,21965,0,0.0,0,1,0.45526974732529024,1,0,0.0,0,6,2.7316184839517414,1,4,1.821078989301161,1,3,1.3658092419758707,1,0.0,0.0,0.18703475105674636,0.0,0.45526974732529024,0.1517565824417634,0.0,0.0,0.0,5.972742574795026,-3.2411240908432846,4.58476644575964,2.171906390834555,-0.35082740153339387,2.0791341309388907,0.5429765977086387,0.822832644267232,0.8232966976182494,0.0,0.45526974732529024,0.0,-3.2411240908432846,-0.35082740153339387,0.822832644267232
Hubei,湖北,2017,2017P14.txt,14902,0,0.0,0,2,1.3421017313112333,1,0,0.0,0,5,3.3552543282780833,1,2,1.3421017313112333,1,1,0.6710508656556167,1,0.0,0.0,0.0,0.45526974732529024,0.8868319839859431,0.5991238262121745,0.0,0.0,0.0,2.7316184839517414,0.6236358443263419,4.01987179567495,1.821078989301161,-0.47897725798992763,1.7783623704823164,1.3658092419758707,-0.6947583763202541,0.8599455684467087,0.0,0.8868319839859431,0.0,0.6236358443263419,-0.47897725798992763,-0.6947583763202541
Hubei,湖北,2018,2018P14.txt,14963,1,0.6683151774376797,1,0,0.0,0,0,0.0,0,7,4.678206242063757,1,6,4.0098910646260775,1,0,0.0,0,0.0,0.6683151774376797,0.22277172581255988,1.3421017313112333,-1.3421017313112333,0.5991238262121745,0.0,0.0,0.0,3.3552543282780833,1.3229519137856736,3.588359684764527,1.3421017313112333,2.667789333314844,2.391023928412824,0.6710508656556167,-0.6710508656556167,0.6789533692104959,0.6683151774376797,-1.3421017313112333,0.0,1.3229519137856736,2.667789333314844,-0.6710508656556167
Hubei,湖北,2019,2019P14.txt,14948,0,0.0,0,1,0.668985817500669,1,0,0.0,0,7,4.682900722504683,1,2,1.337971635001338,1,0,0.0,0,0.6683151774376797,-0.6683151774376797,0.22277172581255988,0.0,0.668985817500669,0.6703625162706341,0.0,0.0,0.0,4.678206242063757,0.004694480440925908,4.238787097615507,4.0098910646260775,-2.6719194296247393,2.2299881436462163,0.0,0.0,0.22368362188520555,-0.6683151774376797,0.668985817500669,0.0,0.004694480440925908,-2.6719194296247393,0.0
Hubei,湖北,2020,2020P14.txt,15214,0,0.0,0,0,0.0,0,0,0.0,0,5,3.286446693834626,1,1,0.6572893387669252,1,4,2.6291573550677008,1,0.0,0.0,0.22277172581255988,0.668985817500669,-0.668985817500669,0.222995272500223,0.0,0.0,0.0,4.682900722504683,-1.3964540286700569,4.215851219467688,1.337971635001338,-0.6806822962344128,2.001717346131447,0.0,2.6291573550677008,0.8763857850225669,0.0,-0.668985817500669,0.0,-1.3964540286700569,-0.6806822962344128,2.6291573550677008
Hubei,湖北,2021,2021P14.txt,16392,0,0.0,0,0,0.0,0,0,0.0,0,5,3.0502684236212785,1,1,0.6100536847242557,1,3,1.8301610541727673,1,0.0,0.0,0.0,0.0,0.0,0.222995272500223,0.0,0.0,0.0,3.286446693834626,-0.23617827021334747,3.673205279986862,0.6572893387669252,-0.047235654042669495,0.8684382194975063,2.6291573550677008,-0.7989963008949335,1.4864394697468226,0.0,0.0,0.0,-0.23617827021334747,-0.047235654042669495,-0.7989963008949335
Hubei,湖北,2022,2022P14.txt,16932,1,0.5905976848570753,1,1,0.5905976848570753,1,0,0.0,0,6,3.5435861091424523,1,3,1.7717930545712262,1,2,1.1811953697141506,1,0.0,0.5905976848570753,0.19686589495235843,0.0,0.5905976848570753,0.19686589495235843,0.0,0.0,0.0,3.0502684236212785,0.49331768552117383,3.2934337421994524,0.6100536847242557,1.1617393698469705,1.0130453593541358,1.8301610541727673,-0.6489656844586167,1.8801712596515394,0.5905976848570753,0.5905976848570753,0.0,0.49331768552117383,1.1617393698469705,-0.6489656844586167
Hubei,湖北,2023,2023P14.txt,20638,1,0.4845430758794457,1,1,0.4845430758794457,1,0,0.0,0,5,2.4227153793972285,1,13,6.299059986432794,1,3,1.4536292276383371,1,0.5905976848570753,-0.10605460897762964,0.35838025357884035,0.5905976848570753,-0.10605460897762964,0.35838025357884035,0.0,0.0,0.0,3.5435861091424523,-1.1208707297452238,3.005523304053653,1.7717930545712262,4.5272669318615675,2.8936355752427585,1.1811953697141506,0.2724338579241865,1.4883285505084185,-0.10605460897762964,-0.10605460897762964,0.0,-1.1208707297452238,4.5272669318615675,0.2724338579241865
Hunan,湖南,2003,2003P15.txt,15349,0,0.0,0,0,0.0,0,0,0.0,0,2,1.303016483158512,1,1,0.651508241579256,1,2,1.303016483158512,1,,,,,,,,,,,,,,,,,,,,,,,,
Hunan,湖南,2004,2004P15.txt,15722,0,0.0,0,0,0.0,0,0,0.0,0,0,0.0,0,0,0.0,0,3,1.9081541788576517,1,0.0,0.0,0.0,0.0,0.0,0.0,0.0,0.0,0.0,1.303016483158512,-1.303016483158512,0.651508241579256,0.651508241579256,-0.651508241579256,0.325754120789628,1.303016483158512,0.6051376956991397,1.6055853310080819,0.0,0.0,0.0,-1.303016483158512,-0.651508241579256,0.6051376956991397
Hunan,湖南,2005,2005P15.txt,15244,0,0.0,0,2,1.311991603253739,1,0,0.0,0,3,1.9679874048806087,1,0,0.0,0,2,1.311991603253739,1,0.0,0.0,0.0,0.0,1.311991603253739,0.43733053441791303,0.0,0.0,0.0,0.0,1.9679874048806087,1.0903346293463736,0.0,0.0,0.217169413859752,1.9081541788576517,-0.5961625756039126,1.5077207550899676,0.0,1.311991603253739,0.0,1.9679874048806087,0.0,-0.5961625756039126
Hunan,湖南,2006,2006P15.txt,17953,0,0.0,0,1,0.5570099704784716,1,0,0.0,0,2,1.1140199409569431,1,2,1.1140199409569431,1,4,2.2280398819138862,1,0.0,0.0,0.0,1.311991603253739,-0.7549816327752675,0.6230005245774035,0.0,0.0,0.0,1.9679874048806087,-0.8539674639236656,1.0273357819458506,0.0,1.1140199409569431,0.371339980318981,1.311991603253739,0.9160482786601472,1.8160618880084256,0.0,-0.7549816327752675,0.0,-0.8539674639236656,1.1140199409569431,0.9160482786601472
Hunan,湖南,2007,2007P15.txt,17877,0,0.0,0,4,2.2375118867818986,1,0,0.0,0,4,2.2375118867818986,1,1,0.5593779716954747,1,3,1.6781339150864238,1,0.0,0.0,0.0,0.5570099704784716,1.680501916303427,1.3688378201713698,0.0,0.0,0.0,1.1140199409569431,1.1234919458249555,1.773173077539817,1.1140199409569431,-0.5546419692614685,0.5577993042174726,2.2280398819138862,-0.5499059668274624,1.7393884667513497,0.0,1.680501916303427,0.0,1.1234919458249555,-0.5546419692614685,-0.5499059668274624
Hunan,湖南,2008,2008P15.txt,19332,0,0.0,0,0,0.0,0,0,0.0,0,6,3.1036623215394163,1,2,1.0345541071798054,1,5,2.5863852679495136,1,0.0,0.0,0.0,2.2375118867818986,-2.2375118867818986,0.9315072857534566,0.0,0.0,0.0,2.2375118867818986,0.8661504347575177,2.1517313830927525,0.5593779716954747,0.4751761354843308,0.9026506732774077,1.6781339150864238,0.9082513528630898,2.1641863549832743,0.0,-2.2375118867818986,0.0,0.8661504347575177,0.4751761354843308,0.9082513528630898
Hunan,湖南,2009,2009P15.txt,20418,0,0.0,0,2,0.9795278675678323,1,0,0.0,0,3,1.4692918013517484,1,5,2.448819668919581,1,6,2.938583602703497,1,0.0,0.0,0.0,0.0,0.9795278675678323,1.0723465847832436,0.0,0.0,0.0,3.1036623215394163,-1.634370520187668,2.270155336557688,1.0345541071798054,1.4142655617397755,1.3475839159316203,2.5863852679495136,0.3521983347539832,2.4010342619131446,0.0,0.9795278675678323,0.0,-1.634370520187668,1.4142655617397755,0.3521983347539832
Hunan,湖南,2010,2010P15.txt,21790,0,0.0,0,3,1.3767783386874712,1,0,0.0,0,4,1.835704451583295,1,10,4.5892611289582375,1,5,2.2946305644791187,1,0.0,0.0,0.0,0.9795278675678323,0.39725047111963896,0.7854354020851012,0.0,0.0,0.0,1.4692918013517484,0.36641265023154657,2.13621952482482,2.448819668919581,2.1404414600386565,2.6908783016858746,2.938583602703497,-0.6439530382243781,2.606533145044043,0.0,0.39725047111963896,0.0,0.36641265023154657,2.1404414600386565,-0.6439530382243781
Hunan,湖南,2011,2011P15.txt,20734,0,0.0,0,1,0.4822996045143243,1,0,0.0,0,5,2.4114980225716214,1,3,1.446898813542973,1,12,5.787595254171892,1,0.0,0.0,0.0,1.3767783386874712,-0.8944787341731469,0.9462019369232092,0.0,0.0,0.0,1.835704451583295,0.5757935709883264,1.9054980918355549,4.5892611289582375,-3.1423623154152645,2.828326537140264,2.2946305644791187,3.4929646896927733,3.6736031404515024,0.0,-0.8944787341731469,0.0,0.5757935709883264,-3.1423623154152645,3.4929646896927733
Hunan,湖南,2012,2012P15.txt,19918,1,0.5020584396023697,1,6,3.0123506376142184,1,0,0.0,0,2,1.0041168792047395,1,1,0.5020584396023697,1,9,4.518525956421327,1,0.0,0.5020584396023697,0.1673528132007899,0.4822996045143243,2.530051033099894,1.6238095269386712,0.0,0.0,0.0,2.4114980225716214,-1.407381143366882,1.7504397844532182,1.446898813542973,-0.9448403739406033,2.17940612736786,5.787595254171892,-1.2690692977505647,4.2002505916907795,0.5020584396023697,2.530051033099894,0.0,-1.407381143366882,-0.9448403739406033,-1.2690692977505647
Hunan,湖南,2013,2013P15.txt,16847,1,0.5935774915415207,1,4,2.374309966166083,1,0,0.0,0,5,2.9678874577076035,1,5,2.9678874577076035,1,10,5.935774915415207,1,0.5020584396023697,0.091519051939151,0.36521197704796354,3.0123506376142184,-0.6380406714481355,1.956320069431542,0.0,0.0,0.0,1.0041168792047395,1.963770578502864,2.127834119827988,0.5020584396023697,2.465829018105234,1.6389482369509825,4.518525956421327,1.4172489589938797,5.413965375336143,0.091519051939151,-0.6380406714481355,0.0,1.963770578502864,2.465829018105234,1.4172489589938797
Hunan,湖南,2014,2014P15.txt,13324,0,0.0,0,2,1.5010507355148603,1,0,0.0,0,4,3.0021014710297207,1,2,1.5010507355148603,1,3,2.2515761032722907,1,0.5935774915415207,-0.5935774915415207,0.36521197704796354,2.374309966166083,-0.8732592306512226,2.295903779765054,0.0,0.0,0.0,2.9678874577076035,0.034214013322117154,2.3247019359806878,2.9678874577076035,-1.4668367221927432,1.6569988776082782,5.935774915415207,-3.6841988121429163,4.2352923250362755,-0.5935774915415207,-0.8732592306512226,0.0,0.034214013322117154,-1.4668367221927432,-3.6841988121429163
Hunan,湖南,2015,2015P15.txt,13330,0,0.0,0,1,0.7501875468867217,1,0,0.0,0,9,6.751687921980495,1,6,4.50112528132033,1,3,2.250562640660165,1,0.0,0.0,0.19785916384717359,1.5010507355148603,-0.7508631886281386,1.5418494161892218,0.0,0.0,0.0,3.0021014710297207,3.7495864509507744,4.240558950239273,1.5010507355148603,3.0000745458054694,2.9900211581809315,2.2515761032722907,-0.0010134626121258705,3.4793045531158877,0.0,-0.7508631886281386,0.0,3.7495864509507744,3.0000745458054694,-0.0010134626121258705
Hunan,湖南,2016,2016P15.txt,15637,0,0.0,0,2,1.2790177143953443,1,0,0.0,0,5,3.197544285988361,1,8,5.116070857581377,1,7,4.476562000383705,1,0.0,0.0,0.0,0.7501875468867217,0.5288301675086226,1.1767519989323088,0.0,0.0,0.0,6.751687921980495,-3.554143635992134,4.317111226332859,4.50112528132033,0.6149455762610474,3.7060822914721894,2.250562640660165,2.22599935972354,2.992900248105387,0.0,0.5288301675086226,0.0,-3.554143635992134,0.6149455762610474,2.22599935972354
Hunan,湖南,2017,2017P15.txt,15793,0,0.0,0,3,1.8995757614132844,1,0,0.0,0,5,3.165959602355474,1,3,1.8995757614132844,1,3,1.8995757614132844,1,0.0,0.0,0.0,1.2790177143953443,0.6205580470179402,1.3095936742317835,0.0,0.0,0.0,3.197544285988361,-0.031584683632887245,4.371730603441444,5.116070857581377,-3.2164950961680927,3.8389239667716644,4.476562000383705,-2.5769862389704206,2.8755668008190516,0.0,0.6205580470179402,0.0,-0.031584683632887245,-3.2164950961680927,-2.5769862389704206
Hunan,湖南,2018,2018P15.txt,19831,0,0.0,0,5,2.521305027482225,1,0,0.0,0,8,4.034088043971559,1,3,1.5127830164893348,1,4,2.0170440219857797,1,0.0,0.0,0.0,1.8995757614132844,0.6217292660689404,1.899966167763618,0.0,0.0,0.0,3.165959602355474,0.8681284416160855,3.465863977438465,1.8995757614132844,-0.38679274492394966,2.8428098784946663,1.8995757614132844,0.11746826057249526,2.7977272612609227,0.0,0.6217292660689404,0.0,0.8681284416160855,-0.38679274492394966,0.11746826057249526
Hunan,湖南,2019,2019P15.txt,18177,0,0.0,0,2,1.100291577267976,1,1,0.550145788633988,1,9,4.951312097705892,1,0,0.0,0,3,1.650437365901964,1,0.0,0.0,0.0,2.521305027482225,-1.4210134502142489,1.8403907887211617,0.0,0.550145788633988,0.18338192954466268,4.034088043971559,0.9172240537343326,4.050453248010975,1.5127830164893348,-1.5127830164893348,1.1374529259675403,2.0170440219857797,-0.3666066560838157,1.8556857164336762,0.0,-1.4210134502142489,0.550145788633988,0.9172240537343326,-1.5127830164893348,-0.3666066560838157
Hunan,湖南,2020,2020P15.txt,18252,1,0.5478851632697787,1,6,3.287310979618672,1,0,0.0,0,10,5.478851632697786,1,2,1.0957703265395573,1,2,1.0957703265395573,1,0.0,0.5478851632697787,0.18262838775659287,1.100291577267976,2.187019402350696,2.302969194789624,0.550145788633988,-0.550145788633988,0.18338192954466268,4.951312097705892,0.5275395349918943,4.82141725812508,0.0,1.0957703265395573,0.8695177810096313,1.650437365901964,-0.5546670393624067,1.587750571475767,0.5478851632697787,2.187019402350696,-0.550145788633988,0.5275395349918943,1.0957703265395573,-0.5546670393624067
Hunan,湖南,2021,2021P15.txt,19155,0,0.0,0,2,1.0441138084051163,1,1,0.5220569042025581,1,12,6.264682850430697,1,0,0.0,0,1,0.5220569042025581,1,0.5478851632697787,-0.5478851632697787,0.18262838775659287,3.287310979618672,-2.2431971712135557,1.8105721217639215,0.0,0.5220569042025581,0.3574008976121821,5.478851632697786,0.7858312177329108,5.564948860278125,1.0957703265395573,-1.0957703265395573,0.36525677551318636,1.0957703265395573,-0.5737134223369992,1.0894215322146932,-0.5478851632697787,-2.2431971712135557,0.5220569042025581,0.7858312177329108,-1.0957703265395573,-0.5737134223369992
Hunan,湖南,2022,2022P15.txt,17119,1,0.5841462702260646,1,4,2.3365850809042583,1,1,0.5841462702260646,1,10,5.841462702260646,1,2,1.1682925404521292,1,3,1.7524388106781938,1,0.0,0.5841462702260646,0.3773438111652811,1.0441138084051163,1.292471272499142,2.2226699563093493,0.5220569042025581,0.062089366023506454,0.36873439147620757,6.264682850430697,-0.42322014817005105,5.861665728463044,0.0,1.1682925404521292,0.7546876223305627,0.5220569042025581,1.2303819064756358,1.1234220138067699,0.5841462702260646,1.292471272499142,0.062089366023506454,-0.42322014817005105,1.1682925404521292,1.2303819064756358
Hunan,湖南,2023,2023P15.txt,19993,0,0.0,0,0,0.0,0,1,0.500175061271445,1,11,5.5019256739858955,1,10,5.00175061271445,1,7,3.5012254289001152,1,0.5841462702260646,-0.5841462702260646,0.1947154234086882,2.3365850809042583,-2.3365850809042583,1.1268996297697915,0.5841462702260646,-0.08397120895461962,0.5354594119000226,5.841462702260646,-0.3395370282747505,5.86935707555908,1.1682925404521292,3.833458072262321,2.056681051055527,1.7524388106781938,1.7487866182219214,1.925240381260289,-0.5841462702260646,-2.3365850809042583,-0.08397120895461962,-0.3395370282747505,3.833458072262321,1.7487866182219214
Jiangsu,江苏,2003,2003P5.txt,18564,0,0.0,0,0,0.0,0,0,0.0,0,2,1.077354018530489,1,1,0.5386770092652445,1,3,1.6160310277957337,1,,,,,,,,,,,,,,,,,,,,,,,,
Jiangsu,江苏,2004,2004P5.txt,14184,0,0.0,0,0,0.0,0,0,0.0,0,1,0.7050197405527355,1,0,0.0,0,0,0.0,0,0.0,0.0,0.0,0.0,0.0,0.0,0.0,0.0,0.0,1.077354018530489,-0.37233427797775354,0.8911868795416122,0.5386770092652445,-0.5386770092652445,0.26933850463262227,1.6160310277957337,-1.6160310277957337,0.8080155138978669,0.0,0.0,0.0,-0.37233427797775354,-0.5386770092652445,-1.6160310277957337
Jiangsu,江苏,2005,2005P5.txt,17140,0,0.0,0,1,0.5834305717619603,1,0,0.0,0,1,0.5834305717619603,1,0,0.0,0,1,0.5834305717619603,1,0.0,0.0,0.0,0.0,0.5834305717619603,0.19447685725398678,0.0,0.0,0.0,0.7050197405527355,-0.12158916879077519,0.7886014436150616,0.0,0.0,0.17955900308841485,0.0,0.5834305717619603,0.7331538665192313,0.0,0.5834305717619603,0.0,-0.12158916879077519,0.0,0.5834305717619603
Jiangsu,江苏,2006,2006P5.txt,18925,0,0.0,0,0,0.0,0,0,0.0,0,4,2.1136063408190227,1,1,0.5284015852047557,1,1,0.5284015852047557,1,0.0,0.0,0.0,0.5834305717619603,-0.5834305717619603,0.19447685725398678,0.0,0.0,0.0,0.5834305717619603,1.5301757690570623,1.1340188843779062,0.0,0.5284015852047557,0.17613386173491855,0.5834305717619603,-0.05502898655720467,0.37061071898890535,0.0,-0.5834305717619603,0.0,1.5301757690570623,0.5284015852047557,-0.05502898655720467
Jiangsu,江苏,2007,2007P5.txt,17013,0,0.0,0,2,1.1755716217010521,1,0,0.0,0,7,4.114500675953683,1,1,0.5877858108505261,1,1,0.5877858108505261,1,0.0,0.0,0.0,0.0,1.1755716217010521,0.5863340644876708,0.0,0.0,0.0,2.1136063408190227,2.00089433513466,2.270512529511555,0.5284015852047557,0.059384225645770394,0.3720624653517606,0.5284015852047557,0.059384225645770394,0.5665393226057474,0.0,1.1755716217010521,0.0,2.00089433513466,0.059384225645770394,0.059384225645770394
Jiangsu,江苏,2008,2008P5.txt,20700,0,0.0,0,0,0.0,0,0,0.0,0,8,3.864734299516908,1,4,1.932367149758454,1,0,0.0,0,0.0,0.0,0.0,1.1755716217010521,-1.1755716217010521,0.39185720723368406,0.0,0.0,0.0,4.114500675953683,-0.2497663764367748,3.3642804387632044,0.5877858108505261,1.344581338907928,1.0161848486045786,0.5877858108505261,-0.5877858108505261,0.3720624653517606,0.0,-1.1755716217010521,0.0,-0.2497663764367748,1.344581338907928,-0.5877858108505261
Jiangsu,江苏,2009,2009P5.txt,15755,0,0.0,0,0,0.0,0,0,0.0,0,4,2.538876547127896,1,4,2.538876547127896,1,2,1.269438273563948,1,0.0,0.0,0.0,0.0,0.0,0.39185720723368406,0.0,0.0,0.0,3.864734299516908,-1.325857752389012,3.5060371741994953,1.932367149758454,0.606509397369442,1.6863431692456254,0.0,1.269438273563948,0.6190746948048247,0.0,0.0,0.0,-1.325857752389012,0.606509397369442,1.269438273563948
Jiangsu,江苏,2010,2010P5.txt,15490,0,0.0,0,1,0.6455777921239509,1,0,0.0,0,9,5.810200129115558,1,2,1.2911555842479019,1,2,1.2911555842479019,1,0.0,0.0,0.0,0.0,0.6455777921239509,0.21519259737465032,0.0,0.0,0.0,2.538876547127896,3.2713235819876623,4.071270325253455,2.538876547127896,-1.2477209628799941,1.920799760378084,1.269438273563948,0.021717310683953883,0.8535312859372833,0.0,0.6455777921239509,0.0,3.2713235819876623,-1.2477209628799941,0.021717310683953883
Jiangsu,江苏,2011,2011P5.txt,17736,0,0.0,0,1,0.5638249887235002,1,0,0.0,0,5,2.819124943617501,1,1,0.5638249887235002,1,0,0.0,0,0.0,0.0,0.0,0.6455777921239509,-0.08175280340045077,0.40313426028248367,0.0,0.0,0.0,5.810200129115558,-2.9910751854980573,3.7227338732869852,1.2911555842479019,-0.7273305955244017,1.4646190400330994,1.2911555842479019,-1.2911555842479019,0.8535312859372833,0.0,-0.08175280340045077,0.0,-2.9910751854980573,-0.7273305955244017,-1.2911555842479019
Jiangsu,江苏,2012,2012P5.txt,15619,0,0.0,0,2,1.2804917088161853,1,0,0.0,0,5,3.2012292720404636,1,1,0.6402458544080927,1,1,0.6402458544080927,1,0.0,0.0,0.0,0.5638249887235002,0.7166667200926852,0.8299648298878788,0.0,0.0,0.0,2.819124943617501,0.3821043284229626,3.9435181149245078,0.5638249887235002,0.0764208656845925,0.8317421424598316,0.0,0.6402458544080927,0.6438004795519982,0.0,0.7166667200926852,0.0,0.3821043284229626,0.0764208656845925,0.6402458544080927
Jiangsu,江苏,2013,2013P5.txt,15344,0,0.0,0,0,0.0,0,0,0.0,0,7,4.562043795620438,1,2,1.3034410844629822,1,0,0.0,0,0.0,0.0,0.0,1.2804917088161853,-1.2804917088161853,0.6147722325132284,0.0,0.0,0.0,3.2012292720404636,1.3608145235799745,3.527466003759468,0.6402458544080927,0.6631952300548896,0.8358373091981917,0.6402458544080927,-0.6402458544080927,0.21341528480269756,0.0,-1.2804917088161853,0.0,1.3608145235799745,0.6631952300548896,-0.6402458544080927
Jiangsu,江苏,2014,2014P5.txt,15367,0,0.0,0,1,0.6507451031430989,1,0,0.0,0,18,11.71341185657578,1,2,1.3014902062861977,1,0,0.0,0,0.0,0.0,0.0,0.0,0.6507451031430989,0.6437456039864281,0.0,0.0,0.0,4.562043795620438,7.151368060955342,6.492228308078894,1.3034410844629822,-0.0019508781767845207,1.0817257150524242,0.0,0.0,0.21341528480269756,0.0,0.6507451031430989,0.0,7.151368060955342,-0.0019508781767845207,0.0
Jiangsu,江苏,2015,2015P5.txt,15328,0,0.0,0,1,0.6524008350730689,1,0,0.0,0,18,11.74321503131524,1,3,1.9572025052192066,1,0,0.0,0,0.0,0.0,0.0,0.6507451031430989,0.001655731929970039,0.4343819794053892,0.0,0.0,0.0,11.71341185657578,0.029803174739459593,9.33955689450382,1.3014902062861977,0.6557122989330089,1.5207112653227954,0.0,0.0,0.0,0.0,0.001655731929970039,0.0,0.029803174739459593,0.6557122989330089,0.0
Jiangsu,江苏,2016,2016P5.txt,17383,0,0.0,0,0,0.0,0,0,0.0,0,12,6.903296323994708,1,3,1.725824080998677,1,0,0.0,0,0.0,0.0,0.0,0.6524008350730689,-0.6524008350730689,0.4343819794053892,0.0,0.0,0.0,11.74321503131524,-4.839918707320532,10.11997440396191,1.9572025052192066,-0.23137842422052968,1.6615055975013604,0.0,0.0,0.0,0.0,-0.6524008350730689,0.0,-4.839918707320532,-0.23137842422052968,0.0
Jiangsu,江苏,2017,2017P5.txt,14935,0,0.0,0,2,1.3391362571141614,1,0,0.0,0,12,8.034817542684968,1,3,2.008704385671242,1,0,0.0,0,0.0,0.0,0.0,0.0,1.3391362571141614,0.6638456973957434,0.0,0.0,0.0,6.903296323994708,1.13152121869026,8.89377629933164,1.725824080998677,0.282880304672565,1.8972436572963751,0.0,0.0,0.0,0.0,1.3391362571141614,0.0,1.13152121869026,0.282880304672565,0.0
Jiangsu,江苏,2018,2018P5.txt,21504,0,0.0,0,4,1.8601190476190477,1,1,0.4650297619047619,1,15,6.975446428571429,1,5,2.3251488095238093,1,1,0.4650297619047619,1,0.0,0.0,0.0,1.3391362571141614,0.5209827905048863,1.0664184349110697,0.0,0.4650297619047619,0.15500992063492064,8.034817542684968,-1.0593711141135387,7.304520098417034,2.008704385671242,0.31644442385256744,2.0198924253979094,0.0,0.4650297619047619,0.15500992063492064,0.0,0.5209827905048863,0.4650297619047619,-1.0593711141135387,0.31644442385256744,0.4650297619047619
Jiangsu,江苏,2019,2019P5.txt,16755,0,0.0,0,5,2.9841838257236644,1,0,0.0,0,14,8.355714712026261,1,1,0.5968367651447329,1,0,0.0,0,0.0,0.0,0.0,1.8601190476190477,1.1240647781046167,2.0611463768189577,0.4650297619047619,-0.4650297619047619,0.15500992063492064,6.975446428571429,1.380268283454832,7.788659561094218,2.3251488095238093,-1.7283120443790763,1.6435633201132613,0.4650297619047619,-0.4650297619047619,0.15500992063492064,0.0,1.1240647781046167,-0.4650297619047619,1.380268283454832,-1.7283120443790763,-0.4650297619047619
Jiangsu,江苏,2020,2020P5.txt,16845,1,0.5936479667557139,1,2,1.1872959335114277,1,0,0.0,0,16,9.498367468091422,1,0,0.0,0,0,0.0,0,0.0,0.5936479667557139,0.19788265558523796,2.9841838257236644,-1.7968878922122367,2.010532935618047,0.0,0.0,0.15500992063492064,8.355714712026261,1.1426527560651607,8.276509536229703,0.5968367651447329,-0.5968367651447329,0.9739951915561808,0.0,0.0,0.15500992063492064,0.5936479667557139,-1.7968878922122367,0.0,1.1426527560651607,-0.5968367651447329,0.0
Jiangsu,江苏,2021,2021P5.txt,16049,0,0.0,0,0,0.0,0,0,0.0,0,17,10.592560284129853,1,3,1.8692753442582093,1,1,0.623091781419403,1,0.5936479667557139,-0.5936479667557139,0.19788265558523796,1.1872959335114277,-1.1872959335114277,1.390493253078364,0.0,0.0,0.0,9.498367468091422,1.094192816038431,9.482214154749178,0.0,1.8692753442582093,0.8220373698009807,0.0,0.623091781419403,0.20769726047313433,-0.5936479667557139,-1.1872959335114277,0.0,1.094192816038431,1.8692753442582093,0.623091781419403
Jiangsu,江苏,2022,2022P5.txt,16773,1,0.5961962678113635,1,7,4.173373874679545,1,1,0.5961962678113635,1,7,4.173373874679545,1,8,4.769570142490908,1,2,1.192392535622727,1,0.0,0.5961962678113635,0.3966147448556924,0.0,4.173373874679545,1.7868899360636574,0.0,0.5961962678113635,0.1987320892704545,10.592560284129853,-6.419186409450308,8.088100542300273,1.8692753442582093,2.9002947982326983,2.212948495583039,0.623091781419403,0.5693007542033239,0.6051614390140433,0.5961962678113635,4.173373874679545,0.5961962678113635,-6.419186409450308,2.9002947982326983,0.5693007542033239
Jiangsu,江苏,2023,2023P5.txt,21687,0,0.0,0,4,1.8444229261769725,1,0,0.0,0,10,4.611057315442431,1,12,5.533268778530917,1,4,1.8444229261769725,1,0.5961962678113635,-0.5961962678113635,0.1987320892704545,4.173373874679545,-2.3289509485025723,2.0059322669521724,0.5961962678113635,-0.5961962678113635,0.1987320892704545,4.173373874679545,0.43768344076288646,6.4589971580839425,4.769570142490908,0.7636986360400089,4.057371421760011,1.192392535622727,0.6520303905542455,1.2199690810730341,-0.5961962678113635,-2.3289509485025723,-0.5961962678113635,0.43768344076288646,0.7636986360400089,0.6520303905542455
Jiangxi,江西,2003,2003P16.txt,12999,0,0.0,0,1,0.7692899453804138,1,0,0.0,0,0,0.0,0,0,0.0,0,6,4.6157396722824835,1,,,,,,,,,,,,,,,,,,,,,,,,
Jiangxi,江西,2004,2004P16.txt,15614,0,0.0,0,2,1.280901754835404,1,0,0.0,0,1,0.640450877417702,1,0,0.0,0,4,2.561803509670808,1,0.0,0.0,0.0,0.7692899453804138,0.5116118094549902,1.0250958501079088,0.0,0.0,0.0,0.0,0.640450877417702,0.320225438708851,0.0,0.0,0.0,4.6157396722824835,-2.0539361626116754,3.5887715909766458,0.0,0.5116118094549902,0.0,0.640450877417702,0.0,-2.0539361626116754
Jiangxi,江西,2005,2005P16.txt,13716,0,0.0,0,6,4.374453193350831,1,0,0.0,0,1,0.7290755322251385,1,0,0.0,0,1,0.7290755322251385,1,0.0,0.0,0.0,1.280901754835404,3.0935514385154272,2.14154829785555,0.0,0.0,0.0,0.640450877417702,0.08862465480743653,0.45650880321428017,0.0,0.0,0.0,2.561803509670808,-1.8327279774456695,2.63553957139281,0.0,3.0935514385154272,0.0,0.08862465480743653,0.0,-1.8327279774456695
Jiangxi,江西,2006,2006P16.txt,14873,0,0.0,0,3,2.017077926443892,1,0,0.0,0,0,0.0,0,0,0.0,0,3,2.017077926443892,1,0.0,0.0,0.0,4.374453193350831,-2.3573752669069394,2.557477624876709,0.0,0.0,0.0,0.7290755322251385,-0.7290755322251385,0.45650880321428017,0.0,0.0,0.0,0.7290755322251385,1.2880023942187533,1.7693189894466128,0.0,-2.3573752669069394,0.0,-0.7290755322251385,0.0,1.2880023942187533
Jiangxi,江西,2007,2007P16.txt,18735,0,0.0,0,2,1.0675206832132373,1,0,0.0,0,7,3.7363223912463304,1,3,1.601281024819856,1,2,1.0675206832132373,1,0.0,0.0,0.0,2.017077926443892,-0.9495572432306545,2.4863506010026533,0.0,0.0,0.0,0.0,3.7363223912463304,1.4884659744904898,0.0,1.601281024819856,0.5337603416066187,2.017077926443892,-0.9495572432306545,1.2712247139607558,0.0,-0.9495572432306545,0.0,3.7363223912463304,1.601281024819856,-0.9495572432306545
Jiangxi,江西,2008,2008P16.txt,21646,0,0.0,0,2,0.9239582370876837,1,0,0.0,0,6,2.771874711263051,1,1,0.4619791185438418,1,0,0.0,0,0.0,0.0,0.0,1.0675206832132373,-0.1435624461255537,1.336185615581604,0.0,0.0,0.0,3.7363223912463304,-0.9644476799832793,2.169399034169794,1.601281024819856,-1.1393019062760141,0.6877533811212326,1.0675206832132373,-1.0675206832132373,1.0281995365523764,0.0,-0.1435624461255537,0.0,-0.9644476799832793,-1.1393019062760141,-1.0675206832132373
Jiangxi,江西,2009,2009P16.txt,20913,0,0.0,0,5,2.390857361449816,1,0,0.0,0,2,0.9563429445799264,1,6,2.869028833739779,1,1,0.4781714722899632,1,0.0,0.0,0.0,0.9239582370876837,1.4668991243621323,1.460778760583579,0.0,0.0,0.0,2.771874711263051,-1.8155317666831245,2.488180015696436,0.4619791185438418,2.4070497151959374,1.644096325701159,0.0,0.4781714722899632,0.5152307185010668,0.0,1.4668991243621323,0.0,-1.8155317666831245,2.4070497151959374,0.4781714722899632
Jiangxi,江西,2010,2010P16.txt,18765,0,0.0,0,5,2.664535038635758,1,0,0.0,0,3,1.5987210231814548,1,13,6.927791100452971,1,1,0.5329070077271516,1,0.0,0.0,0.0,2.390857361449816,0.27367767718594216,1.9931168790577527,0.0,0.0,0.0,0.9563429445799264,0.6423780786015284,1.7756462263414774,2.869028833739779,4.058762266713192,3.4195996842455307,0.4781714722899632,0.0547355354371884,0.33702616000570496,0.0,0.27367767718594216,0.0,0.6423780786015284,4.058762266713192,0.0547355354371884
Jiangxi,江西,2011,2011P16.txt,18858,0,0.0,0,0,0.0,0,0,0.0,0,3,1.590836780146357,1,7,3.7119524870081664,1,4,2.121115706861809,1,0.0,0.0,0.0,2.664535038635758,-2.664535038635758,1.685130800028525,0.0,0.0,0.0,1.5987210231814548,-0.007884243035097827,1.3819669159692463,6.927791100452971,-3.215838613444805,4.502924140400306,0.5329070077271516,1.5882086991346576,1.0440647289596414,0.0,-2.664535038635758,0.0,-0.007884243035097827,-3.215838613444805,1.5882086991346576
Jiangxi,江西,2012,2012P16.txt,14421,0,0.0,0,1,0.693433187712364,1,1,0.693433187712364,1,5,3.4671659385618194,1,5,3.4671659385618194,1,1,0.693433187712364,1,0.0,0.0,0.0,0.0,0.693433187712364,1.1193227421160408,0.0,0.693433187712364,0.2311443959041213,1.590836780146357,1.8763291584154624,2.21890791396321,3.7119524870081664,-0.24478654844634695,4.702303175340986,2.121115706861809,-1.427682519149445,1.1158186341004417,0.0,0.693433187712364,0.693433187712364,1.8763291584154624,-0.24478654844634695,-1.427682519149445
Jiangxi,江西,2013,2013P16.txt,13626,0,0.0,0,0,0.0,0,0,0.0,0,6,4.4033465433729635,1,2,1.4677821811243212,1,1,0.7338910905621606,1,0.0,0.0,0.0,0.693433187712364,-0.693433187712364,0.2311443959041213,0.693433187712364,-0.693433187712364,0.2311443959041213,3.4671659385618194,0.9361806048111441,3.1537830873603796,3.4671659385618194,-1.9993837574374982,2.882300202231436,0.693433187712364,0.04045790284979667,1.1828133283787778,0.0,-0.693433187712364,-0.693433187712364,0.9361806048111441,-1.9993837574374982,0.04045790284979667
Jiangxi,江西,2014,2014P16.txt,14454,0,0.0,0,1,0.6918500069185001,1,0,0.0,0,4,2.7674000276740003,1,3,2.0755500207555,1,3,2.0755500207555,1,0.0,0.0,0.0,0.0,0.6918500069185001,0.46176106487695473,0.0,0.0,0.2311443959041213,4.4033465433729635,-1.6359465156989632,3.5459708365362608,1.4677821811243212,0.607767839631179,2.336832713480547,0.7338910905621606,1.3416589301933395,1.1676247663433414,0.0,0.6918500069185001,0.0,-1.6359465156989632,0.607767839631179,1.3416589301933395
Jiangxi,江西,2015,2015P16.txt,16660,0,0.0,0,0,0.0,0,0,0.0,0,7,4.201680672268908,1,5,3.0012004801920766,1,3,1.8007202881152462,1,0.0,0.0,0.0,0.6918500069185001,-0.6918500069185001,0.23061666897283337,0.0,0.0,0.0,2.7674000276740003,1.4342806445949075,3.790809081105291,2.0755500207555,0.9256504594365764,2.181510894023966,2.0755500207555,-0.274829732640254,1.5367204664776357,0.0,-0.6918500069185001,0.0,1.4342806445949075,0.9256504594365764,-0.274829732640254
Jiangxi,江西,2016,2016P16.txt,17503,1,0.5713306290350225,1,2,1.142661258070045,1,0,0.0,0,5,2.856653145175113,1,6,3.4279837742101353,1,4,2.28532251614009,1,0.0,0.5713306290350225,0.19044354301167418,0.0,1.142661258070045,0.6115037549961817,0.0,0.0,0.0,4.201680672268908,-1.3450275270937948,3.2752446150393406,3.0012004801920766,0.4267832940180587,2.834911425052571,1.8007202881152462,0.4846022280248439,2.0538642750036122,0.5713306290350225,1.142661258070045,0.0,-1.3450275270937948,0.4267832940180587,0.4846022280248439
Jiangxi,江西,2017,2017P16.txt,16308,1,0.613195977434388,1,3,1.839587932303164,1,0,0.0,0,9,5.518763796909492,1,7,4.292371842040716,1,3,1.839587932303164,1,0.5713306290350225,0.04186534839936551,0.3948422021564702,1.142661258070045,0.696926674233119,0.9940830634577363,0.0,0.0,0.0,2.856653145175113,2.662110651734379,4.1923658714511705,3.4279837742101353,0.8643880678305811,3.573852032147643,2.28532251614009,-0.445734583836926,1.9752102455195002,0.04186534839936551,0.696926674233119,0.0,2.662110651734379,0.8643880678305811,-0.445734583836926
Jiangxi,江西,2018,2018P16.txt,18334,1,0.5454347114650376,1,2,1.0908694229300753,1,0,0.0,0,3,1.6363041343951128,1,5,2.7271735573251883,1,1,0.5454347114650376,1,0.613195977434388,-0.06776126596935039,0.5766537726448161,1.839587932303164,-0.7487185093730888,1.3577062044344281,0.0,0.0,0.0,5.518763796909492,-3.8824596625143792,3.337240358826573,4.292371842040716,-1.5651982847155281,3.4825097245253467,1.839587932303164,-1.2941532208381266,1.5567817199694305,-0.06776126596935039,-0.7487185093730888,0.0,-3.8824596625143792,-1.5651982847155281,-1.2941532208381266
Jiangxi,江西,2019,2019P16.txt,19305,3,1.554001554001554,1,1,0.518000518000518,1,0,0.0,0,3,1.554001554001554,1,6,3.108003108003108,1,2,1.036001036001036,1,0.5454347114650376,1.0085668425365162,0.9042107476336598,1.0908694229300753,-0.5728689049295572,1.149485957744586,0.0,0.0,0.0,1.6363041343951128,-0.08230258039355887,2.903023161768719,2.7271735573251883,0.38082955067791957,3.375849502456337,0.5454347114650376,0.49056632453599847,1.140341226589746,1.0085668425365162,-0.5728689049295572,0.0,-0.08230258039355887,0.38082955067791957,0.49056632453599847
Jiangxi,江西,2020,2020P16.txt,16714,2,1.1966016513102788,1,1,0.5983008256551394,1,0,0.0,0,7,4.1881057795859755,1,2,1.1966016513102788,1,1,0.5983008256551394,1,1.554001554001554,-0.3573999026912751,1.09867930559229,0.518000518000518,0.08030030765462137,0.7357235888619109,0.0,0.0,0.0,1.554001554001554,2.6341042255844216,2.4594704893275474,3.108003108003108,-1.911401456692829,2.3439261055461915,1.036001036001036,-0.4377002103458967,0.726578857707071,-0.3573999026912751,0.08030030765462137,0.0,2.6341042255844216,-1.911401456692829,-0.4377002103458967
Jiangxi,江西,2021,2021P16.txt,16582,2,1.2061271257990591,1,1,0.6030635628995296,1,0,0.0,0,4,2.4122542515981182,1,2,1.2061271257990591,1,4,2.4122542515981182,1,1.1966016513102788,0.009525474488780272,1.3189101103702974,0.5983008256551394,0.004762737244390136,0.5731216355183957,0.0,0.0,0.0,4.1881057795859755,-1.7758515279878573,2.718120528395216,1.1966016513102788,0.009525474488780272,1.8369106283708152,0.5983008256551394,1.8139534259429788,1.3488520377514313,0.009525474488780272,0.004762737244390136,0.0,-1.7758515279878573,0.009525474488780272,1.8139534259429788
Jiangxi,江西,2022,2022P16.txt,16053,2,1.2458730455366598,1,1,0.6229365227683299,1,1,0.6229365227683299,1,4,2.4917460910733196,1,4,2.4917460910733196,1,3,1.8688095683049897,1,1.2061271257990591,0.039745919737600666,1.216200607548666,0.6030635628995296,0.019872959868800333,0.608100303774333,0.0,0.6229365227683299,0.2076455075894433,2.4122542515981182,0.07949183947520133,3.0307020407524714,1.2061271257990591,1.2856189652742605,1.6314916227275524,2.4122542515981182,-0.5434446832931286,1.626454881852749,0.039745919737600666,0.019872959868800333,0.6229365227683299,0.07949183947520133,1.2856189652742605,-0.5434446832931286
Jiangxi,江西,2023,2023P16.txt,17614,1,0.5677302146020211,1,0,0.0,0,0,0.0,0,5,2.8386510730101056,1,7,3.9741115022141478,1,6,3.4063812876121267,1,1.2458730455366598,-0.6781428309346387,1.00657679531258,0.6229365227683299,-0.6229365227683299,0.40866669522261984,0.6229365227683299,-0.6229365227683299,0.2076455075894433,2.4917460910733196,0.346904981936786,2.580883805227181,2.4917460910733196,1.4823654111408282,2.557328239695509,1.8688095683049897,1.537571719307137,2.5624817025050777,-0.6781428309346387,-0.6229365227683299,-0.6229365227683299,0.346904981936786,1.4823654111408282,1.537571719307137
Jilin,吉林,2003,2003P18.txt,15264,0,0.0,0,2,1.310272536687631,1,0,0.0,0,1,0.6551362683438156,1,0,0.0,0,1,0.6551362683438156,1,,,,,,,,,,,,,,,,,,,,,,,,
Jilin,吉林,2004,2004P18.txt,14748,0,0.0,0,2,1.3561160835367507,1,0,0.0,0,1,0.6780580417683754,1,0,0.0,0,1,0.6780580417683754,1,0.0,0.0,0.0,1.310272536687631,0.04584354684911962,1.3331943101121908,0.0,0.0,0.0,0.6551362683438156,0.02292177342455981,0.6665971550560954,0.0,0.0,0.0,0.6551362683438156,0.02292177342455981,0.6665971550560954,0.0,0.04584354684911962,0.0,0.02292177342455981,0.0,0.02292177342455981
Jilin,吉林,2005,2005P18.txt,8487,0,0.0,0,1,1.1782726522917404,1,0,0.0,0,0,0.0,0,0,0.0,0,2,2.3565453045834808,1,0.0,0.0,0.0,1.3561160835367507,-0.17784343124501034,1.281553757505374,0.0,0.0,0.0,0.6780580417683754,-0.6780580417683754,0.44439810337073027,0.0,0.0,0.0,0.6780580417683754,1.6784872628151053,1.2299132048985573,0.0,-0.17784343124501034,0.0,-0.6780580417683754,0.0,1.6784872628151053
Jilin,吉林,2006,2006P18.txt,10176,0,0.0,0,5,4.913522012578617,1,0,0.0,0,1,0.9827044025157232,1,0,0.0,0,3,2.94811320754717,1,0.0,0.0,0.0,1.1782726522917404,3.7352493602868764,2.4826369161357023,0.0,0.0,0.0,0.0,0.9827044025157232,0.5535874814280328,0.0,0.0,0.0,2.3565453045834808,0.5915679029636891,1.9942388512996754,0.0,3.7352493602868764,0.0,0.9827044025157232,0.0,0.5915679029636891
Jilin,吉林,2007,2007P18.txt,10176,0,0.0,0,5,4.913522012578617,1,0,0.0,0,1,0.9827044025157232,1,0,0.0,0,3,2.94811320754717,1,0.0,0.0,0.0,4.913522012578617,0.0,3.668438892482991,0.0,0.0,0.0,0.9827044025157232,0.0,0.6551362683438154,0.0,0.0,0.0,2.94811320754717,0.0,2.7509239065592737,0.0,0.0,0.0,0.0,0.0,0.0
Jilin,吉林,2008,2008P18.txt,11876,0,0.0,0,4,3.3681374200067364,1,0,0.0,0,3,2.526103065005052,1,2,1.6840687100033682,1,1,0.8420343550016841,1,0.0,0.0,0.0,4.913522012578617,-1.5453845925718803,4.398393815054656,0.0,0.0,0.0,0.9827044025157232,1.5433986624893288,1.4971706233454996,0.0,1.6840687100033682,0.5613562366677894,2.94811320754717,-2.106078852545486,2.246086923365341,0.0,-1.5453845925718803,0.0,1.5433986624893288,1.6840687100033682,-2.106078852545486
Jilin,吉林,2009,2009P18.txt,13331,0,0.0,0,3,2.250393818918311,1,0,0.0,0,3,2.250393818918311,1,1,0.7501312729727703,1,1,0.7501312729727703,1,0.0,0.0,0.0,3.3681374200067364,-1.1177436010884256,3.5106844171678886,0.0,0.0,0.0,2.526103065005052,-0.2757092460867412,1.9197337621463622,1.6840687100033682,-0.933937437030598,0.8113999943253795,0.8420343550016841,-0.09190308202891384,1.5134262785072081,0.0,-1.1177436010884256,0.0,-0.2757092460867412,-0.933937437030598,-0.09190308202891384
Jilin,吉林,2010,2010P18.txt,13215,0,0.0,0,2,1.513431706394249,1,0,0.0,0,3,2.2701475595913734,1,6,4.540295119182747,1,2,1.513431706394249,1,0.0,0.0,0.0,2.250393818918311,-0.7369621125240617,2.377320981773099,0.0,0.0,0.0,2.250393818918311,0.01975374067306257,2.3488814811715786,0.7501312729727703,3.7901638462099765,2.324831700719628,0.7501312729727703,0.7633004334214788,1.0351991114562344,0.0,-0.7369621125240617,0.0,0.01975374067306257,3.7901638462099765,0.7633004334214788
Jilin,吉林,2011,2011P18.txt,15179,0,0.0,0,2,1.3176098557217208,1,0,0.0,0,4,2.6352197114434417,1,4,2.6352197114434417,1,2,1.3176098557217208,1,0.0,0.0,0.0,1.513431706394249,-0.19582185067252822,1.6938117936780934,0.0,0.0,0.0,2.2701475595913734,0.3650721518520683,2.385253696651042,4.540295119182747,-1.905075407739305,2.6418820345329865,1.513431706394249,-0.19582185067252822,1.1937242783629134,0.0,-0.19582185067252822,0.0,0.3650721518520683,-1.905075407739305,-0.19582185067252822
Jilin,吉林,2012,2012P18.txt,16885,0,0.0,0,5,2.9612081729345574,1,0,0.0,0,4,2.368966538347646,1,3,1.7767249037607344,1,2,1.184483269173823,1,0.0,0.0,0.0,1.3176098557217208,1.6435983172128366,1.930749911683509,0.0,0.0,0.0,2.6352197114434417,-0.26625317309579577,2.4247779364608206,2.6352197114434417,-0.8584948076827073,2.9840799114623078,1.3176098557217208,-0.13312658654789788,1.3385082770965975,0.0,1.6435983172128366,0.0,-0.26625317309579577,-0.8584948076827073,-0.13312658654789788
Jilin,吉林,2013,2013P18.txt,13155,0,0.0,0,1,0.7601672367920943,1,0,0.0,0,1,0.7601672367920943,1,3,2.280501710376283,1,2,1.5203344735841886,1,0.0,0.0,0.0,2.9612081729345574,-2.201040936142463,1.6796617551494577,0.0,0.0,0.0,2.368966538347646,-1.6087993015555515,1.921451162194394,1.7767249037607344,0.5037768066155484,2.230815441860153,1.184483269173823,0.33585120441036564,1.340809199493244,0.0,-2.201040936142463,0.0,-1.6087993015555515,0.5037768066155484,0.33585120441036564
Jilin,吉林,2014,2014P18.txt,16398,0,0.0,0,2,1.2196609342602756,1,0,0.0,0,16,9.757287474082204,1,2,1.2196609342602756,1,1,0.6098304671301378,1,0.0,0.0,0.0,0.7601672367920943,0.45949369746818125,1.6470121146623091,0.0,0.0,0.0,0.7601672367920943,8.99712023729011,4.2954737497406486,2.280501710376283,-1.0608407761160072,1.7589625161324307,1.5203344735841886,-0.9105040064540508,1.104882736629383,0.0,0.45949369746818125,0.0,8.99712023729011,-1.0608407761160072,-0.9105040064540508
Jilin,吉林,2015,2015P18.txt,16185,0,0.0,0,1,0.6178560395427866,1,0,0.0,0,9,5.560704355885079,1,2,1.2357120790855731,1,6,3.7071362372567194,1,0.0,0.0,0.0,1.2196609342602756,-0.601804894717489,0.8658947368650521,0.0,0.0,0.0,9.757287474082204,-4.196583118197125,5.359386355586459,1.2196609342602756,0.01605114482529757,1.5786249079073773,0.6098304671301378,3.0973057701265816,1.945767059323682,0.0,-0.601804894717489,0.0,-4.196583118197125,0.01605114482529757,3.0973057701265816
Jilin,吉林,2016,2016P18.txt,16941,0,0.0,0,2,1.1805678531373591,1,0,0.0,0,6,3.541703559412077,1,5,2.9514196328433977,1,2,1.1805678531373591,1,0.0,0.0,0.0,0.6178560395427866,0.5627118135945726,1.006028275646807,0.0,0.0,0.0,5.560704355885079,-2.019000796473002,6.286565129793121,1.2357120790855731,1.7157075537578246,1.8022642153964155,3.7071362372567194,-2.5265683841193605,1.8325115191747388,0.0,0.5627118135945726,0.0,-2.019000796473002,1.7157075537578246,-2.5265683841193605
Jilin,吉林,2017,2017P18.txt,13361,0,0.0,0,7,5.239128807723973,1,0,0.0,0,4,2.9937878901279844,1,2,1.4968939450639922,1,4,2.9937878901279844,1,0.0,0.0,0.0,1.1805678531373591,4.058560954586614,2.3458509001347063,0.0,0.0,0.0,3.541703559412077,-0.5479156692840927,4.032065268475047,2.9514196328433977,-1.4545256877794055,1.8946752189976543,1.1805678531373591,1.8132200369906253,2.6271639935073545,0.0,4.058560954586614,0.0,-0.5479156692840927,-1.4545256877794055,1.8132200369906253
Jilin,吉林,2018,2018P18.txt,19927,0,0.0,0,2,1.0036633713052643,1,0,0.0,0,7,3.5128217995684246,1,8,4.014653485221057,1,2,1.0036633713052643,1,0.0,0.0,0.0,5.239128807723973,-4.235465436418709,2.474453344055532,0.0,0.0,0.0,2.9937878901279844,0.5190339094404401,3.3494377497028283,1.4968939450639922,2.5177595401570647,2.820989021042816,2.9937878901279844,-1.9901245188227201,1.726006371523536,0.0,-4.235465436418709,0.0,0.5190339094404401,2.5177595401570647,-1.9901245188227201
Jilin,吉林,2019,2019P18.txt,19947,0,0.0,0,0,0.0,0,0,0.0,0,4,2.0053140823181432,1,7,3.5092996440567505,1,1,0.5013285205795358,1,0.0,0.0,0.0,1.0036633713052643,-1.0036633713052643,2.080930726343079,0.0,0.0,0.0,3.5128217995684246,-1.5075077172502813,2.8373079240048504,4.014653485221057,-0.5053538411643066,3.0069490247806,1.0036633713052643,-0.5023348507257285,1.4995932606709284,0.0,-1.0036633713052643,0.0,-1.5075077172502813,-0.5053538411643066,-0.5023348507257285
Jilin,吉林,2020,2020P18.txt,19514,0,0.0,0,1,0.5124525981346726,1,0,0.0,0,5,2.5622629906733625,1,10,5.124525981346725,1,1,0.5124525981346726,1,0.0,0.0,0.0,0.0,0.5124525981346726,0.5053719898133123,0.0,0.0,0.0,2.0053140823181432,0.5569489083552193,2.6934662908533102,3.5092996440567505,1.6152263372899744,4.216159703541511,0.5013285205795358,0.01112407755513678,0.6724814966731576,0.0,0.5124525981346726,0.0,0.5569489083552193,1.6152263372899744,0.01112407755513678
Jilin,吉林,2021,2021P18.txt,20338,0,0.0,0,3,1.475071295112597,1,0,0.0,0,4,1.966761726816796,1,10,4.916904317041991,1,6,2.950142590225194,1,0.0,0.0,0.0,0.5124525981346726,0.9626186969779245,0.6625079644157565,0.0,0.0,0.0,2.5622629906733625,-0.5955012638565664,2.178112933269434,5.124525981346725,-0.2076216643047344,4.516909980815155,0.5124525981346726,2.4376899920905215,1.321307902979801,0.0,0.9626186969779245,0.0,-0.5955012638565664,-0.2076216643047344,2.4376899920905215
Jilin,吉林,2022,2022P18.txt,21780,1,0.4591368227731864,1,4,1.8365472910927456,1,0,0.0,0,7,3.2139577594123048,1,29,13.314967860422406,1,16,7.3461891643709825,1,0.0,0.4591368227731864,0.15304560759106214,1.475071295112597,0.36147599598014857,1.274690394780005,0.0,0.0,0.0,1.966761726816796,1.2471960325955087,2.5809941589674876,4.916904317041991,8.398063543380417,7.78546605293704,2.950142590225194,4.396046574145789,3.60292811757695,0.4591368227731864,0.36147599598014857,0.0,1.2471960325955087,8.398063543380417,4.396046574145789
Jilin,吉林,2023,2023P18.txt,26831,1,0.37270321642875776,1,1,0.37270321642875776,1,0,0.0,0,7,2.6089225150013045,1,19,7.081361112146398,1,19,7.081361112146398,1,0.4591368227731864,-0.08643360634442865,0.2772800130673147,1.8365472910927456,-1.4638440746639878,1.2281072675447,0.0,0.0,0.0,3.2139577594123048,-0.6050352444110003,2.5965473337434686,13.314967860422406,-6.233606748276008,8.437744429870264,7.3461891643709825,-0.2648280522245843,5.792564288914192,-0.08643360634442865,-1.4638440746639878,0.0,-0.6050352444110003,-6.233606748276008,-0.2648280522245843
Liaoning,辽宁,2003,2003P19.txt,18304,0,0.0,0,1,0.5463286713286714,1,0,0.0,0,2,1.0926573426573427,1,0,0.0,0,3,1.638986013986014,1,,,,,,,,,,,,,,,,,,,,,,,,
Liaoning,辽宁,2004,2004P19.txt,15860,0,0.0,0,1,0.6305170239596469,1,0,0.0,0,1,0.6305170239596469,1,0,0.0,0,2,1.2610340479192939,1,0.0,0.0,0.0,0.5463286713286714,0.08418835263097557,0.5884228476441591,0.0,0.0,0.0,1.0926573426573427,-0.4621403186976958,0.8615871833084948,0.0,0.0,0.0,1.638986013986014,-0.3779519660667201,1.450010030952654,0.0,0.08418835263097557,0.0,-0.4621403186976958,0.0,-0.3779519660667201
Liaoning,辽宁,2005,2005P19.txt,14407,0,0.0,0,1,0.6941070313042271,1,0,0.0,0,1,0.6941070313042271,1,0,0.0,0,2,1.3882140626084543,1,0.0,0.0,0.0,0.6305170239596469,0.0635900073445802,0.6236509088641818,0.0,0.0,0.0,0.6305170239596469,0.0635900073445802,0.805760465973739,0.0,0.0,0.0,1.2610340479192939,0.1271800146891604,1.4294113748379207,0.0,0.0635900073445802,0.0,0.0635900073445802,0.0,0.1271800146891604
Liaoning,辽宁,2006,2006P19.txt,11547,0,0.0,0,1,0.8660258075690656,1,0,0.0,0,5,4.330129037845328,1,1,0.8660258075690656,1,2,1.732051615138131,1,0.0,0.0,0.0,0.6941070313042271,0.17191877626483842,0.7302166209443132,0.0,0.0,0.0,0.6941070313042271,3.636022006541101,1.8849176977030675,0.0,0.8660258075690656,0.2886752691896885,1.3882140626084543,0.34383755252967685,1.4604332418886263,0.0,0.17191877626483842,0.0,3.636022006541101,0.8660258075690656,0.34383755252967685
Liaoning,辽宁,2007,2007P19.txt,12960,0,0.0,0,1,0.7716049382716049,1,0,0.0,0,6,4.62962962962963,1,3,2.314814814814815,1,0,0.0,0,0.0,0.0,0.0,0.8660258075690656,-0.09442086929746063,0.7772459257149658,0.0,0.0,0.0,4.330129037845328,0.29950059178430166,3.217955232926395,0.8660258075690656,1.4487890072457494,1.0602802074612934,1.732051615138131,-1.732051615138131,1.0400885592488616,0.0,-0.09442086929746063,0.0,0.29950059178430166,1.4487890072457494,-1.732051615138131
Liaoning,辽宁,2008,2008P19.txt,13627,0,0.0,0,0,0.0,0,1,0.7338372349012989,1,4,2.9353489396051957,1,1,0.7338372349012989,1,1,0.7338372349012989,1,0.0,0.0,0.0,0.7716049382716049,-0.7716049382716049,0.5458769152802235,0.0,0.7338372349012989,0.24461241163376632,4.62962962962963,-1.694280690024434,3.9650358690267176,2.314814814814815,-1.580977579913516,1.3048926190950596,0.0,0.7338372349012989,0.8219629500131433,0.0,-0.7716049382716049,0.7338372349012989,-1.694280690024434,-1.580977579913516,0.7338372349012989
Liaoning,辽宁,2009,2009P19.txt,11603,0,0.0,0,0,0.0,0,0,0.0,0,2,1.7236921485822632,1,2,1.7236921485822632,1,0,0.0,0,0.0,0.0,0.0,0.0,0.0,0.257201646090535,0.7338372349012989,-0.7338372349012989,0.24461241163376632,2.9353489396051957,-1.2116567910229326,3.0962235726056964,0.7338372349012989,0.9898549136809642,1.5907813994327924,0.7338372349012989,-0.7338372349012989,0.24461241163376632,0.0,0.0,-0.7338372349012989,-1.2116567910229326,0.9898549136809642,-0.7338372349012989
Liaoning,辽宁,2010,2010P19.txt,11241,0,0.0,0,0,0.0,0,0,0.0,0,3,2.6688017080330932,1,6,5.3376034160661865,1,1,0.8896005693443644,1,0.0,0.0,0.0,0.0,0.0,0.0,0.0,0.0,0.24461241163376632,1.7236921485822632,0.9451095594508301,2.4426142654068506,1.7236921485822632,3.6139112674839233,2.598377599849916,0.0,0.8896005693443644,0.5411459347485544,0.0,0.0,0.0,0.9451095594508301,3.6139112674839233,0.8896005693443644
Liaoning,辽宁,2011,2011P19.txt,11816,0,0.0,0,0,0.0,0,0,0.0,0,1,0.8463100880162492,1,5,4.231550440081246,1,2,1.6926201760324984,1,0.0,0.0,0.0,0.0,0.0,0.0,0.0,0.0,0.0,2.6688017080330932,-1.822491620016844,1.7462679815438686,5.3376034160661865,-1.106052975984941,3.7642820015765657,0.8896005693443644,0.803019606688134,0.8607402484589542,0.0,0.0,0.0,-1.822491620016844,-1.106052975984941,0.803019606688134
Liaoning,辽宁,2012,2012P19.txt,11190,0,0.0,0,2,1.7873100983020553,1,1,0.8936550491510277,1,1,0.8936550491510277,1,3,2.680965147453083,1,3,2.680965147453083,1,0.0,0.0,0.0,0.0,1.7873100983020553,0.5957700327673517,0.0,0.8936550491510277,0.29788501638367587,0.8463100880162492,0.047344961134778485,1.4695889484001234,4.231550440081246,-1.5505852926281625,4.083373001200172,1.6926201760324984,0.9883449714205848,1.754395297609982,0.0,1.7873100983020553,0.8936550491510277,0.047344961134778485,-1.5505852926281625,0.9883449714205848
Liaoning,辽宁,2013,2013P19.txt,11086,0,0.0,0,1,0.9020386072523904,1,0,0.0,0,1,0.9020386072523904,1,0,0.0,0,1,0.9020386072523904,1,0.0,0.0,0.0,1.7873100983020553,-0.885271491049665,0.8964495685181486,0.8936550491510277,-0.8936550491510277,0.29788501638367587,0.8936550491510277,0.00838355810136271,0.8806679148065557,2.680965147453083,-2.680965147453083,2.304171862511443,2.680965147453083,-1.7789265402006929,1.7585413102459908,0.0,-0.885271491049665,-0.8936550491510277,0.00838355810136271,-2.680965147453083,-1.7789265402006929
Liaoning,辽宁,2014,2014P19.txt,11119,0,0.0,0,0,0.0,0,0,0.0,0,3,2.698084360104326,1,1,0.8993614533681087,1,1,0.8993614533681087,1,0.0,0.0,0.0,0.9020386072523904,-0.9020386072523904,0.8964495685181486,0.0,0.0,0.29788501638367587,0.9020386072523904,1.7960457528519358,1.4979260055025811,0.0,0.8993614533681087,1.1934422002737306,0.9020386072523904,-0.002677153884281691,1.4941217360245274,0.0,-0.9020386072523904,0.0,1.7960457528519358,0.8993614533681087,-0.002677153884281691
Liaoning,辽宁,2015,2015P19.txt,17295,0,0.0,0,1,0.5782017924255565,1,0,0.0,0,8,4.625614339404452,1,1,0.5782017924255565,1,0,0.0,0,0.0,0.0,0.0,0.0,0.5782017924255565,0.49341346655931567,0.0,0.0,0.0,2.698084360104326,1.9275299793001257,2.741912435587056,0.8993614533681087,-0.3211596609425522,0.49252108193122174,0.8993614533681087,-0.8993614533681087,0.6004666868734997,0.0,0.5782017924255565,0.0,1.9275299793001257,-0.3211596609425522,-0.8993614533681087
Liaoning,辽宁,2016,2016P19.txt,17051,0,0.0,0,3,1.7594275995542783,1,0,0.0,0,8,4.691806932144742,1,1,0.5864758665180928,1,1,0.5864758665180928,1,0.0,0.0,0.0,0.5782017924255565,1.1812258071287218,0.7792097973266117,0.0,0.0,0.0,4.625614339404452,0.06619259274029066,4.005168543884507,0.5782017924255565,0.008274074092536332,0.6880130374372526,0.0,0.5864758665180928,0.49527910662873387,0.0,1.1812258071287218,0.0,0.06619259274029066,0.008274074092536332,0.5864758665180928
Liaoning,辽宁,2017,2017P19.txt,14510,0,0.0,0,4,2.7567195037904892,1,0,0.0,0,3,2.067539627842867,1,4,2.7567195037904892,1,2,1.3783597518952446,1,0.0,0.0,0.0,1.7594275995542783,0.997291904236211,1.698116298590108,0.0,0.0,0.0,4.691806932144742,-2.6242673043018754,3.79498696646402,0.5864758665180928,2.1702436372723963,1.307132387578046,0.5864758665180928,0.7918838853771518,0.6549452061377791,0.0,0.997291904236211,0.0,-2.6242673043018754,2.1702436372723963,0.7918838853771518
Liaoning,辽宁,2018,2018P19.txt,18911,0,0.0,0,5,2.6439638305747977,1,0,0.0,0,6,3.1727565966897573,1,1,0.5287927661149595,1,5,2.6439638305747977,1,0.0,0.0,0.0,2.7567195037904892,-0.11275567321569158,2.386703644639855,0.0,0.0,0.0,2.067539627842867,1.1052169688468902,3.3107010522257894,2.7567195037904892,-2.2279267376755296,1.2906627121411804,1.3783597518952446,1.265604078679553,1.536266482996045,0.0,-0.11275567321569158,0.0,1.1052169688468902,-2.2279267376755296,1.265604078679553
Liaoning,辽宁,2019,2019P19.txt,16694,0,0.0,0,3,1.7970528333533007,1,0,0.0,0,6,3.5941056667066014,1,0,0.0,0,1,0.5990176111177669,1,0.0,0.0,0.0,2.6439638305747977,-0.846910997221497,2.399245389239529,0.0,0.0,0.0,3.1727565966897573,0.4213490700168441,2.9448006304130754,0.5287927661149595,-0.5287927661149595,1.0951707566351496,2.6439638305747977,-2.0449462194570307,1.5404470645292696,0.0,-0.846910997221497,0.0,0.4213490700168441,-0.5287927661149595,-2.0449462194570307
Liaoning,辽宁,2020,2020P19.txt,13716,0,0.0,0,3,2.1872265966754156,1,0,0.0,0,4,2.916302128900554,1,5,3.6453776611256927,1,0,0.0,0,0.0,0.0,0.0,1.7970528333533007,0.39017376332211495,2.2094144202011714,0.0,0.0,0.0,3.5941056667066014,-0.6778035378060472,3.227721464098971,0.0,3.6453776611256927,1.3913901424135506,0.5990176111177669,-0.5990176111177669,1.0809938138975215,0.0,0.39017376332211495,0.0,-0.6778035378060472,3.6453776611256927,-0.5990176111177669
Liaoning,辽宁,2021,2021P19.txt,16027,0,0.0,0,2,1.247894178573657,1,3,1.8718412678604854,1,7,4.367629625007799,1,6,3.743682535720971,1,1,0.6239470892868285,1,0.0,0.0,0.0,2.1872265966754156,-0.9393324181017586,1.7440578695341244,0.0,1.8718412678604854,0.6239470892868285,2.916302128900554,1.451327496107245,3.6260124735383186,3.6453776611256927,0.09830487459527815,2.4630200656155545,0.0,0.6239470892868285,0.4076549001348651,0.0,-0.9393324181017586,1.8718412678604854,1.451327496107245,0.09830487459527815,0.6239470892868285
Liaoning,辽宁,2022,2022P19.txt,16027,0,0.0,0,2,1.247894178573657,1,3,1.8718412678604854,1,7,4.367629625007799,1,6,3.743682535720971,1,1,0.6239470892868285,1,0.0,0.0,0.0,1.247894178573657,0.0,1.5610049846075764,1.8718412678604854,0.0,1.247894178573657,4.367629625007799,0.0,3.883853792972051,3.743682535720971,0.0,3.710914244189212,0.6239470892868285,0.0,0.415964726191219,0.0,0.0,0.0,0.0,0.0,0.0
Liaoning,辽宁,2023,2023P19.txt,19248,0,0.0,0,4,2.0781379883624274,1,0,0.0,0,5,2.597672485453034,1,8,4.156275976724855,1,4,2.0781379883624274,1,0.0,0.0,0.0,1.247894178573657,0.8302438097887703,1.5246421151699139,1.8718412678604854,-1.8718412678604854,1.247894178573657,4.367629625007799,-1.7699571395547653,3.7776439118228775,3.743682535720971,0.41259344100388384,3.881213682722265,0.6239470892868285,1.454190899075599,1.1086773889786947,0.0,0.8302438097887703,-1.8718412678604854,-1.7699571395547653,0.41259344100388384,1.454190899075599
Neimenggu,内蒙古,2003,2003P20.txt,13953,0,0.0,0,0,0.0,0,0,0.0,0,1,0.7166917508779473,1,0,0.0,0,3,2.150075252633842,1,,,,,,,,,,,,,,,,,,,,,,,,
Neimenggu,内蒙古,2004,2004P20.txt,12637,0,0.0,0,6,4.747962332832159,1,0,0.0,0,3,2.3739811664160797,1,0,0.0,0,5,3.956635277360133,1,0.0,0.0,0.0,0.0,4.747962332832159,2.3739811664160797,0.0,0.0,0.0,0.7166917508779473,1.6572894155381324,1.5453364586470135,0.0,0.0,0.0,2.150075252633842,1.806560024726291,3.0533552649969877,0.0,4.747962332832159,0.0,1.6572894155381324,0.0,1.806560024726291
Neimenggu,内蒙古,2005,2005P20.txt,13562,0,0.0,0,10,7.37354372511429,1,1,0.737354372511429,1,3,2.212063117534287,1,1,0.737354372511429,1,3,2.212063117534287,1,0.0,0.0,0.0,4.747962332832159,2.6255813922821307,4.0405020193154835,0.0,0.737354372511429,0.245784790837143,2.3739811664160797,-0.16191804888179284,1.7675786782761047,0.0,0.737354372511429,0.245784790837143,3.956635277360133,-1.7445721598258461,2.7729245491760874,0.0,2.6255813922821307,0.737354372511429,-0.16191804888179284,0.737354372511429,-1.7445721598258461
Neimenggu,内蒙古,2006,2006P20.txt,17674,0,0.0,0,10,5.658028742786013,1,0,0.0,0,2,1.1316057485572026,1,3,1.697408622835804,1,2,1.1316057485572026,1,0.0,0.0,0.0,7.37354372511429,-1.7155149823282771,5.9265116002441545,0.737354372511429,-0.737354372511429,0.245784790837143,2.212063117534287,-1.0804573689770842,1.9058833441691896,0.737354372511429,0.9600542503243751,0.8115876651157444,2.212063117534287,-1.0804573689770842,2.4334347144838744,0.0,-1.7155149823282771,-0.737354372511429,-1.0804573689770842,0.9600542503243751,-1.0804573689770842
Neimenggu,内蒙古,2007,2007P20.txt,14117,0,0.0,0,9,6.375292200892541,1,0,0.0,0,4,2.8334632003966846,1,2,1.4167316001983423,1,0,0.0,0,0.0,0.0,0.0,5.658028742786013,0.7172634581065278,6.468954889597614,0.0,0.0,0.245784790837143,1.1316057485572026,1.701857451839482,2.0590440221627246,1.697408622835804,-0.28067702263746175,1.2838315318485252,1.1316057485572026,-1.1316057485572026,1.1145562886971632,0.0,0.7172634581065278,0.0,1.701857451839482,-0.28067702263746175,-1.1316057485572026
Neimenggu,内蒙古,2008,2008P20.txt,17523,0,0.0,0,4,2.282714147120927,1,0,0.0,0,4,2.282714147120927,1,4,2.282714147120927,1,4,2.282714147120927,1,0.0,0.0,0.0,6.375292200892541,-4.092578053771614,4.77201169693316,0.0,0.0,0.0,2.8334632003966846,-0.5507490532757577,2.0825943653582715,1.4167316001983423,0.8659825469225846,1.798951456718358,0.0,2.282714147120927,1.13810663189271,0.0,-4.092578053771614,0.0,-0.5507490532757577,0.8659825469225846,2.282714147120927
Neimenggu,内蒙古,2009,2009P20.txt,15472,0,0.0,0,13,8.402275077559462,1,0,0.0,0,5,3.231644260599793,1,4,2.5853154084798344,1,2,1.2926577042399172,1,0.0,0.0,0.0,2.282714147120927,6.119560930438535,5.686760475190977,0.0,0.0,0.0,2.282714147120927,0.9489301134788661,2.7826072027058015,2.282714147120927,0.3026012613589075,2.094920385266368,2.282714147120927,-0.9900564428810097,1.1917906171202814,0.0,6.119560930438535,0.0,0.9489301134788661,0.3026012613589075,-0.9900564428810097
Neimenggu,内蒙古,2010,2010P20.txt,15341,0,0.0,0,17,11.081415813832214,1,0,0.0,0,2,1.3036959780979076,1,9,5.866631901440584,1,10,6.518479890489538,1,0.0,0.0,0.0,8.402275077559462,2.6791407362727515,7.2554683461708676,0.0,0.0,0.0,3.231644260599793,-1.9279482825018854,2.272684795272876,2.5853154084798344,3.28131649296075,3.5782204856804487,1.2926577042399172,5.225822186249621,3.364617247283461,0.0,2.6791407362727515,0.0,-1.9279482825018854,3.28131649296075,5.225822186249621
Neimenggu,内蒙古,2011,2011P20.txt,17824,0,0.0,0,13,7.293536804308797,1,0,0.0,0,3,1.6831238779174147,1,12,6.732495511669659,1,12,6.732495511669659,1,0.0,0.0,0.0,11.081415813832214,-3.787879009523417,8.925742565233492,0.0,0.0,0.0,1.3036959780979076,0.3794278998195071,2.0728213722050386,5.866631901440584,0.8658636102290744,5.061480940530026,6.518479890489538,0.21401562118012052,4.8478777021330375,0.0,-3.787879009523417,0.0,0.3794278998195071,0.8658636102290744,0.21401562118012052
Neimenggu,内蒙古,2012,2012P20.txt,16238,0,0.0,0,11,6.774233279960586,1,2,1.231678778174652,1,5,3.07919694543663,1,4,2.463357556349304,1,6,3.695036334523956,1,0.0,0.0,0.0,7.293536804308797,-0.5193035243482109,8.383061966033866,0.0,1.231678778174652,0.410559592724884,1.6831238779174147,1.3960730675192152,2.022005600483984,6.732495511669659,-4.269137955320355,5.020828323153182,6.732495511669659,-3.0374591771457027,5.648670578894385,0.0,-0.5193035243482109,1.231678778174652,1.3960730675192152,-4.269137955320355,-3.0374591771457027
Neimenggu,内蒙古,2013,2013P20.txt,18329,0,0.0,0,10,5.4558350155491295,1,0,0.0,0,1,0.545583501554913,1,3,1.636750504664739,1,11,6.001418517104042,1,0.0,0.0,0.0,6.774233279960586,-1.3183982644114565,6.5078683666061705,1.231678778174652,-1.231678778174652,0.410559592724884,3.07919694543663,-2.533613443881717,1.769301441636319,2.463357556349304,-0.8266070516845652,3.610867857561234,3.695036334523956,2.3063821825800863,5.476316787765886,0.0,-1.3183982644114565,-1.231678778174652,-2.533613443881717,-0.8266070516845652,2.3063821825800863
Neimenggu,内蒙古,2014,2014P20.txt,17415,0,0.0,0,8,4.593741027849555,1,1,0.5742176284811944,1,9,5.167958656330749,1,5,2.8710881424059718,1,9,5.167958656330749,1,0.0,0.0,0.0,5.4558350155491295,-0.8620939876995743,5.607936441119757,0.0,0.5742176284811944,0.6019654688852821,0.545583501554913,4.6223751547758365,2.930913034440764,1.636750504664739,1.2343376377412327,2.3237320678066715,6.001418517104042,-0.833459860773293,4.954804502652916,0.0,-0.8620939876995743,0.5742176284811944,4.6223751547758365,1.2343376377412327,-0.833459860773293
Neimenggu,内蒙古,2015,2015P20.txt,17121,0,0.0,0,17,9.929326558028153,1,1,0.5840780328251854,1,3,1.7522340984755564,1,3,1.7522340984755564,1,19,11.097482623678523,1,0.0,0.0,0.0,4.593741027849555,5.335585530178598,6.659634200475613,0.5742176284811944,0.009860404343991047,0.38609855376879326,5.167958656330749,-3.415724557855193,2.4885920854537393,2.8710881424059718,-1.1188540439304153,2.086690915182089,5.167958656330749,5.929523967347774,7.422286599037771,0.0,5.335585530178598,0.009860404343991047,-3.415724557855193,-1.1188540439304153,5.929523967347774
Neimenggu,内蒙古,2016,2016P20.txt,19566,0,0.0,0,12,6.1330880098129406,1,1,0.5110906674844118,1,7,3.5776346723908823,1,3,1.5332720024532351,1,12,6.1330880098129406,1,0.0,0.0,0.0,9.929326558028153,-3.7962385482152126,6.88538519856355,0.5840780328251854,-0.07298736534077366,0.5564621095969305,1.7522340984755564,1.8254005739153258,3.499275809065729,1.7522340984755564,-0.2189620960223213,2.052198081111588,11.097482623678523,-4.964394613865583,7.466176429940738,0.0,-3.7962385482152126,-0.07298736534077366,1.8254005739153258,-0.2189620960223213,-4.964394613865583
Neimenggu,内蒙古,2017,2017P20.txt,13787,1,0.7253209545223761,1,10,7.253209545223761,1,1,0.7253209545223761,1,4,2.9012838180895044,1,5,3.6266047726118806,1,8,5.802567636179009,1,0.0,0.7253209545223761,0.2417736515074587,6.1330880098129406,1.1201215354108207,7.7718747043549525,0.5110906674844118,0.21423028703796432,0.6068298849439911,3.5776346723908823,-0.6763508543013779,2.743717529651981,1.5332720024532351,2.0933327701586455,2.3040369578468907,6.1330880098129406,-0.3305203736339317,7.677712756556823,0.7253209545223761,1.1201215354108207,0.21423028703796432,-0.6763508543013779,2.0933327701586455,-0.3305203736339317
Neimenggu,内蒙古,2018,2018P20.txt,13018,0,0.0,0,4,3.0726686126901215,1,1,0.7681671531725304,1,9,6.913504378552773,1,4,3.0726686126901215,1,3,2.304501459517591,1,0.7253209545223761,-0.7253209545223761,0.2417736515074587,7.253209545223761,-4.18054093253364,5.486322055908942,0.7253209545223761,0.042846198650154266,0.6681929250597727,2.9012838180895044,4.012220560463268,4.464140956344386,3.6266047726118806,-0.5539361599217592,2.7441817959184127,5.802567636179009,-3.4980661766614176,4.746719035169846,-0.7253209545223761,-4.18054093253364,0.042846198650154266,4.012220560463268,-0.5539361599217592,-3.4980661766614176
Neimenggu,内蒙古,2019,2019P20.txt,13022,0,0.0,0,6,4.607587160190447,1,1,0.7679311933650745,1,6,4.607587160190447,1,2,1.535862386730149,1,3,2.3037935800952236,1,0.0,0.0,0.2417736515074587,3.0726686126901215,1.5349185475003257,4.977821772701444,0.7681671531725304,-0.00023595980745583223,0.7538064336866603,6.913504378552773,-2.3059172183623255,4.807458452277575,3.0726686126901215,-1.5368062259599724,2.7450452573440507,2.304501459517591,-0.0007078794223676077,3.470287558597274,0.0,1.5349185475003257,-0.00023595980745583223,-2.3059172183623255,-1.5368062259599724,-0.0007078794223676077
Neimenggu,内蒙古,2020,2020P20.txt,11360,0,0.0,0,2,1.7605633802816902,1,1,0.8802816901408451,1,5,4.401408450704225,1,11,9.683098591549296,1,3,2.640845070422535,1,0.0,0.0,0.0,4.607587160190447,-2.847023779908757,3.146939717720753,0.7679311933650745,0.11235049677577058,0.8054600122261499,4.607587160190447,-0.2061787094862222,5.307499996482481,1.535862386730149,8.147236204819148,4.763876530323189,2.3037935800952236,0.3370514903273114,2.4163800366784494,0.0,-2.847023779908757,0.11235049677577058,-0.2061787094862222,8.147236204819148,0.3370514903273114
Neimenggu,内蒙古,2021,2021P20.txt,14060,1,0.7112375533428165,1,9,6.401137980085348,1,2,1.422475106685633,1,7,4.978662873399715,1,11,7.823613086770981,1,10,7.112375533428165,1,0.0,0.7112375533428165,0.23707918444760548,1.7605633802816902,4.640574599803658,4.256429506852496,0.8802816901408451,0.5421934165447878,1.0235626633971842,4.401408450704225,0.5772544226954901,4.662552828098129,9.683098591549296,-1.8594855047783145,6.347524688350142,2.640845070422535,4.47153046300563,4.019004727981973,0.7112375533428165,4.640574599803658,0.5421934165447878,0.5772544226954901,-1.8594855047783145,4.47153046300563
Neimenggu,内蒙古,2022,2022P20.txt,15149,3,1.9803287345699385,1,12,7.921314938279754,1,4,2.640438312759918,1,6,3.960657469139877,1,20,13.202191563799591,1,11,7.261205360089775,1,0.7112375533428165,1.2690911812271222,0.897188762637585,6.401137980085348,1.5201769581944058,5.361005432882265,1.422475106685633,1.217963206074285,1.6477317031954655,4.978662873399715,-1.018005404259838,4.446909597747939,7.823613086770981,5.37857847702861,10.236301080706623,7.112375533428165,0.14882982666161038,5.6714753213134905,1.2690911812271222,1.5201769581944058,1.217963206074285,-1.018005404259838,5.37857847702861,0.14882982666161038
Neimenggu,内蒙古,2023,2023P20.txt,18170,0,0.0,0,21,11.557512383048982,1,1,0.550357732526142,1,2,1.100715465052284,1,20,11.007154650522839,1,9,4.953219592735278,1,1.9803287345699385,-1.9803287345699385,0.897188762637585,7.921314938279754,3.636197444769228,8.62665510047136,2.640438312759918,-2.090080580233776,1.5377570506572311,3.960657469139877,-2.859942004087593,3.346678602530625,13.202191563799591,-2.195036913276752,10.677653100364472,7.261205360089775,-2.3079857673544977,6.442266828751072,-1.9803287345699385,3.636197444769228,-2.090080580233776,-2.859942004087593,-2.195036913276752,-2.3079857673544977
Ningxia,宁夏,2003,2003P21.txt,18946,0,0.0,0,8,4.222527182518737,1,0,0.0,0,0,0.0,0,0,0.0,0,2,1.0556317956296843,1,,,,,,,,,,,,,,,,,,,,,,,,
Ningxia,宁夏,2004,2004P21.txt,17966,0,0.0,0,4,2.2264276967605476,1,0,0.0,0,3,1.6698207725704108,1,0,0.0,0,2,1.1132138483802738,1,0.0,0.0,0.0,4.222527182518737,-1.9960994857581897,3.2244774396396423,0.0,0.0,0.0,0.0,1.6698207725704108,0.8349103862852054,0.0,0.0,0.0,1.0556317956296843,0.057582052750589474,1.0844228220049792,0.0,-1.9960994857581897,0.0,1.6698207725704108,0.0,0.057582052750589474
Ningxia,宁夏,2005,2005P21.txt,19110,0,0.0,0,9,4.7095761381475665,1,0,0.0,0,3,1.5698587127158556,1,0,0.0,0,1,0.5232862375719518,1,0.0,0.0,0.0,2.2264276967605476,2.483148441387019,3.7195103391422837,0.0,0.0,0.0,1.6698207725704108,-0.0999620598545552,1.0798931617620888,0.0,0.0,0.0,1.1132138483802738,-0.589927610808322,0.8973772938606367,0.0,2.483148441387019,0.0,-0.0999620598545552,0.0,-0.589927610808322
Ningxia,宁夏,2006,2006P21.txt,17354,0,0.0,0,11,6.338596289039991,1,0,0.0,0,0,0.0,0,2,1.1524720525527257,1,4,2.3049441051054513,1,0.0,0.0,0.0,4.7095761381475665,1.6290201508924245,4.4248667079827015,0.0,0.0,0.0,1.5698587127158556,-1.5698587127158556,1.0798931617620888,0.0,1.1524720525527257,0.3841573508509086,0.5232862375719518,1.7816578675334995,1.313814730352559,0.0,1.6290201508924245,0.0,-1.5698587127158556,1.1524720525527257,1.7816578675334995
Ningxia,宁夏,2007,2007P21.txt,17082,0,0.0,0,14,8.195761620419155,1,0,0.0,0,5,2.9270577215782696,1,3,1.7562346329469618,1,3,1.7562346329469618,1,0.0,0.0,0.0,6.338596289039991,1.8571653313791643,6.414644682535571,0.0,0.0,0.0,0.0,2.9270577215782696,1.4989721447647082,1.1524720525527257,0.6037625803942361,0.9695688951665625,2.3049441051054513,-0.5487094721584895,1.5281549918747883,0.0,1.8571653313791643,0.0,2.9270577215782696,0.6037625803942361,-0.5487094721584895
Ningxia,宁夏,2008,2008P21.txt,17908,0,0.0,0,7,3.9088675452311814,1,0,0.0,0,2,1.1168192986374805,1,3,1.6752289479562208,1,2,1.1168192986374805,1,0.0,0.0,0.0,8.195761620419155,-4.286894075187973,6.147741818230109,0.0,0.0,0.0,2.9270577215782696,-1.810238422940789,1.3479590067385834,1.7562346329469618,-0.08100568499074101,1.527978544485303,1.7562346329469618,-0.6394153343094813,1.7259993455632978,0.0,-4.286894075187973,0.0,-1.810238422940789,-0.08100568499074101,-0.6394153343094813
Ningxia,宁夏,2009,2009P21.txt,19226,0,0.0,0,21,10.922708831790285,1,0,0.0,0,2,1.040257983980027,1,7,3.6409029439300946,1,1,0.5201289919900135,1,0.0,0.0,0.0,3.9088675452311814,7.013841286559103,7.675779332480207,0.0,0.0,0.0,1.1168192986374805,-0.07656131465745353,1.694711668065259,1.6752289479562208,1.9656739959738738,2.3574555082777593,1.1168192986374805,-0.596690306647467,1.1310609745248186,0.0,7.013841286559103,0.0,-0.07656131465745353,1.9656739959738738,-0.596690306647467
Ningxia,宁夏,2010,2010P21.txt,17500,0,0.0,0,8,4.571428571428571,1,0,0.0,0,3,1.7142857142857142,1,7,4.0,1,1,0.5714285714285714,1,0.0,0.0,0.0,10.922708831790285,-6.351280260361714,6.4676683161500135,0.0,0.0,0.0,1.040257983980027,0.6740277303056872,1.290454332301074,3.6409029439300946,0.3590970560699054,3.1053772972954388,0.5201289919900135,0.051299579438557896,0.7361256206853551,0.0,-6.351280260361714,0.0,0.6740277303056872,0.3590970560699054,0.051299579438557896
Ningxia,宁夏,2011,2011P21.txt,18376,0,0.0,0,11,5.9860687853722245,1,0,0.0,0,2,1.0883761427949499,1,10,5.44188071397475,1,1,0.5441880713974749,1,0.0,0.0,0.0,4.571428571428571,1.4146402139436534,7.1600687295303596,0.0,0.0,0.0,1.7142857142857142,-0.6259095714907643,1.2809732803535636,4.0,1.4418807139747498,4.360927885968281,0.5714285714285714,-0.02724050003109646,0.5452485449386866,0.0,1.4146402139436534,0.0,-0.6259095714907643,1.4418807139747498,-0.02724050003109646
Ningxia,宁夏,2012,2012P21.txt,19124,0,0.0,0,12,6.274837900020916,1,0,0.0,0,1,0.5229031583350764,1,7,3.6603221083455346,1,4,2.0916126333403056,1,0.0,0.0,0.0,5.9860687853722245,0.2887691146486917,5.61077841894057,0.0,0.0,0.0,1.0883761427949499,-0.5654729844598735,1.1085216718052469,5.44188071397475,-1.7815586056292152,4.367400940773428,0.5441880713974749,1.5474245619428306,1.069076425388784,0.0,0.2887691146486917,0.0,-0.5654729844598735,-1.7815586056292152,1.5474245619428306
Ningxia,宁夏,2013,2013P21.txt,16392,0,0.0,0,4,2.440214738897023,1,0,0.0,0,0,0.0,0,5,3.0502684236212785,1,2,1.2201073694485114,1,0.0,0.0,0.0,6.274837900020916,-3.8346231611238935,4.900373808096721,0.0,0.0,0.0,0.5229031583350764,-0.5229031583350764,0.5370931003766755,3.6603221083455346,-0.6100536847242561,4.050823748647187,2.0916126333403056,-0.8715052638917942,1.2853026913954306,0.0,-3.8346231611238935,0.0,-0.5229031583350764,-0.6100536847242561,-0.8715052638917942
Ningxia,宁夏,2014,2014P21.txt,15049,0,0.0,0,8,5.315967838394577,1,0,0.0,0,4,2.6579839191972887,1,2,1.3289919595986444,1,0,0.0,0,0.0,0.0,0.0,2.440214738897023,2.8757530994975546,4.677006825770839,0.0,0.0,0.0,0.0,2.6579839191972887,1.0602956925107885,3.0502684236212785,-1.7212764640226341,2.6798608305218194,1.2201073694485114,-1.2201073694485114,1.1039066675962723,0.0,2.8757530994975546,0.0,2.6579839191972887,-1.7212764640226341,-1.2201073694485114
Ningxia,宁夏,2015,2015P21.txt,14824,0,0.0,0,7,4.722072315164598,1,0,0.0,0,3,2.0237452779276848,1,5,3.3729087965461413,1,1,0.6745817593092283,1,0.0,0.0,0.0,5.315967838394577,-0.5938955232299792,4.1594182974853995,0.0,0.0,0.0,2.6579839191972887,-0.6342386412696039,1.5605763990416577,1.3289919595986444,2.043916836947497,2.584056393255355,0.0,0.6745817593092283,0.6315630429192466,0.0,-0.5938955232299792,0.0,-0.6342386412696039,2.043916836947497,0.6745817593092283
Ningxia,宁夏,2016,2016P21.txt,16968,1,0.5893446487505893,1,5,2.9467232437529467,1,0,0.0,0,0,0.0,0,10,5.893446487505893,1,2,1.1786892975011787,1,0.0,0.5893446487505893,0.19644821625019646,4.722072315164598,-1.7753490714116515,4.328254465770708,0.0,0.0,0.0,2.0237452779276848,-2.0237452779276848,1.5605763990416577,3.3729087965461413,2.520537690959752,3.5317824145502263,0.6745817593092283,0.5041075381919504,0.6177570189368023,0.5893446487505893,-1.7753490714116515,0.0,-2.0237452779276848,2.520537690959752,0.5041075381919504
Ningxia,宁夏,2017,2017P21.txt,17469,0,0.0,0,9,5.151983513652756,1,2,1.144885225256168,1,8,4.579540901024672,1,4,2.289770450512336,1,1,0.572442612628084,1,0.5893446487505893,-0.5893446487505893,0.19644821625019646,2.9467232437529467,2.2052602698998096,4.273593024190101,0.0,1.144885225256168,0.3816284084187227,0.0,4.579540901024672,2.201095392984119,5.893446487505893,-3.603676036993557,3.8520419115214573,1.1786892975011787,-0.6062466848730946,0.8085712231461636,-0.5893446487505893,2.2052602698998096,1.144885225256168,4.579540901024672,-3.603676036993557,-0.6062466848730946
Ningxia,宁夏,2018,2018P21.txt,17295,0,0.0,0,3,1.7346053772766696,1,0,0.0,0,3,1.7346053772766696,1,3,1.7346053772766696,1,3,1.7346053772766696,1,0.0,0.0,0.19644821625019646,5.151983513652756,-3.4173781363760867,3.277770711560791,1.144885225256168,-1.144885225256168,0.3816284084187227,4.579540901024672,-2.8449355237480027,2.1047154261004475,2.289770450512336,-0.5551650732356666,3.3059407717649663,0.572442612628084,1.1621627646485857,1.1619124291353107,0.0,-3.4173781363760867,-1.144885225256168,-2.8449355237480027,-0.5551650732356666,1.1621627646485857
Ningxia,宁夏,2019,2019P21.txt,16430,0,0.0,0,4,2.4345709068776626,1,0,0.0,0,6,3.6518563603164944,1,1,0.6086427267194157,1,1,0.6086427267194157,1,0.0,0.0,0.0,1.7346053772766696,0.699965529600993,3.1070532659356966,0.0,0.0,0.3816284084187227,1.7346053772766696,1.9172509830398248,3.3220008795392792,1.7346053772766696,-1.125962650557254,1.5443395181694737,1.7346053772766696,-1.125962650557254,0.9718969055413899,0.0,0.699965529600993,0.0,1.9172509830398248,-1.125962650557254,-1.125962650557254
Ningxia,宁夏,2020,2020P21.txt,16919,1,0.5910514805839588,1,3,1.7731544417518765,1,0,0.0,0,5,2.9552574029197944,1,2,1.1821029611679177,1,0,0.0,0,0.0,0.5910514805839588,0.19701716019465296,2.4345709068776626,-0.6614164651257861,1.980776908635403,0.0,0.0,0.0,3.6518563603164944,-0.6965989573967,2.780573046837653,0.6086427267194157,0.573460234448502,1.1751170217213343,0.6086427267194157,-0.6086427267194157,0.7810827013320285,0.5910514805839588,-0.6614164651257861,0.0,-0.6965989573967,0.573460234448502,-0.6086427267194157
Ningxia,宁夏,2021,2021P21.txt,17056,1,0.5863039399624765,1,4,2.345215759849906,1,0,0.0,0,8,4.690431519699812,1,2,1.172607879924953,1,3,1.7589118198874296,1,0.5910514805839588,-0.004747540621482305,0.3924518068488118,1.7731544417518765,0.5720613180980296,2.184313702826482,0.0,0.0,0.0,2.9552574029197944,1.7351741167800179,3.7658484276453676,1.1821029611679177,-0.00949508124296461,0.9877845226040955,0.0,1.7589118198874296,0.7891848488689485,-0.004747540621482305,0.5720613180980296,0.0,1.7351741167800179,-0.00949508124296461,1.7589118198874296
Ningxia,宁夏,2022,2022P21.txt,12269,0,0.0,0,4,3.2602494090797944,1,2,1.6301247045398972,1,9,7.335561170429538,1,5,4.075311761349743,1,0,0.0,0,0.5863039399624765,-0.5863039399624765,0.3924518068488118,2.345215759849906,0.9150336492298883,2.4595398702271924,0.0,1.6301247045398972,0.543374901513299,4.690431519699812,2.645129650729726,4.993750031016382,1.172607879924953,2.9027038814247903,2.1433408674808714,1.7589118198874296,-1.7589118198874296,0.5863039399624765,-0.5863039399624765,0.9150336492298883,1.6301247045398972,2.645129650729726,2.9027038814247903,-1.7589118198874296
Ningxia,宁夏,2023,2023P21.txt,22734,1,0.43986979853963226,1,13,5.71830738101522,1,1,0.43986979853963226,1,4,1.759479194158529,1,8,3.518958388317058,1,4,1.759479194158529,1,0.0,0.43986979853963226,0.34205791283403625,3.2602494090797944,2.458057971935425,3.77459084998164,1.6301247045398972,-1.190254906000265,0.6899981676931765,7.335561170429538,-5.576081976271009,4.595157294762626,4.075311761349743,-0.5563533730326853,2.922292676530585,0.0,1.759479194158529,1.1727970046819862,0.43986979853963226,2.458057971935425,-1.190254906000265,-5.576081976271009,-0.5563533730326853,1.759479194158529
Qinghai,青海,2003,2003P29.txt,13850,0,0.0,0,1,0.7220216606498195,1,0,0.0,0,1,0.7220216606498195,1,1,0.7220216606498195,1,1,0.7220216606498195,1,,,,,,,,,,,,,,,,,,,,,,,,
Qinghai,青海,2004,2004P29.txt,15918,0,0.0,0,2,1.2564392511622062,1,0,0.0,0,1,0.6282196255811031,1,0,0.0,0,4,2.5128785023244125,1,0.0,0.0,0.0,0.7220216606498195,0.5344175905123867,0.9892304559060129,0.0,0.0,0.0,0.7220216606498195,-0.09380203506871643,0.6751206431154613,0.7220216606498195,-0.7220216606498195,0.36101083032490977,0.7220216606498195,1.790856841674593,1.617450081487116,0.0,0.5344175905123867,0.0,-0.09380203506871643,-0.7220216606498195,1.790856841674593
Qinghai,青海,2005,2005P29.txt,16092,0,0.0,0,3,1.8642803877703207,1,0,0.0,0,0,0.0,0,1,0.6214267959234402,1,3,1.8642803877703207,1,0.0,0.0,0.0,1.2564392511622062,0.6078411366081145,1.2809137665274488,0.0,0.0,0.0,0.6282196255811031,-0.6282196255811031,0.45008042874364085,0.0,0.6214267959234402,0.44781615219108656,2.5128785023244125,-0.6485981145540918,1.6997268502481842,0.0,0.6078411366081145,0.0,-0.6282196255811031,0.6214267959234402,-0.6485981145540918
Qinghai,青海,2006,2006P29.txt,18108,0,0.0,0,11,6.074663132317208,1,0,0.0,0,2,1.104484205875856,1,1,0.552242102937928,1,4,2.208968411751712,1,0.0,0.0,0.0,1.8642803877703207,4.210382744546887,3.0651275904165782,0.0,0.0,0.0,0.0,1.104484205875856,0.5775679438189864,0.6214267959234402,-0.06918469298551222,0.3912229662871227,1.8642803877703207,0.3446880239813912,2.195375767282149,0.0,4.210382744546887,0.0,1.104484205875856,-0.06918469298551222,0.3446880239813912
Qinghai,青海,2007,2007P29.txt,15971,0,0.0,0,5,3.1306743472543985,1,0,0.0,0,0,0.0,0,3,1.8784046083526391,1,1,0.6261348694508797,1,0.0,0.0,0.0,6.074663132317208,-2.9439887850628095,3.6898726224473095,0.0,0.0,0.0,1.104484205875856,-1.104484205875856,0.36816140195861874,0.552242102937928,1.326162505414711,1.0173578357380024,2.208968411751712,-1.5828335423008322,1.5664612229909707,0.0,-2.9439887850628095,0.0,-1.104484205875856,1.326162505414711,-1.5828335423008322
Qinghai,青海,2008,2008P29.txt,17925,0,0.0,0,0,0.0,0,0,0.0,0,5,2.789400278940028,1,2,1.1157601115760112,1,5,2.789400278940028,1,0.0,0.0,0.0,3.1306743472543985,-3.1306743472543985,3.068445826523869,0.0,0.0,0.0,0.0,2.789400278940028,1.297961494938628,1.8784046083526391,-0.7626444967766279,1.182135607622193,0.6261348694508797,2.1632654094891484,1.8748345200475398,0.0,-3.1306743472543985,0.0,2.789400278940028,-0.7626444967766279,2.1632654094891484
Qinghai,青海,2009,2009P29.txt,17557,0,0.0,0,3,1.7087201685937232,1,0,0.0,0,2,1.1391467790624823,1,3,1.7087201685937232,1,1,0.5695733895312411,1,0.0,0.0,0.0,0.0,1.7087201685937232,1.6131315052827075,0.0,0.0,0.0,2.789400278940028,-1.6502534998775458,1.3095156860008368,1.1157601115760112,0.592960057017712,1.5676282961741244,2.789400278940028,-2.219826889408787,1.3283695126407162,0.0,1.7087201685937232,0.0,-1.6502534998775458,0.592960057017712,-2.219826889408787
Qinghai,青海,2010,2010P29.txt,15934,0,0.0,0,2,1.2551776076314798,1,0,0.0,0,4,2.5103552152629596,1,7,4.39312162671018,1,3,1.8827664114472198,1,0.0,0.0,0.0,1.7087201685937232,-0.45354256096224344,0.9879659254084013,0.0,0.0,0.0,1.1391467790624823,1.3712084362004773,2.1463007577551565,1.7087201685937232,2.684401458116456,2.4058673022933044,0.5695733895312411,1.3131930219159786,1.747246693306163,0.0,-0.45354256096224344,0.0,1.3712084362004773,2.684401458116456,1.3131930219159786
Qinghai,青海,2011,2011P29.txt,16166,0,0.0,0,1,0.6185822095756526,1,0,0.0,0,4,2.4743288383026103,1,8,4.948657676605221,1,2,1.2371644191513052,1,0.0,0.0,0.0,1.2551776076314798,-0.6365953980558272,1.1941599952669522,0.0,0.0,0.0,2.5103552152629596,-0.03602637696034927,2.0412769442093506,4.39312162671018,0.555536049895041,3.683499823969708,1.8827664114472198,-0.6456019922959146,1.2298347400432554,0.0,-0.6365953980558272,0.0,-0.03602637696034927,0.555536049895041,-0.6456019922959146
Qinghai,青海,2012,2012P29.txt,14308,0,0.0,0,2,1.397819401733296,1,0,0.0,0,2,1.397819401733296,1,3,2.096729102599944,1,2,1.397819401733296,1,0.0,0.0,0.0,0.6185822095756526,0.7792371921576435,1.0905264063134765,0.0,0.0,0.0,2.4743288383026103,-1.0765094365693142,2.1275011517662885,4.948657676605221,-2.8519285740052767,3.812836135305114,1.2371644191513052,0.16065498258199096,1.505916744110607,0.0,0.7792371921576435,0.0,-1.0765094365693142,-2.8519285740052767,0.16065498258199096
Qinghai,青海,2013,2013P29.txt,12427,0,0.0,0,0,0.0,0,0,0.0,0,1,0.8046994447573831,1,3,2.414098334272149,1,2,1.6093988895147662,1,0.0,0.0,0.0,1.397819401733296,-1.397819401733296,0.6721338704363164,0.0,0.0,0.0,1.397819401733296,-0.593119956975913,1.5589492282644297,2.096729102599944,0.3173692316722052,3.153161704492438,1.397819401733296,0.21157948778147007,1.4147942367997892,0.0,-1.397819401733296,0.0,-0.593119956975913,0.3173692316722052,0.21157948778147007
Qinghai,青海,2014,2014P29.txt,16638,0,0.0,0,0,0.0,0,0,0.0,0,8,4.808270224786633,1,7,4.207236446688304,1,6,3.6062026685899746,1,0.0,0.0,0.0,0.0,0.0,0.4659398005777657,0.0,0.0,0.0,0.8046994447573831,4.00357078002925,2.336929690425771,2.414098334272149,1.793138112416155,2.9060212945201322,1.6093988895147662,1.9968037790752085,2.2044736532793454,0.0,0.0,0.0,4.00357078002925,1.793138112416155,1.9968037790752085
Qinghai,青海,2015,2015P29.txt,16042,0,0.0,0,0,0.0,0,0,0.0,0,3,1.8700910110958733,1,4,2.4934546814611642,1,2,1.2467273407305821,1,0.0,0.0,0.0,0.0,0.0,0.0,0.0,0.0,0.0,4.808270224786633,-2.93817921369076,2.4943535602132965,4.207236446688304,-1.7137817652271399,3.0382631541405387,3.6062026685899746,-2.3594753278593927,2.1541096329451075,0.0,0.0,0.0,-2.93817921369076,-1.7137817652271399,-2.3594753278593927
Qinghai,青海,2016,2016P29.txt,19120,1,0.5230125523012552,1,1,0.5230125523012552,1,0,0.0,0,5,2.6150627615062763,1,11,5.7531380753138075,1,1,0.5230125523012552,1,0.0,0.5230125523012552,0.17433751743375173,0.0,0.5230125523012552,0.17433751743375203,0.0,0.0,0.0,1.8700910110958733,0.744971750410403,3.097807999129594,2.4934546814611642,3.2596833938526433,4.151276401154425,1.2467273407305821,-0.7237147884293269,1.7919808538739375,0.5230125523012552,0.5230125523012552,0.0,0.744971750410403,3.2596833938526433,-0.7237147884293269
Qinghai,青海,2017,2017P29.txt,13453,0,0.0,0,2,1.4866572511707425,1,0,0.0,0,3,2.229985876756114,1,12,8.919943507024456,1,4,2.973314502341485,1,0.5230125523012552,-0.5230125523012552,0.17433751743375173,0.5230125523012552,0.9636446988694873,0.6698899344906663,0.0,0.0,0.0,2.6150627615062763,-0.3850768847501622,2.2383798831194213,5.7531380753138075,3.1668054317106487,5.72217875459981,0.5230125523012552,2.45030195004023,1.5810181317911074,-0.5230125523012552,0.9636446988694873,0.0,-0.3850768847501622,3.1668054317106487,2.45030195004023
Qinghai,青海,2018,2018P29.txt,17897,1,0.558752863608426,1,2,1.117505727216852,1,0,0.0,0,4,2.235011454433704,1,11,6.146281499692686,1,5,2.79376431804213,1,0.0,0.558752863608426,0.36058847196989374,1.4866572511707425,-0.3691515239538905,1.0423918435629502,0.0,0.0,0.0,2.229985876756114,0.005025577677590043,2.3600200308986983,8.919943507024456,-2.7736620073317706,6.939787694010316,2.973314502341485,-0.1795501842993552,2.09669712422829,0.558752863608426,-0.3691515239538905,0.0,0.005025577677590043,-2.7736620073317706,-0.1795501842993552
Qinghai,青海,2019,2019P29.txt,17129,1,0.5838052425710782,1,1,0.5838052425710782,1,0,0.0,0,9,5.254247183139705,1,18,10.50849436627941,1,8,4.670441940568626,1,0.558752863608426,0.025052378962652222,0.38085270205983474,1.117505727216852,-0.5337004846457738,1.0626560736528914,0.0,0.0,0.0,2.235011454433704,3.0192357287060005,3.2397481714431744,6.146281499692686,4.362212866586724,8.524906457665518,2.79376431804213,1.876677622526496,3.4791735869840803,0.025052378962652222,-0.5337004846457738,0.0,3.0192357287060005,4.362212866586724,1.876677622526496
Qinghai,青海,2020,2020P29.txt,18805,0,0.0,0,3,1.5953203935123637,1,0,0.0,0,5,2.658867322520606,1,24,12.76256314809891,1,8,4.25418771603297,1,0.5838052425710782,-0.5838052425710782,0.38085270205983474,0.5838052425710782,1.0115151509412854,1.0988771211000983,0.0,0.0,0.0,5.254247183139705,-2.5953798606190985,3.3827086533646717,10.50849436627941,2.2540687818195,9.805779671357001,4.670441940568626,-0.4162542245356562,3.9061313248812417,-0.5838052425710782,1.0115151509412854,0.0,-2.5953798606190985,2.2540687818195,-0.4162542245356562
Qinghai,青海,2021,2021P29.txt,17730,2,1.1280315848843767,1,1,0.5640157924421884,1,0,0.0,0,2,1.1280315848843767,1,12,6.768189509306261,1,4,2.2560631697687534,1,0.0,1.1280315848843767,0.570612275818485,1.5953203935123637,-1.0313046010701754,0.9143804761752103,0.0,0.0,0.0,2.658867322520606,-1.5308357376362294,3.013715363514896,12.76256314809891,-5.9943736387926485,10.013082341228193,4.25418771603297,-1.9981245462642163,3.7268976087901167,1.1280315848843767,-1.0313046010701754,0.0,-1.5308357376362294,-5.9943736387926485,-1.9981245462642163
Qinghai,青海,2022,2022P29.txt,15330,0,0.0,0,3,1.9569471624266144,1,1,0.6523157208088715,1,2,1.304631441617743,1,28,18.264840182648403,1,8,5.218525766470972,1,1.1280315848843767,-1.1280315848843767,0.37601052829479226,0.5640157924421884,1.3929313699844261,1.3720944494603888,0.0,0.6523157208088715,0.21743857360295715,1.1280315848843767,0.1765998567333662,1.6971767830075752,6.768189509306261,11.496650673342142,12.598530946684525,2.2560631697687534,2.9624625967022182,3.909592217424232,-1.1280315848843767,1.3929313699844261,0.6523157208088715,0.1765998567333662,11.496650673342142,2.9624625967022182
Qinghai,青海,2023,2023P29.txt,15065,0,0.0,0,3,1.9913707268503154,1,0,0.0,0,6,3.9827414537006307,1,18,11.948224361101891,1,11,7.301692665117823,1,0.0,0.0,0.37601052829479226,1.9569471624266144,0.03442356442370098,1.5041112272397061,0.6523157208088715,-0.6523157208088715,0.21743857360295715,1.304631441617743,2.678110012082888,2.1384681600675837,18.264840182648403,-6.316615821546511,12.327084684352185,5.218525766470972,2.0831668986468515,4.925427200452517,0.0,0.03442356442370098,-0.6523157208088715,2.678110012082888,-6.316615821546511,2.0831668986468515
Shaanxi,陕西,2003,2003P22.txt,15487,0,0.0,0,5,3.2285142377477887,1,0,0.0,0,3,1.9371085426486732,1,0,0.0,0,0,0.0,0,,,,,,,,,,,,,,,,,,,,,,,,
Shaanxi,陕西,2004,2004P22.txt,16333,0,0.0,0,2,1.2245147860160412,1,0,0.0,0,0,0.0,0,0,0.0,0,0,0.0,0,0.0,0.0,0.0,3.2285142377477887,-2.0039994517317474,2.226514511881915,0.0,0.0,0.0,1.9371085426486732,-1.9371085426486732,0.9685542713243366,0.0,0.0,0.0,0.0,0.0,0.0,0.0,-2.0039994517317474,0.0,-1.9371085426486732,0.0,0.0
Shaanxi,陕西,2005,2005P22.txt,16613,0,0.0,0,10,6.019382411364594,1,0,0.0,0,2,1.2038764822729189,1,0,0.0,0,1,0.6019382411364594,1,0.0,0.0,0.0,1.2245147860160412,4.794867625348553,3.490803811709475,0.0,0.0,0.0,0.0,1.2038764822729189,1.0469950083071973,0.0,0.0,0.0,0.0,0.6019382411364594,0.2006460803788198,0.0,4.794867625348553,0.0,1.2038764822729189,0.0,0.6019382411364594
Shaanxi,陕西,2006,2006P22.txt,16998,0,0.0,0,16,9.412872102600305,1,1,0.5883045064125191,1,4,2.3532180256500763,1,1,0.5883045064125191,1,4,2.3532180256500763,1,0.0,0.0,0.0,6.019382411364594,3.393489691235711,5.55225643332698,0.0,0.5883045064125191,0.19610150213750635,1.2038764822729189,1.1493415433771574,1.1856981693076651,0.0,0.5883045064125191,0.19610150213750635,0.6019382411364594,1.751279784513617,0.9850520889288452,0.0,3.393489691235711,0.5883045064125191,1.1493415433771574,0.5883045064125191,1.751279784513617
Shaanxi,陕西,2007,2007P22.txt,18316,0,0.0,0,11,6.005678095654073,1,1,0.5459707359685521,1,5,2.7298536798427606,1,1,0.5459707359685521,1,2,1.0919414719371041,1,0.0,0.0,0.0,9.412872102600305,-3.4071940069462325,7.145977536539657,0.5883045064125191,-0.04233377044396702,0.37809174746035706,2.3532180256500763,0.3766356541926843,2.0956493959219187,0.5883045064125191,-0.04233377044396702,0.37809174746035706,2.3532180256500763,-1.2612765537129722,1.3490325795745466,0.0,-3.4071940069462325,-0.04233377044396702,0.3766356541926843,-0.04233377044396702,-1.2612765537129722
Shaanxi,陕西,2008,2008P22.txt,21490,0,0.0,0,6,2.791996277338297,1,0,0.0,0,9,4.187994416007445,1,2,0.9306654257794323,1,7,3.257328990228013,1,0.0,0.0,0.0,6.005678095654073,-3.213681818315776,6.070182158530891,0.5459707359685521,-0.5459707359685521,0.37809174746035706,2.7298536798427606,1.4581407361646845,3.0903553738334275,0.5459707359685521,0.3846946898108803,0.6883135560535011,1.0919414719371041,2.165387518290909,2.2341628292717313,0.0,-3.213681818315776,-0.5459707359685521,1.4581407361646845,0.3846946898108803,2.165387518290909
Shaanxi,陕西,2009,2009P22.txt,19060,0,0.0,0,9,4.72193074501574,1,0,0.0,0,3,1.5739769150052465,1,3,1.5739769150052465,1,3,1.5739769150052465,1,0.0,0.0,0.0,2.791996277338297,1.9299344676774433,4.506535039336037,0.0,0.0,0.18199024532285069,4.187994416007445,-2.6140175010021984,2.8306083369518173,0.9306654257794323,0.6433114892258142,1.0168710255844104,3.257328990228013,-1.6833520752227666,1.9744157923901213,0.0,1.9299344676774433,0.0,-2.6140175010021984,0.6433114892258142,-1.6833520752227666
Shaanxi,陕西,2010,2010P22.txt,14383,0,0.0,0,10,6.952652436904679,1,0,0.0,0,2,1.3905304873809359,1,10,6.952652436904679,1,4,2.7810609747618718,1,0.0,0.0,0.0,4.72193074501574,2.230721691888939,4.822193153086239,0.0,0.0,0.0,1.5739769150052465,-0.18344642762431063,2.384167272797876,1.5739769150052465,5.378675521899432,3.15243159256312,1.5739769150052465,1.2070840597566252,2.537455626665044,0.0,2.230721691888939,0.0,-0.18344642762431063,5.378675521899432,1.2070840597566252
Shaanxi,陕西,2011,2011P22.txt,16082,0,0.0,0,6,3.73087924387514,1,0,0.0,0,7,4.3526924511876635,1,11,6.839945280437757,1,4,2.4872528292500933,1,0.0,0.0,0.0,6.952652436904679,-3.2217731930295392,5.135154141931853,0.0,0.0,0.0,1.3905304873809359,2.962161963806728,2.4390666178579488,6.952652436904679,-0.11270715646692242,5.122191544115894,2.7810609747618718,-0.2938081455117785,2.2807635730057374,0.0,-3.2217731930295392,0.0,2.962161963806728,-0.11270715646692242,-0.2938081455117785
Shaanxi,陕西,2012,2012P22.txt,15384,0,0.0,0,6,3.9001560062402496,1,0,0.0,0,9,5.850234009360374,1,2,1.3000520020800832,1,5,3.2501300052002082,1,0.0,0.0,0.0,3.73087924387514,0.1692767623651097,4.86122922900669,0.0,0.0,0.0,4.3526924511876635,1.4975415581727107,3.864485649309658,6.839945280437757,-5.539893278357674,5.0308832398075065,2.4872528292500933,0.762877175950115,2.8394812697373912,0.0,0.1692767623651097,0.0,1.4975415581727107,-5.539893278357674,0.762877175950115
Shaanxi,陕西,2013,2013P22.txt,16350,0,0.0,0,5,3.058103975535168,1,1,0.6116207951070336,1,11,6.72782874617737,1,4,2.4464831804281344,1,5,3.058103975535168,1,0.0,0.0,0.0,3.9001560062402496,-0.8420520307050814,3.5630464085501856,0.0,0.6116207951070336,0.2038735983690112,5.850234009360374,0.8775947368169961,5.643585068908469,1.3000520020800832,1.1464311783480512,3.528826820981991,3.2501300052002082,-0.19202602966504,2.9318289366618235,0.0,-0.8420520307050814,0.6116207951070336,0.8775947368169961,1.1464311783480512,-0.19202602966504
Shaanxi,陕西,2014,2014P22.txt,13921,0,0.0,0,4,2.873356799080526,1,0,0.0,0,11,7.901731197471446,1,4,2.873356799080526,1,1,0.7183391997701315,1,0.0,0.0,0.0,3.058103975535168,-0.18474717645464223,3.277205593618648,0.6116207951070336,-0.6116207951070336,0.2038735983690112,6.72782874617737,1.1739024512940759,6.826597984336396,2.4464831804281344,0.4268736186523916,2.2066306605295813,3.058103975535168,-2.339764775765037,2.342191060168503,0.0,-0.18474717645464223,-0.6116207951070336,1.1739024512940759,0.4268736186523916,-2.339764775765037
Shaanxi,陕西,2015,2015P22.txt,14837,0,0.0,0,7,4.717934892498484,1,1,0.6739906989283548,1,6,4.043944193570129,1,5,3.369953494641774,1,4,2.6959627957134193,1,0.0,0.0,0.0,2.873356799080526,1.8445780934179576,3.549798555704726,0.0,0.6739906989283548,0.4285371646784628,7.901731197471446,-3.8577870039013176,6.224501379072982,2.873356799080526,0.49659669556124797,2.8965978247168116,0.7183391997701315,1.977623595943288,2.15746865700624,0.0,1.8445780934179576,0.6739906989283548,-3.8577870039013176,0.49659669556124797,1.977623595943288
Shaanxi,陕西,2016,2016P22.txt,16593,0,0.0,0,5,3.0133188694027604,1,2,1.205327547761104,1,6,3.615982643283312,1,4,2.410655095522208,1,3,1.807991321641656,1,0.0,0.0,0.0,4.717934892498484,-1.7046160230957232,3.5348701869939236,0.6739906989283548,0.5313368488327492,0.626439415563153,4.043944193570129,-0.4279615502868164,5.187219344774962,3.369953494641774,-0.9592983991195658,2.8846551297481695,2.6959627957134193,-0.8879714740717632,1.7407644390417358,0.0,-1.7046160230957232,0.5313368488327492,-0.4279615502868164,-0.9592983991195658,-0.8879714740717632
Shaanxi,陕西,2017,2017P22.txt,15722,0,0.0,0,3,1.9081541788576517,1,0,0.0,0,10,6.3605139295255055,1,4,2.544205571810202,1,6,3.8163083577153034,1,0.0,0.0,0.0,3.0133188694027604,-1.1051646905451087,3.2131359802529658,1.205327547761104,-1.205327547761104,0.626439415563153,3.615982643283312,2.7445312862421933,4.673480255459649,2.410655095522208,0.133550476287994,2.774938053991395,1.807991321641656,2.008317036073647,2.7734208250234595,0.0,-1.1051646905451087,-1.205327547761104,2.7445312862421933,0.133550476287994,2.008317036073647
Shaanxi,陕西,2018,2018P22.txt,15938,0,0.0,0,3,1.8822938888191743,1,0,0.0,0,8,5.019450370184464,1,2,1.254862592546116,1,0,0.0,0,0.0,0.0,0.0,1.9081541788576517,-0.02586029003847745,2.2679223123598624,0.0,0.0,0.40177584925370136,6.3605139295255055,-1.3410635593410412,4.998648980997761,2.544205571810202,-1.289342979264086,2.0699077532928425,3.8163083577153034,-3.8163083577153034,1.8747665597856535,0.0,-0.02586029003847745,0.0,-1.3410635593410412,-1.289342979264086,-3.8163083577153034
Shaanxi,陕西,2019,2019P22.txt,12095,0,0.0,0,4,3.3071517155849524,1,0,0.0,0,5,4.133939644481191,1,2,1.6535758577924762,1,4,3.3071517155849524,1,0.0,0.0,0.0,1.8822938888191743,1.424857826765778,2.365866594420593,0.0,0.0,0.0,5.019450370184464,-0.8855107257032735,5.171301314730386,1.254862592546116,0.3987132652463601,1.8175480073829313,0.0,3.3071517155849524,2.3744866911000857,0.0,1.424857826765778,0.0,-0.8855107257032735,0.3987132652463601,3.3071517155849524
Shaanxi,陕西,2020,2020P22.txt,11841,0,0.0,0,7,5.911662866311967,1,1,0.8445232666159953,1,8,6.756186132927962,1,0,0.0,0,0,0.0,0,0.0,0.0,0.0,3.3071517155849524,2.6045111507270144,3.700369490238698,0.0,0.8445232666159953,0.2815077555386651,4.133939644481191,2.6222464884467716,5.303192049197873,1.6535758577924762,-1.6535758577924762,0.9694794834461975,3.3071517155849524,-3.3071517155849524,1.1023839051949844,0.0,2.6045111507270144,0.8445232666159953,2.6222464884467716,-1.6535758577924762,-3.3071517155849524
Shaanxi,陕西,2021,2021P22.txt,18625,0,0.0,0,5,2.684563758389262,1,0,0.0,0,6,3.221476510067114,1,7,3.7583892617449663,1,3,1.610738255033557,1,0.0,0.0,0.0,5.911662866311967,-3.227099107922705,3.967792780095394,0.8445232666159953,-0.8445232666159953,0.2815077555386651,6.756186132927962,-3.5347096228608486,4.703867429158755,0.0,3.7583892617449663,1.8039883731791475,0.0,1.610738255033557,1.6392966568728369,0.0,-3.227099107922705,-0.8445232666159953,-3.5347096228608486,3.7583892617449663,1.610738255033557
Shaanxi,陕西,2022,2022P22.txt,18825,0,0.0,0,8,4.249667994687915,1,0,0.0,0,9,4.780876494023905,1,8,4.249667994687915,1,7,3.7184594953519254,1,0.0,0.0,0.0,2.684563758389262,1.565104236298653,4.281964873129715,0.0,0.0,0.2815077555386651,3.221476510067114,1.5593999839567907,4.919513045672994,3.7583892617449663,0.49127873294294844,2.6693524188109605,1.610738255033557,2.1077212403183685,1.7763992501284944,0.0,1.565104236298653,0.0,1.5593999839567907,0.49127873294294844,2.1077212403183685
Shaanxi,陕西,2023,2023P22.txt,18749,0,0.0,0,12,6.400341351538748,1,0,0.0,0,3,1.600085337884687,1,12,6.400341351538748,1,4,2.133447117179583,1,0.0,0.0,0.0,4.249667994687915,2.1506733568508336,4.444857701538641,0.0,0.0,0.0,4.780876494023905,-3.1807911561392173,3.200812780658568,4.249667994687915,2.1506733568508336,4.802799535990544,3.7184594953519254,-1.5850123781723426,2.4875482891883554,0.0,2.1506733568508336,0.0,-3.1807911561392173,2.1506733568508336,-1.5850123781723426
Shandong,山东,2003,2003P4.txt,22297,0,0.0,0,1,0.44849082836256,1,0,0.0,0,4,1.79396331345024,1,0,0.0,0,4,1.79396331345024,1,,,,,,,,,,,,,,,,,,,,,,,,
Shandong,山东,2004,2004P4.txt,16415,0,0.0,0,1,0.6091989034419738,1,0,0.0,0,2,1.2183978068839476,1,0,0.0,0,1,0.6091989034419738,1,0.0,0.0,0.0,0.44849082836256,0.16070807507941381,0.5288448659022669,0.0,0.0,0.0,1.79396331345024,-0.5755655065662924,1.5061805601670937,0.0,0.0,0.0,1.79396331345024,-1.1847644100082662,1.2015811084461068,0.0,0.16070807507941381,0.0,-0.5755655065662924,0.0,-1.1847644100082662
Shandong,山东,2005,2005P4.txt,17806,0,0.0,0,4,2.246433786364147,1,0,0.0,0,2,1.1232168931820734,1,0,0.0,0,3,1.68482533977311,1,0.0,0.0,0.0,0.6091989034419738,1.637234882922173,1.1013745060562268,0.0,0.0,0.0,1.2183978068839476,-0.0951809137018742,1.3785260045054202,0.0,0.0,0.0,0.6091989034419738,1.0756264363311363,1.3626625188884411,0.0,1.637234882922173,0.0,-0.0951809137018742,0.0,1.0756264363311363
Shandong,山东,2006,2006P4.txt,20598,0,0.0,0,1,0.48548402757549275,1,0,0.0,0,7,3.3983881930284494,1,2,0.9709680551509855,1,3,1.4564520827264782,1,0.0,0.0,0.0,2.246433786364147,-1.760949758788654,1.1137055724605378,0.0,0.0,0.0,1.1232168931820734,2.275171299846376,1.9133342976981569,0.0,0.9709680551509855,0.3236560183836618,1.68482533977311,-0.22837325704663192,1.250158775313854,0.0,-1.760949758788654,0.0,2.275171299846376,0.9709680551509855,-0.22837325704663192
Shandong,山东,2007,2007P4.txt,17200,0,0.0,0,3,1.744186046511628,1,0,0.0,0,4,2.3255813953488373,1,1,0.5813953488372093,1,1,0.5813953488372093,1,0.0,0.0,0.0,0.48548402757549275,1.258702018936135,1.4920346201504227,0.0,0.0,0.0,3.3983881930284494,-1.072806797679612,2.28239549385312,0.9709680551509855,-0.38957270631377616,0.517454467996065,1.4564520827264782,-0.8750567338892689,1.2408909237789325,0.0,1.258702018936135,0.0,-1.072806797679612,-0.38957270631377616,-0.8750567338892689
Shandong,山东,2008,2008P4.txt,19128,0,0.0,0,1,0.5227938101212881,1,0,0.0,0,6,3.136762860727729,1,3,1.5683814303638646,1,0,0.0,0,0.0,0.0,0.0,1.744186046511628,-1.2213922363903398,0.917487961402803,0.0,0.0,0.0,2.3255813953488373,0.8111814653788918,2.9535774830350054,0.5813953488372093,0.9869860815266552,1.0402482781173532,0.5813953488372093,-0.5813953488372093,0.6792824771878957,0.0,-1.2213922363903398,0.0,0.8111814653788918,0.9869860815266552,-0.5813953488372093
Shandong,山东,2009,2009P4.txt,19409,0,0.0,0,6,3.091349374001752,1,0,0.0,0,6,3.091349374001752,1,5,2.576124478334793,1,2,1.0304497913339172,1,0.0,0.0,0.0,0.5227938101212881,2.568555563880464,1.7861097435448894,0.0,0.0,0.0,3.136762860727729,-0.045413486725977226,2.8512312100261057,1.5683814303638646,1.0077430479709286,1.5753004191786222,0.0,1.0304497913339172,0.5372817133903756,0.0,2.568555563880464,0.0,-0.045413486725977226,1.0077430479709286,1.0304497913339172
Shandong,山东,2010,2010P4.txt,19032,0,0.0,0,1,0.5254308532997057,1,0,0.0,0,7,3.6780159730979403,1,8,4.203446826397646,1,0,0.0,0,0.0,0.0,0.0,3.091349374001752,-2.5659185207020463,1.3798580124742486,0.0,0.0,0.0,3.091349374001752,0.5866665990961883,3.3020427359424738,2.576124478334793,1.6273223480628527,2.782650911698768,1.0304497913339172,-1.0304497913339172,0.3434832637779725,0.0,-2.5659185207020463,0.0,0.5866665990961883,1.6273223480628527,-1.0304497913339172
Shandong,山东,2011,2011P4.txt,20195,0,0.0,0,0,0.0,0,0,0.0,0,6,2.9710324337707354,1,5,2.475860361475613,1,2,0.9903441445902451,1,0.0,0.0,0.0,0.5254308532997057,-0.5254308532997057,1.2055934091004858,0.0,0.0,0.0,3.6780159730979403,-0.7069835393272048,3.2467992602901425,4.203446826397646,-1.727586464922033,3.085143888736018,0.0,0.9903441445902451,0.6735979786413875,0.0,-0.5254308532997057,0.0,-0.7069835393272048,-1.727586464922033,0.9903441445902451
Shandong,山东,2012,2012P4.txt,17924,0,0.0,0,1,0.5579111805400581,1,0,0.0,0,5,2.78955590270029,1,1,0.5579111805400581,1,3,1.673733541620174,1,0.0,0.0,0.0,0.0,0.5579111805400581,0.3611140112799213,0.0,0.0,0.0,2.9710324337707354,-0.18147653107044537,3.1462014365229884,2.475860361475613,-1.9179491809355549,2.4124061228044393,0.9903441445902451,0.6833893970299288,0.888025895403473,0.0,0.5579111805400581,0.0,-0.18147653107044537,-1.9179491809355549,0.6833893970299288
Shandong,山东,2013,2013P4.txt,14526,0,0.0,0,3,2.0652622883106155,1,0,0.0,0,9,6.195786864931846,1,0,0.0,0,1,0.6884207627702051,1,0.0,0.0,0.0,0.5579111805400581,1.5073511077705575,0.8743911562835579,0.0,0.0,0.0,2.78955590270029,3.406230962231556,3.9854584004676235,0.5579111805400581,-0.5579111805400581,1.0112571806718906,1.673733541620174,-0.9853127788499688,1.1174994829935414,0.0,1.5073511077705575,0.0,3.406230962231556,-0.5579111805400581,-0.9853127788499688
Shandong,山东,2014,2014P4.txt,12541,0,0.0,0,1,0.7973845785822502,1,0,0.0,0,9,7.176461207240252,1,2,1.5947691571645004,1,0,0.0,0,0.0,0.0,0.0,2.0652622883106155,-1.2678777097283653,1.1401860158109747,0.0,0.0,0.0,6.195786864931846,0.9806743423084061,5.387267991624129,0.0,1.5947691571645004,0.7175601125681865,0.6884207627702051,-0.6884207627702051,0.7873847681301264,0.0,-1.2678777097283653,0.0,0.9806743423084061,1.5947691571645004,-0.6884207627702051
Shandong,山东,2015,2015P4.txt,12983,0,0.0,0,1,0.7702380035430948,1,0,0.0,0,8,6.161904028344758,1,0,0.0,0,2,1.5404760070861896,1,0.0,0.0,0.0,0.7973845785822502,-0.027146575039155407,1.2109616234786535,0.0,0.0,0.0,7.176461207240252,-1.014557178895494,6.511384033505618,1.5947691571645004,-1.5947691571645004,0.5315897190548338,0.0,1.5404760070861896,0.7429655899521316,0.0,-0.027146575039155407,0.0,-1.014557178895494,-1.5947691571645004,1.5404760070861896
Shandong,山东,2016,2016P4.txt,14169,0,0.0,0,3,2.1172983273343213,1,0,0.0,0,13,9.174959418448726,1,4,2.8230644364457618,1,0,0.0,0,0.0,0.0,0.0,0.7702380035430948,1.3470603237912266,1.228306969819889,0.0,0.0,0.0,6.161904028344758,3.0130553901039674,7.504441551344578,0.0,2.8230644364457618,1.4726111978700878,1.5404760070861896,-1.5404760070861896,0.5134920023620633,0.0,1.3470603237912266,0.0,3.0130553901039674,2.8230644364457618,-1.5404760070861896
Shandong,山东,2017,2017P4.txt,14199,0,0.0,0,5,3.521374744700331,1,0,0.0,0,14,9.859849285160927,1,1,0.7042749489400661,1,0,0.0,0,0.0,0.0,0.0,2.1172983273343213,1.4040764173660096,2.1363036918592493,0.0,0.0,0.0,9.174959418448726,0.6848898667122008,8.398904243984804,2.8230644364457618,-2.118789487505696,1.1757797951286095,0.0,0.0,0.5134920023620633,0.0,1.4040764173660096,0.0,0.6848898667122008,-2.118789487505696,0.0
Shandong,山东,2018,2018P4.txt,20397,1,0.4902681766926509,1,4,1.9610727067706035,1,0,0.0,0,10,4.902681766926508,1,4,1.9610727067706035,1,0,0.0,0,0.0,0.4902681766926509,0.16342272556421697,3.521374744700331,-1.5603020379297274,2.5332485929350854,0.0,0.0,0.0,9.859849285160927,-4.957167518234418,7.9791634901787205,0.7042749489400661,1.2567977578305374,1.8294706973854773,0.0,0.0,0.0,0.4902681766926509,-1.5603020379297274,0.0,-4.957167518234418,1.2567977578305374,0.0
Shandong,山东,2019,2019P4.txt,20482,0,0.0,0,4,1.9529342837613515,1,0,0.0,0,6,2.9294014256420273,1,3,1.4647007128210137,1,4,1.9529342837613515,1,0.4902681766926509,-0.4902681766926509,0.16342272556421697,1.9610727067706035,-0.00813842300925205,2.478460578410762,0.0,0.0,0.0,4.902681766926508,-1.973280341284481,5.897310825909821,1.9610727067706035,-0.49637199394958986,1.3766827895105613,0.0,1.9529342837613515,0.6509780945871172,-0.4902681766926509,-0.00813842300925205,0.0,-1.973280341284481,-0.49637199394958986,1.9529342837613515
Shandong,山东,2020,2020P4.txt,17395,0,0.0,0,8,4.599022707674619,1,0,0.0,0,6,3.4492670307559643,1,6,3.4492670307559643,1,0,0.0,0,0.0,0.0,0.16342272556421697,1.9529342837613515,2.646088423913268,2.837676566068858,0.0,0.0,0.0,2.9294014256420273,0.519865605113937,3.7604500744415,1.4647007128210137,1.9845663179349506,2.291680150115861,1.9529342837613515,-1.9529342837613515,0.6509780945871172,0.0,2.646088423913268,0.0,0.519865605113937,1.9845663179349506,-1.9529342837613515
Shandong,山东,2021,2021P4.txt,18771,0,0.0,0,6,3.19642000958926,1,0,0.0,0,7,3.7291566778541365,1,4,2.1309466730595066,1,1,0.5327366682648766,1,0.0,0.0,0.0,4.599022707674619,-1.4026026980853592,3.249459000341744,0.0,0.0,0.0,3.4492670307559643,0.2798896470981722,3.3692750447507094,3.4492670307559643,-1.3183203576964577,2.3483048055454954,0.0,0.5327366682648766,0.8285569840087428,0.0,-1.4026026980853592,0.0,0.2798896470981722,-1.3183203576964577,0.5327366682648766
Shandong,山东,2022,2022P4.txt,18575,0,0.0,0,10,5.383580080753701,1,1,0.5383580080753702,1,4,2.1534320323014806,1,16,8.613728129205922,1,5,2.6917900403768504,1,0.0,0.0,0.0,3.19642000958926,2.187160071164441,4.393007599339193,0.0,0.5383580080753702,0.17945266935845672,3.7291566778541365,-1.575724645552656,3.1106185803038606,2.1309466730595066,6.482781456146416,4.731313944340465,0.5327366682648766,2.159053372111974,1.0748422362139092,0.0,2.187160071164441,0.5383580080753702,-1.575724645552656,6.482781456146416,2.159053372111974
Shandong,山东,2023,2023P4.txt,18578,1,0.5382710733125202,1,8,4.306168586500162,1,0,0.0,0,4,2.153084293250081,1,12,6.459252879750243,1,2,1.0765421466250404,1,0.0,0.5382710733125202,0.17942369110417342,5.383580080753701,-1.077411494253539,4.295389558947708,0.5383580080753702,-0.5383580080753702,0.17945266935845672,2.1534320323014806,-0.0003477390513997314,2.678557667801899,8.613728129205922,-2.15447524945568,5.73464256067189,2.6917900403768504,-1.61524789375181,1.433689618422256,0.5382710733125202,-1.077411494253539,-0.5383580080753702,-0.0003477390513997314,-2.15447524945568,-1.61524789375181
Shanghai,上海,2003,2003P6.txt,17189,0,0.0,0,0,0.0,0,0,0.0,0,0,0.0,0,2,1.163534818779452,1,0,0.0,0,,,,,,,,,,,,,,,,,,,,,,,,
Shanghai,上海,2004,2004P6.txt,18339,0,0.0,0,0,0.0,0,0,0.0,0,4,2.1811440100332624,1,2,1.0905720050166312,1,0,0.0,0,0.0,0.0,0.0,0.0,0.0,0.0,0.0,0.0,0.0,0.0,2.1811440100332624,1.0905720050166312,1.163534818779452,-0.07296281376282088,1.1270534118980415,0.0,0.0,0.0,0.0,0.0,0.0,2.1811440100332624,-0.07296281376282088,0.0
Shanghai,上海,2005,2005P6.txt,17202,0,0.0,0,1,0.5813277525869085,1,0,0.0,0,3,1.7439832577607255,1,1,0.5813277525869085,1,0,0.0,0,0.0,0.0,0.0,0.0,0.5813277525869085,0.1937759175289695,0.0,0.0,0.0,2.1811440100332624,-0.4371607522725369,1.3083757559313292,1.0905720050166312,-0.5092442524297227,0.9451448587943306,0.0,0.0,0.0,0.0,0.5813277525869085,0.0,-0.4371607522725369,-0.5092442524297227,0.0
Shanghai,上海,2006,2006P6.txt,20403,0,0.0,0,2,0.9802480027446944,1,0,0.0,0,7,3.4308680096064306,1,3,1.4703720041170416,1,1,0.4901240013723472,1,0.0,0.0,0.0,0.5813277525869085,0.39892025015778587,0.520525251777201,0.0,0.0,0.0,1.7439832577607255,1.686884751845705,2.4519984258001393,0.5813277525869085,0.8890442515301331,1.0474239205735272,0.0,0.4901240013723472,0.16337466712411572,0.0,0.39892025015778587,0.0,1.686884751845705,0.8890442515301331,0.4901240013723472
Shanghai,上海,2007,2007P6.txt,21944,0,0.0,0,0,0.0,0,0,0.0,0,4,1.822821728034998,1,4,1.822821728034998,1,1,0.4557054320087495,1,0.0,0.0,0.0,0.9802480027446944,-0.9802480027446944,0.520525251777201,0.0,0.0,0.0,3.4308680096064306,-1.6080462815714325,2.3325576651340514,1.4703720041170416,0.3524497239179565,1.2915071615796494,0.4901240013723472,-0.03441856936359766,0.3152764777936989,0.0,-0.9802480027446944,0.0,-1.6080462815714325,0.3524497239179565,-0.03441856936359766
Shanghai,上海,2008,2008P6.txt,25359,0,0.0,0,2,0.7886746322804526,1,0,0.0,0,3,1.1830119484206791,1,3,1.1830119484206791,1,0,0.0,0,0.0,0.0,0.0,0.0,0.7886746322804526,0.5896408783417156,0.0,0.0,0.0,1.822821728034998,-0.639809779614319,2.1455672286873693,1.822821728034998,-0.639809779614319,1.492068560190906,0.4557054320087495,-0.4557054320087495,0.3152764777936989,0.0,0.7886746322804526,0.0,-0.639809779614319,-0.639809779614319,-0.4557054320087495
Shanghai,上海,2009,2009P6.txt,21422,0,0.0,0,0,0.0,0,0,0.0,0,4,1.8672392867145924,1,5,2.3340491083932404,1,1,0.4668098216786481,1,0.0,0.0,0.0,0.7886746322804526,-0.7886746322804526,0.2628915440934842,0.0,0.0,0.0,1.1830119484206791,0.6842273382939132,1.6243576543900897,1.1830119484206791,1.1510371599725613,1.7799609282829725,0.0,0.4668098216786481,0.3075050845624659,0.0,-0.7886746322804526,0.0,0.6842273382939132,1.1510371599725613,0.4668098216786481
Shanghai,上海,2010,2010P6.txt,23025,0,0.0,0,1,0.43431053203040176,1,0,0.0,0,5,2.1715526601520088,1,8,3.474484256243214,1,2,0.8686210640608035,1,0.0,0.0,0.0,0.0,0.43431053203040176,0.4076617214369515,0.0,0.0,0.0,1.8672392867145924,0.3043133734374164,1.7406012984290935,2.3340491083932404,1.1404351478499737,2.330515104352378,0.4668098216786481,0.40181124238215543,0.4451436285798172,0.0,0.43431053203040176,0.0,0.3043133734374164,1.1404351478499737,0.40181124238215543
Shanghai,上海,2011,2011P6.txt,26618,0,0.0,0,2,0.751371252535878,1,0,0.0,0,4,1.502742505071756,1,7,2.629799383875573,1,3,1.1270568788038169,1,0.0,0.0,0.0,0.43431053203040176,0.31706072050547623,0.39522726152209325,0.0,0.0,0.0,2.1715526601520088,-0.6688101550802528,1.8471781506461191,3.474484256243214,-0.8446848723676412,2.812777582837343,0.8686210640608035,0.25843581474301336,0.8208292548477562,0.0,0.31706072050547623,0.0,-0.6688101550802528,-0.8446848723676412,0.25843581474301336
Shanghai,上海,2012,2012P6.txt,24508,0,0.0,0,2,0.8160600620205647,1,0,0.0,0,6,2.4481801860616943,1,5,2.040150155051412,1,0,0.0,0,0.0,0.0,0.0,0.751371252535878,0.0646888094846867,0.6672472821956149,0.0,0.0,0.0,1.502742505071756,0.9454376809899383,2.040825117095153,2.629799383875573,-0.589649228824161,2.714811265056733,1.1270568788038169,-1.1270568788038169,0.6652259809548735,0.0,0.0646888094846867,0.0,0.9454376809899383,-0.589649228824161,-1.1270568788038169
Shanghai,上海,2013,2013P6.txt,17019,0,0.0,0,0,0.0,0,0,0.0,0,3,1.7627357659086902,1,2,1.1751571772724603,1,0,0.0,0,0.0,0.0,0.0,0.8160600620205647,-0.8160600620205647,0.5224771048521476,0.0,0.0,0.0,2.4481801860616943,-0.6854444201530041,1.9045528190140468,2.040150155051412,-0.8649929777789516,1.9483689053998152,0.0,0.0,0.37568562626793894,0.0,-0.8160600620205647,0.0,-0.6854444201530041,-0.8649929777789516,0.0
Shanghai,上海,2014,2014P6.txt,14031,0,0.0,0,1,0.7127075760815338,1,0,0.0,0,6,4.276245456489202,1,4,2.850830304326135,1,0,0.0,0,0.0,0.0,0.0,0.0,0.7127075760815338,0.5095892127006995,0.0,0.0,0.0,1.7627357659086902,2.513509690580512,2.8290538028198626,1.1751571772724603,1.6756731270536749,2.0220458788833358,0.0,0.0,0.0,0.0,0.7127075760815338,0.0,2.513509690580512,1.6756731270536749,0.0
Shanghai,上海,2015,2015P6.txt,15539,0,0.0,0,0,0.0,0,0,0.0,0,6,3.861252332839951,1,4,2.574168221893301,1,0,0.0,0,0.0,0.0,0.0,0.7127075760815338,-0.7127075760815338,0.23756919202717797,0.0,0.0,0.0,4.276245456489202,-0.4149931236492512,3.300077851745948,2.850830304326135,-0.2766620824328343,2.2000519011639654,0.0,0.0,0.0,0.0,-0.7127075760815338,0.0,-0.4149931236492512,-0.2766620824328343,0.0
Shanghai,上海,2016,2016P6.txt,17033,0,0.0,0,0,0.0,0,0,0.0,0,8,4.696765103035284,1,3,1.7612869136382316,1,0,0.0,0,0.0,0.0,0.0,0.0,0.0,0.23756919202717797,0.0,0.0,0.0,3.861252332839951,0.8355127701953333,4.2780876307881455,2.574168221893301,-0.8128813082550692,2.3954284799525563,0.0,0.0,0.0,0.0,0.0,0.0,0.8355127701953333,-0.8128813082550692,0.0
Shanghai,上海,2017,2017P6.txt,14228,1,0.7028394714647175,1,0,0.0,0,0,0.0,0,10,7.028394714647175,1,1,0.7028394714647175,1,0,0.0,0,0.0,0.7028394714647175,0.2342798238215725,0.0,0.0,0.0,0.0,0.0,0.0,4.696765103035284,2.3316296116118904,5.195470716840803,1.7612869136382316,-1.0584474421735142,1.6794315356654164,0.0,0.0,0.0,0.7028394714647175,0.0,0.0,2.3316296116118904,-1.0584474421735142,0.0
Shanghai,上海,2018,2018P6.txt,19889,0,0.0,0,0,0.0,0,0,0.0,0,8,4.022323897631857,1,2,1.0055809744079642,1,0,0.0,0,0.7028394714647175,-0.7028394714647175,0.2342798238215725,0.0,0.0,0.0,0.0,0.0,0.0,7.028394714647175,-3.006070817015318,5.249161238438106,0.7028394714647175,0.30274150294324675,1.156569119836971,0.0,0.0,0.0,-0.7028394714647175,0.0,0.0,-3.006070817015318,0.30274150294324675,0.0
Shanghai,上海,2019,2019P6.txt,14017,0,0.0,0,0,0.0,0,0,0.0,0,5,3.5670970963829634,1,3,2.140258257829778,1,0,0.0,0,0.0,0.0,0.2342798238215725,0.0,0.0,0.0,0.0,0.0,0.0,4.022323897631857,-0.4552268012488936,4.872605236220665,1.0055809744079642,1.134677283421814,1.2828929012341532,0.0,0.0,0.0,0.0,0.0,0.0,-0.4552268012488936,1.134677283421814,0.0
Shanghai,上海,2020,2020P6.txt,14272,0,0.0,0,0,0.0,0,0,0.0,0,6,4.2040358744394615,1,3,2.1020179372197307,1,0,0.0,0,0.0,0.0,0.0,0.0,0.0,0.0,0.0,0.0,0.0,3.5670970963829634,0.6369387780564981,3.9311522894847606,2.140258257829778,-0.03824032061004745,1.749285723152491,0.0,0.0,0.0,0.0,0.0,0.0,0.6369387780564981,-0.03824032061004745,0.0
Shanghai,上海,2021,2021P6.txt,17655,0,0.0,0,0,0.0,0,0,0.0,0,5,2.832058906825262,1,3,1.699235344095157,1,0,0.0,0,0.0,0.0,0.0,0.0,0.0,0.0,0.0,0.0,0.0,4.2040358744394615,-1.3719769676141995,3.534397292549229,2.1020179372197307,-0.40278259312457365,1.980503846381555,0.0,0.0,0.0,0.0,0.0,0.0,-1.3719769676141995,-0.40278259312457365,0.0
Shanghai,上海,2022,2022P6.txt,18020,2,1.1098779134295227,1,0,0.0,0,0,0.0,0,9,4.994450610432852,1,5,2.774694783573807,1,0,0.0,0,0.0,1.1098779134295227,0.36995930447650754,0.0,0.0,0.0,0.0,0.0,0.0,2.832058906825262,2.1623917036075904,4.0101817972325255,1.699235344095157,1.0754594394786499,2.1919826882962314,0.0,0.0,0.0,1.1098779134295227,0.0,0.0,2.1623917036075904,1.0754594394786499,0.0
Shanghai,上海,2023,2023P6.txt,20059,1,0.4985293384515679,1,1,0.4985293384515679,1,0,0.0,0,8,3.988234707612543,1,4,1.9941173538062715,1,0,0.0,0,1.1098779134295227,-0.6113485749779548,0.5361357506270302,0.0,0.4985293384515679,0.16617644615052266,0.0,0.0,0.0,4.994450610432852,-1.0062159028203093,3.9382480749568862,2.774694783573807,-0.7805774297675354,2.1560158271584116,0.0,0.0,0.0,-0.6113485749779548,0.4985293384515679,0.0,-1.0062159028203093,-0.7805774297675354,0.0
Shanxi,山西,2003,2003P11.txt,17185,0,0.0,0,6,3.4914169333721268,1,1,0.5819028222286878,1,4,2.3276112889147513,1,0,0.0,0,0,0.0,0,,,,,,,,,,,,,,,,,,,,,,,,
Shanxi,山西,2004,2004P11.txt,5846,0,0.0,0,2,3.421142661648991,1,0,0.0,0,2,3.421142661648991,1,0,0.0,0,0,0.0,0,0.0,0.0,0.0,3.4914169333721268,-0.07027427172313594,3.456279797510559,0.5819028222286878,-0.5819028222286878,0.2909514111143439,2.3276112889147513,1.0935313727342395,2.874376975281871,0.0,0.0,0.0,0.0,0.0,0.0,0.0,-0.07027427172313594,-0.5819028222286878,1.0935313727342395,0.0,0.0
Shanxi,山西,2005,2005P11.txt,15589,0,0.0,0,14,8.98069151324652,1,1,0.6414779652318943,1,2,1.2829559304637885,1,0,0.0,0,1,0.6414779652318943,1,0.0,0.0,0.0,3.421142661648991,5.559548851597528,5.297750369422546,0.0,0.6414779652318943,0.4077935958201941,3.421142661648991,-2.1381867311852023,2.3439032936758437,0.0,0.0,0.0,0.0,0.6414779652318943,0.2138259884106314,0.0,5.559548851597528,0.6414779652318943,-2.1381867311852023,0.0,0.6414779652318943
Shanxi,山西,2006,2006P11.txt,19720,0,0.0,0,34,17.24137931034483,1,3,1.5212981744421907,1,4,2.028397565922921,1,1,0.5070993914807302,1,4,2.028397565922921,1,0.0,0.0,0.0,8.98069151324652,8.26068779709831,9.88107116174678,0.6414779652318943,0.8798202092102965,0.7209253798913617,1.2829559304637885,0.7454416354591324,2.2441653860119004,0.0,0.5070993914807302,0.16903313049357674,0.6414779652318943,1.3869196006910267,0.8899585103849385,0.0,8.26068779709831,0.8798202092102965,0.7454416354591324,0.5070993914807302,1.3869196006910267
Shanxi,山西,2007,2007P11.txt,7146,0,0.0,0,28,39.18275958578226,1,2,2.7987685418415897,1,3,4.198152812762385,1,0,0.0,0,0,0.0,0,0.0,0.0,0.0,17.24137931034483,21.941380275437428,21.80161013645787,1.5212981744421907,1.277470367399399,1.6538482271718917,2.028397565922921,2.169755246839464,2.5031687697163645,0.5070993914807302,-0.5070993914807302,0.16903313049357674,2.028397565922921,-2.028397565922921,0.8899585103849385,0.0,21.941380275437428,1.277470367399399,2.169755246839464,-0.5070993914807302,-2.028397565922921
Shanxi,山西,2008,2008P11.txt,18452,0,0.0,0,34,18.42618686321266,1,3,1.6258400173422936,1,5,2.7097333622371558,1,4,2.167786689789725,1,0,0.0,0,0.0,0.0,0.0,39.18275958578226,-20.756572722569597,24.950108586446586,2.7987685418415897,-1.1729285244992962,1.9819689112086916,4.198152812762385,-1.488419450525229,2.9787612469741536,0.0,2.167786689789725,0.8916286937568184,0.0,0.0,0.676132521974307,0.0,-20.756572722569597,-1.1729285244992962,-1.488419450525229,2.167786689789725,0.0
Shanxi,山西,2009,2009P11.txt,18241,0,0.0,0,37,20.28397565922921,1,3,1.6446466750726385,1,5,2.741077791787731,1,2,1.0964311167150924,1,7,3.8375089085028233,1,0.0,0.0,0.0,18.42618686321266,1.8577887960165498,25.964307369408047,1.6258400173422936,0.018806657730344956,2.0230850780855074,2.7097333622371558,0.03134442955057537,3.2163213222624236,2.167786689789725,-1.0713555730746325,1.0880726021682723,0.0,3.8375089085028233,1.2791696361676077,0.0,1.8577887960165498,0.018806657730344956,0.03134442955057537,-1.0713555730746325,3.8375089085028233
Shanxi,山西,2010,2010P11.txt,17381,1,0.5753408894770151,1,64,36.82181692652897,1,2,1.1506817789540302,1,4,2.3013635579080605,1,2,1.1506817789540302,1,1,0.5753408894770151,1,0.0,0.5753408894770151,0.19178029649233838,20.28397565922921,16.537841267299758,25.17732648299028,1.6446466750726385,-0.4939648961186083,1.473722823789654,2.741077791787731,-0.4397142338796707,2.5840582373109826,1.0964311167150924,0.05425066223893782,1.4716331951529493,3.8375089085028233,-3.2621680190258084,1.470949932659946,0.5753408894770151,16.537841267299758,-0.4939648961186083,-0.4397142338796707,0.05425066223893782,-3.2621680190258084
Shanxi,山西,2011,2011P11.txt,16859,0,0.0,0,37,21.946734681772348,1,1,0.5931549913992527,1,4,2.3726199655970106,1,5,2.9657749569962633,1,3,1.779464974197758,1,0.5753408894770151,-0.5753408894770151,0.19178029649233838,36.82181692652897,-14.87508224475662,26.35084242251018,1.1506817789540302,-0.5575267875547776,1.1294944818086405,2.3013635579080605,0.07125640768895014,2.4716871050976006,1.1506817789540302,1.815093178042233,1.7376292842217953,0.5753408894770151,1.2041240847207428,2.064104924059199,-0.5753408894770151,-14.87508224475662,-0.5575267875547776,0.07125640768895014,1.815093178042233,1.2041240847207428
Shanxi,山西,2012,2012P11.txt,17544,0,0.0,0,36,20.51983584131327,1,0,0.0,0,7,3.989968080255358,1,9,5.1299589603283176,1,1,0.5699954400364797,1,0.0,0.0,0.19178029649233838,21.946734681772348,-1.4268988404590779,26.429462483204862,0.5931549913992527,-0.5931549913992527,0.5812789234510943,2.3726199655970106,1.6173481146583475,2.887983867920143,2.9657749569962633,2.1641840033320543,3.0821385654262037,1.779464974197758,-1.2094695341612782,0.974933767903751,0.0,-1.4268988404590779,-0.5931549913992527,1.6173481146583475,2.1641840033320543,-1.2094695341612782
Shanxi,山西,2013,2013P11.txt,16955,0,0.0,0,39,23.0020642878207,1,4,2.3591860808021234,1,4,2.3591860808021234,1,4,2.3591860808021234,1,6,3.5387791212031847,1,0.0,0.0,0.0,20.51983584131327,2.482228446507431,21.82287827030211,0.0,2.3591860808021234,0.9841136907337921,3.989968080255358,-1.6307819994532347,2.9072580422181638,5.1299589603283176,-2.770772879526194,3.484973332708902,0.5699954400364797,2.968783681166705,1.962746511812474,0.0,2.482228446507431,2.3591860808021234,-1.6307819994532347,-2.770772879526194,2.968783681166705
Shanxi,山西,2014,2014P11.txt,17030,0,0.0,0,38,22.313564298297123,1,10,5.871990604815032,1,13,7.633587786259542,1,5,2.935995302407516,1,6,3.5231943628890194,1,0.0,0.0,0.0,23.0020642878207,-0.6884999895235779,21.945154809143702,2.3591860808021234,3.5128045240129087,2.743725561872385,2.3591860808021234,5.274401705457419,4.660913982439008,2.3591860808021234,0.5768092216053926,3.4750467811793193,3.5387791212031847,-0.015584758314165281,2.543989641376228,0.0,-0.6884999895235779,3.5128045240129087,5.274401705457419,0.5768092216053926,-0.015584758314165281
Shanxi,山西,2015,2015P11.txt,17800,0,0.0,0,50,28.089887640449437,1,11,6.179775280898877,1,13,7.303370786516854,1,7,3.932584269662921,1,3,1.6853932584269662,1,0.0,0.0,0.0,22.313564298297123,5.776323342152313,24.46850540885576,5.871990604815032,0.30778467608384474,4.803650655505344,7.633587786259542,-0.3302169997426887,5.7653815511928395,2.935995302407516,0.9965889672554051,3.0759218842908536,3.5231943628890194,-1.8378011044620532,2.9157889141730564,0.0,5.776323342152313,0.30778467608384474,-0.3302169997426887,0.9965889672554051,-1.8378011044620532
Shanxi,山西,2016,2016P11.txt,22040,1,0.4537205081669691,1,49,22.23230490018149,1,10,4.537205081669692,1,15,6.805807622504537,1,9,4.083484573502722,1,6,2.722323049001815,1,0.0,0.4537205081669691,0.1512401693889897,28.089887640449437,-5.857582740267947,24.211918946309353,6.179775280898877,-1.6425701992291852,5.529656989127868,7.303370786516854,-0.49756316401231615,7.247588731760312,3.932584269662921,0.1509003038398009,3.650688048524387,1.6853932584269662,1.0369297905748487,2.6436368901059333,0.4537205081669691,-5.857582740267947,-1.6425701992291852,-0.49756316401231615,0.1509003038398009,1.0369297905748487
Shanxi,山西,2017,2017P11.txt,20956,0,0.0,0,26,12.40694789081886,1,1,0.47719030349303304,1,11,5.249093338423363,1,18,8.589425462874594,1,3,1.431570910479099,1,0.4537205081669691,-0.4537205081669691,0.1512401693889897,22.23230490018149,-9.82535700936263,20.909713477149932,4.537205081669692,-4.060014778176659,3.731390222020534,6.805807622504537,-1.556714284081174,6.452757249148251,4.083484573502722,4.505940889371872,5.53516476868008,2.722323049001815,-1.2907521385227159,1.9464290726359599,-0.4537205081669691,-9.82535700936263,-4.060014778176659,-1.556714284081174,4.505940889371872,-1.2907521385227159
Shanxi,山西,2018,2018P11.txt,22712,0,0.0,0,12,5.2835505459668894,1,3,1.3208876364917224,1,18,7.925325818950335,1,12,5.2835505459668894,1,4,1.7611835153222966,1,0.0,0.0,0.1512401693889897,12.40694789081886,-7.12339734485197,13.307601112322416,0.47719030349303304,0.8436973329986893,2.111761007218149,5.249093338423363,2.6762324805269717,6.660075593292746,8.589425462874594,-3.3058749169077046,5.9854868607814025,1.431570910479099,0.32961260484319754,1.97169249160107,0.0,-7.12339734485197,0.8436973329986893,2.6762324805269717,-3.3058749169077046,0.32961260484319754
Shanxi,山西,2019,2019P11.txt,19140,0,0.0,0,14,7.3145245559038665,1,6,3.134796238244514,1,7,3.6572622779519333,1,13,6.792058516196447,1,13,6.792058516196447,1,0.0,0.0,0.0,5.2835505459668894,2.030974009936977,8.335007664229874,1.3208876364917224,1.8139086017527917,1.6442913927430898,7.925325818950335,-4.268063540998401,5.610560478441877,5.2835505459668894,1.5085079702295578,6.88834484167931,1.7611835153222966,5.0308750008741505,3.328270980665948,0.0,2.030974009936977,1.8139086017527917,-4.268063540998401,1.5085079702295578,5.0308750008741505
Shanxi,山西,2020,2020P11.txt,19280,1,0.5186721991701245,1,21,10.892116182572614,1,3,1.5560165975103735,1,9,4.668049792531121,1,13,6.742738589211618,1,10,5.186721991701245,1,0.0,0.5186721991701245,0.17289073305670818,7.3145245559038665,3.577591626668748,7.830063761481125,3.134796238244514,-1.5787796407341406,2.003900157415537,3.6572622779519333,1.0107875145791874,5.416879296477796,6.792058516196447,-0.04931992698482901,6.272782550458319,6.792058516196447,-1.6053365244952023,4.579988007739996,0.5186721991701245,3.577591626668748,-1.5787796407341406,1.0107875145791874,-0.04931992698482901,-1.6053365244952023
Shanxi,山西,2021,2021P11.txt,17546,0,0.0,0,20,11.398609369656901,1,0,0.0,0,6,3.4195828108970705,1,7,3.9895132793799157,1,4,2.2797218739313805,1,0.5186721991701245,-0.5186721991701245,0.17289073305670818,10.892116182572614,0.5064931870842866,9.86841670271113,1.5560165975103735,-1.5560165975103735,1.5636042785849622,4.668049792531121,-1.2484669816340501,3.9149649604600416,6.742738589211618,-2.7532253098317025,5.841436794929328,5.186721991701245,-2.9070001177698646,4.7528341272763575,-0.5186721991701245,0.5064931870842866,-1.5560165975103735,-1.2484669816340501,-2.7532253098317025,-2.9070001177698646
Shanxi,山西,2022,2022P11.txt,18977,1,0.5269536807714602,1,20,10.539073615429205,1,3,1.5808610423143805,1,11,5.796490488486062,1,9,4.742583126943142,1,5,2.634768403857301,1,0.0,0.5269536807714602,0.3485419599805282,11.398609369656901,-0.8595357542276965,10.943266389219575,0.0,1.5808610423143805,1.0456258799415847,3.4195828108970705,2.3769076775889912,4.628041030638085,3.9895132793799157,0.7530698475632263,5.158278331844892,2.2797218739313805,0.3550465299259207,3.3670707564966427,0.5269536807714602,-0.8595357542276965,1.5808610423143805,2.3769076775889912,0.7530698475632263,0.3550465299259207
Shanxi,山西,2023,2023P11.txt,25922,1,0.3857727027235553,1,41,15.816680811665767,1,1,0.3857727027235553,1,5,1.9288635136177763,1,15,5.78659054085333,1,9,3.4719543245119975,1,0.5269536807714602,-0.14118097804790491,0.3042421278316718,10.539073615429205,5.277607196236563,12.584787932250627,1.5808610423143805,-1.1950883395908252,0.655544581679312,5.796490488486062,-3.867626974868285,3.7149789376669697,4.742583126943142,1.0440074139101876,4.839562315725463,2.634768403857301,0.8371859206546963,2.7954815341002264,-0.14118097804790491,5.277607196236563,-1.1950883395908252,-3.867626974868285,1.0440074139101876,0.8371859206546963
Sichuan,四川,2003,2003P24.txt,14119,0,0.0,0,1,0.7082654578936185,1,0,0.0,0,1,0.7082654578936185,1,0,0.0,0,2,1.416530915787237,1,,,,,,,,,,,,,,,,,,,,,,,,
Sichuan,四川,2004,2004P24.txt,13569,0,0.0,0,2,1.4739479696366717,1,0,0.0,0,2,1.4739479696366717,1,0,0.0,0,0,0.0,0,0.0,0.0,0.0,0.7082654578936185,0.7656825117430532,1.0911067137651451,0.0,0.0,0.0,0.7082654578936185,0.7656825117430532,1.0911067137651451,0.0,0.0,0.0,1.416530915787237,-1.416530915787237,0.7082654578936185,0.0,0.7656825117430532,0.0,0.7656825117430532,0.0,-1.416530915787237
Sichuan,四川,2005,2005P24.txt,14399,0,0.0,0,0,0.0,0,0,0.0,0,1,0.6944926731022988,1,0,0.0,0,0,0.0,0,0.0,0.0,0.0,1.4739479696366717,-1.4739479696366717,0.72740447584343,0.0,0.0,0.0,1.4739479696366717,-0.779455296534373,0.9589020335441963,0.0,0.0,0.0,0.0,0.0,0.472176971929079,0.0,-1.4739479696366717,0.0,-0.779455296534373,0.0,0.0
Sichuan,四川,2006,2006P24.txt,16060,0,0.0,0,2,1.2453300124533002,1,0,0.0,0,2,1.2453300124533002,1,0,0.0,0,2,1.2453300124533002,1,0.0,0.0,0.0,0.0,1.2453300124533002,0.9064259940299907,0.0,0.0,0.0,0.6944926731022988,0.5508373393510014,1.1379235517307569,0.0,0.0,0.0,0.0,1.2453300124533002,0.41511000415110005,0.0,1.2453300124533002,0.0,0.5508373393510014,0.0,1.2453300124533002
Sichuan,四川,2007,2007P24.txt,16151,0,0.0,0,4,2.476626834251749,1,0,0.0,0,6,3.7149402513776235,1,0,0.0,0,1,0.6191567085629373,1,0.0,0.0,0.0,1.2453300124533002,1.2312968217984488,1.2406522822350163,0.0,0.0,0.0,1.2453300124533002,2.4696102389243233,1.8849209789777408,0.0,0.0,0.0,1.2453300124533002,-0.626173303890363,0.6214955736720792,0.0,1.2312968217984488,0.0,2.4696102389243233,0.0,-0.626173303890363
Sichuan,四川,2008,2008P24.txt,17335,0,0.0,0,4,2.307470435535045,1,0,0.0,0,5,2.884338044418806,1,0,0.0,0,1,0.5768676088837612,1,0.0,0.0,0.0,2.476626834251749,-0.16915639871670418,2.0098090940800315,0.0,0.0,0.0,3.7149402513776235,-0.8306022069588175,2.6148694360832434,0.0,0.0,0.0,0.6191567085629373,-0.042289099679176045,0.8137847766333328,0.0,-0.16915639871670418,0.0,-0.8306022069588175,0.0,-0.042289099679176045
Sichuan,四川,2009,2009P24.txt,18157,0,0.0,0,3,1.6522553285234345,1,0,0.0,0,3,1.6522553285234345,1,1,0.5507517761744781,1,0,0.0,0,0.0,0.0,0.0,2.307470435535045,-0.6552151070116103,2.1454508661034097,0.0,0.0,0.0,2.884338044418806,-1.2320827158953715,2.750511208106621,0.0,0.5507517761744781,0.1835839253914927,0.5768676088837612,-0.5768676088837612,0.3986747724822328,0.0,-0.6552151070116103,0.0,-1.2320827158953715,0.5507517761744781,-0.5768676088837612
Sichuan,四川,2010,2010P24.txt,16776,0,0.0,0,1,0.5960896518836433,1,1,0.5960896518836433,1,3,1.78826895565093,1,1,0.5960896518836433,1,2,1.1921793037672865,1,0.0,0.0,0.0,1.6522553285234345,-1.0561656766397913,1.5186051386473742,0.0,0.5960896518836433,0.19869655062788108,1.6522553285234345,0.13601362712749543,2.10828744286439,0.5507517761744781,0.04533787570916514,0.3822804760193738,0.0,1.1921793037672865,0.589682304217016,0.0,-1.0561656766397913,0.5960896518836433,0.13601362712749543,0.04533787570916514,1.1921793037672865
Sichuan,四川,2011,2011P24.txt,20203,0,0.0,0,1,0.4949759936643073,1,0,0.0,0,7,3.464831955650151,1,1,0.4949759936643073,1,1,0.4949759936643073,1,0.0,0.0,0.0,0.5960896518836433,-0.10111365821933599,0.9144403246904617,0.5960896518836433,-0.5960896518836433,0.19869655062788108,1.78826895565093,1.6765629999992209,2.3017854132748385,0.5960896518836433,-0.10111365821933599,0.5472724739074762,1.1921793037672865,-0.6972033101029793,0.5623850991438646,0.0,-0.10111365821933599,-0.5960896518836433,1.6765629999992209,-0.10111365821933599,-0.6972033101029793
Sichuan,四川,2012,2012P24.txt,19647,0,0.0,0,0,0.0,0,0,0.0,0,7,3.5628849188171223,1,0,0.0,0,3,1.5269506794930523,1,0.0,0.0,0.0,0.4949759936643073,-0.4949759936643073,0.36368854851598353,0.0,0.0,0.19869655062788108,3.464831955650151,0.09805296316697154,2.9386619433727343,0.4949759936643073,-0.4949759936643073,0.36368854851598353,0.4949759936643073,1.031974685828745,1.071368658974882,0.0,-0.4949759936643073,0.0,0.09805296316697154,-0.4949759936643073,1.031974685828745
Sichuan,四川,2013,2013P24.txt,17558,0,0.0,0,2,1.1390818999886092,1,0,0.0,0,5,2.847704749971523,1,2,1.1390818999886092,1,2,1.1390818999886092,1,0.0,0.0,0.0,0.0,1.1390818999886092,0.5446859645509722,0.0,0.0,0.0,3.5628849188171223,-0.7151801688455994,3.2918072081462655,0.0,1.1390818999886092,0.5446859645509722,1.5269506794930523,-0.3878687795044431,1.0536695243819896,0.0,1.1390818999886092,0.0,-0.7151801688455994,1.1390818999886092,-0.3878687795044431
Sichuan,四川,2014,2014P24.txt,14812,0,0.0,0,5,3.3756413718606537,1,0,0.0,0,12,8.101539292465569,1,0,0.0,0,0,0.0,0,0.0,0.0,0.0,1.1390818999886092,2.2365594718720443,1.5049077572830878,0.0,0.0,0.0,2.847704749971523,5.253834542494046,4.8373763204180715,1.1390818999886092,-1.1390818999886092,0.37969396666286975,1.1390818999886092,-1.1390818999886092,0.8886775264938871,0.0,2.2365594718720443,0.0,5.253834542494046,-1.1390818999886092,-1.1390818999886092
Sichuan,四川,2015,2015P24.txt,15509,0,0.0,0,3,1.934360693790702,1,0,0.0,0,13,8.382229673093043,1,5,3.22393448965117,1,1,0.644786897930234,1,0.0,0.0,0.0,3.3756413718606537,-1.4412806780699516,2.1496946552133216,0.0,0.0,0.0,8.101539292465569,0.2806903806274743,6.443824571843379,0.0,3.22393448965117,1.454338796546593,0.0,0.644786897930234,0.5946229326396144,0.0,-1.4412806780699516,0.0,0.2806903806274743,3.22393448965117,0.644786897930234
Sichuan,四川,2016,2016P24.txt,17373,0,0.0,0,4,2.3024233005238015,1,0,0.0,0,4,2.3024233005238015,1,3,1.726817475392851,1,1,0.5756058251309504,1,0.0,0.0,0.0,1.934360693790702,0.36806260673309943,2.5374751220583858,0.0,0.0,0.0,8.382229673093043,-6.079806372569242,6.262064088694138,3.22393448965117,-1.4971170142583192,1.6502506550146736,0.644786897930234,-0.06918107279928365,0.40679757435372815,0.0,0.36806260673309943,0.0,-6.079806372569242,-1.4971170142583192,-0.06918107279928365
Sichuan,四川,2017,2017P24.txt,14421,0,0.0,0,2,1.386866375424728,1,0,0.0,0,4,2.773732750849456,1,4,2.773732750849456,1,3,2.0802995631370917,1,0.0,0.0,0.0,2.3024233005238015,-0.9155569250990736,1.8745501232464106,0.0,0.0,0.0,2.3024233005238015,0.4713094503256543,4.4861285748221,1.726817475392851,1.046915275456605,2.574828238631159,0.5756058251309504,1.5046937380061414,1.100230762066092,0.0,-0.9155569250990736,0.0,0.4713094503256543,1.046915275456605,1.5046937380061414
Sichuan,四川,2018,2018P24.txt,17994,0,0.0,0,2,1.1114816049794376,1,0,0.0,0,9,5.001667222407469,1,4,2.222963209958875,1,2,1.1114816049794376,1,0.0,0.0,0.0,1.386866375424728,-0.2753847704452903,1.6002570936426557,0.0,0.0,0.0,2.773732750849456,2.227934471558013,3.3592744245935755,2.773732750849456,-0.5507695408905806,2.241171145400394,2.0802995631370917,-0.9688179581576541,1.2557956644158266,0.0,-0.2753847704452903,0.0,2.227934471558013,-0.5507695408905806,-0.9688179581576541
Sichuan,四川,2019,2019P24.txt,15107,0,0.0,0,1,0.6619447938041967,1,0,0.0,0,8,5.2955583504335735,1,3,1.9858343814125903,1,3,1.9858343814125903,1,0.0,0.0,0.0,1.1114816049794376,-0.4495368111752409,1.0534309247361209,0.0,0.0,0.0,5.001667222407469,0.29389112802610473,4.356986107896833,2.222963209958875,-0.23712882854628492,2.3275101140736405,1.1114816049794376,0.8743527764331527,1.7258718498430399,0.0,-0.4495368111752409,0.0,0.29389112802610473,-0.23712882854628492,0.8743527764331527
Sichuan,四川,2020,2020P24.txt,17196,0,0.0,0,0,0.0,0,0,0.0,0,4,2.3261223540358222,1,0,0.0,0,6,3.4891835310537336,1,0.0,0.0,0.0,0.6619447938041967,-0.6619447938041967,0.5911421329278781,0.0,0.0,0.0,5.2955583504335735,-2.9694359963977512,4.207782642292288,1.9858343814125903,-1.9858343814125903,1.4029325304571554,1.9858343814125903,1.5033491496411433,2.1954998391485874,0.0,-0.6619447938041967,0.0,-2.9694359963977512,-1.9858343814125903,1.5033491496411433
Sichuan,四川,2021,2021P24.txt,20663,0,0.0,0,0,0.0,0,0,0.0,0,6,2.9037409863040216,1,2,0.9679136621013406,1,2,0.9679136621013406,1,0.0,0.0,0.0,0.0,0.0,0.22064826460139889,0.0,0.0,0.0,2.3261223540358222,0.5776186322681993,3.508473896924473,0.0,0.9679136621013406,0.9845826811713102,3.4891835310537336,-2.521269868952393,2.1476438581892214,0.0,0.0,0.0,0.5776186322681993,0.9679136621013406,-2.521269868952393
Sichuan,四川,2022,2022P24.txt,20560,1,0.48638132295719844,1,5,2.431906614785992,1,0,0.0,0,6,2.9182879377431905,1,11,5.3501945525291825,1,6,2.9182879377431905,1,0.0,0.48638132295719844,0.1621271076523995,0.0,2.431906614785992,0.8106355382619973,0.0,0.0,0.0,2.9037409863040216,0.014546951439168954,2.716050426027678,0.9679136621013406,4.382280890427842,2.1060360715435076,0.9679136621013406,1.9503742756418498,2.4584617102994217,0.48638132295719844,2.431906614785992,0.0,0.014546951439168954,4.382280890427842,1.9503742756418498
Sichuan,四川,2023,2023P24.txt,24154,1,0.41401010184648507,1,1,0.41401010184648507,1,0,0.0,0,5,2.0700505092324253,1,16,6.624161629543761,1,9,3.7260909166183653,1,0.48638132295719844,-0.07237122111071337,0.3001304749345612,2.431906614785992,-2.017896512939507,0.9486389055441591,0.0,0.0,0.0,2.9182879377431905,-0.8482374285107652,2.630693144426546,5.3501945525291825,1.2739670770145786,4.314089948058094,2.9182879377431905,0.8078029788751748,2.5374308388209657,-0.07237122111071337,-2.017896512939507,0.0,-0.8482374285107652,1.2739670770145786,0.8078029788751748
Tianjin,天津,2003,2003P2.txt,15771,0,0.0,0,0,0.0,0,0,0.0,0,1,0.6340752013188764,1,5,3.170376006594382,1,1,0.6340752013188764,1,,,,,,,,,,,,,,,,,,,,,,,,
Tianjin,天津,2004,2004P2.txt,16200,0,0.0,0,0,0.0,0,0,0.0,0,1,0.6172839506172839,1,2,1.2345679012345678,1,0,0.0,0,0.0,0.0,0.0,0.0,0.0,0.0,0.0,0.0,0.0,0.6340752013188764,-0.016791250701592486,0.6256795759680802,3.170376006594382,-1.9358081053598142,2.202471953914475,0.6340752013188764,-0.6340752013188764,0.3170376006594382,0.0,0.0,0.0,-0.016791250701592486,-1.9358081053598142,-0.6340752013188764
Tianjin,天津,2005,2005P2.txt,16507,0,0.0,0,1,0.605803598473375,1,0,0.0,0,1,0.605803598473375,1,2,1.21160719694675,1,0,0.0,0,0.0,0.0,0.0,0.0,0.605803598473375,0.2019345328244583,0.0,0.0,0.0,0.6172839506172839,-0.011480352143908967,0.6190542501365117,1.2345679012345678,-0.022960704287817935,1.8721837015918998,0.0,0.0,0.21135840043962548,0.0,0.605803598473375,0.0,-0.011480352143908967,-0.022960704287817935,0.0
Tianjin,天津,2006,2006P2.txt,15749,0,0.0,0,1,0.634960949901581,1,0,0.0,0,0,0.0,0,2,1.269921899803162,1,0,0.0,0,0.0,0.0,0.0,0.605803598473375,0.02915735142820608,0.41358818279165205,0.0,0.0,0.0,0.605803598473375,-0.605803598473375,0.40769584969688627,1.21160719694675,0.05831470285641216,1.2386989993281599,0.0,0.0,0.0,0.0,0.02915735142820608,0.0,-0.605803598473375,0.05831470285641216,0.0
Tianjin,天津,2007,2007P2.txt,16103,0,0.0,0,0,0.0,0,0,0.0,0,4,2.4840091908340063,1,5,3.1050114885425075,1,1,0.6210022977085016,1,0.0,0.0,0.0,0.634960949901581,-0.634960949901581,0.41358818279165205,0.0,0.0,0.0,0.0,2.4840091908340063,1.0299375964357937,1.269921899803162,1.8350895887393455,1.8621801950974735,0.0,0.6210022977085016,0.20700076590283387,0.0,-0.634960949901581,0.0,2.4840091908340063,1.8350895887393455,0.6210022977085016
Tianjin,天津,2008,2008P2.txt,19049,0,0.0,0,0,0.0,0,0,0.0,0,3,1.5748858207779937,1,1,0.5249619402593312,1,2,1.0499238805186624,1,0.0,0.0,0.0,0.0,0.0,0.21165364996719369,0.0,0.0,0.0,2.4840091908340063,-0.9091233700560126,1.3529650038706666,3.1050114885425075,-2.5800495482831765,1.6332984428683337,0.6210022977085016,0.4289215828101608,0.5569753927423879,0.0,0.0,0.0,-0.9091233700560126,-2.5800495482831765,0.4289215828101608
Tianjin,天津,2009,2009P2.txt,17103,0,0.0,0,0,0.0,0,0,0.0,0,2,1.1693854879260948,1,3,1.7540782318891424,1,3,1.7540782318891424,1,0.0,0.0,0.0,0.0,0.0,0.0,0.0,0.0,0.0,1.5748858207779937,-0.4055003328518989,1.7427601665126982,0.5249619402593312,1.2291162916298113,1.7946838868969934,1.0499238805186624,0.70415435137048,1.1416681367054355,0.0,0.0,0.0,-0.4055003328518989,1.2291162916298113,0.70415435137048
Tianjin,天津,2010,2010P2.txt,16318,1,0.6128201985537444,1,0,0.0,0,0,0.0,0,2,1.2256403971074887,1,3,1.838460595661233,1,1,0.6128201985537444,1,0.0,0.6128201985537444,0.2042733995179148,0.0,0.0,0.0,0.0,0.0,0.0,1.1693854879260948,0.056254909181393975,1.3233039019371924,1.7540782318891424,0.08438236377209063,1.3725002559365687,1.7540782318891424,-1.141258033335398,1.1389407703205163,0.6128201985537444,0.0,0.0,0.056254909181393975,0.08438236377209063,-1.141258033335398
Tianjin,天津,2011,2011P2.txt,17358,0,0.0,0,0,0.0,0,0,0.0,0,1,0.5761032377001959,1,6,3.456619426201175,1,0,0.0,0,0.6128201985537444,-0.6128201985537444,0.2042733995179148,0.0,0.0,0.0,0.0,0.0,0.0,1.2256403971074887,-0.6495371594072928,0.9903763742445931,1.838460595661233,1.6181588305399421,2.3497194179171834,0.6128201985537444,-0.6128201985537444,0.7889661434809624,-0.6128201985537444,0.0,0.0,-0.6495371594072928,1.6181588305399421,-0.6128201985537444
Tianjin,天津,2012,2012P2.txt,14959,0,0.0,0,0,0.0,0,0,0.0,0,3,2.005481649842904,1,6,4.010963299685808,1,0,0.0,0,0.0,0.0,0.2042733995179148,0.0,0.0,0.0,0.0,0.0,0.0,0.5761032377001959,1.4293784121427082,1.2690750948835297,3.456619426201175,0.5543438734846329,3.102014440516072,0.0,0.0,0.20427339951791487,0.0,0.0,0.0,1.4293784121427082,0.5543438734846329,0.0
Tianjin,天津,2013,2013P2.txt,16507,0,0.0,0,0,0.0,0,0,0.0,0,2,1.21160719694675,1,2,1.21160719694675,1,3,1.8174107954201248,1,0.0,0.0,0.0,0.0,0.0,0.0,0.0,0.0,0.0,2.005481649842904,-0.7938744528961541,1.2643973614966166,4.010963299685808,-2.799356102739058,2.8930633076112446,0.0,1.8174107954201248,0.6058035984733751,0.0,0.0,0.0,-0.7938744528961541,-2.799356102739058,1.8174107954201248
Tianjin,天津,2014,2014P2.txt,13993,0,0.0,0,0,0.0,0,0,0.0,0,4,2.8585721432144644,1,3,2.143929107410848,1,0,0.0,0,0.0,0.0,0.0,0.0,0.0,0.0,0.0,0.0,0.0,1.21160719694675,1.6469649462677145,2.025220330001373,1.21160719694675,0.9323219104640983,2.455499868014469,1.8174107954201248,-1.8174107954201248,0.6058035984733751,0.0,0.0,0.0,1.6469649462677145,0.9323219104640983,-1.8174107954201248
Tianjin,天津,2015,2015P2.txt,12295,0,0.0,0,0,0.0,0,0,0.0,0,2,1.626677511183408,1,4,3.253355022366816,1,1,0.813338755591704,1,0.0,0.0,0.0,0.0,0.0,0.0,0.0,0.0,0.0,2.8585721432144644,-1.2318946320310564,1.8989522837815407,2.143929107410848,1.1094259149559678,2.202963775574805,0.0,0.813338755591704,0.8769165170039429,0.0,0.0,0.0,-1.2318946320310564,1.1094259149559678,0.813338755591704
Tianjin,天津,2016,2016P2.txt,13159,0,0.0,0,1,0.7599361653621096,1,0,0.0,0,4,3.0397446614484385,1,3,2.279808496086329,1,3,2.279808496086329,1,0.0,0.0,0.0,0.0,0.7599361653621096,0.2533120551207032,0.0,0.0,0.0,1.626677511183408,1.4130671502650305,2.508331438615437,3.253355022366816,-0.973546526280487,2.559030875287998,0.813338755591704,1.466469740494625,1.0310490838926778,0.0,0.7599361653621096,0.0,1.4130671502650305,-0.973546526280487,1.466469740494625
Tianjin,天津,2017,2017P2.txt,12901,0,0.0,0,1,0.7751337105650725,1,0,0.0,0,8,6.20106968452058,1,0,0.0,0,1,0.7751337105650725,1,0.0,0.0,0.0,0.7599361653621096,0.015197545202962903,0.5116899586423941,0.0,0.0,0.0,3.0397446614484385,3.1613250230721417,3.6224972857174755,2.279808496086329,-2.279808496086329,1.8443878394843818,2.279808496086329,-1.5046747855212566,1.2894269874143685,0.0,0.015197545202962903,0.0,3.1613250230721417,-2.279808496086329,-1.5046747855212566
Tianjin,天津,2018,2018P2.txt,16709,1,0.5984798611526723,1,1,0.5984798611526723,1,0,0.0,0,7,4.189359028068705,1,3,1.7954395834580166,1,1,0.5984798611526723,1,0.0,0.5984798611526723,0.19949328705089076,0.7751337105650725,-0.17665384941240025,0.7111832456932848,0.0,0.0,0.0,6.20106968452058,-2.011710656451875,4.476724458012575,0.0,1.7954395834580166,1.3584160265147818,0.7751337105650725,-0.17665384941240025,1.2178073559346914,0.5984798611526723,-0.17665384941240025,0.0,-2.011710656451875,1.7954395834580166,-0.17665384941240025
Tianjin,天津,2019,2019P2.txt,17852,1,0.5601613264620211,1,1,0.5601613264620211,1,0,0.0,0,6,3.360967958772126,1,5,2.8008066323101053,1,3,1.680483979386063,1,0.5984798611526723,-0.03831853469065116,0.38621372920489777,0.5984798611526723,-0.03831853469065116,0.6445916327265887,0.0,0.0,0.0,4.189359028068705,-0.828391069296579,4.583798890453804,1.7954395834580166,1.0053670488520887,1.5320820719227075,0.5984798611526723,1.0820041182333908,1.0180325170346027,-0.03831853469065116,-0.03831853469065116,0.0,-0.828391069296579,1.0053670488520887,1.0820041182333908
Tianjin,天津,2020,2020P2.txt,16864,1,0.5929791271347249,1,2,1.1859582542694498,1,0,0.0,0,4,2.3719165085388996,1,4,2.3719165085388996,1,1,0.5929791271347249,1,0.5601613264620211,0.03281780067270379,0.5838734382498061,0.5601613264620211,0.6257969278074287,0.7815331472947143,0.0,0.0,0.0,3.360967958772126,-0.9890514502332266,3.3074144984599108,2.8008066323101053,-0.4288901237712057,2.3227209081023403,1.680483979386063,-1.0875048522513382,0.9573143225578203,0.03281780067270379,0.6257969278074287,0.0,-0.9890514502332266,-0.4288901237712057,-1.0875048522513382
Tianjin,天津,2021,2021P2.txt,16816,0,0.0,0,2,1.1893434823977165,1,0,0.0,0,7,4.162702188392007,1,3,1.7840152235965747,1,2,1.1893434823977165,1,0.5929791271347249,-0.5929791271347249,0.38438015119891533,1.1859582542694498,0.003385228128266693,0.9784876877097292,0.0,0.0,0.0,2.3719165085388996,1.7907856798531077,3.298528885234344,2.3719165085388996,-0.5879012849423249,2.3189127881485265,0.5929791271347249,0.5963643552629916,1.1542688629728348,-0.5929791271347249,0.003385228128266693,0.0,1.7907856798531077,-0.5879012849423249,0.5963643552629916
Tianjin,天津,2022,2022P2.txt,19352,1,0.5167424555601489,1,0,0.0,0,1,0.5167424555601489,1,5,2.583712277800744,1,5,2.583712277800744,1,2,1.0334849111202977,1,0.0,0.5167424555601489,0.36990719423162455,1.1893434823977165,-1.1893434823977165,0.7917672455557222,0.0,0.5167424555601489,0.1722474851867163,4.162702188392007,-1.5789899105912633,3.0394436582438833,1.7840152235965747,0.7996970542041693,2.246548003312073,1.1893434823977165,-0.15585857127741876,0.9386025068842465,0.5167424555601489,-1.1893434823977165,0.5167424555601489,-1.5789899105912633,0.7996970542041693,-0.15585857127741876
Tianjin,天津,2023,2023P2.txt,22616,0,0.0,0,5,2.2108241952599927,1,1,0.4421648390519986,1,8,3.537318712415989,1,4,1.7686593562079944,1,4,1.7686593562079944,1,0.5167424555601489,-0.5167424555601489,0.1722474851867163,0.0,2.2108241952599927,1.133389225885903,0.5167424555601489,-0.07457761650815026,0.3196357648707158,2.583712277800744,0.9536064346152449,3.4279110595362465,2.583712277800744,-0.8150529215927496,2.0454622858684375,1.0334849111202977,0.7351744450876967,1.3304959165753363,-0.5167424555601489,2.2108241952599927,-0.07457761650815026,0.9536064346152449,-0.8150529215927496,0.7351744450876967
Xinjiang,新疆,2003,2003P30.txt,22532,0,0.0,0,1,0.4438132433871827,1,0,0.0,0,5,2.2190662169359134,1,1,0.4438132433871827,1,5,2.2190662169359134,1,,,,,,,,,,,,,,,,,,,,,,,,
Xinjiang,新疆,2004,2004P30.txt,18633,0,0.0,0,1,0.5366822304513498,1,0,0.0,0,2,1.0733644609026995,1,1,0.5366822304513498,1,0,0.0,0,0.0,0.0,0.0,0.4438132433871827,0.09286898706416707,0.49024773691926626,0.0,0.0,0.0,2.2190662169359134,-1.145701756033214,1.6462153389193066,0.4438132433871827,0.09286898706416707,0.49024773691926626,2.2190662169359134,-2.2190662169359134,1.1095331084679567,0.0,0.09286898706416707,0.0,-1.145701756033214,0.09286898706416707,-2.2190662169359134
Xinjiang,新疆,2005,2005P30.txt,20680,0,0.0,0,10,4.835589941972921,1,1,0.4835589941972921,1,1,0.4835589941972921,1,2,0.9671179883945842,1,5,2.4177949709864603,1,0.0,0.0,0.0,0.5366822304513498,4.298907711521571,1.9386951386038176,0.0,0.4835589941972921,0.16118633139909735,1.0733644609026995,-0.5898054667054075,1.2586632240119684,0.5366822304513498,0.4304357579432344,0.6492044874110389,0.0,2.4177949709864603,1.5456203959741248,0.0,4.298907711521571,0.4835589941972921,-0.5898054667054075,0.4304357579432344,2.4177949709864603
Xinjiang,新疆,2006,2006P30.txt,10899,0,0.0,0,10,9.175153683824204,1,0,0.0,0,0,0.0,0,3,2.7525461051472613,1,2,1.8350307367648409,1,0.0,0.0,0.0,4.835589941972921,4.339563741851284,4.8491419520828245,0.4835589941972921,-0.4835589941972921,0.16118633139909735,0.4835589941972921,-0.4835589941972921,0.5189744850333305,0.9671179883945842,1.785428116752677,1.4187821079977319,2.4177949709864603,-0.5827642342216195,1.4176085692504337,0.0,4.339563741851284,-0.4835589941972921,-0.4835589941972921,1.785428116752677,-0.5827642342216195
Xinjiang,新疆,2007,2007P30.txt,19275,0,0.0,0,12,6.22568093385214,1,0,0.0,0,5,2.594033722438392,1,1,0.5188067444876784,1,2,1.0376134889753568,1,0.0,0.0,0.0,9.175153683824204,-2.949472749972064,6.745474853216422,0.0,0.0,0.16118633139909735,0.0,2.594033722438392,1.0258642388785615,2.7525461051472613,-2.233739360659583,1.4128236126765081,1.8350307367648409,-0.7974172477894841,1.7634797322422193,0.0,-2.949472749972064,0.0,2.594033722438392,-2.233739360659583,-0.7974172477894841
Xinjiang,新疆,2008,2008P30.txt,18041,0,0.0,0,15,8.314394989191287,1,2,1.1085859985588382,1,3,1.6628789978382572,1,7,3.880050994955934,1,5,2.7714649963970954,1,0.0,0.0,0.0,6.22568093385214,2.088714055339147,7.905076535622545,0.0,1.1085859985588382,0.3695286661862794,2.594033722438392,-0.9311547246001346,1.418970906758883,0.5188067444876784,3.3612442504682556,2.383801281530291,1.0376134889753568,1.7338515074217387,1.8813697407124312,0.0,2.088714055339147,1.1085859985588382,-0.9311547246001346,3.3612442504682556,1.7338515074217387
Xinjiang,新疆,2009,2009P30.txt,7250,0,0.0,0,2,2.7586206896551726,1,0,0.0,0,1,1.3793103448275863,1,0,0.0,0,1,1.3793103448275863,1,0.0,0.0,0.0,8.314394989191287,-5.555774299536115,5.766232204232867,1.1085859985588382,-1.1085859985588382,0.3695286661862794,1.6628789978382572,-0.2835686530106709,1.8787410217014118,3.880050994955934,-3.880050994955934,1.466285913147871,2.7714649963970954,-1.3921546515695091,1.7294629434000128,0.0,-5.555774299536115,-1.1085859985588382,-0.2835686530106709,-3.880050994955934,-1.3921546515695091
Xinjiang,新疆,2010,2010P30.txt,21272,0,0.0,0,22,10.342233922527265,1,0,0.0,0,4,1.8804061677322301,1,4,1.8804061677322301,1,2,0.9402030838661151,1,0.0,0.0,0.0,2.7586206896551726,7.583613232872093,7.138416533791243,0.0,0.0,0.3695286661862794,1.3793103448275863,0.5010958229046438,1.640865170132691,0.0,1.8804061677322301,1.9201523875627213,1.3793103448275863,-0.43910726096147124,1.696992808363599,0.0,7.583613232872093,0.0,0.5010958229046438,1.8804061677322301,-0.43910726096147124
Xinjiang,新疆,2011,2011P30.txt,18066,0,0.0,0,11,6.088785564042953,1,0,0.0,0,4,2.214103841470165,1,4,2.214103841470165,1,5,2.7676298018377063,1,0.0,0.0,0.0,10.342233922527265,-4.253448358484312,6.396546725408464,0.0,0.0,0.0,1.8804061677322301,0.3336976737379347,1.8246067846766605,1.8804061677322301,0.3336976737379347,1.3648366697341316,0.9402030838661151,1.8274267179715913,1.6957144101771362,0.0,-4.253448358484312,0.0,0.3336976737379347,0.3336976737379347,1.8274267179715913
Xinjiang,新疆,2012,2012P30.txt,17546,0,0.0,0,8,4.559443747862761,1,1,0.5699304684828451,1,3,1.7097914054485353,1,2,1.1398609369656902,1,5,2.8496523424142253,1,0.0,0.0,0.0,6.088785564042953,-1.5293418161801924,6.996821078144326,0.0,0.5699304684828451,0.18997682282761505,2.214103841470165,-0.5043124360216296,1.9347671382169767,2.214103841470165,-1.0742429045044746,1.7447903153893618,2.7676298018377063,0.08202254057651892,2.1858284093726823,0.0,-1.5293418161801924,0.5699304684828451,-0.5043124360216296,-1.0742429045044746,0.08202254057651892
Xinjiang,新疆,2013,2013P30.txt,19038,0,0.0,0,7,3.6768568126904086,1,0,0.0,0,10,5.2526525895577265,1,4,2.101061035823091,1,5,2.6263262947788633,1,0.0,0.0,0.0,4.559443747862761,-0.8825869351723523,4.7750287081987075,0.5699304684828451,-0.5699304684828451,0.18997682282761505,1.7097914054485353,3.5428611841091913,3.0588492788254755,1.1398609369656902,0.9612000988574005,1.8183419380863153,2.8496523424142253,-0.223326047635362,2.747869479676932,0.0,-0.8825869351723523,-0.5699304684828451,3.5428611841091913,0.9612000988574005,-0.223326047635362
Xinjiang,新疆,2014,2014P30.txt,14292,0,0.0,0,3,2.0990764063811924,1,1,0.6996921354603974,1,8,5.5975370836831795,1,1,0.6996921354603974,1,6,4.198152812762385,1,0.0,0.0,0.0,3.6768568126904086,-1.5777804063092162,3.4451256556447873,0.0,0.6996921354603974,0.4232075346477475,5.2526525895577265,0.34488449412545297,4.186660359563147,2.101061035823091,-1.4013689003626935,1.3135380360830595,2.6263262947788633,1.5718265179835216,3.2247104833184914,0.0,-1.5777804063092162,0.6996921354603974,0.34488449412545297,-1.4013689003626935,1.5718265179835216
Xinjiang,新疆,2015,2015P30.txt,19192,0,0.0,0,13,6.77365568987078,1,1,0.5210504376823677,1,9,4.689453939141309,1,6,3.1263026260942057,1,6,3.1263026260942057,1,0.0,0.0,0.0,2.0990764063811924,4.674579283489587,4.183196302980794,0.6996921354603974,-0.17864169777802974,0.4069141910475884,5.5975370836831795,-0.9080831445418704,5.179881204127405,0.6996921354603974,2.4266104906338084,1.9756852657925645,4.198152812762385,-1.071850186668179,3.3169272445451514,0.0,4.674579283489587,-0.17864169777802974,-0.9080831445418704,2.4266104906338084,-1.071850186668179
Xinjiang,新疆,2016,2016P30.txt,21031,0,0.0,0,3,1.4264656935000712,1,2,0.9509771290000475,1,7,3.3284199515001665,1,6,2.8529313870001425,1,9,4.279397080500214,1,0.0,0.0,0.0,6.77365568987078,-5.347189996370709,3.433065929917348,0.5210504376823677,0.4299266913176798,0.7239065673809376,4.689453939141309,-1.3610339876411426,4.5384703247748845,3.1263026260942057,-0.27337123909406325,2.2263087161849153,3.1263026260942057,1.1530944544060082,3.8679508397856015,0.0,-5.347189996370709,0.4299266913176798,-1.3610339876411426,-0.27337123909406325,1.1530944544060082
Xinjiang,新疆,2017,2017P30.txt,15342,0,0.0,0,2,1.303611002476861,1,0,0.0,0,1,0.6518055012384305,1,5,3.2590275061921523,1,9,5.866249511145874,1,0.0,0.0,0.0,1.4264656935000712,-0.12285469102321023,3.167910795282571,0.9509771290000475,-0.9509771290000475,0.4906758555608051,3.3284199515001665,-2.676614450261736,2.8898931306266356,2.8529313870001425,0.40609611919200983,3.0794205064288334,4.279397080500214,1.58685243064566,4.423983072580098,0.0,-0.12285469102321023,-0.9509771290000475,-2.676614450261736,0.40609611919200983,1.58685243064566
Xinjiang,新疆,2018,2018P30.txt,24214,3,1.2389526720079294,1,5,2.0649211200132154,1,0,0.0,0,16,6.60774758404229,1,3,1.2389526720079294,1,8,3.303873792021145,1,0.0,1.2389526720079294,0.4129842240026431,1.303611002476861,0.7613101175363544,1.5983326053300493,0.0,0.0,0.31699237633334915,0.6518055012384305,5.955942082803859,3.529324345593629,3.2590275061921523,-2.020074834184223,2.4503038550667413,5.866249511145874,-2.562375719124729,4.483173461222411,1.2389526720079294,0.7613101175363544,0.0,5.955942082803859,-2.020074834184223,-2.562375719124729
Xinjiang,新疆,2019,2019P30.txt,20263,0,0.0,0,3,1.4805310171248087,1,0,0.0,0,5,2.4675516952080145,1,5,2.4675516952080145,1,4,1.9740413561664116,1,1.2389526720079294,-1.2389526720079294,0.4129842240026431,2.0649211200132154,-0.5843901028884066,1.6163543798716287,0.0,0.0,0.0,6.60774758404229,-4.140195888834276,3.242368260162912,1.2389526720079294,1.2285990232000852,2.321843957802699,3.303873792021145,-1.3298324358547333,3.714721553111144,-1.2389526720079294,-0.5843901028884066,0.0,-4.140195888834276,1.2285990232000852,-1.3298324358547333
Xinjiang,新疆,2020,2020P30.txt,20258,0,0.0,0,8,3.9490571626024287,1,0,0.0,0,5,2.4681607266265178,1,6,2.9617928719518214,1,6,2.9617928719518214,1,0.0,0.0,0.4129842240026431,1.4805310171248087,2.46852614547762,2.4981697665801508,0.0,0.0,0.0,2.4675516952080145,0.0006090314185032142,3.84782000195894,2.4675516952080145,0.49424117674380685,2.222765746389255,1.9740413561664116,0.9877515157854098,2.7465693400464595,0.0,2.46852614547762,0.0,0.0006090314185032142,0.49424117674380685,0.9877515157854098
Xinjiang,新疆,2021,2021P30.txt,24726,0,0.0,0,11,4.448758391976058,1,0,0.0,0,8,3.2354606487098603,1,9,3.6398932297985924,1,6,2.426595486532395,1,0.0,0.0,0.0,3.9490571626024287,0.49970122937362893,3.292782190567765,0.0,0.0,0.0,2.4681607266265178,0.7672999220833425,2.723724356848131,2.9617928719518214,0.678100357846771,3.023079265652809,2.9617928719518214,-0.5351973854194263,2.454143238216876,0.0,0.49970122937362893,0.0,0.7672999220833425,0.678100357846771,-0.5351973854194263
Xinjiang,新疆,2022,2022P30.txt,28302,0,0.0,0,8,2.8266553600452267,1,0,0.0,0,14,4.946646880079147,1,17,6.006642640096106,1,8,2.8266553600452267,1,0.0,0.0,0.0,4.448758391976058,-1.622103031930831,3.7414903048745707,0.0,0.0,0.0,3.2354606487098603,1.7111862313692865,3.550089418471842,3.6398932297985924,2.3667494102975137,4.2027762472821735,2.426595486532395,0.40005987351283157,2.738347906176481,0.0,-1.622103031930831,0.0,1.7111862313692865,2.3667494102975137,0.40005987351283157
Xinjiang,新疆,2023,2023P30.txt,31340,0,0.0,0,25,7.97702616464582,1,2,0.6381620931716656,1,16,5.105296745373325,1,11,3.509891512444161,1,11,3.509891512444161,1,0.0,0.0,0.0,2.8266553600452267,5.150370804600593,5.084146638889035,0.0,0.6381620931716656,0.21272069772388855,4.946646880079147,0.15864986529417813,4.4291347580541105,6.006642640096106,-2.496751127651945,4.385475794112954,2.8266553600452267,0.6832361523989343,2.921047453007261,0.0,5.150370804600593,0.6381620931716656,0.15864986529417813,-2.496751127651945,0.6832361523989343
Xizang,西藏,2003,2003P31.txt,17337,0,0.0,0,0,0.0,0,0,0.0,0,1,0.5768010613139528,1,2,1.1536021226279056,1,3,1.7304031839418585,1,,,,,,,,,,,,,,,,,,,,,,,,
Xizang,西藏,2004,2004P31.txt,16215,0,0.0,0,0,0.0,0,0,0.0,0,1,0.6167129201356768,1,2,1.2334258402713536,1,2,1.2334258402713536,1,0.0,0.0,0.0,0.0,0.0,0.0,0.0,0.0,0.0,0.5768010613139528,0.03991185882172399,0.5967569907248148,1.1536021226279056,0.07982371764344798,1.1935139814496296,1.7304031839418585,-0.49697734367050495,1.4819145121066062,0.0,0.0,0.0,0.03991185882172399,0.07982371764344798,-0.49697734367050495
Xizang,西藏,2005,2005P31.txt,16280,0,0.0,0,0,0.0,0,0,0.0,0,0,0.0,0,1,0.6142506142506142,1,1,0.6142506142506142,1,0.0,0.0,0.0,0.0,0.0,0.0,0.0,0.0,0.0,0.6167129201356768,-0.6167129201356768,0.3978379938165432,1.2334258402713536,-0.6191752260207394,1.0004261923832911,1.2334258402713536,-0.6191752260207394,1.1926932128212755,0.0,0.0,0.0,-0.6167129201356768,-0.6191752260207394,-0.6191752260207394
Xizang,西藏,2006,2006P31.txt,8580,0,0.0,0,0,0.0,0,0,0.0,0,0,0.0,0,0,0.0,0,4,4.662004662004662,1,0.0,0.0,0.0,0.0,0.0,0.0,0.0,0.0,0.0,0.0,0.0,0.20557097337855892,0.6142506142506142,-0.6142506142506142,0.6158921515073227,0.6142506142506142,4.047754047754048,2.1698937055088767,0.0,0.0,0.0,0.0,-0.6142506142506142,4.047754047754048
Xizang,西藏,2007,2007P31.txt,16481,0,0.0,0,0,0.0,0,0,0.0,0,1,0.6067592985862509,1,0,0.0,0,3,1.8202778957587524,1,0.0,0.0,0.0,0.0,0.0,0.0,0.0,0.0,0.0,0.0,0.6067592985862509,0.20225309952875029,0.0,0.0,0.20475020475020475,4.662004662004662,-2.84172676624591,2.36551105733801,0.0,0.0,0.0,0.6067592985862509,0.0,-2.84172676624591
Xizang,西藏,2008,2008P31.txt,22095,0,0.0,0,0,0.0,0,0,0.0,0,1,0.45259108395564607,1,2,0.9051821679112921,1,4,1.8103643358225843,1,0.0,0.0,0.0,0.0,0.0,0.0,0.0,0.0,0.0,0.6067592985862509,-0.15416821463060482,0.35311679418063235,0.0,0.9051821679112921,0.301727389303764,1.8202778957587524,-0.00991355993616816,2.764215631195333,0.0,0.0,0.0,-0.15416821463060482,0.9051821679112921,-0.00991355993616816
Xizang,西藏,2009,2009P31.txt,19943,0,0.0,0,0,0.0,0,0,0.0,0,0,0.0,0,0,0.0,0,2,1.0028581457152885,1,0.0,0.0,0.0,0.0,0.0,0.0,0.0,0.0,0.0,0.45259108395564607,-0.45259108395564607,0.35311679418063235,0.9051821679112921,-0.9051821679112921,0.301727389303764,1.8103643358225843,-0.8075061901072957,1.544500125765542,0.0,0.0,0.0,-0.45259108395564607,-0.9051821679112921,-0.8075061901072957
Xizang,西藏,2010,2010P31.txt,21148,0,0.0,0,0,0.0,0,0,0.0,0,0,0.0,0,3,1.4185738604123321,1,7,3.3100056742954416,1,0.0,0.0,0.0,0.0,0.0,0.0,0.0,0.0,0.0,0.0,0.0,0.150863694651882,0.0,1.4185738604123321,0.7745853427745414,1.0028581457152885,2.307147528580153,2.0410760519444384,0.0,0.0,0.0,0.0,1.4185738604123321,2.307147528580153
Xizang,西藏,2011,2011P31.txt,22576,0,0.0,0,0,0.0,0,0,0.0,0,6,2.657689581856839,1,5,2.2147413182140325,1,4,1.7717930545712262,1,0.0,0.0,0.0,0.0,0.0,0.0,0.0,0.0,0.0,0.0,2.657689581856839,0.8858965272856131,1.4185738604123321,0.7961674578017004,1.2111050595421216,3.3100056742954416,-1.5382126197242154,2.028218958193986,0.0,0.0,0.0,2.657689581856839,0.7961674578017004,-1.5382126197242154
Xizang,西藏,2012,2012P31.txt,15494,0,0.0,0,0,0.0,0,0,0.0,0,3,1.9362333806634826,1,2,1.290822253775655,1,6,3.872466761326965,1,0.0,0.0,0.0,0.0,0.0,0.0,0.0,0.0,0.0,2.657689581856839,-0.7214562011933565,1.5313076541734407,2.2147413182140325,-0.9239190644383775,1.6413791441340067,1.7717930545712262,2.100673706755739,2.984755163397878,0.0,0.0,0.0,-0.7214562011933565,-0.9239190644383775,2.100673706755739
Xizang,西藏,2013,2013P31.txt,18343,0,0.0,0,0,0.0,0,0,0.0,0,3,1.6355012811426701,1,1,0.5451670937142234,1,7,3.816169655999564,1,0.0,0.0,0.0,0.0,0.0,0.0,0.0,0.0,0.0,1.9362333806634826,-0.3007320995208125,2.076474747887664,1.290822253775655,-0.7456551600614316,1.350243555234637,3.872466761326965,-0.05629710532740129,3.153476490632585,0.0,0.0,0.0,-0.3007320995208125,-0.7456551600614316,-0.05629710532740129
Xizang,西藏,2014,2014P31.txt,16273,0,0.0,0,0,0.0,0,0,0.0,0,2,1.2290296810667978,1,1,0.6145148405333989,1,2,1.2290296810667978,1,0.0,0.0,0.0,0.0,0.0,0.0,0.0,0.0,0.0,1.6355012811426701,-0.40647160007587235,1.6002547809576502,0.5451670937142234,0.06934774681917544,0.8168347293410924,3.816169655999564,-2.587139974932766,2.9725553661311093,0.0,0.0,0.0,-0.40647160007587235,0.06934774681917544,-2.587139974932766
Xizang,西藏,2015,2015P31.txt,12519,0,0.0,0,0,0.0,0,0,0.0,0,5,3.993929227574087,1,2,1.597571691029635,1,5,3.993929227574087,1,0.0,0.0,0.0,0.0,0.0,0.0,0.0,0.0,0.0,1.2290296810667978,2.7648995465072894,2.286153396594518,0.6145148405333989,0.983056850496236,0.9190845417590857,1.2290296810667978,2.7648995465072894,3.01304285488015,0.0,0.0,0.0,2.7648995465072894,0.983056850496236,2.7648995465072894
Xizang,西藏,2016,2016P31.txt,16203,0,0.0,0,0,0.0,0,0,0.0,0,3,1.8515089798185522,1,4,2.4686786397580693,1,9,5.5545269394556565,1,0.0,0.0,0.0,0.0,0.0,0.0,0.0,0.0,0.0,3.993929227574087,-2.1424202477555347,2.3581559628198128,1.597571691029635,0.8711069487284344,1.5602550571070344,3.993929227574087,1.5605977118815693,3.5924952826988474,0.0,0.0,0.0,-2.1424202477555347,0.8711069487284344,1.5605977118815693
Xizang,西藏,2017,2017P31.txt,11753,0,0.0,0,0,0.0,0,0,0.0,0,1,0.8508465923593976,1,1,0.8508465923593976,1,6,5.105079554156386,1,0.0,0.0,0.0,0.0,0.0,0.0,0.0,0.0,0.0,1.8515089798185522,-1.0006623874591547,2.232094933250679,2.4686786397580693,-1.6178320473986716,1.6390323077157005,5.5545269394556565,-0.44944738529927086,4.884511907062043,0.0,0.0,0.0,-1.0006623874591547,-1.6178320473986716,-0.44944738529927086
Xizang,西藏,2018,2018P31.txt,19087,1,0.5239168020118405,1,0,0.0,0,0,0.0,0,7,3.6674176140828836,1,8,4.191334416094724,1,13,6.810918426153926,1,0.0,0.5239168020118405,0.17463893400394684,0.0,0.0,0.0,0.0,0.0,0.0,0.8508465923593976,2.816571021723486,2.123257728753611,0.8508465923593976,3.3404878237353266,2.503619882737397,5.105079554156386,1.7058388719975408,5.823508306588656,0.5239168020118405,0.0,0.0,2.816571021723486,3.3404878237353266,1.7058388719975408
Xizang,西藏,2019,2019P31.txt,15417,0,0.0,0,0,0.0,0,0,0.0,0,4,2.594538496464941,1,5,3.2431731205811767,1,9,5.837711617046118,1,0.5239168020118405,-0.5239168020118405,0.17463893400394684,0.0,0.0,0.0,0.0,0.0,0.0,3.6674176140828836,-1.0728791176179424,2.3709342343024074,4.191334416094724,-0.9481612955135477,2.7617847096784325,6.810918426153926,-0.9732068091078085,5.91790319911881,-0.5239168020118405,0.0,0.0,-1.0728791176179424,-0.9481612955135477,-0.9732068091078085
Xizang,西藏,2020,2020P31.txt,16817,2,1.1892727597074388,1,0,0.0,0,1,0.5946363798537194,1,2,1.1892727597074388,1,5,2.973181899268597,1,5,2.973181899268597,1,0.0,1.1892727597074388,0.5710631872397598,0.0,0.0,0.0,0.0,0.5946363798537194,0.19821212661790646,2.594538496464941,-1.4052657367575023,2.483742956751754,3.2431731205811767,-0.26999122131257947,3.4692298119814993,5.837711617046118,-2.8645297177775206,5.207270647489547,1.1892727597074388,0.0,0.5946363798537194,-1.4052657367575023,-0.26999122131257947,-2.8645297177775206
Xizang,西藏,2021,2021P31.txt,18370,1,0.5443658138268916,1,0,0.0,0,0,0.0,0,6,3.26619488296135,1,10,5.443658138268916,1,14,7.621121393576483,1,1.1892727597074388,-0.6449069458805472,0.5778795245114435,0.0,0.0,0.0,0.5946363798537194,-0.5946363798537194,0.19821212661790646,1.1892727597074388,2.076922123253911,2.35000204637791,2.973181899268597,2.470476239000319,3.8866710527062303,2.973181899268597,4.647939494307886,5.477338303297067,-0.6449069458805472,0.0,-0.5946363798537194,2.076922123253911,2.470476239000319,4.647939494307886
Xizang,西藏,2022,2022P31.txt,10205,0,0.0,0,0,0.0,0,0,0.0,0,3,2.939735423811857,1,8,7.839294463498285,1,5,4.899559039686428,1,0.5443658138268916,-0.5443658138268916,0.5778795245114435,0.0,0.0,0.0,0.0,0.0,0.19821212661790646,3.26619488296135,-0.3264594591494929,2.4650676888268817,5.443658138268916,2.3956363252293684,5.418711500345267,7.621121393576483,-2.7215623538900546,5.164620777510503,-0.5443658138268916,0.0,0.0,-0.3264594591494929,2.3956363252293684,-2.7215623538900546
Xizang,西藏,2023,2023P31.txt,12287,0,0.0,0,0,0.0,0,1,0.8138683161064539,1,2,1.6277366322129079,1,5,4.06934158053227,1,4,3.2554732644258157,1,0.0,0.0,0.18145527127563055,0.0,0.0,0.0,0.0,0.8138683161064539,0.27128943870215133,2.939735423811857,-1.311998791598949,2.6112223129953716,7.839294463498285,-3.769952882966015,5.784098060766492,4.899559039686428,-1.6440857752606126,5.258717899229576,0.0,0.0,0.8138683161064539,-1.311998791598949,-3.769952882966015,-1.6440857752606126
Yunnan,云南,2003,2003P28.txt,18899,0,0.0,0,2,1.0582570506376,1,0,0.0,0,2,1.0582570506376,1,0,0.0,0,2,1.0582570506376,1,,,,,,,,,,,,,,,,,,,,,,,,
Yunnan,云南,2004,2004P28.txt,13962,0,0.0,0,4,2.8649190660363844,1,0,0.0,0,1,0.7162297665090961,1,0,0.0,0,1,0.7162297665090961,1,0.0,0.0,0.0,1.0582570506376,1.8066620153987845,1.961588058336992,0.0,0.0,0.0,1.0582570506376,-0.3420272841285038,0.887243408573348,0.0,0.0,0.0,1.0582570506376,-0.3420272841285038,0.887243408573348,0.0,1.8066620153987845,0.0,-0.3420272841285038,0.0,-0.3420272841285038
Yunnan,云南,2005,2005P28.txt,16151,0,0.0,0,6,3.7149402513776235,1,0,0.0,0,3,1.8574701256888118,1,0,0.0,0,1,0.6191567085629373,1,0.0,0.0,0.0,2.8649190660363844,0.8500211853412392,2.546038789350536,0.0,0.0,0.0,0.7162297665090961,1.1412403591797156,1.2106523142785026,0.0,0.0,0.0,0.7162297665090961,-0.09707305794615884,0.7978811752365443,0.0,0.8500211853412392,0.0,1.1412403591797156,0.0,-0.09707305794615884
Yunnan,云南,2006,2006P28.txt,20886,0,0.0,0,5,2.3939480992052093,1,0,0.0,0,4,1.9151584793641674,1,2,0.9575792396820837,1,4,1.9151584793641674,1,0.0,0.0,0.0,3.7149402513776235,-1.3209921521724142,2.991269138873072,0.0,0.0,0.0,1.8574701256888118,0.05768835367535563,1.4962861238540253,0.0,0.9575792396820837,0.3191930798940279,0.6191567085629373,1.2960017708012301,1.0835149848120669,0.0,-1.3209921521724142,0.0,0.05768835367535563,0.9575792396820837,1.2960017708012301
Yunnan,云南,2007,2007P28.txt,6750,0,0.0,0,3,4.444444444444445,1,0,0.0,0,0,0.0,0,1,1.4814814814814814,1,2,2.962962962962963,1,0.0,0.0,0.0,2.3939480992052093,2.0504963452392353,3.5177775983424255,0.0,0.0,0.0,1.9151584793641674,-1.9151584793641674,1.257542868350993,0.9575792396820837,0.5239022417993977,0.8130202403878549,1.9151584793641674,1.0478044835987954,1.8324260502966894,0.0,2.0504963452392353,0.0,-1.9151584793641674,0.5239022417993977,1.0478044835987954
Yunnan,云南,2008,2008P28.txt,21013,0,0.0,0,3,1.4276876219483177,1,0,0.0,0,8,3.8071669918621804,1,3,1.4276876219483177,1,7,3.331271117879408,1,0.0,0.0,0.0,4.444444444444445,-3.016756822496127,2.7553600551993243,0.0,0.0,0.0,0.0,3.8071669918621804,1.907441823742116,1.4814814814814814,-0.053793859533163735,1.2889161143706276,2.962962962962963,0.3683081549164453,2.7364641867355126,0.0,-3.016756822496127,0.0,3.8071669918621804,-0.053793859533163735,0.3683081549164453
Yunnan,云南,2009,2009P28.txt,18348,0,0.0,0,3,1.6350555918901242,1,0,0.0,0,7,3.81512971441029,1,5,2.7250926531502073,1,3,1.6350555918901242,1,0.0,0.0,0.0,1.4276876219483177,0.2073679699418065,2.502395886094296,0.0,0.0,0.0,3.8071669918621804,0.007962722548109369,2.54076556875749,1.4276876219483177,1.2974050312018897,1.8780872521933354,3.331271117879408,-1.696215525989284,2.6430965575774983,0.0,0.2073679699418065,0.0,0.007962722548109369,1.2974050312018897,-1.696215525989284
Yunnan,云南,2010,2010P28.txt,14061,0,0.0,0,2,1.4223739421093806,1,0,0.0,0,1,0.7111869710546903,1,1,0.7111869710546903,1,1,0.7111869710546903,1,0.0,0.0,0.0,1.6350555918901242,-0.21268164978074355,1.4950390519826078,0.0,0.0,0.0,3.81512971441029,-3.1039427433555993,2.777827892442387,2.7250926531502073,-2.0139056820955172,1.621322415384405,1.6350555918901242,-0.9238686208354339,1.892504560274741,0.0,-0.21268164978074355,0.0,-3.1039427433555993,-2.0139056820955172,-0.9238686208354339
Yunnan,云南,2011,2011P28.txt,18496,0,0.0,0,3,1.6219723183391004,1,0,0.0,0,5,2.703287197231834,1,5,2.703287197231834,1,2,1.0813148788927336,1,0.0,0.0,0.0,1.4223739421093806,0.19959837622971977,1.559800617446202,0.0,0.0,0.0,0.7111869710546903,1.9921002261771437,2.409867960898938,0.7111869710546903,1.9921002261771437,2.046522273812244,0.7111869710546903,0.3701279078380433,1.1425191472791827,0.0,0.19959837622971977,0.0,1.9921002261771437,1.9921002261771437,0.3701279078380433
Yunnan,云南,2012,2012P28.txt,18896,0,0.0,0,8,4.233700254022016,1,0,0.0,0,5,2.6460626587637597,1,2,1.058425063505504,1,0,0.0,0,0.0,0.0,0.0,1.6219723183391004,2.6117279356829153,2.4260155048234995,0.0,0.0,0.0,2.703287197231834,-0.05722453846807429,2.020178942350095,2.703287197231834,-1.64486213372633,1.4909664105973428,1.0813148788927336,-1.0813148788927336,0.5975006166491413,0.0,2.6117279356829153,0.0,-0.05722453846807429,-1.64486213372633,-1.0813148788927336
Yunnan,云南,2013,2013P28.txt,17770,0,0.0,0,4,2.2509848058525606,1,0,0.0,0,2,1.1254924029262803,1,0,0.0,0,2,1.1254924029262803,1,0.0,0.0,0.0,4.233700254022016,-1.982715448169455,2.7022191260712254,0.0,0.0,0.0,2.6460626587637597,-1.5205702558374794,2.158280752973958,1.058425063505504,-1.058425063505504,1.2539040869124458,0.0,1.1254924029262803,0.7356024272730046,0.0,-1.982715448169455,0.0,-1.5205702558374794,-1.058425063505504,1.1254924029262803
Yunnan,云南,2014,2014P28.txt,14682,0,0.0,0,4,2.7244244653316985,1,0,0.0,0,3,2.043318348998774,1,2,1.3622122326658492,1,2,1.3622122326658492,1,0.0,0.0,0.0,2.2509848058525606,0.4734396594791379,3.0697031750687582,0.0,0.0,0.0,1.1254924029262803,0.9178259460724938,1.9382911368962714,0.0,1.3622122326658492,0.8068790987237842,1.1254924029262803,0.23671982973956895,0.8292348785307099,0.0,0.4734396594791379,0.0,0.9178259460724938,1.3622122326658492,0.23671982973956895
Yunnan,云南,2015,2015P28.txt,16196,0,0.0,0,4,2.469745616201531,1,0,0.0,0,7,4.322054828352679,1,0,0.0,0,2,1.2348728081007656,1,0.0,0.0,0.0,2.7244244653316985,-0.25467884913016725,2.4817182957952637,0.0,0.0,0.0,2.043318348998774,2.2787364793539053,2.496955193425911,1.3622122326658492,-1.3622122326658492,0.4540707442219496,1.3622122326658492,-0.12733942456508363,1.2408591478976316,0.0,-0.25467884913016725,0.0,2.2787364793539053,-1.3622122326658492,-0.12733942456508363
Yunnan,云南,2016,2016P28.txt,21244,0,0.0,0,2,0.9414422895876483,1,0,0.0,0,5,2.3536057239691206,1,6,2.824326868762945,1,7,3.295048013556769,1,0.0,0.0,0.0,2.469745616201531,-1.5283033266138828,2.04520412370696,0.0,0.0,0.0,4.322054828352679,-1.9684491043835588,2.9063263004401914,0.0,2.824326868762945,1.395513033809598,1.2348728081007656,2.0601752054560034,1.964044351441128,0.0,-1.5283033266138828,0.0,-1.9684491043835588,2.824326868762945,2.0601752054560034
Yunnan,云南,2017,2017P28.txt,15969,1,0.6262132882459766,1,4,2.504853152983906,1,0,0.0,0,7,4.383493017721836,1,1,0.6262132882459766,1,6,3.7572797294758593,1,0.0,0.6262132882459766,0.20873776274865885,0.9414422895876483,1.5634108633962578,1.9720136862576956,0.0,0.0,0.0,2.3536057239691206,2.0298872937527155,3.6863845233478787,2.824326868762945,-2.198113580516968,1.1501800523363068,3.295048013556769,0.4622317159190903,2.7624001837111316,0.6262132882459766,1.5634108633962578,0.0,2.0298872937527155,-2.198113580516968,0.4622317159190903
Yunnan,云南,2018,2018P28.txt,19491,0,0.0,0,5,2.565286542506798,1,0,0.0,0,10,5.130573085013596,1,5,2.565286542506798,1,5,2.565286542506798,1,0.6262132882459766,-0.6262132882459766,0.20873776274865885,2.504853152983906,0.0604333895228919,2.0038606616927845,0.0,0.0,0.0,4.383493017721836,0.7470800672917601,3.9558906089015173,0.6262132882459766,1.9390732542608216,2.0052755665052397,3.7572797294758593,-1.1919931869690612,3.205871428513142,-0.6262132882459766,0.0604333895228919,0.0,0.7470800672917601,1.9390732542608216,-1.1919931869690612
Yunnan,云南,2019,2019P28.txt,17464,0,0.0,0,2,1.1452130096197892,1,0,0.0,0,1,0.5726065048098946,1,2,1.1452130096197892,1,2,1.1452130096197892,1,0.0,0.0,0.20873776274865885,2.565286542506798,-1.4200735328870089,2.0717842350368314,0.0,0.0,0.0,5.130573085013596,-4.5579665802037015,3.3622242025151086,2.565286542506798,-1.4200735328870089,1.4455709467908544,2.565286542506798,-1.4200735328870089,2.4892597605341487,0.0,-1.4200735328870089,0.0,-4.5579665802037015,-1.4200735328870089,-1.4200735328870089
Yunnan,云南,2020,2020P28.txt,15372,0,0.0,0,4,2.602133749674733,1,0,0.0,0,5,3.2526671870934165,1,2,1.3010668748373666,1,3,1.95160031225605,1,0.0,0.0,0.0,1.1452130096197892,1.456920740054944,2.1042111006004407,0.0,0.0,0.0,0.5726065048098946,2.680060682283522,2.9852822589723025,1.1452130096197892,0.15585386521757738,1.6705221423213177,1.1452130096197892,0.8063873026362607,1.887366621460879,0.0,1.456920740054944,0.0,2.680060682283522,0.15585386521757738,0.8063873026362607
Yunnan,云南,2021,2021P28.txt,17600,0,0.0,0,5,2.840909090909091,1,0,0.0,0,5,2.840909090909091,1,4,2.272727272727273,1,3,1.7045454545454546,1,0.0,0.0,0.0,2.602133749674733,0.23877534123435762,2.196085283401205,0.0,0.0,0.0,3.2526671870934165,-0.4117580961843257,2.2220609276041334,1.3010668748373666,0.9716603978899063,1.5730023857281428,1.95160031225605,-0.24705485771059532,1.6004529254737647,0.0,0.23877534123435762,0.0,-0.4117580961843257,0.9716603978899063,-0.24705485771059532
Yunnan,云南,2022,2022P28.txt,16711,1,0.5984082340973012,1,8,4.787265872778409,1,0,0.0,0,3,1.7952247022919035,1,5,2.9920411704865058,1,1,0.5984082340973012,1,0.0,0.5984082340973012,0.19946941136576704,2.840909090909091,1.9463567818693184,3.410102904454078,0.0,0.0,0.0,2.840909090909091,-1.0456843886171874,2.629600326764803,2.272727272727273,0.7193138977592328,2.1886117726837147,1.7045454545454546,-1.1061372204481534,1.4181846669662683,0.5984082340973012,1.9463567818693184,0.0,-1.0456843886171874,0.7193138977592328,-1.1061372204481534
Yunnan,云南,2023,2023P28.txt,19254,0,0.0,0,3,1.5581177937052042,1,0,0.0,0,4,2.077490391606939,1,11,5.713098576919082,1,3,1.5581177937052042,1,0.5984082340973012,-0.5984082340973012,0.19946941136576704,4.787265872778409,-3.2291480790732052,3.0620975857975683,0.0,0.0,0.0,1.7952247022919035,0.2822656893150355,2.2378747282693108,2.9920411704865058,2.721057406432576,3.659289006710953,0.5984082340973012,0.959709559607903,1.28702382744932,-0.5984082340973012,-3.2291480790732052,0.0,0.2822656893150355,2.721057406432576,0.959709559607903
Zhejiang,浙江,2003,2003P7.txt,15198,0,0.0,0,0,0.0,0,0,0.0,0,2,1.3159626266614028,1,0,0.0,0,1,0.6579813133307014,1,,,,,,,,,,,,,,,,,,,,,,,,
Zhejiang,浙江,2004,2004P7.txt,15608,0,0.0,0,1,0.6406970784213224,1,0,0.0,0,5,3.203485392106612,1,2,1.2813941568426448,1,1,0.6406970784213224,1,0.0,0.0,0.0,0.0,0.6406970784213224,0.3203485392106612,0.0,0.0,0.0,1.3159626266614028,1.8875227654452094,2.2597240093840076,0.0,1.2813941568426448,0.6406970784213224,0.6579813133307014,-0.017284234909379026,0.649339195876012,0.0,0.6406970784213224,0.0,1.8875227654452094,1.2813941568426448,-0.017284234909379026
Zhejiang,浙江,2005,2005P7.txt,15815,0,0.0,0,1,0.6323110970597534,1,0,0.0,0,6,3.7938665823585205,1,2,1.2646221941195068,1,1,0.6323110970597534,1,0.0,0.0,0.0,0.6406970784213224,-0.008385981361568984,0.42433605849369194,0.0,0.0,0.0,3.203485392106612,0.5903811902519083,2.7711048670421783,1.2813941568426448,-0.016771962723137968,0.8486721169873839,0.6406970784213224,-0.008385981361568984,0.643663162937259,0.0,-0.008385981361568984,0.0,0.5903811902519083,-0.016771962723137968,-0.008385981361568984
Zhejiang,浙江,2006,2006P7.txt,15282,0,0.0,0,2,1.3087292239235702,1,0,0.0,0,7,4.580552283732496,1,0,0.0,0,0,0.0,0,0.0,0.0,0.0,0.6323110970597534,0.6764181268638167,0.8605791331348819,0.0,0.0,0.0,3.7938665823585205,0.7866857013739756,3.8593014193992095,1.2646221941195068,-1.2646221941195068,0.8486721169873839,0.6323110970597534,-0.6323110970597534,0.42433605849369194,0.0,0.6764181268638167,0.0,0.7866857013739756,-1.2646221941195068,-0.6323110970597534
Zhejiang,浙江,2007,2007P7.txt,14461,0,0.0,0,1,0.6915151096051448,1,0,0.0,0,4,2.7660604384205794,1,2,1.3830302192102897,1,1,0.6915151096051448,1,0.0,0.0,0.0,1.3087292239235702,-0.6172141143184253,0.8775184768628228,0.0,0.0,0.0,4.580552283732496,-1.8144918453119168,3.713493101503865,0.0,1.3830302192102897,0.8825508044432655,0.0,0.6915151096051448,0.44127540222163275,0.0,-0.6172141143184253,0.0,-1.8144918453119168,1.3830302192102897,0.6915151096051448
Zhejiang,浙江,2008,2008P7.txt,17361,0,0.0,0,1,0.5760036864235931,1,0,0.0,0,8,4.608029491388745,1,2,1.1520073728471862,1,2,1.1520073728471862,1,0.0,0.0,0.0,0.6915151096051448,-0.11551142318155172,0.8587493399841027,0.0,0.0,0.0,2.7660604384205794,1.8419690529681656,3.9848807378472735,1.3830302192102897,-0.23102284636310344,0.8450125306858253,0.6915151096051448,0.4604922632420414,0.614507494150777,0.0,-0.11551142318155172,0.0,1.8419690529681656,-0.23102284636310344,0.4604922632420414
Zhejiang,浙江,2009,2009P7.txt,14550,0,0.0,0,1,0.6872852233676976,1,0,0.0,0,3,2.0618556701030926,1,3,2.0618556701030926,1,2,1.3745704467353952,1,0.0,0.0,0.0,0.5760036864235931,0.11128153694410448,0.6516013397988119,0.0,0.0,0.0,4.608029491388745,-2.5461738212856524,3.1453151999708058,1.1520073728471862,0.9098482972559063,1.5322977540535228,1.1520073728471862,0.22256307388820895,1.0726976430625754,0.0,0.11128153694410448,0.0,-2.5461738212856524,0.9098482972559063,0.22256307388820895
Zhejiang,浙江,2010,2010P7.txt,15525,0,0.0,0,0,0.0,0,0,0.0,0,3,1.932367149758454,1,3,1.932367149758454,1,2,1.288244766505636,1,0.0,0.0,0.0,0.6872852233676976,-0.6872852233676976,0.42109630326376357,0.0,0.0,0.0,2.0618556701030926,-0.12948852034463854,2.8674174370834304,2.0618556701030926,-0.12948852034463854,1.7154100642362442,1.3745704467353952,-0.08632568022975917,1.2716075286960724,0.0,-0.6872852233676976,0.0,-0.12948852034463854,-0.12948852034463854,-0.08632568022975917
Zhejiang,浙江,2011,2011P7.txt,20550,0,0.0,0,1,0.48661800486618007,1,0,0.0,0,8,3.8929440389294405,1,2,0.9732360097323601,1,2,0.9732360097323601,1,0.0,0.0,0.0,0.0,0.48661800486618007,0.3913010760779592,0.0,0.0,0.0,1.932367149758454,1.9605768891709865,2.6290556195969956,1.932367149758454,-0.9591311400260939,1.6558196098646356,1.288244766505636,-0.3150087567732759,1.2120170743244638,0.0,0.48661800486618007,0.0,1.9605768891709865,-0.9591311400260939,-0.3150087567732759
Zhejiang,浙江,2012,2012P7.txt,18247,0,0.0,0,1,0.5480352934728997,1,0,0.0,0,5,2.740176467364498,1,2,1.0960705869457994,1,2,1.0960705869457994,1,0.0,0.0,0.0,0.48661800486618007,0.06141728860671963,0.3448844327796932,0.0,0.0,0.0,3.8929440389294405,-1.1527675715649424,2.8551625520174646,0.9732360097323601,0.12283457721343927,1.3338912488122048,0.9732360097323601,0.12283457721343927,1.1191837877279318,0.0,0.06141728860671963,0.0,-1.1527675715649424,0.12283457721343927,0.12283457721343927
Zhejiang,浙江,2013,2013P7.txt,15277,0,0.0,0,0,0.0,0,0,0.0,0,8,5.236630228447994,1,4,2.618315114223997,1,0,0.0,0,0.0,0.0,0.0,0.5480352934728997,-0.5480352934728997,0.3448844327796932,0.0,0.0,0.0,2.740176467364498,2.4964537610834956,3.956583578247311,1.0960705869457994,1.5222445272781975,1.562540570300719,1.0960705869457994,-1.0960705869457994,0.6897688655593864,0.0,-0.5480352934728997,0.0,2.4964537610834956,1.5222445272781975,-1.0960705869457994
Zhejiang,浙江,2014,2014P7.txt,10930,0,0.0,0,3,2.7447392497712717,1,0,0.0,0,14,12.808783165599268,1,1,0.9149130832570905,1,0,0.0,0,0.0,0.0,0.0,0.0,2.7447392497712717,1.0975915144147237,0.0,0.0,0.0,5.236630228447994,7.572152937151274,6.92852995380392,2.618315114223997,-1.7034020309669065,1.5430995948089625,0.0,0.0,0.3653568623152664,0.0,2.7447392497712717,0.0,7.572152937151274,-1.7034020309669065,0.0
Zhejiang,浙江,2015,2015P7.txt,12215,0,0.0,0,2,1.637331150225133,1,0,0.0,0,9,7.367990176013099,1,1,0.8186655751125665,1,0,0.0,0,0.0,0.0,0.0,2.7447392497712717,-1.1074080995461386,1.460690133332135,0.0,0.0,0.0,12.808783165599268,-5.440792989586169,8.471134523353454,0.9149130832570905,-0.09624750814452399,1.450631257531218,0.0,0.0,0.0,0.0,-1.1074080995461386,0.0,-5.440792989586169,-0.09624750814452399,0.0
Zhejiang,浙江,2016,2016P7.txt,15632,0,0.0,0,2,1.2794268167860798,1,0,0.0,0,15,9.595701125895598,1,5,3.1985670419651995,1,0,0.0,0,0.0,0.0,0.0,1.637331150225133,-0.35790433343905326,1.8871657389274947,0.0,0.0,0.0,7.367990176013099,2.227710949882499,9.924158155835988,0.8186655751125665,2.379901466852633,1.6440485667782856,0.0,0.0,0.0,0.0,-0.35790433343905326,0.0,2.227710949882499,2.379901466852633,0.0
Zhejiang,浙江,2017,2017P7.txt,13690,0,0.0,0,1,0.7304601899196493,1,0,0.0,0,6,4.382761139517896,1,0,0.0,0,0,0.0,0,0.0,0.0,0.0,1.2794268167860798,-0.5489666268664305,1.215739385643621,0.0,0.0,0.0,9.595701125895598,-5.212939986377702,7.1154841471421975,3.1985670419651995,-3.1985670419651995,1.3390775390259222,0.0,0.0,0.0,0.0,-0.5489666268664305,0.0,-5.212939986377702,-3.1985670419651995,0.0
Zhejiang,浙江,2018,2018P7.txt,17680,1,0.5656108597285068,1,0,0.0,0,0,0.0,0,9,5.090497737556561,1,3,1.6968325791855203,1,0,0.0,0,0.0,0.5656108597285068,0.1885369532428356,0.7304601899196493,-0.7304601899196493,0.6699623355685764,0.0,0.0,0.0,4.382761139517896,0.7077365980386645,6.356320000990018,0.0,1.6968325791855203,1.6317998737169066,0.0,0.0,0.0,0.5656108597285068,-0.7304601899196493,0.0,0.7077365980386645,1.6968325791855203,0.0
Zhejiang,浙江,2019,2019P7.txt,16333,1,0.6122573930080206,1,0,0.0,0,0,0.0,0,4,2.4490295720320825,1,3,1.8367721790240616,1,0,0.0,0,0.5656108597285068,0.04664653327951385,0.3926227509121758,0.0,0.0,0.2434867299732166,0.0,0.0,0.0,5.090497737556561,-2.6414681655244783,3.9740961497021794,1.6968325791855203,0.13993959983854132,1.1778682527365272,0.0,0.0,0.0,0.04664653327951385,0.0,0.0,-2.6414681655244783,0.13993959983854132,0.0
Zhejiang,浙江,2020,2020P7.txt,17216,1,0.5808550185873605,1,1,0.5808550185873605,1,0,0.0,0,7,4.065985130111524,1,0,0.0,0,0,0.0,0,0.6122573930080206,-0.03140237442066007,0.586241090441296,0.0,0.5808550185873605,0.19361833952912033,0.0,0.0,0.0,2.4490295720320825,1.6169555580794412,3.8685041465667225,1.8367721790240616,-1.8367721790240616,1.1778682527365272,0.0,0.0,0.0,-0.03140237442066007,0.5808550185873605,0.0,1.6169555580794412,-1.8367721790240616,0.0
Zhejiang,浙江,2021,2021P7.txt,20363,0,0.0,0,5,2.455433875165742,1,1,0.49108677503314835,1,3,1.4732603250994452,1,2,0.9821735500662967,1,1,0.49108677503314835,1,0.5808550185873605,-0.5808550185873605,0.3977041371984604,0.5808550185873605,1.8745788565783812,1.012096297917701,0.0,0.49108677503314835,0.1636955916777161,4.065985130111524,-2.592724805012079,2.6627583424143504,0.0,0.9821735500662967,0.9396485763634527,0.0,0.49108677503314835,0.1636955916777161,-0.5808550185873605,1.8745788565783812,0.49108677503314835,-2.592724805012079,0.9821735500662967,0.49108677503314835
Zhejiang,浙江,2022,2022P7.txt,14472,0,0.0,0,1,0.6909894969596462,1,0,0.0,0,2,1.3819789939192924,1,4,2.7639579878385847,1,2,1.3819789939192924,1,0.0,0.0,0.1936183395291202,2.455433875165742,-1.7644443782060957,1.2424261302375832,0.49108677503314835,-0.49108677503314835,0.1636955916777161,1.4732603250994452,-0.0912813311801528,2.307074816376754,0.9821735500662967,1.781784437772288,1.2487105126349605,0.49108677503314835,0.890892218886144,0.6243552563174802,0.0,-1.7644443782060957,-0.49108677503314835,-0.0912813311801528,1.781784437772288,0.890892218886144
Zhejiang,浙江,2023,2023P7.txt,21670,0,0.0,0,6,2.7688047992616522,1,0,0.0,0,6,2.7688047992616522,1,10,4.614674665436087,1,10,4.614674665436087,1,0.0,0.0,0.0,0.6909894969596462,2.077815302302006,1.9717427237956802,0.0,0.0,0.1636955916777161,1.3819789939192924,1.3868258053423599,1.87468137276013,2.7639579878385847,1.850716677597502,2.786935401113656,1.3819789939192924,3.2326956715167943,2.1625801447961757,0.0,2.077815302302006,0.0,1.3868258053423599,1.850716677597502,3.2326956715167943
