Name,Offcd,Degree,School,Major,Edu_S,Edu_E
官员姓名,官员代码,学历/学位,毕业学校,专业,教育起始时间,教育终止时间
阿勒布斯拜·拉合木,0000000015,大专,,,,
阿木冬·尼牙孜,0000000016,中专,中共中央新疆分局党校,,1950.10,1951.09
艾文礼,0000000023,学习,华北煤炭医学院,党政,1985.09,1987.08
艾文礼,0000000023,本科,中央党校,经济管理,1993.08,1995.12
艾文礼,0000000023,研究生,省委党校,经济管理,1999.09,2001.12
艾学峰,0000000024,本科,东北工学院,计算机科学,1983.09,1987.07
艾学峰,0000000024,研究生,中国人民银行,货币银行学,1989.09,1992.02
安桂武,0000000027,本科,哈尔滨工业大学,工业管理,1986.09,1990.09
安桂武,0000000027,研究生,哈尔滨工业大学,系统工程,1990.09,1993.07
安桂武,0000000027,研究生,长江商学院,工商管理,2003.10,2005.08
安桂武,0000000027,培训,中央党校,,2008.09,2008.11
安启元,0000000034,本科,西北大学,地质,,
安世银,0000000036,大专,,,,
安世银,0000000036,培训,山东大学,经济系干修,1980.08,1982.08
巴风,0000000046,学习,中共中央高级党校,,,
巴特尔,0000000047,大专,内蒙古自治区海拉尔蒙古族师范学校,蒙文,1978.11,1980.08
巴特尔,0000000047,培训,内蒙古自治区委党校,,1982.02,1983.07
巴特尔,0000000047,培训,中央党校,,1988.02,1988.07
巴特尔,0000000047,研究生,复旦大学,政治经济学,1995.09,1998.07
巴特尔,0000000047,研究生,中央党校,政治学,2006.09,2009.07
巴图巴根,0000000048,高中,内蒙古乌兰浩特育成学院,,1942.00,1945.00
巴音朝鲁,0000000049,学习,内蒙古师范大学,政治理论,1980.11,1982.11
巴音朝鲁,0000000049,研究生,吉林大学,国民经济计划与管理,1994.03,1997.03
巴音朝鲁,0000000049,进修,中央党校,,1995.09,1995.11
白栋材,0000000051,学习,中共中央党校,,1936.00,1938.00
白恩培,0000000052,本科,西北工业大学,航海设备与自动控制,1965.08,1970.08
白恩培,0000000052,培训,中央党校,,1987.09,1988.07
白加扎西,0000000054,研究生,省委党校,,,
白介夫,0000000056,本科,绥德简易师范学校,,,1938.00
白介夫,0000000056,学习,北京大学,化工,,1952.00
白立忱,0000000060,本科,沈阳农学院,农业机械化,1960.00,1964.00
白录堂,0000000062,本科,西安矿业学院,采矿专业,,1968.09
白玛赤林,0000000063,本科,西藏民族学院,,1965.09,1969.12
白玛赤林,0000000063,培训,中央党校,,1989.09,1991.07
白玛赤林,0000000063,培训,中央党校,,2000.03,2001.01
白玛赤林,0000000063,研究生,中央党校,党的学说与党的建设,2000.03,2002.01
白润璋,0000000067,本科,天津工学院,化学工学,1963.00,1968.00
白尚成,0000000068,研究生,中央党校,,,
白希,0000000070,本科,中国政法大学,法律,1979.09,1983.07
白希,0000000070,博士,吉林大学,政治学理论,2002.09,2007.12
白向群,0000000073,本科,内蒙古民族师范学院,物理,1980.09,1984.07
白向群,0000000073,研究生,中国社会科学院,市场经济,1996.12,1998.11
白向群,0000000073,博士,中国人民大学,政治经济学,2003.09,2006.07
白雪山,0000000075,本科,中央党校,经济管理,,
白音,0000000076,本科,内蒙古师范学院,数学,,1962.00
白云,0000000077,培训,雁北师范专科学校,,1984.09,1986.07
白云,0000000077,研究生,中国人民大学,工商管理,1994.09,1997.07
白云,0000000077,进修,中央党校,,1996.09,1997.01
白云腾,0000000078,本科,陕西师范大学,中文,,
包钢,0000000087,本科,内蒙古大学,国民经济管理,1987.09,1991.07
包钢,0000000087,培训,内蒙古党校,,2001.09,2002.01
包钢,0000000087,进修,第十九期盟市厅局,,2005.11,2006.01
包钢,0000000087,研究生,内蒙古党校,公共管理,2003.09,2005.12
包钢,0000000087,研究生,清华大学,工商管理,2007.09,2009.07
包惠,0000000088,本科,西南交通大学,桥梁,1980.09,1984.07
包惠,0000000088,培训,铁道部党校,,1994.02,1994.04
包惠,0000000088,培训,成都市赴美高级管理人员培训班,,1999.09,1999.12
包惠,0000000088,研究生,西南交通大学,管理科学与工程,1997.09,2006.06
包惠,0000000088,博士,西南交通大学,管理科学与工程,1997.09,2006.06
包俊臣,0000000090,本科,内蒙古大学,汉语言文学,1965.09,1969.09
包俊臣,0000000090,培训,内蒙古自治区在香港、深圳举办的领导干部培训班,,1996.09,1996.10
包俊臣,0000000090,培训,中央组织部组织部长培训班,,1999.07,1999.08
包满达,0000000091,研究生,中央党校,,,
包振玉,0000000093,,内蒙古财经学院,财政,1982.09,1986.07
薄绍铨,0000000094,本科,,,,
薄熙来,0000000095,本科,北京大学,世界史,1978.02,1979.09
薄熙来,0000000095,研究生,中国社会科学院,国际新闻,1979.09,1982.08
保永康,0000000097,初中,,,,
鲍常青,0000000099,大专,日本国立富山医科药科大学,中文,,
鲍常勇,0000000100,本科,郑州大学,哲学,1985.09,1989.07
鲍常勇,0000000100,研究生,河南省委党校,经济管理,1998.08,2001.06
鲍常勇,0000000100,培训,国家行政学院,,2007.03,2007.06
鲍常勇,0000000100,博士,武汉大学,政治与公共管理学院科学社会主义与国际共产主义运动专业,2007.09,2010.06
鲍常勇,0000000100,博士后,中国社会科学院,理论经济学,2010.10,2012.12
鲍鸿光,0000000101,小学,滑县桑村小学,,1932.05,
鲍志强,0000000103,培训,辽宁省委党校,,1983.09,1984.07
鲍志强,0000000103,本科,辽宁大学,政治,1980.09,1984.09
鲍志强,0000000103,进修,辽宁省委党校,行政管理,1989.05,1991.12
鲍志强,0000000103,培训,中央党校,,1995.09,1996.07
鲍志强,0000000103,研究生,中央党校,科学社会主义,1995.09,1998.07
毕力夫,0000000106,本科,内蒙古医学院,医学,1980.09,1985.08
毕力夫,0000000106,进修,内蒙古政法干校,法律,1987.09,1988.09
毕力夫,0000000106,博士,日本国立富山医科药科大学,预防医学,1990.03,1995.03
毕力夫,0000000106,博士后,英国威尔士医学院卫生研究所,,1997.11,1999.03
毕力夫,0000000106,培训,中央党校,,2006.03,2007.01
边巴扎西,0000000108,预科,西藏民族学院,,1976.10,1984.09
边巴扎西,0000000108,本科,中国人民大学,法学,1984.09,1988.07
边巴扎西,0000000108,培训,中央党校,,2005.03,2005.07
卞翠屏,0000000114,本科,焦作矿业学院,采煤,,1968.00
别必雄,0000000117,大专,湖北农学院,农学,1979.07,1982.08
别必雄,0000000117,函授,湖北农学院,农经,1993.09,1996.07
别必雄,0000000117,研究生,武汉大学,岩土工程,1998.09,2001.06
别必雄,0000000117,研究生,华中师范大学,政治经济学,2003.09,2006.06
布和朝鲁,0000000120,大专,内蒙古自治区锡林郭勒盟师范学校,,1977.09,1979.07
布和朝鲁,0000000120,本科,内蒙古师范大学,教育管理,,
布赫,0000000121,学习,延安陕北公学,,1939.00,
布赫,0000000121,学习,延安民族学院,,,
布赫,0000000121,本科,延安大学,,,1946.00
布小林,0000000122,本科,北京大学,经济法,1980.09,1984.07
布小林,0000000122,博士,吉林大学,法学,1998.09,2001.06
布小林,0000000122,进修,中央党校,,2000.09,2001.01
布小林,0000000122,博士后,中国社会科学院,社会学,2003.09,2006.01
布小林,0000000122,培训,国务院发展研究中心、哈佛大学肯尼迪政府学院、清华大学公共管理学院合作举办的第四期公共管理高级培训班,,2005.06,2005.09
才让太,0000000125,,青海省委党校,民族干部班文秘,1993.09,1995.06
才旺班典,0000000126,培训,中央党校,,1991.09,1992.07
蔡力峰,0000000139,本科,同济大学,工程地质和水文地质,1973.09,1977.01
蔡力峰,0000000139,本科,中央党校,经济管理,1992.08,1994.12
蔡奇,0000000141,本科,福建师范大学,政治经济学,1975.09,1978.08
蔡奇,0000000141,培训,中央党校,,1996.03,1996.07
蔡奇,0000000141,研究生,福建师范大学,经济法律,1994.09,1997.07
蔡奇,0000000141,博士,福建师范大学,政治经济学,1998.09,2001.07
蔡晓明,0000000149,学习,中央党校,政法,1996.07,1998.12
蔡晓明,0000000149,进修,国家行政学院,,2001.03,2001.06
蔡长松,0000000153,本科,湖南师范学院,政治教育,1962.09,1966.09
曹伯纯,0000000158,大专,株洲航空工业学校,,1958.09,1960.08
曹伯纯,0000000158,大专,株洲航空工业专科学校,工具制造,1960.08,1963.12
曹伯纯,0000000158,培训,湖南省委党校,,1981.03,1981.07
曹伯纯,0000000158,进修,北京航空学院,,1982.03,1982.07
曹伯纯,0000000158,培训,中央党校,,1986.09,1987.07
曹存正,0000000160,本科,郑州大学,政治经济,1978.02,1982.01
曹存正,0000000160,研究生,郑州大学,行政管理,1998.09,2000.06
曹新平,0000000180,本科,江苏师范学院,政史,1977.02,1980.03
曹勇,0000000184,进修,苏州大学,,1982.09,1983.07
曹勇,0000000184,进修,中央党校,法律,1999.08,2001.12
曹勇,0000000184,进修,省委党校,政治经济学,2003.02,2004.07
曹征海,0000000192,本科,中国人民大学,基本建设经济,1978.09,1982.09
曹征海,0000000192,培训,内蒙古党校,,1996.09,1997.07
曹征海,0000000192,研究生,林肯大学,工商管理,1998.10,2000.10
曹征海,0000000192,博士,中央民族大学,中国少数民族经济专业,2002.09,2005.06
曹征海,0000000192,培训,中央党校,,2008.03,2008.07
曹中厚,0000000193,本科,太原工学院,水利工程,1961.00,1966.00
曾存,0000000196,学习,喀什农机校,农机化专业,1983.09,1985.08
曾存,0000000196,本科,新疆维吾尔自治区高等教育自学考试,汉语言文学专业,1986.10,1990.09
曾存,0000000196,学习,新疆维吾尔自治区党校,科学社会主义与国际共产主义运动专业,2001.09,2003.07
曾庆红,0000000207,本科,北京工业学院,自动控制,1958.00,1963.00
曾生,0000000210,学习,澳大利亚悉尼商业学院,,,1928.00
曾生,0000000210,本科,中山大学,,,
曾省权,0000000211,本科,四川师范学院,中文,1974.11,1976.08
曾省权,0000000211,培训,省委党校,,1996.10,1996.12
曾省权,0000000211,进修,中央党校,,2001.03,2001.07
曾万明,0000000213,中专,辽宁铁西科技进修学院,商业会计,1983.10,1985.01
曾万明,0000000213,进修,四川电大,,1985.09,1987.08
曾万明,0000000213,进修,省委党校,经济管理,1995.08,1997.12
曾万明,0000000213,研究生,中国社会科学院,市场经济,1996.09,1998.12
曾万明,0000000213,研究生,四川大学,政治经济学,2001.09,2003.06
曾万明,0000000213,研究生,省委党校,现代管理,2003.03,2005.07
曾万明,0000000213,研究生,西南财经大学,工商管理,2005.12,2008.01
曾永涛,0000000221,本科,贵州大学,哲学,1981.09,1985.07
常正国,0000000240,本科,西北师范大学,政治教育,1983.09,1987.09
常正国,0000000240,研究生,西北师范大学,人文地理学,2000.07,2005.01
潮洛蒙,0000000243,本科,延安民族学院,,1940.00,1945.08
潮洛蒙,0000000243,学习,绥远蒙族师范学校,,1934.00,
潮洛蒙,0000000243,学习,巴盟盟立师范学校,,,
潮洛蒙,0000000243,学习,北平蒙藏学校,,,1940.00
潮洛蒙,0000000243,学习,中共中央马列学院,,1951.00,1954.08
车俊,0000000245,函授,华东政法学院,法律,1981.07,1984.07
车俊,0000000245,函授,中央党校,经济管理,1993.08,1995.12
车荣福,0000000246,大专,昆明工学院,采矿,1981.01,1983.01
车荣福,0000000246,培训,经济管理干部国家考试指导委员会,,1985.09,1985.12
车荣福,0000000246,进修,北京经济函授大学,经济管理,1988.01,1989.12
车荣福,0000000246,培训,中央党校,,1995.09,1996.07
陈安丽,0000000250,培训,高校党校,,1993.02,1993.06
陈安丽,0000000250,培训,省委党校,,1998.05,1998.07
陈安丽,0000000250,研究生,中欧国际工商学院,工商管理,2010.03,2012.06
陈安丽,0000000250,研究生,耶鲁大学,,2011.05,
陈安丽,0000000250,培训,中央党校,,2012.02,2012.04
陈安众,0000000252,本科,湖南师范学院,政治,1978.03,1982.01
陈安众,0000000252,研究生,中央党校,科学社会主义原理,1982.01,1984.12
陈邦柱,0000000254,本科,重庆大学,,,1954.00
陈宝根,0000000255,研究生,中央党校,法学理论,,
陈炳宇,0000000261,学习,国民党中央政治学校附属蒙藏学校包头分校师范部,,,1937.00
陈炳宇,0000000261,本科,延安陕北公学,,1939.00,
陈昌旭,0000000267,培训,贵州省遵义地委党校,,1995.03,1995.06
陈昌旭,0000000267,大专,贵州省委党校,经济管理,1994.09,1997.07
陈昌旭,0000000267,本科,中央党校,经济管理,1998.08,2000.12
陈昌旭,0000000267,研究生,中央党校,政治学理论,2003.03,2006.01
陈昌旭,0000000267,培训,贵州省委党校,,2005.09,2005.11
陈昌旭,0000000267,研究生,贵州大学与加拿大魁北克大学席库提米分校合作,项目管理,2008.09,2010.11
陈成,0000000271,大专,华南工学院,无机化工,1974.09,1977.08
陈成,0000000271,大专,海南大学,国际金融贸易,1989.09,1992.07
陈成,0000000271,进修,中央党校,,1996.03,1996.07
陈成,0000000271,研究生,中央党校,经济管理,1997.09,2000.06
陈成,0000000271,培训,中央党校,,2000.03,2001.01
陈春明,0000000275,大专,沈阳黄金专科学校,冶炼,1979.09,1982.07
陈辞,0000000278,本科,北京外国语学院,英语,1971.09,1975.02
陈辞,0000000278,进修,美国弗吉尼亚大学,,1983.12,1984.05
陈辞,0000000278,培训,中央党校,,1998.09,1999.07
陈辞,0000000278,研究生,中央党校,国际政治,1998.09,2001.07
陈德铭,0000000291,研究生,南京大学,数量经济学,1993.06,1996.08
陈德铭,0000000291,研究生,南京大学,企业管理,1996.03,1999.12
陈德荣,0000000292,本科,南京师范大学,,,1985.08
陈德荣,0000000292,研究生,南京理工大学,,,1996.00
陈东,0000000300,大专,广东青年干部学院,,1990.08,1992.07
陈东,0000000300,本科,中央党校,经济管理,1995.08,1997.12
陈东,0000000300,研究生,省社科院,法学,1999.09,2002.07
陈东,0000000300,培训,广东省委党校,,2004.09,2004.12
陈东,0000000300,研究生,北京大学,工商管理,2008.01,2010.07
陈冬,0000000302,研究生,厦门大学,货币银行学,1995.09,1998.07
陈冬,0000000302,进修,福建省委党校,,1998.11,1998.12
陈冬,0000000302,进修,中央党校,,2003.09,2004.01
陈冬,0000000302,培训,中国浦东干部学院,,2006.08,2006.10
陈枫,0000000310,学习,抗日军政大学,,,
陈刚,0000000318,研究生,清华大学,建筑学院城市规划,,
陈根楷,0000000322,大专,中山师范学校学员,,1974.09,1976.07
陈光,0000000323,学习,昌潍师专,,1983.09,1985.06
陈光,0000000323,学习,山东经济学院,统计与会计核算,1994.09,1997.06
陈光,0000000323,本科,山东经济学院,统计与理论专业,1996.09,1999.01
陈光志,0000000330,大专,南充师范学院,中文,1978.09,1979.09
陈光志,0000000330,大专,四川广播电视大学,语文,1982.10,1985.10
陈光志,0000000330,本科,中央党校,经济管理,1995.08,1997.12
陈光志,0000000330,研究生,四川大学,管理科学与工程,1996.09,1999.01
陈光志,0000000330,培训,四川省委党校,,1998.03,1998.06
陈光志,0000000330,培训,中央党校,,2002.03,2003.01
陈贵,0000000331,大专,河北师范大学,中文,1978.12,1980.11
陈贵,0000000331,本科,中央党校,经济管理,1993.08,1995.12
陈贵,0000000331,研究生,北京大学,应用社会学,1998.09,2000.07
陈贵,0000000331,研究生,中央党校,国际政治,2004.07,2006.07
陈国鹰,0000000340,本科,河北工学院,物理,1978.03,1982.06
陈国鹰,0000000340,研究生,河北工学院,半导体物理与器件,1983.09,1986.06
陈国鹰,0000000340,博士,哈尔滨工业大学,物理电子学,1994.05,1998.12
陈国鹰,0000000340,培训,中央党校,,2000.03,2001.01
陈国鹰,0000000340,研究生,中央党校,法学理论,2000.03,2003.01
陈国鹰,0000000340,培训,中组部、国务院发展研究中心、清华大学、美国哈佛大学肯尼迪政府学院,,2006.06,2006.10
陈海波,0000000341,本科,东北工学院,选矿,1979.09,1983.08
陈海波,0000000341,培训,中央党校,,1986.03,1989.08
陈海波,0000000341,研究生,东北大学,管理工程,1993.09,1996.03
陈海波,0000000342,,东北工学院,选矿,1979.09,1983.08
陈海波,0000000342,培训,中央党校,,1986.09,1989.08
陈海波,0000000342,研究生,东北大学,管理工程,1993.09,1996.03
陈海峰,0000000344,培训,贵州省委党校,,1978.08,1979.01
陈海峰,0000000344,进修,中央党校,,1993.02,1993.07
陈海峰,0000000344,培训,中央党校,,1998.09,1999.07
陈海峰,0000000344,研究生,南开大学,工商管理,1996.09,1999.07
陈弘平,0000000349,本科,福州大学,行政管理,1992.09,1995.07
陈弘平,0000000349,研究生,省委党校,经济学,1999.09,2002.07
陈槐珍,0000000363,本科,南方大学,,,
陈辉光,0000000366,学习,中央党校,,1982.09,1983.07
陈吉明,0000000371,本科,四川财经学院,农经,1980.09,1984.07
陈吉明,0000000371,研究生,四川省委党校,经济学,2001.09,2004.06
陈家东,0000000378,本科,中央党校,经济管理,,
陈家记,0000000381,函授,中山大学,经济管理,1987.09,1990.12
陈家记,0000000381,本科,中央党校,经济管理,1993.08,1995.12
陈家记,0000000381,研究生,省委党校,经济管理,1996.07,1999.07
陈家记,0000000381,研究生,澳门科技大学,工商管理,2000.03,2001.08
陈坚,0000000384,本科,西北工业大学,非金属材料及工程,1978.09,1982.08
陈坚,0000000384,学习,北京航空航天大学,航空管理工程,1997.09,2001.11
陈坚,0000000384,培训,中央党校,,2007.03,2008.01
陈建国,0000000387,本科,山东大学,经济,,1982.00
陈建国,0000000388,本科,云南农业大学,农学,,
陈建华,0000000390,本科,北京钢铁学院,冶金机械,1978.10,1982.09
陈建华,0000000390,进修,中央党校,,1996.03,1996.07
陈建华,0000000390,培训,中山大学与英国牛津大学合办的广东省首届高级公务员公共管理知识专题研究班,,2002.04,2002.08
陈建华,0000000390,学习,中山大学,行政管理,2005.09,2008.06
陈建华,0000000391,本科,西北师大,中文,1979.08,1983.07
陈建华,0000000391,培训,中央党校,,1985.09,1988.07
陈建生,0000000393,本科,焦作矿业学院,地质与勘探,1978.02,1982.01
陈建生,0000000393,研究生,焦作矿业学院,瓦斯地质,1985.09,1987.06
陈建生,0000000393,博士,中国矿业大学,管理科学与工程,2001.09,2004.12
陈金彪,0000000405,研究生,浙江省委党校,,,
陈静波,0000000410,学习,延安中共中央党校,,1939.05,
陈俊卿,0000000421,本科,西安冶金建筑学院,工业与民用建筑,1980.09,1984.08
陈俊卿,0000000421,研究生,华中科技大学,工商管理,2004.02,2005.12
陈昆忠,0000000427,研究生,省委党校,,,
陈来立,0000000428,本科,中国科技大学,,,1966.00
陈来立,0000000428,研究生,中央党校,,,
陈利丹,0000000432,函授,北京语言逻辑函授大学,,1980.09,1982.07
陈利丹,0000000432,学习,广西壮族自治区党委党校,哲学,1983.10,1986.06
陈利丹,0000000432,研究生,中央民族大学,民族经济,1996.09,1998.06
陈利丹,0000000432,博士,中央民族大学,中国少数民族经济,2001.09,2004.07
陈绿平,0000000437,大专,华南师范学院,,1980.09,1982.07
陈绿平,0000000437,本科,华南师范学院,无线电电子,1982.09,1985.01
陈绿平,0000000437,进修,华南师范学院,马克思主义哲学,1996.03,1998.01
陈绿平,0000000437,培训,广东省委党校,,1999.08,1999.12
陈绿平,0000000437,培训,中国浦东干部学院,,2005.03,2005.04
陈绿平,0000000437,培训,广东省第九期高级公务员公共行政管理知识专题研究班,,2006.09,2006.12
陈绿平,0000000437,博士,华南师范大学,心理学,2006.09,2009.06
陈绿平,0000000437,培训,中央党校,,2009.03,2009.07
陈茂辉,0000000439,进修,华南师范大学,,1984.09,1986.07
陈茂辉,0000000439,研究生,广东省委党校,经济学,1995.09,1998.07
陈茂辉,0000000439,培训,省第二期市厅级领导干部出国培训班,,2006.07,2006.09
陈明枢,0000000450,培训,中央党校,,1977.00,1978.00
陈明枢,0000000450,培训,中央党校,,1982.00,1983.00
陈明月,0000000452,学习,南京工学院,,,1968.00
陈明月,0000000452,培训,中央党校,,1983.00,1985.00
陈启涛,0000000468,本科,安徽大学,中文,1979.09,1983.08
陈启涛,0000000468,进修,中国科技大学,,1998.09,2001.10
陈强,0000000469,本科,安徽劳动大学,政教,1976.11,1978.09
陈强,0000000469,研究生,中央党校,经济管理,2001.09,2004.07
陈强,0000000470,本科,北京理工大学,,1978.02,1982.01
陈强,0000000470,研究生,北京理工大学,化学工程,1982.01,1999.06
陈强,0000000470,研究生,西北工业大学,工商管理,1982.01,1999.06
陈青,0000000472,大专,庆阳高等师范专科学校,中文,1978.11,1980.09
陈青,0000000472,研究生,兰州大学,民族宗教,1995.09,1998.07
陈青,0000000472,研究生,省委党校,公共管理,2005.09,2008.06
陈庆泉,0000000475,学习,延安中共中央党校,,1939.00,
陈全国,0000000480,本科,郑州大学,政治经济学,1978.03,1981.12
陈全国,0000000480,研究生,武汉理工大学,经济学,1995.03,1997.07
陈荣高,0000000487,研究生,中央党校,经济管理,,
陈荣凯,0000000488,本科,厦门大学,财政金融,1977.03,1979.02
陈荣凯,0000000488,进修,厦门大学,财政学,1995.09,1997.01
陈荣凯,0000000488,博士,厦门大学,财政学,1997.09,2000.07
陈润儿,0000000494,培训,中央党校,,1993.09,1994.07
陈润儿,0000000494,研究生,中央党校,经济管理,1993.09,1996.01
陈少勇,0000000497,学习,福建师范大学,历史专业,1974.09,
陈少勇,0000000497,研究生,厦门大学,世界经济,1995.09,1997.07
陈世礼,0000000505,进修,安徽师范大学,,1982.02,1982.07
陈世礼,0000000505,大专,马鞍山市委党校,,1984.09,1986.07
陈世礼,0000000505,本科,中央党校,,1989.09,1992.07
陈世礼,0000000505,研究生,中央党校,,1993.09,1996.04
陈世礼,0000000505,培训,中央党校,,2000.03,2001.01
陈世南,0000000506,本科,东北工学院,采矿工程,,1969.00
陈叔红,0000000511,培训,湖南师范大学,中文,1983.09,1985.09
陈叔红,0000000511,进修,中央党校,,1992.02,1992.07
陈叔红,0000000511,本科,清华大学,专门史,1995.09,1997.03
陈叔红,0000000511,培训,中央党校,,2002.03,2003.01
陈淑珍,0000000513,进修,凌源县师范学校和辽宁省第-师范学院,数学,1971.06,1973.01
陈淑珍,0000000513,函授,辽宁大学,中文,1980.04,1984.05
陈树德,0000000514,研究生,,,,
陈树隆,0000000515,本科,安徽财贸学院,工业财务与会计,1983.09,1987.07
陈树隆,0000000515,研究生,中国科学技术大学,管理科学与工程,2000.09,2003.12
陈孙文,0000000518,本科,华南工学院,化纤,1964.09,1969.09
陈孙文,0000000518,培训,中央党校,,1996.09,1997.07
陈天会,0000000521,学习,华中农学院,农业经济管理,1984.09,1986.06
陈天会,0000000521,培训,中央党校,,2000.00,
陈铁新,0000000524,本科,沈阳机电学院,铸造,1978.03,1982.01
陈铁新,0000000524,培训,辽宁省委党校,,1982.01,1982.05
陈铁新,0000000524,博士,吉林大学,世界经济,1991.09,1995.12
陈铁新,0000000524,培训,中央党校,,2003.03,2004.02
陈铁雄,0000000525,进修,浙江林学院,林学,1980.11,1982.07
陈同海,0000000526,本科,东北石油学院,采油工程,,1976.09
陈伟,0000000529,本科,解放军信息工程学院,信息系统,1984.09,1988.07
陈伟,0000000530,研究生,哈尔滨工程大学,自动控制理论及应用,1988.08,1990.08
陈伟,0000000530,博士,华东理工大学,工业自动化,1990.09,1993.09
陈伟,0000000530,培训,东北师范大学,,1992.10,1993.08
陈伟,0000000530,博士,日本东京工业大学,经济管理,1993.10,1994.03
陈伟,0000000530,博士,日本东京工业大学,经济管理,1994.04,1997.03
陈伟达,0000000531,本科,上海暨南大学,物理,1933.00,1937.00
陈卫民,0000000533,大专,江西师范学院,中文,1978.03,1981.01
陈卫民,0000000533,研究生,省委党校,法律,1996.09,1998.07
陈卫民,0000000533,研究生,华中科技大学,工商管理,2003.09,2005.06
陈卫民,0000000533,培训,清华大学、美国哈佛大学,,2005.07,2005.09
陈文浩,0000000536,大专,长沙交通学院,,1979.03,1982.01
陈文浩,0000000536,研究生,湖南大学,管理科学与工程,1999.09,2001.06
陈武,0000000540,学习,广西大学,哲学,1978.01,1982.01
陈武,0000000540,进修,联邦德国,宏观经济管理,1990.09,1991.12
陈武,0000000540,研究生,中央党校,法学,1997.09,2000.07
陈喜臣,0000000546,本科,华南师院,中文,,1968.07
陈先运,0000000550,本科,山东农业机械化学院,汽车设计与制造,1979.09,1983.07
陈先运,0000000550,研究生,山东大学,近现代史,1996.09,2000.09
陈先运,0000000550,博士,北京交通大学,产业经济学,2002.09,2006.04
陈向群,0000000552,本科,吉林工业大学,铸造,1979.10,1983.07
陈向群,0000000552,培训,中央党校,,2004.02,2005.01
陈新,0000000560,研究生,,,,
陈新有,0000000564,本科,西安交通大学,涡轮机,1978.09,1982.08
陈新有,0000000564,研究生,电子科技大学,工商管理,2000.09,2003.05
陈新有,0000000564,培训,中央党校,,2007.03,2008.10
陈新有,0000000564,博士,电子科技大学,企业管理,2004.09,2009.05
陈学军,0000000565,学习,中国政法大学,法律,1992.09,1994.07
陈学军,0000000565,进修,中国农业大学,管理科学与工程,1999.01,2000.04
陈学军,0000000565,学习,唐山市委党校,经济管理,1997.09,2000.06
陈学军,0000000565,研究生,省委党校,经济管理,1999.09,2001.12
陈训秋,0000000567,本科,武汉师范学院,中文,1978.04,1981.01
陈训秋,0000000567,培训,中央团校,,1982.05,1982.07
陈训秋,0000000567,培训,中央党校,,1990.09,1991.07
陈训秋,0000000567,培训,中央党校,,1995.09,1996.07
陈训秋,0000000567,研究生,中央党校,经济管理,1994.19,1997.01
陈训秋,0000000567,研究生,华中师范大学,政治经济学,1994.09,1997.06
陈训秋,0000000567,进修,中央党校,,2005.11,2006.01
陈耀光,0000000574,大专,广州教育学院,数学,1979.09,1982.07
陈耀光,0000000574,大专,广州市委党校,行政管理,1983.09,1985.07
陈一光,0000000576,学习,国民师范军政训练班,,1937.02,
陈一光,0000000576,学习,山西民族革命大学,,1938.02,1939.09
陈一光,0000000576,学习,延安抗大三分校,,1939.09,1940.02
陈一光,0000000576,学习,延安中央党校,,1942.02,
陈一新,0000000577,大专,丽水师范专科学校,,1978.10,1981.07
陈一新,0000000577,研究生,浙江省委党校,经济学,1998.09,2001.07
陈义初,0000000578,本科,清华大学,电机制造,1962.09,1968.07
陈义初,0000000578,培训,中共中央党校,,1984.09,1986.07
陈奕威,0000000580,大专,韩山师范专科学校,化学,1978.09,1981.07
陈奕威,0000000580,研究生,广东省委党校,经济学,1995.09,1998.07
陈奕威,0000000580,进修,中央党校,,2001.03,2001.07
陈奕威,0000000580,研究生,长江商学院,工商管理,2004.10,2006.06
陈永奇,0000000583,本科,山西师范大学,,1985.09,
陈永奇,0000000583,研究生,东北财经大学,,,1989.09
陈永奇,0000000583,博士,山西大学,,2002.09,2006.07
陈勇,0000000584,学习,淄博师范学校,,1978.01,1980.01
陈勇,0000000584,进修,山东师范大学,思想政治教育,1985.09,1987.06
陈勇,0000000584,研究生,南开大学,政治经济学,1993.09,1996.06
陈勇,0000000584,本科,中央党校,法律,2001.08,2003.12
陈勇,0000000584,研究生,山东省委党校,经济管理,2004.09,2007.06
陈用志,0000000586,大专,省委党校,,1986.03,1989.02
陈用志,0000000586,培训,中央党校,,1998.00,1999.00
陈越良,0000000596,本科,厦门大学,统计,1979.07,1983.08
陈云贤,0000000599,研究生,福建师范大学,经济学,1983.08,1986.07
陈云贤,0000000599,博士,北京大学,经济学,1988.08,1991.07
陈云贤,0000000599,进修,美国麻省大学波士顿分校,,2000.08,2001.09
陈云贤,0000000599,学习,美国哈佛大学,,2001.04,2001.06
陈云贤,0000000599,学习,美国哈佛大学肯尼迪政府学院,,2003.03,2003.04
陈云贤,0000000599,进修,中央党校,,2008.05,2008.07
陈云贤,0000000599,培训,中国井冈山干部学院,,2010.08,
陈云贤,0000000599,培训,中国延安干部学院,,2011.05,2011.06
陈增光,0000000604,中专,,,,
陈振康,0000000609,本科,上海交通大学,动力机械,,1953.00
陈政高,0000000612,大专,大连海运学院,海洋船舶驾驶,1972.02,1975.01
陈志强,0000000618,大专,,化学,,
陈仲平,0000000624,本科,中央党校(当时称马列学院),,1951.09,1954.08
程安东,0000000642,大专,辽宁省阜新煤矿学校,,,1955.09
程安东,0000000642,本科,合肥工业大学,采矿,,1962.07
程步云,0000000643,本科,山西大学,中文,1964.00,1969.07
程光华,0000000647,研究生,省委党校,,,
程海波,0000000650,本科,,,,
程连元,0000000660,研究生,北京工业大学,管理科学与工程,,
程连元,0000000660,本科,,工学,,
程连元,0000000660,博士,,管理学,,
程维高,0000000673,大专,中央党校,,1981.00,1982.00
程喜昌,0000000675,学习,鞍山第二钢铁学校,轧钢专业,,1956.07
程亚军,0000000680,本科,辽宁省委党校,农学,,
程振山,0000000684,学习,新疆维吾尔自治区奎屯农学院,农田水利,1976.10,1978.02
程振山,0000000684,本科,新疆大学,汉语言文学,1978.11,1982.07
程振山,0000000684,研究生,中央党校,党政干部管理,1985.09,1988.07
程政宁,0000000685,研究生,中央党校,,1983.09,1986.07
程志明,0000000686,本科,郑州粮食学院,,1980.09,1984.07
池必卿,0000000690,高中,太原市友仁中学,,1935.08,
池必卿,0000000690,学习,晋冀豫边区党校,,1938.10,
池秋娜,0000000691,大专,福建集美财经学校,企业财务,1979.09,1981.08
池秋娜,0000000691,进修,厦门大学,,1984.12,1987.06
池秋娜,0000000691,培训,福建省委党校,,1991.09,1993.07
池秋娜,0000000691,培训,福建省委党校,,2000.09,2000.12
池秋娜,0000000691,培训,中央党校,,2007.03,2007.07
仇保兴,0000000697,大专,杭州大学,物理,1974.09,1977.09
仇保兴,0000000697,培训,中央党校,,1989.09,1990.10
仇保兴,0000000697,博士,上海复旦大学,政治经济学,1996.02,1999.01
仇和,0000000699,本科,南京农学院,植物保护,1978.03,1982.01
仇和,0000000699,学习,省委党校,,1985.09,1986.01
仇和,0000000699,培训,江苏省高级管理人才经济研究班,,1995.04,1995.12
储波,0000000702,本科,天津大学,河川枢纽及水电站建筑,1962.09,1967.09
储波,0000000702,培训,中央党校,,1994.03,1994.05
褚光宇,0000000707,大专,哈尔滨电工学院,电缆,,1964.08
次仁,0000000712,培训,中央民院,,1981.09,1982.05
次仁,0000000712,培训,中央党校,,1989.09,1991.07
次仁,0000000712,进修,中央党校,,2000.09,2001.01
丛福奎,0000000721,本科,沈阳轻工学院,发酵工程,1962.00,1966.00
丛文景,0000000724,研究生,武汉大学,工程,,
崔保华,0000000728,大专,解放军西安政治学院,政治工作,1986.03,1989.02
崔保华,0000000728,本科,解放军海军工程学院,管理工程,1996.09,1999.06
崔保华,0000000728,研究生,中共四川省委党校,现代管理,2004.03,2006.06
崔保华,0000000728,研究生,西南交通大学,行政管理,2005.10,2008.06
崔林涛,0000000742,培训,陕西省委党校,,1983.02,1985.02
崔曰臣,0000000756,大专,山东师范学院,中文,1978.09,1980.07
崔曰臣,0000000756,进修,中央党校,,1994.09,1995.01
戴道晋,0000000765,学习,中国青年政治学院,政治教育,1984.08,1986.09
戴道晋,0000000765,研究生,湖南大学,工商管理,1996.09,1998.12
戴征社,0000000778,本科,西北农学院,农业机械化,1978.09,1982.07
戴征社,0000000778,研究生,西北农林科技大学,农业经济,1999.09,2001.09
旦科,0000000784,学习,西北政法学院,法律,1984.06,1985.07
旦科,0000000784,学习,中央民族学院,行政管理,1993.04,1994.12
旦科,0000000784,培训,青海省委党校,,1996.09,1996.11
旦科,0000000784,学习,青海广播电视大学,法律,1996.09,1999.11
旦科,0000000784,研究生,青海省委党校,社会学,2001.02,2004.02
旦科,0000000784,培训,中央党校,,2001.02,2004.02
刀林荫,0000000789,中专,云南省西双版纳州民族师范学校,中师,1973.09,1975.07
刀林荫,0000000789,大专,云南省委党校,党政管理,1986.09,1988.07
刀林荫,0000000789,本科,北京师范大学,政教,1989.09,1991.07
刀林荫,0000000789,研究生,中央党校,马克思主义哲学,2000.09,2003.07
邓保生,0000000790,博士,,,,
邓本元,0000000792,本科,上海交通大学,,,1987.01
邓本元,0000000792,进修,福建省委党校,,1998.11,1998.12
邓本元,0000000792,进修,中央党校,,2002.03,2002.07
邓海光,0000000800,研究生,中央党校,政治学理论,1999.03,2002.06
邓海光,0000000800,研究生,华南农业大学,农业经济管理,2003.09,2006.06
邓海光,0000000800,培训,中央党校,,2008.09,2009.01
邓鸿勋,0000000802,本科,江南大学,工业管理,1949.00,1953.00
邓梁波,0000000809,本科,南京航空航天大学,环境控制,1978.09,1982.07
邓梁波,0000000809,研究生,南京航空航天大学,结构强度与设计,1982.08,1985.01
邓梁波,0000000809,博士,兰州大学,工程力学,1985.03,1988.01
邓梁波,0000000809,博士后,西北工业大学,结构强度与设计,1988.01,1990.07
邓维龙,0000000817,进修,广东省中山大学,,1984.09,1986.08
邓维龙,0000000817,研究生,广东省委党校,经济学,1995.09,1998.07
邓伟根,0000000818,本科,暨南大学,企业管理系工业经济专业,1981.09,1985.09
邓伟根,0000000818,研究生,暨南大学,企业管理系工业经济专业,1985.09,1987.11
邓伟根,0000000818,博士,暨南大学,企业管理系工业经济专业,1987.11,1988.12
邓伟根,0000000818,研究生,暨南大学,企业管理系工业经济专业,1988.12,1992.01
邓先培,0000000820,本科,云南农业大学,农学,,
邓向阳,0000000821,本科,山东师范大学,历史,1978.09,1982.07
邓新民,0000000824,高中,射洪中学,,1964.09,1969.03
邓新民,0000000824,大专,中共四川省委党校,,1983.09,
邓耀华,0000000827,大专,,,,
邓永俭,0000000829,本科,,,,
邓有志,0000000832,本科,湖南师范大学,干训部文史专业,1983.03,1985.02
刁金祥,0000000839,中专,齐齐哈尔化学工业学校,,,
丁大卫,0000000842,本科,江苏省无锡机床职工大学,机械制造,1980.09,1983.05
丁大卫,0000000842,研究生,复旦大学,经济学,1992.09,1994.09
丁大卫,0000000842,培训,江苏省高级管理人才经济研究班,,1995.06,1995.12
丁海中,0000000846,大专,合肥工业大学,长度计量及仪器制造,1973.09,1976.11
丁海中,0000000846,研究生,合肥工业大学,管理工程,1980.09,1982.07
丁海中,0000000846,培训,中央党校,,1987.09,1988.07
丁解民,0000000850,研修,江苏农学院,农学,1980.09,
丁解民,0000000850,培训,中央党校,,1998.09,1999.07
丁解民,0000000850,研究生,中央党校,世界经济,1998.09,2001.07
丁巍,0000000861,本科,郑州大学,历史,1978.10,1982.08
丁巍,0000000861,研究生,天津大学,管理工程,1992.02,1993.12
丁巍,0000000861,培训,中央党校,,1996.09,1997.07
丁巍,0000000861,研究生,中央党校,法学理论,2004.03,2006.01
丁小强,0000000864,研究生,武汉大学,政治经济学,1996.09,1999.06
丁小强,0000000864,博士,武汉大学,政治经济学,2000.09,2004.12
丁小强,0000000864,进修,湖北省委党校,,2006.05,2006.07
丁小强,0000000864,培训,中央党校,,2009.03,2009.07
丁绣峰,0000000866,本科,河北师范大学,中文,1985.09,1987.07
丁绣峰,0000000866,研究生,中央党校,科学社会主义,2004.09,2007.07
丁雪峰,0000000868,本科,山西大学,中文,1986.09,1988.08
丁雪峰,0000000868,研究生,中央党校,经济管理,2000.09,2003.07
董保同,0000000874,本科,北京大学,原子核物理学,1981.09,1985.08
董保同,0000000874,进修,法国核安全与辐射防护研究所,,1987.07,1988.02
董保同,0000000874,本科,中国政法大学,法律,1989.09,1991.08
董保同,0000000874,培训,中央党校,,2005.03,2006.01
董军,0000000885,大专,甘肃省广播电视大学,汉语言文学,1979.09,1982.06
董军,0000000885,本科,中央党校,经济管理,1993.09,1995.07
董军,0000000885,研究生,陕西师范大学,经济学,1997.09,1999.07
董军,0000000885,研究生,西安交通大学,工商管理,2006.09,2009.05
董君舒,0000000886,本科,杭州大学,政治经济学,1978.03,1982.02
董明俊,0000000892,本科,山东矿业学院,矿井建设,1979.09,1983.08
董明俊,0000000892,进修,中央党校,,1997.09,1998.01
董明俊,0000000892,进修,国家行政学院,,2001.03,2001.06
董明俊,0000000892,本科,中央党校,,2000.08,2002.12
董明俊,0000000892,培训,中央党校,,2003.03,2004.01
董明俊,0000000892,研究生,中央党校,经济学,2004.03,2006.02
董绍林,0000000897,本科,哈尔滨师范学院,中文,,
董诗强,0000000898,本科,云南大学,历史,1975.08,1978.08
董诗强,0000000898,研究生,昆明理工大学,经济管理,1996.09,1998.08
董仚生,0000000903,培训,中央党校,,1997.09,1998.07
董仚生,0000000903,研究生,中央党校,经济学,,
董岩,0000000907,本科,山西师范学院,政史,1979.09,1983.08
董岩,0000000907,研究生,南开大学,市场营销,,
董永安,0000000910,本科,西安交通大学,主体动力工程,1978.04,1982.02
都本伟,0000000920,本科,辽宁大学,哲学,,
都本伟,0000000920,研究生,辽宁大学,外国哲学,,
都本伟,0000000920,博士,东北大学,管理工程,,
都伟,0000000922,本科,西北师范大学,,,
都伟,0000000922,学习,中华全国律师函授中心,法律,1987.09,1989.09
都伟,0000000922,培训,省委党校,,1996.09,
都伟,0000000922,研究生,中央党校,经济管理,2001.09,2004.06
杜昌文,0000000924,进修,山东农业机械化学院,,1980.12,1982.09
杜昌文,0000000924,研究生,中国共产党山东省委员会学校,经济管理,1995.09,1997.12
杜崇烟,0000000925,本科,吉首大学,中文,1978.09,1981.07
杜崇烟,0000000925,培训,省委党校,,1994.09,1995.01
杜崇烟,0000000925,研究生,,,,
杜光辉,0000000927,大专,四川省委第二党校,政治经济,1983.09,1985.08
杜吉明,0000000932,大专,黑龙江省电大,中文,1982.09,1985.07
杜吉明,0000000932,研究生,黑龙江大学,经济管理,1993.09,1995.09
杜吉明,0000000932,研究生,哈尔滨工业大学,高级工商管理,2005.06,2007.06
杜善学,0000000944,学习,山西财经大学,会计,1978.03,1982.01
杜善学,0000000944,研究生,山西大学,科学技术哲学,1998.09,2000.09
杜善学,0000000944,培训,中共中央党校,,2001.03,2002.01
杜世成,0000000945,大专,北京农机化学院,,1979.03,1979.09
杜世成,0000000945,进修,中央党校,,1998.03,1998.05
杜世成,0000000945,研究生,中央党校,政治学,1998.09,2001.07
杜永隆,0000000954,学习,晋察冀军区卫生部医生训练队,,1938.00,
杜宇新,0000000955,本科,黑龙江大学,中文,1973.08,1976.08
杜宇新,0000000955,研究生,中央党校,法律,1994.11,1997.04
杜源生,0000000956,本科,福建农学院,果树,,
杜梓,0000000960,本科,内蒙古师范学院,汉语,1975.10,1978.08
段敦厚,0000000964,本科,贵州大学,哲学,1978.09,1982.09
段敦厚,0000000964,培训,中央党校,,1989.09,1990.07
段远明,0000000976,大专,武汉工学院,机电,1971.02,1974.07
段跃庆,0000000977,本科,云南大学,中文,1978.02,1981.01
段跃庆,0000000977,培训,中央党校,,1997.09,1998.07
段志强,0000000978,本科,海拉尔蒙族师范学校,数学,1980.09,1984.08
段志强,0000000978,研究生,中国社会科学院,企业管理,1995.12,1998.11
段志强,0000000978,培训,中组部,,2003.09,2004.01
段志强,0000000978,研究生,中央党校,法学理论,2004.03,2006.01
段志强,0000000978,培训,中央党校,,2012.11,2012.12
多吉次珠,0000000980,中专,西藏自治区阿里地区狮泉河中学,,1976.07,1980.01
多吉次珠,0000000980,培训,中央党校,,1993.09,1994.07
多吉次珠,0000000980,研究生,四川省工商管理学院,工商管理,2003.11,2005.07
多吉泽仁,0000000981,本科,中央民族学院,政治理论,1971.11,1976.02
多吉泽仁,0000000981,培训,中央党校,,1987.09,1989.07
多杰才旦,0000000982,本科,北京师范大学教育系,,1948.09,
多杰才让,0000000983,本科,中央党校,,,
多杰热旦,0000000984,研究生,,,,
多托,0000000985,本科,中央民族学院,政治理论政治经济,1978.10,1982.07
多托,0000000985,培训,中央党校,,1994.09,1995.07
范多富,0000001003,本科,兰州理工大学,,1957.09,
范华平,0000001009,学习,红河州民族师范学校,,1980.09,1982.08
范华平,0000001009,大专,云南省委党校,经济管理,1994.09,1996.07
范华平,0000001009,本科,云南省委党校,经济管理,1996.09,1998.12
范华平,0000001009,进修,中国社科院,,1996.12,1998.11
范锐平,0000001016,本科,武汉大学,党政干部,1984.09,1986.07
范锐平,0000001016,研究生,华中科技大学,行政管理,2005.09,2007.06
范锐平,0000001016,培训,中央党校,,2008.03,2008.07
范锐平,0000001016,研究生,新加坡南洋理工大学,管理经济,2010.03,2011.02
范修芳,0000001021,大专,郑州建筑工程学校,,1979.02,1981.03
范修芳,0000001021,本科,天津大学,基本建设管理工程,1982.09,1984.07
范修芳,0000001021,研究生,河南省委党校,行政管理,1996.09,1999.02
范修芳,0000001021,研修,北京大学、美国哥伦比亚大学、英国政治经济学院、法国政治学院联办的“全球公共政策与管理研讨班,,2009.05,2009.08
范燕青,0000001023,本科,上海交通大学,电气化自动化,1977.03,1980.09
范燕青,0000001023,研究生,中欧国际工商学院,工商管理,2001.03,2003.03
方春明,0000001031,本科,安庆师范学院,政教,1984.09,1986.07
方春明,0000001031,本科,中央党校,政治,1991.08,1993.12
方春明,0000001031,学习,安徽工商管理学院,工商管理,1999.10,2002.04
方春明,0000001031,培训,清华大学、哈佛大学第3期公共管理高级培训班,,2004.06,2004.09
方敏,0000001040,学习,南京军事学院,政治,1952.05,1954.00
方宁,0000001042,本科,安徽大学,,1978.00,1982.00
方宁,0000001042,研究生,中央党校,世界经济,1996.00,1997.00
方宁,0000001042,博士,中国社会科学院,经济管理,1997.00,2003.00
方平,0000001043,本科,中国人民大学,工业经济,1978.09,1982.07
方玮峰,0000001046,本科,北京大学,政治学与行政管理,1985.09,1989.08
方西屏,0000001047,本科,安徽农学院,农经,1978.10,1982.09
方西屏,0000001047,研究生,复旦大学,,,
方小方,0000001049,大专,温江地区师范学校,,1974.08,1976.07
方小方,0000001049,函授,四川师范学院,数学,1979.09,1985.06
方晓宇,0000001050,本科,武汉地质学院,地球物理探矿,1977.03,1980.05
方晓宇,0000001050,培训,中央党校,,1988.09,1989.07
方晓宇,0000001050,研究生,天津大学,管理工程,1993.09,1996.03
方晓宇,0000001050,培训,中央党校,,1994.09,1995.01
方旋,0000001052,研究生,华南师范大学,植物生理,1982.08,1985.06
方旋,0000001052,学习,天津石化部第一设计院,,1975.11,1978.01
方旋,0000001052,学习,公派到澳大利亚学习,,1987.11,1988.04 
方旋,0000001052,研修,中央组织部,,2001.08,2001.09
方旋,0000001052,进修,广东省委党校,,2001.09,2001.12
方旋,0000001052,博士,华中科技大学,管理工程学,1999.02,2002.06
方之焯,0000001057,本科,复旦大学,分析化学,1961.09,
方仲如,0000001059,本科,北京大学,,1922.00,
房俐,0000001062,本科,吉林大学,国民经济管理,,
房俐,0000001062,研究生,吉林大学,世界经济（国际金融）,,
费高云,0000001068,本科,扬州工学院,电子系,1989.09,1993.08
费高云,0000001068,学习,南京大学,公共管理,2001.03,2004.12
费高云,0000001068,研修,省委组织部赴美第十一期高级研讨班,,2009.11,2010.01
丰立祥,0000001070,大专,太原工学院,铸造工艺及设备,1978.03,1981.12
丰立祥,0000001070,研究生,北京科技大学,,1993.08,1995.08
丰立祥,0000001070,博士,南京航空航天大学,,2002.02,2008.10
冯崇泰,0000001073,本科,清华大学,金属学及金属材料,1961.09,1967.09
冯崇泰,0000001073,研究生,中央党校,,1984.09,1986.07
冯改朵,0000001075,研究生,中央党校,,,
冯韶慧,0000001099,本科,河北师范大学,政教,1981.07,1985.07
冯韶慧,0000001099,研究生,新加坡南洋理工大学,管理经济学,,
冯顺桥,0000001102,学习,绍兴师范学校,,1974.11,1976.09
冯顺桥,0000001102,大专,浙江教育学院,英语,1982.09,1984.08
冯顺桥,0000001102,培训,中央党校,马克思主义哲学,2001.03,2002.03
冯顺桥,0000001102,研究生,中央党校,,2001.03,2004.01
冯新柱,0000001110,大专,西安统计学校,统计,1979.10,1981.07
冯新柱,0000001110,大专,陕西广播电视大学,商业企业经营管理,1983.06,1986.06
冯新柱,0000001110,本科,中央党校,经济管理,1993.08,1995.12
冯新柱,0000001110,研究生,陕西财经学院,财政学,1997.09,1999.12
冯新柱,0000001110,博士,西北大学,经济管理,2002.09,2004.07
冯新柱,0000001110,培训,中央党校,,2006.01,2007.01
冯新柱,0000001110,研究生,中央党校,哲学,2007.03,2009.01
冯新柱,0000001110,研究生,西安交通大学,工商管理,2006.10,2009.12
冯煦初,0000001111,本科,同济大学,城建,,
付志方,0000001135,本科,河南大学,历史,1978.10,1982.07
付志方,0000001135,进修,河南省委党校,,1985.09,1986.01
付志方,0000001135,研究生,天津大学,管理工程,1993.09,1996.09
付志方,0000001135,培训,中央党校,,2000.03,2001.01
傅传耀,0000001137,大专,贵阳师范学院,中文,1978.09,1980.08
傅传耀,0000001137,培训,中央党校,,1992.09,1993.07
傅传耀,0000001137,本科,中央党校,经济管理,1993.08,1995.12
傅传耀,0000001137,研究生,中央党校,经济管理,2000.03,2003.01
傅德辉,0000001139,学习,华中农学院,,1983.09,1985.12
傅德辉,0000001139,本科,中央党校,经济管理,1995.09,1997.12
傅德辉,0000001139,研究生,中央党校,经济管理,1997.09,2000.07
傅铁钢,0000001150,本科,黑龙江大学,汉语言文学,1977.03,1980.02
傅铁钢,0000001150,本科,中央党校,党政管理,1989.07,1992.07
傅铁钢,0000001150,研究生,吉林大学,中国社会主义建设,1996.10,1998.04
傅振邦,0000001155,本科,清华大学,水工建筑,1991.09,1996.07
傅振邦,0000001155,本科,清华大学,环境工程,1991.09,1996.07
傅振邦,0000001155,研究生,英国牛津大学,工商管理,2000.08,2001.09
傅振邦,0000001155,博士,中国社会科学院,国民经济管理,2004.09,2007.07
傅振邦,0000001155,培训,湖北省委党校,,2011.04,2011.06
盖如垠,0000001158,大专,中央广播电视大学,机械,1979.04,1982.07
盖如垠,0000001158,研究生,东北大学,管理工程,1994.09,1997.09
甘良淼,0000001160,大专,江西省上高农校,,1978.04,1979.06
冮瑞,0000001163,研究生,中央党校,,,
高材林,0000001167,本科,湖南大学,有机化工,1981.09,1985.08
高材林,0000001167,研究生,辽宁大学,国民经济计划与管理,1987.09,1990.07
高材林,0000001167,博士,清华大学,技术经济,1991.09,1995.06
高德领,0000001170,大专,郑州航空工业管理学院,企业管理,1982.09,1984.07
高登榜,0000001172,本科,安徽淮南矿业学院,机械制造,1978.09,1982.08
高登榜,0000001172,研究生,淮南矿业学院,机械工程,1992.09,1995.07
高广滨,0000001180,本科,长春光机学院,光学仪器,1980.09,1984.07
高广滨,0000001180,培训,中央党校,,1998.09,1999.07
高宏彬,0000001182,培训,辽宁省委党校,,1996.07,1996.08
高宏彬,0000001182,本科,东北大学,铸造,,
高宏彬,0000001182,研究生,澳大利亚拉筹伯大学,工商管理,,
高宏彬,0000001182,博士,东北大学,金属材料,,
高宏志,0000001184,大专,正定师范学校,,1983.09,1986.08
高宏志,0000001184,函授,河北师范大学,政治教育,1988.07,1991.06
高宏志,0000001184,函授,中国政法大学,法律,1994.09,1997.07
高宏志,0000001184,研究生,北京师范大学,教育经济与管理,1998.07,2000.07
高宏志,0000001184,研究生,河北大学,比较教育专业,,2000.10
高环,0000001188,本科,东北林业大学,经济管理,1982.09,1986.07
高环,0000001188,本科,东北师范大学,法学,1993.09,1996.01
高环,0000001188,培训,中央党校,,1995.09,1995.12
高环,0000001188,研究生,东北农业大学,经济管理,1998.07,2001.06
高环,0000001188,博士,东北林业大学,农林经济管理,2001.07,2004.06
高环,0000001188,培训,中央党校,,2010.09,2011.01
高劲松,0000001194,研究生,云南大学,涉外经济管理,,
高军,0000001195,研究生,,,,
高卫东,0000001213,本科,青海工农学院,农学,1978.09,1982.07
高卫东,0000001213,研究生,中央党校,经济管理,2005.07,2008.07
高雄,0000001218,大专,广西师范学院,物理,1974.09,1977.08
高雄,0000001218,研究生,中山大学,马克思主义哲学,1995.07,1997.08
高雄,0000001218,研究生,广西师范大学,马克思主义哲学,2001.10,2003.10
高雪坤,0000001219,大专,中央党校,,,
高扬,0000001222,学习,成都气象学校,气象通信,1975.11,1976.12
高扬,0000001222,本科,中央党校,法律,1999.08,2001.12
高扬,0000001222,学习,四川省工商管理学院,工商管理,2003.09,2006.07
高扬,0000001222,大专,中央党校,,1995.08,1998.06
高宜新,0000001224,本科,西北农学院,水利,1963.09,1968.09
高志杰,0000001237,大专,中央团校,政治教育,1971.03,1986.07
高志杰,0000001237,学习,中央广播电视大学,行政管理,1989.03,1990.09
高志杰,0000001237,进修,省社科院,经济管理,1991.10,1994.12
高志杰,0000001237,培训,中央党校,,1997.03,2000.03
高志杰,0000001237,研究生,中央党校,马克思主义哲学,1997.03,2000.03
葛红林,0000001248,本科,中国人民解放军国防科技大学,,1978.03,1982.02
葛红林,0000001248,研究生,西安交通大学,,1982.02,1984.07
葛红林,0000001248,博士,北京科技大学与加拿大温莎大学,,1986.02,1991.02
葛红林,0000001248,,加拿大温莎大学,,1987.11,1989.02
葛红林,0000001248,学习,中央党校,,1996.03,1996.07
葛红林,0000001248,进修,中央党校,,2006.09,2006.11
葛红林,0000001248,进修,中央党校,,2012.09,2012.11
葛慧君,0000001250,研究生,中央党校,,,
葛乐夫,0000001251,博士,,经济学,,
耿怀英,0000001260,培训,省委党校,,1982.09,
耿怀英,0000001260,研究生,中央党校,党的学说与建设,1994.09,1997.01
耿文清,0000001265,本科,山东师范大学,,1978.02,1982.01
耿文清,0000001265,研究生,福建师范大学,经济学,1982.01,1984.12
耿文清,0000001265,学习,国务院发展研究中心,,1986.05,1987.05
耿彦波,0000001266,本科,山西大学,,1983.07,1985.07
耿彦波,0000001266,函授,中央党校,涉外经济,1994.08,1996.12
耿彦波,0000001266,进修,西北大学,政治经济学,1996.10,1998.07
耿彦波,0000001266,研究生,长江商学院,工商管理,2006.10,2008.09
公保扎西,0000001270,学习,中央民族学院,政训,1981.09,1982.07
公保扎西,0000001270,学习,北京师范大学,马列教研,1985.03,1987.01
公保扎西,0000001270,函授,中央党校,经济管理,1992.08,1994.12
公保扎西,0000001270,,湖南大学,工商管理,1994.09,1996.07
公保扎西,0000001270,进修,中央党校,,1999.03,1999.07
宫蒲光,0000001272,本科,四川大学,历史,1977.11,1982.01
宫蒲光,0000001272,培训,中央党校,,1998.09,1999.07
宫蒲光,0000001272,研究生,中央党校,经济管理,1998.09,2001.07
龚建华,0000001276,本科,江西财经学院,贸易经济,1979.09,1983.07
龚建华,0000001276,研究生,江西省委党校,党建,2001.01,2003.12
龚建华,0000001276,培训,美国斯坦福大学,,2004.08,
龚建华,0000001276,培训,参加中组部第108期领导干部经济管理研究班〈新加坡及上海浦东干部学院,经济管理,2008.10,
龚敬政,0000001277,高中,梁河县芒东民族中学,,1975.09,1977.08
龚敬政,0000001277,本科,云南民族学院,中文,1978.03,1982.02
龚文密,0000001280,本科,华中师范大学,,1980.09,1984.07
龚文密,0000001280,研究生,湘潭大学,,1984.09,1987.07
龚武生,0000001281,,零陵师专,物理,,1980.12
龚正,0000001282,本科,北京对外贸易学院,海关管理,1978.10,1982.08
龚正,0000001282,进修,美国金门大学,税收管理,1987.01,1987.12
龚正,0000001282,研究生,对外经济贸易大学,工商管理,1994.06,1997.07
龚正,0000001282,培训,中央党校,,2000.03,2001.01
谷春立,0000001290,本科,东北工学院,机械制造工艺及设备,1978.00,
谷春立,0000001290,博士,东北大学,科技哲学,1997.00,2000.00
顾大椿,0000001294,肄业,南开大学,,,
顾大椿,0000001294,肄业,北京大学,,,
郭安,0000001320,大专,江西省机械学校,机械制造,1979.09,1981.08
郭安,0000001320,学习,中国社科院,行政管理,1999.03,2001.07
郭安,0000001320,培训,中央党校,,2008.03,2009.01
郭承录,0000001324,学习,中国人民大学,农经管理,1983.03,1983.08
郭承录,0000001324,函授,中央党校,经济管理,1997.08,1999.12
郭承录,0000001324,学习,兰州大学,工商管理,2002.09,2004.07
郭大建,0000001326,本科,河北大学,历史,1978.09,1982.09
郭大建,0000001326,函授,中央党校,经济管理,1995.08,1997.12
郭大建,0000001326,进修,河北大学,世界经济,1996.09,1998.07
郭大为,0000001328,大专,北京化纤工学院,管理工程,1984.09,1986.06
郭大为,0000001328,学习,中央党校,经济管理,1994.08,1996.12
郭大为,0000001328,研究生,中央党校,经济管理,1997.09,2000.07
郭大为,0000001328,进修,国家行政学院,,2005.09,2005.12
郭大为,0000001328,研究生,西安交通大学与香港理工大学,工商管理,2002.11,2004.10
郭大为,0000001328,博士,西安交通大学,产业经济学,2009.12,2012.06
郭峰,0000001331,,长春私立自强中学,,1928.00,
郭峰,0000001331,,吉林省立第一师范,,1931.02,
郭峰,0000001331,,吉林省立第一中学,,1932.00,
郭锋,0000001332,,东北中山中学,,1934.03,
郭庚茂,0000001335,专修,北京大学,政治学,1982.09,1984.09
郭庚茂,0000001335,培训,中央党校,,1995.09,1996.07
郭庚茂,0000001335,研究生,中央党校,政治经济学,1995.09,1998.07
郭光文,0000001336,,湖南理工学院,中文,1982.09,1984.02
郭光文,0000001336,,湖南电大,中文,1984.09,1985.07
郭光文,0000001336,研究生,湖南大学,国际贸易,1992.09,1995.01
郭国三,0000001338,本科,新乡师范学院,数学,1962.07,1966.07
郭海亮,0000001339,学习,山西省委党校培训六班,,1985.09,1987.07
郭海亮,0000001339,研究生,中国社科院研究生院,工业经济专业,1996.09,1998.01
郭洪昌,0000001342,本科,郑州大学,新闻,1976.11,1978.02
郭华,0000001343,本科,河北大学,汉语言文学,1974.09,1977.09
郭华,0000001343,培训,中央党校,,1991.09,1992.07
郭华,0000001343,函授,中央党校,经济管理,1993.08,1995.12
郭建群,0000001347,本科,中央党校,经济管理,1995.09,1997.12
郭建群,0000001347,研究生,湖南大学,国际贸易学,2001.09,2004.11
郭剑彪,0000001350,本科,浙江农业大学,农学,1978.03,1982.01
郭剑彪,0000001350,进修,浙江大学,经济学,1996.03,1998.02
郭剑彪,0000001350,研究生,浙江大学,经济管理,1998.09,1999.06
郭剑彪,0000001350,研究生,省委党校,经济学,1998.09,2001.07
郭剑彪,0000001350,学习,浦东干部学院,,2008.09,2008.11
郭健,0000001351,学习,内蒙古巴彦淖尔盟教育学院,中文,1981.00,
郭金龙,0000001353,本科,南京大学,声学,1964.00,1969.00
郭良孝,0000001361,进修,中央党校,,1993.02,1993.07
郭良孝,0000001361,函授,中央党校,政法,1995.08,1997.12
郭启俊,0000001368,本科,内蒙古师范学院,政治教育,1978.03,1982.01
郭启俊,0000001368,进修,中央党校,,1996.09,1997.01
郭启俊,0000001368,进修,中国社会科学院,市场经济,1996.12,1998.12
郭启俊,0000001368,培训,中央党校,,1998.09,1999.07
郭青,0000001369,大专,河北省衡水师范专科学校(衡水学院),中文,1980.09,1982.09
郭青,0000001369,本科,河北大学,法学,1995.09,1998.07
郭青,0000001369,博士,中南大学,伦理学,2008.09,2011.12
郭荣昌,0000001371,本科,广东南方大学,,1951.06,
郭荣昌,0000001371,学习,中央党校,,1983.09,1985.07
郭瑞民,0000001373,本科,郑州大学,汉语言文学,1978.09,1982.07
郭瑞民,0000001373,学习,中央党校,经济管理,1990.08,1992.12
郭瑞民,0000001373,学习,河南省首期领导干部赴美培训班,,2002.02,2002.08
郭松年,0000001380,本科,清华大学电机系,,,1954.00
郭廷标,0000001381,本科,福州大学,物理化学,1960.00,1965.00
郭万清,0000001382,本科,安徽大学,政治经济学,1978.10,1982.06
郭万清,0000001382,访问学者,美国密西根大学,,1986.07,1987.08
郭新双,0000001389,本科,吉林大学,国民经济管理,1982.09,1986.07
郭新双,0000001389,研究生,吉林大学,世界经济,2001.09,2005.06
郭新双,0000001389,博士,吉林大学,世界经济,2001.09,2005.06
郭新双,0000001389,访问学者,美国伊利诺大学,,2005.08,2006.05
郭学焕,0000001391,本科,浙江大学,机械,,1967.09
郭耀卿,0000001394,学习,中央党校,,1979.03,1979.11
郭永平,0000001402,函授,中国人民大学,工业经济管理,1984.10,1987.12
郭有明,0000001406,本科,武汉水利电力学院,农田水利工程,1978.02,1982.01
郭有明,0000001406,培训,湖北省委党校,,1993.02,1993.07
郭有明,0000001406,培训,中国浦东干部学院,,2004.10,2004.11
郭有明,0000001406,培训,中央党校,,2006.03,2007.01
郭有明,0000001406,学习,中组部在加拿大多伦多大学举办的“小康社会领导者培训项目”现代化工业发展道路与传统工业改造专题研究班,,2007.11,2007.12
郭有明,0000001406,进修,中央党校,,2008.09,
郭有明,0000001406,培训,中国井冈山干部学院,,2010.09,
郭玉虎,0000001410,学习,中国逻辑与语言函授大学,行政管理,1988.09,1990.07
郭玉虎,0000001410,进修,中央党校,,2001.09,2002.01
郭玉虎,0000001410,进修,中央财大,财政学,2000.09,2002.07
郭兆信,0000001413,专修,山东大学,,1981.09,1983.07
郭兆信,0000001413,研究生,中国社会科学院,商业经济学,1996.12,1998.11
郭子明,0000001421,学习,内蒙古党校,党政管理,1984.03,1986.01
郭子明,0000001421,本科,中央党校,党政管理,1996.08,1998.12
韩纯德,0000001426,学习,太原成成中学,,1927.08,
韩纯德,0000001426,本科,天津北洋大学,,1931.07,
韩冬炎,0000001428,本科,大庆石油学院（现东北石油大学）,钻井,1982.09,1986.07
韩冬炎,0000001428,研究生,哈尔滨工程大学,工业经济,1993.09,1996.11
韩冬炎,0000001428,博士,哈尔滨工程大学,管理科学与工程,1999.09,2004.06
韩光,0000001429,学习,哈尔滨学院,,1930.00,
韩光,0000001429,学习,苏联莫斯科东方劳动者共产主义大学,,1935.00,
韩进,0000001431,本科,北京师范大学,物理,1978.02,1982.02
韩进,0000001431,培训,国家教委机关党校,,1995.09,1995.12
韩进,0000001431,培训,中央党校,,2010.09,2010.11
韩军,0000001432,本科,同济大学,管理工程,1981.09,1986.07
韩军,0000001432,研究生,同济大学,,1986.07,1988.07 
韩军,0000001432,培训,安徽省委党校,,2003.03,2003.11
韩军,0000001432,培训,中央党校,,2011.09,2012.01
韩立华,0000001437,本科,东北师范大学,经济地理,1982.09,1986.09
韩立华,0000001437,研究生,东北师范大学,人文地理,1986.09,1989.07
韩立华,0000001437,培训,省委党校,,2001.03,2001.07
韩立华,0000001437,博士,哈尔滨工程大学,管理科学与工程,2003.09,2006.06
韩天石,0000001443,本科,北京大学,,1933.00,
韩先聪,0000001448,培训,中央党校,,1998.09,1999.07
韩先聪,0000001448,进修,安徽大学,政治经济学,1998.09,2000.09
韩先聪,0000001448,研究生,中央党校,法学理论,1998.09,2001.07
韩学键,0000001453,,牡丹江商业学校,商业经济,1978.10,1980.08
韩学键,0000001453,学习,辽宁财经学院,商业会计,1980.10,1983.03
韩学键,0000001453,本科,黑龙江省委党校,经济管理,1996.03,1999.01
韩学键,0000001453,研究生,哈尔滨工业大学,工商管理,2005.06,2007.06
韩应选,0000001458,学习,中央党校,,1981.09,1982.07
韩寓群,0000001460,本科,南京化工学院,基本有机合成,1962.09,1967.09
韩志然,0000001467,进修,中国社会科学院,,1996.06,1998.05
韩志然,0000001467,培训,中央党校,,2001.03,2002.01
寒峰,0000001469,,军事学院,,,1954.00
寒峰,0000001469,,北平蒙藏学校,,1933.00,1937.00
寒峰,0000001469,,延安中央党校、中央民族学院,,1941.00,1945.00
杭桂林,0000001471,本科,中央民族学院,汉语言文学,1978.09,1982.07
杭桂林,0000001471,培训,中央党校,,1992.09,1993.07
杭桂林,0000001471,培训,中央党校,,2000.03,2001.01
杭桂林,0000001471,研究生,中央党校,中共党史,2000.03,2003.01
郝会龙,0000001475,本科,北京大学,哲学,1980.09,1984.07
郝振贤,0000001490,学习,北京钢铁学院,物化,1959.09,1965.08
何成国,0000001493,本科,合肥工业大学,,1962.09,1967.09
何东成,0000001499,本科,中央党校,,,
何刚,0000001502,本科,贵州工学院,采煤,1979.11,1983.08 
何刚,0000001502,研究生,中国社会科学院,企业管理,1996.09,1998.07
何华,0000001506,,云南大学,通信工程,1993.09,1997.07
何华,0000001506,,共青团云南大学,,1997.07,2001.09
何华章,0000001507,本科,北京师范大学,历史,1981.09,1985.07
何剑文,0000001511,本科,云南民族学院,汉语言文学,1978.09,1982.01
何剑文,0000001511,研究生,云南大学,国际金融与税收,2000.08,2002.08
何健,0000001512,本科,成都电讯工程学院,应用物理,1978.10,1982.07
何健,0000001512,研究生,四川省工商管理学院,工商管理,1999.09,2001.07
何金平,0000001513,本科,云南大学,行政管理,1988.09,1990.07
何金平,0000001513,研究生,中央党校,马克思主义哲学,2000.09,2003.07
何锦龙,0000001514,高中,,,,
何立峰,0000001517,本科,厦门大学,财政金融,1978.02,1982.02
何立峰,0000001517,研究生,厦门大学,财政学,1982.02,1984.07
何立峰,0000001517,博士,厦门大学,财政学,1995.09,1998.07
何闽旭,0000001519,本科,,,,
何宁卡,0000001520,本科,复旦大学,数学,1978.02,1982.01
何宁卡,0000001520,研究生,长沙铁道学院科研所,经济数学,1985.09,1987.08
何宁卡,0000001520,博士,中南大学,概率论与数理统计,1998.09,2004.12
何伟,0000001532,本科,武汉华中大学,,,
何辛幸,0000001537,本科,华东化工学院,高分子材料系高分子材料科学与工程专业,1979.09,1983.08
何辛幸,0000001537,研究生,广西大学理学院,政治经济学专业,1998.01,2000.01
何雄,0000001539,本科,上海交通大学,工程力学,1986.09,1990.07
何雄,0000001539,研究生,华中科技大学,建筑与土木工程,1999.03,2001.12
何雄,0000001539,培训,美国杜克大学,公共政策和管理,2007.05,2007.12
何雄,0000001539,博士,华中科技大学,西方经济学,,2009.12
何学清,0000001540,本科,西安交通大学,,1973.00,1976.00
何永林,0000001544,本科,哲里木畜牧学院,畜牧,1980.09,1984.07
何永林,0000001544,研究生,内蒙古党校,经济管理,2002.08,2004.12
何正拔,0000001554,研究生,党校,,,
和良辉,0000001560,研究生,中央党校,,,
和愚,0000001562,培训,全总干校,,1949.12,
和自兴,0000001563,大专,云南民族学院,经济管理,1983.09,1985.08
和自兴,0000001563,研究生,中央党校,科学社会主义,2001.09,2004.07
和自兴,0000001563,博士,中国科学院,环境经济与环境管理,,
贺国强,0000001567,本科,北京化工学院,无机物工学,1961.00,1966.00
洪礼和,0000001581,本科,江西大学,汉语言文学,1978.03,1982.01
洪永世,0000001588,本科,福建师范大学,物理,1961.09,1965.07
洪永世,0000001588,进修,中央党校,,1996.03,1996.06
侯凤岐,0000001593,大专,包头高等师范专科学校,政教,1980.09,1983.08
侯凤岐,0000001593,研究生,华中理工大学,,1989.09,1991.07
侯国富,0000001594,本科,哈尔滨工业大学,,,
侯亮,0000001599,本科,河北师范学院,中文,1978.10,1982.07
侯亮,0000001599,培训,河北省委党校,,1999.09,2000.01
侯亮,0000001599,研究生,河北省委党校,经济管理,1999.03,2001.07
侯亮,0000001599,进修,河北师范大学,马克思主义理论与思想政治教育,2000.06,2003.03
侯林舟,0000001600,学习,抗日军政大学,,1939.02,
侯生华,0000001603,研究生,中央党校,中共党史,,
侯生华,0000001603,培训,中央党校,,1979.03,1980.09
侯生华,0000001603,专修,中央政法管理干部学院,法律,1984.09,1986.07
侯生华,0000001603,进修,西北师范大学,教育管理,1999.07,2001.07
侯生华,0000001603,培训,中央党校,,2001.03,2002.02
侯生华,0000001603,研究生,中央党校,中共党史,2001.03,2004.01
侯晓春,0000001606,本科,四川农学院（今四川农业大学）,农学,1978.10,1982.07
侯晓春,0000001606,培训,农业部中等农业学校,,1987.07,1991.07
侯晓春,0000001606,学习,四川大学,法律,1989.09,1991.07
侯晓春,0000001606,进修,中国社会科学院,市场经济,1996.09,1998.07
侯晓春,0000001606,培训,中央党校,,2002.08,2003.01
侯晓春,0000001606,研究生,澳门科技大学,工商管理,2000.09,2003.08
侯晓春,0000001606,博士,四川大学,政治经济,2007.09,2010.06
侯新华,0000001608,本科,云南民族学院,傈僳语,1980.09,1985.07
侯新华,0000001608,学习,怒江州民族师范,,1986.09,1987.07
呼尔查,0000001615,培训,内蒙古党校,党政管理,1984.10,1986.07
呼尔查,0000001615,进修,北京师范大学,公共管理,2006.12,2008.11
呼尔查,0000001615,进修,中央党校,,2012.12,2013.01
胡伯俊,0000001619,专修,湘潭师范学院,中文,1984.09,1986.07
胡伯俊,0000001619,研究生,湖南大学,管理工程,1993.01,1994.12
胡伯俊,0000001619,培训,中央党校,,1997.09,1998.07
胡伯俊,0000001619,研究生,中央党校,科学社会主义,1997.09,2000.07
胡伯俊,0000001619,培训,乔治城大学,,2010.08,
胡昌升,0000001620,本科,成都地质学院,地质矿产调查,1982.09,1986.07
胡昌升,0000001620,进修,四川联合大学,政治经济学,1995.09,1998.07
胡昌升,0000001620,研究生,山东大学,中国古代史,2000.09,2003.12
胡春华,0000001626,本科,北京大学,中文,1979.09,1983.08
胡春华,0000001626,培训,中央党校,,1996.09,1997.12
胡春华,0000001626,研究生,中央党校,世界经济,1996.09,1999.07
胡春华,0000001626,进修,中央党校,,2000.09,2000.11
胡达古拉,0000001627,研究生,中央党校,,,
胡衡华,0000001639,本科,西安冶金建筑学院,工业自动化,1979.07,1983.07
胡衡华,0000001639,研究生,,工商管理,,
胡建学,0000001648,本科,南京大学,化学,1965.02,1984.02
胡润泽,0000001669,大专,安康地委党校,,1987.08,1989.07
胡润泽,0000001669,函授,中央党校,党政管理,1995.09,1997.11
胡润泽,0000001669,研究生,陕西工商管理学院,工商管理,1999.09,2001.07
胡世忠,0000001671,本科,清华大学,工业仪表及自动化,,1986.00
胡世忠,0000001671,研究生,中国科技大学,自控理论及其应用,1986.00,1989.00
胡苏平,0000001675,本科,太原工学院（现太原理工大学）,半导体器件,1976.09,1979.09
胡苏平,0000001675,研究生,中央党校,经济管理,1993.09,1996.01
胡苏平,0000001675,博士,南京航空航天大学,管理科学与工程,2002.04,2005.11
胡伟林,0000001676,大专,湖南省财会学校,企业财务,1981.01,
胡伟林,0000001676,本科,湖南省委党校,经济管理,1998.09,2000.07
胡贤生,0000001682,大专,贵州省安顺师范专科学校,,,
胡宪,0000001683,本科,江西大学,哲学,1978.03,1982.01
胡宪,0000001683,进修,中央党校,,2001.03,2001.07
胡晓华,0000001687,本科,中共安徽省委党校,,1984.09,1986.06
胡亦民,0000001692,高中,平遥中学,,1933.00,
胡玉亭,0000001694,研究生,,工商管理,,
胡悦,0000001695,本科,西北大学,激光,1974.09,1977.09
胡悦,0000001695,培训,中央党校,,1997.09,1998.07
胡悦,0000001695,研究生,中央党校,经济管理,1997.09,2000.07
胡志强,0000001698,本科,北京财贸学院,工商行政管理,1984.09,1988.09
胡志强,0000001698,函授,中央党校,经济管理,2002.03,2005.01
胡志强,0000001698,研究生,长江商学院,工商管理,2003.11,2005.08
胡忠,0000001700,本科,内蒙古大学,化学,1962.09,1968.07
胡忠雄,0000001701,本科,中南林学院（现中南林业科技大学）,,1982.09,1986.08
胡忠雄,0000001701,研究生,西南政法学院,政治学,1986.08,1989.08
胡忠雄,0000001701,博士,湖南师范大学,哲学,2000.09,2003.06
花建慧,0000001702,培训,省委党校,,1984.07,1986.07
花建慧,0000001702,培训,中央党校,,1998.09,1999.07
花建慧,0000001702,研究生,中央党校,法学理论,1998.09,2001.07
花建慧,0000001702,博士,中国地质大学,资源产业经济,2005.09,2008.07
化有勋,0000001707,本科,郑州大学,政治,1972.04,1975.03
黄楚平,0000001717,本科,武汉钢铁学院,金属材料及热处理,1980.09,1984.07
黄楚平,0000001717,研究生,北京科技大学,思想政治教育,1988.09,1991.01
黄楚平,0000001717,博士,中南财经政法大学,国民经济学,2000.09,2003.06
黄道伟,0000001723,本科,广西民族学院,政治,1978.02,1982.02
黄道伟,0000001723,培训,中央党校,,1985.09,1988.07
黄德懋,0000001725,中学,中国人民解放军第57文化速成中学,,1954.09,1957.00
黄德懋,0000001725,大专,中国人民解放军军事学院基本系,,1957.01,1960.06
黄方方,0000001730,本科,成都地质学院,地质力学,1978.01,1982.02
黄方方,0000001730,研究生,成都地质学院,构造地质学,1985.08,1989.08
黄方方,0000001730,博士,中国地质大学,矿床学,1989.08,1992.07
黄方方,0000001730,学习,中国政法大学,经济法,1995.07,1997.02
黄方方,0000001730,培训,地矿部党校,,1997.09,1997.11
黄方方,0000001730,培训,清华大学、美国哈佛大学,公共管理,2005.06,2005.09
黄凤岐,0000001732,培训,伊东干训班,,1948.10,1949.12
黄关春,0000001740,大专,湖北省公安学校,,1978.03,1979.12
黄关春,0000001740,专修,湖北财经学院,法律,1981.02,1984.02
黄关春,0000001740,研究生,湖北省委党校,行政管理,1995.09,1998.07
黄关春,0000001740,研究生,武汉理工大学,国际贸易,1998.09,2001.01
黄关春,0000001740,培训,中央党校,,2010.09,2011.01
黄华华,0000001752,本科,中山大学,数学,1964.09,1989.09
黄华华,0000001752,研究生,中央党校,,1983.09,1985.07
黄华华,0000001752,研究生,国防大学,,1994.09,1994.12
黄家培,0000001757,大专,贵州工学院,机械制造工艺及设备,1977.02,1980.02
黄家培,0000001757,学习,贵州省毕节地委讲师团,,1988.01,1988.05
黄家培,0000001757,进修,贵州省委党校,,1992.03,1992.07
黄家培,0000001757,本科,中央党校,经济管理,1994.08,1996.12
黄家培,0000001757,研修,清华大学,公共管理,1999.10,2000.01
黄家培,0000001757,培训,清华大学和哈佛大学,公共管理,2005.06,2005.09
黄甲喜,0000001759,大专,省委党校,,1982.03,1983.01
黄建国,0000001761,培训,云南省委党校,,1985.03,1987.07
黄建国,0000001761,研究生,云南大学,外国经济思想史,1994.09,1996.07
黄建盛,0000001768,大专,江西行政管理干部学院,经济管理,1982.09,1984.08
黄建盛,0000001768,进修,中央党校,,1995.02,1995.07
黄建盛,0000001768,培训,中央党校,,1998.09,1999.07
黄建盛,0000001768,研究生,中央党校,法学理论,1998.09,2001.07
黄建盛,0000001768,学习,哈尔滨工业大学,工商管理,2008.07,2010.06
黄俊华,0000001776,本科,中南矿冶学院（中南大学）,工程测量,1979.07,1983.07
黄俊华,0000001776,研究生,同济大学,工程测量,1986.07,1989.04
黄俊华,0000001776,博士,武汉大学,摄影测量与遥感,2000.09,2008.06
黄康生,0000001778,学习,贵州省黔西南州委党校,,1973.03,1973.07
黄康生,0000001778,学习,贵州省委党校,,1977.09,1978.07
黄康生,0000001778,学习,中央民族学院,,1982.09,1983.07
黄康生,0000001778,学习,贵州省黔西南州委党校,党政管理专业,1984.09,1986.07
黄康生,0000001778,研究生,云南大学,涉外事务专业,1999.09,2001.07
黄康生,0000001778,学习,中央党校中青班,,2000.03,2001.01
黄康生,0000001778,研究生,中央党校在职研究生班,科学社会主义专业,2000.03,2003.01
黄克,0000001779,培训,广西自治区党委党校,,1984.09,1986.06
黄克,0000001779,本科,中央党校,经济管理,1993.09,1995.12
黄克,0000001779,培训,广西大学,,1996.05,1996.09
黄克,0000001779,研修,美国肯塔基默尔黑德州立大学,现代经济管理,1998.04,1998.09
黄克,0000001779,培训,中央党校,,2002.09,2003.01
黄克,0000001779,研究生,中央党校,马克思主义哲学,2004.03,2006.01
黄克,0000001779,学习,中国政法大学,宪法与行政法学,2005.05,2007.06
黄克,0000001779,培训,中央党校,,2012.03,2012.07
黄坤明,0000001783,本科,福建师大,,1978.01,1982.02
黄坤明,0000001783,研究生,中央党校,,1985.09,1988.07
黄坤明,0000001783,研究生,中组部,经济管理,1997.06,1997.07
黄坤明,0000001783,博士,清华大学,公共管理,2005.03,2008.07
黄兰香,0000001784,本科,湖南师范学院,数学,1979.09,1983.07
黄兰香,0000001784,学习,中国社会科学院,国际贸易,1996.05,1998.05
黄兰香,0000001784,培训,中央党校,,1998.09,1999.07
黄兰香,0000001784,研究生,中央党校,经济学,1998.09,2001.07
黄兰香,0000001784,研究生,北京大学与国家行政学院政府管理学院,公共管理,2005.03,2007.07
黄莉新,0000001786,本科,江苏农学院,机电排灌,1979.09,1983.07
黄莉新,0000001786,研究生,美国宾夕法尼亚沃顿商学院,,1998.09,1998.12
黄莉新,0000001786,进修,南京大学,马克思主义哲学,1996.10,1998.06
黄莉新,0000001786,学习,江苏省委党校,经济管理,2002.09,2004.01
黄莉新,0000001786,研究生,中央党校,政治学,2004.09,2007.07
黄莉新,0000001786,学习,美国哈佛大学肯尼迪政府学院,,2010.04,2010.06
黄龙云,0000001788,本科,广州钢铁厂职工大学,企业管理,1981.07,1984.08
黄龙云,0000001788,研究生,中山大学,企业管理,1990.09,1993.12
黄龙云,0000001788,进修,中央党校,,1994.09,1995.01
黄龙云,0000001788,进修,中央党校,,2006.03,2006.07
黄萌,0000001791,本科,浙江大学,能源系内燃机,1978.08,1982.06
黄萌,0000001791,研究生,浙江大学,宏观经济管理,1995.09,1996.12
黄萌,0000001791,研究生,浙江大学,政治经济学,1996.09,1998.06
黄萌,0000001791,培训,清华大学、美国哈佛大学,,2002.05,2002.09
黄强,0000001806,本科,华南师范大学,,1982.09,1987.07
黄强,0000001806,研究生,中山大学,世界经济,1993.09,1997.07
黄强,0000001806,,广东省委党校,,2000.08,2000.12
黄强,0000001806,博士,中山大学,中国哲学,1999.09,2006.06
黄少萍,0000001823,培训,中央党校,,1997.09,1998.07
黄少萍,0000001823,研究生,中央党校,科学社会主义,1997.09,2000.07
黄胜,0000001828,学习,解放军测绘学校,,1975.08,1976.10
黄胜,0000001828,本科,曲阜师范大学,历史,1979.09,1983.07
黄胜,0000001828,研究生,中国科技大学,经济管理,1994.09,1997.07
黄胜,0000001828,培训,中央党校,,1998.09,1999.07
黄胜,0000001828,研究生,中央党校,法学,1998.09,2001.07
黄天锡,0000001842,大专,湖南师范学院,政教,1974.10,1977.08
黄廷远,0000001844,大专,河南农学院,兽医,,1968.00
黄玮,0000001849,进修,西北大学,,1984.09,1986.07
黄玮,0000001849,函授,中央党校,经济管理,1995.09,1997.12
黄玮,0000001849,培训,中央党校,,1998.09,1999.07
黄玮,0000001849,研究生,中央党校,党的学说与党的建设,1998.09,2001.07
黄小晶,0000001857,本科,南京工学院,工业与民用建筑,1964.09,1970.09
黄晓武,0000001859,大专,安徽师范大学,汉语言文学,1987.07,
黄晓武,0000001859,本科,中央党校,经济管理,1994.08,1996.12
黄晓武,0000001859,培训,安庆市委党校,,1997.03,1997.07
黄晓武,0000001859,研究生,中央党校,经济管理,1999.09,2002.07
黄晓武,0000001859,研究生,中国科学技术大学,工商管理,2010.09,2013.03
黄晓炎,0000001860,本科,福建师范大学,地理,1979.09,1983.03
黄晓炎,0000001860,培训,中央团校,,1987.04,1987.06
黄晓炎,0000001860,学习,省委党校,,1993.02,1993.07
黄晓炎,0000001860,培训,福建省委党校,,1995.05,1995.07
黄晓炎,0000001860,培训,福建省委党校,,1997.03,1997.07
黄晓炎,0000001860,学习,中央党校,,2002.03,2002.05
黄晓炎,0000001860,培训,中央党校,,2007.03,2008.01
黄新初,0000001862,本科,同济大学,机械工程,1978.02,1982.01
黄新初,0000001862,研究生,四川大学,经济,1989.09,1992.12
黄新初,0000001862,培训,中央党校,,1998.09,1999.07
黄新初,0000001862,博士,四川联合大学〈四川大学、成都科技大学〉,政治经济学,1994.09,1998.06
黄兴国,0000001864,进修,浙江省委党校,马列主义基础理论,1980.11,1982.10
黄兴国,0000001864,培训,中央党校,,1995.09,1996.07
黄兴国,0000001864,研究生,中央党校,法学,1995.09,1998.07
黄兴国,0000001864,博士,同济大学,管理科学与工程,2001.09,2004.08
黄兴维,0000001865,研究生,河南大学,经济学,,
黄兴维,0000001865,培训,中央党校,,2000.04,2002.12
黄选平,0000001868,培训,省委党校,党政管理,1984.09,1986.08
黄选平,0000001868,自考,兰州大学,经济管理,1994.04,1999.07
黄选平,0000001868,进修,北京大学,区域经济学,1997.07,1999.07
黄选平,0000001868,研究生,中央党校,党的学说与党的建设,2004.09,2006.07
黄选平,0000001868,培训,中央党校,,2006.03,2007.01
黄学玖,0000001869,学习,国营长虹机器厂半工半读学校,,1966.09,1968.01
黄学玖,0000001869,大专,北京航空学院,雷达与导航,1972.05,1975.12
黄岩,0000001871,学习,延安中央党校,,1937.09,
黄彦蓉,0000001872,本科,西南农学院,农机化,1978.03,1982.01
黄彦蓉,0000001872,培训,中央党校,,1998.09,1999.07
黄彦蓉,0000001872,研究生,中央党校,经济管理,1998.07,2001.07
黄彦蓉,0000001872,进修,中央党校,,2003.03,2003.05
黄彦蓉,0000001872,进修,中央党校,,2011.09,2011.11
黄瑶,0000001874,本科,贵阳师范学院,历史,1978.04,1982.02
黄瑶,0000001874,培训,中央党校,,1991.09,1992.01
黄瑶,0000001874,培训,中央党校,,1995.03,1995.06
黄瑶,0000001874,进修,中央党校,,2005.11,2006.01
黄业斌,0000001876,本科,广州中医学院,中药,1977.03,1980.02
黄业斌,0000001876,研究生,南京大学,国际企业管理,1993.09,1995.06
黄业斌,0000001876,培训,中央党校,,2012.03,2012.07
黄寅逵,0000001877,本科,清华大学,金属学与金属材料,1958.09,1964.09
黄寅逵,0000001877,研究生,西北工业大学,金属材料热处理,1964.09,1967.09
黄有泉,0000001882,学习,省委党校,,,
黄煜祯,0000001889,进修,华南农业大学,,1982.09,
黄泽元,0000001899,本科,西北师范大学,历史,1985.09,1989.06
黄泽元,0000001899,进修,北京师大,中国古代史,1997.09,1999.09
黄泽元,0000001899,研究生,兰州大学,公共管理,2005.09,2008.12
黄志光,0000001906,本科,厦门大学,工商企业管理,1990.06,1993.06
回建,0000001914,大专,河北师范大学,化学,1978.09,1981.01
回建,0000001914,学习,河北工业大学,工业外贸,1994.09,1997.06
回建,0000001914,进修,河北大学,世界经济,1996.09,1998.07
回建,0000001914,进修,天津财经学院,国际贸易,1997.10,1999.10
回建,0000001914,研究生,省委党校,经济管理,2003.09,2006.07
回建,0000001914,博士,中央民族大学,少数民族经济,2005.09,2006.07
惠浴宇,0000001918,学习,江苏省第八师范,,,
惠浴宇,0000001918,,抗日军政大学,,1937.10,
霍遇吾,0000001923,学习,陕北公学分校,,1938.06,
吉炳伟,0000001929,学习,河南省洛阳市委党校,,1984.05,1985.01
吉炳伟,0000001929,学习,复旦大学,外经外贸,1995.08,1995.11
吉炳伟,0000001929,培训,河南省委党校,,1997.02,1997.07
吉炳伟,0000001929,进修,河南大学,马克思主义哲学,1996.12,1999.06
吉炳伟,0000001929,进修,中央党校,,2002.03,2002.07
吉炳伟,0000001929,本科,中央党校,经济管理,2004.08,2006.12
吉炳伟,0000001929,研究生,河南省委党校,行政管理,2005.09,2007.07
吉炳轩,0000001930,本科,郑州大学,本科,1975.00,1978.00
吉尔拉·衣沙木丁,0000001931,学习,中国青年政治学院,思想政治专,1985.09,1987.07
吉尔拉·衣沙木丁,0000001931,学习,天津大学,,1992.09,1993.06
吉尔拉·衣沙木丁,0000001931,进修,中国社会科学院,经济管理,1997.07,1999.07
吉尔拉·衣沙木丁,0000001931,进修,中央党校,经济管理,1998.08,2000.12
吉尔拉·衣沙木丁,0000001931,培训,新疆维吾尔自治区党委党校,,2000.09,2000.12
吉尔拉·衣沙木丁,0000001931,培训,中央党校,,2002.03,2002.07
吉尔拉·衣沙木丁,0000001931,研究生,新疆财经大学,工商管理,2009.12,2011.12
吉西平,0000001934,本科,甘肃工业大学,机械,1978.09,
吉西平,0000001934,培训,中央党校,,2003.03,2004.01
吉西平,0000001934,研究生,长安大学,,,
季家宏,0000001941,本科,安徽大学,中文,1960.00,
季建业,0000001942,培训,江苏省苏州地委党校中青年干部班,,1974.11,1975.03
季建业,0000001942,专修,苏州大学,,1983.09,1985.07
季建业,0000001942,进修,苏州大学,行政管理,1996.09,1998.07
季建业,0000001942,研究生,美国马里兰大学,,1997.03,1997.12
季建业,0000001942,研究生,苏州大学,宪法学与法学,1999.09,2002.06
季建业,0000001942,博士,苏州大学,行政法学,2003.09,2006.06
季建业,0000001942,培训,新加坡参加江苏省第九期城市规划专题研讨班,,2006.11,2006.12
季建业,0000001942,培训,中央党校,,2008.03,2008.07
季允石,0000001943,本科,山东大学,物理,1964.09,1969.07
季允石,0000001943,进修,中央党校,,1992.03,1992.06
冀纯堂,0000001945,本科,河北师范大学,体育,1973.10,1976.07
冀纯堂,0000001945,培训,省委党校,,1992.03,1992.07
冀纯堂,0000001945,学习,中央党校,经济管理,1992.09,1994.12
冀纯堂,0000001945,研究生,河北大学,世界经济,1995.09,1997.05
冀纯堂,0000001945,进修,中央党校,,2002.03,2002.07
冀纯堂,0000001945,研究生,浦东干部管理学院,,2005.10,2005.12
冀纯堂,0000001945,博士,天津大学,管理科学与工程,2001.03,2004.02
贾才,0000001948,本科,中国人民大学,哲学,,1965.00
贾万志,0000001969,研究生,中央党校,,,1986.07
贾学英,0000001971,大专,菏泽师范学校,,1973.09,1975.08
贾学英,0000001971,专修,省委党校,,1984.09,1986.07
贾玉梅,0000001973,研究生,省委党校,经济管理,,
贾治邦,0000001977,本科,杭州无线电工业学校管理学院（现杭州电子科技大学）,工业经济管理,1978.06,1980.06
贾治邦,0000001977,学习,中国人民大学,国民经济管理,,
菅瑞亭,0000001981,大专,河北省委党校,,,
蹇彪,0000001983,本科,桂林冶金地质学院,地化勘察,1984.07,1988.07 
蹇彪,0000001983,研究生,辽宁省委党校,经济管理,1999.08,2001.12
江国镇,0000001990,本科,天津大学,机械工程,,
江泓,0000001991,,中山大学,,1978.03,1982.01
江华,0000001992,学习,湖南省立第三师范学校,,1925.00,
江凌,0000001995,专科,惠阳师范专科学校,中文,1981.09,1984.07
江凌,0000001995,本科,中山大学,汉语言文学,2000.06,2002.06
江凌,0000001995,,广东省委党校,,2001.03,2001.07
江凌,0000001995,进修,美国旧金山州立大学,,2002.08,2003.08
江凌,0000001995,研究生,华南理工大学,企业管理,2005.09,2007.06
姜春云,0000002019,学习,山东省莱西县教师训练班,,1946.00,1949.00
姜春云,0000002019,函授,中国语言文学自修大学,,1985.00,1987.00
姜大明,0000002020,本科,黑龙江大学,哲学,1978.03,1982.01
姜大明,0000002020,研究生,哈尔滨工业大学,技术经济,1994.10,1996.05
姜大明,0000002020,进修,中央党校,,1996.03,1996.05
姜大明,0000002020,研究生,中央党校,政治学,1998.09,2001.07
姜德果,0000002022,本科,河北大学,汉语言文学,1978.10,1982.08
姜德果,0000002022,研究生,新加坡南洋理工大学,管理经济学,1999.10,2000.10
姜锋,0000002024,大专,陕西省宝鸡供销商业学校,财会,1980.09,1982.07
姜锋,0000002024,学习,陕西省成人自学考试,会计,1983.09,1996.04
姜锋,0000002024,学习,陕西省委党校,经济管理,1995.09,1997.12
姜锋,0000002024,培训,陕西省委党校,,2000.09,2001.01
姜锋,0000002024,函授,中央党校,经济管理,2001.09,2004.07
姜锋,0000002024,培训,中央党校,,2007.03,2008.01
姜锋,0000002024,研究生,长江商学院,工商管理,2009.05,2011.10
姜杰,0000002027,本科,山东大学,世界历史,1981.09,1985.07
姜杰,0000002027,进修,中国外经贸大学,涉外经济,1999.09,2001.07
姜杰,0000002027,博士,中国人民大学,行政管理,2002.09,2006.01
姜斯宪,0000002032,本科,上海交通大学,液压传动及控制,1978.03,1982.07
姜斯宪,0000002032,研究生,上海交通大学,液压传动与气动,1982.07,1985.01
姜斯宪,0000002032,访问学者,加拿大不列颠哥伦比亚大学,,1993.12,1994.06
姜晓亭,0000002035,本科,西南师范学院（现西南大学）,政治经济,1977.12,1982.01
姜晓亭,0000002035,学习,北京师范大学,法律,1982.02,1982.08
姜晓亭,0000002035,培训,省委党校,,1992.03,1992.06
姜延虎,0000002039,本科,四川医学院,卫生医学,1964.09,1970.08
姜延虎,0000002039,培训,中央党校,,1991.09,1992.07
姜延虎,0000002039,大专,西南政法大学,法律,1998.09,2001.07
姜有为,0000002043,本科,吉林大学,高分子材料,1985.09,1989.07
姜有为,0000002043,研究生,新加坡南洋理工大学,管理经济学,2003.06,2004.06
姜治莹,0000002045,研究生,吉林大学,,,
姜治莹,0000002045,博士,吉林大学,,,
姜作勇,0000002047,大专,辽宁省委党校,中文,,
蒋斌,0000002049,函授,中央党校,经管,,
蒋定之,0000002056,大专,江苏省镇江地区第二师范学校,,1977.03,1979.01
蒋定之,0000002056,本科,南京理工大学,环境工程,1998.09,2001.03
蒋定之,0000002056,研究生,中央党校,政治学,2002.09,2005.07
蒋辅义,0000002057,本科,西南师范学院（现西南大学）,历史,1978.09,1982.07
蒋宏坤,0000002061,本科,苏州大学,行政管理,1990.09,1991.12
蒋宏坤,0000002061,研究生,苏州大学,经济管理,1996.09,1998.07
蒋建国,0000002064,研究生,湖南大学,工业外贸,1993.09,1996.07
蒋建国,0000002064,培训,中央党校,,2000.03,2001.01
蒋进,0000002065,大专,南京农学院,农业经济,1980.09,1983.07
蒋巨峰,0000002066,本科,复旦大学,政治经济学,1978.10,1982.07
蒋巨峰,0000002066,进修,中央党校,,1991.04,1991.07
蒋巨峰,0000002066,培训,中央党校,,1996.09,1997.07
蒋仁富,0000002068,学习,四川省盐亭师范学校,,1972.06,1973.10
蒋仁富,0000002068,大专,四川师范学院〔现四川师范大学〕,马列主义理论,1982.09,1984.07
蒋仁富,0000002068,本科,南充师范学院〔现西华师范大学〕,汉语言文学,1979.09,1984.07
蒋仁富,0000002068,培训,省委党校,,1988.03,1988.06
蒋仁富,0000002068,培训,省委第二党校,,1990.09,1991.04
蒋仁富,0000002068,学习,全国高等教育自学考试,法律,1988.09,1992.04
蒋仁富,0000002068,研究生,省委党校,经济学,1996.09,1999.08
蒋仁富,0000002068,培训,中央党校,,2001.03,2002.01
焦宝林,0000002083,本科,山西师范大学,,1978.03,1982.01
焦伟侠,0000002087,本科,四川大学,哲学,1980.09,1984.07
焦伟侠,0000002087,研究生,国家行政学院,,1996.03,1996.05
焦伟侠,0000002087,研究生,四川大学,经济,1996.03,1998.03
焦伟侠,0000002087,学习,四川省委党校,,1998.09,1998.11
焦伟侠,0000002087,博士,西南财经大学,经济学,2002.09,2005.11
焦伟侠,0000002087,培训,中国浦东干部学院,,2009.04,2009.05
焦伟侠,0000002087,培训,中国延安干部学院,,2010.07,
焦伟侠,0000002087,培训,中央党校,,2012.05,
焦彦龙,0000002088,本科,南开大学,汉语言文学,1978.07,1982.07
焦彦龙,0000002088,研修,日本AOTS,,1999.00,
焦彦龙,0000002088,进修,新加坡南洋理工大学,管理经济学,2000.06,2001.06
焦彦龙,0000002088,培训,中央党校,,2006.03,2007.01
解维俊,0000002099,研究生,北京对外经济贸易大学,国际贸易,1979.09,1982.07
解维俊,0000002099,本科,山东省委党校,经济管理,1992.09,1994.06
解维俊,0000002099,培训,中央党校,,2008.03,2009.01
解维俊,0000002099,研究生,中央党校,法学理论,2009.03,2011.01
金德水,0000002104,自考,浙江省高等教育自学考试,工业经济管理,1984.09,1986.11
金德水,0000002104,进修,浙江大学,经济学,1997.03,1999.07
金德水,0000002104,研究生,浙江省委党校,经济学,1999.07,2001.04
金风,0000002107,学习,中共鲁西区党委党校,,1939.03,1939.07
金基鹏,0000002109,专科,江苏省南京市立商业职业学校,,1947.07,1950.05
金基鹏,0000002109,学习,中国逻辑与语言函授大学,党政,1985.00,1988.00
金湘军,0000002118,本科,成都电讯工程学院,计算机科学,1983.09,1987.07
金湘军,0000002118,研究生,成都科技大学,工业管理工程专业,1987.07,1990.07
金湘军,0000002118,培训,外交学院,,2002.10,
金湘军,0000002118,培训,国务院发展研究中心、哈佛大学肯尼迪政府学院、清华大学公共管理学院,,2003.07,
金湘军,0000002118,博士,华中科技大学,工商管理,2007.09,
金育辉,0000002119,博士,,工学、工商管理,,
金长征,0000002120,研究生,省委党校,,,
金长征,0000002120,本科,杭州大学,中文,,
靳克文,0000002123,本科,中央党校,经济管理,1995.09,1997.12
靳克文,0000002123,进修,中国社会科学院,市场经济,1996.12,1998.12
靳善忠,0000002126,大专,北京钢铁学院,矿机,1978.00,
靳绥东,0000002128,本科,河南大学,政教,1978.00,1982.00
靳绥东,0000002128,研究生,河南大学,,1993.00,1995.00
靳绥东,0000002128,培训,中央党校,,2003.03,2004.01
景春华,0000002134,大专,石家庄邮电高等专科学校,,1978.02,
巨艾提·依明,0000002141,学习,新疆维吾尔自治区和田县先锋公社,,1976.10,1978.08
巨艾提·依明,0000002141,大专,长春冶金地质学校,地质勘探,1979.10,1981.08
巨艾提·依明,0000002141,大专,新疆大学业余大学,维语,1983.09,1984.08
巨艾提·依明,0000002141,本科,新疆维吾尔自治区党委党校,政治理论,1984.09,1986.08
巨艾提·依明,0000002141,培训,中央党校,,1995.09,1996.07
巨艾提·依明,0000002141,研究生,中央党校,经济管理,1995.09,1998.7
康志文,0000002154,本科,黑龙江省委党校,,1991.07,1994.07
康志文,0000002154,研究生,黑龙江大学,,1999.09,2001.07
康志文,0000002154,进修,中央党校,法学理论,2003.03,2005.01
柯庆施,0000002156,高中,安徽省立第二中学,,,
柯赛江·赛力禾加,0000002158,培训,中央民族学院,,1978.02,1979.03
柯赛江·赛力禾加,0000002158,培训,自治区党校,,1982.09,1983.09
柯赛江·赛力禾加,0000002158,大专,伊犁州党校,,1987.09,1989.07
柯赛江·赛力禾加,0000002158,培训,中央党校,,1994.09,1995.01
孔玉芳,0000002170,研究生,河南大学,,,
孔原,0000002171,,萍乡县立中学,,,
孔原,0000002171,,中国共产主义劳动大学,,,
孔原,0000002171,,列宁学院,,,
来玉龙,0000002176,本科,太原工业学院,机械制造,,1964.08
来玉龙,0000002176,培训,中央党校,,1989.09,1990.07
赖德荣,0000002179,本科,广西民族学院,中共党史,1978.10,1982.07
赖德荣,0000002179,研究生,广西师范大学,中国近现代史,1998.10,2000.10
赖可可,0000002183,学习,大埔县高陂镇仰文学校,,,
赖可可,0000002183,学习,厦门市集美学校,农林,1926.00,
赖可可,0000002183,学习,上海群治大学,,1930.00,
赖泽华,0000002186,本科,中山大学,法律,1984.09,1988.08
赖泽华,0000002186,进修,中山大学,世界经济,1995.03,1997.07
赖泽华,0000002186,进修,美国夏威夷大学,,2000.03,2001.08
赖泽华,0000002186,研究生,中山大学,行政管理,2005.09,2008.06
兰开驰,0000002188,大专,绵阳财贸校,商业管理,1978.09,1980.08
兰开驰,0000002188,培训,四川省团校,,1982.10,1983.01
兰开驰,0000002188,大专,中央广播电视大学,党政干部管理,1984.08,1986.09
兰开驰,0000002188,培训,德阳市委党校,,1994.09,1994.12
兰开驰,0000002188,培训,四川省委二党校,,1995.03,1995.06
兰开驰,0000002188,研修,四川大学,工商管理,1997.09,1999.08
兰开驰,0000002188,研究生,省委党校,经济学,1998.09,2001.07
兰开驰,0000002188,培训,省委党校,,2004.02,2004.07
兰开驰,0000002188,培训,中央党校,,2008.02,2008.03
蓝军,0000002193,研究生,吉林大学,当代文学,,
蓝绍敏,0000002195,本科,南京航空学院（现南京航空航天大学）,陀螺仪表与惯性导航,1981.09,1985.06
蓝绍敏,0000002195,进修,苏州大学,世界经济,1997.05,1999.06
蓝绍敏,0000002195,进修,南京大学和美国马里兰大学,,2001.09,2002.05
蓝绍敏,0000002195,研究生,江苏省委党校,政治经济学,2002.09,2004.01
蓝天立,0000002198,本科,广西民族学院,物理,1983.09,1987.07
蓝天立,0000002198,研究生,广西大学,政治经济学,1996.09,1998.07
蓝天立,0000002198,进修,广西壮族自治区党委党校,,2001.09,2001.11
蓝天立,0000002198,培训,中央党校,,2002.03,2002.07
蓝天立,0000002198,进修,外交学院,,2005.10,2006.01
蓝天立,0000002198,博士,北京航空航天大学,管理科学与工程,2002.09,2007.03
蓝天立,0000002198,研究生,新加坡南洋理工大学,公共管理,2006.02,2007.02
蓝天立,0000002198,培训,中央党校,,2010.03,2010.07
朗大忠,0000002205,初中,,,,
雷春美,0000002206,本科,福州大学,械制造工艺及设备,1978.02,1982.02
雷春美,0000002206,进修,福建省委党校,,1997.02,1997.04
雷春美,0000002206,研究生,厦门大学,金融学,1997.09,2000.07
雷春美,0000002206,培训,中央党校,,2001.01,
雷春美,0000002206,研究生,中央党校,法学理论,2000.03,2001.01
雷洪金,0000002210,大专,简阳师范学校,,1979.09,1981.07
雷洪金,0000002210,函授,四川师范大学,涉外经济管理,1994.09,1997.07
雷洪金,0000002210,进修,四川大学,党政干部管理科学与工程,1998.07,2000.07
雷洪金,0000002210,研究生,四川省委党校,现代管理,2003.03,2005.07
雷于蓝,0000002215,研究生,中央党校,党政管理,1984.09,1986.07
雷于蓝,0000002215,研究生,对外经济贸易大学,国际贸易学,1995.05,1998.05
雷于蓝,0000002215,进修,中央党校,,1997.03,1997.07
雷于蓝,0000002215,进修,中央党校,,2006.09,2006.11
冷刚,0000002217,本科,成都大学,秘书,1982.10,1984.07
冷刚,0000002217,研究生,西南财经大学,法学,1998.09,2000.07
冷刚,0000002217,本科,四川省委党校,法律,1999.09,2001.12
冷新生,0000002218,本科,江西大学,法律,1982.09,1986.07
李安泽,0000002229,研究生,江西财经大学,经济学,,
李安泽,0000002229,博士,华中科技大学,管理学,,
李宝光,0000002233,学习,延安中央党校,,1944.00,
李兵,0000002243,本科,武汉钢铁学院,机械,1978.09,1982.07
李波,0000002247,学习,沈阳机电学院,电机专业,,1975.08
李昌平,0000002254,本科,西南民族学院,畜牧,1978.09,1982.07
李昌平,0000002254,培训,四川省级机关党校,,1991.04,1991.07
李昌平,0000002254,研究生,四川省委党校,经济管理,2004.03,2006.06
李常青,0000002258,学习,北平民国大学,,1930.00,
李川,0000002271,研究生,厦门大学,世界经济,,
李川,0000002272,中专,四川省阿坝藏族羌族自治州委党校,政治,1985.07,1987.07
李川,0000002272,培训,中央党校,,1998.03,1998.05
李川,0000002272,大专,四川省委党校,经管,1997.09,2000.06
李春城,0000002274,本科,哈尔滨工业大学,微特电机及控制电器,1975.09,1978.07
李春城,0000002274,研究生,哈尔滨工业大学,微特电机及控制电器,1980.09,1983.07
李春城,0000002274,培训,中央党校,,1996.09,1997.07
李达球,0000002281,培训,广西自治区党委党校,,1983.09,1985.07
李达球,0000002281,本科,中央党校,经济管理,1995.08,1997.12
李达球,0000002281,研究生,中南财经政法大学,财政学,1998.09,2000.06
李达球,0000002281,进修,国防大学,,2003.02,2003.04
李达球,0000002281,培训,中央党校,,2006.03,2007.01
李大伦,0000002282,研究生,湖南大学,工商经济管理,,
李德炳,0000002290,研究生,省委党校,马克思主义哲学,1996.09,1999.07
李德洙,0000002296,本科,延边大学,政治,,
李栋梁,0000002306,本科,华东政法学院,法学,2001.09,2005.07
李恩东,0000002309,专科,周口师范高等专科学校,中文,1979.09,1982.07
李恩东,0000002309,研究生,中国政法大学,法学,1994.01,1995.07
李恩东,0000002309,培训,中央党校,,1996.03,1996.07
李放,0000002315,本科,北京钢铁学院,金属物理,1976.12,1980.08
李放,0000002315,进修,江西财经大学,产业经济学,1998.09,2000.07
李放,0000002315,研究生,华中科技大学,工商管理,2003.09,2005.12
李飞跃,0000002316,本科,贵州大学,哲学,1978.09,1982.08 
李飞跃,0000002316,研究生,安徽大学,西方哲学史,1985.09,1988.07 
李峰,0000002318,本科,莱阳农学院,果树,1978.09,1982.07
李峰,0000002319,学习,庆阳师范,,1972.09,
李峰,0000002319,学习,甘肃省委党校,,1984.08,
李峰,0000002319,学习,西北师范学院,语文专修科中文专业,1984.08,
李锋,0000002322,本科,厦门大学,财政金融,1978.02,1982.02
李逢滋,0000002323,本科,西北政法学院,,1960.09,1964.07
李福升,0000002325,本科,吉林省委党校,党政管理,,
李公乐,0000002338,本科,河南农学院,,,
李光文,0000002342,专科,四川省阿坝藏族自治州民族干部学校,,1957.08,1959.05
李光文,0000002342,培训,中央政法干校,,1964.09,
李光文,0000002342,培训,中央党校,,1991.09,1992.07
李海涛,0000002356,本科,黑龙江八一农垦大学,农经系财会,1980.09,1984.07 
李海涛,0000002356,研究生,中国社会科学院,财政学,1996.07,1998.09
李海涛,0000002356,研究生,哈尔滨工业大学,工商管理,2005.06,2007.07
李海涛,0000002356,博士,哈尔滨工业大学,管理科学与工程,2009.03,2014.04
李海渊,0000002358,专科,吕梁师专,,1983.09,1985.07
李海渊,0000002358,本科,山西师范大学,中文,1985.09,1987.07
李海渊,0000002358,研究生,北京大学,公共管理,2007.02,2009.07
李灏,0000002365,高中,高州中学,,,
李灏,0000002365,本科,中山大学,,,
李红军,0000002370,本科,华中师范大学,政治,1983.09,1987.06
李红军,0000002370,研究生,华中师范大学,政治学,1990.09,1993.06
李红军,0000002370,博士,华中师范大学,科学社会主义与国际共产主义运动,1997.09,2001.01
李红军,0000002370,培训,美国加州州立大学,,2001.09,2002.09
李红军,0000002370,培训,中央党校,,2009.05,2009.07
李红民,0000002371,研究生,中央党校,,,
李红云,0000002373,本科,武汉水利电力学院,农水,1978.08,1982.07
李红云,0000002373,研究生,武汉水利电力学院,水力学及河流动力学,1982.07,1985.07
李红云,0000002373,博士,武汉水利电力学院,水工结构,1993.09,1996.06
李宏鸣,0000002374,本科,合肥工业大学,工业自动化,,1982.01
李宏鸣,0000002374,学习,美国马里兰大学,公共管理,1998.00,
李宏鸣,0000002374,研究生,中国科技大学,马列主义原理,,
李洪峰,0000002375,本科,山东大学,哲学,1978.10,1982.07
李洪峰,0000002375,研究生,中央党校,马克思主义哲学,2004.03,2006.01
李鸿忠,0000002382,本科,吉林大学,历史学,1978.02,1982.02
李鸿忠,0000002382,培训,中央党校,,1996.09,1997.07
李鸿忠,0000002382,学习,美国哈佛大学,政治,1997.07,
李虎林,0000002383,,甘肃广播电视大学,电子,1980.09,1983.09
李虎林,0000002383,函授,中央党校,经济管理,1995.08,1997.12
李虎林,0000002383,研究生,兰州大学,研究生课程进修班经济法,1998.09,2000.07
李晖,0000002389,专科,湖南省益阳师范学校,,1984.09,1987.07
李纪恒,0000002395,本科,广西大学,文学创作,1976.11,1979.08
李纪恒,0000002395,培训,中央党校,,1995.09,1996.07
李纪恒,0000002395,研究生,中央党校,经济管理,1995.09,1998.07
李纪恒,0000002395,博士,中国社会科学院,农业经济管理,1999.09,2003.07
李嘉,0000002402,本科,中山大学,电子学,1983.09,1987.07
李嘉,0000002402,研究生,中山大学,世界经济,1994.09,1997.12
李嘉,0000002402,培训,省委党校,,1996.09,1997.01
李嘉,0000002402,博士,中山大学,中国哲学,1999.09,2007.07
李嘉廷,0000002403,本科,清华大学,电机与电器制造,,1968.00
李建国,0000002409,本科,厦门大学,历史学,1973.09,1976.08
李建华,0000002412,本科,西安交通大学,应用力学,1978.03,1982.02
李建华,0000002412,培训,中央党校,,2001.03,2002.01
李建华,0000002412,研究生,中央党校,经济管理,2001.09,2003.10
李建华,0000002412,博士,兰州理工大学,材料加工工程,2002.09,2008.06
李建明,0000002420,本科,湖北医科大学,医学,1979.09,1984.07
李建明,0000002420,培训,湖北省委党校,,1994.03,1994.06
李建明,0000002420,研究生,湖北省委党校,行政管理,1995.09,1998.07
李建明,0000002420,博士,武汉大学,政治学理论,2000.09,2000.09
李建明,0000002420,培训,中央党校,,2002.03,2002.05
李荐国,0000002423,本科,衡阳师专（今衡阳师院）,中文,1980.09,1983.07
李剑白,0000002424,培训,中央党校,,,
李江,0000002426,本科,中南矿冶学院（现中南大学）,政治经济学,1978.02,1981.12
李江,0000002427,本科,昆明工学院,炼钢,1978.02,1982.02
李江,0000002427,进修,中央党校,,1993.09,1994.01
李江,0000002427,研究生,昆明理工大学,经济管理,1993.09,1997.07
李金明,0000002438,本科,煤炭部焦作矿业学院,地下开采,1962.09,1966.09
李金明,0000002438,培训,中央党校,,1986.02,1986.05
李金明,0000002438,进修,中央党校,,1995.03,1995.05
李金早,0000002443,本科,中南财经大学,农业经济,1976.12,1978.12
李金早,0000002443,研究生,武汉大学,世界经济,1982.02,1984.12
李金早,0000002443,博士,中国社会科学院,政治经济学,1986.02,1988.10 
李金早,0000002443,访问学者,澳大利亚国立大学、马科里大学,,1989.12,1990.01
李金早,0000002443,访问学者,英国伦敦大学,,1994.01,1994.03
李金柱,0000002444,本科,阜新矿业学院,矿山测量,1978.02,1982.02
李金柱,0000002444,培训,北京外国语学院,,1984.08,1985.07
李金柱,0000002444,访问学者,波兰上西里西亚大学,,1991.08,1991.10
李金柱,0000002444,研究生,辽宁工程技术大学,采矿工程,1994.09,1997.07
李金柱,0000002444,进修,中央党校,,1999.09,2000.01
李金柱,0000002444,进修,中国人民大学,工商管理,2001.03,2002.03
李金柱,0000002444,学习,美国锡拉丘兹大学,公共管理,2002.10,2002.11
李金柱,0000002444,培训,中央党校,,2008.08,2008.09
李金柱,0000002444,学习,中组部香港、上海浦东学院,城市建设管理,2009.06,2009.07
李津成,0000002445,专科,青海广播电视大学,汉语文,1985.09,1985.09
李津成,0000002445,培训,东北师范大学,,1988.03,1988.08
李津成,0000002445,进修,日本富士精工株式会社,,1989.05,1990.05
李津成,0000002445,培训,中央党校,,1996.09,1997.07 
李锦斌,0000002446,学习,长春师范学院,历史,1980.07,1982.08
李锦斌,0000002446,研究生,吉林大学,政治学,1989.07,1992.07
李锦斌,0000002446,培训,中央党校,,1995.09,1996.07
李锦斌,0000002446,博士,吉林大学,政治学理论,1995.09,1998.06
李锦斌,0000002446,进修,美国芝加哥伊利诺伊大学,MBA,1996.06,1999.11
李近维,0000002451,培训,,,1980.09,1981.01
李近维,0000002451,大专,惠州教育学院,函授政治经济学,1984.09,1987.07
李近维,0000002451,进修,中央党校,,1987.09,1988.01
李晋修,0000002452,本科,吉林农业大学,农学,1983.09,1986.06
李晋修,0000002452,研究生,吉林大学,世界经济,,
李井泉,0000002453,,省立第三师范,,,
李井泉,0000002453,,延安中央党校,,,
李静,0000002455,专科,绵阳师范专科学校（今绵阳师范学院）,中文,1981.09,1984.07
李静,0000002455,培训,四川省委二党校,,1986.03,1986.07
李静,0000002455,本科,四川省委党校,经济管理,1992.09,1994.12
李静,0000002455,培训,四川省委党校,,1994.03,1994.07
李静,0000002455,研究生,西南交通大学,管理科学与工程,1996.04,1996.04
李静,0000002455,培训,中国工运学院城市工会工作研讨班,,1998.01,1998.04
李静,0000002455,培训,中央党校,,2004.09,2005.01
李静,0000002455,研究生,四川省委党,现代管理,2002.03,2004.07
李军,0000002456,本科,武汉大学,文学,1978.10,1982.09 
李军,0000002456,研究生,武汉大学,古典文献,1982.09,1985.08
李军,0000002456,博士,武汉大学,政治经济学,1995.09,2000.06
李军,0000002456,博士后,北京大学,应用经济学,2001.01,2002.12
李军,0000002456,培训,中央党校,,2003.03,2003.07
李俊杰,0000002471,,陕西武功农校,,,1954.00
李俊明,0000002473,中专,山西省建筑工程学校,工民建,1978.03,1980.11
李俊明,0000002473,专科,山西广播电视大学,,1982.09,1985.08
李俊明,0000002473,培训,山西省委党校,,1984.09,1986.08
李俊明,0000002473,学习,中央党校,经管,1996.08,1998.12
李俊明,0000002473,研究生,中国社会科学院,企业管理,1997.07,1999.07
李俊明,0000002473,培训,中央党校,,2005.09,2006.01
李俊明,0000002473,研究生,中央党校,法学,2005.09,2008.07
李俊渠,0000002474,进修,中央党校,经管,1993.02,1993.07
李俊渠,0000002474,函授,中央党校,经管,1993.09,1995.12
李俊渠,0000002474,培训,中央党校,,1996.09,1997.09
李俊渠,0000002474,研究生,中央党校,法学,1996.09,1999.07
李康,0000002476,本科,广西民族学院,汉语言,1978.02,1982.01
李康,0000002476,进修,广西壮族自治区党委党校,,1992.09,1992.09
李康,0000002476,研究生,东南大学,现代经济与决策管理,1997.10,2000.08
李康,0000002476,培训,中央党校,,2002.03,2003.01
李康,0000002476,研究生,广西师范大学,经济史,2004.02,2006.01
李克,0000002481,培训,中央党校,,1983.08,1986.08
李克,0000002481,博士,中国社会科学院,技术经济及管理,1996.09,1999.07
李克明,0000002484,高中,通江中学,,,1963.00
李坤,0000002490,中专,齐齐哈尔林业学校,营林,1982.09,1982.09
李坤,0000002490,本科,黑龙江大学,中文,1988.09,1991.07
李坤,0000002490,函授,省政法管理干部学院,法律,1997.03,2000.01
李坤,0000002490,培训,省委党校,,2002.03,2002.07
李坤,0000002490,研究生,省委党校,经济管理,2002.07,2007.01
李坤,0000002490,学习,哈尔滨工业大学,工商管理,2005.06,2007.06
李柳身,0000002510,专科,河南省百泉农专（现为河南科技学院）,农学,1978.03,1981.03
李柳身,0000002510,研究生,中国人民大学,企业管理,1995.11,1998.06
李明,0000002522,本科,安徽大学,固体物理,1978.02,1982.02
李明波,0000002528,研究生,湖北省委党校,,,
李明远,0000002532,本科,清华大学,无线电技术与信息,1983.09,1988.09 
李明远,0000002532,研究生,西安电子科技大学,通信与信息系统,1988.09,1991.03
李明远,0000002532,博士后,西安交通大学,,1996.10,1999.04
李明远,0000002532,研究生,西安电子科技大学,通信与电子系统,1993.03,1996.03 
李明远,0000002532,培训,陕西省委党校,,2003.03,2003.06
李宁,0000002538,本科,西北政法学院,法律,1979.09,1983.08
李培,0000002540,中专,云南省曲靖地区财贸学校,商业计划统计,1979.09,1981.08
李培,0000002540,培训,云南省曲靖地委党校,,1983.09,1985.07
李培,0000002540,函授,中央党校,政法,1996.08,1998.12
李培,0000002540,培训,中央党校,,2008.03,2008.07
李培,0000002540,研究生,中央党校,经济管理,2009.03,2011.01
李平,0000002541,进修,省委党校,,1994.09,1994.10
李平,0000002541,函授,中央党校,经济管理,1995.08,1997.12
李平,0000002541,研究生,中央党校,经济管理,2001.09,2004.07
李平,0000002541,培训,省委党校,,2005.09,2005.12 
李平社,0000002547,研究生,中央党校,世界经济,1994.09,1995.07
李启红,0000002550,研究生,广东省委党校,,,
李谦,0000002552,专科,南京政治学院,马克思主义原理,1991.09,1994.07 
李谦,0000002552,函授,中央党校,经济管理,1993.08,1995.12 
李谦,0000002552,研究生,河北省委党校,经济管理,1997.09,2000.01
李强,0000002553,研究生,中央党校,工商管理,,
李强,0000002554,学习,省自学考试,汉语言文学,1986.09,1988.06 
李强,0000002554,研究生,东南大学,工商管理,1995.06,1997.12
李强,0000002554,研究生,省委党校,政治经济学,2002.09,2004.01
李清,0000002562,本科,,,,
李庆贵,0000002567,本科,河南大学,政教,1978.01,1982.01
李庆雄,0000002572,学习,省政法管理干部学院,公安,1986.09,1988.07
李庆雄,0000002572,研究生,中国人民大学、中国人民公安大学,行政管理学,1997.10,1999.07
李庆雄,0000002572,培训,第三期高级公务员专题研究班,,2003.10,2003.12
李庆雄,0000002572,学习,武汉大学国际软件学院,软件工程,2008.06,2010.06
李庆雄,0000002572,学习,中央广播电视大学,法学,2008.09,
李全林,0000002575,本科,南京药学院（现中国药科大学）附设药剂学校,,1965.09,1968.08 
李全林,0000002575,研究生,南京大学,MBA,1996.09,1998.09
李全林,0000002575,研究生,省委党校,,2002.09,2004.01
李群,0000002578,本科,山东大学,磁学,1979.09,1983.07
李群,0000002578,研究生,西北工业大学,管理科学与工程,,
李任之,0000002584,,抗大,,,
李汝求,0000002590,函授,中山大学,哲学,1985.12,1987.12
李汝求,0000002590,研究生,华南师范大学,科学技术哲学,1996.03,1998.01
李汝求,0000002590,培训,美国哥伦比亚大学,,2006.07,2006.09
李森桂,0000002594,高中,陕甘宁边区米脂中学,,1942.00,
李述,0000002615,本科,吉林省建筑工程学校,,1960.08,1965.03
李述,0000002615,学习,哈尔滨建筑工程学院,管理工程,1981.09,1983.07
李水华,0000002622,本科,广州体育学院,体育,1980.09,1984.07
李水华,0000002622,学习,中山大学,思想政治教育,1991.09,1993.07
李水华,0000002622,培训,省委党校,,2001.03,2001.07
李水华,0000002622,培训,省委党校,,2004.09,2005.01
李水华,0000002622,培训,广东省中青年领导干部赴法,,2005.10,2005.12
李水华,0000002622,培训,中央党校,,2014.03,2014.07
李堂堂,0000002627,本科,陕西师范大学,汉语言文学,1972.04,1975.07
李堂堂,0000002627,研究生,西安交通大学,工商管理,2002.01,2005.04
李天太,0000002634,本科,北京工业学院,工学,1978.10,1982.07
李天太,0000002634,研究生,中国社会科学院,经济法,1996.04,1998.03
李天太,0000002634,培训,中央党校,,1998.09,1999.07
李同道,0000002637,本科,山东工业大学,焊接工艺及设备,1981.09,1985.07
李同道,0000002637,培训,美国密苏里大学,,2004.07,2005.01
李同道,0000002637,博士,中国石油大学,油气储运工程,2002.09,2008.01
李万才,0000002638,研究生,中央党校,,1998.07,1999.07
李万禄,0000002641,专科,贵阳业余工学院,机械制造,1960.09,1962.07
李万忠,0000002643,研究生,,,,
李维民,0000002648,中学,吉林英国教会学校文光中学,,1926.00,1929.00
李卫宁,0000002664,本科,浙江大学,工业经济管理,1983.03,1985.02
李卫宁,0000002664,培训,省委党校,,1997.04,1997.07
李卫宁,0000002664,进修,国家行政学院,,2001.03,2001.06
李卫宁,0000002664,研究生,中央党校,经济管理,2002.09,2005.07
李文慧,0000002670,专科,河南省新乡师范学校,,1978.09,1981.09
李文慧,0000002670,本科,河南省委党校,经济管理,1992.09,1994.07
李文慧,0000002670,研究生,澳门公开大学,工商管理,2002.01,2004.01
李文科,0000002671,博士,沈阳农业大学,农学,,1982.00
李文卿,0000002674,本科,甘肃农业大学,兽医,1978.03,1982.01
李文卿,0000002674,博士,甘肃农业大学,草业科学,2003.09,2006.12
李文全,0000002676,本科,,,,
李文章,0000002677,本科,宁夏大学,政法,1979.08,1983.07
李文章,0000002677,培训,中央党校,,2003.03,2004.01
李文章,0000002677,研究生,中央党校,政治学理论,2002.03,2005.01
李希,0000002679,本科,西北师范学院,汉语言文学,1978.03,1982.01
李希,0000002679,进修,中央党校,,2004.03,2004.07
李希,0000002679,研究生,清华大学,工商管理,2008.09,2011.01
李显刚,0000002684,本科,华中农学院,农业经济管理,1979.09,1983.07
李显刚,0000002684,研究生,中国农业大学,管理学,1995.09,1999.07
李显刚,0000002684,研究生,中央党校,法学理论,2003.01,2005.01
李显刚,0000002684,进修,中央党校,,2005.11,2006.01
李显刚,0000002684,培训,中国浦东干部学院,,2009.09,2009.09
李显刚,0000002684,培训,日本东京大学,,2010.05,2010.06
李显刚,0000002684,培训,中央党校,,2011.03,2011.07
李宪生,0000002686,学习,武汉师范学院,政治教育,1977.01,1980.01
李宪生,0000002686,进修,中央党校,,1993.02,1993.07
李宪生,0000002686,培训,中央党校,,1996.09,1997.07
李宪生,0000002686,研究生,中央党校,政治经济学,1996.09,1999.07
李宪生,0000002686,博士,华中师范大学,中国近代史,1997.09,2000.06
李湘林,0000002689,本科,西北大学生物系,野生动物保护管理专业,1985.09,1987.07
李湘林,0000002689,学习,中央党校函授学院,经济管理专业,1994.08,1996.12
李湘林,0000002689,学习,中央党校进修部,,2001.09,2002.01
李湘林,0000002689,研究生,中央党校函授学院在职研究生,班经济管理专业,2003.09,2006.07
李向志,0000002691,本科,四川大学,高分子化学,1975.10,1978.09
李向志,0000002691,培训,四川省级机关党校,,1991.03,1991.09
李向志,0000002691,进修,四川联合大学,管理科学与工程,1997.03,1999.03
李向志,0000002691,研究生,四川省委党校,现代管理,2003.03,2005.07
李小豹,0000002692,专科,湖南零陵师专,历史,1986.09,1988.07
李小豹,0000002692,研究生,首都师范大学,中国近现代史,1992.09,1995.07
李小豹,0000002692,博士,中南大学,公共管理学院伦理学,2005.09,2011.05
李小豹,0000002692,培训,中央党校,,2012.09,2013.01
李小平,0000002695,本科,云南大学,企业管理,1982.09,1986.07
李小平,0000002695,研究生,云南大学,中国经济与企业管理,1995.09,1997.07
李小平,0000002695,博士,云南大学,法学,2009.00,2012.00
李晓东,0000002698,学习,陕西师范大学,区域地理,1978.10,1985.07
李晓东,0000002698,培训,省委党校,,1996.09,1997.07
李晓东,0000002698,研究生,,理学,,
李新华,0000002703,本科,华中工学院,电力系统及其自动化,1980.09,1984.07
李新华,0000002703,研究生,华中理工大学,管理学,1995.04,1998.07
李新民,0000002706,本科,河南省郑州大学,数学,1972.04,1975.08
李新民,0000002706,研究生,中央党校,,,
李新元,0000002711,专科,广西柳州市委党校,工业企业经济管理,1987.09,1989.07
李新元,0000002711,本科,中央党校,经济管理,1995.08,1997.12
李新元,0000002711,本科,中南民族学院,经济管理,1995.09,1998.07
李新元,0000002711,研究生,华中科技大学,系统工程,2001.04,2004.05
李学军,0000002718,学习,新疆财贸学校,财政,1978.10,1980.07
李学军,0000002718,研究生,中国社会科学院,财政,,
李学军,0000002718,研究生,中央党校,经济学,,
李亚,0000002726,中专,河南省商丘地区商业学校,,1978.09,1980.12
李亚,0000002726,专修,郑州大学,哲学,1983.09,1985.07
李亚,0000002726,研究生,天津大学,管理工程,1992.02,1993.12
李亚,0000002726,培训,河南省委党校,,1998.09,1998.12
李亚,0000002726,培训,,,2004.03,2005.01
李亚,0000002726,博士,华中科技大学,管理科学与工程,2002.09,2005.06
李延芝,0000002730,中专,哈尔滨电机制造学校,电机制造,1965.09,1969.11
李延芝,0000002730,函授,黑龙江广播电视大学,中文,1982.09,1985.07
李延芝,0000002730,函授,黑龙江省委党校,行政管理,1989.07,1992.07
李延芝,0000002730,研究生,黑龙江大学,哲学,1995.02,1997.05
李延芝,0000002730,进修,中央党校,,1999.03,1999.07
李延芝,0000002730,学习,黑龙江大学,金融,2000.10,2003.12
李雁红,0000002740,本科,山西大学,汉语言文学,1974.09,1977.08
李雁红,0000002740,研究生,中国人民大学,工商管理,1996.09,1999.07
李雁红,0000002740,进修,中央党校,,1999.03,1999.07
李雁红,0000002740,培训,国防大学,,2008.03,2008.05
李耀新,0000002745,本科,上海科技大学,半导体物理,1979.09,1983.09
李耀新,0000002745,研究生,哈尔滨工业大学,工业管理工程,1985.09,1988.09
李耀新,0000002745,博士,哈尔滨工业大学,工业管理工程,1988.09,1991.12
李耀新,0000002745,博士后,中国科学院,,1992.07,1994.12
李贻伟,0000002746,本科,华南工学院,轻化学造纸,1981.09,1985.09
李贻伟,0000002746,研究生,华南理工大学,轻化学造纸,1985.09,1988.06
李贻伟,0000002746,博士,中国人民大学,诉讼法学,2004.07,2007.07
李亿龙,0000002747,中专,长沙商业学校,财会,1978.03,1980.02
李亿龙,0000002747,本科,中南财经大学,财税,1983.09,1988.07
李毅章,0000002753,研究生,湖南大学,管理工程,1993.09,1995.07
李英杰,0000002756,专修,辽宁省党政,,1983.12,1985.04
李英杰,0000002756,培训,中华全国律师函授中心,,1987.09,1989.09
李英杰,0000002756,函授,辽宁省委党校,行政管理,1989.05,1991.12
李英杰,0000002756,培训,中央党校,,1998.09,1999.07 
李英杰,0000002756,研究生,中央党校,法学理论,1998.09,2001.07 
李英杰,0000002756,研究生,吉林大学,数量经济,1997.03,1999.03
李永宏,0000002760,学习,山西矿业学院采煤系,地下采煤专业,1976.00,
李佑才,0000002767,本科,中南矿冶学院,金属材料,1972.03,1975.11
李玉刚,0000002770,专科,黑龙江省建筑工程学校,工民建,1982.09,1985.08
李玉刚,0000002770,函授,黑龙江矿业学院,工民建,1990.10,1991.07
李玉刚,0000002770,研究生,黑龙江大学,经济管理,1995.07,1997.07
李玉刚,0000002770,学习,中央党校,经济管理,1995.08,1997.12
李玉刚,0000002770,研究生,省委党校,经济管理,2003.03,2006.01
李玉刚,0000002770,研究生,东北财经大学,工商管理,2007.10,2009.06
李玉妹,0000002773,专修,山东省委党校,政治理论,1980.09,1982.07
李玉妹,0000002773,研究生,中央党校,,1995.09,1997.07
李源潮,0000002786,本科,上海师范大学,数学,1972.00,1974.00
李源潮,0000002786,研究生,北京大学,理学,1988.00,1991.00
李源潮,0000002786,博士,中央党校,科学社会主义,1991.00,1995.00
李月成,0000002788,专科,兴仁师范学校,,1974.10,1976.08
李月成,0000002788,进修,兴义师专,数学,1977.09,1978.08
李月成,0000002788,学习,兴义师专,中文,1979.09,1981.08
李月成,0000002788,培训,中央党校,,1992.08,1993.08
李月成,0000002788,培训,中国市长培训中心,,1999.05,1999.06
李月成,0000002788,研修,清华大学,现代公共管理,1999.10,2000.01
李月成,0000002788,研究生,中央党校,世界经济管理,1999.09,2002.07
李月成,0000002788,培训,美国培训考察团,,2006.02,2006.03
李月成,0000002788,培训,中组部第89期领导干部经济管理研究班,,2006.04,2006.04
李再勇,0000002797,本科,贵州农学院,农学,1979.09,1983.08
李再勇,0000002797,培训,遵义地委党校,,1990.10,1991.01
李再勇,0000002797,培训,中央党校,,2002.03,2002.05
李再勇,0000002797,研究生,中央党校,政治经济学,2000.09,2003.07
李泽民,0000002800,本科,中国人民大学,中共党史,,
李长春,0000002804,本科,哈尔滨工业大学,工业企业自动化,1961.00,1966.00
李长铎,0000002805,本科,北京师范大学,中文,1961.08,1966.07
李兆焯,0000002811,本科,广西大学,农田水利工程,1963.00,1968.00
李兆焯,0000002811,培训,广西区党委党校,,1982.00,1983.00
李兆焯,0000002811,培训,中央党校,,1987.02,1987.07
李兆前,0000002813,本科,山东工学院（山东工业大学）,机械制造工艺及设备,1978.10,1985.07
李兆前,0000002813,研究生,山东工学院（山东工业大学）,机械制造工艺及设备,1978.10,1985.07
李兆前,0000002813,博士,山东工业大学,机械制造,1988.09,1992.12
李兆前,0000002813,进修,英国纽卡素理工大学,,1990.09,1992.02
李兆前,0000002813,访问学者,美国宾州州立大学,,1997.02,1998.02
李兆前,0000002813,博士,清华大学,管理学,2001.09,2007.12
李正阳,0000002826,中专,曲靖农校,,1978.11,1980.09
李正阳,0000002826,研究生,中央党校,社会主义科学,2001.09,2004.07
李正印,0000002827,函授,中央党校,经济管理,1993.08,1995.12
李正印,0000002827,研究生,中国社科院,农业经济,1996.04,1998.03
李正印,0000002827,进修,中央党校,经济管理,1998.09,1999.01
李正印,0000002827,研究生,中央党校,,2007.03,2009.01
李正印,0000002827,培训,中央党校,,2007.03,2008.01
李志刚,0000002829,培训,广西气象学校,,1975.10,1976.10
李志刚,0000002829,本科,教育部中南管理干部培训中心,,1996.03,1996.06
李志刚,0000002829,进修,广西壮族自治区党委党校,,2001.02,2001.05
李志刚,0000002829,研究生,中央党校,经济管理,1998.09,2001.07
李志勋,0000002834,中专,平凉农业学校,植保,1979.09,1982.07
李志勋,0000002834,学习,甘肃省委党校,党政管理,1987.09,1989.08
李志勋,0000002834,学习,中央党校,经济管理,1993.08,1995.12
李志勋,0000002834,进修,西北农林科技大学,农业经济管理,1998.09,2000.08
李志勋,0000002834,研究生,甘肃省委党校,公共管理,2004.09,2007.06
李志勋,0000002834,学习,西北农林科技大学,农业推广,2004.12,2007.12
李治文,0000002839,学习,延安陕北公学、马列学院,,,
李忠,0000002840,本科,,,,
李忠金,0000002844,学习,解放军总参机要学校,,1965.07,1969.01
李忠金,0000002844,本科,中央党校,经济管理,1987.09,1989.08
李仲彬,0000002847,培训,四川省行政管理干部学院,,1991.09,1992.07
李仲彬,0000002847,专科,四川省广播电视大学,政史,1992.09,1995.07
李仲彬,0000002847,本科,中共四川省委党校,经济管理,1994.09,1997.01
李仲彬,0000002847,研修,四川大学,法律,1999.09,2001.07
李仲彬,0000002847,研究生,四川省委党校,现代管理,2002.02,2004.06
李仲为,0000002848,本科,西北农学院,农业经济管理,1979.09,1983.07
李仲为,0000002848,培训,省委党校,,1991.09,1992.07
李仲为,0000002848,研究生,中央党校,法学理论,1998.09,2001.07
厉有为,0000002861,本科,吉林大学,机械,,
厉志海,0000002863,专科,浙江省金华农业学校,,1974.09,1976.08
厉志海,0000002863,本科,浙江广播电视大学,法律,1989.09,1992.07
厉志海,0000002863,研究生,北京师范大学,经济管理,1997.06,1999.07
厉志海,0000002863,研究生,浙江省委党校,行政管理,2003.03,
厉志海,0000002863,研究生,浙江大学—香港理工大学,工商管理,2004.03,
栗战书,0000002868,学习,河北省石家庄地区财贸学校,物价专业学,1971.00,1972.00
栗战书,0000002868,本科,河北师范大学,政教,1980.00,1983.00
栗战书,0000002868,培训,中央党校,,1988.02,1988.08
栗战书,0000002868,学习,中央党校,经济,1992.00,1994.00
栗战书,0000002868,研究生,中国社会科学院,商业经济,1996.00,1998.00
栗战书,0000002868,研究生,哈尔滨工业大学,工商管理,2005.00,2007.00
栗智,0000002869,本科,南充师范学院,生物,1974.10,1977.10
栗智,0000002869,培训,自治区党委党校,,1995.09,1996.07
栗智,0000002869,研究生,新疆大学,经济管理,1998.09,2000.07
栗智,0000002869,进修,中央党校,,2000.03,2000.07
连承敏,0000002870,本科,山东经济学院,国际贸易,1993.09,1996.07
连维良,0000002871,本科,西安交通大学,电厂热能动力,1979.09,1983.08
连维良,0000002871,培训,河南省委党校,,1994.03,1994.07
连维良,0000002871,研究生,中国人民大学,企业管理,1995.05,1997.08
连维良,0000002871,培训,美国伊利诺伊大学,,1999.12,
连友农,0000002872,专科,广西机械工业学校,机器制造,1973.09,1976.07
连友农,0000002872,本科,北京工业大学,应用数学,1978.02,1980.02
连友农,0000002872,培训,广西出国留学人员外语培训中心,,1991.04,1992.04
连友农,0000002872,访问学者,澳大利亚昆士兰大学,,1992.05,1993.05
连友农,0000002872,进修,广西自治区党委党校,,1999.03,1999.05
连子恒,0000002874,专科,许昌地委党校,,1984.11,1986.11
连子恒,0000002874,函授,省委党校,政治管理,1988.09,1991.07
连子恒,0000002874,研究生,中国社会科学院,企业管理,1996.12,1998.11
廉素,0000002875,本科,内蒙古大学,汉语言文学,1978.03,1981.12
廉毅敏,0000002876,本科,清华大学,精密仪器,1981.09,1986.07
廉毅敏,0000002876,研究生,量子光学与光量子器件国家重点实验室山西大学光电研究所,光电,1986.07,1989.07
廉毅敏,0000002876,博士,量子光学与光量子器件国家重点实验室山西大学光电研究所,光电,2001.09,2008.07
梁保华,0000002878,本科,复旦大学,新闻,1963.09,1968.08
梁保华,0000002878,培训,省委党校,,1972.10,1973.01
梁滨,0000002881,本科,太原工学院,电机,1976.12,1979.08
梁滨,0000002881,培训,中央党校,,1995.09,1996.07
梁滨,0000002881,研究生,中央党校,经济管理,1995.09,1998.07
梁滨,0000002881,博士,中国社科院,技术经济与管理,1997.09,1999.06
梁春禄,0000002886,学习,广西钦州地委党校,政治管理,1988.09,1990.07
梁春禄,0000002886,研究生,广西大学,政治经济学,1997.09,2000.09
梁春禄,0000002886,进修,中央党校,,2003.03,2003.09
梁公卿,0000002892,本科,云南大学,化学,1962.09,1966.09
梁公卿,0000002892,培训,中央党校,,1986.09,1987.07
梁国安,0000002895,本科,中央党校,党政,1995.08,1997.12
梁宏贤,0000002898,本科,西北大学,政治经济学,1978.04,1981.12
梁宏贤,0000002898,培训,西北大学,,1998.04,1999.02
梁宏贤,0000002898,培训,美国加州州立大学富勒顿分校,,1998.04,1999.02
梁宏贤,0000002898,研究生,香港理工大学,工商管理,2005.09,2007.12
梁建勇,0000002905,专科,山西晋东南师专学校,,,
梁建勇,0000002905,本科,北京大学,法学,,
梁建勇,0000002905,研究生,,MBA,,
梁黎明,0000002908,本科,浙江大学,体育,1979.08,1983.09
梁黎明,0000002908,研究生,浙江大学,应用心理学,1995.05,1998.05
梁胜利,0000002917,学习,广西经济管理干部学院,企业管理,1982.09,1984.07
梁胜利,0000002917,本科,中央党校,经济管理,1995.08,1997.12
梁胜利,0000002917,培训,中央党校,,1996.09,1997.01
梁胜利,0000002917,研究生,中国社会科学院,企业管理,1996.09,1998.07
梁胜利,0000002917,培训,中央党校,,2001.03,2002.01
梁胜利,0000002917,研究生,中央党校,经济管理,2001.03,2004.01
梁铁城,0000002920,本科,辽宁大学,哲学,1979.07,1983.08
梁铁城,0000002920,研究生,中央党校,经济管理,1986.09,1989.11
梁铁虎,0000002921,本科,郑州大学,政治,1974.00,1977.00
梁铁虎,0000002921,培训,河南省委党校,,1980.00,1981.10
梁铁虎,0000002921,培训,江西财经学院,,1980.00,1981.10
梁铁虎,0000002921,培训,河南省委党校,,1985.03,1985.07
梁铁虎,0000002921,培训,中国刑警学院,,1985.09,1986.01
梁伟发,0000002924,专科,华南工学院,工业企业管理,1982.00,1984.00
梁伟发,0000002924,研究生,华南理工大学,管理工程,1991.09,1994.04
梁伟发,0000002924,培训,中央党校,,1997.09,1998.07
梁伟年,0000002925,专修,武汉水利电力学院,农田水利工程,1981.09,1983.07
梁伟年,0000002925,学习,武汉大学,行政管理,1988.04,1990.10
梁伟年,0000002925,培训,湖北省委党校,,1991.06,1991.08
梁伟年,0000002925,学习,武汉工学院,工业管理工程,1991.01,1994.05
梁伟年,0000002925,研究生,华中理工大学,管理学,1995.12,1998.12
梁伟年,0000002925,培训,湖北省委党校,,2001.03,2001.04
梁伟年,0000002925,博士,华中科技大学,管理科学与工程,1999.09,2004.04
梁伟年,0000002925,培训,中组部领导干部经济理论研究班,,2006.05,2006.06
梁卫国,0000002927,本科,清华大学,无线电技术,1974.10,1978.01
梁卫国,0000002927,培训,中央党校,,1994.09,1995.07
梁卫国,0000002927,研究生,中央党校,经济管理,1994.09,1997.01
梁卫国,0000002927,进修,省委党校,,2001.03,2001.05
梁卫国,0000002927,培训,清华大学与哈佛大学合办的公共管理高级培训班,,2005.06,2005.09
梁湘,0000002928,本科,北京师范大学,,,
梁毅民,0000002935,学习,佛山市财政学校,,1984.02,1984.08
梁毅民,0000002935,本科,广东省委党校,经济管理,1999.09,2001.12
梁毅民,0000002935,研究生,中山大学,工商管理,2003.09,2006.06
廖飞,0000002951,本科,南京航空航天大学,自动控制系电气技术专业,1989.09,1993.07
廖飞,0000002951,研究生,浙江大学管理学院,工商管理专业,2000.03,2003.08
廖飞,0000002951,学习,中央党校中青班,,2004.03,2005.01
廖飞,0000002951,学习,中央党校中青班,,2011.03,2011.04
廖国勋,0000002953,学习,贵阳师范学院,化学,1979.09,1983.08
廖国勋,0000002953,培训,中央党校,,2004.09,2005.01
廖国勋,0000002953,研究生,中央党校,政治经济学,2000.09,2003.07
廖国勋,0000002953,进修,中央党校,,2009.11,2009.12
廖国勋,0000002953,培训,延安干部学院,,2010.10,
廖国勋,0000002953,培训,井冈山干部学院,,2011.03,2011.04
廖井丹,0000002955,学习,延安马列学院,,1939.01,
廖少华,0000002958,本科,西南交通大学,铁道工程建筑,1978.03,1982.08
廖少华,0000002958,培训,铁道部干部管理学院,,1994.09,1995.01
廖少华,0000002958,研修,北京大学,经济管理,1999.10,1999.12
廖少华,0000002958,培训,中央党校,,2001.03,2002.01
廖少华,0000002958,研究生,中央党校,经济管理,2001.03,2004.01
廖小军,0000002960,专科,福建师范大学,政教,1985.09,1987.07
廖小军,0000002960,研究生,福建省委党校,政治经济学,1995.09,1998.01
列确,0000002967,专科,中央党校,,1983.09,1985.07
林铎,0000002976,本科,解放军海军潜艇学校、海军工程学院,,1974.12,1979.03
林铎,0000002976,本科,北京市委党校,党建,1990.09,1993.07
林铎,0000002976,培训,中央党校,,1995.09,1996.07
林铎,0000002976,研究生,中央党校,法学,1995.09,1998.07
林铎,0000002976,研究生,北京市委党校,经济管理,1994.09,1997.07
林峰海,0000002980,本科,山东农学院,农业经济管理,1980.09,1984.07
林峰海,0000002980,进修,省委党校,,2001.09,2001.12
林浩坤,0000002987,专科,省委党校,,,
林宽海,0000003003,研究生,东北财经大学,高级工商管理,2004.05,2007.03
林美南,0000003008,培训,中央党校,,1994.09,1995.07
林美南,0000003008,研究生,中央党校,经济管理,1995.09,1998.07
林木声,0000003013,本科,华南师范学院,中文,1978.02,1982.01
林木声,0000003013,培训,中央党校,,1994.09,1995.07
林木声,0000003013,研究生,中央党校,经济管理,1995.09,1998.07
林强,0000003017,本科,沈阳师范学院,数学,1988.09,1991.08 
林强,0000003017,本科,辽宁大学,中文,1991.09,1995.07
林强,0000003017,研究生,沈阳师范大学,教育管理,1998.07,2002.06
林强,0000003017,博士,东北大学,行政管理,,
林若,0000003025,本科,中山大学,文学,1945.00,
林山青,0000003027,,山东大学,法学,1981.07,1985.07
林少春,0000003028,本科,武汉地质学院,应用地球物理勘探,1978.10,1982.09
林少春,0000003028,专科,北京人文函授大学,法律,1988.02,1990.07
林少春,0000003028,研究生,中山大学,经济,1994.03,1997.06
林少春,0000003028,培训,中国井冈山干部学院,,2010.09,
林少春,0000003028,培训,中国延安干部学院,,2011.04,
林书成,0000003034,本科,西安矿业学院,矿山建设,1978.09,1982.08
林树森,0000003035,本科,华南理工大学,工民建,1965.09,1970.08
林树森,0000003035,培训,中央党校,,1991.09,1992.07
林武,0000003044,本科,江西冶金学院,炼钢,1978.10,1982.08
林肖硖,0000003048,本科,延安抗大,,1937.05,
林肖硖,0000003048,学习,中央党校,,1937.05,
林雄,0000003050,本科,中山大学,汉语言文学,1978.10,1982.08
林雄,0000003050,研究生,中山大学,政治经济学,1994.09,1997.07 
林雄,0000003050,进修,中央党校,,2001.03,2001.07
林雄,0000003050,培训,哈佛大学,,2005.07,2005.10
林雄,0000003050,培训,省部级领导干部国防研究班,,2009.03,2009.05
林修德,0000003051,,上海暨南大学,,,
林修德,0000003051,,上海大同大学,,,
林秀山,0000003052,本科,哈尔滨师范学院,中文,1974.09,1977.08
林秀山,0000003052,学习,牡丹江师范学院,政治,1986.08,1988.08
林秀山,0000003052,培训,省委党校,,1987.10,1988.01
林秀山,0000003052,培训,中央党校,,1997.09,1998.01
林秀山,0000003052,研究生,哈尔滨工业大学,工商管理,2006.06,
刘爱才,0000003076,学习,江西师范学院抚州分院,中文,1978.03,
刘爱才,0000003076,学习,中南工业大学,管理工程,1984.09,1985.02
刘爱才,0000003076,本科,江西大学,汉语言文学,1988.11,1991.12
刘邦显,0000003078,,陕西省西安师范学校,,,
刘邦显,0000003078,,延安中央党校,,,
刘邦显,0000003078,,马列学院,,,
刘昌林,0000003095,本科,湖北财经学院（今中南财经政法大学）,工业经济,1981.09,1985.07
刘超,0000003096,本科,中国人民公安大学,法律,1989.09,1993.07
刘超,0000003096,研究生,北京大学,法律,1998.09,2001.07
刘超,0000003096,博士,中国政法大学,刑法学,2006.09,2009.06
刘成鸣,0000003103,专科,德阳市委党校,经济管理,1987.08,1989.07
刘成鸣,0000003103,培训,省委二党校,,1995.05,
刘成鸣,0000003103,培训,中央团校,,1995.09,1995.10
刘成鸣,0000003103,研究生,四川大学,工商管理,1994.09,1997.02
刘成鸣,0000003103,培训,省委党校,,1999.03,1999.07
刘成鸣,0000003103,研究生,省委党校,区域经济,1998.09,2001.07
刘成鸣,0000003103,研究生,四川省工商管理学院,工商管理,1999.09,2001.07
刘成鸣,0000003103,进修,中央党校,,2002.09,2003.01
刘成鸣,0000003103,研究生,电子科技大学,工商管理,2008.03,2011.06
刘春良,0000003111,研究生,首都经济贸易大学,企业管理,1997.09,1999.07
刘春良,0000003111,培训,中央党校,,2000.03,2001.01
刘赐贵,0000003113,培训,福建省委党校,,1981.08,1983.08
刘赐贵,0000003113,本科,中央党校,经济管理,1994.08,1996.12
刘赐贵,0000003113,进修,中央党校,,2001.09,2002.01
刘赐贵,0000003113,研究生,厦门大学,海洋生物学,2000.10,2002.10
刘赐贵,0000003113,研究生,中央党校,科学社会主义,2003.03,2005.01
刘大群,0000003114,本科,河北农业大学,农学,1978.10,1982.07
刘大群,0000003114,研究生,中国农业科学院,作物遗传育种,1982.07,1985.08
刘大群,0000003114,博士,美国明尼苏达大学,植物病理,1987.09,1992.06
刘大群,0000003114,博士后,美国明尼苏达大学,植物病理,1992.06,1995.08
刘大群,0000003114,培训,中央党校,,2003.03,2004.01
刘道平,0000003117,大专,四川省委党校,统省团校大专班政治理论,1985.09,1987.07
刘道平,0000003117,研究生,中央党校,领导干部在职研究生班经济管理,1999.09,2002.07
刘道崎,0000003118,本科,中央党校,,1993.09,1995.12
刘德忠,0000003123,专科,张家口农业专科学校,畜牧兽医,,
刘方仁,0000003127,专科,沈阳建筑材料工业学院（现沈阳建筑大学）,硅酸盐,1958.09,1962.07
刘方仁,0000003127,培训,中央党校,,1994.05,
刘枫,0000003131,本科,北京大学,新闻,1957.09,1961.08
刘枫,0000003131,本科,中国人民大学,新闻,1957.09,1961.08
刘枫,0000003131,培训,中央党校,,1979.03,1979.10
刘枫,0000003131,培训,中央党校,,1992.09,1992.12
刘峰,0000003132,研究生,河南大学经济研究,,,
刘凤海,0000003137,本科,沈阳农业大学,植物保护,1978.03,1982.02
刘凤海,0000003137,研究生,中国社科院,财贸和商业经济,1996.11,1998.12
刘刚,0000003144,本科,中央民族大学（现为中央民族大学文学与传媒学院）,中文,1978.04,1982.01
刘庚,0000003148,学习,陕北省第一师范学校,,1929.00,
刘庚,0000003148,,陕西高中,,1932.00,
刘庚,0000003148,学习,西北局党校,,1943.12,
刘庚,0000003148,学习,中央党校,,1944.00,
刘国强,0000003164,本科,大连铁道学院,工业电气自动化,1978.03,1982.01
刘国强,0000003164,研究生,东北大学,工企自动化,1992.03,1995.12
刘国强,0000003165,本科,绵阳农业专科学校（现西南科技大学）,农机,1978.02,1981.01
刘国强,0000003165,研究生,上海财经大学,经济学,1992.09,1995.01
刘国强,0000003165,博士,财政部财政科学研究所,南下,1997.09,2000.03
刘国强,0000003165,博士后,西南交通大学,管理科学与工程,2001.09,2004.04
刘国强,0000003165,培训,中组部第三期公共管理高级培训班,,2004.06,2004.09
刘国庆,0000003167,本科,河南农学院,植保,1978.09,1982.07
刘国庆,0000003167,研究生,中国政法大学,经济法学,1995.09,1997.02
刘国湘,0000003171,培训,益阳县干校,,1971.10,1971.12
刘国湘,0000003171,专科,湖南农学院,,1983.09,1985.07
刘海,0000003173,专科,佛山师范专科学校,,1980.09,1983.09
刘海,0000003173,,中央党校,,1996.08,1997.08
刘海生,0000003175,专科,省委党校,,1983.00,1985.00
刘海生,0000003175,专科,山东大学,,,
刘汉生,0000003177,学习,北方局党校,,,
刘汉生,0000003177,学习,延安中共中央党校,,,
刘和平,0000003179,本科,南京大学,哲学,1977.03,1980.02
刘和平,0000003179,研究生,省委党校,经济学,1997.07,2000.01
刘和平,0000003179,培训,中央党校,,2002.03,2003.01
刘怀廉,0000003190,本科,河南师范大学,政教,1976.09,1979.01
刘怀廉,0000003190,培训,中央党校,,1994.09,1995.07
刘怀廉,0000003190,研究生,中央党校,法学,1995.09,1998.07
刘慧晏,0000003199,本科,山东农业大学,植物保护,1980.09,1984.07
刘慧晏,0000003199,研究生,华东师范大学,哲学,1984.07,1987.07
刘慧晏,0000003199,博士,山东大学,古典文学,1995.09,1998.06
刘积福,0000003200,培训,江西省委党校,,1983.09,1985.07 
刘积福,0000003200,本科,中央党校,,1996.09,1998.07
刘积福,0000003200,进修,中央党校,,1997.09,1998.01
刘积福,0000003200,进修,中国人民大学,哲学,1998.11,2000.11
刘建华,0000003207,本科,云南财贸学院,商业经济管理,1983.09,1985.07
刘建华,0000003207,研究生,云南师范大学,区域经济开发与管理,1996.09,1998.09
刘建明,0000003214,专科,陕西省委党校,,1983.02,1985.02
刘建明,0000003214,培训,中央党校,,1994.09,1995.07
刘建明,0000003214,研究生,中央党校,政治经济学,1994.09,1997.04
刘剑,0000003223,本科,中国人民大学,价格学,1988.09,1992.07
刘剑,0000003223,研究生,中国人民大学,国民经济计划与管理,1996.10,1998.11
刘剑,0000003223,研究生,中欧国际工商学院,工商管理,2002.09,2004.11
刘健,0000003225,博士,,,,
刘健生,0000003230,本科,河北大学,中文,1965.00,1970.00
刘捷,0000003236,本科,北京科技大学,冶金,1988.09,1992.08
刘捷,0000003236,博士,中国地质大学,资源产业经济,,
刘捷,0000003237,本科,西南师范大学,地理,1982.09,1987.07
刘捷,0000003237,研究生,中国科学院,经济地理区域经济,1992.09,1994.07
刘捷,0000003237,研究生,辽宁大学,企业管理,1994.09,1997.07
刘捷,0000003237,培训,中央党校,,2000.03,2001.01
刘捷,0000003237,研究生,中央党校,法学理论,2000.03,2003.01
刘君,0000003250,本科,中南林业科技大学（原中南林学院）,木材机械加工,1978.02,1982.01
刘君,0000003250,博士,中南财经政法大学,经济学,1997.09,2000.06
刘可清,0000003259,专科,福建宁德师范专科学校,政教,1978.09,1980.08
刘可清,0000003259,培训,省委党校,,1993.06,1993.08
刘可清,0000003259,培训,中央党校,,1995.09,1996.07
刘可清,0000003259,研究生,中央党校,经济管理,1995.09,1998.07
刘可清,0000003259,培训,国家行政学院,,2001.05,2001.07
刘可清,0000003259,培训,中央党校,,2008.05,2008.06
刘可清,0000003259,培训,英国牛津大学,,2010.05,2010.06
刘可为,0000003260,专科,湖南第一师范学校,,1980.09,1982.07
刘可为,0000003260,本科,北京航空航天大学,思想政治教育与行政管理专,1985.09,1989.07
刘可为,0000003260,研究生,南京大学,工商管理,1994.09,1997.06
刘可为,0000003260,培训,中央党校,,2005.03,2006.01
刘克毅,0000003261,专科,武汉水电学院,,1972.03,1975.12
刘立军,0000003265,学习,兰州大学,历史,1973.09,1976.03
刘立军,0000003265,培训,中央党校,,1979.03,1980.09
刘立军,0000003265,培训,中央党校,,1994.09,1995.07
刘立军,0000003265,研究生,中央党校,经济管理,1994.09,1997.01
刘满仓,0000003274,学习,新乡师范学院,数学,1978.02,1982.01
刘满仓,0000003274,进修,中央党校,,1999.03,1999.07
刘满仓,0000003274,研究生,中央党校,法学,2001.09,2003.07
刘满仓,0000003274,研究生,中央党校,世界经济,2003.09,2005.07
刘名启,0000003276,学习,华南师范学院,中文,,1968.12
刘名启,0000003276,研究生,复旦大学,经济学,,1968.12
刘铭,0000003282,本科,哈尔滨工业大学,热能工程,1978.03,1982.01
刘铭,0000003282,研究生,,,1982.01,1984.10
刘平,0000003290,进修,云南大学,,1983.09,1985.01
刘平,0000003290,专科,云南师范大学,英语,1983.09,1986.06
刘平,0000003290,专科,云南大学,法律,1983.09,1986.12
刘平,0000003290,本科,中央党校,经济管理,1994.08,1996.12
刘平,0000003290,进修,中国社科院,世界经济,1996.12,1998.11
刘其文,0000003293,,河南教育学院,,1980.00,1982.00
刘其文,0000003293,专科,河南省直干部中文专修班,,,
刘奇,0000003294,学习,浙江大学,高分子化工,1977.03,1980.03
刘奇,0000003294,研究生,浙江省委党校,政治经济学,1994.09,1996.12
刘奇,0000003294,培训,中央党校,,2002.03,2003.01
刘奇,0000003294,博士,西安交通大学,应用经济学,2003.03,2006.11
刘强,0000003300,本科,大连理工大学,化学工程,1983.08,1987.09
刘强,0000003300,研究生,大连理工大学,化学工程,1987.09,1990.07
刘强,0000003300,博士,东北大学,管理科学与工程,2000.03,2003.04
刘强,0000003300,培训,中央党校,,2008.09,2009.01
刘强,0000003301,专科,中央党校,经济管理,1988.09,1991.07
刘强,0000003301,本科,省委党校,经济管理,1995.09,1998.02
刘强,0000003301,研究生,中央党校,经济管理,1999.09,2002.06
刘强,0000003301,研修,中组部举办的赴新加坡经济管理高级研修班,,2002.07,
刘清训,0000003310,,河北省立保定师范,,1933.00,
刘荣礼,0000003317,高中,,,,
刘瑞森,0000003320,学习,北平燕京大学,经济,,
刘瑞森,0000003320,培训,延安中共中央党校,,,
刘润民,0000003322,本科,山西师范大学,汉语言文学,1987.09,1991.07
刘润民,0000003322,研究生,山西师范大学,政治经济学,1996.09,1999.07
刘润民,0000003322,博士,山西大学,近现代史,2003.09,2007.07
刘润民,0000003322,培训,中央党校,,2009.03,2009.07
刘润璞,0000003323,本科,吉林农业大学,农业经济管理,1981.08,1986.06
刘润璞,0000003323,研究生,北京大学,政治学理论,1993.07,1996.09
刘润璞,0000003323,培训,中央党校,,2000.03,2001.03
刘善桥,0000003328,研究生,湖北省委党校,经济管理,,
刘士合,0000003339,专科,山东省北镇师专（现滨州师专）,英语,1973.09,1975.08
刘士合,0000003339,本科,山东经济干部管理学院,经济管理,1995.09,1998.07
刘士合,0000003339,研究生,中央党校,经济管理,2004.03,2006.01
刘世洪,0000003340,学习,中共北方局党校,,1939.11,
刘守培,0000003341,专科,四川省委党校,政治,1984.09,1986.07
刘守培,0000003341,本科,重庆建筑大学,管理工程,1989.09,1992.07
刘守培,0000003341,专修,四川大学,工商管理,1996.09,1998.07
刘守培,0000003341,研究生,四川大学,工商管理,1999.09,2001.07
刘曙光,0000003347,本科,东北工学院,金属材料,1979.09,1983.08
刘曙光,0000003347,研究生,山东省委党校,经济管理,1996.09,1999.07
刘伟,0000003362,本科,安徽省蚌埠教育学院,中文,1983.10,1986.12
刘伟,0000003362,本科,中央党校,经济管理,1990.08,1992.12
刘伟,0000003362,培训,中央党校,,1996.09,1997.07
刘伟平,0000003364,本科,南京航空学院,飞机设计,1972.04,1976.01
刘伟平,0000003364,培训,中央党校,,1998.09,1999.07
刘伟平,0000003364,研究生,中央党校,世界经济,1998.09,2001.07
刘文新,0000003373,学习,修文师范学校,师范,1982.07,1985.07
刘文新,0000003373,学习,贵州省高等教育自学考试,法律,1987.09,1989.04
刘文新,0000003373,学习,贵州省委党校,法律,1997.09,2000.07
刘文新,0000003373,研究生,中央党校,经济管理,2007.09,2010.07
刘希平,0000003375,研究生,浙江省委党校,经济学,,
刘锡荣,0000003377,本科,浙江农业大学,蚕桑,1963.08,1967.09
刘锡荣,0000003377,进修,中央党校,,1989.09,1989.11
刘喜杰,0000003379,本科,白城师范学院,政史,1981.07,1983.07
刘喜杰,0000003379,研究生,,,,
刘小华,0000003382,本科,中山大学,汉语言文学,1978.02,1982.01
刘小华,0000003382,培训,北京国际关系学院,,1982.02,1982.06
刘晓华,0000003386,,四川省气象学校,,1978.04,1979.08
刘晓华,0000003386,学习,四川省遂宁教师进修学校,中文,1979.08,1980.09
刘晓华,0000003386,学习,四川省绵阳师范专科学校（现绵阳师范学院）,中文,1980.09,1981.08
刘晓华,0000003386,培训,四川省电大,,1984.09,1986.07 
刘晓华,0000003386,培训,四川省级机关党校,,1992.09,1992.11
刘晓华,0000003386,培训,四川省委二党校,,1995.05,
刘晓华,0000003386,研究生,中央党校,经济管理,1998.09,2001.07
刘晓华,0000003386,培训,中央党校,,2005.09,2006.01
刘晓凯,0000003388,学习,清华大学,焊接,1978.10,1983.07
刘晓凯,0000003388,培训,中央党校,,1994.09,1995.07
刘晓凯,0000003388,研究生,中央党校,中共党史,1994.09,1997.01
刘晓鸣,0000003389,专科,武汉水利水电学院,工业与民用建筑工程,1980.11,1984.03
刘晓鸣,0000003389,培训,华中师范大学,,1996.10,1997.01
刘晓鸣,0000003389,学习,湖北大学,行政管理,1996.07,1999.12
刘晓鸣,0000003389,研究生,湖北大学,世界经济,1998.09,2001.06
刘晓鸣,0000003389,培训,中央党校,,2005.09,2006.01
刘忻,0000003393,,太原机械学院,自动控制,1983.09,1987.07
刘忻,0000003393,,哈尔滨船舶工程学院,,1987.09,1992.03
刘忻,0000003393,,哈尔滨船舶工程学院,,1992.03,1993.09
刘忻,0000003393,,哈尔滨船舶工程学院,,1993.09,1995.05
刘兴伟,0000003401,研究生,,,,
刘秀峰,0000003405,,保定育德中学,,,
刘秀峰,0000003405,,延安中央马列学院,,,
刘学军,0000003411,研究生,中央党校,经济管理,,
刘学库,0000003413,专科,廊坊财贸学校,财贸学,1970.11,1972.10
刘学库,0000003413,函授,省委党校,党政,1993.09,1996.07
刘学库,0000003413,研究生,中央党校,科学社会主义,1997.09,2000.07
刘雪荣,0000003416,,华中工学院,电机,1980.09,1984.07
刘雪荣,0000003416,研究生,华中师范大学,政治经济学,1994.09,1997.07
刘雪荣,0000003416,研究生,美国俄亥俄大学,,2000.03,2001.03
刘雪荣,0000003416,培训,中国浦东干部学院,,2008.09,2008.11
刘雪荣,0000003416,培训,美国哈佛大学,,2010.07,2010.08
刘一民,0000003422,本科,华南理工学院,工业电气自动化,1976.10,1980.09
刘一民,0000003422,研修,清华大学,现代公共行政管理,1999.10,2000.01
刘一民,0000003422,研究生,贵州省委党校,行政学,2002.09,2005.07
刘一民,0000003422,培训,上海浦东干部学院,,2004.08,
刘也强,0000003423,本科,北京航空学院,自动驾驶仪,1965.09,1970.07
刘也强,0000003423,进修,中央党校,,1988.09,1989.01
刘永湘,0000003432,本科,四川农学院,农学,1979.09,1983.07
刘永湘,0000003432,研究生,四川农业大学,农学,1984.09,1987.07
刘永湘,0000003432,博士,,经济学,,
刘永忠,0000003433,培训,中央党校,,1997.09,1998.07
刘永忠,0000003433,研究生,中央党校,经济学,1997.09,2000.07
刘友凡,0000003440,专修,委党校,,1983.09,1986.07
刘友凡,0000003440,培训,中央党校,,1992.09,1993.07
刘友凡,0000003440,研究生,省委党校,政治经济学,1995.09,1998.07
刘玉祥,0000003447,学习,华东石油学院,炼制,1973.08,1976.08
刘玉祥,0000003447,学习,华东石油大学,社科,1986.09,1988.06
刘玉祥,0000003447,研究生,中央党校,经济管理,1999.07,2001.07
刘玉柱,0000003449,本科,北京大学物理系,,1934.00,
刘悦伦,0000003455,本科,中山大学,哲学,1978.03,1984.12
刘悦伦,0000003455,研究生,英国利物浦大学,公共行政,1989.10,1993.11
刘长春,0000003465,本科,河南洛阳农业机械学院,机械,1978.03,1982.01
刘长春,0000003465,研究生,中国人民大学,经济管理,1993.09,1996.07
刘正东,0000003478,本科,西南师范学院,政治,1981.09,1985.07
刘正东,0000003478,研究生,中央党校,科学社会主义,1985.07,1987.09
刘正东,0000003478,进修,中央党校,,2002.09,2003.01
刘正东,0000003478,研究生,长江商学院,工商管理,2004.09,2006.08
刘知炳,0000003485,专科,,,,
刘志庚,0000003486,本科,吉林大学,国民经济计划,1979.09,1983.07
刘志庚,0000003486,博士,吉林大学,政治经济学,1996.09,1999.06
刘志强,0000003489,本科,阜新矿业学院,企业管理,,
刘志勇,0000003492,本科,广西大学,机械制造工艺及设备,1978.02,1982.01
刘志勇,0000003492,培训,自治区党委党校,,1999.03,1999.05
刘众前,0000003501,,中共山东分局党校,,,
刘卓志,0000003503,专科,吉林省哲里木盟师范学校,化学,1971.04,1973.08 
刘卓志,0000003503,本科,吉林省函授学院,中文,1978.08,1983.08
刘卓志,0000003503,研究生,东北财经大学,企业管理,1995.09,1998.07
刘卓志,0000003503,培训,中央党校,,2006.03,2007.01
柳宝全,0000003511,本科,河北农业大学,土壤农业化学,1965.09,1969.09
柳宝全,0000003511,培训,中央党校,,1991.09,1992.07
柳锦州,0000003512,研究生,广东水产学校,政治经济学,1963.09,
柳锦州,0000003512,培训,中央党校,,1994.09,1995.07
柳锦州,0000003512,研究生,中央党校,政治经济学,1994.09,1997.01
柳鹏,0000003513,本科,甘肃农业大学,食品科学与工程,1994.09,1996.12
柳鹏,0000003513,研究生,中央党校,经济学,2004.09,2006.06
柳秀,0000003516,学习,内蒙古自治区伊克昭盟师范学校,,1972.09,1973.07
柳秀,0000003516,专科,内蒙古师范大学,汉语言文学专业,1983.08,1985.07
柳秀,0000003516,研究生,中央党校,政治经济学,1994.09,1997.01
卢淳杰,0000003543,本科,华南师范大学,计算机系计算机应用专业,1986.09,
卢淳杰,0000003543,研究生,省委党校在职研究生班,经济学专业,1997.09,2000.07
卢淳杰,0000003543,学习,省委党校中青班,,2001.03,2001.07
卢淳杰,0000003543,进修,省第四批高层次人才出国进修培训班,,2002.03,2003.08
卢淳杰,0000003543,研究生,中山大学高级管理人员工商管理硕士专业,,2008.03,2010.06
卢淳杰,0000003543,学习,中央党校中青班,,2009.03,2010.01
卢大伟,0000003544,本科,焦作矿业学院（现河南理工大学）,机电,1978.03,1982.01
卢瑞华,0000003553,本科,中山大学,物理,1958.00,1963.00
卢瑞华,0000003553,研究生,中山大学,分子光谱,1963.00,1966.00
卢展工,0000003568,学习,黑龙江省建筑工程学校,工业与民用建筑,1972.00,1974.00
卢展工,0000003568,学习,华东工程学院,自动武器设计,1978.00,1979.00
卢展工,0000003568,本科,哈尔滨建筑工程学院,工业与民用建筑,1979.00,1982.00
卢展工,0000003568,进修,中央党校,经济,1987.03,1987.07
卢子跃,0000003569,研究生,中央党校,高级管理人员工商管理,,
鲁大东,0000003571,本科,中国美术学院,书法篆刻,2002.00,
鲁俊,0000003573,研究生,省委党校,,,
鲁平益,0000003576,专科,,,,
鲁毅,0000003580,学习,湖北省财政金融学校,企业财务,1980.09,1982.08
鲁毅,0000003580,学习,湖北省直业余大学,,1983.09,1986.07
鲁毅,0000003580,研究生,湖南大学,管理工程,1993.09,1995.07
鲁毅,0000003580,研究生,,工学,,1998.06
鲁毅,0000003580,博士,武汉大学,社会保障,1999.09,2002.07
鲁志强,0000003584,本科,浙江大学,,,
陆浩,0000003592,学习,沈阳化校,分析化学,1963.09,1967.09
陆浩,0000003592,学习,大连工学院,化学工程,1975.09,1976.09
陆浩,0000003592,本科,兰州大学,化学,1978.02,1982.02
陆浩,0000003592,研究生,中央党校,政治学,2000.09,2003.07
陆武成,0000003600,培训,兰州市公安学校,,1972.02,1972.07
陆武成,0000003600,本科,兰州大学,政治经济,1980.09,1985.07
陆武成,0000003600,研究生,甘肃省委党校,政治经济学,1998.08,2001.06
陆武成,0000003600,培训,中央党校,,2004.03,2005.01
陆武成,0000003600,研究生,中央党校,法学理论,2004.09,2006.07
陆志鹏,0000003604,本科,南京航空学院,电子工程,1983.09,1987.07
陆志鹏,0000003604,研究生,南京航空航天大学,通信和电子系统,1991.09,1994.03
陆志鹏,0000003604,博士,南京航空航天大学,管理科学与工程,2001.09,2010.07
陆志远,0000003606,本科,西南师范大学,教育,1981.08,1985.07
陆志远,0000003606,研究生,西南师范大学,外国教育史,1985.07,1987.07
陆志远,0000003606,博士,西南师范大学,教育学,1987.07,1990.07
陆治原,0000003607,本科,陕西财经学院（现为西安交通大学经济与金融学院）,财政,1984.09,1988.07
陆治原,0000003607,研究生,陕西财经学院,财政,1990.09,1993.07
陆治原,0000003607,博士,西安交通大学,应用经济,2003.09,2006.11
禄文斌,0000003612,专科,,,,
禄智明,0000003613,培训,中央农业管理干部学院西南农大分院,,1984.09,1985.12
禄智明,0000003613,培训,中央党校,,1996.09,1997.07
禄智明,0000003613,研究生,中央党校,法学,1996.09,1999.07
路国贤,0000003614,本科,河南大学,政治教育,1978.09,1982.06
路国贤,0000003614,培训,上海浦东干部学院,,2008.09,2008.10
栾克军,0000003622,学习,中国行政函授大学,劳动管理,1986.05,1988.06
栾克军,0000003622,学习,北京煤炭干部学院,企业管理,1990.02,1991.01
栾克军,0000003622,专科,中央党校,经济管理,1992.08,1995.06
栾克军,0000003622,本科,中央党校,经济管理,1997.08,1999.12
栾克军,0000003622,研究生,甘肃省委党校,政治经济学,2001.09,2004.06
栾克军,0000003622,进修,兰州大学,区域经济,2001.09,2004.06
栾庆伟,0000003624,研究生,大连理工大学,管理科学与工程,1996.09,2000.09
罗碧升,0000003626,学习,岳阳师专,,1983.09,1985.07
罗布顿珠,0000003629,,中央政法干部学校,,1975.05,1978.08
罗布顿珠,0000003629,学习,公安部人民警察干部学校,痕迹检验,1981.01,1981.10
罗布顿珠,0000003629,培训,中央党校,,1992.09,1993.07
罗布顿珠,0000003629,专科,中央党校,党政管理,1997.08,2000.06
罗布顿珠,0000003629,本科,中央党校,济管理,2000.08,2002.12
罗布顿珠,0000003629,研究生,中央党校,中共党史,2003.03,2005.01
罗布顿珠,0000003629,培训,中央党校,,2002.03,2003.01
罗定枫,0000003636,,河北省邢台师范学校,,1930.00,
罗定枫,0000003636,,抗日军政大学,,,
罗定枫,0000003636,,延安鲁迅美术学院,,,
罗范群,0000003637,,中山大学,,,
罗范群,0000003637,,华北军政大学,,,
罗红江,0000003644,本科,云南民族学院,汉语言文学,1978.09,1982.08
罗凉清,0000003656,本科,西南民族学院（现西南民族大学）,汉语言文学,1978.03,1982.02
罗宁,0000003662,本科,南京气象学院,大气物理,1978.09,1982.07
罗宁,0000003662,进修,南京气象学院,,1992.03,1992.12
罗宁,0000003662,研究生,北京大学,大气物理,2002.03,2003.01
罗宁,0000003662,培训,国家气象局培训中心,,2003.10,2003.12
罗宁,0000003662,培训,加拿大国家气象科学研究院,,2004.02,2004.08
罗强,0000003664,本科,成都地质学院,区域地质,1978.09,1982.07
罗强,0000003664,研究生,西南石油学院,石油地质,1984.09,1987.06
罗强,0000003664,博士,成都理工大学,矿物岩石,1997.07,2000.06
罗强,0000003664,访问学者,美国伊利诺益州立大学,,2001.09,2002.03
罗强,0000003664,研究生,西南石油学院,石油地质,1984.09,1987.06
罗清泉,0000003665,本科,武汉水运工程学院（现武汉理工大学）,船舶制造与修理,1963.09,1968.09
罗清泉,0000003665,培训,中央党校,,1983.09,1985.08 
罗清宇,0000003666,本科,太原工业大学,给排水,1982.09,1986.07
罗清宇,0000003666,学习,中国社科院,财政学,1997.04,1999.03
罗清宇,0000003666,研究生,太原理工大学,市政工程,1998.09,2002.05
罗清宇,0000003666,培训,中央党校,,2006.03,2006.07
罗一民,0000003684,本科,南京大学,汉语言文学,1977.03,1980.03
罗一民,0000003684,研究生,南京大学,,1995.03,1997.05
罗一民,0000003684,培训,高级管理人才经济研究班,,1997.06,1997.12
罗一民,0000003684,研究生,南京理工大学,工程管理,1998.09,2000.04
罗荫国,0000003686,研究生,广东省委党校,经济学,,
罗应光,0000003688,本科,中央民族大学,哲学,1984.09,1988.08
罗应光,0000003688,研究生,中央民族大学,管理哲学,1998.00,2000.00
罗应光,0000003688,进修,中央党校,,2003.03,2003.07
罗应光,0000003688,进修,中央党校,,2010.09,2010.11
罗应光,0000003688,培训,井冈山干部学院,,2011.06,2011.06
罗正富,0000003696,学习,中央民族学院,政治,1977.02,1979.02
罗正富,0000003696,研究生,中央党校,科学社会主义,1984.09,1986.07
罗正富,0000003696,培训,中央党校,,1998.09,1999.07
罗志虎,0000003698,专科,内蒙古党校,党政,1985.09,1987.07
罗志虎,0000003698,函授,中央党校,政治理论,1991.08,1993.12
罗志虎,0000003698,研究生,新加坡南洋理工大学,公共管理,2006.03,2007.01
罗志虎,0000003698,培训,中央党校,,2010.03,2010.07
罗志军,0000003699,研究生,中国政法大学,政治学,1994.01,1995.09
洛桑顿珠,0000003703,专科,西藏民族学院,,1960.02,1965.08
洛桑顿珠,0000003703,培训,中央党校,,1984.06,1986.07
洛桑江村,0000003704,本科,西藏民族学院,语文,1971.12,1976.02
洛桑江村,0000003704,培训,中央党校,,1990.09,1991.07
洛桑江村,0000003704,培训,中央党校,,2001.03,2002.02
洛桑江村,0000003704,研究生,中央党校,马克思主义哲学,2001.03,2004.01
洛松次仁,0000003705,培训,中央党校,,1981.02,1982.01
洛松次仁,0000003705,培训,中央党校,,1991.09,1992.07
洛松次仁,0000003705,培训,澳门、香港全国少数民族干部培训班,,1993.07,
洛松次仁,0000003705,研究生,四川大学,工商管理,2003.04,2004.06
洛松次仁,0000003705,培训,北京参加全国市长培训班,,2004.05,
洛松次仁,0000003705,培训,中国上海浦东行政学院,,2006.04,2006.05
骆琳,0000003707,本科,沈阳药学院,抗菌素制药,1978.10,1982.09
骆琳,0000003707,培训,辽宁省委党校,,1986.03,1986.08
骆琳,0000003707,进修,中央党校,,1992.03,1992.07
骆琳,0000003707,研究生,辽宁大学,企业管理,1992.08,1997.06
骆琳,0000003707,培训,中央党校,,1998.08,1999.07
骆蔚峰,0000003708,中专,广州市机电中专学校,机械制造,1981.09,1984.09
骆蔚峰,0000003708,专科,中国人民大学,工业经济,1985.09,1988.06
骆蔚峰,0000003708,研究生,省委党校,经济管理,1994.09,1997.07
骆蔚峰,0000003708,研究生,中山大学,高级管理人员工商管理,2008.10,2010.12
骆文智,0000003709,专修,暨南大学,财经,1982.09,1984.07
骆文智,0000003709,研究生,中南财经大学,财经学,1990.09,1992.06
骆文智,0000003709,进修,中央党校,,2008.05,2008.06
骆文智,0000003709,进修,国家行政学院,,2014.06,2014.07
骆雁秋,0000003710,学习,华南师院,政治,,1964.00
骆雁秋,0000003710,培训,中央党校,,,
吕滨,0000003714,本科,湖南师范大学,政治,1978.09,1982.07
吕滨,0000003714,博士,湖南师范大学,伦理学,,1999.00
吕德功,0000003715,培训,山西省委党校,,1980.10,1982.01
吕乾训,0000003728,学习,新疆维吾尔自治区东泉“五七”干校,,1969.09,
吕清海,0000003729,本科,河南郑州大学,高分子化学,1978.09,1982.06
吕清海,0000003729,研究生,清华大学,MBA,1994.03,1996.06
吕清海,0000003729,研究生,首都经济贸易大学,企业管理,1997.09,1999.08
吕清海,0000003729,培训,河南省领导干部中长期出国培训,,2003.09,2003.12
吕清海,0000003729,进修,中央党校,,2010.11,2011.01
马飚,0000003748,本科,中央民族学院,政治经济学,1978.00,1982.00
马承祖,0000003755,专科,江西工学院水利分院（现南昌工程学院）,,1979.09,1982.08
马承祖,0000003755,本科,中央党校,经济管理,1995.03,1997.12
马光明,0000003764,学习,中央民族学院经,经济管理,1984.09,1986.10
马光明,0000003764,本科,甘肃政法学院,法学,1998.09,2001.06
马光明,0000003764,进修,人国人民公安大学,诉讼法学,2002.06,2004.03
马汉成,0000003768,本科,中央民族学院,经济管理,1986.09,1990.07 
马汉成,0000003768,研究生,中央党校,,,
马华,0000003771,学习,中央民族学院,,1976.04,1978.04
马华,0000003771,学习,四川省委党校,政治,1983.08,1985.08
马华,0000003771,研究生,四川省委党校,经济学,1997.09,2000.07
马金虎,0000003781,本科,东北工学院,机械制造,1973.00,1976.00
马金忠,0000003783,专修,山东农学院（现山东农业大学）,,1980.10,1982.08
马俊清,0000003786,博士,吉林大学,经济学,,
马兰翠,0000003787,本科,河北大学,汉语言文学,1983.08,1986.07
马兰翠,0000003787,学习,中央党校,经济管理,1992.09,1994.12
马兰翠,0000003787,研究生,省委党校,经济管理,1997.09,2001.01
马兰翠,0000003787,培训,中央党校,,2000.03,2001.07
马兰翠,0000003787,研究生,中央党校,法学理论,2000.03,2003.01
马力,0000003792,本科,西安冶金建筑学院,给水与排水,1978.02,1982.01
马林青,0000003797,学习,河南省开封地区第二师范,文史,1979.09,1981.07
马林青,0000003797,专科,河南省开封市委党校,政治管理,1986.08,1988.06
马林青,0000003797,本科,河南省委党校,政治管理,1989.09,1991.07
马林青,0000003797,研究生,中央党校,经济管理,2006.09,2009.07
马林青,0000003797,培训,中央党校,,2015.03,2015.07
马宁·再尼勒,0000003806,培训,新疆维吾尔自治区富蕴县高潮公社,,1976.05,1976.11
马宁·再尼勒,0000003806,学习,新疆维吾尔自治区高等教育自学考试,翻译,1987.09,1989.09
马宁·再尼勒,0000003806,培训,天津大学,,1993.09,1994.01
马宁·再尼勒,0000003806,研究生,中央党校,经济管理,1998.09,1999.07
马宁·再尼勒,0000003806,培训,中央党校,,2007.03,2007.07
马平昌,0000003807,函授,淄博教育学院,中文,1988.07,1991.07
马平昌,0000003807,学习,南京理工大学,财会,1992.09,1995.06
马平昌,0000003807,研究生,在中国社科院,,1994.04,1996.04
马巧珍,0000003809,本科,,,,
马青林,0000003811,本科,西安矿业学院,机械制造,1978.03,1982.02
马青林,0000003811,博士,兰州大学,,,
马清明,0000003812,本科,湖北省黄石市湖北师范学院,中文,1978.03,1982.02
马荣华,0000003816,本科,中央广播电大,,,1985.00
马瑞文,0000003820,学习,银川师范学校,,1971.00,1972.00
马瑞文,0000003820,本科,中央党校,党政管理,,
马世忠,0000003823,博士,中国海洋大学,环境科学,,
马铁山,0000003825,培训,中央党校,,1997.09,1998.07
马铁山,0000003825,培训,陕西省委党校,,1982.03,1984.02 
马铁山,0000003825,研究生,中央党校,经济管理,1997.09,2000.12 
马晓林,0000003834,本科,黑龙江大学,中文,1978.10,1982.08 
马雄成,0000003838,,昌吉州职工大学,,1983.03,1986.08
马雄成,0000003838,研究生,中国社会科学院,企业管理,,
马旭明,0000003839,本科,北京外国语学院,德语,1982.09,1986.08
马旭明,0000003839,培训,中央党校,,1998.09,1999.01
马旭明,0000003839,培训,中央党校,,2007.03,2008.01
马学军,0000003840,学习,西北民族学院,汉语言文学,1980.09,1984.07
马学军,0000003840,培训,中央党校,,2001.03,2002.01
马学军,0000003840,研究生,中央党校,经济管理,2001.03,2004.01
马学礼,0000003841,,临夏州民族学校,,1982.09,
马学礼,0000003841,专科,甘肃政法学院,法律,1997.09,2000.07
马学礼,0000003841,本科,中央党校,经济管理,2000.09,2002.12
马学礼,0000003841,研究生,省委党校,领导学,2007.09,2010.06
马以,0000003845,学习,杭州师范学院,中文,1978.05,1980.08
马以,0000003845,进修,浙江省委党校,,1991.03,1991.06
马以,0000003845,本科,中央党校,经济管理,1989.08,1992.06
马以,0000003845,进修,浙江省委党校,,1996.04,1996.06
马以,0000003845,研究生,浙江省委党校,,1997.09,1999.12
马以,0000003845,研究生,清华大学,EMBA,2006.03,
马懿,0000003847,本科,洛阳农机学院,机械制造工艺及设备,1978.10,1982.07
马懿,0000003847,进修,中央党校,,2008.03,2008.04
马勇,0000003849,本科,湖南农学院,农学,1978.03,1982.01
马誉峰,0000003852,本科,河北财贸学院,商业企业管理,1978.10,1982.07
马誉峰,0000003852,研究生,省委党校,经济管理,1999.09,2001.12
马誉峰,0000003852,研究生,新加坡南洋理工大学,管理经济学,2003.07,2004.07
马元飞,0000003853,研究生,,,,
马正录,0000003860,专科,西北师范大学,贸易经济,,
马正跃,0000003862,本科,郑州大学,哲学,1978.03,1982.01
马志勇,0000003868,本科,吉林大学,哲学,1983.09,1987.07
马志勇,0000003868,研究生,吉林大学,哲学,1987.07,1989.01
马中平,0000003869,本科,西北工业大学,飞行器制造,1973.08,1976.12
马中平,0000003869,研究生,吉林大学,国民经济计划管理,1988.09,1990.09
马中平,0000003869,培训,中央党校,,2002.03,2003.01
马忠臣,0000003870,专科,中央党校,,1980.09,1981.07
买买提明·扎克尔,0000003872,本科,新疆大学,无线电电子,1959.09,1961.08
买买提明·扎克尔,0000003872,培训,自治区委党校、中央民族学院,,1975.03,1976.09
买买提明·扎克尔,0000003872,培训,中央党校,,1988.09,1989.02
麦教猛,0000003875,本科,华南师范大学政治系,政治教育专业,1984.09,
麦教猛,0000003875,研究生,中山大学研究生院,哲学专业,1995.06,1997.07
麦教猛,0000003875,研究生,西南政法大学,民商法专业,2000.10,2002.10
麦教猛,0000003875,研究生,暨南大学,产业经济学专业,2006.09,2009.01
毛超峰,0000003876,学习,北京气象学院,气象预报,1982.08,1985.07
毛超峰,0000003876,培训,中央党校,,2000.03,2001.01
毛超峰,0000003876,研究生,中央党校,法学理论,2000.03,2003.01
毛超峰,0000003876,研究生,中国人民大学,高级管理人员工商管理,2005.05,2010.06
毛铎,0000003877,专科,太原商业专科学校,,,
毛光烈,0000003879,博士,,法学,,
毛肯·赛提哈木扎,0000003880,培训,新疆维吾尔自治区青河县委翻译班,,1966.11,1967.07
毛肯·赛提哈木扎,0000003880,学习,新疆维吾尔自治区党委党校,翻译,1972.02,1972.10
毛肯·赛提哈木扎,0000003880,专科,新疆广播电视大学,汉语言文学,1987.09,1990.07
毛肯·赛提哈木扎,0000003880,学习,新疆维吾尔自治区高等教育自学考试,中文,1988.09,1989.09
毛肯·赛提哈木扎,0000003880,培训,中央党校,,2002.03,2002.07
毛荣楷,0000003883,,云浮县云浮师范学,,1978.10,1980.07
毛荣楷,0000003883,学习,肇庆教育学院,中文,1982.09,1984.07
毛荣楷,0000003883,研究生,省社科院,政治经济学,1995.09,1998.07
毛荣楷,0000003883,培训,省委党校,,2002.02,2002.07
毛荣楷,0000003883,培训,东省第4期领导干部公共管理高级培训班,,2008.07,2008.08
毛荣楷,0000003883,研究生,长江商学院,高级管理人员工商管理,2009.05,2011.09
毛生武,0000003884,,西北民族学院,政治,1978.11,1982.07
毛生武,0000003884,研究生,兰州大学,,1997.09,1999.09
毛生武,0000003884,博士,兰州大学,,2000.09,2003.06
毛腾飞,0000003885,本科,湖南师范学院,数学,1979.09,1983.07
毛腾飞,0000003885,研究生,长沙铁道学院,概率论与数理统计,1985.08,1987.07
毛腾飞,0000003885,博士,中南大学,管理科学与工程,2001.09,2006.07
毛腾飞,0000003885,培训,加尼福尼亚州欧道明大学,,2006.10,2007.04
毛万春,0000003886,本科,河南大学,政教,1978.09,1982.08
毛万春,0000003886,培训,中央党校,,1995.09,1996.07
毛万春,0000003886,研究生,中央党校,政治经济学,1995.09,1998.07
毛伟明,0000003887,本科,浙江大学,化工机械,1978.10,1982.08
毛伟明,0000003887,培训,江苏省高级管理人才经济研究班,,1995.06,1995.12
毛伟明,0000003887,培训,哈佛大学,,2002.06,2002.09
毛小兵,0000003888,本科,北京钢铁学院（现北京科技大学）,工业自动化,1981.09,1985.07
毛小兵,0000003888,培训,中央党校,,2001.03,2002.02
毛小兵,0000003888,研究生,中南大学,资源与环境经济学,2001.09,2006.12
毛小平,0000003889,本科,南京师范大学,政教,1978.03,1982.02
毛小平,0000003889,研究生,南京师范大学,院工商管理,1995.01,1997.01
茅临生,0000003895,进修,浙江化工学院,,1977.03,1985.09
茅临生,0000003895,研究生,浙江大学,经济学,1996.03,1998.04
卯稳国,0000003897,本科,云南农业大学,农学,1975.11,1978.08
卯稳国,0000003897,函授,中央党校,经济管理,1995.08,1997.12
卯稳国,0000003897,研究生,中央党校,经济管理,2004.03,2006.01
梅劲,0000003900,本科,大连海运学院,轮机管理,1978.03,1982.01
梅劲,0000003900,进修,省委党校,,1998.03,1998.05
梅克保,0000003901,学习,湖南农学院常德分院（现湖南文理学院）,农学,1977.02,1979.02
梅克保,0000003901,进修,湖南农学院,,1979.00,1980.02
梅克保,0000003901,培训,中央党校,,1991.00,
梅克保,0000003901,博士,中南大学,工商管理,1995.00,2003.00
梅永红,0000003903,本科,华中农业大学,农学,1983.09,1987.07
梅永红,0000003903,进修,中国农业大学,农业经济及管理,1997.09,1999.07
梅永红,0000003903,培训,中央党校,,2010.03,2010.07
蒙启良,0000003905,本科,贵州民族学院政治系,政治理论专业,1978.04,1982.02
蒙启良,0000003905,学习,中央党校体制改革研究班,,1985.03,1985.07
蒙启良,0000003905,研究生,中央党校培训部三年制研究生班,,1986.09,1989.07
孟德利,0000003908,本科,陕西师范大学,政治教育,1979.09,1983.07
孟德利,0000003908,进修,中央党校,,1998.09,1999.01
孟德利,0000003908,研究生,,经济学,2001.09,2004.07
孟凡利,0000003910,本科,山东经济学院,商业会计,1982.09,1986.07
孟凡利,0000003910,研究生,南开大学,西方会计,1992.09,1995.07
孟继尧,0000003912,本科,云南大学,俄语,1961.09,1966.09
孟继尧,0000003912,培训,中央党校,,1983.09,1985.07
孟祥伟,0000003920,本科,兰州大学,新闻,1985.09,1989.07
孟祥伟,0000003920,博士,河北工业大学,管理科学与工程,2006.09,2010.06
米东生,0000003930,中专,云南省玉溪地委党校,,1985.09,1987.09
米东生,0000003930,专科,中央党校,,1989.08,1992.06
米东生,0000003930,研究生,中央党校,哲学,2006.03,2008.01
米凤君,0000003931,本科,吉林工业大学,机械铸造,1967.00,
米建书,0000003932,,北平中国大学,,,1936.00
缪合林,0000003939,专科,南京农业大学,农业经济,1983.09,1985.01
缪合林,0000003939,培训,中央党校,,1989.03,1989.07
缪瑞林,0000003940,本科,江苏农学院,农学,1980.09,1984.07
缪瑞林,0000003940,培训,省委党校,,1995.09,1995.12
缪瑞林,0000003940,培训,省高级管理人才经济研究班,,1998.09,1998.12
缪瑞林,0000003940,博士,南京农业大学,土地资源管理,1996.09,2000.12
缪瑞林,0000003940,进修,省委党校,,2002.10,2002.12
缪瑞林,0000003940,进修,中央党校,,2009.11,2010.01
缪学刚,0000003941,高中,河南省固始县高中,,1976.09,1979.07
缪学刚,0000003941,本科,中央财政金融学院（现中央财经大学）,财政,1979.09,1983.07
缪学刚,0000003941,进修,中央党校,,2001.03,2001.07
缪学刚,0000003941,学习,江苏省经委,,2003.09,2003.11
莫恭明,0000003945,学习,长沙交通学院,港口与航道工程,1979.09,1983.07
莫恭明,0000003945,研究生,广西大学,政治经济学,1997.09,1999.12
莫恭明,0000003945,进修,广西自治区党委党校,,2001.09,2001.11
莫恭明,0000003945,培训,中国外交学院,,2003.10,2004.01
莫恭明,0000003945,研究生,新加坡南洋理工大学,公共管理,2005.02,2006.02
莫建成,0000003947,专修,内蒙古农牧学院,农业经济管理,1983.09,1985.07
莫建成,0000003947,函授,中央党校,经济管理,1989.08,1992.06
莫建成,0000003947,进修,中央党校,,1992.09,1993.01
莫时仁,0000003950,学习,贵州农学院畜牧兽医系,畜牧专业,1964.09,1968.12
莫永清,0000003953,专科,广西壮族自治区党委党校、广西师范学院,中文,1983.05,1985.07
莫永清,0000003953,进修,中央党校,,1997.03,1997.07
莫永清,0000003953,本科,中央党校,经济管理,1997.08,1999.12
莫永清,0000003953,培训,中央党校,,2001.02,2002.01
莫振奎,0000003955,本科,山东财经学院,贸易经济,1963.09,1967.09
莫振奎,0000003955,进修,中央党校,,1991.03,1991.07
慕德贵,0000003962,本科,贵州工学院,机械制造工艺及设备,1978.03,1982.02
慕德贵,0000003962,进修,贵州省委党校,,1995.09,1995.11
慕德贵,0000003962,研究生,贵州工业大学与加拿大魁北克大学席库提米分校,项目管理,2004.04,2006.03
慕德贵,0000003962,培训,中央党校,,2006.03,2007.01
穆为民,0000003967,研究生,中国人民大学,政治经济,1995.09,1997.09
那顺孟和,0000003969,学习,内蒙古大学,经济管理,1984.09,1986.07
那顺孟和,0000003969,培训,中央党校,,2008.09,2009.01
乃依木·亚森,0000003970,学习,新疆维吾尔自治区乌鲁木齐市第一师范,,1972.02,1973.03
乃依木·亚森,0000003970,培训,新疆维吾尔自治区党委党校,,1987.09,1988.01
乃依木·亚森,0000003970,培训,中央党校,,1992.09,1993.07
乃依木·亚森,0000003970,进修,中央党校,,2004.05,2004.07
乃依木·亚森,0000003970,培训,美国斯坦福大学,城市规划与信息化,2007.08,2007.09
乃依木·亚森,0000003970,研修,中央党校,,2011.03,2011.06
乃依木·亚森,0000003970,研究生,中央党校,政治学,2011.09,2014.07
尼玛卓玛,0000003972,本科,中央党校,,,
倪强,0000003976,学习,大连海运学校,船舶无线电通信,1984.09,1987.01
倪强,0000003976,学习,上海市经济干部管理学院,,1992.08,1993.01
倪强,0000003976,学习,上海工商学院,对外经济贸易,1992.09,1995.11
倪强,0000003976,进修,华东师范大学,经济学,1997.09,1999.07
倪强,0000003976,研究生,天津大学,高级管理人员工商管理,2006.09,2008.03
倪强,0000003976,博士,天津大学,管理科学与工程,2008.09,2011.05
年仲华,0000003983,高中,,,,
鸟成云,0000003984,本科,青海民族学院,政治,1981.09,1985.07
鸟成云,0000003984,进修,复旦大学,行政管理,1990.09,1991.08
鸟成云,0000003984,研究生,青海省委党校,经济管理,2000.01,2002.07
鸟成云,0000003984,培训,国家行政学院,,2002.09,2002.12
聂辰席,0000003986,本科,复旦大学,程序设计,1977.03,1980.03
聂辰席,0000003986,研修,美国IBM公司,计算机管理信息系统,1985.06,1985.12
聂辰席,0000003986,函授,河北财贸金融函授学院,涉外经济,1988.06,1990.06
聂辰席,0000003986,研究生,中国科技大学,管理科学,1991.09,1994.06
聂辰席,0000003986,研究生,新加坡南洋理工大学,管理经济学,1999.10,2000.10
聂辰席,0000003986,进修,中央党校,,1999.03,1999.07
聂辰席,0000003986,博士,天津大学,管理科学与工程,1999.09,2003.09
聂辰席,0000003986,博士后,中国人民大学,民商法,2004.09,2006.06
聂春玉,0000003987,本科,阜新矿业学院（现辽宁工程技术大学）,测量,1973.09,1976.10
聂春玉,0000003987,研究生,中央党校,,,
聂瑞平,0000003988,本科,河北大学,语言文学,1979.09,1983.07
聂瑞平,0000003988,研究生,新加坡南洋理工大学,管理经济学,2000.07,2001.06
聂瑞平,0000003988,进修,河北省委党校,,2004.10,2005.01
聂瑞平,0000003988,培训,河北省委党校,,2005.09,2006.01
聂瑞平,0000003988,培训,中央党校,,2009.03,2009.07
聂文权,0000003989,本科,吉林农业大学,农业经济管理,1980.03,1985.08
宁金彪,0000003997,学习,邯郸地区工业学校,机制,1978.03,
宁金彪,0000003997,研究生,中南财经大学,工业经济,1984.09,1987.07
宁金彪,0000003997,研究生,新加坡南洋理工大学,经济学,1998.07,1999.06
宁金彪,0000003997,博士,中国人民大学,世界经济,1998.09,2001.07
牛弩韬,0000004007,学习,安徽蚌埠粮食学校,会统,1979.09,1981.07
牛弩韬,0000004007,学习,安徽广播电视大学,中文,1982.09,1985.09
牛弩韬,0000004007,本科,中央党校,经济管理,1989.08,1992.06
牛弩韬,0000004007,进修,省委党校,,1997.03,1997.05
牛弩韬,0000004007,研究生,中央党校,经济管理,1998.09,2001.07
牛弩韬,0000004007,培训,中央党校,,2007.03,2007.07
牛玉儒,0000004012,培训,中央民族学院,政治,1978.02,
牛玉儒,0000004012,学习,内蒙古管理干部学院,行政管理,1097.09,1989.11
努尔·白克力,0000004017,本科,新疆大学,政治理论,1978.11,1983.08
努尔·白克力,0000004017,研究生,中央党校,政治理论,1986.09,1989.07
努尔兰·阿不都满金,0000004018,本科,新疆大学,法律,1981.09,1985.07
努尔兰·阿不都满金,0000004018,学习,中央党校,政治理论,1990.08,1991.07
努尔兰·阿不都满金,0000004018,研究生,北京师范大学,思想政治,1998.09,2000.10
诺卫星,0000004019,本科,青海省民族学院,中文,1978.04,1982.01
诺卫星,0000004019,学习,全国法院干部业余法律大学,,1985.09,1988.07
诺卫星,0000004019,培训,青海省委党校,,2000.03,2000.06
欧广源,0000004023,大专,广东省委党校,党政,1986.09,1988.04
欧广源,0000004023,进修,中央党校,,1993.09,1993.12
欧阳坚,0000004025,本科,云南大学,政治经济学,1978.09,1982.08
欧阳坚,0000004025,研究生,云南省社科院,东南亚经济史,1986.09,1989.03
欧阳坚,0000004025,进修,中央党校,,1998.09,1999.01
欧阳坚,0000004025,博士,清华大学,公共管理,2007.09,2011.05
欧阳钦,0000004026,,长沙长郡中学,,,1918.00
欧阳钦,0000004026,,北京高等法文专修馆,,,
欧阳钦,0000004026,学习,莫斯科苏联红军学校,军事,1925.08,
欧真志,0000004032,研究生,广东省委党校,,,
欧真志,0000004032,学习,湛江农业专科学校,农学专业,1978.09,
欧真志,0000004032,研究生,省委党校在职研究生班,科学社会主义专业,1999.09,2002.07
潘朝晖,0000004037,,休宁师范学校,,1983.09,1986.07
潘朝晖,0000004037,大专,安徽师范大学,汉语言文学,1986.07,1989.07
潘朝晖,0000004037,本科,中央党校,经济管理,1990.08,1992.12
潘朝晖,0000004037,本科,安徽师范大学,汉语言文学,2004.06,2006.06
潘朝晖,0000004037,进修,安徽省委党校,,2004.09,2004.12
潘朝晖,0000004037,培训,北京大学、伦敦政治经济学院等联合举办的全球公共管理高级培训班,,2007.06,2007.08
潘朝晖,0000004037,研究生,中国科学技术大学,行政管理,2009.09,2011.11
潘东军,0000004040,本科,江西财经学院,国民经济计划与管理,1979.09,1983.08
潘利国,0000004047,本科,抚顺矿务局工学院,地下采煤,1979.00,1983.00
潘利国,0000004047,本科,阜新矿业学院,采矿工程,1991.00,1993.00
潘利国,0000004047,研究生,中国社会科学院,企业管理,1995.00,1997.00
潘利国,0000004047,研究生,美国伊利诺州立大学,工商管理,2000.03,2001.03
潘利国,0000004047,培训,中央党校,,2008.00,2008.00
潘朔端,0000004054,,东北军政大学,,,
潘朔端,0000004054,,云南省立第一中学,,,
潘朔端,0000004054,,黄埔军校,,,
潘逸阳,0000004059,本科,中山大学,力学,1978.03,1982.01
潘逸阳,0000004059,研究生,中山大学,政治经济,1993.03,1995.07
潘逸阳,0000004059,博士,中山大学,马克思主义哲学,1996.03,2001.06
潘逸阳,0000004059,进修,中央党校,,2004.11,2005.01
潘逸阳,0000004059,培训,中组部第三期省部级干部英语强化班,,2008.09,2008.12
潘逸阳,0000004059,培训,乔治城大学,,2009.10,2009.11
潘逸阳,0000004059,进修,中央党校,,2012.09,2012.11
潘永和,0000004061,研究生,江苏省委党校,政治经济学,,
庞国梅,0000004069,学习,遂溪师范学校,,1982.09,1985.07
庞国梅,0000004069,大专,省委党校,政治,1988.03,1991.02
庞国梅,0000004069,研究生,省委党校,经济学,1995.09,1998.09
庞国梅,0000004069,进修,省委党校,,2002.02,2002.06
庞国梅,0000004069,培训,广东省第10期高级公务员公共行政管理知识专题研究班(牛津班),,2007.05,2007.08
庞国梅,0000004069,研究生,中山大学,高级管理人员工商管理,2008.04,2009.12
庞家钰,0000004070,本科,东北工学院,工业企业电气化与自动化,1964.09,1969.09
庞家钰,0000004070,培训,中央党校,,1984.09,1986.07
裴金佳,0000004077,学习,福建省集美财经学校,财会,1982.09,1984.07
裴金佳,0000004077,学习,厦门大学,财经,1985.09,1988.06
裴金佳,0000004077,本科,中央党校,经济管理,1994.08,1996.12
裴金佳,0000004077,进修,厦门大学,世界经济,1996.11,1997.11
裴伟东,0000004079,研究生,大连理工大学,机械制造及自动化,1982.09,1989.04
彭宏松,0000004089,研究生,广东省委党校,经济学,1996.09,1999.07
彭家瑞,0000004091,,新疆政法干校,公安,,
彭家瑞,0000004091,,西安陆军学院乌鲁木齐分院,政治工作专,,
彭家瑞,0000004091,,中央党校,经济管理,,
彭家瑞,0000004091,研究生,中国社会科学院,企业管理,,
彭建文,0000004092,,广东省社会科学院,经济管理,1997.09,2000.07
彭建文,0000004092,进修,中央党校,,2003.03,2003.07
彭建文,0000004092,培训,广东省第10期高级公务员公共行政管理知识专题研究班（牛津班）,,2007.05,2007.08
彭建文,0000004092,研究生,中山大学,EMBA,2008.03,2010.06
彭琳,0000004094,本科,重庆大学,械制造工艺及自动化,1980.09,1984.07
彭琳,0000004094,研究生,重庆大学,机械学,1986.09,1989.09
彭琳,0000004094,博士,重庆大学,机械制造及自动化,1989.09,1991.07
彭琳,0000004094,,武汉大学,农艺,1949.00,1952.00
彭琳,0000004094,,华中农学院（现华中农业大学）,农艺,1952.00,1953.00
彭天琦,0000004102,本科,四川大学,,1928.00,1932.00
彭天琦,0000004102,,北平中国大学,政治经济,1932.00,
彭宪法,0000004105,本科,国防科技大学,非金属基复合材料,1978.02,1981.12
彭宪法,0000004105,研究生,中国社科院,商业经济,1996.12,1998.11 
彭晓春,0000004107,学习,广西师范大学,政治,1983.07,1984.07
彭晓春,0000004107,学习,华中师范大学,思想政治教育,1984.07,1987.07
彭晓春,0000004107,学习,中央党校,党的建设,1987.07,1989.07
彭晓春,0000004107,博士,华中师范大学,法学,1999.07,2003.07 
彭永林,0000004110,,延边大学,农学,1980.09,1984.07
彭永林,0000004110,研究生,东北师范大学,经济学,,1999.06
彭永林,0000004110,博士,东北师范大学,理学,,2008.06
彭渝,0000004112,本科,长春光学精密机械学院（现长春理工大学）,精密仪器制造,1978.03,1982.01
彭渝,0000004112,大专,中央党校,经济管理,1985.09,1988.07
彭渝,0000004112,进修,中央党校,,1988.09,1989.01
彭渝,0000004112,进修,中央党校,,1997.03,1997.07 
彭渝,0000004112,培训,中央党校,,2001.03,2002.01
彭渝,0000004112,研究生,中央党校,经济管理,1999.09,2002.07
彭宇行,0000004113,本科,四川大学,化学,1978.09,1981.09
彭宇行,0000004113,研究生,四川大学,高分子化学,1981.09,1985.07
彭宇行,0000004113,博士,法国居里大学,理学,1990.03,1992.07
彭宇行,0000004113,博士后,法国埃克森化学公司,,1992.07,1993.12
平措,0000004119,学习,西藏民族学院,,1965.07,1966.12
蒲波,0000004120,学习,四川省林业学校,,1978.09,1981.08
蒲波,0000004120,学习,四川师范学院（现西华师范大学）,中文,1987.09,1989.08
蒲波,0000004120,本科,中共四川省委党校,经管,1996.09,1997.12
蒲波,0000004120,研究生,中央党校,现代经济管理,2000.09,
普朝柱,0000004124,学习,中共云南省委党校,,1951.00,1952.00
齐继慧,0000004128,研究生,中共辽宁省委党校,,,
齐乃贵,0000004133,本科,青岛纺织工业学校,,1965.04,1970.01
齐乃贵,0000004133,学习,山东大学,数学,1972.04,1974.08
齐寿良,0000004134,学习,中共晋东北特委和定襄县委创办的定襄学院,,1937.00,
齐扎拉,0000004137,大专,云南省委党校,,1984.08,1986.08
齐扎拉,0000004137,培训,云南省委党校,,1995.09,1995.12
齐扎拉,0000004137,本科,中央党校,政法,1995.08,1997.12
齐扎拉,0000004137,学习,云南民族学院,民族文化与民族经济,1996.09,1998.07
齐扎拉,0000004137,研究生,中央党校,经济管理,2006.01,2008.01
祁金立,0000004139,大专,百泉农业专科学校,农学,1978.09,1981.08
祁金立,0000004139,学习,中国政法大学,经济法学,1995.09,1997.02
祁金立,0000004139,博士,华中科技大学,西方经济学,2001.03,2003.08
千军昌,0000004141,进修,中央团校,,1983.01,1983.08
千军昌,0000004141,培训,陕西省委党校,,1985.08,1987.07
千军昌,0000004141,函授,中央党校,经济管理,1993.09,1995.07
千军昌,0000004141,培训,中央党校,,2000.09,2001.01
千军昌,0000004141,研究生,陕西师范大学,马列主义哲学,2000.01,2001.09
钱德伟,0000004143,本科,云南大学,档案专业,1982.09,1986.07
钱建民,0000004144,大专,温州师范专科学校,中文,1979.10,1982.08
钱建民,0000004144,本科,浙江师范大学,政教,1986.09,1988.07
钱建民,0000004144,研究生,杭州大学,应用心理,1995.05,1997.12
钱引安,0000004153,学习,西安市农业学校,,1980.08,1983.08
钱引安,0000004153,学习,陕西省委党校,经济管理专业,1992.07,1995.12
钱引安,0000004153,本科,西北大学经济管理学院,政治经济学专业,1996.09,1999.07
钱运录,0000004157,本科,湖北大学,国民经济计划统计系统计学,1963.00,1967.00
钱智,0000004158,本科,复旦大学,政治经济学,1978.03,1982.02
钱智,0000004158,进修,新疆维吾尔自治区党委党校,,1991.09,1992.01
钱智,0000004158,培训,中国井冈山干部学院,,2004.10,2004.11
钱智,0000004158,培训,中组部组织的赴澳大利亚第一期现代农业发展与农村建设专题研究班,,2006.11,2006.12
钱智,0000004158,进修,中央党校,,2012.09,2012.11
乔恒,0000004162,博士,,,,
乔新江,0000004169,本科,郑州大学,汉语言文学,1980.09,1984.07 
乔新江,0000004169,培训,河南省委党校,,1999.03,1999.07
乔新江,0000004169,研究生,清华大学,公共管理,2005.02,2007.01
乔延春,0000004171,,烟台师范学院,,1971.03,1973.08
郄英才,0000004174,研究生,中国政法大学,法学,1992.09,1996.07
秦光荣,0000004180,大专,湖南衡阳师范专科学校,中文,1973.09,1975.08
秦光荣,0000004180,进修,中央党校,,1992.03,1992.07
秦光荣,0000004180,研究生,中南工业大学,管理科学与工程,1993.03,1995.12
秦军,0000004186,进修,北京对外经济贸易大学,国际贸易,1988.02,1988.08
秦军,0000004186,研究生,武汉大学,政治经济学,1996.09,1999.06
秦军,0000004186,培训,华中理工大学,,1999.06,1999.12
秦军,0000004186,,美国康涅狄格州中央大学,,2000.03,2000.09
秦如培,0000004191,本科,贵州农学院,农学,1979.09,1983.08
秦如培,0000004191,培训,贵州省委党校,,1995.03,1995.07
秦如培,0000004191,研修,清华大学,现代公共管理,1999.10,2000.01
秦如培,0000004191,研究生,厦门大学,行政管理,1999.10,2000.10
秦如培,0000004191,研究生,贵州工业大学与加拿大魁北克大学席库提米分校,项目管理,2004.04,2006.03
秦天真,0000004194,,马列学院,,,
秦天真,0000004194,,中央党校,,,
秦宜智,0000004198,本科,清华大学,思想政治教育,1983.09,1988.07
秦宜智,0000004198,研究生,重庆大学,热能工程,1991.09,1994.04
秦义,0000004199,本科,内蒙古财经学院,计划统计商业计划统计,1981.09,1985.07
卿渐伟,0000004202,本科,湖南省财会学校,,1980.09,
秦玉海,0000004203,本科,,,,
丘志勇,0000004206,本科,中山大学,力学,1978.03,1982.01
丘志勇,0000004206,研究生,中山大学,力学,1986.09,1989.06
邱耀国,0000004219,大专,都匀专区干校,,,
瞿海,0000004225,,湖南省供销学校,计统,,1984.07
曲福田,0000004227,本科,山东农学院,农业经济管理,1978.09,1982.09
曲福田,0000004227,研究生,南京农学院,农业经济管理,1982.09,1985.07
曲福田,0000004227,博士,南京农业大学,农业经济管理,1987.03,1990.10
曲福田,0000004227,访问学者,荷兰瓦赫宁根大学,,1993.10,1994.11
曲福田,0000004227,访问学者,日本大学,,2000.10,2000.11
曲福田,0000004227,培训,国家高级教育行政学院,,2002.04,2002.07
曲福田,0000004227,培训,英国牛津大学,,2005.06,2005.07
曲福田,0000004227,访问学者,美国康乃尔大学,应用经济与管理,2007.08,2007.10
曲志深,0000004234,本科,山西财经学院,计划统计,1983.09,1987.07
曲志深,0000004234,学习,哈尔滨商业大学,产业经济学,2000.09,2002.09 
曲志深,0000004234,学习,加拿大阿尔伯塔大学,,2002.07,2002.12
饶南湖,0000004246,学习,云南省思茅地区景东一中,,1983.09,1989.07
饶南湖,0000004246,本科,福州大学,计划统计,1989.09,1993.07
饶南湖,0000004246,研究生,江西财经大学,工商管理,2000.03,2002.01
饶南湖,0000004246,研修,美国密苏里大学,,2001.01,2002.04
饶南湖,0000004246,培训,美国圣荷赛大学,,2005.09,2006.01
饶南湖,0000004246,博士,云南大学,经济学开放理论与政策,2004.09,2009.01
饶南湖,0000004246,培训,中央党校,,2011.09,2011.12
饶正锡,0000004251,学习,中共中央党校,,1938.00,
饶正锡,0000004251,学习,武昌博文书院,,1926.00,1927.00
饶正锡,0000004251,学习,湖北省大冶县普爱医院,,1927.00,1930.00
任海深,0000004259,本科,山东农学院,植物保护,1973.09,1976.08
任海深,0000004259,培训,中央党校,,1990.09,1992.07
任海深,0000004259,研究生,,经济管理,1996.09,1999.07
任青远,0000004265,培训,陕西省安吴堡,,1938.03,
任世茂,0000004267,培训,华农大,,,
任世茂,0000004267,培训,中央党校,,1991.09,1992.07
任世茂,0000004267,研究生,省委党校,马克思主义哲学,1996.09,1999.06
任晓春,0000004270,学习,南充地区教师进修学院,汉语言文学,1981.09,1983.08
任晓春,0000004270,本科,四川师范学院,政治教育,1995.09,1998.07
任晓春,0000004270,进修,西南师范大学,经济哲学与现代管理,1997.06,1999.06
任晓春,0000004270,研究生,省委党校,区域经济学,2005.09,2008.06
任永昌,0000004274,本科,西南农学院（现西南大学）,经济管理,1978.10,1982.07
任永昌,0000004274,进修,中央党校,,2002.09,2003.01 
任泽锋,0000004276,本科,东北师范大学,历史,1983.09,1987.07
任泽锋,0000004276,研究生,西北大学,,1987.07,1990.07
任泽锋,0000004276,博士,中国人民大学,中国哲学,1992.07,1995.07
任振鹤,0000004278,学习,恩施地区财经学校,,1980.09,1982.07
任振鹤,0000004278,学习,华中工学院,技术经济,1986.09,1988.07
任振鹤,0000004278,本科,中央党校,经济管理,1996.08,1998.12
任振鹤,0000004278,培训,中央党校,,2009.03,2009.10
戎铁文,0000004281,大专,,,,
荣天厚,0000004284,本科,内蒙古工学院,机械铸造,1974.00,1977.00
阮成发,0000004287,本科,武汉大学,工业经济管理,1982.02,1985.02
阮成发,0000004287,研究生,武汉大学,辩证唯物主义与历史唯物主义,1989.09,1993.02
阮成发,0000004287,博士,华中师范大学,国际共产主义运动与科学社会主义,1998.09,2001.06
阮日生,0000004291,大专,广东省委党校,,1985.03,1988.03
商黎光,0000004301,学习,邢台地区财贸学校,,1979.09,1981.09
商黎光,0000004301,大专,邢台地委党校,,1984.09,1986.07
商黎光,0000004301,函授,中央党校,经济管理,1995.09,1998.09
商黎光,0000004301,研究生,新加坡南洋理工大学,工商管理,2005.03,2006.11
商黎光,0000004301,研究生,中央党校,法学,2004.09,2007.07
商黎光,0000004301,培训,中央党校,,2007.03,2008.01
上官吉庆,0000004303,学习,陕西省商业学校,财务会计,1978.09,1980.08
上官吉庆,0000004303,学习,陕西省财贸干部学院,财政金融管理,1983.09,1985.07
上官吉庆,0000004303,培训,陕西省委党校,,1997.11,1998.08
上官吉庆,0000004303,研究生,中央党校,经济管理,1998.08,2001.06
上官吉庆,0000004303,培训,国家行政学院,,2006.03,2006.06
上官吉庆,0000004303,学习,西北大学,行政管理,2008.09,2011.07
上官吉庆,0000004303,培训,中央党校,,2015.03,2015.07
尚清,0000004306,研究生,中央党校,,,
邵国荷,0000004312,本科,安徽农学院,农学,1978.02,1982.01
邵国荷,0000004312,研究生,安徽省委党校,经济学,1995.09,1997.12
邵国荷,0000004312,培训,美国马里兰州大学,,1997.08,1998.08
邵明,0000004316,本科,甘肃师范大学（现西北师范大学）,中文,1977.00,1982.00
邵占维,0000004319,学习,宁波教育学院,高师中文,1979.09,1981.07
邵占维,0000004319,学习,省委党校,政治经济学,1981.10,1983.10
邵占维,0000004319,学习,中华全国律师函授中心,法律,1985.04,1987.06
邵占维,0000004319,研究生,南京理工大学,兵器系统工程,1992.09,1994.01
佘义和,0000004323,研究生,南京大学,中文,1977.02,1980.01
佘义和,0000004323,学习,中央党校,经济管理,1985.09,1988.07
佘义和,0000004323,培训,省高级管理人才经济研究班,,1995.04,1995.12
申联彬,0000004330,研究生,中央党校,,,
申维辰,0000004333,本科,山西大学,体育,1972.04,1975.12
申维辰,0000004333,研究生,,经济学,,
申晓庆,0000004334,本科,武汉大学,数学,1978.02,1982.02
申晓庆,0000004334,培训,南开大学,,1993.02,1993.04
申晓庆,0000004334,研究生,中央党校,政治经济学,2000.09,2003.07
申晓庆,0000004334,进修,中组部培训中心参加第七期组织部门领导干部进修班,,2003.07,2003.08
申晓庆,0000004334,培训,上海浦东干部学院,,2005.10,2005.11
申长友,0000004338,,山东省聊城师范学院,,1986.09,1988.07
申长友,0000004338,研究生,北京大学,国际政治,1990.09,1993.07
申长友,0000004338,博士,北京大学,国民经济计划与管理,1995.09,1998.07
申振君,0000004339,本科,郑州大学,历史,1978.08,1982.07 
申振君,0000004339,培训,中央党校,,1996.09,1997.07
申振君,0000004339,研究生,中央党校,经济管理,1996.09,1999.07 
沈培平,0000004348,学习,云南省保山地区保山师范专科学校,中文,1979.09,1981.08
沈培平,0000004348,学习,云南教育学院,,1986.08,1988.07
沈培平,0000004348,研究生,中央党校,经济管理,1999.09,2002.07
沈培平,0000004348,博士,北京师范大学,自然地理,2004.09,2007.07
沈强,0000004349,学习,淮北煤炭师范学院,,1979.09,1983.07
沈强,0000004349,研究生,中央党校,文学,2004.03,2004.07
沈仁康,0000004351,研究生,中共浙江省委党校,政治经济学,,
沈卫国,0000004354,本科,安徽财贸学院,财政金融,1978.10,1982.09
沈卫国,0000004354,培训,中央党校,,2000.03,2001.01
沈玉成,0000004361,研究生,,,,
沈越,0000004362,本科,北平师范大学,,1936.00,
盛国民,0000004365,,郑州粮食学院,油脂化工,1975.10,1978.08
盛荣华,0000004366,研究生,中央党校,政治经济学,,2003.07
盛荣华,0000004366,博士,湖南师范大学,中共党史,,2009.06
施永康,0000004380,本科,厦门大学,经济,1963.09,1968.09
施永康,0000004380,培训,中央党校,,1997.03,1997.07
石光,0000004384,研究生,吉林大学,世界经济学,,
石国祥,0000004386,,吉林师范学院,化学,1979.09,1981.09
石国祥,0000004386,本科,吉林大学,经济管理,1993.12,1995.12
石国祥,0000004386,研究生,北京大学,政治经济学,1994.09,1998.01
石国祥,0000004386,访问学者,香港大学,,2010.03,2011.06
石坚,0000004391,本科,长沙交通学院,公路与城市道路工程,1985.09,1989.08
石晶,0000004393,本科,西北师范学院,政教,1979.09,1983.07
石晶,0000004393,进修,兰州大学,经济法,1994.09,1997.06
石晶,0000004393,培训,中央党校,,1998.09,1999.07
石军,0000004394,,山东省机械工业学校,,1972.09,1974.07
石军,0000004394,专修,山东省委党校,经济理论,1980.09,1982.06
石军,0000004394,研究生,山东大学,法学,1992.08,1994.12
石军,0000004394,培训,中央党校,,1993.09,1994.07
石军,0000004394,博士,山东大学,国政学院科社,1996.08,1999.05
石奇珠,0000004397,学习,广州市职工业余大学,行政管理,1987.09,1989.07
石奇珠,0000004397,研究生,广东省社科院,经济学,1999.09,2002.08
石宗源,0000004408,本科,西北民族学院,政治,1964.09,1968.10
石宗源,0000004408,培训,中央党校,,1985.09,1986.01
石宗源,0000004408,进修,中央党校,,1997.09,1997.11
时立军,0000004411,专修,山东大学,,1980.09,1982.06
时立军,0000004411,进修,中央党校,,1985.09,1986.01
时立军,0000004411,进修,中央党校,,1989.02,1989.07
时立军,0000004411,培训,中央党校,,1995.09,1996.07
时立军,0000004411,研究生,中央党校,科学社会主义,1996.07,1998.07
史久武,0000004423,大专,浙江省化工学院,有机合成,1974.09,1977.09
史久武,0000004423,培训,中央党校,,2000.03,2001.01
侍俊,0000004434,大专,中国青年政治学院,政治教育,1984.09,1986.07
侍俊,0000004434,本科,四川师范大学,经济管理,1989.06,1991.06
侍俊,0000004434,进修,四川大学,经济管理,1996.09,1998.07
侍俊,0000004434,研究生,西南交通大学,建筑与土木工程,2004.08,2006.06
舒庆,0000004436,本科,山东师范大学,地理,1981.09,1985.07
舒庆,0000004436,研究生,华东师范大学,人文地理,1988.09,1991.07
舒庆,0000004436,博士,华东师范大学,区域地理学,1991.07,1994.07
舒晓琴,0000004438,学习,江西行政管理干部学院,经济管理,1983.09,1985.09
舒晓琴,0000004438,学习,江西师范大学,思想政治教育,1995.09,1997.06
舒晓琴,0000004438,研究生,中央党校,法学,,
宋宝瑞,0000004447,本科,清华大学,焊接材料及设备,1957.09,1963.09
宋宝瑞,0000004447,研究生,清华大学,焊接,1957.09,1963.09
宋晨光,0000004451,研究生,中国政法大学,,,
宋恩华,0000004455,专修,黑龙江省委党校,,1983.09,1985.06
宋恩华,0000004455,学习,哈尔滨工业大学,管理工程,1989.03,1991.01
宋恩华,0000004455,进修,中央党校,,1994.03,1994.07
宋法棠,0000004456,本科,山东曲阜师范学院,汉语言文学,,
宋福民,0000004457,大专,广西柳州工业专科学校,机械制造工艺与设备,1959.09,1963.08
宋国臣,0000004459,小学,滑县完小,,1947.08,
宋国臣,0000004459,初中,冀鲁豫五中,,,
宋国臣,0000004459,学习,地委党校,,,1949.01
宋国权,0000004462,本科,安徽大学,经济学,1978.10,1982.08
宋国权,0000004462,研究生,中央党校,经济管理,,
宋洪武,0000004464,大专,开封师范学院,汉语言文学,1975.09,1978.08
宋洪武,0000004464,培训,中央党校,中青年干部培训班,1991.09,1992.07
宋洪武,0000004464,研究生,中国社科院研究生院,经济系市场经济学,1996.11,1998.11
宋洪武,0000004464,培训,中央党校,中青年干部培训班,1997.09,1998.07
宋洪武,0000004464,研究生,中央党校研究生院,马克思主义哲学,1997.09,2000.07
宋洪武,0000004464,学习,开封师范学院,汉语言文学,1975.09,1978.08
宋洪武,0000004464,培训,中央党校,,1991.09,1992.07
宋洪武,0000004464,学习,中国社科院研究生院,市场经济,1996.11,1998.11
宋洪武,0000004464,培训,中央党校,,1997.09,1998.07
宋洪武,0000004464,研究生,中央党校,马克思主义哲学,1997.09,2000.07
宋侃夫,0000004473,大专,浙江公立工业专门学校,,1924.00,
宋侃夫,0000004473,培训,中央党校,,1938.00,
宋绍良,0000004484,培训,平原县乙种蚕业学校,,1922.00,
宋绍良,0000004484,,济南三育学校,,,
宋绍良,0000004484,,鲁西抗大分校,,,
宋太平,0000004494,大专,河北省委党校,,1985.09,1988.07
宋太平,0000004494,培训,河北省委党校,,1995.03,1995.07
宋太平,0000004494,本科,中央党校,政法,1995.08,1997.12
宋太平,0000004494,研究生,中央党校,经济学,1998.09,2001.07
宋太平,0000004494,培训,清华大学公共管理学院、哈佛大学肯尼迪政府学院,公共管理,2005.06,2005.09
宋卫平,0000004495,中专,石家庄高级步兵学校,,1979.08,1981.01
宋卫平,0000004495,大专,石家庄高级陆军学校,政治指挥,1985.09,1988.07
宋卫平,0000004495,进修,北京大学经济学院,,1989.01,1989.11
宋卫平,0000004495,培训,省委党校,,1994.09,1995.07
宋卫平,0000004495,研究生,省委党校,经济管理,2003.09,2006.07
宋希斌,0000004498,大专,哈尔滨师范专科学校,数学,1982.07,1985.07
宋希斌,0000004498,本科,哈尔滨师范大学,教育管理,1986.08,1989.06
宋希斌,0000004498,研究生,黑龙江省社会科学院,经济管理,1992.03,1994.03
宋希斌,0000004498,研究生,中央党校,经济管理,1999.09,2002.07
宋希斌,0000004498,培训,中央党校,,2003.03,2004.01
宋希斌,0000004498,研究生,哈尔滨工程大学,产业经济学,2003.09,2005.10
宋璇涛,0000004505,专修,郑州大学,,1983.09,1985.07
宋璇涛,0000004505,研究生,天津大学,管理工程,1993.09,1996.03
宋璇涛,0000004505,培训,中央党校,,2000.03,2000.12
宋璇涛,0000004505,博士,华中科技大学,管理学与工程,2001.03,2004.12
宋勇,0000004509,研究生,辽宁省委党校,,1983.08,
宋远方,0000004513,大专,山东矿业学院,矿山建设,1978.02,1982.01
宋远方,0000004513,研究生,山东矿业学院,矿山系统工程,1983.09,1987.07
宋远方,0000004513,研究生,西安交通大学,管理工程,,
宋远方,0000004513,博士,西安交通大学,管理工程,,
宋长瑞,0000004514,大专,河北省委党校,理论大专班,1983.09,1985.07
宋长瑞,0000004514,学习,中央党校,经济管理,1994.09,1996.12
宋长瑞,0000004514,研究生,新加坡南洋理工大学,管理经济学,1998.07,1999.06
宋照肃,0000004516,本科,郑州大学,政治系,,
宋照肃,0000004516,培训,中央党校,,1987.03,1987.07
宋照肃,0000004516,培训,中央党校,,1994.09,1994.10
宋照肃,0000004516,培训,中央党校,,1997.03,1997.05
宋致和,0000004519,高中,河北省立高级中学,,1933.07,
宋致和,0000004519,,北平私立中国学院,,1934.09,1937.07
宋致和,0000004519,大专,中共中央高级党校,,1962.06,1965.04
苏和,0000004529,,绥蒙建国学院,,1945.11,
苏和,0000004529,,张家口内蒙古军政学院,,1945.11,
王建华,0000004533,大专,南京金陵职业大学,中文系,1981.00,1983.00
王建华,0000004533,研究生,南京师范大学,,1995.00,1996.00
王建华,0000004533,研究生,澳大利亚麦柏瑞大学,,1997.00,1998.00
王建华,0000004534,,解放军运输工程学院,汽修师资,1978.09,1980.09
王建华,0000004534,研究生,昆明理工大学,管理工程,1995.09,1997.07
王建军,0000004536,进修,西南师范学院,汉语言文学,1983.09,1985.07
王建军,0000004536,研究生,中国社科院研究生院,市场经济,1996.09,1998.07
王建军,0000004536,研究生,四川省委党校,现代管理,2002.09,2005.07
王建军,0000004537,大专,商洛师范专科学校,物理,1981.09,1983.07
王建军,0000004537,本科,陕西师范大学,历史学,1986.07,1991.07
王建军,0000004537,学习,中国社会科学院,市场经济,1997.03,1999.03
王建军,0000004537,研究生,西安交通大学,公共管理,2003.03,2006.06
王建军,0000004537,培训,中央党校,,2009.03,2010.01
王建鸣,0000004541,本科,葛洲坝水电工程学院,工业电气自动化,1979.01,1982.06
王建鸣,0000004541,进修,省委党校,,1995.04,1995.06
王建鸣,0000004541,研究生,华中师范大学,马克思主义理论与思想政治,1998.09,2001.01
王建鸣,0000004541,博士,华中科技大学,管理科学与工程,2000.09,2007.03
王建忠,0000004547,本科,天津工学院,化工系燃料工学,1963.00,1968.00
王健民,0000004554,培训,琼崖特委党校,,1940.02,
王健民,0000004554,培训,琼崖抗日独立总队随营军干训练班,,1939.02,
王金会,0000004564,中专,红兴隆农技校,农学,1979.09,1981.08
王金会,0000004564,学习,黑龙江省农垦管理干部学院,,1987.09,1989.09
王金会,0000004564,本科,中共黑龙江省委党校,经济管理,1995.03,1998.01
王金会,0000004564,学习,黑龙江八一农大,农学专业,1997.09,2000.07
王军,0000004583,进修,张掖师范学校,,1980.09,1982.07
王军,0000004583,大专,中央党校,经济管理,1994.08,1996.12
王军,0000004583,培训,清华大学,,1995.09,1996.01
王军,0000004583,本科,中央党校,经济管理,1998.08,2000.12
王军,0000004583,研究生,西北师范大学,区域经济与城乡建设,2000.09,2002.07
王军,0000004583,学习,中央党校,,2002.03,2002.07
王君正,0000004593,本科,山东大学,科学社会主义,1981.09,1985.07
王君正,0000004593,研究生,中国人民大学,科学社会主义,1985.07,1988.08
王君正,0000004593,博士,清华大学,工商管理,1988.09,2006.09
王君正,0000004593,培训,中央党校,,2010.09,2011.01
王俊强,0000004596,本科,昆明工学院,自动化控制系,1981.09,1985.08
王俊强,0000004596,研究生,中南工业大学,自动化系,1986.08,1988.08
王凯,0000004600,本科,山西大学,政治经济学,1979.09,1983.10
王凯,0000004600,研究生,中国人民大学,政治经济,1988.09,1991.07
王克成,0000004602,高中,长春市第三十四中,,1971.07,1975.07
王克成,0000004602,研究生,吉林大学,经济学,1989.06,1992.09
王克文,0000004603,高中,,,,
王乐泉,0000004609,培训,中央党校,,1983.00,1986.00
王乐泉,0000004609,研究生,中央党校,,,
王磊,0000004610,本科,山东农业大学,蔬菜,1989.09,1993.07
王磊,0000004610,研究生,山东农业大学,农学,1997.09,2001.07
王黎之,0000004612,培训,山东省冠县军政干校,,1938.03,1942.08
王立平,0000004619,研究生,,,,
王利民,0000004622,大专,黑龙江铁力县师范学校,,1965.00,1968.00
王莉霞,0000004623,本科,辽宁大学,计划统计,1981.09,1985.09
王莉霞,0000004623,研究生,陕西财经学院,统计学,1985.09,1988.07
王莉霞,0000004623,博士,厦门大学,计划统计系统计学,1997.09,2000.07
王莉霞,0000004623,培训,陕西省委党校,,2001.10,2002.01
王莉霞,0000004623,培训,清华大学、哈佛大学,公共管理,2003.07,2003.09
王莉霞,0000004623,培训,中央党校,,2006.09,2006.11
王良,0000004625,大专,山东师范大学,历史,1983.07,1985.07
王良,0000004625,本科,山东师范大学,历史,1985.07,1988.07
王良,0000004625,研究生,省委党校,,1991.09,1993.06
王良,0000004625,培训,济南市委党校,,1995.09,1996.01
王良,0000004625,培训,中央党校,优秀选调生培训班,2002.03,2002.05
王良,0000004625,研究生,中央党校,经济,2003.03,2005.01
王良,0000004625,培训,美国密苏里大学及密苏里州政府,美国培训班,2006.05,2006.11
王良,0000004625,研究生,南开大学,工商管理,2006.09,2007.12
王林,0000004628,培训,全国总工会华北办事处训练班,,1934.00,
王玲,0000004636,本科,中央党校,经济管理,1996.09,1998.12
王玲,0000004636,本科,中央党校,领导干部,1998.09,2000.12
王玲,0000004636,研究生,中央党校,行政管理,2000.09,2003.07
王茂林,0000004640,进修,上海沪北会计专修班,会计,1951.07,1953.01
王茂林,0000004640,培训,北京煤炭干部学校,采煤,1963.07,1964.01
王茂林,0000004640,培训,中央党校,轮训班,1979.03,1979.11
王茂林,0000004640,培训,中央党校,市长班,1983.10,1983.12
王茂设,0000004642,培训,省委党校,,1991.09,1992.07
王茂设,0000004642,培训,中国气象局赴日培训第15期高级研讨班,,2000.08,2000.09
王茂设,0000004642,研究生,山西农业大学,农学系,1997.09,2000.07
王茂设,0000004642,培训,清华大学和美国哈佛大学,,2005.06,2005.10
王蒙徽,0000004643,本科,清华大学,建筑学,1978.03,1983.07
王蒙徽,0000004643,研究生,清华大学,建筑设计与理论,1984.09,1989.12
王蒙徽,0000004643,进修,波兰华沙工业大学,建筑系,1987.11,1988.06
王蒙徽,0000004643,研究生,中国社科院,投资管理,1996.12,1998.11
王蒙徽,0000004643,博士,清华大学,城市规划设计与理论,2002.09,2006.12
王珉,0000004648,大专,安徽省淮南煤炭学院,电系矿机,1975.09,1978.09
王珉,0000004648,研究生,北京航空学院,机械系机械制造工程,1979.09,1981.12
王珉,0000004648,博士,南京航空学院,机械工程系机械制造,1983.02,1986.04
王珉,0000004648,访问学者,香港理工学院,,1987.09,1989.02
王敏,0000004649,本科,山东师范大学,政治,1978.02,1982.01
王明玉,0000004658,本科,辽宁师范大学,生物学系,1984.08,1988.07
王明玉,0000004658,研究生,吉林农业大学,农业经济管理,1997.09,2000.12
王铭晖,0000004661,进修,四川省委党校,政治经济,1986.09,1988.07
王铭晖,0000004661,研究生,中国社会科学院,市场经济,1996.09,1998.08
王铭晖,0000004661,研究生,四川省委党校,现代管理,2001.03,2003.07
王南健,0000004663,培训,江门市师范学校,中文,1972.08,1973.08
王南健,0000004663,专修,华南师范大学,,1982.09,1984.08
王南健,0000004663,研究生,广东省委党校,经济学,1995.09,1998.07
王宁,0000004664,进修,四川省财政学校,财政,1978.04,1980.02
王宁,0000004664,进修,湖北财经学院,财经系,1981.09,1983.02
王宁,0000004664,学习,四川省委党校,县处班,1993.09,1994.01
王宁,0000004664,本科,四川省委党校,经济管理,1994.09,1996.12
王宁,0000004664,研究生,财政部财政科研所,财政,1995.11,1997.11
王宁,0000004664,研究生,西南财经大学,财政学,2000.09,2003.06
王宁,0000004664,博士,西南财经大学,财政学,2000.09,2003.06
王宁,0000004664,培训,中央党校,,2004.03,2005.01
王宁,0000004664,进修,中央党校,,2012.03,2012.04
王培安,0000004667,培训,遵义师范学院,中文,1978.03,1979.10
王培安,0000004667,研究生,中央党校,经济管理,,
王培廷,0000004669,大专,山东农学院,农学系,1981.09,1983.07
王培廷,0000004669,进修,省委党校,,1992.02,1992.06
王佩珍,0000004672,本科,,,,
王平,0000004679,本科,江西财经学院,国民经济计划,1979.09,1983.07
王平,0000004679,研究生,武汉大学,水工结构工程,1998.09,2001.06
王平,0000004682,培训,广元师范学校,,1972.05,1973.12
王平,0000004682,大专,中共四川省委党校,政治经济学,1981.09,1983.07
王平,0000004682,本科,南充师范学院,汉语言文学,1979.09,1984.07
王平,0000004682,研究生,中共中央党,,1986.09,1989.07
王平,0000004682,进修,中央党校,,2000.03,2000.07
王平,0000004682,进修,中央党校,,2006.03,2006.07
王萍,0000004688,研究生,江西大学,,1978.02,
王启敏,0000004695,学习,六安地区农业学校,植保专业,1975.09,1977.08
王启敏,0000004695,学习,省委党校,党政管理专业,1987.09,1989.07
王启敏,0000004695,学习,浙江农业大学国家南方14省农村经济研讨班,,1995.05,1995.07
王启敏,0000004695,培训,在中央党校中青年干部培训班,,1997.09,1998.07
王启敏,0000004695,研究生,在中央党校研究生班,法学专业,1997.09,2000.07
王清宪,0000004712,本科,南开大学,哲学系,1979.09,1983.07
王清宪,0000004712,研究生,中国社科院,新闻学,1987.09,1990.07
王清宪,0000004712,研究生,中国社会科学院,政府政策与公共管理系国民经济,2000.09,2003.07
王群,0000004721,培训,铁道部田心铁路技术学校,机械制造,1978.09,1981.08
王群,0000004721,大专,中央党校,经济管理,1985.09,1988.07
王群,0000004721,进修,赴新加坡经济管理研究班,,2002.06,
王群,0000004721,本科,中央党校,行政管理,2000.08,2002.12
王任重,0000004724,,景县乡村师范学校,,1933.00,
王荣,0000004726,培训,江苏农学院,农业经济管理,1978.03,1979.02
王荣,0000004726,大专,南京农学院,农业经济管理,1979.02,1982.02
王荣,0000004726,研究生,南京农学院,农业经济管理,1982.02,1985.02
王荣,0000004726,博士,南京农学院,农业经济管理,1985.02,1988.01
王荣,0000004726,访问学者,荷兰Tilburg大学,,1991.10,1992.06
王荣平,0000004730,本科,江苏农学院,农学系,1978.09,1982.07
王荣平,0000004730,培训,江苏省高级管理人才经济研究班,,2000.09,2000.12
王荣平,0000004730,培训,美国哈佛大学,,2003.06,2003.09
王荣轩,0000004731,本科,北京师范大学,汉语言文学,1965.09,1969.09
王荣轩,0000004731,培训,中央党校,,1987.09,1988.01
王如东,0000004732,,陕甘宁边区党校,,1939.00,
王如珍,0000004733,,西北农学院,农机,1961.09,
王儒贵,0000004734,大专,宁夏农学院,园林,1975.10,1978.01
王儒林,0000004735,培训,吉林省直机关第一期青干班,,1975.03,1975.05
王儒林,0000004735,本科,吉林农业大学,农业经济,1980.09,1985.07
王儒林,0000004735,研究生,吉林大学,国民经济计划与管理,1990.08,1993.04
王儒林,0000004735,培训,中央党校,,1996.09,1997.07
王锐,0000004736,本科,兰州大学,历史,1981.09,1985.07
王锐,0000004736,培训,国家高级教育行政学院,,1995.04,1995.07
王锐,0000004736,培训,中央党校,,2003.03,2004.01
王锐,0000004736,研究生,中央党校,中共党史,2004.03,2006.01
王瑞连,0000004738,进修,江苏省委党校,劳动人事,1985.02,1987.01
王瑞连,0000004738,本科,中央党校,法律,1998.08,2000.12
王瑞连,0000004738,培训,国家行政学院,公务员任职培训班,2001.09,2001.12
王瑞连,0000004738,研究生,四川省工商管理学院,工商管理,2004.09,2006.07
王瑞连,0000004738,培训,中央党校,,2006.03,2007.01
王三堂,0000004743,研究生,中央党校,经济管理,,
王三堂,0000004743,培训,中共河北省委党校,,1983.09,1985.08
王三堂,0000004743,进修,中央党校,经济管理,1993.08,1995.12
王三堂,0000004743,培训,中央党校,,1997.09,1998.07
王三运,0000004744,大专,贵阳师范学院,汉语言文学,1974.08,
王三运,0000004744,进修,中央党校,,1992.09,1993.01
王三运,0000004744,研究生,中央党校,政治,1998.09,2001.07
王少玄,0000004749,本科,中国青年政治学院,青年思想教育,1988.09,1992.07
王少玄,0000004749,培训,江西省委党校,,2002.09,2003.01
王少玄,0000004749,进修,江西省委党校,中共党史,2001.09,2003.12
王少玄,0000004749,研究生,北京大学与国家行政学院合作,公共管理,2004.04,2006.07
王少玄,0000004749,培训,国务院发展研究中心、清华大学、美国哈佛大学联合,公共管理培训班,2011.05,2011.07
王少庸,0000004750,本科,,,,
王世伟,0000004759,本科,沈阳农业大学,林学,,
王世伟,0000004759,研究生,沈阳农业大学,工学,,
王守海,0000004761,本科,吉林工学院,,1962.09,1968.03
王守海,0000004761,学习,中央党校,,1983.09,1985.07
王术君,0000004764,本科,哈尔滨船舶工程学院,技术经济,1988.07,1992.07
王术君,0000004764,研究生,中国人民大学,世界经济,1994.09,1997.07
王术君,0000004764,博士,中国人民银行总行金融研究所,金融学,1997.09,2000.09
王顺生,0000004775,本科,中国人民大学,政治经济学,1978.09,1982.09
王顺生,0000004775,研究生,中国科技大学,经营管理,1987.09,1990.08
王素毅,0000004779,本科,山西矿业学院,地下采煤,1978.10,1982.08
王素毅,0000004779,培训,中央党校,培训部西部班,2001.03,2001.07
王素毅,0000004779,研究生,中央党校,法学理论,2001.07,2004.07
王素毅,0000004779,研究生,长江商学院,工商管理,2003.04,2005.12
王太华,0000004782,本科,江西师范大学,中文系,1965.09,1969.09
王太华,0000004782,培训,中央党校,,1983.09,1985.07
王天琦,0000004787,本科,,,,
王天琦,0000004787,研究生,,,,
王铁,0000004791,大专,河南省商业学校,,1978.12,1981.01
王铁,0000004791,大专,郑州大学,法律,1983.09,1986.07
王铁,0000004791,培训,中共河南省委党校,,1995.09,1996.01
王铁,0000004791,研究生,中国政法大学,,1995.09,1997.07
王铁,0000004791,博士,华中科技大学,政管理专业,2006.09,2009.03
王汀明,0000004796,进修,中央党校,,1996.09,1997.01
王廷佐,0000004798,本科,中央党校,经济管理,,
王维纲,0000004805,,河北省立第七师范学校,,1923.00,
王维纲,0000004805,学习,中共中央党校,,1937.05,
王伟,0000004808,本科,新疆大学,汉语言文学专业,1983.09,1986.07
王伟,0000004808,学习,中央党校进修二班,,1996.03,1996.07
王伟,0000004808,学习,中央党校函授学院,经济管理专业,1995.09,1997.12
王伟,0000004808,研究生,大连理工大学,社会科学系思想政治教育专业,1997.08,1999.08
王伟成,0000004811,学习,苏州地区师范学校,语文科,1972.04,1973.12
王伟成,0000004811,大专,苏州教育学院,政治,1982.08,1985.06
王文超,0000004818,,河南工业大学,粮食加工,,
王文超,0000004818,大专,河南省郑州大学,哲学系,1983.00,1985.00
王文超,0000004818,研究生,河南大学,经济管理,,
王文权,0000004823,研究生,中国社会科学院,经济法,1996.03,1998.12
王文涛,0000004824,本科,复旦大学,哲学,1981.09,1985.07
王武龙,0000004827,本科,南京林学院,林产化学工艺,1962.09,
王希龙,0000004829,,中央财经学院,,,
王玺玉,0000004830,研究生,中央党校,政治学理论,2000.09,2003.07
王玺玉,0000004830,大专,甘肃省委党校,党政管理,1983.09,1985.06
王玺玉,0000004830,进修,中央党校,经济管理,1997.09,1999.12
王侠,0000004833,大专,中央电视大学,汉语言,1982.09,1985.07
王侠,0000004833,本科,中央党校,经济管理,1993.08,1995.12
王侠,0000004833,研究生,中央党校,经济管理,1996.09,1999.07
王祥喜,0000004844,本科,焦作矿业学院,采煤工程,1979.09,1983.07
王祥喜,0000004844,研究生,河南理工大学,矿业工程,2000.09,2003.06
王祥喜,0000004844,培训,中央党校,,2011.03,2011.07
王小东,0000004846,进修,石家庄陆军学院,政工,1976.12,1983.08
王小东,0000004846,大专,解放军防化指挥学院,党政基础理论,1995.09,1998.06
王小东,0000004846,进修,安徽财贸学院,金融,1999.08,2001.07
王小东,0000004846,培训,中央党校,,2004.03,2004.07
王小东,0000004846,研究生,华中科技大学,工业工程,2003.12,2008.12
王小东,0000004846,培训,中央党校,,2012.03,2012.07
王小东,0000004846,进修,中央党校,,2014.05,2014.07
王小青,0000004851,进修,武汉工学院,,1983.01,1985.03
王小青,0000004851,进修,中国人民大学,财政学专业,1999.10,2001.10
王小青,0000004851,培训,中央党校,,2001.03,2002.01
王小青,0000004851,研究生,中央党校,世界经济,2001.03,2004.01
王小青,0000004851,培训,中央组织部、国家外专局,,2004.06,2004.09
王晓东,0000004854,本科,重庆大学,锻压,1978.10,1982.07
王晓东,0000004854,培训,中央党校,,2006.03,2006.07
王晓东,0000004855,本科,江西大学,马列主义基础理论,1979.09,1983.08
王晓东,0000004855,培训,北京经济函授大学,现代经济管理,1987.01,1988.07
王晓东,0000004855,进修,中国人民大学,伦理学,1995.10,1997.08
王晓东,0000004855,研究生,中央党校,政治学,2000.09,2003.07
王晓光,0000004860,本科,贵阳师范学院,体育,1980.09,1984.08
王晓光,0000004860,本科,贵州省委党校,经济管理,1993.09,1996.06
王晓光,0000004860,研究生,中国地质大学,管理科学与工程,1999.07,2001.12
王效禹,0000004866,学习,中共中央山东分局党校,,1939.08,
王修智,0000004876,研究生,中央党校,政治学,1998.09,2001.07
王修智,0000004876,本科,山东师范学院,汉语言文学,1965.09,1969.09
王修智,0000004876,进修,中央党校,,1994.03,1994.07
王修智,0000004876,进修,政学院,科学社会主义,1994.05,1996.04
王修智,0000004876,培训,中央党校,,1995.09,1996.07
王学丰,0000004884,本科,内蒙古工业大学,化工,1983.09,1987.07
王学丰,0000004884,研究生,中央党校,经济管理,2002.03,2004.12
王学丰,0000004884,EMBA,华中科技大学,,,
王学军,0000004885,大专,河北工学院,机械制造,1972.04,1975.08
王学军,0000004885,培训,中央党校,,1991.09,1992.07
王学军,0000004885,进修,中央党校,政治,1992.08,1994.12
王学军,0000004885,研究生,中央党校,党的学说与党的建设,1993.09,1996.01
王学军,0000004885,进修,中央党校,,2000.03,2000.07
王学仁,0000004889,大专,北京大学,国际政治,1985.06,1987.09
王学智,0000004891,大专,云南省委党校,党政,1983.08,1985.08
王雪峰,0000004895,大专,河北矿冶学院,炼铁,1974.09,1977.09
王训智,0000004897,本科,郑州大学,政治法律,1978.10,1982.06
王雅安,0000004898,本科,中央党校,经济管理,,
王雅安,0000004898,,山西大学,中文系,1973.00,
王燕文,0000004905,大学本科,,,,
王燕文,0000004905,研究生,省委党校,,,
王阳,0000004906,本科,辽宁大学,哲学,1979.09,1983.08
王阳,0000004906,研究生,东北大学,管理工程,1993.09,1996.03
王阳,0000004906,研究生,辽宁大学,国民经济管理,1996.09,1999.06
王一平,0000004910,,山东省立第七（文登）乡村师范学校,,1932.00,1935.00
王一平,0000004910,,中共中央党校,,1937.00,1938.00
王义,0000004911,大专,甘肃师范大学,中文,1971.10,
王义,0000004911,培训,中央党校,,1994.09,1995.07
王义,0000004911,研究生,中央党校,党的学说与党建,1995.07,1999.09
王永昌,0000004922,大专,山东革命大学,,1944.00,
王永康,0000004924,本科,武汉理工大学,金属材料,1981.09,1985.08
王永康,0000004924,研究生,哈尔滨工业大学,材料及工艺系金属材料及热处理,1988.09,1991.01
王永康,0000004924,博士,哈尔滨工业大学,材料学,1993.05,2001.05
王永耀,0000004930,本科,,,,
王勇,0000004932,高中,山东省阳谷县一中,,1973.12,1975.06
王勇,0000004932,大专,山东省北镇师范专科学校,中文专业,1978.10,1980.06
王勇,0000004932,培训,中央团校,,1982.08,1983.01
王勇,0000004932,进修,中央党校,经济管理,1989.09,1992.07
王勇,0000004932,进修,四川联合大学,理科学与工程,1997.03,1999.01
王勇,0000004932,进修,中央党校,,2003.09,2004.01
王勇,0000004932,培训,清华大学和哈佛大学公共管理高级培训班,,2008.04,2008.06
王勇,0000004932,研究生,中央党校,经济学,2004.03,2006.01
王勇,0000004932,研究生,长江商学院,工商管理专业,2010.05,2012.10
王勇,0000004932,培训,中央党校,,2012.09,2013.01
王有杰,0000004940,本科,哈尔滨军事工程学院,空军工程系,1961.07,1967.06
王有杰,0000004940,学习,中央党校,,1986.09,1987.01
王有杰,0000004940,学习,中央党校,,1997.09,1997.11
王宇燕,0000004942,博士,,经济学,,
王玉芬,0000004945,大专,山东省委党校,,,
王玉明,0000004950,进修,内蒙古财贸学校,财政税务,1978.03,1980.01
王玉明,0000004950,本科,中央财政金融学院,财政,1982.07,1985.07
王玉明,0000004950,进修,中央党校,经济管理,1995.08,1997.12
王玉明,0000004950,进修,中国社会科学院,市场经济,1996.12,1998.11
王玉明,0000004950,进修,国家行政学院,,2001.03,2001.08
王云坤,0000004964,本科,天津大学,无线电技术,1961.09,1966.09
王云龙,0000004965,本科,山西农业大学,植保,,
王云鹏,0000004966,大专,曲阜师范学院,中文,1979.02,1980.12
王云鹏,0000004966,培训,省委党校,,1994.09,1995.01
王云鹏,0000004966,本科,省经济管理干部学院,经济管理,1993.09,1996.07
王云鹏,0000004966,研究生,省委党校,经济管理,2000.09,2003.06
王增力,0000004971,研究生,中央党校,经济管理,1999.09,2002.07
王增力,0000004971,培训,河北省委党校,,1983.09,1985.08
王增力,0000004971,培训,中央党校,党政管理,1995.09,1997.12
王战营,0000004977,本科,郑州工学院,水工结构,1981.09,1985.07
王战营,0000004977,研究生,广西大学,计算力学,1985.07,1988.04
王战营,0000004977,培训,郑州大学,,2000.03,2000.07
王战营,0000004977,培训,省委党校,,2000.08,2001.02
王兆华,0000004983,研究生,,,,
王兆力,0000004987,本科,哈尔滨工业大学,管理工程,1980.09,1984.09
王兆力,0000004987,研究生,哈尔滨工业大学,管理工程,1984.09,1987.07
王照平,0000004993,研究生,中央党校,,1985.09,1988.08
王照平,0000004993,,郑州工学,化工系,1978.03,1982.01
王真,0000004995,,延安八路军军政学院,,1940.11,1945.08
王真,0000004995,,中央党校,,,
王振文,0000005002,学习,延安抗大,,1938.00,
王振有,0000005003,本科,武汉大学,经济学,1979.09,1983.07
王振有,0000005003,研究生,华中理工大学,西方经济学,1996.04,1998.12
王振有,0000005003,博士,武汉大学,政治经济学,1999.09,2003.12
王振有,0000005003,培训,中央党校,,2004.03,2005.01
王正福,0000005010,本科,贵州农学院,林学系林业专业,1965.09,1969.09
王正福,0000005010,学习,中央党校中青班,,1997.09,1998.07
王正谱,0000005012,本科,北京农业大学,,1983.09,1987.07
王正谱,0000005012,培训,农业部中青年干部英语培训班,,2007.03,2007.09
王正伟,0000005013,本科,宁夏大学,中文,1978.00,1982.00
王正伟,0000005013,进修,中央党校,,1994.09,1995.01
王正伟,0000005013,博士,中央民族大学,经济学,2000.00,2003.00
王志刚,0000005020,大专,湖南农学院,农学,1979.09,1982.08
王志刚,0000005020,本科,湘潭大学,法学,1999.09,2002.06
王志刚,0000005020,培训,湖南省委党校,,2004.03,2004.07
王志刚,0000005020,研究生,中央党校,经济学,2004.09,2007.12
王中丙,0000005034,本科,武汉钢铁学院,冶金系炼钢专业,1979.09,1983.07
王中丙,0000005034,研究生,武汉钢铁学院,钢铁冶金,1985.09,1987.12
王中丙,0000005034,博士,北京科技大学,钢铁冶金,1998.09,2002.03
王中丙,0000005034,进修,省委党校,,2004.03,2004.04
王中和,0000005035,培训,内蒙自治区赤峰市师范学校,,1978.03,1979.07
王中和,0000005035,大专,内蒙古师范大学,中文,1982.09,1985.07
王中和,0000005035,培训,内蒙古党校,,1995.04,1995.06
王中和,0000005035,研究生,内蒙古党校,经济管理,2000.08,2002.12
王中和,0000005035,培训,中央党校,,2010.09,2011.01
王忠林,0000005041,本科,华东政法学院,刑法,1980.09,1984.07
王忠林,0000005041,培训,山东省中青年干部赴美国培训班,,2004.07,2005.01
王忠林,0000005041,博士,中国海洋大学,经济管理,2008.09,2011.07
王专,0000005050,中专,沈阳重型中等技术学校,,1965.09,1969.09
王专,0000005050,进修,辽宁大学,企业管理,1970.06,1971.02
王专,0000005050,学习,中央党校,,1987.02,1987.07
王子达,0000005051,,灵山学校,,,
王子达,0000005051,,江苏茅山师范,,,
王宗璋,0000005060,本科,哈尔滨工业大学,金属压力加工,1962.00,1968.00
吕其恩,0000005061,中学,山东省立第八中学,,1932.00,
吕其恩,0000005061,学习,宏达中学,,1935.00,
吕其恩,0000005061,学习,马列学院,,1940.10,
吕其恩,0000005061,学习,中共中央党校,,,
韦国清,0000005069,,瑞金红军学校,,1932.00,
卫华,0000005087,本科,西北大学,城乡区域规划,1987.09,1991.07
卫华,0000005087,培训,西安市委党校,,1999.09,2000.01
尉健行,0000005092,,浙江新昌南明小学、新昌中学、天台育青中学、杭州安定中学,,1937.00,1947.00
尉健行,0000005092,大专,大连工学院,机械系机械制造,1949.00,1952.00
尉健行,0000005092,培训,东北工业部有色金属管理局抚顺俄语训练班,,1952.00,1953.00
尉俊东,0000005093,本科,西安交通大学,电厂热能与动力工程,1986.09,1990.07
尉俊东,0000005093,研究生,西安交通大学,思想政治教育,1995.09,1998.06
尉俊东,0000005093,博士,西安交通大学,工商管理,2000.09,2006.05
魏伯,0000005094,本科,北京大学,文学院外国语系,,
魏伯,0000005095,本科,北京大学,文学院外国语系,,
魏伯亭,0000005096,学习,中国人民解放军军事学院,政治系,,1957.00
魏国强,0000005100,进修,首都经贸大学,企业管理,1997.09,1999.07
魏国强,0000005100,研究生,中央党校,法学理论,2006.09,2009.07
魏宏,0000005101,培训,长沙铁道兵学院,政治系,1978.03,1979.08
魏宏,0000005101,进修,重庆师专电大,党政管理,1984.09,1986.07
魏宏,0000005101,研究生,西南财经大学,经济系,1996.01,1998.12
魏宏,0000005101,研究生,四川省委党校,经济学,1999.09,2001.07
魏宏广,0000005102,大专,广东省农业机械技术学校,农机,1978.09,1981.07
魏宏广,0000005102,本科,华南师范大学,中文,1983.09,1986.07
魏宏广,0000005102,培训,广东省委党校,,1995.03,1995.07
魏宏广,0000005102,研究生,广东省委党校,经济学,1995.09,1998.07
魏宏广,0000005102,进修,中央党校,,1999.09,2000.01
魏宏广,0000005102,学习,广东省第8期高级公务员公共行政管理知识专题研究班（牛津班）学习,,2006.05,2006.08
魏宏广,0000005102,研究生,中山大学,工商管理,2008.03,2010.06
魏民洲,0000005113,本科,陕西机械学院,机械制造工艺及设备,1978.02,1982.01
魏民洲,0000005113,研究生,陕西省委党校,经济管理,1995.09,1998.07
魏民洲,0000005113,培训,中央党校33期培训班,,1999.09,2000.01
魏民洲,0000005113,培训,中央党校,,2003.03,2004.01
魏民洲,0000005113,培训,中央党校,,2007.09,2007.11
魏潘尧,0000005115,进修,中央党校,,1999.07,
魏树旺,0000005121,大专,保定师范学校,,1983.09,1986.07
魏树旺,0000005121,本科,北京师范大学,思想政治,1988.08,1992.07
魏树旺,0000005121,研究生,北京师范大学,伦理学,1993.09,1996.01
魏树旺,0000005121,博士,北京师范大学,马克思主义理论与思想政治教育,2002.09,2005.06
魏树旺,0000005121,培训,中央党校,,2012.08,2013.01
魏小东,0000005123,本科,厦门大学,计划统计,1979.09,1983.08
魏小东,0000005123,培训,中央党校,,2009.03,2009.07
魏晓明,0000005124,本科,上海交通大学,电子工程,1983.09,1987.07
魏晓明,0000005124,进修,安徽省委党校,,2002.03,2002.05
魏晓明,0000005124,学习,安徽省委党校,,2005.11,2005.12
魏晓明,0000005124,进修,安徽省委党,,2006.09,2006.11
魏晓明,0000005124,学习,安徽省委党,干部金融理论与实践专题研讨班,2008.11,
魏晓明,0000005124,学习,,中组部浦东干部学院转变经济发展方式与发展绿色经济班,2010.04,
魏晓明,0000005124,培训,,公共管理,2012.04,2012.06
魏旋君,0000005129,本科,华东政法学院,法律,1981.09,1985.07
魏旋君,0000005129,研究生,江西省委党校,法律,1996.09,1998.07
魏旋君,0000005129,学习,中央党校,,2003.02,2003.06
魏旋君,0000005129,研究生,华中科技大学,工商管理,2003.09,2005.06
魏旋君,0000005129,培训,中央党校,,2006.03,2007.01
魏旋君,0000005129,博士,华中科技大学,工商管理,2005.10,2007.10
魏旋君,0000005129,博士后,北京交大,应用经济学,2007.03,2009.01
魏增军,0000005135,本科,西北林学院,林业,1978.10,1982.07
魏增军,0000005135,培训,省委党校,,2000.03,2000.07
魏增军,0000005135,研究生,西安交通大学,工商管理,2003.11,2005.12
魏增军,0000005135,培训,中央党校市地党政主要领导干部进修班、井冈山干部学院中青年干部党性教育培训班、延安干部学院,,,
魏增军,0000005135,培训,中央党校,,2012.03,2012.07
郑良玉,0000005153,本科,中国人民大学,历史系,1961.00,
郑良玉,0000005153,,上海复旦大学,西欧经济,,
郑培民,0000005156,本科,吉林大学,物理系,1962.09,
郑培民,0000005156,研究生,清华大学,经济管理,1981.02,1982.08
郑人豪,0000005162,本科,中南政法学院,法律,1986.09,1990.07
郑人豪,0000005162,进修,中山大学,企业管理,1995.09,1998.07
郑人豪,0000005162,进修,美国加州州立大学,,2000.09,2001.09
郑人豪,0000005162,博士,中国政法大学,宪法与行政法学,2004.09,2007.07
郑人豪,0000005162,培训,中央党校,,2006.03,2006.07
郑人豪,0000005162,培训,中央党校,,2015.03,2016.01
郑少三,0000005166,本科,安徽师范大学滁州分校,中文系,1978.02,1982.01
郑松岩,0000005169,,福州大学,,,
郑天翔,0000005171,学习,南京中央大学,,1934.00,
郑天翔,0000005171,学习,北平清华大学,,1935.00,
郑天翔,0000005171,学习,延安陕北公学,,1937.00,
郑天翔,0000005171,学习,晋绥党校,,1947.00,
郑为文,0000005173,进修,安徽省供销商校,物价,1978.03,1980.01
郑为文,0000005173,大专,安徽省电大,经济管理,1983.09,1986.07
郑为文,0000005173,本科,中央党校,经济管理,1990.08,1992.12
郑为文,0000005173,研究生,中国社科院,城市经济,1996.09,1998.07
郑新聪,0000005182,本科,省委党校,,,
郑雪碧,0000005186,学习,中央团校,,1982.08,1983.01
郑雪碧,0000005186,大专,中国青年政治学院,,1985.09,1987.07
郑雪碧,0000005186,进修,中央党校,经济管理,1993.08,1995.12
郑雪碧,0000005186,进修,天津财经学院,统计学,1998.01,1999.06
郑雪碧,0000005186,进修,中央党校,,2000.09,2001.01
郑雪碧,0000005186,研究生,中央党校,国际政治,2001.01,2004.01
郑亚军,0000005187,进修,甘肃教育学院,汉语言文学,1980.09,1982.07
郑亚军,0000005187,研究生,中央党校,,,
郑雁雄,0000005189,本科,广州中医药大学,,1979.09,1984.07
郑雁雄,0000005189,大专,辽宁刊授党校,马克思哲学,1986.00,1988.07
郑雁雄,0000005189,研究生,中山大学,世界经济,1995.09,1998.07
郑雁雄,0000005189,研究生,中央党校,,2002.01,2003.01
郑雁雄,0000005189,培训,美国哥伦比亚大学,,2005.07,2005.09
郑雁雄,0000005189,博士,武汉大学,法学院,2008.09,
郑玉生,0000005193,本科,东北工学院,矿山机械,1976.11,1980.05
郑振涛,0000005197,本科,湖北财经学院,,1980.09,1984.07
郑振涛,0000005197,研究生,财政部财政科研所,,1984.09,1987.08
郑振涛,0000005197,培训,省委党校,,1996.03,1996.07
郑振涛,0000005197,博士,财政部科研所研究生部,,1998.09,2002.07
郑振涛,0000005197,培训,省委党校,,2002.02,2002.06
郑振涛,0000005197,学习,广东省高级公务员第二期班,,2003.04,2003.07
郑志辉,0000005198,本科,解放军南京工程兵工程学院,防护工程,1984.00,
郑志辉,0000005198,研究生,天津大学,结构工程,1991.00,
支益民,0000005205,本科,南京林业学院,,1962.07,
钟光超,0000005208,研究生,中国西安交通大学,,,1963.00
钟利贵,0000005215,进修,江西工学院,工业与民用建筑,1976.02,1978.12
钟世坚,0000005221,大专,海南师范专科学校,生物,1977.03,1980.01
钟世坚,0000005221,研究生,省委党校,,,
钟阳胜,0000005225,,广东师范学院,政治系,1970.00,
钟阳胜,0000005225,研究生,中国社会科学院,历史唯物主义,1978.00,
钟阳胜,0000005225,进修,中央党校,,1994.03,1994.07
钟阳胜,0000005225,博士,暨南大学,工业经济,1996.03,1998.07
钟咏三,0000005226,本科,清华大学,电机系,,1964.08
钟咏三,0000005226,高中,安庆一中,,,1958.00
钟志生,0000005232,进修,江西省农垦学校,农学,1980.09,1982.08
钟志生,0000005232,学习,新余市委党校县处班,,1993.04,1993.05
钟志生,0000005232,研究生,中央团校,,1994.09,1994.10
钟志生,0000005232,进修,南昌大学,哲学,1997.09,1999.03
钟志生,0000005232,学习,江西省委党校,,1998.03,1998.04
钟志生,0000005232,学习,中央党校,,1999.09,2000.01
钟志生,0000005232,研究生,江西省委党校,经济学,1999.09,2002.12
钟志生,0000005232,研修,团中央,,2001.09,2002.03
钟志生,0000005232,EMBA,长江商学院,,2003.11,2005.08
钟志生,0000005232,学习,中央党校,,2006.03,2006.07
钟志生,0000005232,EMBA,上海国家会计学院与美国亚利桑那州立大学,财务与金融,2007.05,2009.07
钟志生,0000005232,学习,中组部第二期现代城市领导者专题研究班,,2009.06,2009.07
钟志生,0000005232,培训,中央党校,,2010.03,2010.07
钟子云,0000005233,学习,苏联莫斯科东方大学,,1935.00,
周本顺,0000005235,大专,长春地质学院,石油物探,1972.04,1975.12
周本顺,0000005235,培训,湖南省委党校,,1991.09,1992.01
周本顺,0000005235,研究生,湖南大学,管理工程,1993.09,1996.01
周本顺,0000005235,博士,武汉大学,宪法与行政法学,2005.11,2006.11
周本顺,0000005235,进修,中央党校,,2006.03,2006.07
周伯华,0000005240,大专,湖南株洲粉末冶金学校,稀冶,1965.09,1968.09
周伯华,0000005240,学习,省委党校,,1980.09,1981.10
周伯华,0000005240,培训,中央党校,,1983.09,1986.07
周春雨,0000005249,本科,安徽大学,历史,1985.09,1989.07
周春雨,0000005249,研究生,省委党校,法学,1998.09,2001.08
周德睿,0000005251,研究生,清华大学,,,1989.12
周德睿,0000005251,学习,省委组织部,,2005.01,2005.07
周多明,0000005253,进修,甘肃省财贸学校,财政,1978.03,1980.01
周多明,0000005253,大专,甘肃广播电视大学,财政,1983.06,1986.07
周多明,0000005253,进修,中央党校,经济管理,1992.09,1994.12
周多明,0000005253,进修,财政部财政科学研究所,财政,1998.08,2000.08
周国辉,0000005259,本科,杭州大学,中文系,1978.03,1982.01
周国辉,0000005259,培训,省委党校,,1994.04,1994.05
周国辉,0000005259,研究生,省第二期领导干部经济管理研究班,,2000.04,2000.12
周国辉,0000005259,研究生,浙江大学、香港理工大学,高级工商管理,2004.04,2005.12
周海兵,0000005261,本科,湖南大学,工民建,1988.09,1992.07
周海兵,0000005261,研究生,湖南大学,结构工程,1992.09,1994.12
周红波,0000005262,本科,南京农业大学,农业昆虫,1988.09,1992.07
周红波,0000005262,培训,广西自治区党委党校,,2005.09,2006.01
周化辰,0000005265,本科,,,,
周霁,0000005273,大专,湖北工学院,修理制造,1981.09,1984.07
周霁,0000005273,大专,武汉大学,法律,1996.06,1999.06
周霁,0000005273,进修,英国华威大学,工商管理,2001.06,2001.12
周霁,0000005273,研究生,华中科技大学,电子与通信工程,2001.04,2003.12
周家斌,0000005274,本科,清华大学,建筑学,1983.09,1988.08
周家斌,0000005274,研究生,清华大学,工商管理,2005.03,2007.01
周家斌,0000005274,博士,中国地质大学,地质工程,2005.09,2008.01
周建琨,0000005275,本科,贵州财经学院,工业经济,1978.10,1982.08
周建琨,0000005275,研究生,中国社会科学院,国民经济,2000.12,2002.12
周建琨,0000005275,研究生,中央党校,经济管理,2004.09,2006.07
周建琨,0000005275,培训,国家行政学院,,2009.03,2009.04
周江勇,0000005277,大专,余姚师范学校,,1982.09,1985.07
周江勇,0000005277,进修,浙江大学,经济学,1996.03,1998.02
周江勇,0000005277,进修,宁波市领导干部经济管理研究班,,2000.03,2000.11
周江勇,0000005277,研究生,省委党校,政治,2003.03,2006.01
周连华,0000005284,大专,山东省利津县师范学校,普师,1978.09,1981.07
周连华,0000005284,大专,省高等教育自学考试,党政管理,1987.04,1989.10
周连华,0000005284,进修,中央党校,,1992.08,1994.12
周连华,0000005284,进修,中央党校,,2001.03,2001.07
周连华,0000005284,研究生,中央党校,经济学,2002.03,2005.01
周萌,0000005287,研究生,中央党校,经济管理,,
周乃翔,0000005289,大专,南京建工学院,工民建,1979.09,1982.02
周乃翔,0000005289,培训,建江苏分公司英语培训班,,1983.12,1984.12
周乃翔,0000005289,进修,东南大学,科技经济与行政管理,1995.09,1997.07
周乃翔,0000005289,培训,省委党校,,1997.09,1997.12
周乃翔,0000005289,研究生,美国宾夕法尼亚大学,经济,1998.10,1998.12
周乃翔,0000005289,研究生,省委党校,政治经济学,2001.09,2002.12
周齐,0000005295,大专,南开大学,政治经济学,1973.09,1976.10
周齐,0000005295,培训,中央党校,,1993.09,1994.07
周齐,0000005295,进修,中央党校,党政管理,1993.08,1995.12
周清利,0000005300,专修,省委党校,,1980.09,1982.06
周清利,0000005300,进修,中国社会科学院,经济法,1996.04,1998.04
周荣,0000005303,培训,贵州省织金县委党校,,1981.12,1983.02
周荣,0000005303,进修,贵州省委党校,党政管理,1986.09,1988.07
周荣,0000005303,本科,贵州省委党校,经济管理,1997.09,2000.06
周荣,0000005303,进修,清华大学,马克思主义理论与思想政治教育,2002.09,2004.07
周荣,0000005303,培训,贵州省委党校,,2004.10,2004.12
周喜安,0000005320,本科,吉林大学,经济系,1981.09,1985.08
周喜安,0000005320,研究生,吉林大学,经济学,1985.08,1988.06
周喜安,0000005320,博士,中国社会科学,世界经济,1996.09,1999.06
周先旺,0000005322,培训,中共建始县委党校,,1980.09,1980.12
周先旺,0000005322,培训,中共恩施地委党校,,1981.09,1981.12
周先旺,0000005322,进修,湖北大学,行政管理,1987.09,1989.07
周先旺,0000005322,培训,湖北省委党校,,1995.03,1995.07
周先旺,0000005322,进修,中共中央党校,,2005.09,2005.10
周先旺,0000005322,培训,中共中央党校,,2007.03,2008.01
周先旺,0000005322,培训,哈佛大学,肯尼迪政府学院,2011.05,2011.06
朱浩文,0000005330,本科,南开大学,系经济管理,1985.09,1989.07
朱浩文,0000005330,研究生,北京大学,国际金融,1996.04,1999.01
周永康,0000005336,本科,北京石油学院,地球物理勘探,1961.00,1966.00
周镇宏,0000005348,大专,华南师范大学,凝聚态物理,1978.03,1981.12
周镇宏,0000005348,培训,广东省委党校,,1993.05,1993.07
周镇宏,0000005348,博士,中山大学,凝聚态物理,1994.09,1997.07
周镇宏,0000005348,培训,中央党校,,2003.01,2004.01
周忠轩,0000005353,本科,辽宁师范学院,中文,1978.03,1982.01
周忠轩,0000005353,培训,中央党校,,1994.09,1995.07
周忠轩,0000005353,研究生,中央党校,世界经济,1994.09,1997.01
周忠轩,0000005353,博士,中国科学院,生态学,2003.03,2005.03
朱其文,0000005361,,北平中国大学,,1929.00,
朱清文,0000005365,大专,黑龙江省广播电视大学,中文,1983.08,1985.08
朱清文,0000005365,研究生,黑龙江省委党校,经济管理,2003.03,2006.01
朱清文,0000005365,研究生,哈尔滨工业大学,工商管理,2005.06,2007.07
朱读稳,0000005368,培训,省委党校,,1984.09,1986.08
朱读稳,0000005368,研究生,中央党校,经济管理,,
朱海仑,0000005371,培训,新疆维吾尔自治区党委党校,党政干部基础理论,1985.09,1987.07
朱海仑,0000005371,培训,新疆维吾尔自治区党委党校,,1993.09,1993.12
朱海仑,0000005371,培训,新疆维吾尔自治区党委党校,,1995.09,1996.07
朱海仑,0000005371,进修,中央党校,经济管理,1998.08,2000.12
朱天宝,0000005382,,北京农机学院,设计制造,,1968.07
朱小丹,0000005389,进修,广州宣传函授学院,科学社会主义,1985.09,1987.09
朱小丹,0000005389,培训,中央党校,,1990.09,1991.07
朱小丹,0000005389,研究生,中央党校,经济管理,1995.09,1998.07
朱小丹,0000005389,进修,中央党校,,2004.11,2005.01
朱晓明,0000005391,大专,南京工学院,环境保护,1982.03,1985.06
朱晓明,0000005391,研究生,江苏省委党校,政治经济学,2000.09,2003.07
朱学庆,0000005394,本科,郑州工学院,水利水电工程建筑,1981.09,1985.07
朱学庆,0000005394,研究生,北京大学,企业管理,1994.12,1996.07
朱学庆,0000005394,进修,美国杜克大学,公共政策与管理,2004.09,2005.01
朱以庄,0000005401,大专,上海复旦大学,数学力学,1975.09,1978.08
朱以庄,0000005401,培训,四川省委党校,,1993.08,1994.01
朱以庄,0000005401,进修,国家行政学院,场经济理论,1999.03,1999.06
朱以庄,0000005401,研究生,四川省工商管理学院,工商管理,2000.09,2002.07
朱泽君,0000005411,大专,广东省茂名师范学校,,1980.09,
朱泽君,0000005411,本科,华南师范大学,政治,1986.09,1989.07
朱泽君,0000005411,研究生,广东省委党校,经济学,1996.09,1999.07
朱泽君,0000005411,博士,华南农业大学,经济管理,2002.09,2005.06
祝新民,0000005428,本科,西北大学,中文系,1968.00,
庄礼祥,0000005433,本科,上海交通大学,自动控制,1965.07,1970.08
庄长兴,0000005436,大专,陕西省宝鸡供销商业学校,财会,1979.09,1981.07
庄长兴,0000005436,研究生,陕西省委党校,济理论与管理,1996.08,1999.07
庄长兴,0000005436,进修,中央党校,,1999.09,2000.01
庄长兴,0000005436,培训,中央党校,,2003.03,2004.01
庄长兴,0000005436,研究生,中央党校,经济学,2004.02,2006.01
庄长兴,0000005436,培训,清华大学、哈佛大学,,2006.06,2006.09
卓志强,0000005439,学习,广东省皮肤病防治研究所,,1979.09,1982.07
卓志强,0000005439,大专,华南师范大学,政治理论,1987.09,1989.06
卓志强,0000005439,培训,广东省人事干部培训班,,1993.04,1993.06
卓志强,0000005439,研究生,华南理工大学,工商管理,1995.09,1998.06
卓志强,0000005439,培训,美国哥伦比亚大学,,2006.07,2006.09
左大光,0000005456,研究生,,,,
赵紫阳,0000005470,,中共冀鲁豫省委党校,,1938.02,
郑丹甫,0000005479,,福建省立农业学校,,,
郑道溪,0000005480,研究生,中央党校,,,
郑俊康,0000005495,本科,武汉测绘学院,大地测量（地震班）,1978.10,1982.07
郑俊康,0000005495,研究生,复旦大学,政治经济学,1993.02,1995.01
郑俊康,0000005495,学习,广西大学外语学院,英语,1996.05,1996.09
郑俊康,0000005495,研修,美国肯塔基默尔黑德州立大学,现代经济管理,1998.04,1998.09
郑立中,0000005498,进修,河北地质学院,经济管理,1977.04,1979.09
郑立中,0000005498,研究生,吉林大学,国民经济计划与管理,1988.09,1991.06
郑立中,0000005498,培训,中央党校,,1993.09,1994.07
郑利平,0000005499,本科,华南理工大学,机械制造,1978.09,1982.08
郑利平,0000005499,培训,中央党校,,2000.03,2001.01
郑利平,0000005499,博士,南开大学,西方经济学,1995.09,2000.01
郑连生,0000005500,进修,中国社会科学院,农业经济,1996.08,1998.07
苏谦益,0000005503,,原绥远省归绥一中,,1928.00,1930.00
苏青,0000005504,大专,,,,
苏荣,0000005506,学习,农业部干部培训班沈阳农学院,,1980.09,1981.01
苏荣,0000005506,培训,吉林省委党校,党政干部培训班,1982.03,1983.10
苏荣,0000005506,培训,中央党校,,1994.03,1994.05
苏荣,0000005506,研究生,吉林大学,国际经济系世界经济,1994.00,1997.00
苏荣,0000005506,进修,中央党校,,2003.03,2003.05
苏泽群,0000005519,本科,华南师范大学,中文系,1980.08,1985.08
苏泽群,0000005519,学习,中央党校,,1995.08,1996.07
苏泽群,0000005519,研究生,中央党校,法学,1995.08,1998.09
苏泽群,0000005519,进修,华南农业大学,农业经济管理,1997.06,1999.12
苏泽群,0000005519,研修,国家行政学院,WTO专题研究,2002.05,
隋军,0000005525,进修,厦门大学,政治经济学,,
隋忠诚,0000005527,本科,武汉水利电力学院,水建及施工系水建,1984.00,
隋忠诚,0000005527,博士,吉林大学,东北亚研究院世界经济,2001.00,2006.00
孙爱军,0000005528,本科,清华大学,汽车工程,1990.09,1995.09
孙爱军,0000005528,研究生,清华大学,工业外贸,1995.09,1997.01
孙爱军,0000005528,博士,清华大学,企业管理,1997.01,2000.12
孙爱军,0000005528,研究生,美国杜兰（Tulane）大学,工商管理,1999.01,1999.12
孙爱军,0000005528,培训,山东省委党校,,2004.09,2004.11
孙爱军,0000005528,培训,中央党校,,2009.03,2009.07
孙春兰,0000005536,本科,辽宁省鞍山工业技术学校,机械,1965.08,1969.11
孙春兰,0000005536,进修,辽宁大学,经济管理,1981.09,1984.09
孙春兰,0000005536,本科,辽宁省委党校,经济管理,1989.05,1991.12
孙春兰,0000005536,培训,中央党校,,1992.09,1993.07
孙春兰,0000005536,研究生,中央党校,政治学,2000.09,2003.07
孙德汉,0000005541,进修,曲阜师范学院,,1981.09,1983.06
孙德汉,0000005541,研究生,哈尔滨工业大学,经济,1992.00,1994.07
孙德汉,0000005541,进修,中央党校,,1993.02,1993.07
孙德汉,0000005541,研究生,中央党校,经济管理,1999.07,2001.07
孙国强,0000005555,大专,贵州大学,哲学,1977.03,1980.01
孙国强,0000005555,进修,贵阳市委党校,党政,1983.09,1984.09
孙国强,0000005555,进修,贵州省委党校,党政,1984.09,1985.07
孙国强,0000005555,培训,中央党校,,1995.03,1995.07
孙国强,0000005555,本科,中央党校,政治,1998.09,2001.07
孙国强,0000005555,培训,中央党校,,2003.03,2004.01
孙国相,0000005557,博士,东北财经大学,,,
孙洪志,0000005561,,延安陕北公学,,1937.10,
孙洪志,0000005561,,延安马列学院,,1939.00,
孙洪志,0000005561,,"省""五七""干校",,1968.00,
孙鸿志,0000005562,研究生,阜新矿业学院,电气化与自动化,1986.07,1989.09
孙鸿志,0000005562,博士,吉林大学,学院技术经济及管理,1999.09,2004.07
孙鸿志,0000005562,博士后,北京大学,应用经济学,2007.01,2008.09
孙建群,0000005571,本科,北京钢铁学院,冶金机械,1964.00,1970.00
孙立坤,0000005583,本科,河南大学,历史,1978.03,1982.01
孙立坤,0000005583,研究生,河南大学,,1992.01,1993.12
孙立坤,0000005583,博士,南开大学,专门史,2001.09,2004.07
孙启文,0000005589,大专,黑龙江大学,党政干部基础科,,
孙清云,0000005590,研究生,哈尔滨师范大学,中文,,
孙瑞彬,0000005591,学习,河北医学院,,1978.02,1980.03
孙善武,0000005594,大专,洛阳师范学院,物理,1979.00,
孙守璞,0000005598,进修,山东省委党校,,1984.09,1986.07
孙守璞,0000005598,研究生,中国科技大学,,,1992.07
孙淑义,0000005599,进修,山东大学,,1983.09,1985.07
孙淑义,0000005599,学习,国防大学,高级研讨班,1994.09,1994.11
孙淑义,0000005599,大专,,,,
孙述涛,0000005600,本科,山东农业大学,林学,1983.09,1987.07
孙述涛,0000005600,研究生,南京林业大学,森林经理,1991.09,1994.07
孙述涛,0000005600,博士,南京林业大学,造林学,1994.07,1997.07
孙维本,0000005605,高中,,,,
孙炜东,0000005606,本科,内蒙古师范大学,中文,1981.09,1985.07
孙文盛,0000005609,大专,山东冶金学院,冶金系有色冶炼,1960.09,1963.08
孙文盛,0000005609,进修,中央党校,,1986.09,1987.01
孙文盛,0000005609,进修,中央党校,,2001.09,2001.11
孙新阳,0000005615,本科,西安交通大学,机械工程,1980.09,1984.07
孙新阳,0000005615,进修,西安交通大学,经济法,1987.08,1990.07
孙新阳,0000005615,研究生,长江商学院,工商管理硕士班,2008.05,2010.10
孙雪涛,0000005618,本科,河海大学,水利水电工程建筑,1984.09,1988.09
孙雪涛,0000005618,研究生,河海大学,水工结构工程,1988.09,1991.06
孙雪涛,0000005618,博士,北京师范大学,环境科学,2000.09,2004.06
孙以瑾,0000005619,学习,延安中央党校,,1944.00,
孙轶,0000005620,进修,辽宁省委党校,,1984.09,1986.08
孙轶,0000005620,研究生,天津大学,工商管理,1992.03,1993.12
孙轶,0000005620,培训,辽宁省委党校,,2009.09,2009.10
孙英,0000005621,本科,山西师范学院,历史系,1954.09,1958.06
孙永春,0000005624,大专,曲阜师范大学,中文系,1984.10,1987.07
孙永春,0000005624,本科,中央党校,科经济管理,1989.09,1992.07
孙永春,0000005624,进修,中央党校,,1995.03,1995.07
孙永春,0000005624,研究生,山东省委党校,科经济管理,1995.09,1997.12
孙远良,0000005628,大专,辽宁大学,俄语,1973.09,1976.09
孙远良,0000005628,研究生,辽宁省委党校,国民经济管理,1997.03,1999.07
孙云飞,0000005629,本科,安徽师范大学,汉语言文学,1980.09,1984.07
孙兆林,0000005635,高中,山东省泰安市第二中学,,1977.09,1980.08
孙兆林,0000005635,本科,兰州大学,分析化学,1980.08,1984.08
孙兆林,0000005635,研究生,兰州大学,分析化学,1984.09,1987.06
孙兆林,0000005635,博士,兰州大学,分析化学,1991.09,1994.06
孙喆,0000005636,,哈尔滨建筑工程学院,给水排水,1981.09,1985.08
孙喆,0000005636,研究生,哈尔滨建筑工程学院,,1988.09,1991.01
孙喆,0000005636,博士,哈尔滨建筑大学,,1996.02,1999.01
孙喆,0000005636,博士后,哈尔滨工业大学,,2002.12,2005.06
孙志刚,0000005640,大专,武汉钢铁学院,炼钢,1973.09,1976.09
孙志刚,0000005640,研究生,上海财经学院,工业经济,1980.09,1983.09
孙志刚,0000005640,博士,武汉大学,政治经济学,1993.07,1997.06
孙志瑗,0000005642,,照县委训练班,,1944.07,1944.10
孙忠焕,0000005643,培训,中共浙江省委党,,1982.04,1983.02
孙忠焕,0000005643,研究生,中央党校,经济管理,1998.09,2001.07
谈俊琪,0000005650,本科,陕西师范大学,物理系,,1965.00
覃卫东,0000005656,专修,华南师范学院,,1983.09,1985.07
覃卫东,0000005656,研究生,中央党校,经济管理,1997.09,1998.07
谭君铁,0000005670,中专,阳江师范学校,,1983.09,
谭君铁,0000005670,学习,广东行政学院,行政管理,1990.09,1992.07
谭君铁,0000005670,大专,广东行政学院,行政管理,1993.09,1996.07
谭君铁,0000005670,培训,广东省委党校,,2001.09,2002.01
谭君铁,0000005670,研究生,中山大学,行政管理,2004.09,2007.06
谭力,0000005671,中专,四川省高县师范学校,,1973.08,1975.07
谭力,0000005671,本科,重庆师范学院,政史,1979.09,1983.07
谭璋球,0000005678,本科,华南农学院,院植物保护,,
谭照华,0000005679,本科,衡阳冶金机电学校,,1956.10,
谭照华,0000005679,培训,中共中央党校,,1981.07,1982.09
檀云坤,0000005685,本科,福建农学院,农业经济管理,,
檀云坤,0000005685,研究生,中央党校,,,
汤爱军,0000005686,本科,吉林工业大学,机械制造工艺与设备,1973.10,1977.01
汤炳权,0000005687,高中,,,,
汤炳权,0000005687,培训,中央党校,,1997.09,1997.12
汤黎路,0000005695,进修,中央党校,党建,1979.03,1980.10
汤黎路,0000005695,大专,北京大学,国际政治系政治学,1984.09,1986.03
汤黎路,0000005695,培训,中央党校,,2007.03,2007.07
汤世保,0000005696,培训,广西大学,工业经济管理,1983.09,1985.06
汤涛,0000005697,大专,湖北省宜昌市高等工业专科班,工业微生物,1978.09,1981.09
汤涛,0000005697,研究生,武汉理工大学,产业经济学,1998.09,2000.12
汤彤海,0000005698,,湖北大学,,1965.00,
汤维英,0000005699,,广东省冶金学校,冶金,1958.00,
汤锡坤,0000005700,研究生,中央党校,法学理论,2002.03,2005.01
唐成良,0000005704,进修,广西大学,政治理论,1984.09,1986.07
唐成良,0000005704,培训,广西壮族自治区党委党校,,1996.09,1997.07
唐成良,0000005704,研究生,广西壮族自治区党委党校,政治经济学,1996.09,1999.01
唐成良,0000005704,学习,中央党校,,2003.03,2003.07
唐承沛,0000005705,本科,合肥工业大学,水利水电工程,1981.09,1985.07
唐承沛,0000005705,培训,国家教委华东教育管理干部培训中心,,1990.03,1990.06
唐承沛,0000005705,培训,机械工业部,,1993.03,1993.06
唐承沛,0000005705,研究生,中国科学技术大学,马克思主义理论教育,1995.09,1998.06
唐承沛,0000005705,培训,国务院发展研究中心、清华大学、哈佛大学,,2002.05,2002.09
唐承沛,0000005705,博士,同济大学,管理科学与工程,2004.03,2007.11
唐广安,0000005709,大专,广州南方大学,,1951.08,
唐坚,0000005713,大专,四川广播电视大学,中文,1982.08,1985.11
唐坚,0000005713,学习,四川省级机关党校,,1991.04,1991.07
唐坚,0000005713,学习,四川省委党校,,1995.10,1995.12
唐坚,0000005713,研究生,四川省委第二党校,政治经济学,1996.09,1998.06
唐坚,0000005713,研究生,西南交通大学,交通运输工程,2000.09,2002.07
唐坚,0000005713,培训,中央党校,,2003.03,2004.01
唐健,0000005714,学习,在新疆石油管理局七·二一工大设计班,,1974.00,1976.00
唐健,0000005714,学习,西南石油学院,,1981.00,1982.00
唐健,0000005714,学习,在新疆自治区党校党政班,,1985.00,1987.00
唐利民,0000005717,大专,沈阳大学,机械二系金属学及热处理,1979.08,1982.07
唐利民,0000005717,培训,省委第二党校,,1990.09,1991.04
唐利民,0000005717,研究生,四川联合大学,国民经济学,1995.09,1997.07
唐利民,0000005717,研究生,省委党校,现代管理,2005.09,2007.12
唐良智,0000005719,本科,华中工学院,固体电子系半导体物理与器件,1979.09,1983.08
唐良智,0000005719,博士,华中科技大学,西方经济学,,
唐若昕,0000005725,研究生,社会科学院,世界经济,,
唐若昕,0000005725,本科,北京师范大学,历史,,
唐若昕,0000005725,访问学者,英国牛津大学,,,
唐晓明,0000005730,本科,西北师范学院,中文,1979.09,1983.07
唐晓明,0000005730,进修,兰州大学,工商管理,2000.07,2002.06
唐远游,0000005736,本科,中国矿业大学,采矿工程,1989.09,1993.07
唐远游,0000005736,研究生,河南理工大学,矿业工程,2002.01,2005.06
唐远游,0000005736,研究生,北京交通大学,工商管理,2006.11,2008.12
唐志国,0000005739,学习,锦州铁路司机学校,车辆,1972.04,1973.12
唐志国,0000005739,本科,辽宁大学,中文,1980.04,1984.05
唐志国,0000005739,进修,中国行政函授大学,人事管理,1986.05,1988.06
唐志国,0000005739,进修,中央党校,经济管理,1993.08,1995.12
陶宏,0000005740,本科,华中农业大学,土壤化学系土壤与农业化学,1981.09,1985.07
陶宏,0000005740,培训,湖北省委党校,,1994.03,1994.07
陶宏,0000005740,研究生,湖北省委党校,政治经济学,1996.09,1999.07
陶宏,0000005740,培训,美国俄亥俄州立大学,,2002.12,
陶宏,0000005740,培训,中央党校,,2002.03,2002.05
陶克,0000005742,研究生,黑龙江八一农垦大学,经济管理,,
陶明伦,0000005745,研究生,中央党校,管理学,,
陶淑菊,0000005749,本科,中央民族学院,物理,1979.08,1983.07
陶淑菊,0000005749,培训,内蒙古党校,委书记培训班,1996.09,1996.12
陶淑菊,0000005749,进修,中国社会科学院,市场经济,1996.12,1998.11
陶淑菊,0000005749,培训,内蒙古党校,,2001.03,2001.07
陶淑菊,0000005749,进修,内蒙古党校,,2003.09,2004.01
陶淑菊,0000005749,研究生,中央党校,经济管理,2004.01,2006.01
陶淑菊,0000005749,培训,中央党校,,2008.03,2009.01
陶晞晦,0000005751,本科,西北工业大学,空气动力学,1963.09,1968.09
陶晞晦,0000005751,培训,中央党校,,1996.09,1997.07
滕刚,0000005759,大专,黑龙江财政专科学校,财务会计,1989.09,1992.07
滕刚,0000005759,研究生,中央党校,,1993.09,1995.09
滕刚,0000005759,进修,中央党校,,2004.03,2004.07
滕刚,0000005759,培训,国家税务总局党校,,2006.03,2006.04
滕刚,0000005759,博士,吉林大学,法学理论,2002.09,2008.12
滕刚,0000005759,培训,中央党校,,2009.03,2010.01
滕喜魁,0000005761,进修,省委党校,,1983.09,1985.07
滕喜魁,0000005761,研究生,哈尔滨工业大学,管理工程,1993.04,1995.05
滕昭祥,0000005762,本科,哈尔滨师范大学,政治教育,,
田宝忠,0000005765,大专,张掖师范专科学校,中文,1978.06,1980.08
田宝忠,0000005765,本科,中央党校,经济管理,1996.09,1998.12
田宝忠,0000005765,研究生,中央党校,经济管理,1997.09,2000.07
田承忠,0000005769,大专,哈尔滨船舶工程学院,机械工程系,1977.03,1980.08
田承忠,0000005769,培训,中央党校,,1995.09,1996.03
田承忠,0000005769,培训,中央党校,,1996.09,1997.07
田承忠,0000005769,研究生,中央党校,法学,1996.09,1999.07
田凤山,0000005770,大专,解放军西安第二炮兵技术学院,自动控制,,1964.00
田纪震,0000005776,,冀鲁豫革命干部学校,,1949.03,
田杰,0000005778,大专,北京大学,政治系,1985.09,1987.07
田杰,0000005778,进修,西北工业大学,现代航空企业管理,1990.09,1992.10
田杰,0000005778,培训,中央党校,,2001.03,2002.01
田杰,0000005778,研究生,中央党校,导师制经济管理,2001.03,2004.01
田明,0000005782,专科,上海建材专科学校,,1974.00,1976.00
田喜荣,0000005787,大专,山西财经学院,会计,1975.09,1978.08
田喜荣,0000005787,本科,中央党校,经济管理,1992.08,1994.12
田喜荣,0000005787,培训,中央党校,,2002.03,2002.07
田喜荣,0000005787,培训,中央党校,,2007.09,2011.01
田学仁,0000005790,本科,东北师大,,,
田学仁,0000005790,研究生,中国社会科学院,,,
田玉林,0000005794,研究生,吉林财贸学院,商业经济,,
铁代生,0000005800,大专,河南省委党校,党政领导干部,1985.09,1987.07
铁代生,0000005800,研究生,中央党校,党的学说与党的建设,2001.03,2004.01
佟星,0000005805,大专,广东师范学院,历史,1974.09,1977.07
佟星,0000005805,培训,中央党校,,1989.09,1990.07
佟星,0000005805,培训,中央党校,,2000.09,2001.01
童怀伟,0000005806,大专,安师大宿州专科学校,数学,1978.02,1980.02
童怀伟,0000005806,本科,中央党校,党政,1998.08,2000.12
童怀伟,0000005806,进修,安徽工商管理学院,工商管理,1999.05,2001.12
童怀伟,0000005806,培训,中央党校,,2002.01,2003.01
童怀伟,0000005806,研究生,中央党校,法学理论,2003.03,2005.01
童名谦,0000005809,大专,中国青年政治学院,政治教育,1984.09,1986.07
童名谦,0000005809,培训,湖南省委党校,,1993.02,1993.07
童名谦,0000005809,研究生,湖南大学,管理工程,1992.01,1993.12
童名谦,0000005809,进修,中央党校,党政,1995.08,1997.12
童名谦,0000005809,培训,中央党校,,2001.03,2002.01
童名谦,0000005809,研究生,中央党校,经济管理,2001.03,2004.01
童名谦,0000005809,培训,中央党校,,2010.03,2010.07
土登才旺,0000005814,大专,中央政法干校,,1965.08,1968.08
土登才旺,0000005814,进修,中央党校,,1983.09,1986.07
庹文升,0000005816,本科,华中工学院,火电,1965.09,1970.08
万玛多杰,0000005822,本科,青海省湟源畜牧学校,草原水利,1973.09,1977.11
万玛多杰,0000005822,培训,青海省委党校,,1998.09,1999.01
万玛多杰,0000005822,大专,青海广播电视大学,法律,1998.09,2001.07
万玛多杰,0000005822,培训,中央党校,,2003.03,2003.06
万玛多杰,0000005822,本科,中央广播电视大学,法学,2004.09,2008.07
万庆良,0000005825,大专,嘉应师范专科学校,中文,1981.09,1984.07
万庆良,0000005825,培训,中央党校,,1994.09,1995.07
万庆良,0000005825,研究生,中央党校,经济管理,1994.09,1997.01
万庆良,0000005825,EMBA,华南理工大学,工商管理,2003.03,2006.06
万新恒,0000005826,本科,华中理工大学,,1990.07,1997.07
万新恒,0000005826,研究生,北京大学,微电子,1997.09,2001.07
万新恒,0000005826,博士后,中国社会科学院,,2001.09,2004.06
万勇,0000005827,本科,武汉化工学院,基本有机化工,1978.09,1982.09
万勇,0000005827,大专,北京大学,经济管理,1988.09,1990.08
万勇,0000005827,培训,武汉市委党校,,1993.05,1993.08
万勇,0000005827,研究生,华中师范大学,哲学,1996.09,1999.06
万勇,0000005827,进修,中央党校,,2012.05,2012.07
汪德和,0000005831,研究生,,,,
汪海洲,0000005833,本科,北方工业大学,工业学部工业电气自动化,1984.09,1988.07
汪海洲,0000005833,培训,中央党校,,2007.03,2007.07
汪海洲,0000005833,研究生,美国圣路易斯华盛顿大学,工商管理,2007.06,2008.12
汪啸风,0000005847,本科,北京矿业学院,"机械系机械制
造专业",1964.09,1969.09
汪洋,0000005848,学习,中央党校,政治经济学,1979.00,1980.00
汪洋,0000005848,本科,中央党校,党政管理,1989.00,1992.00
汪洋,0000005848,研究生,中国科技大学,管理科学,1993.00,1995.00
汪洋,0000005848,进修,中央党校,,1997.03,1997.05
汪洋,0000005848,进修,中央党校,,2001.09,2001.11
汪一光,0000005849,大专,徽州师范专科学校,数学,1981.09,1984.07
汪一光,0000005849,培训,安庆市委党校,,1994.09,1994.12
汪一光,0000005849,进修,合肥工业大学,管理科学与工程,2002.04,2004.07
王爱民,0000005852,本科,河北机电学院,自动化系电机,1978.03,1982.07
王爱民,0000005852,进修,新加坡南洋理工大学,管理经济学,1999.10,2000.10
王爱民,0000005852,博士,天津大学,管理科学与工程,2001.03,2005.09
王爱文,0000005853,本科,河北师范大学,政治教育,1979.09,1983.08
王爱文,0000005853,研究生,四川大学,政治经济学,1984.09,1987.07
王安庞,0000005855,大专,山西广播电视大学,工业企业经营管理,1983.09,1986.07
王安庞,0000005855,本科,中央党校,经济管理,1993.08,1995.12
王安庞,0000005855,进修,中国社科院,农业经济,1997.04,1999.03
王安庞,0000005855,本科,中央广播电视大学,法学,2001.09,2004.07
王安泽,0000005857,学习,安龙县干部训练班,,,1950.10
王保存,0000005862,大专,开封地区师范学校,语文科,1978.09,1981.07
王保存,0000005862,研究生,河南大学,经济,1991.09,1993.07
王秉清,0000005868,本科,西安冶金建筑学院,工民建,1978.02,1982.02
王秉清,0000005868,研究生,中央党校,政治经济学,2000.09,2003.07
王波,0000005869,本科,沈阳化工学院,化工机械,1978.04,1982.01
王波,0000005869,研究生,天津大学,工商管理,1992.03,1993.05
王波,0000005869,培训,中央党校,,1998.09,1999.07
王波,0000005869,进修,北京大学,工商管理,2005.09,2007.07
王常松,0000005876,研究生,北京大学,法律,,1986.07
王程熙,0000005880,大专,内蒙古自治区巴彦淖尔盟师范学校,文学,1978.09,1980.12
王程熙,0000005880,培训,内蒙古党校,,1993.09,1994.01
王程熙,0000005880,培训,中央党校,,1997.09,1998.07
王程熙,0000005880,研究生,中央党校,经济管理,1997.09,1998.07
王纯,0000005886,,大连化工学院,,,1970.00
王大虎,0000005891,本科,河北工业大学,机械系,1978.10,1982.07
王大虎,0000005891,研究生,新加坡南洋理工大学,管理经济学,1999.10,2000.10
王大虎,0000005891,研究生,河北工业大学,管理科学与工程,1996.10,1999.06
王大虎,0000005891,博士,河北工业大学,,2003.09,2007.09
王东峰,0000005904,培训,中央党校,,2000.03,2001.01
王东峰,0000005904,研究生,西安交通大学,经济学,,
王东华,0000005906,进修,黑龙江省哈尔滨市工人业余大学,工业企业管理,1980.10,1982.08
王东华,0000005906,进修,哈尔滨工业大学,技术经济,1985.09,1987.06
王东洲,0000005911,大专,四川大学,中文系,1982.09,1984.07
王东洲,0000005911,进修,中央党校,,1994.03,1994.07
王菲,0000005917,,西南财经大学,财政,1982.09,1986.07
王菲,0000005917,本科,中共四川省委党校,学习，获法律,1999.08,2001.12
王菲,0000005917,博士,,在西南财大财政学,2001.09,2004.06
王菲,0000005917,进修,中央党校,,2003.03,2003.06
王富玉,0000005929,大专,长沙冶金工业学校,采矿,1973.10,1976.01
王富玉,0000005929,研究生,华中理工大学,社会学系应用社会学,1992.09,1995.10
王富玉,0000005929,博士,华中理工大学,管理科学与工程,1996.09,1999.07
王桂芬,0000005940,研究生,,,,
王国发,0000005944,本科,东北林学院,,,1970.00
王国平,0000005951,本科,,,,
王国生,0000005955,大专,山东大学,政治学,1981.09,1983.07
王国生,0000005955,本科,山东省委党校,政治学,1997.09,2000.06
王国学,0000005956,专科,绥化师范专科学校,,1981.03,1982.12
王国学,0000005956,大专,,,,
王国正,0000005957,大专,太原工学院,机械制造,1975.08,1978.08
王国正,0000005957,进修,山西大学,马克思主义哲学,1997.09,1999.06
王国正,0000005957,培训,中央党校,,2001.03,2002.01
王海林,0000005958,大专,四川大学,无机化工,1974.10,1977.10
王海林,0000005958,研究生,四川省社科院,工业经济管理,1988.09,1991.07
王宏民,0000005964,,北京钢铁学院,,1964.00,
王洪宾,0000005967,,西北师范大学,政教系,,
王化成,0000005974,,延安中央党校,,1945.02,
王怀远,0000005975,,山东工学院,电机系,,1964.00
王辉忠,0000005978,进修,浙江农业大学,农学,1980.11,1982.08
王辉忠,0000005978,培训,中央党校,,1992.09,1993.01
王辉忠,0000005978,本科,中央党校,经济管理,1993.08,1995.12
王辉忠,0000005978,研究生,中央党校,政治学,2003.09,2006.07
王会勇,0000005979,本科,河北农业大学,机制,1978.09,1982.08
王会勇,0000005979,学习,省委组织部八二届选调生班,,1983.10,1983.12
王会勇,0000005979,培训,新加坡南洋理工学院,国际商贸培训班,1995.09,1995.11
王会勇,0000005979,研究生,新加坡南洋理工大学,经济管理专业,2001.07,2002.06
王建功,0000005989,本科,,,,
王宏,0000006008,进修,陕西省委党校,党政干部基础,1984.09,1986.09
王宏,0000006008,研究生,西北农林科技大学,农业经济管理,1998.08,2000.08
唐军,0000006028,本科,武汉大学,中国文学,,
乌伦赛,0000006051,,兰州西北民族学院,,1951.09,1953.04
吴超,0000006063,大专,武汉工学院,电机设计与制造,1971.02,1974.08
吴超,0000006063,培训,省委党校,,1983.03,1984.01
吴超,0000006063,培训,省委党校,,1990.09,1990.12
吴超,0000006063,培训,中央党校,,2001.03,2002.01
吴超,0000006063,研究生,中央党校,马克思主义哲学,2001.03,2004.01
吴翠云,0000006072,进修,山东农学院,农学,1981.10,1983.06
吴翠云,0000006072,研究生,中共中央党校,法律,1992.09,1996.01
吴存荣,0000006073,本科,华东水利学院,农田水利工程系,1981.09,1985.07
吴存荣,0000006073,研究生,安徽大学,政治经济学,2000.09,2002.11
吴存荣,0000006073,研究生,中欧国际工商学院,工商管理,2007.03,2009.09
吴德,0000006078,,北平弘达中学,,,
吴德金,0000006079,本科,上海铁道学院,,,
吴德金,0000006079,研究生,清华大学,工程,,
吴登昌,0000006080,大专,中南矿冶学院,冶金管理,1979.09,1981.07
吴登昌,0000006080,本科,四川省委党校,理论部政治经济,1984.08,1987.07
吴登昌,0000006080,进修,中央党校,,1998.09,1999.01
吴登昌,0000006080,研究生,中央党校,经济学,1999.09,2002.07
吴冬华,0000006083,学习,南京炮兵工程学院,火药,1963.08,
吴敦夫,0000006085,本科,天津大学,电机与动力工程系,1963.09,1968.12
吴敦夫,0000006085,培训,中央党校,,1983.09,1985.07
吴官正,0000006089,本科,清华大学,热工测量及自动控制,1959.00,1965.00
吴官正,0000006089,研究生,清华大学,热工测量及自动控制,1965.00,1968.00
吴光镭,0000006091,大专,绵阳师范专科学校,中文系,1978.05,1980.04
吴光镭,0000006091,本科,四川师范大学,经济管理,1994.09,1997.06
吴光镭,0000006091,研究生,中央党校,经济管理,2001.09,2004.07
吴光镭,0000006091,研修,新加坡经济管理高级研究班,,2002.07,2002.08
吴光镭,0000006091,研修,香港经济管理研究班,,2003.10,2003.11
吴广才,0000006094,大专,吉林农业大学,农业经济管理,1984.03,
吴华品,0000006102,高中,,,,
吴前进,0000006110,培训,陕西省委党校,,1983.01,1985.01
吴前进,0000006110,本科,中央党校,经济管理,1994.08,1996.12
吴前进,0000006110,研究生,陕西工商管理硕士学院,,2000.09,2003.12
吴前进,0000006110,博士,,工学,,
吴金亮,0000006114,研究生,,,,
吴清海,0000006116,本科,西北农学院,植保,,
吴松,0000006129,本科,云南大学,哲学,1978.03,1982.02
吴松,0000006129,博士,云南大学,经济史,1994.09,1998.07
吴松,0000006129,培训,中央党校,,2002.03,2003.01
吴勉坚,0000006132,,阳新实验中学,,,1967.00
吴勉坚,0000006132,,武汉大学,经济学,1975.00,
吴天君,0000006133,学习,安阳农业大学,农学,1977.03,1978.10
吴天君,0000006133,本科,中央党校,经济管理,1995.08,1997.12
吴天君,0000006133,培训,中央党校,,1998.09,1999.07
吴天君,0000006133,研究生,中央党校,法学理论,1998.07,2001.07
吴天君,0000006133,博士,中国地质大学,资源产业经济,2005.09,2008.07
吴蔚荣,0000006136,本科,海军潜艇学院,,1980.09,1984.08
吴显国,0000006142,大专,廊坊师范专科学校,物理,1978.03,1981.03
吴显国,0000006142,研究生,新加坡南洋理工大学,管理经济学,1995.11,1996.11
吴向东,0000006146,本科,,,,
吴新雄,0000006151,本科,南京化工学院,有机系合成专业,1973.09,1977.01
吴旭军,0000006152,进修,西安交通大学,动力系,1976.12,
吴野松,0000006158,研究生,中国社会科学院,货币银行,,
吴亦侠,0000006161,本科,吉林农业大学,土化系,,1967.00
吴永文,0000006164,学习,湖北省荆门县沙洋师范,,1970.03,1972.01
吴永文,0000006164,研究生 ,华中师范大学,中共党史,1995.09,1998.12
吴永文,0000006164,进修,中央党校,,2006.03,2006.07
吴玉才,0000006166,本科,河北地质学院,经济管理,1978.02,1982.01
吴玉才,0000006166,研究生,中央党校,科学社会主义,,
吴泽刚,0000006171,大专,四川省委党校,政治,1984.09,1986.12
吴泽刚,0000006171,,中央党校,,1999.09,2000.01
吴泽刚,0000006171,进修,中央党校,,2000.09,2001.02
吴泽刚,0000006171,本科,省委党校,行政管理,1996.09,1998.12
吴振华,0000006173,,哈尔滨军事工程学院,工程系,,
吴政隆,0000006176,本科,太原机械学院,机械制造工艺与设备,1980.09,1984.08
吴政隆,0000006176,进修,中国社会科学院,投资管理学,1996.12,1998.11
吴政隆,0000006176,培训,美国哈佛大学和清华大学,公共管理,2005.06,2005.09
吴政隆,0000006176,研修,美国城乡规划高级研修,,2006.04,
吴政隆,0000006176,进修,中央党校,,2009.09,2009.11
吴忠琼,0000006183,研究生,,,,
吴紫骊,0000006184,本科,中山大学,经济系,1979.09,1983.07
吴紫骊,0000006184,培训,中青年干部培训班,,1985.11,1986.02
吴紫骊,0000006184,研究生,省委党校,经济学,1997.09,2000.07
吴紫骊,0000006184,培训,中央党校,选调生培训班,2004.09,2005.01
武凤呈,0000006201,学习,哈尔滨电机制造学校,,1976.10,1978.09
武凤呈,0000006201,进修,黑龙江广播电视大学,中文班,1983.09,1985.08
武凤呈,0000006201,进修,吉林大学,经济法,2003.09,2005.07
武凤呈,0000006201,研究生,哈工大,工商管理,2006.04,2008.03
武国定,0000006203,大专,百泉农业专科学校,园林系,1980.09,1983.07
武国定,0000006203,本科,中央党校,经济管理,1993.07,1995.12
武国定,0000006203,研究生,中国社会科学院,,1996.08,1998.07
武国定,0000006203,培训,河南省委党校,,2001.02,2001.06
武国定,0000006203,培训,中央党校,,2005.09,2006.01
武国定,0000006203,研究生,中央党校,经济学,2006.03,2008.01
武国定,0000006203,研究生,中国地质大学,应用经济学,2008.09,2010.06
武吉海,0000006204,本科,湖南师范学院,中文,1978.03,1982.01
武吉海,0000006204,研究生,中国社会科学,民法经济法,1996.05,1998.05
武吉海,0000006204,培训,中央党校,,1998.09,1999.07
武吉海,0000006204,研究生,中央党校,世界经济,1998.09,2001.07
奚正平,0000006220,本科,东北工学院,冶金物理化学,1982.08,1986.08
奚正平,0000006220,博士,东北工学院,冶金物理化学,1986.08,1992.07
奚正平,0000006220,培训,有色金属管理干部学院,工商管理,1997.03,1997.06
奚正平,0000006220,培训,中共陕西省委党校,,2002.09,2003.01
奚正平,0000006220,培训,国家行政学院,,2007.02,2007.04
奚正平,0000006220,培训,中国浦东干部学院,,2008.09,
奚正平,0000006220,培训,中国井冈山干部学院,,2009.10,
奚正平,0000006220,进修,中共中央党校,,2012.05,2012.07
习近平,0000006221,本科,清华大学,基本有机合成,1975.00,1979.00
习近平,0000006221,博士,清华大学,马克思主义理论与思想政治教育,1998.00,2002.00
席小军,0000006227,大专,太原师范专科学校,汉语言文学,1981.09,1984.07
席小军,0000006227,研究生,中央党校,政治学,1996.09,1999.07
席义方,0000006228,本科,西安交通大学,金属材料热处理,1962.09,1967.09
席义方,0000006228,研究生,中央党校,,1983.09,1985.04
席义方,0000006228,进修,中央党校,,1995.03,1995.06
喜清江,0000006229,研究生,中央党校,,,
夏耕,0000006238,大专,南京大学,经济管理,1978.12,1981.07
夏耕,0000006238,研究生,南京大学,经济管理,1993.09,1995.07
夏耕,0000006238,研究生,澳大利亚麦考瑞大学,经济学,1997.00,2000.07
夏耕,0000006238,博士,北京大学,院政治经济学,2006.07,
夏国华,0000006239,中专,贵阳农业学校,,,1957.00
夏国华,0000006239,研究生,中国人民大学,公共管理,2004.03,2006.06
夏立华,0000006243,本科,哈尔滨师范大学,汉语言文学,1978.08,1982.08
夏立华,0000006243,进修,中央党校,,1993.02,1993.07
夏立华,0000006243,培训,中央党校,,2001.02,2002.01
夏立华,0000006243,研究生,天津大学,工商管理,2003.09,2005.10
夏庆丰,0000006245,本科,中国人民大学,行政信息管理,1987.09,1991.07
夏庆丰,0000006245,培训,贵州省委党校,,2003.03,2003.05
夏庆丰,0000006245,研究生,中国农业大学,公共管理硕士,2003.00,2005.00
夏页文,0000006250,,山东省立师范学校,,,
夏振贵,0000006254,本科,在山西大学,科学社会主义,1978.03,1982.01
夏振贵,0000006254,研究生,中央党校,研究生班,1985.09,1988.07
夏振贵,0000006254,培训,中央党校,,2000.03,2001.01
夏振贵,0000006254,培训,中组部组织的中国外交学院、清华大学,公共管理,2003.10,2004.01
向巴平措,0000006259,大专,重庆大学,机械制造,1972.04,1975.10
向巴平措,0000006259,培训,中央党校,,1981.09,1982.07
向红琼,0000006264,本科,贵州农学院,植保,1979.10,1983.07
向红琼,0000006264,培训,全国农学专业植物病理学教师培训班,,1984.08,1984.09
向红琼,0000006264,培训,四川外语学院,出国人员培训班,1990.09,1991.01
向红琼,0000006264,研究生,西北农业大学,植物病理学,1995.09,1996.09
向红琼,0000006264,博士,华南农业大学,植物病理学,1996.09,1999.06
向红琼,0000006264,访问学者,上海复旦大学,,2000.07,2000.12
向红琼,0000006264,培训,贵州省委党校,,2004.03,2004.05
向红琼,0000006264,培训,中组部延安干部管理学院,,2004.10,2004.11
向力力,0000006267,本科,湘潭大学,历史学,1979.09,1983.07
向力力,0000006267,研究生,湖南大学,管理科学与工程专业,1999.12,2001.12
向力力,0000006267,培训,美国巴尔的摩大学,,2003.12,2004.06
向力力,0000006267,博士,湖南大学,管理科学与工程,2002.09,2005.12
肖超英,0000006277,本科,安徽师范大学,政教系,1980.09,1984.07
肖超英,0000006277,研究生,省委党校,法学,,
肖寒,0000006281,高中,,,,
肖化,0000006284,大专,广西师范学院,物理,1975.08,1978.09
肖化,0000006284,进修,广西师范学院,物理系,1978.09,1980.01
肖化,0000006284,进修,苏州大学,物理,1984.09,1985.01
肖化,0000006284,进修,广西师范大学,物理教学论,1990.09,1992.02
肖化,0000006284,进修,广西自治区党委党校,,1996.11,1997.01
肖化,0000006284,研究生,广西师范大学,教学论,1995.09,1997.06
肖建春,0000006287,大专,黑龙江广播电视大学,中文,1983.09,
肖菊华,0000006289,本科,华中师范大学,历史,1984.09,1988.07
肖菊华,0000006289,培训,湖北省委党校,,2002.03,2002.05
肖菊华,0000006289,研究生,华中科技大学,行政管理,2002.09,2005.12
肖菊华,0000006289,培训,中央党校,,2008.03,2009.01
肖培生,0000006291,研究生,,工商管理,,
肖庆平,0000006295,本科,兰州大学,汉语言文学,1978.03,1982.01
肖庆平,0000006295,进修,中国人民大学,科技哲学与现代管理,2000.09,2002.10
肖天任,0000006297,研究生,中央党校,,1986.09,1989.08
肖天任,0000006297,培训,省委党校,,1997.10,1997.12
肖文荪,0000006299,本科,西安冶金建筑学院,环境保护,1979.09,1983.08
肖文荪,0000006299,研究生,北京科技大学,科学与工程,1996.09,1999.07
肖文荪,0000006299,培训,中央党校,,2007.09,2008.01
肖旭明,0000006302,本科,湖北省中南财经学院,经济学,1978.00,1982.00
肖雅瑜,0000006304,本科,湖南农学院,设计制造,1978.10,1982.08
肖雅瑜,0000006304,研究生,中山大学,财政金融,1996.03,1998.06
肖莺子,0000006309,本科,湖北财经学院,国民经济计划与管理,1980.09,1984.07
肖莺子,0000006309,研究生,广西大学,政治经济学,1997.09,1999.10
肖莺子,0000006309,进修,中央党校,,2002.09,2003.01
肖永安,0000006310,培训,中央党校,,1984.09,1986.07
肖永安,0000006310,研究生,中央党校,,,
肖志恒,0000006315,学习,武汉大学,中文系,1983.08,1984.07
肖志恒,0000006315,培训,长沙解放军干部文化学校,,1984.08,1985.06
肖志恒,0000006315,进修,湖北师范学院,中文系,1985.07,1988.06
肖志恒,0000006315,学习,国防大学,基本系指挥员班,1988.00,1989.00
肖志恒,0000006315,研究生,吉林大学,国民经济计划和管理,1992.09,1995.06
肖志恒,0000006315,进修,中央党校,,2002.09,2003.01
谢德新,0000006325,本科,安徽师范大学,中文系,1979.00,1983.00
谢海,0000006330,学习,省委党校,,1984.09,1986.05
谢海,0000006330,本科,中央党校,经济管理,1993.08,1995.12
谢海,0000006330,进修,山西大学,克思主义哲学,1996.09,1998.08
谢建辰,0000006336,研究生,,,,
谢力群,0000006342,本科,浙江农业大学,设计与制造,,1982.00
谢力群,0000006342,研究生,中央党校,,,
谢强华,0000006350,大专,梅州嘉应师范专科学校,政治,1985.09,1988.06
谢强华,0000006350,进修,中央党校,,2000.09,2001.01
谢亦森,0000006361,本科,江西大学,语言文学,1978.01,1982.02
谢亦森,0000006361,培训,省委党校,,1997.11,1997.12
谢玉安,0000006365,本科,,,,
谢正义,0000006373,本科,中国矿业大学,思想政治教育、计算机科学与应用,1987.09,1992.07
谢正义,0000006373,研究生,中国矿业大学,管理科学与工程,1996.09,1999.06
谢正义,0000006373,培训,,人才经济研究班,2003.09,2003.12
辛维光,0000006384,大专,贵州大学,哲学,1977.03,1980.01
辛维光,0000006384,进修,中国人民大学,伦理学,1995.08,1997.08
辛维光,0000006384,进修,中央党校,,1999.09,2000.01
辛维光,0000006384,本科,贵州省委党校,经济管理,1995.05,1998.05
辛维光,0000006384,研究生,中央党校,马克思主义哲学,2000.09,2003.07
邢国辉,0000006389,大专,河北大学,汉语言文学,1983.08,1986.06
邢国辉,0000006389,进修,中央党校,经济管理,1993.08,1995.12
邢国辉,0000006389,研究生,天津财经大学,国民经济学,2007.09,2009.06
熊光林,0000006397,进修,中央党校,,2004.03,2004.07
熊光林,0000006397,本科,四川省委党校,,,
熊茂平,0000006399,本科,中国地质大学,探矿系,1984.09,
熊茂平,0000006399,研究生,江西财经大学,工商管理,,
熊清华,0000006401,本科,云南大学,政治系,,
熊清泉,0000006402,,国立师范学院,史地系,,
徐驰,0000006411,,同济大学,德文科及机械工程系,1932.00,
徐驰,0000006411,本科,延安抗日军政大学,,1938.00,
徐丹华,0000006415,,坪石中山大学,,1944.08,
徐丹华,0000006415,,广州中山大学,,1946.06,
徐光,0000006424,大专,鹤壁师范学校,,1979.09,1981.07
徐光,0000006424,研究生,天津大学,管理工程,1992.02,1993.12
徐广国,0000006428,大专,大庆师范专科学校,英语,1981.09,1984.07
徐广国,0000006428,研究生,省委党校,经济管理,2000.03,2003.01
徐广国,0000006428,研究生,北京大学,工商管理,2005.08,2010.07
徐郭平,0000006429,本科,华东工学院,化学工程系,1978.10,1982.09
徐郭平,0000006429,研究生,华东工学院,高分子化学,1982.09,1984.12
徐郭平,0000006429,博士,华东工学院,高分子化学,1984.12,1988.04
徐国元,0000006432,本科,中央党校,经济管理,1989.09,1992.07
徐国元,0000006432,培训,中央党校,,2002.09,2003.01
徐加爱,0000006441,本科,安徽财贸学院,商业会计,1986.09,1990.07
徐加爱,0000006441,研究生,中央党校,,,
徐建华,0000006443,本科,华南工学院,铸造工艺与设备,1978.03,1982.01
徐建华,0000006443,进修,加拿大哥伦比亚大学,,1999.12,2000.12
徐建华,0000006443,研修,美国斯坦福大学,,2005.08,
徐建华,0000006443,博士,中国科学院,人文地理学,2003.09,2008.07
徐建华,0000006443,,中央党校,,2008.03,2008.07
徐建明,0000006444,学习,苏州地区师范学校,,1975.09,1977.07
徐建明,0000006444,本科,中央党校,经济学,1992.08,1994.12
徐建明,0000006444,进修,南京大学,行政管理,1997.09,1999.07
徐建明,0000006444,EMBA,华东师范大学,,2002.00,
徐建一,0000006446,大专,吉林工业大,汽车,1972.05,1975.12
徐建一,0000006446,研究生,荷兰马斯特理赫特国际管理学院,总经理战略管理,,
徐景仁,0000006450,本科,合肥工业大学,机械制造,1966.00,
徐景仁,0000006450,研究生,经济管理研究班,,1981.00,
徐景颜,0000006451,本科,山东大学,政治经济学,1980.09,1984.07
徐景颜,0000006451,研究生,山东大学,政治经济,1987.09,1990.09
徐克勤,0000006452,本科,吉首大学,中文,1979.09,1983.06
徐克勤,0000006452,培训,中央党校,,1986.09,1989.07
徐克勤,0000006452,培训,省委党校,,1994.09,1995.01
徐克勤,0000006452,培训,省委党校,,1996.11,1997.01
徐克勤,0000006452,进修,中央党校,,2008.12,2010.04
徐力群,0000006454,大专,包头钢铁学院,工民建,1978.09,1981.08
徐力群,0000006454,大专,宁夏广播电视大学,法律,1989.07,1992.07
徐力群,0000006454,研究生,中国社会科学院,企业管理,1996.12,1998.11
徐孟加,0000006456,本科,青海大学,农学,1979.09,1983.07
徐明华,0000006457,大专,江西共大总校,牧医,1972.03,1975.06
徐明华,0000006457,培训,中央党校,,2003.03,2004.01
徐明阳,0000006458,大专,郑州工学院,工业电气自动化,1973.10,1976.10
徐明阳,0000006458,研究生,中国人民大学,政治经济学,1993.09,1996.07
徐鹏航,0000006459,大专,湖北省农业机械专科学校,,1958.09,
徐鹏航,0000006459,大专,湖北省农业机械专科学校,,1961.03,
徐萍华,0000006460,大专,广东省业余科技大学,,1981.02,1984.12
徐萍华,0000006460,研究生,中山大学,经济学,1993.09,1996.01
徐萍华,0000006460,培训,中央党校,,1997.09,1998.01
徐萍华,0000006460,研究生,中央党校,法学理论,1999.09,2002.07
徐启方,0000006461,学习,陕西商业专科学校,物价,1984.09,1986.07
徐启方,0000006461,大专,陕西财经学院,价格学,1986.09,1989.12
徐启方,0000006461,培训,陕西省委党校,,1996.09,1996.11
徐启方,0000006461,本科,中央党校,经济管理,1994.08,1996.12
徐启方,0000006461,研究生,陕西财经学院,工商管理,1999.02,2000.07
徐启方,0000006461,培训,中央党校,,2003.09,2004.01
徐启方,0000006461,研究生,中央党校,导师制研究生班经济学,2004.03,2006.01
徐启方,0000006461,培训,中央党校,,2009.02,2010.01
徐谦,0000006462,本科,厦门大学,财政金融,1979.09,
徐少华,0000006471,本科,中山大学,历史,1979.09,1983.07
徐少华,0000006471,研究生,中山大学,政治经济学,1985.09,1987.07
徐少华,0000006471,培训,省委党校,,1995.03,1995.07
徐少华,0000006471,培训,中央党校,,2004.03,2005.01
徐守盛,0000006474,学习,合肥农村经济管理干部学院,农经系农业经济,1983.10,1985.07
徐守盛,0000006474,研究生,江苏省委党校,政治经济学,1999.05,2002.10
徐松南,0000006476,学习,四川省东方汽轮机厂技工学校,,1976.05,1978.06
徐松南,0000006476,本科,东汽厂职大,,1978.09,1982.07
徐松南,0000006476,进修,北京大学,经济管理,1984.09,1986.07
徐松南,0000006476,培训,中央党校,,2000.03,2001.01
徐松南,0000006476,研究生,中央党校,中共党史,2000.03,2003.01
徐唐先,0000006477,本科,湖北财经学院,,1976.12,1978.12
徐唐先,0000006477,研究生,中南财经大学,统计,1983.09,1986.07
徐唐先,0000006477,进修,广州外语学院,,1992.02,1992.07
徐唐先,0000006477,进修,,,1992.11,1995.04
徐唐先,0000006477,博士,中南财经大学,,1995.09,1998.06
徐卫喜,0000006481,大专,新疆石油局职工大学,工业与民用建筑专业,1983.09,
徐文才,0000006483,本科,沈阳农学院,,1963.08,1967.09
徐新荣,0000006486,大专,陕西省仪祉农校,,1980.09,1983.08
徐新荣,0000006486,进修,陕西省团校,政治,1986.09,1988.07
徐新荣,0000006486,进修,中央党校,经济管理,1994.09,1996.12
徐新荣,0000006486,研究生,陕西师范大学,经济学,1997.09,1999.07
徐新荣,0000006486,研究生,中央党校,经济学,2005.09,2008.07
徐新荣,0000006486,培训,中央党校,,2006.03,2006.07
徐燕,0000006488,高中,南通市一中,,1959.00,1962.00
徐燕,0000006488,本科,天津大学,化工系,1962.00,1967.00
徐一平,0000006489,本科,南京化工学院,化学工程系,1978.05,1982.05
徐一平,0000006489,研究生,,,,
徐止平,0000006500,大专,空军第二航空学校,第二训练团无线电,1973.00,1979.00
徐止平,0000006500,培训,浙江省委党校,,1983.00,1985.00
许爱民,0000006506,本科,景德镇陶瓷学院,硅酸盐,1979.00,1988.00
许爱民,0000006506,研究生,华南理工大学,,,
许崇信,0000006511,本科,,,,
许尔锋,0000006513,本科,西北师范学院,政治教育,1981.09,1985.07
许光,0000006515,本科,华中师范大学,物理,1978.03,1982.01
许光,0000006515,研究生,华中师范大学,物理,1985.09,1988.01
许光,0000006515,,省委党校,,1996.03,1996.07
许集美,0000006520,,安海养正中学,,1938.00,1941.00
许津荣,0000006527,进修,南京化工学院,化工系,1980.09,1983.09
许津荣,0000006527,进修,东南大学,科技经济与行政管理,1995.09,1997.07
许津荣,0000006527,培训,中央党校,,1998.09,1999.07
许津荣,0000006527,研究生,中央党校,法学理论,1998.09,2001.07
许开瑞,0000006528,本科,,,,
许克振,0000006529,大专,湖北经济管理学院,行政管理,1990.09,1993.07
许克振,0000006529,学习,湖北省荆州地区农业学校,农学,1982.09,1984.12
许克振,0000006529,本科,中央党校,经济管理,1995.08,1997.12
许克振,0000006529,研究生,湖北省社会科学院,产业经济学,1998.09,2001.06
许克振,0000006529,培训,中央党校,,2011.03,2011.06
许立全,0000006533,本科,华东石油学院,勘探系地球物理测井,1978.03,1982.01
许立全,0000006533,研究生,中共山东省委党校,政治学,1994.09,1996.12
许立全,0000006533,博士,中国石油大学,油气田开发工程,1999.09,2006.01
许宁,0000006538,本科,河北大学,历史,1978.10,1982.08
许宁,0000006538,进修,河北省委党校,局级干部进修班,1990.04,1990.06
许宁,0000006538,进修,新加坡南洋理工大学,管理经济学,1999.10,2000.10
许勤,0000006540,本科,北京理工大学,光电工程系,1978.10,1982.07
许勤,0000006540,研究生,北京理工大学,光电,1984.09,1987.07
许勤,0000006540,培训,加拿大、美国高级管理培训,,1994.10,1995.10
许勤,0000006540,EMBA,北京大学,,1999.09,2001.07
许勤,0000006540,培训,中央党校国家机关分校,,2000.09,2001.01
许勤,0000006540,博士,香港理工大学,工商管理,2001.11,2004.11
许卫国,0000006550,研究生,中央党校,经济管理,,
许卫国,0000006550,培训,中央党校,,,
许文海,0000006552,本科,西安理工大学,水力学及河流动力学,1983.09,1987.06
许文海,0000006552,进修,天津大学,水利系国际工程管理,1992.08,1994.07
许文海,0000006552,培训,哈佛大学、清华大学联合举办的公共管理高级培训班,,2002.04,2002.09
许显辉,0000006554,本科,内蒙古大学,法律,1983.09,1987.07
许显辉,0000006554,培训,省委组织部“第三批领导干部出国培训班”赴美国加州培训,,2003.12,2004.06
许亚,0000006557,,苏州中学,,,
许运鸿,0000006560,,同济大学,城建系,1963.00,
许兆君,0000006563,大专,黑龙江大学,哲学,1977.03,1980.03
许兆君,0000006563,研究生,黑龙江大学,哲学,1998.04,2000.01
许兆君,0000006563,博士,,经济技术与管理,,
许正维,0000006564,本科,贵州农学院,林学,1965.08,1969.09
许正维,0000006564,培训,贵州省委党校,中青班,1982.09,1983.10
许正维,0000006564,进修,中央党校,,1994.03,1994.07
许仲林,0000006568,大专,解放军测绘学院,无线电专修班,1960.07,1962.07
许仲林,0000006568,培训,中央党校,,1982.09,1983.07
薛恒,0000006573,研究生,,,,
薛荣哲,0000006581,研究生,中科院山西分院,放射化学,1960.09,
薛荣哲,0000006581,培训,省委党校,,1963.09,
薛韬,0000006583,,北平民国学院,政治经济系,1934.00,
薛韬,0000006583,,西安民立中学,,1931.00,
薛韬,0000006583,,延安中央党校,,1941.09,
薛晓峰,0000006586,大专,山西师范学院,英语,1978.10,1981.12
薛晓峰,0000006586,本科,北京外国语学院,英语,1984.09,1986.07
薛晓峰,0000006586,研究生,武汉大学,新闻专,1989.09,1992.07
薛晓峰,0000006586,培训,中央党校,政治理论培训班,1995.03,1995.07
薛晓峰,0000006586,培训,中宣部全国省市区宣传部长培训班,,2004.08,
荀凤栖,0000006593,研究生,,,,
焉荣竹,0000006594,进修,山东省委党校,,1983.09,1986.07
焉荣竹,0000006594,本科,山东农机化学院,投资经济,1990.09,1994.07
焉荣竹,0000006594,培训,中共中央党校,中青班,2001.03,2002.01
焉荣竹,0000006594,研究生,中央党校,经济管理,2001.03,2004.01
闫汾新,0000006599,进修,中国矿冶大学,经济法律,1990.09,1991.08
闫汾新,0000006599,本科,中央党校,管理专业,1998.08,2000.12
严金海,0000006611,本科,青海民族学院,汉语言文学,1978.11,1982.07
严克伦,0000006613,,西安师范,,1932.00,
严志辉,0000006618,本科,湖南农业大学,农业经济管理,1987.09,1991.07
严志辉,0000006618,博士,中南大学,管理科学与工程,2003.09,2008.12
阎立,0000006626,本科,中国科学技术大学,无线电电子学系信息与系统,1979.09,1984.07
阎立,0000006626,研修,中国科学院,江苏省第八期城市规划专题,2006.11,2006.12
阎立,0000006626,培训,中央党校,,2007.03,2008.01
阎立,0000006626,博士,南京理工大学,管理科学与工程,2008.07,
阎沁生,0000006629,,清华大学,无线电,1972.00,
颜永盛,0000006638,本科,湖南农学院,农学,1961.09,1965.09
颜永盛,0000006638,培训,中央党校,,1986.09,1987.07
晏永和,0000006641,学习,邛崃师范学校,,1973.07,1975.07
晏永和,0000006641,大专,中共四川省委党校,政治,1983.09,1985.06
晏永和,0000006641,本科,四川师范大学,物理系,1979.09,1985.07
晏友琼,0000006642,大专,,,,
阳宝华,0000006647,高中,衡阳市衡东一中,,1966.09,1968.07
阳宝华,0000006647,培训,湖南省委党中青班,,1980.09,1982.07
阳宝华,0000006647,培训,中央党校中青班,,1983.09,1985.08
杨斌,0000006658,,北京建筑工程学院,给排水,,
杨斌,0000006658,博士,中国人民大学,产业经济,,
杨斌庆,0000006659,,华中师范大学,,,1965.00
杨才寿,0000006664,学习,广西壮族自治区党委党校,,1977.09,1978.01
杨才寿,0000006664,培训,中央团校,,1980.08,1980.12
杨才寿,0000006664,进修,中国青年政治学院,,1983.08,1985.06
杨才寿,0000006664,进修,中央党校,,1988.08,1989.01
杨才寿,0000006664,培训,广西壮族自治区党委党校,,1991.10,1991.12
杨才寿,0000006664,研究生,广西师范大学,马克思主义哲学,1993.09,1995.06
杨崇勇,0000006673,本科,云南大学,汉语言文学,1980.08,1984.07
杨福生,0000006696,本科,昆明工学院,采矿,1978.10,1982.08
杨福生,0000006696,研究生,昆明理工大学,企业管理,1997.12,1999.08
杨刚,0000006700,本科,新疆大学,政治理论,1978.09,1982.08
杨刚,0000006700,研究生,中央党校,政治理论,1986.09,1989.07
杨刚,0000006700,培训,中央党校一年制中青年干部培训班,,1996.09,1997.07
杨根生,0000006702,大专,,,,
杨冠军,0000006703,本科,中南工业大学,材料科学与工程,1980.09,1984.08
杨冠军,0000006703,博士,东北大学,材料科学与工程,1990.09,1995.09 
杨海清,0000006717,,西南大学,,1963.09,1967.09
杨海清,0000006717,培训,中央党校,,1984.09,1986.07
杨浩东,0000006720,本科,云南大学,汉语言文学,1982.09,1986.07
杨浩东,0000006720,研究生,云南大学,马克思主义理论与思想政治教育,2001.09,2004.07
杨浩东,0000006720,培训,贵州省委党校中青班,,2004.10,2004.12
杨红卫,0000006724,本科,,,,
杨洪波,0000006732,本科,同济大学,城市规划,1978.10,1982.07
杨洪波,0000006733,进修,英国威尔士大学,城市规划,1990.08,1992.02
杨洪波,0000006733,培训,国家行政学院第10期厅级班,,1998.10,1999.01
杨洪波,0000006733,培训,中央党校第29期中青班学习,,2010.09,2011.01
杨华维,0000006738,研究生,中央党校,,1983.09,
杨慧,0000006740,本科,河北工学院,工业管理工程,1982.09,1986.09
杨慧,0000006740,研究生,河北工学院,工业管理工程,1986.09,1989.03
杨慧,0000006740,博士,天津大学,管理科学与工程,2000.09,2003.03
杨慧,0000006740,培训,中央党校中青年培训班,,2005.09,2006.01
杨基常,0000006741,本科,广西大学,机械系,,
杨晶,0000006755,学习,内蒙古大学,汉语言文学,1980.00,1982.00
杨晶,0000006755,培训,内蒙古自治区委党校,经济管理,1985.09,1986.01
杨晶,0000006755,培训,内蒙古自治区委党校党建班,,1988.08,1989.01
杨晶,0000006755,培训,中央党校一年制中青年干部培训班,,1990.09,1991.07
杨晶,0000006755,研究生,中国社会科学院,工业经济管理,1995.00,1998.00
杨晶,0000006755,研究生,中央党校,政治,2002.00,2005.00
杨敬农,0000006757,本科,复旦大学,管理科学,1982.09,1986.07
杨敬农,0000006757,培训,安徽省委党校县处级干部进修班,,1999.03,1999.05
杨敬农,0000006757,培训,澳大利亚TAFE学院,识经济和科技管理,2001.03,2001.06
杨敬农,0000006757,研究生,中国科学技术大学,管理科学与工程,1997.09,2001.07
杨军,0000006760,培训,青岛市财政局财政干部培训班,,1976.11,1977.03
杨鲁豫,0000006776,本科,哈尔滨建筑工程学院,工业与民用建筑,1978.03,1982.01
杨鲁豫,0000006776,研究生,哈尔滨建筑工程学院,建筑经济与管理,1985.08,1987.07
杨鲁豫,0000006776,博士,哈尔滨工业大学,环境科学与技术,1998.06,2002.06
杨宁,0000006784,本科,云南师范大学,汉语言文学,1980.09,1984.07
杨宁,0000006784,培训,云南省委组织部,,1984.07,1984.10
杨宁,0000006784,研究生,中央党校,世界经济专业,2007.03,2009.01
杨尚昆,0000006802,学习,上海大学,,,
杨尚昆,0000006802,学习,莫斯科中山大学,,1926.11,
杨省世,0000006804,本科,西安公路交通大学,财务会计专业,1983.09,
杨省世,0000006804,培训,中央党校,,2005.03,2005.07
杨省世,0000006804,培训,美国杜克大学,,2006.06,2006.09
杨省世,0000006804,博士,长安大学,交通规划与管理,2006.03,2009.06
杨省世,0000006804,培训,比利时安特卫普大学,港口管理,1996.10,1997.07
杨盛道,0000006809,本科,河南大学,历史,1978.03,1982.01
杨盛道,0000006809,培训,中央党校,,2000.02,2000.07
杨盛道,0000006809,研究生,中央党校,哲学,2001.01,
杨树平,0000006817,本科,河南大学,中文,1978.03,1982.01
杨松,0000006820,培训,中央党校,,1988.09,1989.01
杨松,0000006820,培训,中央党校,,2012.09,2012.10
杨松柏,0000006821,本科,四川畜牧兽医学院,兽医,1980.09,1984.09
杨松柏,0000006821,研究生,解放军兽医大学,兽医学,1984.09,1987.07
杨松柏,0000006821,研究生,西南财经大学,工商管理,1997.09,2000.06
杨维杰,0000006828,培训,福建省委党校,,1956.07,1967.00
杨维俊,0000006829,,甘肃省委党校,行政管理,1985.09,1987.08
杨维俊,0000006829,本科,中央党校,经济管理,1995.09,1997.08
杨维俊,0000006829,研究生,西南农业大学,经济管理,1999.09,2001.07
杨维俊,0000006829,培训,中央党校,,2001.09,2002.01
杨维俊,0000006829,研究生,甘肃省委党校,公共管理,2008.09,2011.06
杨卫泽,0000006832,大专,南京航务工程专科学校,水工建筑专业,1978.12,1981.08
杨卫泽,0000006832,培训,哈佛大学,,2004.06,2004.09
杨喜军,0000006840,,哈尔滨师范大学,历史,,
杨宪萍,0000006842,本科,江西大学,哲学,1978.03,1982.01
杨宪萍,0000006842,研究生,中央党校,,1986.09,1989.07
杨晓堂,0000006850,本科,扬州师范学院中文系,,1961.00,1965.00
杨心培,0000006851,,北京大学,,1932.00,
杨新华,0000006852,本科,沈阳农学院,,1963.08,1967.08
杨新华,0000006852,培训,中央党校,,1991.09,1992.01
杨信,0000006854,大专,黑龙江省电大,,1982.05,1985.07
杨信,0000006854,函授,中央党校,经管,1993.07,1995.12
杨绪松,0000006863,本科,武汉师范学院,中文,1979.09,1983.07
杨绪松,0000006863,博士,西安交通大学,管理科学与工程,1999.03,2005.05
杨宜新,0000006870,研究生,安徽省委党校,经济管理,2005.09,2008.08
杨易辰,0000006873,本科,天津法商学院转入中国大学,,,1935.00
杨易辰,0000006873,,延安马列学院,,1938.00,
杨益民,0000006874,本科,福建省委党校,,,
杨毅,0000006875,,延安中央党校,,1937.07,1938.01
杨应楠,0000006880,大专,重庆建筑工程学院,土木建工,1977.02,1980.02
杨应楠,0000006880,,云南省委党校,党政专业,1983.09,1985.08
杨应楠,0000006880,,中央党校,,2000.03,2001.01
杨应楠,0000006880,研究生,中央党校,法学理论,2000.03,2003.01
杨永茂,0000006882,大专,哈尔滨师范大学,中文,1981.05,1984.05
杨永茂,0000006882,研究生,哈尔滨工业大学,管理工程,1989.03,1991.01
杨永茂,0000006882,培训,中央党校,,1996.09,1997.07
杨永英,0000006886,专科,贵州省黔南民族行政管理学校,行政管理,1983.12,1985.11
杨永英,0000006886,专科,贵州民族学院,行政管理,1990.09,1992.07
杨永英,0000006886,研究生,贵州省委党校,法律,1997.09,2000.07
杨永英,0000006886,研究生,中国社会科学院,国民经济,2000.12,2002.12
杨咏中,0000006888,本科,河北省地质学院,,1978.10,1982.09
杨长亚,0000006906,培训,商洛地委党校,,1988.09,1990.07
杨长亚,0000006906,函授,中央党校,党政管理,1995.08,1997.12
杨照辉,0000006907,研究生,,,,
杨正午,0000006912,大专,,,,
杨志文,0000006917,本科,重庆大学,电机系电机与电器专业,1965.08,1970.08
杨智,0000006918,本科,西南农业大学,园艺,1981.09,1985.07
杨智,0000006918,培训,全国城建干部培训班,,1993.03,1993.06
杨智,0000006918,培训,宜昌市委党校培训班,,1994.11,1995.01
杨智,0000006918,研究生,华中科技大学,工业工程,1997.09,2001.06
杨智,0000006918,,美国俄亥和大学,,1999.09,2000.06
杨智,0000006918,博士,华中科技大学,控制科学与工程理论,2001.09,2010.03
杨子兴,0000006925,本科,西北师范学院,汉语言文学,1978.09,1982.07
杨子兴,0000006925,研究生,兰州大学,国际经济法,1997.09,1999.07
杨子兴,0000006925,研究生,北京大学,公共管理,2007.02,2008.07
杨自力,0000006926,本科,西南师范学院,地理,1980.09,1984.07
杨自力,0000006926,研究生,河南大学,自然地理,1988.09,1991.07
杨自力,0000006926,培训,清华大学,公共管理,2009.09,2009.10
杨自力,0000006926,研究生,四川省委党校,经济学,2001.09,2004.06
杨自力,0000006926,进修,省委党校,,2005.09,2005.11
杨自力,0000006926,进修,中央党校,,2007.09,2008.01
杨自力,0000006926,研修,浦东干部学院,,2011.04,
姚进贤,0000006931,学习,延安中央党校,,1940.00,
姚晓东,0000006941,本科,复旦大学,新闻,1978.10,1982.07
姚晓东,0000006941,培训,省委党校,,1996.03,1996.06
姚晓东,0000006941,研究生,南京大学,,1996.09,1998.07
姚晓东,0000006941,研修,南京大学、美国宾西法尼亚大学研修班,,1998.09,1998.12
姚晓东,0000006941,博士,南京农业大学,土地资源管理,,2008.12
姚晓东,0000006941,培训,外交学院、美国哈佛大学,,2009.10,2010.05
姚亚平,0000006946,本科,江西大学,中文,1978.03,1982.01
姚亚平,0000006946,研究生,江西大学,中文,1985.09,1988.07
姚亚平,0000006946,博士,中国人民大学,政治学,1996.09,2000.01
姚亚平,0000006946,研究生,中央党校,经济学,1998.09,2001.07
姚亚平,0000006946,博士后,复旦大学,中文,2000.03,2003.03
姚引良,0000006948,本科,西安交通大学,金属材料热处理,1978.02,1982.01
姚引良,0000006948,研究生,西安交通大学,金属材料及热处理,1985.09,1988.05
姚玉舟,0000006949,大专,淮南师范专科学校,数学,1980.08,1982.07
姚玉舟,0000006949,函授,中央党校,经济管理,1993.08,1995.12
姚玉舟,0000006949,研究生,中国社科院,企业管理,1996.12,1998.11
姚玉舟,0000006949,学习,中央党校,,2000.03,2001.01
姚玉舟,0000006949,研究生,中央党校,法学理论,2000.03,2002.12
姚玉舟,0000006949,博士,中国地质大学,资源产业经济,2005.09,2009.01
姚志平,0000006952,本科,沈阳农学院,土壤农化,1978.03,1982.02
姚志平,0000006952,培训,辽宁省委党校,,1982.02,1982.05
姚志平,0000006952,进修,中央党校,,1991.09,1992.01
姚志平,0000006952,培训,中央党校,,1996.06,1997.07
姚志平,0000006952,研究生,沈阳农业大学,农业经济,1994.08,1997.12
姚志平,0000006952,培训,中央党校,,2010.09,2011.01
叶继革,0000006960,本科,江西冶金学院,轧钢,,
叶家松,0000006961,研究生,中央党校,,,
叶剑英,0000006963,,苏联共产主义劳动大学,,1928.00,1930.00
叶贤林,0000006979,学习,黄石财经学校,工业会计,1980.10,1982.09
叶贤林,0000006979,大专,中南财经大学,工业会计,1984.09,1987.07
叶贤林,0000006979,本科,武汉理工大学,工商管理,1998.09,2001.07
叶贤林,0000006979,学习,湖北省行政学院,,1999.08,1999.11
叶选平,0000006981,,延安自然科学院,机械系,1941.00,1945.00
叶选平,0000006981,学习,哈尔滨工业大学,,1949.00,1950.00
叶壮,0000006988,本科,复旦大学,放射化学,1978.02,1982.01
叶壮,0000006988,学习,四川省委第二党校,,1991.03,1991.10
叶壮,0000006988,学习,四川省党校,,1995.03,1995.04
叶壮,0000006988,研究生,四川大学,政治经济学,1997.09,1999.05
叶壮,0000006988,培训,美国辛辛那提大学,,2001.05,2001.08
夜礼斌,0000006990,大专,云南省委党校,,1983.00,1985.00
易佳良,0000006993,研究生,中央党校,,,
易炼红,0000006995,本科,湖南师范学院,政治经济学,1979.09,1982.07
易炼红,0000006995,研究生,陕西师范大学,政治经济学,1992.01,1994.09
易鹏飞,0000006996,本科,湖南财经学院,贸易经济,1979.09,1983.07
易耀彩,0000006998,本科,抗日军政大学,,1937.01,
易耀彩,0000006998,本科,苏联伏罗希洛夫海军学院,,1953.09,1958.00
益西达瓦,0000006999,本科,西南民族学院,物理,1982.09,1986.07
益西达瓦,0000006999,学习,清华大学,经济管理,2000.10,2000.12
益西达瓦,0000006999,学习,四川省委党校,,2001.03,2001.07
益西达瓦,0000006999,培训,德国鲁尔公司环境保护培训班,,2001.08,2001.09
益西达瓦,0000006999,研究生,四川省委党校,区域经济管理,2003.09,2006.09
益西达瓦,0000006999,学习,四川省委党校,,2004.03,2004.07
益西达瓦,0000006999,学习,中央党校,,2006.12,
益西达瓦,0000006999,学习,国家行政干部管理学院,,2007.03,2007.05
益西达瓦,0000006999,学习,美国乔治城大学,,2011.07,2011.08
殷国光,0000007001,本科,南京工学院,工业企业电气化及自动化,1965.00,1970.00
殷美根,0000007003,本科,江西工业大学,电力系统及其自动化,1981.09,1985.07
殷美根,0000007003,学习,江西省委党校,,1995.09,1996.01
殷美根,0000007003,研究生,江西省委党校,党建专业,1997.09,1999.12
殷美根,0000007003,研究生,中南财经大学,工商管理,2002.09,2004.12
殷美根,0000007003,学习,中央党校,,2005.09,2006.01
尹忠显,0000007021,培训,山东省委党校,,1964.08,
尹忠显,0000007021,培训,中央党校,,1983.09,1985.08
应代明,0000007022,学习,湖北省委党校,,1983.09,1985.04
应代明,0000007022,学习,中央党校,,1993.03,1994.07
应代明,0000007022,研究生,中央党校,哲学,1993.06,1995.01
游宪生,0000007027,本科,成都理工学院,,1977.00,
游宪生,0000007027,研究生,南开大学,,,
游宪生,0000007027,博士,复旦大学,经济学,,
游宪生,0000007027,博士后,复旦大学,工商管理,,
于广洲,0000007034,本科,南京工学院,无线电专用设备,1972.02,1975.08
于广洲,0000007034,研究生,中共中央党校,经济管理专业,1994.09,1997.01
于广洲,0000007034,培训,中共中央党校,,1996.09,1997.07
于辉达,0000007037,进修,浙江省委党校,,1984.03,1986.08
于建成,0000007039,本科,山东农学院,,1981.07,1983.06
于群,0000007048,研究生,东北师范大学,政治经济学,1989.09,1991.07
于群,0000007048,进修,中央党校,,2007.09,2008.01
于莎燕,0000007049,本科,大连外国语学院,日语,1977.07,1980.09
于伟国,0000007051,本科,中国人民大学,中国文学,1979.09,1983.07
于希信,0000007052,本科,山东大学,经济,1980.09,1982.07
于言良,0000007053,本科,锦州工学院,自动化,1982.09,1986.07
于言良,0000007053,研究生,北京科技大学,思想政治教育,1989.09,1992.03
于言良,0000007053,博士,辽宁工程技术大学,管理科学与工程,2003.09,2006.04
于一川,0000007054,学习,济南第一师范学校,,1933.04,
于一川,0000007054,本科,北平师范大学国文系,,1936.00,
于一川,0000007054,学习,延安中央党校,,1943.00,
于勇,0000007056,本科,安徽工学院,工业自动化,1979.08,"1983,08"
于勇,0000007056,研究生,中国科学技术大学,行政管理,2007.09,2010.12
于勇,0000007056,进修,中央党校,,2011.11,2011.12
于幼军,0000007057,本科,华东师范大学,政治教育,1980.09,1985.07
于幼军,0000007057,研究生,中山大学,马克思主义哲学,1993.03,1995.08
于幼军,0000007057,博士,中山大学,马克思主义哲学,1996.09,1999.06
余斌,0000007061,本科,兰州大学,,1974.09,1977.09
余斌,0000007061,进修,中央党校,,1998.03,1998.07
余斌,0000007061,研究生,四川大学,国民经济,1998.09,2000.07
余欣荣,0000007077,本科,江西大学,马列主义基础理论,1979.09,1983.08
余欣荣,0000007077,博士,南京农业大学,土地资源管理,1997.09,2000.07
余学友,0000007080,专科,河南省百泉农专,果树,1978.09,1981.07
余远辉,0000007083,本科,广西农学院,农学,1982.00,1986.00
余远辉,0000007083,本科,大连理工大学,思想政治教育,1989.00,1991.00
余远辉,0000007083,培训,广西壮族自治区区委党校,,1993.00,1994.00
余远辉,0000007083,进修,广西壮族自治区区委党校,,2000.00,
余远辉,0000007083,培训,广西大学,,2001.00,
余远辉,0000007083,研究生,中央民族大学,少数民族经济研究,2000.00,2003.00
余远辉,0000007083,培训,外交学院,,2003.00,2004.00
余远辉,0000007083,培训,清华大学、美国哈佛大学,,2004.00,
余远辉,0000007083,博士,武汉大学,经济思想史专业,2008.00,2011.00
余远辉,0000007083,学习,国防大学,,2011.00,
俞兴德,0000007089,大专,苏州农业学校,,1956.09,1959.08
俞正声,0000007090,本科,哈尔滨军事工程学院,弹道式导弹自动控制,1963.00,1968.00
俞志宏,0000007091,本科,浙江大学,电力系统及自动化,1981.09,1985.07
俞志宏,0000007091,研究生,浙江大学,企业管理专业,1997.09,1999.07
俞志宏,0000007091,学习,浙江省第三期领导干部经济管理研究班,,2001.04,2001.10
虞爱华,0000007092,本科,安徽大学,哲学,1985.09,1989.07
虞爱华,0000007092,研究生,安徽省委党校,政治,2000.09,2003.07
虞爱华,0000007092,进修,安徽省委党校,,2004.03,2004.05
虞爱华,0000007092,学习,中央党校,,2007.03,2008.01
贠建民,0000007100,本科,甘肃农业大学,畜牧专业,1979.09,1983.07
贠建民,0000007100,学习,甘肃农业大学、甘肃草原生态研究所,草原生态,1985.07,1988.07
贠建民,0000007100,学习,甘肃省委党校,,2002.03,2005.05
贠建民,0000007100,,美国杜克大学,公共政策管理,2006.07,2006.12
袁宝成,0000007101,本科,西南政法大学,法律,1982.09,1986.09
袁宝成,0000007101,研究生,西南政法大学,民事诉讼法,1986.09,1988.07
袁宝成,0000007101,学习,国家行政学院,,2003.03,2003.06
袁本朴,0000007104,本科,中国人民大学,农业经济管理,1979.10,1983.08
袁纯清,0000007107,本科,北京大学,法律,1977.02,1980.01
袁纯清,0000007107,研究生,中国政法大学,政治学,1987.09,1990.07
袁纯清,0000007107,进修,中央党校,,1994.03,1994.05
袁纯清,0000007107,博士,湖南大学,管理科学与工程,1994.09,1997.07
袁纯清,0000007107,博士后,北京大学,理论经济学,1999.04,2001.05
袁凤兰,0000007111,本科,西安冶金建筑学院,给水排水,1962.09,1967.09
袁凤兰,0000007111,进修,中央党校,,1995.09,1995.11
袁改,0000007113,本科,陕北公学,,1983.00,
袁任远,0000007127,,湖南法政专门学校,,1918.00,
袁荣祥,0000007128,大专,浙江省金华农业学校,,1978.03,1981.01
袁荣祥,0000007128,学习,浙江省职工政治大学,政治,1984.09,1988.06
袁荣祥,0000007128,学习,浙江省财经学院,财会,1989.01,1991.01
袁荣祥,0000007128,学习,浙江大学,行政管理,1996.09,1999.07
袁荣祥,0000007128,研究生,中央党校,世界经济,1998.09,2001.07
袁占亭,0000007135,本科,西安交通大学,工业自动化,1979.09,1983.07
袁占亭,0000007135,研究生,西安交通大学,自动控制理论及其应用,1986.09,1989.07
袁占亭,0000007135,学习,中央党校,,2004.03,2005.01
岳普煜,0000007143,,太原重型机械学院,,1982.00,
岳普煜,0000007143,研修,德国CDG培训中心,,1991.11,1993.02
岳文海,0000007148,大专,唐河师范学校,,1981.09,1983.07
岳文海,0000007148,本科,河南农业大学,农业经济管理,1984.08,1986.07
岳文海,0000007148,研究生,中国人民大学,政治经济,1993.02,1996.07
岳勇,0000007150,本科,吉林大学,化学,1978.02,1982.01
岳勇,0000007150,研究生,吉林大学,化学,1982.01,1985.01
岳勇,0000007150,博士,吉林大学,化学,1987.09,1990.11
岳勇,0000007150,博士后,中科院武汉物理所,,1991.06,1993.06
岳勇,0000007150,访问学者,英国剑桥大学,,1995.06,1996.03
岳跃生,0000007151,本科,云南大学,中文,1978.03,1982.02
云光中,0000007153,函授,中国政法大学,法律,1989.09,1992.07
云光中,0000007153,进修,内蒙古农业大学,农业经济,1998.03,2001.01
云光中,0000007153,研究生,内蒙古党校,经济管理,2002.08,2004.12
云光中,0000007153,研究生,清华大学与澳大利亚国立大学联合举办,管理学,2005.12,2007.12
云光中,0000007153,学习,中央党校,,2010.03,2010.07
臧秋华,0000007157,本科,东北工学院,炼铁,1978.10,1982.08
臧胜业,0000007158,学习,吉林工业大学,企业管理,1983.08,1985.01
臧胜业,0000007158,函授,中央党校,党政,1990.08,1999.12
臧胜业,0000007158,研究生,吉林大学,哲学,1993.09,1996.12
臧胜业,0000007158,培训,中央党校,,1995.09,1996.07
臧世凯,0000007159,本科,安徽师范大学,汉语言文学,1974.10,1977.09
臧世凯,0000007159,培训,中国市长培训班,,1996.03,1996.06
臧世凯,0000007159,学习,安徽省委党校,,1985.09,1985.12
臧世凯,0000007159,培训,中央党校,,2004.03,2004.07
翟占一,0000007169,学习,省委党校,经济管理,1993.08,1995.12
翟占一,0000007169,,西南师范大学,政治理论,1987.09,1989.07
翟占一,0000007169,进修,四川大学,现代经济管理,1998.09,2000.07
翟占一,0000007169,研究生,四川省委党校,现代管理,2000.09,2003.01
詹夏来,0000007175,本科,安徽大学,汉语言文学,1978.10,1982.08
张安顺,0000007183,本科,吉林工业大学,焊接,1984.08,1988.07
张安顺,0000007183,培训,中央党校,,2008.03,2008.07
张保庆,0000007190,大专,汉中大学,物理,,
张保庆,0000007190,学习,中央党校,,"1995,09",1996.00
张兵,0000007201,本科,杭州大学,工业心理学,1983.09,1987.08
张兵,0000007201,研究生,杭州大学,工业心理学,1987.09,1990.07
张兵,0000007201,学习,中共浙江省委党校,,2000.09,2001.01
张兵,0000007201,进修,浙江省委党校,,2003.09,2003.11
张兵,0000007201,博士,浙江大学,管理科学与工程,1999.02,2005.03
张兵生,0000007203,本科,山西大学,政治经济学,1978.03,1982.01
张博,0000007207,本科,新疆八一农学院,农经,1978.11,1982.07
张博,0000007207,研究生,中央党校,经济管理,1999.09,2002.07
张博,0000007207,学习,中央党校,,2002.03,2002.07
张昌尔,0000007211,本科,华中工学院,电机制造,1978.02,1982.01
张昌尔,0000007211,学习,华中科技大学,管理科学与工程,1996.03,2000.06
张昌尔,0000007211,培训,中央党校,,2000.03,2001.01
张昌平,0000007212,本科,武汉钢铁学院,,1970.04,"1973,09"
张昌平,0000007212,培训,湖南省委党校,,1978.02,1979.01
张昌平,0000007212,学习,湖南省经济管理学院,企业,1980.09,1983.07
张昌平,0000007212,学习,北京外国语学院,日语,1988.09,1989.11
张昌平,0000007212,研修,日本东京大学,,1989.11,1990.11
张昌平,0000007212,研究生,湖南大学,工业外贸,1993.07,1996.01
张昌平,0000007212,培训,中央党校,,1997.09,1998.07
张常荣,0000007213,本科,黑龙江商学院,商业经济,1981.09,1985.07
张常荣,0000007213,学习,黑龙江省委党校,,1999.03,1999.09
张常荣,0000007213,研究生,黑龙江大学,经济学,2006.09,2009.06
张超,0000007217,本科,党校大学,,,
张成明,0000007224,本科,四川省委党校,经济管理,1992.07,1995.12
张成明,0000007224,研究生,四川省委党校,经济学,1999.09,2002.01
张成起,0000007226,研究生,天津财经学院,外贸经济,,
张成义,0000007227,本科,吉林大学,化学,1963.00,1968.00
张成寅,0000007228,研究生,中央党校,,,
张弛,0000007230,研究生,中央党校,,,
张传林,0000007233,学习,临沂地委党校,,1975.04,1975.11
张传林,0000007233,培训,山东省委党校,,1981.02,1982.01
张传林,0000007233,进修,山东大学,,1984.09,1986.06
张传林,0000007233,培训,中央党校,,1994.09,1995.07
张传林,0000007233,研究生,中央党校,,1994.09,1997.01
张传庆,0000007234,学习,中央党校,,1995.00,1996.00
张传庆,0000007234,研究生,中央党校,,1996.00,1998.00
张传庆,0000007234,,北京大学,无线电电子,,
张道恒,0000007245,本科,,,,
张德江,0000007249,本科,延边大学,朝鲜语专业,1972.00,1975.00
张德江,0000007249,留学,朝鲜金日成综合大学,经济,1978.00,1980.00
张德邻,0000007250,本科,清华大学,焊接工艺及设备,,
张恩亮,0000007264,大专,黑龙江省粮食学习,财会,1988.09,1990.08
张恩亮,0000007264,本科,东北林业大学,会计学,1995.08,1998.07
张恩亮,0000007264,研究生,中央党校,经济管理,2002.07,2005.07
张恩亮,0000007264,大专,黑龙江商学院,财会,1992.09,1995.06
张恩祥,0000007265,,东北师范大学,,,1967.00
张发强,0000007268,本科,四川省委党校,法律,,
张高丽,0000007281,本科,厦门大学,计划统计,1965.00,1970.00
张高丽,0000007281,进修,中央党校,,1990.04,1990.07
张古江,0000007290,研究生,河北省委党校,,,
张光峰,0000007292,大专,山东省青年管理干部学院,行政管理,1990.09,1992.06
张光峰,0000007292,本科,山东经济学院,国际贸易,1993.09,1996.07
张光峰,0000007292,培训,中央党校,,2001.01,2002.01
张光峰,0000007292,研究生,中央党校,经济管理,2001.03,2004.01
张广宁,0000007298,学习,广州业余大学,中文,1977.09,1980.07
张广宁,0000007298,学习,广州钢铁厂职工大学,企业管理工程,1981.00,1984.00
张广宁,0000007298,研究生,中山大学,技术哲学,1993.03,1995.12
张广宁,0000007298,培训,广东省委党校,,1995.03,1995.07
张广宁,0000007298,研究生,中央党校,法学理论,2003.03,2005.01
张广宁,0000007298,进修,中央党校,,2004.03,2004.05
张广智,0000007299,本科,山东大学,半导体,1979.09,1983.07
张广智,0000007299,学习,中央党校,,1989.02,1989.07
张广智,0000007299,函授,中央党校,政治经济学,1991.03,2003.06
张国栋,0000007307,大专,蓟县师范学校,政文,1973.09,1975.09
张国栋,0000007307,函授,河北大学,中文,1983.09,1986.07
张国栋,0000007307,学习,河北省委党校,,1988.03,1988.06
张国栋,0000007307,学习,中国社会科学院,政治经济学,1999.09,2001.10
张国光,0000007310,本科,北京航空学院,高空设备,1963.09,1968.09
张国华,0000007314,大专,,汉语言文学,1977.09,1981.06
张国华,0000007314,研究生,内蒙古党校,研究生班政治经济,2000.09,2003.07
张国华,0000007315,大专,苏州师范专科学校,生物,1983.09,1985.09
张国华,0000007315,研究生,苏州大学,国际经济法,1995.09,1998.05
张国华,0000007315,培训,江苏省高级管理人才公共管理研究班,,2004.07,2004.09
张国晖,0000007319,学习,信阳县师资培训学校,,1974.09,1978.09
张国晖,0000007319,大专,心眼师范学校,数学,1978.09,1981.07
张国梁,0000007321,学习,新疆维吾尔自治区昌吉教育学院,政治理论专业,1985.09,1987.07
张国梁,0000007321,学习,中央党校函授学院,经济管理专业,1997.08,1999.12
张国梁,0000007321,进修,中央党校进修一班,,2006.09,2007.01
张国伟,0000007331,大专,河南师范专科学校,数学,1979.09,1982.08
张国伟,0000007331,学习,河南省委党校,,1993.02,1993.07
张国伟,0000007331,学习,河南省委党校,,1995.09,1995.12
张国伟,0000007331,研究生,河南省委党校,行政管理,1995.07,1999.02
张国伟,0000007331,,河南省委党校,,1999.03,1999.07
张海如,0000007342,学习,南昌步校,,1964.03,1968.04
张海如,0000007342,大专,中央党校,党政,1988.08,1991.06
张行湘,0000007352,本科,北京大学,政治经济学,1965.09,1970.03
张行湘,0000007352,学习,中央党校,,1985.09,1986.01
张和,0000007357,本科,河北师范大学,数学,1973.08,1976.08 
张轰,0000007360,本科,北京石油学院,矿场机械,1958.09,1963.07
张红彦,0000007361,研究生,中国社会科学院,企业管理专业,,1998.03
张鸿铭,0000007369,学习,浙江化工学院,分析,1975.09,1978.08
张鸿铭,0000007369,研究生,中国矿院,,1980.04,1981.07
张鸿铭,0000007369,研究生,中央党校,经济管理,1996.09,1999.07
张鸿铭,0000007369,培训,中央党校,,1996.09,1997.07
张鸿星,0000007370,学习,江西婺源茶业学习,,1982.09,1985.08
张鸿星,0000007370,大专,江西大学,汉语言文学,1987.09,1989.01
张鸿星,0000007370,本科,中央党校,经济管理,1998.08,2000.12
张鸿星,0000007370,学习,南京大学,城市规划与土地管理,2003.11,2005.05
张鸿星,0000007370,研修,香港公开大学、中国社科院联办高级工商管理研修班,,2006.04,2008.08
张鸿星,0000007370,研究生,江西财经大学,高级工商管理,2009.09,2011.12
张焕秋,0000007380,本科,中央党校,,,
张惠,0000007385,本科,青岛海洋大学,海洋生物,1985.09,1989.07
张惠,0000007385,研究生,青岛海洋大学,海洋生物专业,1997.09,2001.06
张惠,0000007385,培训,美国马里兰大学,,2004.07,2005.01
张惠新,0000007388,本科,同济大学,路桥系,1962.09,1968.12
张吉福,0000007392,,天津市咸水沽第一中学,,1980.09,1982.09
张吉福,0000007392,本科,北京农业大学,蔬菜,1982.09,1986.07
张吉福,0000007392,研究生,北京农业大学,农产品储藏加工,1986.09,1988.09
张吉福,0000007392,博士,中国农业大学,食品工程与科学,1997.09,2000.07
张吉福,0000007392,培训,中青年干部培训班,,2001.09,2001.12
张吉勇,0000007395,本科,贵州财经学院,贸易经济,1978.11,1982.08
张吉勇,0000007395,研修,清华大学,现代公共管理,1999.09,2000.01
张吉勇,0000007395,学习,中央党校,,2007.09,2008.01
张家盟,0000007403,本科,浙江大学,机械,1974.09,1977.07
张家盟,0000007403,进修,浙江大学,管理,1984.09,1985.08
张建国,0000007410,大专,山东大学,工业经济管理,1980.09,1982.08
张建国,0000007410,培训,山东省委党校,,1990.09,1991.07
张建国,0000007410,培训,中央党校,,2000.03,2001.01
张建国,0000007410,研究生,中央党校,经济管理,2000.03,2003.01
张建华,0000007416,本科,山东省委党校,经济管理,1995.09,1997.12
张建华,0000007416,研究生,中央党校,,2001.03,2004.01
张建欣,0000007423,本科,太原重型机械学院,应用力学,1978.03,1982.03
张建欣,0000007423,研究生,吉林大学,国民经济计划和管理,1989.09,1992.06
张建欣,0000007423,进修,中央党校,,2000.03,2000.07
张剑飞,0000007428,本科,同济大学,道路工程,1979.09,1983.08
张剑飞,0000007428,博士,美国加利福尼亚大学伯克利分校,运输工程,1987.07,1991.05
张剑飞,0000007428,进修,中央党校,,2006.09,2007.01
张江汀,0000007436,本科,山东省莱阳农学院,果树,1979.09,1983.07
张江汀,0000007436,研究生,山东省委党校,,1988.08,1990.08
张江汀,0000007436,培训,潍坊市委党校,,1993.09,1994.01
张江汀,0000007436,培训,山东省委党校,,1998.09,1999.07
张江汀,0000007436,培训,中央党校,,2002.02,2002.05
张杰辉,0000007441,大专,沈阳化工学院,高分子化工,1978.04,1982.02
张杰辉,0000007441,本科,东北大学,管理工程,1993.10,1997.03
张杰辉,0000007441,学习,东北大学,科技哲学,1997.09,2000.09
张金如,0000007447,本科,浙江大学,水利水电,,
张金如,0000007447,研究生,香港理工大学,工商管理,,
张津梁,0000007450,本科,西北师范大学,汉语言文学,1978.02,1982.01
张津梁,0000007450,培训,中央党校,,1986.09,1987.07
张津梁,0000007450,研究生,甘肃省委党校,党史党建,1999.09,2002.07
张津梁,0000007450,学习,中央党校,,2000.09,2001.01
张晶川,0000007457,进修,中央党校,,1997.09,1998.02
张晶川,0000007457,学习,哈尔滨商业大学,产业经济,2001.09,2003.07
张竞强,0000007459,本科,辽宁大学,中国语言文学,,
张竞强,0000007459,研究生,东北师范大学,政治经济学,,
张敬华,0000007461,,南京大学,,1981.09,1985.08
张敬茂,0000007462,,山东农林学院,林学系,,1962.10
张九萍,0000007466,函授,中央党校,经济管理,1992.08,1994.12
张九萍,0000007466,研究生,山西大学,哲学,,2001.00
张九萍,0000007466,学习,中央党校,经济管理,2005.09,2008.06
张凯,0000007477,培训,广东省委党校,,1978.09,1978.11
张凯,0000007477,培训,广东省委党校,,1981.01,1981.07
张凯,0000007477,研究生,中央党校,,1982.08,1985.07
张力,0000007489,培训,抚宁县文教局,,1972.12,1979.10
张力,0000007489,大专,唐山师范专科学校,中文,1979.10,1981.10
张力,0000007489,培训,中央党校,,1988.09,1989.07
张力,0000007489,本科,中央党校,经济,1992.08,1994.12
张力,0000007489,培训,中央党校,,1993.09,1994.12
张力,0000007489,研究生,武汉交通科技大学,哲学,1997.06,1999.10
张立勇,0000007496,本科,山东大学,哲学,1978.02,1982.01
张立勇,0000007496,研究生,西北政法学院,法律,2001.03,2003.04 
张立勇,0000007496,研究生,中央党校,法学理论,2001.03,2004.01 
张利平,0000007499,本科,辽宁大学,历史,1979.09,1983.07
张利平,0000007499,培训,内蒙古党校,,1986.09,1987.01
张令平,0000007506,本科,西北师范大学,政治教育,1979.07,1983.07 
张令平,0000007506,培训,甘肃工业大学,,1984.03,1984.06
张令平,0000007506,培训,中国有色金属工业总公司中青年企业管理人员工商管理培训班,,1997.03,1997.06
张令平,0000007506,研究生,甘肃省委党校,经济管理,1999.09,2002.06 
张茂才,0000007507,培训,甘肃工业大学,,2001.09,2001.12
张平,0000007525,学习,安徽银行学校,信贷,1963.00,1966.00
张平,0000007525,进修,安徽省委党校,,1980.09,1981.07
张琦,0000007537,大专,淮南师范专科学校,数学,1979.09,1981.08
张琦,0000007537,研究生,天津大学,工商管理,1992.02,1993.12
张启楣,0000007539,本科,北京林学院,机械设计制造,,
张庆军,0000007547,本科,复旦大学,经济管理,1981.09,1985.08
张庆军,0000007547,研究生,中国科学技术大学,公共管理,2005.09,2012.03
张庆黎,0000007548,学习,北京农业大学,,1980.08,1981.02
张庆黎,0000007548,大专,中央党校,,1983.09,1985.07
张庆黎,0000007548,,中央党校,,1992.03,1992.07
张庆黎,0000007548,学习,山东省委党校,经济管理,1995.09,1997.12
张庆黎,0000007548,学习,石河子大学,农业经济管理,1999.02,2001.02
张庆黎,0000007548,研究生,中央党校,政治学,2002.09,2005.07
张秋波,0000007555,学习,华东师范大学,国际政治与国际关系,1992.09,1992.09
张秋波,0000007555,学习,烟台大学,,1986.09,1986.09
张秋阳,0000007556,研究生,中央党校,科学社会主义,,
张瑞书,0000007567,本科,辽宁阜新矿业学院,,1979.09,1983.07 
张少军,0000007571,学习,昌潍商校,计划统计,1975.09,1977.08
张少军,0000007571,学习,山东电大,企业经营管理,1983.09,1986.07
张少军,0000007571,本科,山东省委党校,经济管理,1995.09,1997.12
张少军,0000007571,研究生,中央党校,经济管理,1999.09,2002.07
张少农,0000007573,学习,山西省教育学院,科学社会主义,1977.09,1979.09
张少农,0000007573,函授,中央党校,经济管理,1992.08,1994.12 
张少农,0000007573,学习,中央党校,,2000.03,2000.12 
张社年,0000007577,学习,陕西省财经学院,财政,1977.12,1980.02
张社年,0000007577,学习,江西财经学院,财政,1983.09,1985.07
张社年,0000007577,学习,西北大学,政治经济学,1994.09,1997.07
张社年,0000007577,培训,中央党校,,2000.03,2001.01
张社年,0000007577,培训,中央党校,,2010.03,2010.07
张士儒,0000007585,本科,天津大学,自动化仪表及自动化装置,1961.00,1966.00
张世军,0000007588,学习,河南农学院,植物保护,,1969.00
张曙光,0000007599,研究生,安徽农业大学,农经管理,1994.09,1997.07
张曙光,0000007599,培训,安徽行政学院,,2002.06,2002.08
张曙光,0000007599,学习,安徽省赴美经济管理研究班,,2002.11,2003.03
张曙光,0000007599,学习,中国科学技术大学,行政管理专业,2005.09,2008.11
张术平,0000007601,本科,曲阜师范学院,汉语言文学,1980.09,1984.07 
张术平,0000007601,研究生,山东省委党校,经济管理,1996.09,1998.06
张术平,0000007601,学习,山东省中青年干部赴美国马里兰大学MPA培训班,,2004.07,2005.01
张硕辅,0000007608,本科,武汉水利电力学院,河流力学及治河工程,1981.09,1985.07
张硕辅,0000007608,研究生,武汉水利电力学院,水力学及河流动力学专,1985.07,1988.06
张硕辅,0000007608,博士,湖南大学,环境科学与工程,2000.09,2007.09
张嗣义,0000007610,学习,华中师范大学黄石分院,政治,1974.10,1977.07
张嗣义,0000007610,研究生,湖北省委党校,法学,1997.09,2000.07
张田欣,0000007622,本科,昆明师范学院,中文,1978.02,1982.01 
张田欣,0000007622,研究生,昆明理工大学,管理工程,1995.09,1997.07
张田欣,0000007622,学习,中央党校,,1997.09,1998.07
张田欣,0000007622,进修,中央党校,,2000.09,2001.01
张铁民,0000007623,本科,沈阳建筑工程学院,工民建,1979.09,1983.07 
张彤,0000007627,本科,四川大学,行政管理,1990.09,1994.07
张彤,0000007627,研修,四川大学,国民经济,1995.09,1997.07
张彤,0000007627,学习,成都市委党校,,1998.03,1998.06
张彤,0000007627,研究生,四川大学,国民经济,,1999.06
张彤,0000007627,学习,成都市委党校,,2002.03,2002.07
张彤,0000007627,研修,清华大学,公共管理,2002.07,2002.09
张彤,0000007627,博士,四川大学,政治经济学,2000.09,2006.06
张维国,0000007634,学习,十堰高等师范专科学校,数学,1980.09,1983.07
张维国,0000007634,本科,华中师范大学,数学,1989.07,1992.05
张维国,0000007634,研究生,华中科技大学,科技哲学,1997.06,1999.06
张卫国,0000007648,学习,镇江师范学校,中文,1973.09,1975.09
张卫国,0000007648,专修,苏州大学,,1984.08,1986.08
张卫国,0000007648,研究生,同济大学,社会主义市场经济与法制管理,1996.09,1999.01
张卫国,0000007648,培训,江苏省级管理人才经济研究班,,1998.09,1998.12
张卫国,0000007648,博士,同济大学,管理科学与工程,1999.01,2001.10
张蔚文,0000007653,本科,南京工学院,动力工程,1961.00,1966.00
张文海,0000007656,,吉林省立第一师范,,1928.00,
张文海,0000007656,,北平中国大学,政治学,1931.00,
张文海,0000007656,,抗日军政大学,,1938.05,
张文海,0000007656,,马列学院,,1938.05,
张文魁,0000007659,函授,中央党校,经济管理,1998.08,2000.12
张文魁,0000007659,进修,中央党校,,2000.09,2001.01
张文深,0000007661,大专,郑州市师范专科学校,物理,1979.09,1982.06
张文深,0000007661,本科,河南省委党校,行政管理,1990.09,1992.07
张文深,0000007661,研究生,天津大学,管理工程,1992.05,1995.07
张文深,0000007661,培训,中央党校,,2001.09,2002.01
张文雄,0000007664,大专,湖南省岳阳师范学校,师范,1980.09,1982.08
张文雄,0000007664,函授,湖南师范大学,历史,1984.09,1989.07
张文雄,0000007664,研究生,中南大学,技术哲学,1997.09,2001.06
张文雄,0000007664,进修,中央党校,,2002.02,2003.01
张务锋,0000007669,学习,济宁商业学校,统计,1978.02,1979.12
张务锋,0000007669,培训,美国加州商学院,现代市场经济,1993.06,1993.08
张务锋,0000007669,学习,省委党校,,1993.09,1994.02
张务锋,0000007669,函授,中央党校,政法,1995.09,1998.02
张务锋,0000007669,学习,中央党校,,2005.09,2006.01
张务锋,0000007669,研究生,中央党校,经济管理,2006.03,2008.01
张宪军,0000007676,学习,黑龙江省佳木斯师范学校,中文,1975.09,1977.08
张宪军,0000007676,大专,黑龙江省函授广播学院,中文,1978.04,1981.06
张祥安,0000007681,本科,阜阳师范学院,中文,1985.07,1989.02
张祥安,0000007681,研究生,中国科技大学,行政管理,2005.09,2008.11
张晓麟,0000007687,大专,芜湖师专,中文,1980.07,1982.07
张晓麟,0000007687,函授,中央党校,经济管理,1994.08,1996.12
张晓麟,0000007687,培训,安徽省委党校,,2000.02,2000.06
张晓麟,0000007687,学习,安徽工商管理学院,,2000.04,2002.12
张晓麟,0000007687,进修,国家行政学院,,2005.09,2005.12
张晓霈,0000007691,本科,吉林工业大学,铸造,1978.03,1982.01
张晓钦,0000007692,本科,中国青年政治学院,青年思想教育,1986.09,1990.07
张晓钦,0000007692,研究生,吉林大学,国民经济计划与管理,1995.09,1998.07
张晓钦,0000007692,培训,中央党校,,2012.09,2013.01
张晓容,0000007693,本科,河北石家庄解放军铁道兵工程学院,铁道建筑,1978.09,1982.07
张笑东,0000007697,进修,河南大学,经济管理,1992.01,1993.12
张笑东,0000007697,研究生,中央党校,政治学,1996.09,1999.07
张效廉,0000007698,本科,北京林业大学,森林病虫害防治,1982.09,1986.07
张效廉,0000007698,研究生,中国人民大学,商业经济,1994.12,1996.12 
张效廉,0000007698,博士,北京大学,政治经济学,2000.09,
张效廉,0000007698,培训,北京市委组织部高级行政管理与开发培训班,,2003.03,2003.04
张效廉,0000007698,学习,中央党校,,2004.03,2005.01 
张效廉,0000007698,培训,中国公共管理高级培训班,,2006.06,2006.09 
张效廉,0000007698,进修,中央党校,,2009.09,2009.11
张效廉,0000007698,学习,北京大学,政治经济学,2000.09,2008.01
张新起,0000007701,大专,烟台师专,中文,1978.11,1980.07
张新起,0000007701,函授,中央党校,经济管理,1997.08,1999.12
张新起,0000007701,学习,省委党校,经济管理,2000.09,2003.06
张新实,0000007702,学习,江苏电大,化工机械,1982.08,1985.08
张新实,0000007702,学习,南京大学,企业管理,1995.09,1997.09
张新实,0000007702,本科,中央党校,经济管理,1997.08,
张秀兰,0000007711,大专,文山州委党校,,1990.09,1992.07
张秀兰,0000007711,本科,云南师范大学,政教专业,1996.09,1999.07
张秀兰,0000007711,研究生,西南师范大学,教育系教育管理,2000.04,2002.04
张秀兰,0000007711,研究生,美国西南国际大学与上海浦东经理人才进修学院、昆明理工大学联合举办的在职研究生班,工商管理专业,2002.03,2004.09
张秀兰,0000007711,研究生,上海同济大学经济与管理学院,工商管理专业,2008.12,2011.04
张秀兰,0000007711,学习,中央党校一年制中青班,,2010.03,2011.01
张秀兰,0000007711,研究生,中央党校导师制在职研究生班,,2011.01,2013.01
张秀隆,0000007712,学习,广西组织干校,,1979.04,1979.09
张秀隆,0000007712,学习,全国高等教育自学考试政治教育专业学习,,1984.09,1987.12
张秀隆,0000007712,大专,广西民族学院,中文,1985.09,1988.06
张秀隆,0000007712,本科,中央党校,经济管理,1995.08,1997.12
张秀隆,0000007712,研究生,中国社会科学院,财政学,1996.04,1998.04
张秀隆,0000007712,学习,中央党校,,2004.02,2005.01
张秀隆,0000007712,研究生,中央党校,经济管理,2004.09,2006.07
张秀隆,0000007712,研究生,广西大学,行政管理,2004.09,2006.07
张旭晨,0000007715,研究生,陕西师范大学,教育心理学,,1994.06
张绪胜,0000007717,学习,甘肃省高等教育自学考试政治理论专业学习,,1984.09,1988.06
张绪胜,0000007717,函授,中央党校,经济管理,1995.08,1997.12
张绪胜,0000007717,学习,中央党校,,2000.03,2001.01
张绪胜,0000007717,研究生,中央党校,经济管理,2000.03,2003.01
张学群,0000007725,本科,安徽大学,哲学,1980.08,1984.07
张学群,0000007725,学习,安徽省委党校,,1997.09,1998.06
张学群,0000007725,研究生,中央党校,经济管理,1998.09,2001.07
张学群,0000007725,学习,中央党校,,2001.03,2002.01
张学群,0000007725,研究生,中央党校,法学理论,2001.03,2004.01
张延清,0000007731,大专,中央党校,法律,1999.08,1999.08
张剡,0000007732,学习,成都电大,,1983.09,1986.07
张剡,0000007732,研究生,四川大学,经济管理,1994.07,1996.09
张剡,0000007732,学习,四川省委党校,,2000.09,2001.01
张剡,0000007732,学习,中央党校,,2006.02,2006.07
张剡,0000007732,研究生,四川省工商管理学院,工商管理,2003.09,2005.07
张剡,0000007732,研究生,电子科技大学,工商管理,2008.09,2011.06
张耀华,0000007736,学习,河北省高等教育自学考试党政干部基础科学习,,1984.12,1988.12
张耀华,0000007737,进修,河北省委党校,,1996.12,1997.01
张以祥,0000007746,本科,清华大学,电机系,1961.09,1967.07
张以祥,0000007746,培训,中央党校,,1991.09,1992.07
张以祥,0000007746,研究生,中央党校,世界经济,1993.09,1996.01
张应华,0000007754,本科,西北师范大学,中文,1984.09,1988.07
张应华,0000007754,研究生,兰州大学,工商管理,2002.09,2004.07 
张勇,0000007760,学习,资中师范学校,,1987.09,1990.07 
张雨浦,0000007767,学习,黑龙江省委党校,,1985.03,1985.06
张雨浦,0000007767,学习,中央党校,,1988.08,1988.09
张雨浦,0000007767,学习,中央党校,,2002.03,2002.05
张雨浦,0000007767,学习,德国人力资源管理培训班,,2004.08,2004.09
张雨浦,0000007767,学习,哈尔滨工业大学,高级工商管理,2005.06,2007.06
张远贻,0000007778,大专,广东省委党校,,,
张院忠,0000007779,本科,内蒙古大学,汉语言文学,1979.09,1983.07
张院忠,0000007779,研究生,中国社会科学院,市场经济,1996.07,1998.09
张云川,0000007783,本科,哈尔滨军事工程学院,舰艇内燃机,1964.08,1969.07 
张云川,0000007783,学习,中央党校,,1986.02,1986.07 
张云川,0000007783,进修,中央党校,,1994.09,1994.12 
张泽军,0000007787,学习,云南教育学院,政教,1983.08,1985.07
张泽军,0000007787,研究生,云南教育学院,社会主义,1985.07,1987.08
张兆民,0000007792,大专,福建省南平师范专科学校,物理,1979.09,1981.08
张兆民,0000007792,学习,福建省委党校,,1987.08,1989.07
张兆民,0000007792,学习,英国舍菲尔德大学,工商管理,1995.09,1996.09
张振川,0000007795,大专,中央党校,经济管理,1989.08,1992.06
张振川,0000007795,学习,山东省委党校,涉外经济管理,1994.05,1995.12
张振川,0000007795,研究生,中国社会科学院,企业管理,1996.07,1998.11
张志刚,0000007808,高中,抚宁一中,,,1987.00
张志刚,0000007808,本科,河北师范大学中文系,,1987.00,1991.00
张志勇,0000007814,大专,江苏南通师范专科学校,中文,1984.09,1986.06
张志勇,0000007814,本科,江苏省委党校,行政管理,1988.09,1991.07
张志勇,0000007814,研究生,江苏省委党校,区域经济学,2003.09,2006.07
张智全,0000007816,学习,庆阳师专,中文,1979.08,1981.08
张智全,0000007816,本科,中央党校,经济管理,1993.08,1995.12
张智全,0000007816,学习,中国人民大学,经济管理,1999.03,2000.10
张智全,0000007816,研究生,甘肃省委党校,经济管理,2004.03,2006.07
张智全,0000007816,研究生,甘肃省委党校,人口资源环境学,2004.09,2007.06
张智全,0000007816,博士,甘肃农业大学,生态学,2007.09,2010.06
张子石,0000007824,,山东大学,化学系,,
张自银,0000007827,大专,湖南农学院常德分院,农学,1978.09,1981.07
张自银,0000007827,本科,湖南省委党校,行政管理,1986.09,1988.06
张祖林,0000007831,本科,云南大学,无线电,1978.02,1982.02
张祖林,0000007831,研究生,云南大学,国际金融,1996.09,1998.07
张祖林,0000007831,学习,美国哈佛大学,,2004.11,2005.01
张祖林,0000007831,博士,同济大学,管理学与工程,2007.03,2010.06
张祖林,0000007831,研究生,长江商学院,工商管理,2008.05,2010.10
张作理,0000007834,研究生,山东省委党校,,1988.09,1990.02
张作理,0000007834,博士,山东大学,政治史,1996.08,2000.07
张作理,0000007834,学习,山东省委党校,,2001.01,2002.01
章治文,0000007839,本科,湖北大学,农业经济管理,1959.09,1963.09
章治文,0000007839,培训,中央党校,,1985.09,1986.02
赵爱明,0000007842,本科,成都电讯工程学院,电子材料与固体器件系电子材料,1978.09,1982.08
赵爱明,0000007842,学习,四川省省级机关党校,,1995.03,1995.06 
赵爱明,0000007842,学习,四川大学,企业管理,1997.09,1999.07
赵爱明,0000007842,学习,国务院发展研究中心、清华大学、美国哈佛大学联合举办的第4期高级公共管理培训班,,2005.06,2005.09
赵爱明,0000007842,学习,中央党校,,2006.03,2007.01
赵爱明,0000007842,博士,清华大学,公共管理,2007.09,2011.06
赵宝江,0000007843,本科,清华大学,建筑,,1966.00
赵斌,0000007844,学习,武汉师范学院咸宁分院,,1978.09,1981.09
赵斌,0000007844,函授,武汉大学,经济,1984.09,1986.07
赵斌,0000007844,学习,中央党校,,1994.09,1995.07
赵斌,0000007844,研究生,中央党校,法学原理,1994.09,1997.04
赵斌,0000007844,学习,中央党校,,2004.03,2005.01
赵炳辉,0000007845,研究生,吉林大学,,,
赵春,0000007850,本科,中央财经学院,财政,,
赵德明,0000007853,本科,黑龙江省牡丹江农业学校,农业经济,1978.03,1982.02
赵风楼,0000007860,本科,河北大学,计划统计,1978.03,1982.03
赵风楼,0000007860,培训,河北省委党校,,1982.08,1983.07
赵风楼,0000007860,培训,河北省委党校,,1993.08,1993.10
赵风楼,0000007860,学习,北京大学,区域经济学,1997.07,1999.07
赵风楼,0000007860,研究生,河北省委党校,经济管理,1999.02,2001.07
赵国岭,0000007872,本科,河北大学,经济系,1978.03,1982.02
赵国岭,0000007872,学习,河北省委党校,,1983.09,1985.07
赵国岭,0000007872,博士,中国人民大学,区域经济与城市管理,2000.09,2005.06
赵海燕,0000007876,本科,中国政法大学,,,1984.07
赵合,0000007879,学习,西藏自治区财金局财会训练班,,1973.01,1973.06
赵合,0000007879,专科,江西财经学院,财政,1983.09,1985.06
赵合,0000007879,研究生,苏州大学,行政管理,1999.07,2001.09
赵合,0000007879,进修,中央党校,,2000.03,2000.07
赵化明,0000007884,本科,沈阳化工学院,化工机械,1978.10,1982.09
赵化明,0000007884,研究生,大连海事大学,国际法,2000.09,2004.03
赵辉,0000007887,本科,浙江大学,热能动力,1983.09,1987.07
赵辉,0000007887,研究生,西安交通大学,工商管理,1996.09,2000.06
赵家治,0000007892,专科,武汉工学院,管理工程,1983.02,1985.03 
赵建才,0000007893,本科,武汉汽车工业大学,,1993.09,1996.07 
赵建才,0000007893,研究生,武汉汽车工业大学,技术经济与管理,1996.07,1999.06 
赵建才,0000007893,研究生,中国人民大学,区域经济学,2000.09,2002.07 
赵杰兵,0000007898,研究生,,,,
赵静波,0000007903,博士,吉林大学,经济学,,
赵克志,0000007910,学习,山东省委党校,,1980.09,1982.07
赵克志,0000007910,学习,中央党校,,1995.09,1996.07
赵克志,0000007910,研究生,中央党校,,1996.07,1998.07
赵乐际,0000007914,本科,北京大学,哲学,1977.00,1980.00
赵乐际,0000007914,研究生,中国社会科学院,货币银行,1996.00,1998.00
赵乐际,0000007914,研究生,中央党校,政治学,2002.00,2005.00
赵乐秦,0000007915,本科,西安公路交通大学,公路工程,1978.10,1982.10
赵乐秦,0000007915,研究生,中央党校,经济管理,1999.09,2002.07 
赵立雄,0000007919,本科,云南民族学院,经济管理,1978.03,1982.02
赵立雄,0000007919,研究生,中央党校,,1985.09,1988.09
赵连生,0000007923,本科,沈阳农学院,农业经济,1979.09,1983.08 
赵连生,0000007923,学习,辽宁省委党校,,1983.08,1983.12 
赵连生,0000007923,研究生,中国社会科学院,公共管理,1996.04,1998.04 
赵连生,0000007923,学习,中央党校,,2002.02,2002.05 
赵连生,0000007923,研究生,北京大学,公共管理,2003.11,2006.07 
赵明鹏,0000007932,本科,阜新矿业学院,地测系,1978.03,1982.01 
赵明鹏,0000007932,进修,德国亚琛工业大学和克劳斯尔技术大学,,1992.11,1994.07 
赵铭,0000007934,本科,北京大学,经济,"1978,10",1982.08
赵铭,0000007934,学习,上海浦东干部学院,,2006.09,2006.11
赵鹏,0000007937,大专,南京师范大学汉语言文学专业自学考试大专毕业,汉语言文学,1983.12,1986.08
赵鹏,0000007937,进修,东南大学,,1995.09,1997.09
赵鹏,0000007937,研究生,江苏省委党校,政治经济学,2001.09,2002.12
赵鹏,0000007937,学习,中组部举办的美国斯坦福大学研究生院第三期城市规划与信息化研究班,,2005.07,2005.08
赵顷霖,0000007944,大专,开封师范学院,政教系,1973.08,1976.08 
赵润田,0000007949,本科,山东师范大学,汉语言文学,1978.10,1982.07
赵润田,0000007949,研究生,北京师范大学,文艺学,1994.07,1996.12 
赵润田,0000007949,学习,山东省市委党校,,1997.09,1998.08 
赵世洪,0000007955,本科,北京大学,国民经济管理,1980.09,1984.08
赵世洪,0000007955,学习,国家计委培训中心,英语,1987.10,1988.04
赵世洪,0000007955,学习,由组织选派赴意大利学习,,1989.09,1990.04
赵世洪,0000007955,博士,中央财经大学,国民经济计划与管理,1995.09,1998.07
赵世勇,0000007958,本科,西南农业大学,农学系,1986.09,1990.07 
赵世勇,0000007958,进修,菲律宾国际水稻研究院,,,
赵世勇,0000007958,学习,四川省省级机关党校；先后在美国伊利诺依大学、加拿大农业部进修,,1998.09,1998.12
赵世勇,0000007958,博士,四川农业大学,作物遗传育种,1999.09,2003.07
赵树丛,0000007965,学习,山东医学院,医学,1972.04,1975.07
赵树丛,0000007965,研究生,大连理工大学,工商管理,1994.09,1997.04
赵双连,0000007966,进修,内蒙古大学,法律,1983.09,1985.07 
赵双连,0000007966,研究生,中国社会科学院研究生院,经济,1996.12,1998.11
赵双连,0000007966,函授,中央党校,经济管理,1997.08,1999.12
赵双连,0000007966,学习,中央党校,,2001.03,2002.01
赵双连,0000007966,研究生,中央党校,法学,2001.09,2003.10
赵铁练,0000007971,本科,河北师范大学,数学系,1963.00,1967.00
赵文鹤,0000007979,本科,河北新医大学,中医,1970.11,1974.02
赵小明,0000007988,学习,湖南师大,中文系,1974.09,1977.09
赵晓江,0000007989,研究生,湖南大学,建筑设计及理论,2002.09,2004.12
赵效为,0000007990,本科,山东师范大学,政治,1978.03,1982.02
赵效为,0000007990,博士,复旦大学,经济学,2002.02,2005.01
赵馨群,0000007995,学习,安徽财贸学院,商品学,1980.09,1984.07
赵馨群,0000007995,学习,安徽省委党校,,2000.02,2000.05
赵学凤,0000007999,,南京大学,数学,,
赵一德,0000008003,学习,浙江省台州农校,农学,1980.09,1983.08
赵一德,0000008003,学习,浙江广播电视大学,党政管理干部基础,1985.09,1987.07 
赵一德,0000008003,本科,中央党校,经济管理,1995.08,1997.12
赵一德,0000008003,学习,浙江省委党校,,1998.09,1999.01 
赵一德,0000008003,研究生,浙江省委党校,哲学,1997.09,1999.12
赵应云,0000008006,研究生,华中师范大学,思想政治教育,1990.09 ,1993.06 
赵应云,0000008006,博士,湖南师范大学,伦理学,2001.09,2003.06 
赵应云,0000008006,学习,中央党校,,2010.03,2010.04 
赵应云,0000008006,学习,新加坡社会管理创新专题班,,2012.05,2012.06 
赵勇,0000008008,大专,湖南水利水电学校,,1979.09,1982.07
赵勇,0000008008,学习,湘潭大学,行政管理,1988.09,1990.07
赵勇,0000008008,学习,湖南大学,管理工程,1992.09,1995.09
赵勇,0000008008,学习,中国人民大学,产业经济,1997.09,2001.01
赵勇,0000008008,进修,中央党校,,1999.09,1999.11
赵勇,0000008008,学习,中央党校,,2004.05,2004.07
赵正夫,0000008022,研究生,中南财经政法大学,企业管理,2003.09,2005.12
赵正永,0000008023,学习,中南矿冶学院,金属物理专业,1974.10,1977.08
赵正永,0000008023,培训,中央党校,,1983.09,1985.07
赵正永,0000008023,进修,中央党校,,2002.09,2003.01
赵正永,0000008023,学习,中央党校,,2006.11,2007.01
赵正永,0000008023,研修,美国哈佛大学,,2007.09,2007.12
阿布拉江·依明,0000008043,学习,塔城地委党校,,1983.10,1983.12
阿布拉江·依明,0000008043,学习,中央民族学院,政治理论,1984.09,1985.07 
阿布拉江·依明,0000008043,学习,中央党校,,1989.09,1990.07 
阿扣,0000008052,学习,西藏民族学院,,1965.07,1966.11
阿扣,0000008052,学习,中央党校,,1981.09,1982．07
艾尔肯·吐尼亚孜,0000008066,大专,新疆维吾尔自治区昌吉师范教师进修学院,数学,1980.09,1983.08
艾尔肯·吐尼亚孜,0000008066,学习,陕西师范大学,,1986.09,1987.01
艾尔肯·吐尼亚孜,0000008066,学习,新疆维吾尔自治区党委党校,经济管理,1988.08,1990.07
艾尔肯·吐尼亚孜,0000008066,学习,新疆大学,经济学,1997.09,1999.07
艾尔肯·吐尼亚孜,0000008066,进修,中央党校,,2008.03,2008.05
艾克拜尔·吾甫尔,0000008070,学习,新疆维吾尔自治区阿克苏县依杆其公社,,1975.08,1978.09
艾克拜尔·吾甫尔,0000008070,学习,新疆维吾尔自治区阿克苏地区师范学校,汉语,1978.09,1981.07
艾克拜尔·吾甫尔,0000008070,学习,天津大学,经济管理,1993.09,1994.01
艾克拜尔·吾甫尔,0000008070,学习,中央党校,,1998.09,1999.07
艾克拜尔·吾甫尔,0000008070,研究生,中央党校,经济学,1998.09,2001.07
艾丽华,0000008071,本科,内蒙古民族师范学院,政史系,1983.10,1987.07
艾丽华,0000008071,学习,北京大学,区域经济管理,1997.07,1999.09
艾丽华,0000008071,研究生,北京科技大学,公共管理,2011.04,2014.01
艾斯海提·克里木拜,0000008080,本科,新疆大学,数学,1965.09,1970.08 
艾斯海提·克里木拜,0000008080,,中央党校,,1994.03,1994.05
奥曲尔,0000008106,学习,博湖县光明公社,,1976.09,1978.03
奥曲尔,0000008106,学习,中央党校,,2000.09,2001.01
巴德玛拉,0000008108,本科,新疆八一农学院农经系,农业经济管理专业,1980.09,
巴德玛拉,0000008108,本科,北京社会大学,财务会计专业,1985.04,1987.01
巴德玛拉,0000008108,本科,北京财贸金融学院,审计专业,1986.04,1988.06
巴德玛拉,0000008108,本科,大连理工大学新疆班,企业管理专业,1991.09,1992.06
巴德玛拉,0000008108,学习,中央党校新疆班,,1999.09,2000.01
巴德玛拉,0000008108,学习,中央党校新疆班,,2007.03,2007.07
白玛,0000008131,,青海省玉树藏族自治州民族师范,,1960.08,1965.09
白玛,0000008131,,中央党校,,1981.09,1982.07
白玛才旺,0000008132,学习,西藏农牧学院,农牧,1980.03 ,1980.07 
白玛才旺,0000008132,学习,中央党校,,1983.09 ,1986．07 
白玛才旺,0000008132,学习,中央党校,,1996.09 ,1997.07 
白玛才旺,0000008132,研究生,中央党校,科学社会主义,1996.09 ,1999.07 
白玛朗杰,0000008133,本科,中央民族学院,政治,1971.12,1976.01 
白玛朗杰,0000008133,学习,中央党校,哲学,1979.03,1980.09
白玛朗杰,0000008133,学习,中央党校,,1995.09,1996.07
白玛朗杰,0000008133,研究生,中央党校,马克思主义哲学,1995.09,1998.07
白玉刚,0000008156,本科,北京大学,中文,1984.09,1988.07
白玉刚,0000008156,学习,内蒙古党校,,1999.01,1999.12
白志杰,0000008165,学习,新疆维吾尔自治区伊犁哈萨克自治州财贸学校,财政,1984.03,1986.01
白志杰,0000008165,学习,全国市长研究班,,1990.10,1990.12
白志杰,0000008165,函授,新疆维吾尔自治区党委党校,行政管理,2002.09,2004.12
白志杰,0000008165,学习,国防大学,,2008.03,2008.05
班开庆,0000008171,本科,北京大学,世界史,1974.09,1977.10
毕美家,0000008205,本科,吉林大学,政治经济学,1978.09,1982.08
毕美家,0000008205,学习,中央党校,,1987.09,1988.02
毕美家,0000008205,学习,赴日本、印度参加国际合作联盟举办的农业经济管理高级培训班,,1988.10,1989.05
毕美家,0000008205,学习,中央党校,,1997.09,1998.07
毕美家,0000008205,研究生,中央党校,经济管理,1997.09,2000.07
毕美家,0000008205,博士,天津财经大学,国民经济学,2006.09,2009.06
别克木哈买提·木沙,0000008232,本科,北京师范大学化学系,化学专业,1960.08,
布穷,0000008238,学习,西藏拉萨藏干校,,1956.10,1957.07 
布穷,0000008238,学习,西藏公学(团校),,1957.07,1959.05 
布穷,0000008238,学习,中央党校,,1983.09,1986.07
布穷,0000008238,学习,中央民族学院,政治系,1960.08,1961.07 
步智信,0000008243,本科,河南农学院,农学,1962.09,1966.09
蔡德贵,0000008255,研究生,长安大学,公路工程,,
蔡彰,0000008282,研究生,中央党校,,,
蔡哲夫,0000008283,本科,辽宁大学哲学系,,1977.00,1982.00
蔡宗泽,0000008290,本科,中山大学,中文,1978.10,1982.08
苍震华,0000008291,本科,福州大学,,1964.00,1970.00
曹痴,0000008299,学习,晋察冀军区军政学校,,1938.00,
曹锦成,0000008314,学习,清华大学,热工量测及自动控制,,1966.00
曹磊,0000008318,本科,中南大学,,,
曹莉莉,0000008322,学习,安市委党校,,1982.09,1984.07 
曹莉莉,0000008322,学习,中国第二期高级公务员经济管理班,,1994.11,1994.12 
曹莉莉,0000008322,学习,中央党校,,1996.09,1997.01 
曹莉莉,0000008322,学习,中央党校,,2000.03,2001.01 
曹莉莉,0000008322,研究生,中央党校,经济管理,2001.01,2003.01 
曹学成,0000008340,学习,山东省委党校,,1980.09,1982.06
曹学成,0000008340,研究生,山东大学,法学,1993.08,1996.06
曾浩荣,0000008376,学习,哈尔滨军工学院,核物理,1964.08,1970.09
曾浩荣,0000008376,学习,中央党校,,1986.09,1987.07
曾洪,0000008377,小学,河郑小学(原为庆平小学),,,
曾洪,0000008377,中学,刁坊中学(原为宁强中学),,,
曾洪,0000008377,学习,广东省立兴宁高级工业学校,,,
曾庆炎,0000008391,函授,中央党校,经济管理,,
曾庆炎,0000008391,学习,中国社科院,法律,,
柴王群,0000008431,本科,山西大学,化学系,,1977.09
常海,0000008435,,内蒙古自治区呼伦贝尔盟教育学院,,1980.08,1982.09
常海,0000008435,,黑龙江省教育行政干部学院,教育管理,1987.09,1990.07
常海,0000008435,研究生,,市场经济,1996.09,1998.07
常海,0000008435,进修,中央党校,,1997.09,1998.01
常海,0000008435,培训,中央党校,,2004.03,2005.01
常海,0000008435,研究生,中国政法大学,公共管理,2008.02,2011.01
陈宝生,0000008470,研究生,中央党校,政治学,2002.09,2005.07
陈宝田,0000008471,学习,扬州工业专科学校,机械制造,1980.09,
陈宝田,0000008471,研究生,江苏省委党校,经济学,2003.09,2006.07
陈北辰,0000008474,肄业,北平大学,法商,,
陈成义,0000008488,学习,兰州中学,,,1927.07
陈成义,0000008488,学习,北平民国大学,数学系,1931.00,
陈德玉,0000008506,学习,重庆大学,钢铁,1963.09,1968.09
陈德玉,0000008506,研究生,中央党校,,1983.09,1985.07
陈德玉,0000008506,学习,中央党校,,1994.03,1994.07
陈光林,0000008530,学习,山东省委党校,,1964.08,1967.09 
陈光林,0000008530,学习,中央党校,,1977.09,1978.12
陈光林,0000008530,学习,中央党校,,1996.09,1997.07
陈光林,0000008530,研究生,中央党校,哲学,1996.09,1999.07
陈桦,0000008562,本科,厦门大学,政治经济学,1978.02,1982.00
陈桦,0000008562,学习,福州市教育局师资培训班,,1976.11,
陈继兴,0000008571,函授,华南师范大学,政治,1981.02,1985.12
陈继兴,0000008571,研究生,加拿大皇家大学,工商管理,2002.02,2003.05
陈加元,0000008572,研究生,浙江省委党校,政治经济学,,
陈健吾,0000008583,,陕北公学,,,
陈克恭,0000008615,学习,兰州教育学院,物理,1979.03,1982.03 
陈克恭,0000008615,研究生,中国科学院,自然地理,1985.09,1988.08 
陈雷卿,0000008618,本科,同济大学,工业与民用建筑工程,1954.09,
陈雷卿,0000008618,学习,中央党校,,1988.02,1988.07
陈雷卿,0000008618,学习,中央党校,,1997.09,1997.12
陈良贤,0000008631,大专,广东省委党校,,1986.03,1989.02
陈良贤,0000008631,研究生,广东省社科院,法学,1999.09,2002.06
陈朋山,0000008653,学习,中央党校,,1987.09,1988.07
陈朋山,0000008653,函授,中央党校,经济管理,1989.09,1992.07
陈朋山,0000008653,学习,中央党校,,1996.09,1997.07
陈秋华,0000008661,学习,湖南财经学院,统计,1984.07,1988.07
陈秋华,0000008661,研究生,财政部财政科学研究所,财政学,1988.07,1991.07
陈秋华,0000008661,博士,财政部财政科学研究所,经济学,1999.09,2002.07 
陈秋华,0000008661,进修,中央党校,,2005.10,2006.01 
陈三新,0000008674,学习,武汉地质学院,经管,1983.09,1985.10
陈善如,0000008676,本科,北京工业学院,火工品,,
陈维席,0000008722,本科,清华大学,化工,1965.03,1965.09
陈维席,0000008722,培训,中央党校,,1995.09,1996.07
陈伟俊,0000008724,大专,宁波高等专科学校,中文秘书,1984.09,1986.07 
陈小川,0000008758,大专,广东省业余财经学院,会计,1980.09,1984.07
陈小川,0000008758,本科,广东省委党校,经济管理,1995.09,1997.12
陈小川,0000008758,研究生,广东省社科院,法学,1998.09,2001.07
陈小川,0000008758,学习,中央党校,,2001.03,2002.01
陈兴超,0000008772,本科,南京航空学院,发动机控制工程,1981.09,1985.07
陈兴超,0000008772,学习,中央党校,,1998.10,1999.01
陈兴超,0000008772,学习,西北工业大学,动力控制,1997.05,2001.06
陈兴超,0000008772,进修,中央党校,,2001.03,2001.07
陈兴龙,0000008773,本科,青海省委党校,经济管理,1996.09,1999.01
陈兴龙,0000008773,学习,青海省委党校,,1998.09,1998.12
陈兴龙,0000008773,研究生,青海省委党校,经济管理,2000.04,2002.07
陈雪枫,0000008784,本科,中国矿业学院,选煤,,1982.01
陈晏,0000008789,本科,中国人民大学,国民经济计划,1982.09,1986.07
陈扬,0000008790,,陕北公学,,,
陈扬,0000008790,学习,延安陕北公学,,,
陈扬,0000008790,学习,南京陆军测量专科学校,,,
陈营官,0000008807,本科,成都电讯工程学院,长途通信,,1965.00
陈玉宝,0000008822,学习,中共中央党校,,1980.08,
陈玉侯,0000008823,学习,曲靖农机化学学校,,1979.09,1981.08
陈玉侯,0000008823,大专,曲靖地委党校,,1985.07,1987.07
陈玉英,0000008828,本科,华东纺织工学院,棉纺,1958.00,1962.00
陈育宁,0000008831,本科,北京大学,历史系,1962.00,1967.00
陈云林,0000008842,学习,抚顺二中,,1958.00,1961.00
陈云林,0000008842,学习,北京农业大学,农药,1961.09,1966.09
陈云林,0000008842,学习,中央党校,,1982.09,1983.07
陈彰嘉,0000008848,学习,湖南师范学院,数学,1958.09,1961.12
迟建福,0000008945,本科,清华大学,锅炉专业,1960.00,1966.00
丛正龙,0000008969,学习,冶金部哈尔滨土木建筑工程学校,,,1957.00
崔波,0000008972,学习,山东农学院,,1981.09,1983.07
崔枫林,0000008977,学习,大连陆军学院,指挥自动化,1979.09,1982.08 
崔枫林,0000008977,本科,中央党校,经济,1991.08,1993.12
崔枫林,0000008977,学习,美国夏威夷州立大学,工商管理,1992.09,1995.08
崔枫林,0000008977,进修,辽宁省委党校,,2009.11,2009.12
崔枫林,0000008977,进修,辽宁省委党校,,2014.11,2014.12
崔光华,0000008981,本科,,,,
崔国潮,0000008984,高中,,,,
崔国柱,0000008986,研究生,内蒙古师范大学,中共党史,1978.09,1980.09
崔洪刚,0000008987,大专,淄博师专,中文,1979.09,1981.07
崔洪刚,0000008987,学习,中国社会科学院,企管,1994.04,1996.04
崔洪刚,0000008987,培训,山东省委党校,,1996.08,1997.08
崔江水,0000008992,学习,河北工学院,汽车与拖拉机专业,1973.08,1976.08
崔江水,0000008992,进修,中央党校,,2005.10,2006.01
崔杰,0000008993,研究生,吉林省委党校,,,
崔文信,0000009010,本科,哈尔滨军事工程学院,导航,,
崔智友,0000009020,本科,中国人民大学,中共党史,1978.10,1982.09
崔智友,0000009020,研究生,中国人民大学,中国近现代政治思想史,1982.09,1985.07
崔智友,0000009020,博士,中国社会科学院,宪法学与行政法学,1996.09,1999.07
达娃扎西,0000009026,,阿里地区中等专业学校,,,
戴顺智,0000009054,学习,哈尔滨工业大学,,1950.07,1952.07
戴顺智,0000009054,学习,北京俄专学习,,1952.07,1953.07
戴顺智,0000009054,学习,苏联乌拉尔工业大学,,1953.07,1958.01
戴玉林,0000009058,本科,辽宁财经学院,,1978.09,1982.07
丹增朗杰,0000009060,,中央民族学院,民语系,,1986.00
单增庆,0000009069,本科,哈尔滨师范大学,政治理论,1987.09,1990.09 
单增庆,0000009069,研究生,黑龙江省委党校,经济管理,1995.09,1998.09 
单增庆,0000009069,学习,哈尔滨工业大学,高级工商管理,2005.06,2007.06 
刀爱民,0000009080,大专,中央党校,,,
邓飞,0000009099,,红军大学,,,
邓剑,0000009106,研修,,,1997.09,1997.11
邓剑,0000009106,,中央党校,,1999.03,1999.07
邓凯,0000009111,本科,吉林大学,汉语言文学,1980.09,1984.07
邓全忠,0000009123,本科,重庆大学,机械制造工艺、设备及自动化,1979.09,1983.07 
邓全忠,0000009123,研究生,西南交大,管理学,2007.09,2010.06
邓月楼,0000009142,本科,内蒙古农牧学院,草原专业,1980.09,1984.07 
邓月楼,0000009142,学习,内蒙古党校,,1984.08,1984.12 
邓月楼,0000009142,学习,中央统战部、国家民委举办的第十五期少数民族州长工商经济管理研讨班,,2002.04,
邓月楼,0000009142,学习,中央党校,,2005.10,2006.01
邓章武,0000009145,本科,新疆大学,数学,1981.09,1985.07
邓章武,0000009145,培训,新疆自治区党委党校,,1985.07,1985.08 
邓章武,0000009145,学习,新疆自治区党委党校,,1990.09,1991.07
邓章武,0000009145,研究生,区委党校,经济管理,2004.07,
邓章武,0000009145,培训,中央党校,,2004.09,2005.01
丁绍祥,0000009186,大专,云南省委党校,,1984.09,1986.07
丁绍祥,0000009186,培训,中央党校,,1992.09,1993.07
丁绍祥,0000009186,研究生,昆明工学院,,1991.08,1994.03
刘振华,0000009212,学习,东北工学院机械系,真空技术设备专业,,
董光峰,0000009229,本科,郑州大学,哲学系,1978.09,1982.09
董光峰,0000009229,学习,中央党校,,1994.09,1995.07
董洪运,0000009233,本科,山西师范学院,政史系,,
董洪运,0000009233,学习,吉林大学,行政管理,1998.10,2000.04
董经纬,0000009240,学习,石家庄化肥工业学校,,1968.04,1969.04
董经纬,0000009240,学习,河北省党校,,1979.07,1980.02
董经纬,0000009240,学习,河北省广播电视大学,汉语言文学,1982.09,1985.08
董经纬,0000009240,研究生,复旦大学,思想政治教育,1990.08,1993.01
董经纬,0000009240,培训,中央党校,,1997.09,1998.07
董九洲,0000009241,,东北工学院,选矿,,1966.00
董晓健,0000009262,本科,江西大学,数学系,,1983.00
董晓健,0000009262,博士,武汉大学,计算机,,2011.00
董琰,0000009268,高中,济南山东省立第一中学,,1929.00,
都固尔扎布,0000009282,学习,伪满陆军兴安军官学校,,1933.00,1936.00
都固尔扎布,0000009282,本科,日本陆军士官学校,,1937.00,1939.00
杜学芳,0000009325,本科,吉林省教育学院,中文,1980.07,1985.06
杜学军,0000009326,学习,内蒙古党校,,1994.09,1995.07
杜学军,0000009326,学习,北方交通大学,工商管理,1999.05,2001.05
杜学军,0000009326,学习,内蒙古党校,,2001.03,2001.07
杜学军,0000009326,研究生,中央党校,政治学理论,1999.09,2002.07
杜学军,0000009326,学习,中央党校,,2004.03,2004.07
杜学军,0000009326,研究生,中央党校,法学,2004.09,2006.07
杜学军,0000009326,学习,内蒙古大学,公共管理,2007.09,2010.07
杜学军,0000009326,学习,清华大学,高级工商管理,2008.09,2010.07
杜玉林,0000009328,研究生,中央党校,,,
杜祯祥,0000009335,学习,干校,,1967.00,1971.00
段轮一,0000009347,学习,华中工学院,计算机专业,1973.09,1976.09
段轮一,0000009347,研究生,中南财经大学,工商管理,1996.09,1999.06
段绪申,0000009358,学习,南京工学院,无线电工程,1961.09,
段永杰,0000009364,,抗日军政大学,,,
段永杰,0000009364,学习,延安中共中央青年工作委员会干部学校,,1941.11,
多吉,0000009376,,成都地质学院,区域地质调查及矿产普查,1974.09,1978.08
多吉,0000009376,,成都地质学院,基础地质理论,1983.01,1984.01
多吉,0000009376,培训,成都地质学院,,1985.05,1985.12
多吉,0000009376,培训,北京第二外国语学院,,1986.01,1987.02
多吉,0000009376,,意大利比萨大学,地热勘查技术,1987.08,1988.07
尔肯江·吐拉洪,0000009382,学习,新疆财经学院,计划统计,1981.09,1985.07
尔肯江·吐拉洪,0000009382,学习,新疆维吾尔自治区阿克陶县参加社教,,1990.12,1991.03
尔肯江·吐拉洪,0000009382,进修,新疆维吾尔自治区党委党校,,1992.09,1992.11
尔肯江·吐拉洪,0000009382,进修,新疆大学,政治经济学,1998.09,2000.07
尔肯江·吐拉洪,0000009382,培训,中央党校,,2003.03,2004.01
尔肯江·吐拉洪,0000009382,研究生,长江商学院,工行管理,2004.05,2006.10
尔肯江·吐拉洪,0000009382,学习,美国斯坦福大学,,2006.08,2006.09
尔肯江·吐拉洪,0000009382,学习,中央党校,,2007.09,2007.11
樊金龙,0000009386,大专,苏州大学,,1979.10,1981.07
樊金龙,0000009386,本科,中央党校,经济,1992.08,1994.12
范广举,0000009404,,东北工学院,轧钢,1965.00,1970.00
范晓莉,0000009416,本科,北京第二外国语学院,日语,1979.00,1983.00
范晓莉,0000009416,研究生,日本西南学院大学,国际法,1993.00,1995.00
范晓莉,0000009416,博士,中国政法大学,国际法学,2000.00,2003.00
范晓莉,0000009416,学习,中央党校,,2007.00,2008.00
方兆祥,0000009463,学习,安徽农学院,植物保护,1960.09,
方兆祥,0000009463,学习,中央党校,,1984.09,1986.07
冯仕文,0000009515,本科,贵州师范大学数学系,数学专业,1983.08,1987.08
冯仕文,0000009515,学习,北京大学高级经济管理研修班,,2001.10,2001.12
冯仕文,0000009515,学习,贵州省委党校中青班,,2004.10,2004.12
冯仕文,0000009515,学习,南京政治学院第一期党政领导干部国防专题研究班,,2013.05,2013.05
冯文海,0000009521,,邯郸农业学校,农学,1963.00,1966.00
冯文海,0000009521,函授,中央党校,经济管理,1994.08,1996.12
伏来旺,0000009550,,内蒙古蒙文专科学校,,1972.09,1974.08
伏来旺,0000009550,,内蒙古二机厂工学院,,1983.09,1985.09 
伏来旺,0000009550,函授,中央党校,经济管理,1995.08,1997.12 
伏来旺,0000009550,培训,中央党校,,1997.09,1998.07
伏来旺,0000009550,研究生,中央党校,经济管理,1997.09,2000.07 
符太增,0000009563,本科,辽宁财经学院,财政,1978.10,1982.08 
符太增,0000009563,进修,中央党校,,1997.09,1998.01
符太增,0000009563,研究生,财政部财政科学研究所研究生部财政专业研究生进修班,财政,1995.11,1997.11
符太增,0000009563,,东北财经大学,财政,2003.09,2006.07
付明珠,0000009574,,黄冈师范学院,中文,1976.12,1979.12
傅明先,0000009586,,洛阳建筑材料工业专科学校,,1982.09,
傅志康,0000009603,研究生,中央党校,,,
甘霖,0000009613,学习,长春冶金建筑学校,供热通风专业,1978.09,1981.09
甘霖,0000009613,研究生,北京师范大学,中国哲学史,1988.09,1991.08
甘霖,0000009613,博士,武汉大学,宪法学与行政法学,2005.09,2011.12
甘霖,0000009613,学习,中央党校,,2010.09,2011.01
刚占标,0000009624,学习,长春市财贸学校,金融,1976.11,1978.09
刚占标,0000009624,研究生,吉林大学,世界经济,,
高诚,0000009629,学习,延安中央党校,,1942.12,1945.09
高烽,0000009636,本科,中国人民大学,国民经济计划,1978.10,1982.08
高烽,0000009636,访问学者,德国科隆大学,,1990.05,1991.11
高烽,0000009636,学习,国家行政学院,,1997.03,1997.06
高建民,0000009651,本科,山西大学,汉语言文学,1978.03,1982.03
高建民,0000009651,学习,中央党校,,1986.09,1989.07
高建民,0000009651,学习,中央党校,,2002.03,2002.12
高建民,0000009651,博士,天津师范大学,科学社会主义与国际共运,2001.09,2004.06
高金浩,0000009653,研究生,天津师范大学,科学社会主义,,
高启云,0000009676,学习,济南山东第一乡村师范学校,,1934.00,
高启云,0000009676,学习,济宁乡农学校校长训练班,,1937.00,
高如松,0000009682,中学,樊城鸿文中学,,1923.00,1924.00
高如松,0000009682,中学,省立十中,,1924.00,
高如松,0000009682,学习,中央党校,,1938.00,1945.00
高祀仁,0000009689,学习,合肥工业大学,采矿工程,,1968.00
高祀仁,0000009689,学习,中央党校,,1984.00,1986.00
高万宝扎布,0000009690,本科,长春（伪满新京）建国大学,,1943.00,
高万宝扎布,0000009690,学习,中央党校,,1981.00,
高先海,0000009697,学习,四川农业大学,农学,1978.02,1981.12
高先海,0000009697,博士,西南财经大学,产业经济学,2000.09,2003.07
高旭升,0000009704,本科,云南大学,中文系,1978.02,1982.01
高延青,0000009705,学习,中央党校,党政领导,1983.00,1986.00
高兆兴,0000009721,本科,延安大学,,,
高兆兴,0000009721,学习,中央团校,,,
格桑次仁,0000009735,研究生,四川省工商管理学院,工商管理专业,,
格桑次仁,0000009735,学习,西藏财经学校税训乙班,,1982.07,1984.09
葛洪元,0000009741,学习,湖南省广播电视大学,工业企业经营管理,1983.06,1986.08
葛洪元,0000009741,学习,哈佛大学肯尼迪政府学院第四期公共管理高级培训班,,2005.06,2006.09
葛洪元,0000009741,学习,中央党校,,2010.09,2011.01
龚清概,0000009781,学习,泉州市委党校,,1985.09,1987.07
龚清概,0000009781,学习,中央党校,,2000.08,2002.12
贡保甲,0000009792,,中央民族学院,,,1978.02
古丽夏提·阿不都卡德尔,0000009804,学习,新疆维吾尔自治区喀什地区种畜场,,1975.09,1979.10
古丽夏提·阿不都卡德尔,0000009804,,喀什师范学院,政治理论,1985.09,1987.08
古丽夏提·阿不都卡德尔,0000009804,,天津大学,经济管理,1992.07,1993.08
古丽夏提·阿不都卡德尔,0000009804,,中央党校,,2001.03,2001.07
古丽夏提·阿不都卡德尔,0000009804,函授,中央党校,经济管理,1998.08,2000.12
谷景生,0000009809,中学,山西太原一中,,,
谷正荣,0000009818,,陕北公学,,,
官清,0000009860,高中,长汀一中,,,1958.00
官清,0000009860,,福建农学院,,,1962.00
桂建平,0000009869,,安徽省财贸学院,,,1982.00
郭光洲,0000009882,,马列学院,,,
郭光洲,0000009882,,中央党校,,,
郭连山,0000009903,研究生,北京大学,经济管理,1984.07,1986.07
郭晓华,0000009948,,黑龙江大学,哲学专业,1973.09,1976.09
郭晓华,0000009948,研究生,黑龙江省委党校,哲学专业,1985.09,1987.07
郭迎光,0000009958,本科,郑州大学,哲学专业,1978.10,1982.07
郭迎光,0000009958,培训,河南省委党校,,1996.09,1996.12 
郭迎光,0000009958,研究生,清华大学,科技哲学,1997.05,1999.06
国家森,0000009990,,山东省中青年干部培训团,,2005.00,
哈斯巴根,0000009996,,全国市长研究班,,1983.03,1989.06
苏和,0000009997,学习,绥蒙建国学院,,1945.11,
苏和,0000009997,学习,张家口内蒙古军政学院,,,
韩国宾,0000010008,函授,四川师范大学,思想政治教育,,
韩元利,0000010066,大专,广西百色地区师范学校,中文,1978.02,1981.02 
韩元利,0000010066,,广西师范学院,汉语言文学,1986.09,1988.08
韩元利,0000010066,,东南大学,现代经济与决策管理,1997.10,2000.07
韩元利,0000010066,研究生,广西师范大学,经济史,2004.02,2006.01
郝德青,0000010072,学习,延安中央党校,,1943.00,
郝林海,0000010082,本科,甘肃工业大学,化工机械,1975.00,1978.00
何朝建,0000010109,研究生,广西大学,政治经济学,1999.09,2001.08 
何朝建,0000010109,本科,清华大学,建筑管理,1985.09,1990.07
何赋硕,0000010120,,淮海抗日军政干部学校,,1940.00,
何赋硕,0000010120,,抗日走学第五分枝,,1942.00,
何权,0000010149,,南京师范学院,中文,1975.09,1978.09
何权,0000010149,研究生,南京师范大学与澳大利亚麦考瑞大学合作培养经济学专业,经济学,1997.06,2000.10
何权,0000010149,,中央党校,,2004.03,2004.04
何泽中,0000010190,大专,岳阳地委党校,,1984.09,1986.06
何泽中,0000010190,研究生,中国社会科学院研究生院,商业经济,1994.07,1996.06
何泽中,0000010190,博士,武汉大学,宪法学,1998.09,2001.07
何振中,0000010191,本科,甘肃农业大学,农学,1978.03,
何忠友,0000010201,本科,西南交通大学,计算机,1984.09,1988.07
何忠友,0000010201,学习,公派英国伦敦经济学院,信息系统分析与管理,1995.09,1996.09
何忠友,0000010201,培训,美国马州大学波士顿分校,,2000.09,2001.09
何忠友,0000010201,进修,广东省委党校,,2005.03,2005.05
何忠友,0000010201,进修,中央党校,,2007.11,2008.01
何忠友,0000010201,培训,中央党校,,2013.03,2013.07
贺安杰,0000010216,本科,四川大学,政治经济学,1978.09,1982.08
贺安杰,0000010216,研究生,新加坡南洋理工大学,公共管理,2006.01,2007.01
贺安杰,0000010216,研究生,华中科技大学,经济管理,,
贺仁雨,0000010227,大专,湘潭大学,,1983.00,1985.00
贺同新,0000010229,本科,广东外国语学院,英语,1974.09,1977.08
弘强,0000010248,学习,华中工学院,,1974.09,1977.08
弘强,0000010248,培训,江西省委党校,,1992.02,1992.06
弘强,0000010248,本科,中央党校,,1997.08,1999.02
洪大诚,0000010249,学习,南京工学院,机械制造工艺及其装备,1955.08,
洪发科,0000010250,学习,北京大学,地理系,1977.01,1979.08
洪发科,0000010250,学习,中央党校,,1994.09,1995.07
洪海,0000010253,学习,东京大学,,,
洪海,0000010253,学习,北海道大学,,,
洪海,0000010253,学习,黑龙江大学,,,
洪寿祥,0000010258,学习,中山大学,中文系,1962.09,1967.07
洪寿祥,0000010258,学习,中央党校,,1991.09,1992.07
侯红,0000010273,函授,河北省委党校,政治管理,1991.09,1993.07
侯红,0000010273,研究生,河南大学,政治经济学,1996.11,1998.12
侯红,0000010273,学习,河南省委党校,,2002.03,2002.07
侯红,0000010273,研究生,中央党校,法学理论,2006.09,2009.07
侯伍杰,0000010283,研究生,中央党校,,,
侯伍杰,0000010283,培训,中央党校,,1983.00,
侯淅珉,0000010284,本科,北京大学,自然地理,1981.09,1985.09
侯淅珉,0000010284,研究生,北京大学,社会学,1985.09,1987.07
侯淅珉,0000010284,学习,中央党校,,2001.03,2002.01
侯雄飞,0000010287,学习,四川省阆中师范学校,,1974.10,1976.07
侯雄飞,0000010287,本科,南充师范学院,政治系,1978.10,1982.07
侯雄飞,0000010287,研究生,北京师范大学,中共党史,1985.09,1987.07
胡家燕,0000010326,学习,中国人民大学,国民经济计划,1964.09,1969.09
胡家燕,0000010326,学习,中央党校,,1986.09,1987.07
胡家燕,0000010326,学习,中央党校,,1991.09,1992.07
胡连松,0000010348,学习,合肥工业大学,农机设计,1976.12,1979.09
胡连松,0000010348,本科,中央党校,经济管理,1997.08,1999.12
胡连松,0000010348,进修,中央党校,,1999.03,1999.07
胡世英,0000010361,大专,哈尔滨广播电视大学,中文,1982.09,1985.06
胡世英,0000010361,学习,哈尔滨师范学院,汉语言文学,1986.09,1989.06
胡世英,0000010361,学习,哈尔滨工业大学,技术经济,1993.03,1995.04
胡笑云,0000010379,学习,新疆石油学院,,1960.00,
胡笑云,0000010379,学习,北京石油学院,,1960.00,
华林森,0000010410,学习,沈阳4012学院,,1959.08,
黄昌元,0000010431,进修,新疆维吾尔自治区党委党校,,1984.03,1986.07
黄昌元,0000010431,学习,中央党校,,1995.09,1996.07
黄昌元,0000010431,研究生,中央党校,经济管理,1995.09,1998.07
黄海嵩,0000010465,进修,郑州大学,计统专业,1981.10,1982.07
黄海嵩,0000010465,学习,中国人民大学,国民经济计划学,1984.09,1986.07
黄海嵩,0000010465,学习,河南省委党校,,1992.02,1992.07
黄海嵩,0000010465,研究生,中国人民大学,企业管理,1995.09,1997.12
黄丽满,0000010516,学习,哈尔滨军事工程学院,,,1964.00
黄霖,0000010519,,红军大学,,,
黄明全,0000010526,大专,电大,电子专业,1979.02,1982.02
黄明全,0000010526,学习,中组部和外国专家局、电子工业部组织的第十五期赴美国高级经济研讨班,,1995.10,1995.12
黄明全,0000010526,进修,中央党校,,1996.09,1997.01
黄明全,0000010526,本科,四川省委党校,法律,1995.08,1997.12
黄明全,0000010526,学习,四川大学,经管,1997.09,1999.07
黄明全,0000010526,研究生,四川省委党校,经济专业,1999.09,2001.07
黄琪玉,0000010533,进修,福建省委党校,,2004.03,2004.05
黄绍智,0000010547,学习,昆明医学院,,1960.00,
黄绍智,0000010547,学习,华西医科大学,医疗系,,1965.00
黄世勇,0000010557,学习,广西供销学校河池分校,物价专业,1979.09,1981.07
黄世勇,0000010557,学习,广西经济管理干部学院,计划专业,1986.09,1988.07
黄世勇,0000010557,本科,中央党校,经济管理,1993.08,1995.12
黄世勇,0000010557,研究生,中央党校,经济管理,1998.09,2001.07
黄顺福,0000010562,学习,华东理工大学,基本有机合成,1975.09,1978.07 
黄顺福,0000010562,学习,四川弘道管理学院,工商管理,1996.09,1998.07 
黄顺福,0000010562,研究生,四川省委党校,政治学,1999.09,2001.07 
黄文麟,0000010585,学习,中央党校,,1991.03,1991.07
黄小祥,0000010596,本科,四川大学,经济系,1978.10,1982.07
黄小祥,0000010596,研究生,西南财经大学,经济学,1982.07,1986.02
黄小祥,0000010596,博士,中国社会科学院,政治经济学,1986.02,1988.12
黄小祥,0000010596,进修,中央党校,,2000.09,2001.01
黄延南,0000010603,研究生,广西大学,数学系,,1963.00
黄毅,0000010612,本科,云南农业大学,茶叶专业,1978.02,1982.01
黄毅,0000010612,学习,清华大学,高级公共管理,2004.06,2004.09
黄毅,0000010612,学习,美国哈佛大学,高级公共管理,2004.06,2004.09
黄毅,0000010612,学习,武汉理工大学,产业经济学,2007.09,2010.06
黄志平,0000010645,研究生,中央党校,,,
黄子强,0000010650,本科,华中理工大学,机械制造,,1969.00
火荣贵,0000010657,大专,张掖师范专科学校,中文专业,1979.09,1981.08
火荣贵,0000010657,函授,中央党校,,1990.08,1992.12
火荣贵,0000010657,学习,兰州大学,世界史,1997.09,1999.07
火荣贵,0000010657,学习,中组部第七期公共管理高级培训班,,2009.04,2009.06
计明达,0000010686,学习,河北省立工学院市政水利工程系,,,1937.07
纪鸿尚,0000010691,学习,山东冶金学院,冶金系,,1963.00
纪馨芳,0000010699,学习,沈阳化工学院,无机物专业,,
纪峥,0000010701,本科,宁夏农学院,农学,1980.08,1984.07
纪峥,0000010701,学习,中央党校,,2010.03,2010.07
冀文林,0000010710,本科,中国地质大学,勘查地球物理,1985.09,1989.07
冀文林,0000010710,学习,四川省工商管理学院,,2001.09,2003.07
加保,0000010713,学习,西藏民族学院,师范专业,1960.02,1965.07
贾久民,0000010732,学习,山西大学,冶金系,,1936.00
贾应忠,0000010752,研究生,青海省委党校,,,
贾云标,0000010755,学习,磁县师范学校,,,
简国森,0000010761,初中,,,,
江海燕,0000010774,本科,华南师范学院,政治教育,1979.00,1983.00
江海燕,0000010774,培训,中央党校,,1990.09,1991.07
江海燕,0000010774,学习,中山大学,世界经济,1993.07,1996.08
江海燕,0000010774,学习,中央党校,,2006.03,2007.01
江海燕,0000010774,博士,华中科技大学,教育与经济管理,2006.06,2012.04
江泽林,0000010793,本科,江苏工学院,农业机械,1978.09,1982.02
江泽林,0000010793,博士,中国社会科学院,农业经济,1991.09,1994.07
江泽林,0000010793,学习,中央党校,,2005.09,2006.01
江泽林,0000010793,学习,中央党校,,2008.10,2009.01
江泽林,0000010793,学习,中央党校,,2010.10,2010.11
姜兴和,0000010830,学习,北京航空学院,金属学及热处理,1965.09,1970.08　
蒋大国,0000010847,本科,华中师范大学,,1971.01,1973.10
蒋大国,0000010847,学习,东北师范大学,,1988.01,1989.01
蒋大国,0000010847,学习,日本东京,经济管理,1989.01,1990.01
蒋大国,0000010847,进修,中央党校,,1994.08,1995.01
蒋济雄,0000010852,学习,中山大学,政治经济学,1972.08,1975.08 
蒋济雄,0000010852,学习,广西区委党校,,1986.09,1987.02 
蒋济雄,0000010852,进修,中央党校,,1995.09,1996.02
蒋济雄,0000010852,研究生,广西区委党校,,1996.09,1998.07
蒋亚泉,0000010869,培训,晋察冀北方局工训班,,1939.00,1940.05
蒋仲平,0000010882,培训,中央党校,,1988.09,1989.07
蒋仲平,0000010882,大专,中国行政函授大学,行政管理,1986.04,1988.08
蒋作斌,0000010886,学习,湖南师范学院,政教,1975.09,1978.08
蒋作斌,0000010886,本科,湖南教育学院,政治,1988.09,1991.06
蒋作斌,0000010886,学习,湖南大学,管理科学与工程,1994.01,1997.12
解洪,0000010906,学习,四川财经学院,,1979.00,1983.07
金喜生,0000010946,本科,甘肃农业大学,畜牧专业,1961.09,1965.08
金晓昀,0000010948,学习,宁夏大学,,,1968.07
金银焕,0000010951,学习,山西农学院,,,1974.08
敬中春,0000010979,学习,重庆航务学校,,1958.10,
凯丰,0000010991,中学,萍乡中学,,,1925.00
凯丰,0000010991,学习,武昌高等师范,,1925.00,
凯丰,0000010991,学习,莫斯科中山大学,,1927.12,
康军,0000010998,本科,长安大学,桥梁与隧道工程,1996.06,2000.06
康涛,0000011003,本科,南京大学,经济管理,1980.09,1984.07
康涛,0000011003,研究生,福建省委党校,中共党史与党的建设,2000.09,2003.01
柯茂盛,0000011012,本科,合肥工业大学,机械系,1961.09,1965.09
孔垂柱,0000011025,学习,云南省委党校,,1983.09,1985.08
孔垂柱,0000011025,研究生,中央党校,党建专业,1994.09,1997.01
孔令志,0000011034,学习,扬州工业学院,,,1969.00
孔晓宏,0000011041,本科,安徽农学院,,1982.09,1986.09
孔晓宏,0000011041,研究生,安徽农业大学,农学,1986.09,1989.08
孔晓宏,0000011041,学习,安徽省市县领导干部赴美经济管理培训班,,2002.11,2003.04
库热西·买合苏提,0000011047,学习,新疆军区测绘大队教导队学员,,1977.01,1977.09
库热西·买合苏提,0000011047,学习,解放军测绘学院,航测系,1977.09,1979.02
库热西·买合苏提,0000011047,函授,中央党校,经济管理,1996.08,1998.12
库热西·买合苏提,0000011047,研究生,中央党校,经济管理,2001.09,2004.07
邝小平,0000011050,学习,江西共大总校,,1977.03,1980.01
兰亦农,0000011084,大专,中国人民解放军政治学院,,,1938.09
兰亦农,0000011084,学习,中国人民抗日军政大学,,1938.09,
兰亦农,0000011084,学习,中国人民解放军政治学院,,1957.00,1960.00
蓝佛安,0000011087,学习,湖北财经学院,财政,1981.09,1985.08
蓝佛安,0000011087,学习,广东省委党校,,1998.09,1998.12
蓝佛安,0000011087,学习,广东省委党校,,2000.05,2000.07
蓝佛安,0000011087,学习,广东省委党校,,2005.05,2005.07
蓝佛安,0000011087,学习,中央党校,,2007.09,2008.01
蓝佛安,0000011087,学习,华南理工大学,行政管理,2006.09,2009.06
郎艺珠,0000011100,学习,北京工业大学,化学系,1960.00,
雷建国,0000011112,学习,山东机械工业学校,,1972.05,1974.08
雷建国,0000011112,研究生,山东省委党校,,1995.07,1997.12
雷建国,0000011112,培训,中央党校,,1998.09,1999.07
雷建国,0000011112,研究生,中央党校,经济管理,1998.09,2001.07
黎桂康,0000011132,函授,惠州教育学院,政治经济,1985.09,1988.07
黎桂康,0000011132,学习,中央党校,,1997.03,1997.07
黎桂康,0000011132,研究生,华南师范大学,政治经济学,1995.09,1998.06
黎韦,0000011141,肄业,日本早稻田大学,,,
黎韦,0000011141,学习,延安抗大,,,
李北淮,0000011163,本科,延安军政大学,,,1939.00
李本钧,0000011164,学习,华南师范学院,政治历史,1972.08,1975.08
李本钧,0000011164,研究生,广东省委党校,,1981.11,1985.01
李炳军,0000011168,学习,山东化工学院,有机化工,1980.09,1984.07
李成云,0000011187,学习,上海理工大学,电子自动化,1975.09,1978.08
李成云,0000011187,学习,美国麻省理工学院,,1992.06,1992.08
李成云,0000011187,学习,中央党校,,1997.09,1998.01
李春洪,0000011199,本科,中山大学,经济学,1978.03,1982.01
李春明,0000011201,学习,武汉大学,政治经济学,1974.09,1977.09
李春明,0000011201,研究生,中南财经大学,政治经济学,1985.09,1988.07
李春明,0000011201,博士,中南财经大学,政治经济学,1995.09,1998.07
李豆罗,0000011231,函授,中央党校,党政管理,1988.09,1991.07
李非平,0000011239,本科,延安抗大,,1938.00,1940.00
李福全,0000011251,本科,中央党校,,,
李福全,0000011251,学习,江苏省南京纺织工业学校,针织专业,1965.05,1969.07
李福全,0000011251,学习,东南大学,工商管理,1996.01,1998.01
李刚铤,0000011257,学习,国防科技大学,,,
李根深,0000011260,学习,上海交通大学,,,1951.00
李广涛,0000011273,学习,延安陕北公学四队,,1937.09,1938.01
李广涛,0000011273,学习,中央党校,,1956.09,1957.01
李广涛,0000011273,学习,中央党校,,1980.09,1981.01
李广文,0000011274,学习,河北省立泊镇第九师范学校,,1932.07,
李贵,0000011276,学习,陕北公学,,1939.00,
李贵,0000011276,学习,中央党校,,,
李贵基,0000011278,学习,武汉钢铁学院,选矿,,
李海峰,0000011298,研究生,中央党校,,1983.00,1986.00
李海峰,0000011298,学习,中央党校,,2001.09,2001.11
李宏庆,0000011317,学习,广西财经学校,统计专业,1983.09 ,
李宏庆,0000011317,学习,中南财经大学,计统专业,1988.09,1990.07
李宏庆,0000011317,学习,广西大学,政治经济学,1997.10,1999.12
李继平,0000011355,进修,南京师范学院政治理论专修班,,,1982.00
李继平,0000011355,研究生,中央党校研究生院,,,2002.00
李佳,0000011358,学习,四川省乐山师范,英语专业,1984.09,1987.07
李佳,0000011358,本科,四川省委党校,法律,1995.09,1997.12
李佳,0000011358,学习,四川大学,企业管理,1996.09,1998.10
李佳,0000011358,研究生,中央党校,经济管理,1999.09,2002.07
李佳,0000011358,学习,西南交通大学,行政管理,2009.09,2011.06
李杰翔,0000011381,研究生,中央党校,,,
李乐成,0000011411,本科,华中工学院,机械制造工艺、设备及自动化,1980.09,1984.07
李乐成,0000011411,培训,湖北省委党校,,2002.09,2002.11
李乐成,0000011411,学习,国务院发展中心、清华大学、美国哈佛大学组织的公共管理高级培训班,,2003.07,2003.09
李乐光,0000011412,本科,清华大学,,,1931.00
李明先,0000011441,学习,西北工业大学,,1964.08,1969.09
李慕,0000011445,学习,中共蓬莱县委举办的国防教育训练班,,1938.07,
李宁波,0000011446,学习,河池师范专科学校,数学,1979.09,1982.07
李宁波,0000011446,学习,中国社会科学院,财政学,1996.04,1998.04 
李宁波,0000011446,研究生,广西师范大学,国民经济学,2001.10,2003.10 
李宁波,0000011446,学习,中央党校,,2007.03,2007.07
李培育,0000011452,学习,清华大学,自动化,1979.08,1984.06
李培育,0000011452,研究生,清华大学,经济系,1984.08,1987.06
李培育,0000011452,学习,北京第二外国语学院,,1989.09,1990.01
李培育,0000011452,访问学者,美国匹兹堡大学,,1991.01,1992.01
李鹏新,0000011455,学习,青海师范学院中文系,中文专业,1979.09,1983.08
李鹏新,0000011455,培训,青海省委组织部选调生培训班,,1983.08,1983.09
李鹏新,0000011455,学习,中央党校函授学院领导干部函授班,经济管理专业,1995.08,1997.12
李鹏新,0000011455,培训,中央党校中青年干部培训班,,1998.09,1999.07
李鹏新,0000011455,研究生,中央党校,法学理论专业,1998.09,2001.07
李琦,0000011462,学习,延安中央党校,,1943.00,
李清林,0000011470,本科,哈尔滨师范学院,中文专业,1963.08,1967.09
李清林,0000011470,学习,中央干部进修班,,1985.09,1986.01
李锐,0000011489,学习,宁夏回族自治区海原县教师进修学校,,1980.07,1982.07
李锐,0000011489,研究生,中央党校,,,
李少英,0000011504,大专,广西区委党校,,,
李树国,0000011536,本科,中央党校,,,
李树铭,0000011537,研究生,东北师范大学,马克思主义哲学,,
李太银,0000011551,学习,西南师范大学,中文系,,1976.00
李统书,0000011562,学习,广东广播电视大学,党政管理,1984.09,1987.07
李文荣,0000011582,本科,湖南大学,机械制造,1980.09,1984.07
李文荣,0000011582,学习,云南大学,,1995.09,1997.06
李小敏,0000011615,本科,南京大学,欧洲资本主义经济社会发展史,1979.09,1983.08
李小敏,0000011615,博士,南京大学,城市发展战略,2002.09,
李选生,0000011641,本科,青海省民族学院,少语系,,
李言,0000011652,学习,河北银行学习,财政,1983.09,1985.08
李言,0000011652,学习,中央财政金融学校,税收专业,1989.07,1992.07
李言,0000011652,学习,中央党校,经济管理,1993.08,1995.12
李言,0000011652,研究生,中国社会科学院,企业管理,1996.12,1998.11 
李一夫,0000011667,学习,丰润县师范讲习所,,,
李永寿,0000011694,本科,中央党校,政法,,
李原,0000011720,本科,燕京大学新闻系,,,1945.00
李智廉,0000011763,学习,西北大学,地质系,,1963.07
李中央,0000011766,大专,河南省委党校,,1983.09,1985.07
李中央,0000011766,学习,中共团校,,1980.07,1980.12
李中央,0000011766,学习,河南省委党地厅级干部班,,1989.04,1989.07
李忠保,0000011767,学习,青海省军分区教导处,,1969.10,"1970,05"
李子彬,0000011772,学习,清华大学,工程化学,1958.09 ,1964.09
李祖卫,0000011780,学习,北京工业学院,机械专业,,1960.00
连辑,0000011795,本科,辽宁大学,中文专业,1978.03,1982.02
连辑,0000011795,进修,中国社会科学院,企业管理,1996.05,1998.05
连辑,0000011795,学习,清华大学,,2004.09,2006.07
梁成军,0000011808,研究生,哈尔滨工程大学,经济法学,,
梁成业,0000011809,学习,国立桂林师范学院,,,
梁凤民,0000011820,学习,陕西省委党校,,1989.03,1989.07
梁凤民,0000011820,学习,陕西省委党校,,1995.03,1995.06
梁凤民,0000011820,函授,中央党校,经济管理,1993.08,1995.12
梁惠玲,0000011828,本科,华中师范学院,汉语言文学,1979.10,1983.07
梁惠玲,0000011828,学习,中央团校,,1987.04,1987.06
梁惠玲,0000011828,学习,襄樊市委党校,,1991.03,1991.06
梁惠玲,0000011828,学习,谷城县委党校,,1995.02,1995.07
梁惠玲,0000011828,学习,全国城市市长培训中心,,1998.10,1998.11
梁惠玲,0000011828,研究生,湖北省委党校,政治经济学,1996.09,1999.07
梁平波,0000011852,学习,中央美术学院,,,1964.00
梁平波,0000011852,学习,浙江美术学院,,,1970.00
梁绍棠,0000011855,学习,华南师范大学,,1983.09,1985.12
梁威林,0000011862,专科,广西桂林师范专科学校,,1933.00,1934.00
梁威林,0000011862,学习,日本大学,政治经济学专业,1935.01,
梁志敏,0000011886,学习,云南省曲靖地委党校,,1987.09,1989.07
林宝金,0000011925,研究生,中央党校,,,
林彬杨,0000011928,学习,江西师范大学,地理专业,1982.09,
林彬杨,0000011928,学习,江西省委党校,,2000.03,2000.07
林彬杨,0000011928,研究生,江西财经大学,工商管理,2010.02,2011.12
林大穆,0000011935,中学,晋江县立初级中学（现泉州第一中学）,,1947.00,
林枫,0000011939,学习,天津南开中学,,,
林健东,0000011956,大专,丽水地委党校,党政管理,1984.08,1986.08
林健东,0000011956,本科,中央党校,经济管理,1999.08,2001.12
林健东,0000011956,学习,浙江省委党校,,2010.08,2010.10
林开钦,0000011965,学习,中央党校,,1979.02,1979.11
林亮,0000011970,本科,清华大学,,,1937.00
林祥国,0000012016,学习,江苏师范大学,物理专业,1972.03,1974.07
林兴胜,0000012021,学习,钱坑中学,,1945.00,1947.00
林亚松,0000012023,研究生,党校,,,
林元和,0000012036,学习,合肥工业大学,机械系锻压加工,1973.09,1976.09
林元和,0000012036,研究生,中国科技大学,管理科学与工程专业,1997.09,2001.01 
林元和,0000012036,学习,国家行政学院省部级金融班,,1999.03 ,
林元和,0000012036,学习,中组部、省部级干部WTO规则吸收外资政策法规研究班,,2001.00,
林志群,0000012044,中学,大田第一中学,,,
林志群,0000012044,学习,集美职业学校高农,,,
林志群,0000012044,本科,中共中央马列学院（中央高级党校前身）,,1951.09,
刘成栋,0000012080,肄业,北平辅仁大学,,,
刘成栋,0000012080,学习,延安中央党校,,1937.00,
刘德章,0000012103,学习,北京林学院,,,
刘德章,0000012103,研究生,中央党校,,,
刘光中,0000012132,学习,长安大学,汽车系,1962.09,
刘国中,0000012141,学习,华东工程学院,触发引信设计与制造,1978.10,1982.08
刘国中,0000012141,学习,哈尔滨工业大学,压力加工,1985.09,1988.09
刘国中,0000012141,学习,哈尔滨工业大学,系统工程,1988.09,1990.06
刘和生,0000012151,学习,湖南农学院衡阳分院,,1978.09,1981.07
刘和生,0000012151,学习,湘潭大学,法律,1989.06,1992.06
刘和生,0000012151,本科,中央党校,经济管理,1999.07,2001.07
刘和生,0000012151,学习,美国巴尔的摩大学,经济管理行政管理,2003.12,2004.06
刘宏建,0000012155,本科,南京航空学院,动力装置控制工程,1979.09,1983.07
刘宏建,0000012155,研究生,南京航空学院,航空发动机专业,1985.09,1988.04
刘宏建,0000012155,学习,中央党校,,2001.09,2002.01
刘家栋,0000012180,本科,延安抗大,,1937.11,
刘俊臣,0000012216,本科,郑州大学,法律,1979.09,1983.07
刘俊臣,0000012216,研究生,吉林大学,民法,1983.07,1986.07
刘俊臣,0000012216,博士,中国人民大学,民商法,1998.09,2002.07
刘俊臣,0000012216,学习,中央党校,,2005.03,2006.01
刘俊谦,0000012218,学习,呼和浩特交通学校,,,1968.07
刘俊谦,0000012218,学习,中国社会科学院,,,1998.03
刘礼祖,0000012228,研究生,中央党校,,,
刘力,0000012229,本科,北京经济学院,工业经济,1979.09,1983.07
刘力伟,0000012232,本科,湘潭大学,经济系,1978.03,1982.01
刘莲玉,0000012240,大专,常德师专,中文专业,1978.03,1980.12
刘莲玉,0000012240,学习,中央党校,,1995.09,1996.07
刘莲玉,0000012240,学习,湖南大学,工商管理,1996.09,1998.12
刘莲玉,0000012240,学习,延安干部学院,,2005.09,
刘莲玉,0000012240,学习,清华—哈佛公共管理高级培训班,,2006.06,2006.09
刘南方,0000012257,本科,江西大学中文系,,1960.09,1964.08
刘奇凡,0000012262,本科,厦门大学,政治经济学,1984.09,1988.08
刘奇凡,0000012262,学习,南开大学,企业管理,1998.09,2001.06
刘奇凡,0000012262,学习,贵州省委党校,,2004.10,2004.12
刘庆强,0000012278,本科,安徽大学,哲学系,,
刘日知,0000012286,研究生,中央党校,,,
刘上洋,0000012299,本科,江西师范大学,中文系,,
刘上洋,0000012299,研究生,中央党校,经济管理,,
刘顺元,0000012324,学习,北京师范大学,英文系,,1928.00
刘思聪,0000012325,学习,延安中央党校,,1939.00,
刘特夫,0000012329,学习,济南第一师范学校,,,
刘廷耀,0000012335,学习,沈阳农学院,,,
刘维隆,0000012339,学习,陕西省委党校,,1982.04,1984.02
刘维隆,0000012339,学习,中央党校,,1993.09,1994.08
刘维隆,0000012339,研究生,中央党校,政治经济学,1993.06,1996.04
刘卫平,0000012346,本科,江西大学,中文系,1980.09,1984.08
刘小河,0000012378,学习,西安交通大学,机械系,1976.10,1979.09
刘小河,0000012378,函授,中央党校,经济管理,1998.09,2000.12
刘新文,0000012389,学习,陕西省委党校,政治经济,1979.10,1981.12
刘新文,0000012389,学习,中央党校,,1996.09,1997.07
刘新文,0000012389,研究生,西安交通大学,产业经济学,1996.09,2001.05
刘星泰,0000012391,学习,山东省机械工业学校,机械制造,1980.09,1983.07
刘星泰,0000012391,研究生,山东省委党校,,,
刘亚雄,0000012407,学习,太原女子师范学校,,,1920.00
刘亚雄,0000012407,学习,北京国立女子师范大学,,,1923.00
刘亚雄,0000012407,学习,苏联莫斯科中山大学,,1926.09,1928.00
刘永瑞,0000012432,研究生,中央党校,,,
刘玉浦,0000012448,学习,东北工学院,电冶金,1973.09,1976.11
刘玉浦,0000012448,学习,中央党校,,1985.06,1986.01 
刘玉浦,0000012448,研究生,中央党校,世界经济,1995.09,1998.07 
刘云,0000012462,学习,宁夏农学院,园林系,1973.09,1976.09
刘云,0000012462,本科,中央党校,经济管理,1993.07,1996.07
刘云鹤,0000012464,学习,延安抗日军政大学,,1938.08,
刘云山,0000012466,学习,内蒙古自治区集宁师范学校,,1964.00,1968.00
刘云山,0000012466,函授,中央党校,党政管理,1989.00,1992.00
刘云柱,0000012467,学习,解放军西安工程兵学院,,1965.08,1970.07
刘战平,0000012476,本科,中央党校,,,
刘振本,0000012491,本科,华东建国大学,,1947.00,
刘志杰,0000012506,学习,中央党校,,1997.09,1998.07
刘志杰,0000012506,研究生,中央党校,政治学,1997.09,2000.07
刘志杰,0000012506,学习,山西农业大学,农业推广,2002.03,2004.12
刘志杰,0000012506,学习,中央党校,,2005.09,2006.01
刘壮民,0000012518,学习,榆林地区地干校师范班,,1948.00,1950.00
楼阳生,0000012570,学习,中央党校,,1993.09,1994.07
楼阳生,0000012570,研究生,浙江大学,工商管理,1994.09,1997.06
楼阳生,0000012570,学习,美国休斯顿大学,经济管理,1999.02,1999.06
卢声亮,0000012596,学习,中国人民大学,计统专修,,1955.00
卢万里,0000012602,学习,,,,
卢文舸,0000012605,学习,中央党校,,1984.09,1986.07
鲁松庭,0000012626,研究生,中央党校,,,
罗殿龙,0000012697,本科,广西大学,哲学专业,1978.10,1982.07
罗殿龙,0000012697,进修,中山大学,马克思主义哲学,1995.07,1997.08
罗殿龙,0000012697,学习,中央党校,,2000.03,2001.01
罗殿龙,0000012697,研究生,中央党校,法学理论,2000.03,2003.01
罗辉,0000012708,学习,华中工学院,机二系,1974.10,1977.07
罗辉,0000012708,研究生,武汉华中工学院,力学系,1978.10,1981.01
罗良仰,0000012723,学习,成都电讯工程学院,电真空化工,,
罗林书,0000012724,大专,四川轻化工学院,企业管理,1983.09,1985.06
罗勤宏,0000012732,学习,四川省委党校,党政管理,1983.08,1985.07
罗勤宏,0000012732,学习,四川省委二党校,,1992.02,1992.07
罗勤宏,0000012732,研究生,四川省委党校,现代管理,2002.03,2004.07
罗松达哇,0000012745,学习,中国农业银行天津发行干部学校,,1984.01,1985.01
罗松达哇,0000012745,函授,中央党校,经济管理,1995.08,1997.12
罗松达哇,0000012745,进修,中央党校,,2003.09,2004.01
罗松达哇,0000012745,研究生,中央党校,经济管理,2004.03,2006.01
罗啸天,0000012757,大专,内蒙古农牧学院,经济管理,1983.09,1985.09
罗啸天,0000012757,进修,吉林大学,马克思主义理论教育,1996.10,1998.04
罗啸天,0000012757,进修,中央党校,,1999.03,1999.07
罗啸天,0000012757,进修,中央民族大学,中国少数民族经济,1999.09,2002.07
罗扬实,0000012759,学习,甘肃学院,,1937.00,
罗扬实,0000012759,学习,中央党校,,,
罗永纲,0000012763,大专,呼和浩特教育学院,生物系,1984.09,1986.07
罗永纲,0000012763,本科,内蒙古师范大学,生物系,1992.09,1995.07
罗永纲,0000012763,研究生,中国社科院,,1996.12,1998.11
罗永纲,0000012763,研究生,内蒙古师范大学,,2004.09,2007.12
罗永纲,0000012763,研究生,美国蒙大拿大学,MBA,2005.10,2005.12
罗月林,0000012767,大专,湖南中医学院,中药,1965.09,1968.09
罗月林,0000012767,本科,上海医科大学,,1974.09,1977.09
罗增斌,0000012770,本科,四川农业大学,林学,1986.09,1990.07
罗增斌,0000012770,学习,四川行政学院,,1996.11,1996.12
罗增斌,0000012770,研究生,四川大学,管理科学与工程,1998.09,2000.08
洛桑旦达,0000012785,,西德乡小学,,1962.00,1965.00
洛桑旦达,0000012785,,阿里地区昆萨干校,供销社会计,1966.00,1967.00
洛桑旦达,0000012785,进修,新疆自治区党校,,1978.00,1979.00
洛桑旦达,0000012785,研究生,中央党校,经济学,2001.00,2003.00
骆德春,0000012790,研究生,省委党校,经济管理,,
骆玉林,0000012798,进修,中央财政管理干部学院,,1984.07,1986.07
骆玉林,0000012798,函授,中央党校,经济管理,1996.08,1998.12
骆玉林,0000012798,研究生,南财经学院,金融学,1998.01,1999.12
吕日周,0000012825,本科,山西大学,中文,,1969.00
吕在模,0000012838,专修,省委党校,,1983.09,1985.07
麻贵书,0000012840,,河北省立邢台师范学校,,1932.07,
麻贵书,0000012840,学习,晋东特委党校,,1938.05,
马成德,0000012851,肄业,北平大学,,,
马赋广,0000012874,深造,中央公安学院,,1952.00,
马继孔,0000012889,,中央局党校,,1946.00,
马继孔,0000012889,肄业,清华大学,,,
马明,0000012913,本科,吉林财贸学院,财政,1978.08,1982.08
马明,0000012913,研究生,吉林大学,世界经济,1998.01,2001.07
马明成,0000012914,学习,昌吉州职工大学,汉语言文学,1981.09,1983.09
马明成,0000012914,学习,新疆维吾尔自治区党委党校,政治理论,1983.09,1985.07
马明成,0000012914,学习,新疆维吾尔自治区党委党校,,1986.09,1987.01
马明成,0000012914,学习,中央党校,,1994.04,1994.11
马明成,0000012914,学习,中央党校,经济管理,1995.08,1997.12
马明成,0000012914,进修,南京农业大学,土地经济与管理,1996.04,1998.05
马明成,0000012914,培训,中国浦东干部学院,,2005.09,2005.12
马世昌,0000012936,大专,江西行政管理干部学院,政治,,1985.00
马天荣,0000012945,本科,山西大学,历史,1978.03,1982.01
马天荣,0000012945,培训,中组部在清华大学、美国哈佛大学肯尼迪政府学院举办的第六期领导干部公共管理高级培训班,,2008.04,2008.06
马廷礼,0000012948,本科,宁夏大学,物理,1979.09,1983.07
马廷礼,0000012948,学习,中央党校,,2002.03,2002.05
马廷礼,0000012948,研究生,东北大学,计算机技术,2001.09,2006.03
马万令,0000012951,学习,开封师院,化学,1965.09,1969.07
马万令,0000012951,学习,中央党校,,1986.09,1987.07
马万令,0000012951,培训,中央党校,,1995.09,1996.07
马相村,0000012968,学习,西藏民族学院,语文,1987.09,1989.07
马相村,0000012968,研究生,四川工商管理学院,MBA,2001.09,2003.07
马兴瑞,0000012972,本科,阜新矿业学院,工程力学,1978.10,1982.07
马兴瑞,0000012972,研究生,天津大学,一般力学,1982.07,1985.03
马兴瑞,0000012972,博士,哈尔滨工业大学,一般力学,1985.03,1988.03
马兴瑞,0000012972,进修,中央党校,,2004.11,2005.01
马兴瑞,0000012972,进修,中央党校,,2010.03,2010.04
马彦平,0000012979,研究生,人民银行总行金融研究所,货币银行学,1987.06,
马宜生,0000012982,学习,南京军事学院,,1954.00,
马宇骏,0000012990,本科,河北师范大学,地理,1982.09,1986.07
马宇骏,0000012990,研究生,河北师范大学,经济地理,1986.07,1989.07
马宇骏,0000012990,培训,中央党校,,2009.03,2010.01
马祖灵,0000013014,,西北农学院,,,1948.00
买买提·热介甫,0000013018,学习,中央民族学院,汉语,1965.09,1967.09
买买提艾山·托乎达力,0000013019,学习,喀什地区农校,畜牧兽医,1964.08,1968.09
买买提艾山·托乎达力,0000013019,培训,中央民族学院,党政干部管理,1985.09,1987.07
买买提艾山·托乎达力,0000013019,学习,中央党校,,1990.09,1991.07
买买提艾山·托乎达力,0000013019,函授,自治区党委党校,行政管理,1999.09,2002.03
买买提艾山·托乎达力,0000013019,进修,中央党校,,2000.03,2000.07
麦尔丹·木盖提,0000013023,研究生,澳大利亚阿德来德大学,农商学,1996.01,1998.01
麦尔丹·木盖提,0000013023,培训,中央党校,,2005.09,2006.01
芒力克·斯依提,0000013029,本科,新疆工学院,化工,,
毛凤兰,0000013034,,中央党校,马克思主义哲学,,
梅楚波,0000013059,本科,华中工学院,水力发电厂专业,1962.08,
孟广遂,0000013084,本科,黑龙江大学,哲学,,
苗圩,0000013126,研究生,中央党校,世界经济,,
苗圩,0000013126,本科,合肥工业大学,内燃机,,1982.00
苗银柱,0000013127,学习,内蒙古财经学院,,1979.08,1983.08
苗银柱,0000013127,培训,内蒙古党校,,1983.08,1984.01
牟本理,0000013153,研究生,西北师范大学,中文,,1970.00
木太力甫·吾布力,0000013165,本科,喀什师范学院,维吾尔语文学,1978.09,1983.07
木太力甫·吾布力,0000013165,学习,新疆维吾尔自治区党委党校,政治理论,1985.03,1985.06
木太力甫·吾布力,0000013165,进修,新疆维吾尔自治区党委党校,,1997.09,1997.12
木太力甫·吾布力,0000013165,培训,新疆维吾尔自治区党委党校,,2000.09,2000.12
慕绥新,0000013168,本科,清华大学,电机制造,,1970.03
穆铁礼甫·哈斯木,0000013170,学习,新疆维吾尔自治区库尔勒公路总段“721”工人大学,公路工程,1976.05,1978.03
穆铁礼甫·哈斯木,0000013170,学习,交通部呼和浩特交通学校,汽车运输,1978.02,1980.08
穆铁礼甫·哈斯木,0000013170,学习,北京交通管理学院,运输管理,1991.03,1992.01
穆铁礼甫·哈斯木,0000013170,学习,中央党校,,1995.09,1996.07
穆铁礼甫·哈斯木,0000013170,研究生,中央党校,经济管理,1995.09,1998.07
纳杰,0000013177,研究生,澳门科技大学,工商管理,,
纳杰,0000013177,本科,成都科技大学,化工机械,,1982.02
乃登,0000013180,学习,内蒙古党校,,1964.10,1967.01
南杰,0000013181,本科,,,,
倪玉平,0000013197,学习,安徽省物资学校,供销,1979.09,1981.07
倪玉平,0000013197,专修,中国人民大学,,1986.08,1988.06
倪玉平,0000013197,本科,安徽省委党校,经管,2002.08,2004.12
倪玉平,0000013197,研究生,安徽省委党校,法学,2005.09,2008.07
牛海军,0000013226,,东北工学院,,,
欧阳斌,0000013246,大专,邵阳师范专科学校,中文,1978.03,1980.11
欧阳斌,0000013246,进修,中央党校,,1989.02,1989.07
欧阳斌,0000013246,培训,中央党校,,1944.09,1995.07
欧阳斌,0000013246,研究生,中央党校,经济管理,1994.09,1997.01
欧阳斌,0000013246,博士,湖南师范大学,中国近现代史,1995.09,1998.06
欧阳松,0000013252,本科,,,,
彭崇谷,0000013332,本科,湖南师范学院,政治,1978.03,1982.01
彭国甫,0000013338,学习,湘潭大学,,1980.09,1984.07
彭国甫,0000013338,研究生,湘潭大学,哲学,1987.09,1990.07
彭国甫,0000013338,培训,中央党校,,1999.09,2000.01
彭国甫,0000013338,博士,湖南大学,,2001.09,2004.07
彭国甫,0000013338,培训,中央党校,,2010.03,
彭佳学,0000013342,本科,武汉水利电力学院,农田水利工程,1982.09,1986.07
彭佳学,0000013342,研究生,武汉水利电力学院,农田水利工程,1986.07,1989.07
彭佳学,0000013342,培训,省委党校,,2002.03,2002.07
彭昆生,0000013348,高中,兴国中学,,,1959.00
彭昆生,0000013348,本科,江西农学院,园艺,,1963.00
彭茂吾,0000013351,高中,双峰一中,,,1962.00
彭茂吾,0000013351,本科,湖南财经学院（现湖南大学）,,,
彭益民,0000013369,研究生,,,,
彭友东,0000013373,高中,河南省光山县第二高级中学,,1979.09,1982.07
彭友东,0000013373,本科,湖南大学,分析化学,1982.09,1986.08
彭友东,0000013373,研究生,北京大学,公共管理,2004.03,2007.01
彭友东,0000013373,培训,中央党校,,2008.09,2009.01
普贵忠,0000013390,初中,峨山中学,,,1945.04
普贵忠,0000013390,高中,云大附中,,,
漆林,0000013400,本科,湖北大学（现中南财经政法大学）法律系,法律专业,,1963.00
漆林,0000013400,进修,中央党校进修一班,,1994.09,1994.11
其美仁增,0000013428,本科,西藏农牧学院,兽医,1974.11,1980.07
其美仁增,0000013428,培训,西藏自治区党委党校,,1992.08,1992.11
其美仁增,0000013428,培训,中央党校,,1993.09,1994.07
其美仁增,0000013428,研究生,中央党校,经济管理,2007.09,2010.07
钱兴中,0000013445,大专,,,,
乔传秀,0000013458,专修,安徽大学,,1983.09,1985.07
乔传秀,0000013458,函授,中央党校,党政管理,1994.08,1996.12
乔传秀,0000013458,研究生,中央党校,政治学,1998.09,2001.07
乔吉甫,0000013462,学习,河北石家庄高级步兵学校,,1978.09,1980.04
乔吉甫,0000013462,本科,中央党校,,,
秦家浩,0000013481,本科,华东纺织工学院,设计,,
秦尧基,0000013494,本科,,,,1961.00
邱树华,0000013524,本科,新疆广播电视大学,工业会计,1993.09,1995.07
邱树华,0000013524,研究生,西北农林科技大学,农经管理,1998.09,2000.07
邱树华,0000013524,培训,新疆自治区党委党校,,2001.03,2001.06
邱树华,0000013524,研究生,新疆财经大学,高级管理人员工商管理硕士,2009.12,2011.12
邱玉泉,0000013531,,牡丹江师范学校,,1972.09,1975.08
邱玉泉,0000013531,大专,省电大,中文,1982.09,1985.07
邱玉泉,0000013531,本科,省委党校,经管,1989.03,1992.02
邱玉泉,0000013531,研究生,哈尔滨师范大学,经济管理,1993.03,1996.03
裘东耀,0000013533,本科,中央党校,,,
瞿素芬,0000013540,大专,台州师范专科学校,,,
瞿素芬,0000013540,研究生,中共中央党校,,,
曲加,0000013547,,西藏日土县小学,,1954.12,1956.03
曲加,0000013547,学习,中央团校、西藏公学,,1956.03,1959.08
曲加,0000013547,培训,中央党校,,1981.02,1982.00
曲加,0000013547,中专,中央政法干校,,1959.07,1964.08
全文甫,0000013557,本科,上海交通大学,,1961.09,1966.00
全文甫,0000013557,进修,中央党校,,1989.02,1989.07
饶益刚,0000013571,高中,,,,1966.00
饶益刚,0000013571,本科,合肥工业大学,电机制造,,1973.00
饶益刚,0000013571,研究生,中国社会科学院,商业经济,,1998.00
任启兴,0000013598,学习,淮南矿业学院,采矿,1962.09,1967.10
任启兴,0000013598,学习,山东矿业学院,采矿,1962.09,1967.10
任燮康,0000013610,研究生,,,,
任学锋,0000013613,本科,河北工学院,有机化工,1984.09,1988.09
任学锋,0000013613,研究生,河北工学院,高分子材料,1988.09,1991.04
任学锋,0000013613,博士,南开大学,企业管理,1995.09,1998.12
任学锋,0000013613,学习,美国西弗吉尼亚大学,工商管理,1996.07,1997.02
任学锋,0000013613,博士后,天津大学,管理科学与工程,1999.12,2001.12
阮慕韩,0000013630,中学,通县潞河中学,,,
桑吉悦希,0000013644,学习,中共中央党校,,1937.00,
沙拜次力,0000013651,学习,西北民族学院,藏语文,1973.10,1977.03
沙拜次力,0000013651,学习,省委党校,,1980.08,1980.12
沙拜次力,0000013651,本科,中国人民大学,经营,1995.09,1997.12
沙拜次力,0000013651,研究生,中国人民大学,国民经济管理,1999.09,2001.07
尚子锦,0000013680,大专,中国大学,政治经济,1930.00,
邵秉仁,0000013682,本科,北京农业机械化学院（今中国农业大学）,农业机械化,1963.09,
邵桂芳,0000013686,本科,安徽理工大学,采矿工程,1963.08,1969.09
申力生,0000013705,学习,中央党校,,1937.05,
申力生,0000013705,学习,中共中央党校,,1941.00,1945.00
申立国,0000013706,专修,黑龙江省委党校,党政干部,1984.00,1986.00
申立国,0000013706,培训,中央党校,,1990.00,1991.00
申立国,0000013706,研究生,中央党校,政治经济学,1993.00,1996.00
沈北海,0000013714,本科,广西大学,新闻,1978.02,1982.01
沈北海,0000013714,培训,南开大学,,1985.06,1986.03
沈北海,0000013714,研究生,中国社会科学院,商业经济,1995.07,1997.07
沈北海,0000013714,进修,中央党校,,2000.03,2000.07
沈北海,0000013714,进修,中央党校,,2006.00,
沈立人,0000013728,高中,长沙市明德中学,,,1937.00
沈素琍,0000013734,学习,六安师范专科学校,中文,1979.10,1981.08
沈素琍,0000013734,函授,中央党校,经济管理,1993.08,1995.12
沈素琍,0000013734,培训,中央党校,,1996.09,1997.07
沈素琍,0000013734,研究生,中央党校,经济管理,1996.09,1999.07
沈素琍,0000013734,培训,参加中组部举办的省部级干部第五期英语强化班,,2010.04,2010.07
沈跃跃,0000013745,大专,宁波师范专科学校,数学,1978.06,1980.07
沈跃跃,0000013745,培训,中央党校,,1990.09,1991.07
沈跃跃,0000013745,本科,中央党校,经济管理,1990.08,1992.12
沈跃跃,0000013745,研究生,中央党校,经济管理,1995.09,1998.07
盛茂林,0000013752,专修,省广播电视大学郴州分校,,1984.09,1986.07
盛茂林,0000013752,研究生,中国社会科学院,商业经济,1994.07,1996.06
盛茂林,0000013752,培训,中央党校,,1995.09,1996.07
盛茂林,0000013752,函授,中央党校,法律,2004.08,2006.12
施殿金,0000013765,本科,吉林农业大学,,1964.08,1968.12
施国兴,0000013766,大专,扬州师范学院,化学,,1960.07
石生荣,0000013802,学习,参加塞北工委整风,,1943.12,
石生荣,0000013802,学习,华北文化干校,,1955.00,1957.00
石泰峰,0000013804,学习,山西机床厂技工学校,,1975.09,1977.07
石泰峰,0000013804,本科,北京大学,法律学,1978.09,1982.09
石泰峰,0000013804,研究生,北京大学,法学基础理论,1982.09,1985.07
石泰峰,0000013804,进修,荷兰阿姆斯特丹大学,法学,1991.09,1992.09
石玉珍,0000013810,学习,中共中央读书班,,1975.02,
石玉珍,0000013810,学习,中央党校,,1979.09,1980.01
石玉珍,0000013810,培训,湖南师范大学,文史,1983.03,1985.02
石玉珍,0000013810,函授,中央党校,经济管理,1997.08,1999.12
石兆彬,0000013816,本科,,,,
石忠信,0000013820,本科,中国企业管理刊授大学,企业管理,1983.09,1986.09
石忠信,0000013820,培训,中央党校,,1995.09,1996.07
石忠信,0000013820,研究生,中央党校,法学,1995.09,1998.07
史大刚,0000013826,本科,新疆八一农学院,植保,1978.03,1982.02
史大刚,0000013826,学习,新疆维吾尔自治区党委党校,,1993.03,1993.05
史大刚,0000013826,培训,中央党校,,2001.09,2002.01
史大刚,0000013826,培训,中央党校,,2008.09,2009.01
史建勇,0000013832,本科,自治区政法干部管理学院,法律,,
史宁安,0000013838,大专,新乡师范学院,数学,1974.09,1977.09
史宁安,0000013838,研究生,天津大学,工商管理,,
史宁安,0000013838,本科,河南师范大学,数学,,
史文清,0000013842,大专,内蒙古自治区委党校,,1984.10,1986.08
史文清,0000013842,研究生,陕西财经学院,货币银行学,1992.09,1995.07
史文清,0000013842,博士,西安交通大学,产业经济学,1998.09,2000.12
史文清,0000013842,培训,中央党校,,2004.03,2005.01
史翔,0000013844,学习,合肥粮校,油脂制取,1980.07,1982.07
史翔,0000013844,大专,安徽省广播电视大学,电气工程,1984.09,1987.09
史翔,0000013844,本科,中央党校,经济管理,1993.08,1995.12
史翔,0000013844,研究生,中央党校,经济管理,1998.09,2001.07
史翔,0000013844,进修,安徽省委党校,,2001.09,2001.12
史翔,0000013844,培训,中央党校,,2008.03,2009.01
史耀斌,0000013845,本科,吉林财贸学院,会计,1978.10,1982.09
史耀斌,0000013845,研究生,财政部财政科学研究所,会计学,1984.08,1987.07
史耀斌,0000013845,研究生,英国巴斯大学,税收,1991.09,1992.10
史耀斌,0000013845,博士,财政部财政科学研究所,财政学,1996.09,2000.07
树海,0000013860,本科,上海暨南大学文学院,,,
斯鑫良,0000013877,本科,浙江农业大学,畜牧兽医,1972.09,1975.10
斯鑫良,0000013877,培训,中央党校,,1984.09,1986.09
斯鑫良,0000013877,进修,中央党校,,1997.03,1997.07
佀志广,0000013878,本科,暨南大学,历史学,1963.00,
宋朝华,0000013887,大专,温江师范专科学校,中文,1980.09,1983.07
宋朝华,0000013887,本科,四川省委党校,法律,1996.09,1998.12
宋春华,0000013890,本科,清华大学建筑系,,1966.00,
宋光,0000013893,培训,中共中央青年工作委员会举办的安吴青训班,,1938.00,
宋军继,0000013904,研究生,复旦大学,政治经济学,1991.09,1994.06
宋军继,0000013904,研究生,美国纽海文大学,公共管理,2000.05,2004.08
宋军继,0000013904,博士,北京大学,区域经济,2001.09,2005.07
宋善礼,0000013921,学习,成都大学,政工,1985.09,1987.07
宋善礼,0000013921,进修,中央党校,,1999.09,2001.01
宋淑艾,0000013927,本科,,,,
苏海棠,0000013966,本科,中国人民大学,哲学,1981.09,1985.07
苏海棠,0000013966,研究生,中国人民大学,辩证唯物主义与历史唯物主义,1985.09,1987.07
苏平凡,0000013983,本科,皖南大学（今安徽师范大学）,物理,1958.09,1962.09
苏晓云,0000013994,培训,中央党校,,1983.09,1986.09
苏增添,0000014001,本科,复旦大学,工业经济,1975.10,1978.08
苏增添,0000014001,研究生,厦门大学,世界经济,1994.09,1997.07
粟裕,0000014007,学习,第八国民学校,,1916.00,
粟裕,0000014007,学习,粟氏私立初级国民学校,,1918.00,
粟裕,0000014007,小学,会同县立第一高等小学,,,
粟裕,0000014007,小学,湖南省立第二师范学校（常德）附小,,1924.03,
粟裕,0000014007,中学,平民中学,,,
粟裕,0000014007,学习,省立二师,,1925.00,
孙昌华,0000014022,研究生,中央党校,政治理论,,
孙楚寅,0000014025,本科,,,,
孙大光,0000014026,本科,沈阳农业大学,农机化,1989.09,1993.09
孙大光,0000014026,研究生,沈阳农业大学,经济管理,1993.09,1996.07
孙大光,0000014026,博士,中国社会科学院,农业经济管理,1998.09,2001.07
孙大光,0000014026,访问学者,荷兰TIBURG大学,,2000.01,2000.06
孙大光,0000014026,学习,中欧国际工商学院,EMBA,2006.08,2008.08
孙大光,0000014026,博士后,中国社科院,应用经济,2006.08,2009.11
孙辅智,0000014031,本科,,,,
孙淦,0000014032,本科,云南农业大学,农学,1965.09,1969.09
孙淦,0000014032,研究生,中央党校,,1984.09,1986.07
孙家贤,0000014047,本科,中国人民大学,农业经济,1954.00,1958.00
孙家正,0000014048,本科,南京大学,汉语言文学,1963.00,1968.00
孙家正,0000014048,进修,中央党校,,1983.00,1984.00
孙家正,0000014048,进修,中央党校,,2003.03,2003.05
孙金龙,0000014054,本科,武汉地质学院,勘探掘进,1978.10,1982.08
孙金龙,0000014054,研究生,武汉地质学院,掘进工程,1983.08,1986.08
孙金龙,0000014054,研究生,南开大学,,1993.09,1997.06
孙金龙,0000014054,进修,中央党校,,1997.03,1997.05
孙金龙,0000014054,博士,中国人民大学,金融学,1998.09,2001.07
孙金龙,0000014054,进修,中央党校,,2004.09,2004.11
孙金龙,0000014054,研究生,国防大学,,2010.03,2010.05
孙景淼,0000014061,,杭州纺织技工学校,,1979.02,1981.02
孙景淼,0000014061,培训,浙江省委党校,,1983.09,1985.07
孙景淼,0000014061,进修,浙江大学,管理工程,1995.05,1997.02
孙景淼,0000014061,研究生,浙江省委党校,政治经济,1998.09,2000.07
孙璞,0000014086,中学,,,,
孙青友,0000014090,研究生,,,,
孙泉砀,0000014092,本科,上海复旦大学,哲学,,
孙瑞林,0000014095,学习,江苏省公安学校,,1979.00,1981.00
孙珅,0000014097,本科,哈尔滨工业大学,计算机软件,1980.09,1984.07
孙珅,0000014097,研究生,哈尔滨工业大学,计算机科学,1986.09,1989.01
孙珅,0000014097,博士,哈尔滨工程大学,控制理论与控制工程,2001.09,2004.06
孙珅,0000014097,学习,全省第三期赴美进修班,,2002.01,2002.07
孙升昌,0000014098,大专,哈尔滨师范大学,中文,,
孙守刚,0000014102,学习,山东省滨州农校,,1978.09,1981.07
孙守刚,0000014102,大专,省委党校,经济管理,1990.08,1993.07
孙守刚,0000014102,本科,中央党校,经济管理,1993.08,1995.12
孙守刚,0000014102,研究生,中央党校,经济管理,1998.09,2001.07
孙卫和,0000014115,,荥阳县立第一高级小学,,1921.00,
孙卫和,0000014115,,河南省立第一师范学校,,1925.00,1931.00
孙卫和,0000014115,学习,抗大,,1938.12,1939.00
孙效东,0000014127,培训,省委党校,党政管理,1983.09,1985.07
孙效东,0000014127,函授,中央党校,经济管理,1998.08,2000.12
孙效东,0000014127,进修,中国社科院,技术经济与管理,1999.07,2001.06
孙效东,0000014127,研究生,中央党校,法学,2004.03,2006.01
孙学明,0000014130,研究生,昆明理工大学,经济管理,,
孙学明,0000014130,本科,云南大学,中文,1974.09,
孙用和,0000014150,本科,武汉大学,经济学,1964.09,1969.09
孙用和,0000014150,培训,农业部华中农学院,,1983.01,1983.07
孙用和,0000014150,进修,中央党校,,1986.09,1987.01
孙用和,0000014150,进修,中央党校,,2001.03,2001.07
孙有寿,0000014151,初中,,,,
孙载夫,0000014161,本科,湖南师范学院,中国语言文学,1965.09,1969.09
孙载夫,0000014161,学习,中央党校,,1989.03,1989.07
孙载夫,0000014161,培训,中央党校,,1995.09,1996.07
塔里哈提·吾逊,0000014188,学习,新疆自治区委党校,科学社会主义,1988.09,1990.07
塔里哈提·吾逊,0000014188,培训,中央党校,,1999.09,2000.01
塔里哈提·吾逊,0000014188,函授,中央党校,经济管理,1999.08,2001.12
塔里哈提·吾逊,0000014188,研究生,新疆自治区委党校,工商管理,2001.09,2004.07
覃瑞祥,0000014199,本科,中山大学,文学,1974.09,1977.07
覃瑞祥,0000014199,培训,中央党校,,1996.09,1997.07
覃瑞祥,0000014199,研究生,中央党校,经济管理,1996.09,1999.07
覃远通,0000014202,培训,中央党校,,1998.09,1999.07
覃远通,0000014202,研究生,中央党校,经济学,1998.09,2001.07
谭仲池,0000014240,本科,,,,
唐琮沅,0000014257,本科,成都气象学院,电子技术,1987.09,1989.07
唐琮沅,0000014257,研究生,中国科技大学,班计算机科学与技术,1997.09,2001.12
唐琮沅,0000014257,博士,北京交通大学,企业管理,2003.09,2006.04
唐琮沅,0000014257,博士后,清华大学,政府管理,2007.04,2009.05
唐琮沅,0000014257,研究生,长江商学院,,2011.05,2013.09
唐方雷,0000014262,,上海大同大学,,1926.00,1927.04
唐方雷,0000014262,,中央军校,,1927.04,
唐豪,0000014267,,中山大学,中文,1977.03,1977.05
唐豪,0000014267,研究生,省委党校,经济管理,1996.09,1999.07
唐俊昌,0000014276,本科,西北农学院,农学,1978.06,1982.01
唐俊昌,0000014276,博士,德国马丁·路德大学,农学,1985.10,1988.01
唐俊昌,0000014276,培训,省委党校,,1997.09,1997.12
唐俊昌,0000014276,培训,省委党校,,2000.09,2001.01
唐亮,0000014280,学习,红一方面军政治训练队,,1930.08,
唐亮,0000014280,,红军大学,,,1933.06
唐生海,0000014286,高中,新昌中学,,1956.00,1959.00
唐生海,0000014286,本科,清华大学,,1959.00,
唐铁汉,0000014290,学习,中共辽宁省委马克思基本理论培训班,,1982.06,1982.11
唐铁汉,0000014290,进修,中央党校,,1998.09,1998.11
唐铁汉,0000014290,本科,吉林大学,哲学,,
陶建,0000014321,研究生,内蒙古党校,经济管理,,
陶培荣,0000014324,研究生,,,,
陶武先,0000014328,学习,四川德阳东方电机厂中等技术学校,金属切削,1965.09,1969.09
陶武先,0000014328,研究生,中央团校,,1980.07,1980.11
陶武先,0000014328,学习,四川省委党校,政治,1984.00,1986.00
陶武先,0000014328,研究生,中央党校,政治学,1998.00,2001.00
田维谦,0000014368,,解放军南京步校,,1965.08,1969.03
田维谦,0000014368,培训,中央党校,,1983.09,1986.07
田维谦,0000014368,研究生,中央党校,,,
田维钊,0000014370,研究生,中央党校,,,
田向利,0000014375,大专,河北省张家口师范专科学校,中文,1981.09,1984.07
田向利,0000014375,函授,中央党校,经济,1992.08,1994.12
田向利,0000014375,进修,中央党校,,1998.09,1999.01
田向利,0000014375,研究生,吉林大学,国民经济学,1996.03,1999.06
田向利,0000014375,博士,天津大学,管理科学与工程,2001.09,2004.07
铁力瓦尔迪,0000014395,学习,新疆维吾尔自治区伊宁卫校,,1971.11,1975.06
铁力瓦尔迪,0000014395,培训,中央党校,,1985.09,1987.07
铁力瓦尔迪,0000014395,学习,中央党校,,1993.09,1993.11
铁力瓦尔迪,0000014395,进修,中央党校,,2002.09,2003.01
铁力瓦尔迪,0000014395,进修,中央党校,,2009.05,2009.07
佟志武,0000014403,本科,辽宁大学,哲学,1979.08,1983.08
佟志武,0000014403,培训,辽宁省委党校,,1983.09,1983.12
童志云,0000014410,本科,,,,
万超岐,0000014422,本科,中国青年政治学院,少年思想政治教育,1987.09,1991.07
汪光焘,0000014449,研究生,同济大学,路桥专业,1981.00,
汪光焘,0000014449,博士,美国西太平洋大学,建设管理,1995.00,
汪国才,0000014450,学习,安徽劳动大学,中文,1970.10,1973.02
汪国才,0000014450,培训,安徽农学院,,1980.10,1981.12
汪国才,0000014450,培训,中央党校,,1989.09,1990.07
汪国才,0000014450,本科,中央党校,党政管理,1989.08,1992.06
汪国才,0000014450,研究生,中央党校,经济管理,2000.09,2003.07
汪鸿雁,0000014454,本科,武汉大学,经济法,1988.09,1992.06
汪鸿雁,0000014454,培训,湖北省委党校,,2004.03,2004.12
汪鸿雁,0000014454,研究生,国家行政学院与北京大学,公共管理,2004.09,2004.12
汪泉,0000014465,大专,江苏省淮阴师范专科学校,化学,1978.04,1981.01
汪泉,0000014465,研究生,中国人民大学,工业企业管理,1986.08,1988.07
王成法,0000014515,学习,淮南煤校,采矿专业,,1958.08
王成法,0000014515,学习,北京煤炭管理干部学院,,1984.09,
王成旺,0000014518,,中共晋冀豫省委党校,,1938.03,1938.07
王成文,0000014519,研究生,,,,
王承才,0000014522,本科,云南农业大学农机系,农机设计制造专业,1975.09,
王大平,0000014533,本科,甘肃工业大学,流体机械,1978.02,1982.01
王丹波,0000014537,,延安中央党校,,,
王道义,0000014543,学习,黑龙江省鸡西县军政干校,,1946.00,
王登记,0000014558,培训,陕西省委党校中青班,,1984.03,1986.03
王东年,0000014563,高中,济南杆石桥高级中学,,1934.00,
王法仁,0000014570,大专,华南热带作物学院,农业经济,1981.09,1984.09
王法仁,0000014570,培训,中央党校地厅级干部进修班,,1995.03,1995.07
王福宏,0000014586,本科,安徽大学,经济学,1978.02,1982.01
王福宏,0000014586,研究生,安徽大学,经济管理,1982.01,1984.12
王福宏,0000014586,进修,中央党校进修部进修班,,1999.03,1999.07
王广宪,0000014612,大专,浙江化工学院,化工机械,1959.09,1962.09
王广宪,0000014612,培训,中央党校培训部,,1983.08,1983.12
王鹤寿,0000014641,学习,保定直隶第二师范学校,,1923.00,
王鹤寿,0000014641,本科,苏联莫斯科中山大学,,1927.00,
王济夫,0000014669,,中央党校中青班,,1980.09,
王家瑞,0000014677,学习,上海海运学院,国际邮政英语,1972.00,1973.00
王家瑞,0000014677,本科,吉林大学,国民经济管理,1983.00,1987.00
王家瑞,0000014677,研究生,吉林大学,财经,1988.00,1994.00
王家瑞,0000014677,博士,吉林大学,财经,1988.00,1994.00
王家瑞,0000014677,博士后,复旦大学,经济学,1995.00,1997.00
王家瑞,0000014677,培训,中央党校省部级干部进修班,,2000.03,2000.05
王建满,0000014685,研究生,中央党校,经济管理,,
王金城,0000014699,本科,北京工业学院,无线电系,,1962.00
王金堂,0000014704,中专,大连石油七厂技校,,1952.04,
王金堂,0000014704,学习,北京燃料工业部干部学校,俄语,1955.10,
王金堂,0000014704,培训,中央党校中青年干部培训班,,1981.09,1982.07
王金祥,0000014705,本科,上海交通大学,液压,1964.00,1969.00
王金祥,0000014705,研修,成都电讯工程学院企业领导干部研究班,,1981.00,1983.00
王景升,0000014715,初中,,,,
王菊梅,0000014727,大专,河南省委党校党政干部大专班,,1985.08,1987.08
王菊梅,0000014727,学习,中央党校,,1992.07,1993.07
王菊梅,0000014727,研究生,中央党校,经济管理,1995.09,1998.07
王巨才,0000014728,本科,陕西师范大学,汉语言文学,1963.07,
王巨才,0000014728,培训,中央党校,,1984.09,1986.09
王巨禄,0000014729,本科,中国政法大学,法律系,1964.00,1968.00
王可,0000014741,本科,北京钢铁学院,金属学及热处理,1978.10,1982.08
王可,0000014741,研究生,北京科技大学,科学技术史,1985.09,1988.07
王可,0000014741,学习,中央党校中直分校,,1993.03,1993.07
王可,0000014741,培训,哈佛大学公共管理高级培训班,,2004.06,2004.09
王可,0000014741,培训,中央党校第21期一年制中青班,,2005.03,2006.01
王可,0000014741,培训,中央党校第34期中青年干部培训班,,2013.03,2013.07
王克英,0000014747,,华中工学院,水力机械,,1964.00
王克英,0000014747,,清华大学,经济管理,1978.00,
王路宾,0000014777,本科,青岛国立山东大学生物系,,1933.08,
王路宾,0000014777,本科,成都国立四川大学生物系,,1936.08,
王路宾,0000014777,学习,中央党校,,1979.03,
王南昆,0000014792,本科,,,,
王庆录,0000014818,中专,建工部张家口建筑工程学校,供热与通风,1956.09,1959.10
王庆录,0000014818,培训,广西壮族自治区党委党校,,1982.09,1983.07
王全书,0000014825,本科,河南大学,中文系,1963.09,1967.07
王全书,0000014825,研修,中央党校计划研究班,,1987.09,1988.01
王人生,0000014827,本科,清华大学,水电站动力设备,,
王仁元,0000014828,培训,省委党校工农干部学习班,,1975.09,1976.01
王仁元,0000014828,培训,中央党校一年制中青年干部培训班,,1982.09,1983.07
王仁元,0000014828,专修,山东省委党校干部专修科,,1983.09,1986.07
王仁元,0000014828,研究生,中央党校,经济管理,1997.09,2000.7
王荣炳,0000014830,本科,南京航空学院,无线电通信,1961.09,
王守祯,0000014874,学习,北京钢铁学院,,1973.00,
王守祯,0000014874,研究生,中央党校,,,
王寿亭,0000014878,本科,山东大学,政治系,1962.09,1966.08
王寿亭,0000014878,研究生,中央党校,,1983.09,1985.07
王寿亭,0000014878,进修,中央党校第十九期省部级干部进修班,,1995.09,1995.11
王树山,0000014888,本科,河南财经学院,,,
王树山,0000014888,培训,中组部主办，北京大学、美国哥伦比亚大学、英国伦敦政治学院、法国巴黎政治学院联合举办的“2007全球公共政策高级培训班,,2007.06,2007.08
王树山,0000014888,研究生,华中科技大学,行政管理专,2004.09,2006.06
王树山,0000014888,博士,华中科技大,,2007.09,2011.06
王苏民,0000014899,学习,西北工学院,,1955.09,
王苏民,0000014899,本科,北京石油学院钻采系,,1956.09,
王为璐,0000014919,本科,解放军后勤工程学院,汽车系,1965.08,1969.02
王唯众,0000014921,本科,清华大学,动力机械系锅炉,1965.09,1970.03
王渭田,0000014928,高中,兖州一中,,,1962.00
王渭田,0000014928,本科,清华大学,无线电系,1962.09,1968.07
王渭田,0000014928,进修,在中央党校进修一班,,1996.09,1996.11
王文才,0000014929,高中,南康中学,,1954.00,
王向民,0000014954,本科,原山西矿业学院,选煤,1960.09,1964.09
王晓,0000014961,本科,中国科技大学,工程热物理系,1986.09 ,1991.07
王晓,0000014961,研究生,青岛海洋大学,企业管理,1997.09,2000.07
王晓,0000014961,培训,中央党校省部级干部进修班,,2006.09,2007.01
王晓,0000014961,博士,北京大学,政治经济学,2006.09,2012.07
王晓,0000014961,进修,中央党校省部级干部进修班,,2012.03,2012.04
王晓勇,0000014970,研究生,青海省委党校,经济管理,2000.04,2002.07
王新三,0000014983,学习,延安抗大,,1937.00,
王信田,0000014988,大专,冶金部教师进修学院,,1956.08,1958.02
王艳玲,0000015016,本科,湖北医学院,医学,1978.10,1983.08
王艳玲,0000015016,研究生,河南农业大学,动物生理生化,1987.08,1990.02
王艳玲,0000015016,博士,南京农业大学,读动物生理生化,1990.02,1993.04
王艳玲,0000015016,培训,河南省首批领导干部中长期出国培训班,,2001.02,2001.09
王耀东,0000015025,本科,,,,
王毅之,0000015036,,本县初级师范学校,,,
王毅之,0000015036,,薄一波领导的军政训练班,,1937.02,
王毅之,0000015036,,中共晋冀豫区党委,,,1939.09
王毅之,0000015036,,中共中央党校,,1943.12,
王永明,0000015051,大专,北京钢铁学院,冶金机械,,
王予波,0000015063,本科,青海师范大学,中国语言文学,1980.09,1984.07
王予波,0000015063,研究生,中央党校,经济管理,1999.09,2002.07
王予波,0000015063,培训,中央党校中青班,,2011.03,2011.07
王跃飞,0000015091,本科,武汉工学院,机械制造工艺及设备,1978.09,1982.07
王跃飞,0000015091,研究生,清华大学,管理工程,1985.09,1987.07
王跃飞,0000015091,学习,自治区党委党校,,1992.02,1992.05
王跃飞,0000015091,学习,国家行政学院,,1998.03,1998.06
王跃飞,0000015091,培训,中央党校第30期中青年干部培训班,,2011.03,2011.07
王占,0000015104,本科,辽宁师范学院,中文,1960.09,1964.08
王占,0000015104,培训,中共辽宁省委党校青年干部训练班,,1964.08,1966.05
王昭铨,0000015115,本科肄业,安徽大学,,,
王昭耀,0000015117,本科,北京农业机械化学院水利工程系,,1963.00,
王昭耀,0000015117,研究生,中央党校,,,
王昭悠,0000015118,大专,南京农业大学,农业管理,1983.09,1985.01
王昭悠,0000015118,培训,"中央党校中青年干部培
训班",,1992.09,1993.07
王兆林,0000015120,本科,,,,
王振才,0000015124,研究生,,,,
王志强,0000015137,培训,晋豫边区联络处游击干部训练班,,1938.05,
王志强,0000015137,学习,延安抗日军政大学,,1938.06,
王志强,0000015137,学习,延安中共中央党校,,1939.05,
王忠民,0000015152,本科,西北大学,经济系,1978.09,1982.09
王忠民,0000015152,研究生,西北大学,经济管理,1982.09,1985.07
王忠民,0000015152,博士,中国社会科学,,1986.02,1988.12
王忠民,0000015152,博士后,英国基尔大学,经济系,1991.10,1993.03
王忠武,0000015153,研究生,中共江西省委党校,党政干部管理专业,1985.09,1987.07
王忠武,0000015153,学习,中共中央党校第20期一年制中青班,,2004.03,2005.03
王众孚,0000015159,本科,长沙铁道学院,桥隧,1959.09,1964.08
王众音,0000015160,本科肄业,日本大学,,,
王众音,0000015160,,延安中央党校,,1938.00,
王宗榜,0000015169,学习,广元师范,,1972.01,1973.08
王宗榜,0000015169,大专,中共四川省委二党校,,1986.09,1988.07
王宗廉,0000015170,本科,哈尔滨工业大学,机械制造,1963.00,1968.00
王宗廉,0000015170,研究生,中央党校,,1983.09,1985.07
旺堆,0000015175,学习,西藏自治区日喀则地区师范学校,师范,1981.09,1984.07
旺堆,0000015175,进修,西藏大学,藏语言文学,1991.07,1994.08
旺堆,0000015175,大专,西藏大学,语言文学,1997.06,1998.01
旺堆,0000015175,进修,中央党校进修部,,2001.09,2002.01
旺堆,0000015175,进修,四川省工商管理学院,工商管理,2010.09,2012.07
危朝安,0000015179,本科,江西财经学院,国民经济计划,1979.00,1983.00
危朝安,0000015179,培训,中央党校一年制中青年干部培训班,,1994.00,1995.00
危朝安,0000015179,研究生,中央党校,法学原理,1994.00,1997.00
维色,0000015200,本科,重庆大学,机械工程系,,
卫星,0000015205,本科,云南财贸学院,商业经济系,1983.09,1987.07
卫星,0000015205,研究生,,,,
魏德卿,0000015213,本科,,,,
魏俊星,0000015225,研究生,辽宁省纺织工业学校,,,
魏小鹏,0000015240,博士,大连理工大学,计算机辅助设计与图形学,,
魏尧,0000015244,学习,安徽省商业学校,会计,1981.09,1983.08
魏尧,0000015244,本科,安徽财贸学院,会计,1985.09,1988.06
魏尧,0000015244,进修,中国社会科学院,财政,1995.09,1997.07
魏尧,0000015244,进修,安徽省委党校县处级干部进修班,,1996.09,1996.11
魏尧,0000015244,大专,安徽大学,法律,1996.12,
魏尧,0000015244,本科,安徽财贸学院,会计学,1997.06,
魏尧,0000015244,培训,安徽省委组织部举办的高级管理人才培训班,英语,1997.08,1997.11
魏尧,0000015244,培训,安徽省委党校中青年干部培训班,,1999.03,1999.06
魏尧,0000015244,进修,安徽省委党校市厅级干部进修班,,2004.09,2004.11
魏尧,0000015244,研究生,中国科学技术大学,行政管理,2006.09,2009.06
温国辉,0000015258,本科,湛江水产学院,渔船动力装置,1980.09,1984.07
温国辉,0000015258,研究生,华南理工大学,管理工程,1987.08,1990.07
温国辉,0000015258,培训,广东省第1批高层次管理人才出国培训班赴美国加州州立大学洛杉矶分校学习,,1999.12,2000.12
温国辉,0000015258,培训,清华大学、哈佛大学肯尼迪学院参加中组部举办的公共管理高级培训班,,2003.07,2003.09
温国辉,0000015258,培训,外交学院参加中组部第十期领导干部英语强化班,,2010.10,2011.01
温国辉,0000015258,培训,中组部举办的第13期赴美国哈佛大学国际培训,,2011.07,
温卡华,0000015263,本科,南宁师范学院,政治,1980.09,1984.07
温卡华,0000015263,研究生,中央民族大学,中国少数民族经济,1994.05,1996.06
温卡华,0000015263,进修,美国休斯顿大学,,1997.12,1998.12
温卡华,0000015263,培训,中央党校进修部进修一班<第38期>B班,,2005.11,2006.01 
文精,0000015279,本科,中央民族学院,历史系,1964.00,
翁福琳,0000015287,本科,福建农学院,农学系,1964.00,
翁行德,0000015288,研究生,中央党校,,,
翁行德,0000015288,本科,湖北大学,经济学系,1963.09,1967.09
翁玉耀,0000015295,培训,省委党校中青年干部培训班,,2001.09,2002.02
乌杰,0000015297,研究生,苏联列宁格勒化工学院,工程物理系,,1960.00
吾买尔江·米孜艾合买提,0000015310,本科,中央民族学院,翻译,,
吴宝真,0000015314,大专,西安建筑科技大学,,1972.04,1975.08
吴存心,0000015331,本科,安徽师范大学,,1956.00,
吴德峰,0000015333,本科,湖北省立第一师范学校,,1914.02,1918.02
吴德军,0000015335,大专,青海省委党校大专班,经济管理专业,1992.08,1994.07
吴德军,0000015335,学习,中央党校函授学院,行政管理专业,2001.08,2003.12
吴贵增,0000015346,,中国人民大学,,,
吴贵增,0000015346,,农牧渔业部和北京大学干部培训班、中央党校干部进修班,,,
吴果行,0000015352,,绵阳地区水电校,,1976.09,
吴果行,0000015352,研究生,中央党校,世界经济,,
吴汉圣,0000015355,本科,吉林工业大学热能动力工程系,内燃机专业,1981.09,1985.07
吴汉圣,0000015355,本科,中央党校函授学院,经济管理专业,1991.08,1993.12
吴汉圣,0000015355,进修,中央党校地厅级干部进修班,,2006.11,2007.01
吴汉圣,0000015355,培训,中央党校中青年干部培训一班,,2010.03,2010.07
吴洪芹,0000015361,本科,四川大学,哲学系,1979.09,1983.07
吴洪芹,0000015361,研究生,中国人民大学,哲学系,1985.09,1988.07
吴鸿宾,0000015362,,北平大学,,,
吴集成,0000015372,大专,,,,
吴佳和,0000015374,,新疆八一农学院,,,
吴建华,0000015375,本科,福建第二师院,中文系,1969.00,
吴建华,0000015375,本科,华中师范大学,物理系,1982.00,1989.00
吴建华,0000015375,研究生,华中师范大学,物理系,1982.00,1989.00
吴建华,0000015375,博士,武汉大学,信息资源管理,2004.00,2008.00
吴鉴群,0000015380,学习,武功农林专科学校（后改为西北农业大学）,,,
吴驹贤,0000015389,研究生,,,,
吴兰,0000015395,博士,吉林大学,法学,,2010.06
吴灵臣,0000015400,本科,武汉钢铁学院,,1973.09,1977.09
吴灵臣,0000015400,学习,院师资班,,1977.09,1979.07
吴灵臣,0000015400,学习,省委党校,,1986.02,1986.07
吴灵臣,0000015400,学习,省委党校,,1992.02,1992.07
吴灵臣,0000015400,研究生,中国人民大学,政经,1993.09,1997.06
吴明明,0000015405,本科,甘肃农业大学,果树蔬菜,1978.03,1982.07
吴明明,0000015405,研修,日本佐贺县研修,,1990.03,1991.05
吴明明,0000015405,研究生,兰州大学,区域经济管理,1997.02,1998.07
吴綪,0000015418,,山东大学,,1937.00,
吴镕,0000015424,大专,苏南新闻专科学校,,,
吴锐成,0000015425,大专,,,,
吴廷述,0000015446,研究生,贵州省委党校,,,
吴星峰,0000015466,,陕北公学、抗大分校,,,
吴岩峻,0000015474,本科,兰州大学,气象学,1978.09,1982.08
吴岩峻,0000015474,研究生,南京气象学院,天气动力学,1987.09,1990.06
吴岩峻,0000015474,博士,兰州大学,气象学,2001.09,2008.06
吴岩峻,0000015474,研究生,中组部赴新加坡国立行政学院,公共管理,2006.12,2008.03
吴仰东,0000015478,本科,中央财政金融学院,财政,1979.09,1983.08
吴仰东,0000015478,进修,财政部科研所,财政专业,1998.09,2000.02
吴野渡,0000015480,中专,河北水利土木木学校,,,1955.00
吴永新,0000015486,本科,内蒙古师范大学,中文,1980.09,1985.06
吴永新,0000015486,研究生,中国社会科学院,企业管理,1995.07,1997.07
吴志渊,0000015495,本科肄业,辅仁大学,,1932.00,
吴志渊,0000015495,,中央党校,,1936.00,
吴志渊,0000015495,,延安马列学院,,1940.00,
吴志渊,0000015495,,中共中央党校,,1979.00,
吴宗源,0000015503,大专,,中文,,
武迪生,0000015525,本科,东北工学院（今东北大学）,轧钢专业,,1956.00
武继烈,0000015532,中专,江苏省农业技术学校,畜牧,1960.09,1964.02
武文斌,0000015547,学习,临洮农校,,1978.11,
武文斌,0000015547,本科,中央党校,经济管理,,
武玉嶂,0000015557,本科,中央党校,经济管理,1997.08,1999.12
武玉嶂,0000015557,培训,青海省委党校中青班,,2000.03,2000.06
武玉嶂,0000015557,进修,中国人民大学,财政学,1999.10,2001.10
夏阿国,0000015574,高中,舟山中学,,1964.00,1967.00
夏阿国,0000015574,本科,浙江农业大学,,1973.09,1976.09
夏阿国,0000015574,研究生,中共中央党校,,1984.09,1986.09
夏红民,0000015576,本科,华中农学院植物保护系,植物保护专业,1978.10,1982.08
夏红民,0000015576,进修,中央党校进修部厅局班,,1996.03,1996.07
夏红民,0000015576,进修,中央党校进修部省部班,,2005.09,2006.01
夏锦文,0000015578,本科,南京大学,法律系,,1986.07
夏锦文,0000015578,博士,中国人民大学,法学,,1999.07
夏锦文,0000015578,访问学者,美国金门大学,,2000.11,
夏锦文,0000015578,培训,作为教育部中美高校高级管理人员培训交流计划成员赴美国乔治·梅森大学培训,,2005.02,
夏锦文,0000015578,培训,江苏省高校教学校长研修团赴美国密苏里州立大学堪萨斯城分校培训,,2010.11,
夏锦文,0000015578,研修,江苏省第15期高级管理人才经济研究班,,2011.11,2012.01
夏锦文,0000015578,培训,中共中央党校第60期厅局级干部进修班,,2013.05,2013.07
夏鸣,0000015588,本科,,,,
夏日,0000015589,,中央民族学院干部训练班,,1975.00,
夏赞忠,0000015600,本科,北京师范大学,中文,1958.09,1962.09
夏赞忠,0000015600,进修,中央党校省部级干部进修班,,1987.02,1987.07
夏赞忠,0000015600,进修,中央党校省部级干部进修班,,1997.03,1997.05
向巴嘎登,0000015612,,西南民族学院,,1956.06,1959.03
向巴嘎登,0000015612,培训,中央党校进修部西藏民族干部班,,1983.08,1986.06
向东,0000015614,本科,四川大学,哲学系,1986.09,1990.07
向东,0000015614,培训,四川省委党校中青班,,1999.03,1999.07
向东,0000015614,培训,四川省第二期中青年干部海外培训在美国辛辛那提大学,,2001.05,2001.08
向曙光,0000015624,本科,四川大学,政治经济学,1981.09,1985.07
向曙光,0000015624,培训,省委党校第23期中青班,,2002.03,2002.07
向曙光,0000015624,培训,中央党校第5期中青班,,2006.03,2006.07
向曙光,0000015624,研究生,湖南大学,管理科学与工程,2009.09,2013.12
向孝书,0000015626,本科,华东军政大学,,1949.10,
向孝书,0000015626,学习,军事学院,,,1961.00
向孝书,0000015626,学习,抗日军政大学一分校三支校,,1944.08,
肖毅,0000015678,本科,中央党校,经济管理专业,1996.08,1998.12
肖毅,0000015678,培训,江西省委党校县干班,,1998.08,1998.10
肖毅,0000015678,进修,北京大学,区域经济学,1997.07,1999.07
肖毅,0000015678,培训,海市委党校中青年干部培训班,,2000.09,2001.01
肖云刚,0000015682,本科,武汉大学,农田水利工程,,
萧劲光,0000015691,中学,长沙长郡中学,,1917.00,
萧劲光,0000015691,本科,莫斯科东方劳动者共产主义大学,,1921.00,
萧劲光,0000015691,学习,苏联红军学校,,1922.00,
萧劲光,0000015691,学习,列宁格勒军政学院,,1927.00,
萧茂普,0000015692,本科,,,,
谢培清,0000015729,,华南工学院,,,
谢松保,0000015739,学习,省委党校,,1982.02,1983.01
谢松保,0000015739,学习,监利师范,,1983.09,1984.09
谢松保,0000015739,大专,省委党校,经管,1984.09,1985.08
谢松保,0000015739,本科,中央党校,经济管理,1995.08,1997.12
谢松保,0000015739,研究生,省委党校,经济管理,1996.09,1999.07
谢鑫鹤,0000015745,学习,山东聊城省立第三师范学校,,1930.00,
谢鑫鹤,0000015745,学习,中共中央北方局党校,,1943.11,
谢鑫鹤,0000015745,学习,延安中央党校,,,
谢育才,0000015751,,中共华南局党校,,1946.00,
谢泽宇,0000015754,学习,广西广播电视大学,机械制造,1980.08,1983.08
谢泽宇,0000015754,本科,中央党校,政法,1995.08,1997.12
谢志刚,0000015756,大专,武汉大学,历史,1975.10,1978.07 
谢志刚,0000015756,研究生,广西大学经济学院,政治经济,1994.09,1996.09
辛易之,0000015766,,泊镇九师,,1932.00,1937.00
邢云,0000015783,大专,内蒙古工学院,无机化工,1973.09,1976.09
邢云,0000015783,本科,包头钢铁学院,钢铁冶金,1986.09,1989.07
邢云,0000015783,进修,中国社会科学院,企业管理,1996.05,1998.05
邢云,0000015783,研究生,中央党校,法学理论,2008.03,2010.01
熊辉银,0000015795,本科,新疆大学,政治理论,1965.09,1969.09
徐波,0000015817,研修,在中央党校理论宣传干部研究班,,1990.09,1991.07
徐波,0000015817,本科,四川大学,学哲学,1978.09,1982.08
徐发,0000015823,,本科,,,
徐福和,0000015826,大专,,,,
徐福宁,0000015827,本科,浙江大学,材料系,,
徐钢,0000015829,本科,复旦大学,工业经济管理,1978.10,1982.08
徐钢,0000015829,进修,英国利兹大学,工商管理,1995.08,1996.10
徐家德,0000015849,,甘肃医学院,医疗系,,
徐敬原,0000015857,大专,贵州省委党校培训班,党政,1984.09,1986.07
徐乐义,0000015862,本科肄业,上海暨南大学,,,
徐立全,0000015863,本科,合肥工业大学,工业电气自动化,1978.03,1982.02
徐立全,0000015863,进修,中央党校进修班,,1991.03,1991.07
徐立全,0000015863,培训,中央党校中青年干部培训班,,1995.09,1996.07
徐立全,0000015863,研究生,复旦大学,政治经济,1993.09,1997.01
徐立毅,0000015864,本科,杭州大学,地理,1979.09,1983.07
徐立毅,0000015864,大专,中央党校,经济管理,1987.08,1990.06
徐立毅,0000015864,进修,浙江大学,经济学,1998.12,2000.11
徐林茂,0000015870,高中,,,,
徐鸣,0000015878,大专,南京大学,汉语言文学,1977.03,1980.01
徐鸣,0000015878,培训,中央党校一年制中青年干部培训班,,1995.09,1996.07
徐鸣,0000015878,研究生,中央党校,法学,1995.09,1998.07
徐其耀,0000015883,,华东水利学院,农田水利工程,,1969.00
徐文彦,0000015903,本科,北京航空学院,"航空电气
设备",1964.08,1969.09
徐文彦,0000015903,进修,在中央党校进修班,,1996.09,1997.01
徐文彦,0000015903,进修,中央党校省部级领导干部进修班,,2002.03,2002.05
徐文彦,0000015903,学习,北京空军入伍学习班,,1970.08,1970.09
徐衍东,0000015917,本科肄业,沈阳军事工程学院,,,
徐衍东,0000015917,研究生,哈尔滨工业大学,经济管理,,
许成仓,0000015949,本科,安徽师范大学,数学系,1981.09,1985.07
许德立,0000015953,本科,华南师范学院,汉语言文学,1965.00,
许德立,0000015953,进修,中央党校进修二班,,1987.09,1988.01
许雪光,0000015993,大专,西藏民族学院,,1984.06,1986.07
许宗衡,0000016002,中专,湖南省交通学校,汽车,1974.08,1976.08
许宗衡,0000016002,大专,湘潭大学,汉语言文学,1984.06,1986.09
许宗衡,0000016002,研究生,中国政法大学,民商法,1994.02,1996.01
许宗衡,0000016002,研究生,美国国际东西方大学,工商管理,1997.08,1999.08
宣林,0000016005,本科,,,,
薛军,0000016024,本科,山西省委党校,党政管理,1964.00,1969.09
薛尚实,0000016031,,上海大学,,1926.00,
薛映承,0000016036,研究生,上海复旦大学,经济学,,
薛映承,0000016036,,兰州煤校、甘肃工业大学、中央党校,,,
雪克莱提·扎克尔,0000016043,学习,湖北江汉石油学院,计算机,1978.03,1980.06
雪克莱提·扎克尔,0000016043,本科,乌鲁木齐职业大学,英语,1982.09,1986.07
雪克莱提·扎克尔,0000016043,进修,新疆维吾尔自治区党委党校县处级领导干部进修班,,1994.03,1994.05
雪克莱提·扎克尔,0000016043,进修,中央党校,经济管理,1996.08,1998.12
雪克莱提·扎克尔,0000016043,进修,中国社会科学院,企业管理,1996.12,1998.12
雪克莱提·扎克尔,0000016043,培训,中央党校一年制中青年干部培训班,,2004.03,2005.01
雪克莱提·扎克尔,0000016043,研究生,天津大学,工商管理,2003.09,2007.03
严植婵,0000016077,本科,华南农业大学,养禽及禽病防治,1981.09,1985.07
严植婵,0000016077,本科,中山大学,思想政治教育,1988.09,1990.07
严植婵,0000016077,培训,省委党校中青年干部培训一班,,2002.02,2002.07
严植婵,0000016077,研究生,中山大学,政务学院行政管理,2005.09,2008.12
岩庄,0000016079,大专,云南民族学院,民语,,
阎爱英,0000016081,研究生,中央党校,马列主义理论,1984.09,1986.07
阎爱英,0000016081,本科,太原工学院,铸造,,1969.07
阎宝泰,0000016083,中专,吉林省农业机械化学校,,1970.09,1973.08
阎宝泰,0000016083,大专,四平教育学院,中文,,1984.09
阎宝泰,0000016083,本科,四平教育学院,中文,,1986.09
阎宝泰,0000016083,大专,中央农业管理干部学院,农业管理,1984.09,1986.12
阎宝泰,0000016083,研究生,吉林省委党校,政治学,1997.09,2000.07
阎达开,0000016087,,延安马列学院、中央学校,,1940.00,
阎启俊,0000016093,专修,山东大学,,1980.09,1982.07
阎启俊,0000016093,培训,中央党校一年制中青年干部培训班,,1994.09,1995.07 
阎启俊,0000016093,本科,省委党校,经济管理,1995.09,1997.12 
阎增福,0000016100,本科,北京化纤学院,,,1966.06
阎子祥,0000016103,研究生,郑州大学,经济学,,2004.06
颜赣辉,0000016105,本科,江西财经学院,工业统计,1978.09,1982.08
颜赣辉,0000016105,研究生,香港公开大学,工商管理,1998.09,2001.07
颜石生,0000016109,学习,湘潭农校,,1983.09,1985.07
杨崇春,0000016150,中专,扬州财政学校,,,1955.00
杨春甫,0000016153,,北方局党校,,1941.07,
杨春茂,0000016154,,延安抗大及陕北公学,,1937.00,
杨道德,0000016161,研究生,湖南师范大学,动物学,1982.09,1989.07
杨道德,0000016161,博士,东北林业大学,野生动植物保护与利用,,2004.06
杨东奇,0000016172,本科,哈尔滨船舶工程学院,金属材料,1980.09,1985.07
杨东奇,0000016172,进修,哈尔滨船舶工程学院,工业经济,1991.09,1993.05
杨东奇,0000016172,博士,哈尔滨工程大学,管理科学与工程,1999.09,2002.03
杨东奇,0000016172,培训,中央党校第29期中青年干部培训班,,2010.09,2011.01
杨冬生,0000016173,本科,四川农学院,林学系,1978.03,1982.02
杨冬生,0000016173,研究生,澳大利亚国立大学,林学,1985.01,1987.03
杨冬生,0000016173,访问学者,赴美国密执安州立大学,,1995.05,1995.10
杨冬生,0000016173,学习,中共四川省委党校地厅班,,2000.03,2000.05
杨冬生,0000016173,培训,中组部组织的中国外交学院英语班培训,,2004.11,2005.02
杨冬生,0000016173,学习,中组部组织的哈佛大学应急管理班学习,,2005.10,
杨冬生,0000016173,进修,中央党校,,2008.05,2008.06
杨冬生,0000016173,研修,中组部组织的第三期现代城市领导者专题研修班,,2009.09,
杨光洪,0000016180,本科,武汉大学,汉语言文学,1962.00,1967.00
杨光荣,0000016182,本科,湖南财经学院,财政,1982.09,1986.06
杨光荣,0000016182,研究生,西南财经大学,财政学,1986.06,1989.08
杨汉忠,0000016193,学习,内蒙古财贸学校,计划统计,1977.00,
杨汉忠,0000016193,进修,天津商学院,企业管理,1986.00,
杨汉忠,0000016193,研究生,清华大学－澳大利亚国立大学,管理,,
杨和荣,0000016195,本科,杭州商学院,计划统计,1980.09,1984.08
杨和荣,0000016195,博士,西南农业大学,经济管理,,
杨健强,0000016223,博士,吉林大学,物理系,,1977.00
杨健强,0000016223,博士,清华大学,法学,,2001.00
杨金镜,0000016226,大专,山东建筑工程学院,,1983.09,1985.07
杨汭,0000016286,本科,河北农业大学,农田水利工程,1978.10,1982.08
杨汭,0000016286,培训,河北省委党校青年干部培训班,,1995.02,1995.07
杨汭,0000016286,研究生,中央党校,科学社会主义,1998.09,2001.07
杨汭,0000016286,研究生,新加坡南洋理工大学,经济学,2000.07,2001.07
杨汭,0000016286,博士,天津财经大学,企业管理,2003.09,2007.12
杨善洲,0000016291,学习,中央第七期党校,,1957.00,1958.00
杨绍明,0000016294,学习,北京大学,历史系,1961.00,1966.00
杨士杰,0000016301,学习,保定河北省立第二二师范学校,,1930.00,
杨泰波,0000016310,学习,湖南省高等教育自学考试,党政干部基础科,1984.11,1986.12
杨泰波,0000016310,学习,中国社会科学院,经济法,1996.09,1998.07
杨泰波,0000016310,学习,湖南省高等教育自学考试,,1998.07,1999.06
杨伟东,0000016323,本科,华东纺织工学院,纺织机械,1981.09,1985.08
杨伟东,0000016323,学习,南昌大学,行政管理,1997.07,1999.07
杨效椿,0000016345,学习,运城第二师范,,,
杨效椿,0000016345,学习,延安抗日军政大学,,1937.00,
杨序顺,0000016355,本科,贵州工学院,机化专业,,
杨序顺,0000016355,学习,中央党校,,1987.09,1988.07
杨亚杰,0000016361,本科,四平师范学院,汉语言文学,1978.03,1982.03
杨亚杰,0000016361,研究生,吉林工业大学,经济管理,1993.07,1996.07
杨一木,0000016367,学习,中共中央党校高级班,,1936.08,
杨元忠,0000016391,本科,内蒙古大学,法律,1983.09,1987.07
杨元忠,0000016391,研究生,兰州大学,经济法学,1997.09,1999.07
杨元忠,0000016391,研修,美国加利福尼亚州州立大学,,2007.12,2007.12
杨元忠,0000016391,研修,国家行政学院,,2008.04,2008.04
杨岳,0000016394,学习,辽宁省鞍山市第八中学,,1983.09,1986.07
杨岳,0000016394,学习,清华大学,精密仪器与机械学,1986.09,1990.07
杨岳,0000016394,博士,清华大学,精密仪器与机械学,1990.08,1996.03
杨振超,0000016407,学习,沈阳黄金学院,采矿,1979.09,1982.07
杨振超,0000016407,本科,中央党校,经济管理,1989.08,1992.06
杨振超,0000016407,进修,澳大利亚蒙拉沙大学,,1991.07,1991.09
杨振超,0000016407,研究生,中国人民大学,工商管理,1996.09,1999.07
杨振超,0000016407,学习,中央党校,,2000.03,2001.01
杨振超,0000016407,学习,中央党校,,2007.03,2008.01
杨振超,0000016407,博士,中南大学,管理科学与工程,2007.09,2010.11
杨忠林,0000016419,本科,沈阳农学院,农机专业,1978.09,1982.08
杨忠林,0000016419,学习,辽宁省委党校,,1984.02,1984.08
杨忠林,0000016419,研究生,中国政法大学,法律,2000.10,2002.10
杨资元,0000016423,学习,中山大学,文学,,1949.00
杨作林,0000016429,学习,甘肃师范大学,政治教育,1963.09,1968.09
杨作林,0000016429,学习,中央党校,,1999.03,1999.05
姚建华,0000016443,本科,中央党校,经济管理,1995.08,1997.12
姚景源,0000016445,研究生,吉林大学,世界经济,,1983.00
姚永锋,0000016457,,于田县武装部农场,,,
姚仲明,0000016469,学习,山东省立第一乡村师范学校,,1930.00,
叶兆麒,0000016512,学习,马列学院,,1939.05,
叶兆麒,0000016512,研究生,延安大学,教育系,1939.05,
伊力哈木·沙比尔,0000016518,学习,新疆八一农学院,农机化专业,1978.04,
伊力哈木·沙比尔,0000016518,学习,大连理工大学,,1993.09,1994.01
伊力哈木·沙比尔,0000016518,学习,新疆维吾尔自治区党委党校,,2000.09,2000.11
伊力哈木·沙比尔,0000016518,学习,中央党校,,2002.03,2002.07
伊力哈木·沙比尔,0000016518,研究生,新疆农业大学,工程专业,2005.05,2007.06
伊力汗·奥斯曼,0000016519,本科,北京广播学院,新闻摄影,1982.09,
伊力汗·奥斯曼,0000016519,学习,中国外交学院,,2006.11,2007.02
伊力汗·奥斯曼,0000016519,学习,新加坡南洋理工大学,公共管理,2007.03,2008.02
殷渊,0000016537,学习,江苏泰兴县委党校,,1944.09,
尹汉宁,0000016550,本科,湖北财经学院,政治经济学,1979.09,1983.07
尹汉宁,0000016550,博士,中南财经大学,企业管理,1997.09,2000.06
尹汉宁,0000016550,学习,中央党校,,2002.03,2003.01
尹建国,0000016554,学习,广西大学,,,1982.07
尹建国,0000016554,研究生,美国西密执安大学,国际金融,1985.11,1988.04
尹建业,0000016555,本科,云南农业大学,果树专业,1982.09,1986.07
尹建业,0000016555,研究生,昆明理工大学,企业管理,1999.09,2002.06
雍成瀚,0000016574,本科,安徽大学,中文系,1981.09,1985.07
雍成瀚,0000016574,进修,安徽大学,马克思主义哲学,1997.09,1999.09
雍成瀚,0000016574,研究生,安徽大学,马克思主义哲学,,2003.06
雍成瀚,0000016574,研究生,清华大学,公共管理,2006.04,2008.01
雍文涛,0000016576,肄业,贵州大学,,1928.07,1929.04
雍文涛,0000016576,学习,暨南大学,,1924.08,
游德馨,0000016589,学习,福州市委青训班,,,
于丛乐,0000016601,本科,哈尔滨建筑工程学院,工业与民用建筑,1980.09,1984.08
于丛乐,0000016601,研究生,西北大学,工商管理,2001.03,2004.06
于丛乐,0000016601,学习,国家行政学院,,2003.09,2003.12
于飞,0000016610,本科,郑州大学,工业自动化,,1982.00
于飞,0000016610,研究生,华东理工大学,,,1990.06
于飞,0000016610,博士,北京理工大学,,2000.09,
于来山,0000016624,研究生,中央党校,,,
于来山,0000016624,学习,中央农管干部学院华中人大分院,,1984.09,1986.07
于伟,0000016637,本科,四川农学院,农学专业,1978.02,1982.01
于伟,0000016637,进修,西南师范学院,,1984.09,1985.01
于伟,0000016637,学习,中央党校,,2000.03,2001.01
于晓明,0000016642,本科,山东大学,汉语言文学,1979.09,1983.07
于学祥,0000016646,学习,大连工学院,,,1963.00
于迅,0000016647,学习,山东农学院,,1980.10,1982.09
于迅,0000016647,研究生,中国科技大学,管理科学,1990.02,1993.01
于迅,0000016647,学习,中央党校,,1995.09,1996.07
于迅,0000016647,研究生,中央党校,科学社会主义,1995.09,1998.07
于永泉,0000016651,,内蒙古财经学院,供销财会,1983.09,1985.07
余爱国,0000016658,本科,湖南教育学院,政治,1991.09,1994.07 
余爱国,0000016658,研究生,香港大学,工商管理,2001.11,2004.10 
俞国行,0000016713,大专,中央党校,,,
虞海燕,0000016724,本科,西安冶金建筑学院,炼钢专业,1978.09,1982.08
虞振新,0000016725,研究生,西安建筑科技大学,冶金工程,1999.10,2002.06
虞振新,0000016725,博士,东北大学,材料学,2003.03,2011.07
喻红秋,0000016734,本科,吉林大学,政治经济学,1978.00,1982.00
喻红秋,0000016734,研究生,吉林大学,政治经济学,1996.08,1997.12
喻红秋,0000016734,学习,中央党校,,2009.11,2010.01 
袁锦贵,0000016747,学习,福建龙岩师范学校,,1966.00,
袁正中,0000016773,本科,大连工学院,化工机械,1954.09,1958.08
袁正中,0000016773,学习,中央党校,,1992.03,1992.06
袁周,0000016775,学习,安顺师范专科学校,中文专业,1978.09,1980.08
袁周,0000016775,学习,北京经济函授大学,现代经济,1987.01,1989.07
袁周,0000016775,学习,中央党校,,2000.03,2001.01
袁周,0000016775,研究生,中央党校,经济学,2000.03,2003.01
袁周,0000016775,学习,贵州省委党校,,2007.09,2007.11
岳亮,0000016796,本科,山西师范学院,地理系,1978.09,1982.07
岳亮,0000016796,学习,华东师范大学,,1984.02,1984.07
岳亮,0000016796,学习,西南师范大学,,1985.09,1987.01
岳亮,0000016796,研究生,西北大学,自然地理,,1993.07
岳亮,0000016796,博士,西安地质学院,水文地质与工程地质,,1996.11
岳岐峰,0000016799,学习,邯郸中学,,,
云公民,0000016808,本科,清华大学,汽车制造,1975.00,1979.00
云喜顺,0000016814,学习,内蒙古财经大学,,,
臧伯平,0000016819,学习,保定第二师范,,,
臧伯平,0000016819,学习,北京民国大学,国文系,,
泽巴足,0000016823,学习,中央党校,,1992.03,1992.07
泽巴足,0000016823,学习,中央党校,,1995.09,1996.07
泽巴足,0000016823,本科,四川省委党校,行政管理,1996.09,1998.12
泽巴足,0000016823,研究生,四川省委党校,现代管理,2000.09,2003.06
詹毅,0000016859,研究生,中央党校,,,
张百如,0000016868,大专,中央团校,,1983.08,1985.07
张百如,0000016868,学习,中央党校,,1996.09,1997.01
张百如,0000016868,本科,中央党校,党政管理,1995.08,1997.12
张秉法,0000016883,研究生,中央党校,,,
张传栋,0000016901,学习,福建省革委会解放干部学习班,,1972.lO,1973.04
张春生,0000016905,本科,合肥师范学院,中文系,1965.09,1969.09
张春生,0000016905,学习,中央党校,,1995.03,1995.05
张春生,0000016905,学习,中央党校,,1999.03,1999.05
张国胜,0000016965,学习,中央党校,,2002.03,2002.05
张国胜,0000016965,研究生,中央党校,,,
张海钦,0000016971,大专,中央农业管理干部学院北农大分院,,,
张汉东,0000016975,学习,新疆米泉县良种场再教育,,,
张汉东,0000016975,学习,辽宁财经学院,基建经济系财务与信用,,
张怀瑞,0000017008,学习,解放军装甲兵学院,,,1960.00
张会民,0000017014,本科,吉林大学,历史系,1979.09,1983.07 
张会民,0000017014,研究生,中央党校,党史专业,1983.07,1986.06 
张纪华,0000017021,大专,云南省委党校,,1984.09,1986.07 
张纪华,0000017021,研究生,党校,,,
张金标,0000017048,学习,喀什农校,植保,1980.09,
张敬涛,0000017071,学习,山东大学,,1971.00,
张九汉,0000017076,本科,江苏农学院,农学专业,1973.09,1977.02
张九汉,0000017076,学习,江苏省政府派往日本爱知县研修,农业现代化与设施农业栽培技,1980.04,1980.10
张九汉,0000017076,学习,省委组织部、省教委和南京大学联合举办的国际工商管理专业研究生课程进修班,,1995.10,1997.10
张九汉,0000017076,研究生,中央党校,科学社会主义,2000.01,2002.12
张九汉,0000017076,学习,中央党校,,2000.03,2001.01
张开勋,0000017088,学习,武威师范学校,,1972.08,1974.08
张开勋,0000017088,学习,兰州大学,新闻专业,1985.06,1988.12
张开勋,0000017088,函授,中央党校,经济管理,1992.09,1994.12
张开勋,0000017088,学习,中央党校,,2001.03,2002.01
张开勋,0000017088,研究生,中央党校,党的学说与党的建设,2001.03,2004.01
张雷,0000017099,本科,南京航空学院,机械设计,1978.09,1982.08
张雷,0000017099,学习,哈佛大学,,2006.06,2006.09
张木生,0000017140,高中,中国人民大学附属中学高中,,,1965.00
张木生,0000017140,本科,内蒙古大学哲学系,,1973.00,1975.00
张奇,0000017155,学习,陕西陆军讲武堂,,,
张荣茂,0000017192,学习,大连工学院,化学工程,,1965.07
张润霞,0000017197,研究生,东北工学院,,,1966.00
张少康,0000017203,本科,广西师范学院,中文专业,1974.09,1977.03
张少康,0000017203,学习,中央党校,,1994.08,1995.01
张少康,0000017203,学习,中央党校,,2000.09,2001.01
张少康,0000017203,学习,国防大学省部级领导干部培训班,,2011.04,2011.05
张士毅,0000017219,学习,保定第二师范,,1938.00,
张士毅,0000017219,学习,通州第十师范,,,
张士毅,0000017219,学习,北平中国大学,政治经济学,1935.00,
张士毅,0000017219,学习,华北抗日联合大学,,,
张守成,0000017229,学习,青海民族学院,政治系,1975.08,1978.08
张守成,0000017229,研究生,青海省委党校,政治经济学,2001.02,2003.07
张同钰,0000017256,学习,延安中央党校,,1944.00,
张文树,0000017276,大专,黑龙江省委党校,党政,,
张文学,0000017277,学习,大连水产专科学校,轮机管理,1964.09,1967.09
张文学,0000017277,学习,中央党校,,1978.06,1979.01
张文学,0000017277,学习,中央党校,,2001.09,2001.11
张晓兰,0000017298,本科,四川大学,物理学,1982.09,1986.07 
张晓兰,0000017298,研究生,四川大学,激光物理,1986.07,1989.07 
张晓兰,0000017298,学习,重庆市委党校,,1998.09,1999.01
张晓兰,0000017298,学习,赴澳大利亚参加由中组部主办的“小康社会领导者培训项目”第1期现代农业发展与农村建设专题研究班,,2006.11,2006.12
张晓兰,0000017298,学习,中央党校,,2007.03,2007.07
张燮飞,0000017308,本科,福建农学院,农学系,1978.00,1982.00
张燮飞,0000017308,学习,中央党校,,1990.09,1991.07
张燮飞,0000017308,研究生,福建省委党校,经济管理,,1998.01
张裔炯,0000017356,学习,中央团校,,1979.00,1980.00
张裔炯,0000017356,大专,青海广播电视大学,语文,1983.03,1985.08
张裔炯,0000017356,学习,中央党校,,1990.03,1990.07
张裔炯,0000017356,学习,中央党校,,1995.09,1996.07
张裔炯,0000017356,研究生,中央党校,法学,1995.09,1999.03
张迎祥,0000017362,学习,湖南建国中学高中,,1949.04,
张迎祥,0000017362,学习,江西南昌大学,中文系,1952.07,
张永霞,0000017374,本科,河北工学院,公路、城市道路与桥梁,1986.09,1990.07
张永霞,0000017374,学习,山东大学,马克思主义哲学,1998.12,2000.09
张永霞,0000017374,学习,山东省中青年干部赴美国康涅狄格州中央州立大学培训班,,2003.06,2003.12
张永霞,0000017374,研究生,中央党校,,,
张佑才,0000017382,本科,南京工业大学,无机化工,,1965.08
张玉舜,0000017395,研究生,厦门大学,会计,,
张哲民,0000017424,学习,中央党校,,1956.08,1957.12
张正德,0000017435,学习,安吴青训班,,1938.00,
张正德,0000017435,学习,延安中央党校,,1944.00,
张志军,0000017449,研究生,吉林大学,思想政治教育,1993.09,1995.12
张志军,0000017449,研究生,,法学,,1996.04
张志军,0000017449,博士,吉林大学,政治学理论,2000.09,2005.12
张志银,0000017458,本科,解放军洛阳外语学院,日语,1976.11,1980.01
张志银,0000017458,研究生,中南工业大学,管理工程,1993.09,1996.07 
张志银,0000017458,博士,北京大学,法学,,
张柱,0000017477,本科,西北农业大学,植保,1985.09,1989.07
张柱,0000017477,研究生,中央党校,党建,2001.01,2003.12
章新胜,0000017497,学习,解放军张家口工程学院,,1964.00,1969.00
章新胜,0000017497,学习,浙江大学,英语,1974.99,1977.00
章新胜,0000017497,学习,美国科罗拉多丹佛大学,工商管理,1980.00,1981.00
章新胜,0000017497,学习,美国哈佛商学院,,1986.00,
章耀德,0000017498,研究生,美国哈佛大学,设计学,1998.00,2000.00
赵豪志,0000017546,本科,山东工业大学,机械制造工艺及设备,1983.09,1987.07
赵衡蘧,0000017548,学习,中南矿冶学院,,,1961.00
赵禄祥,0000017589,学习,北京钢铁学院,,,
赵培星,0000017600,博士,哈尔滨工业大学,,,
赵瑞东,0000017609,本科,中国人民大学,计划经济,1985.09,1989.07
赵胜堂,0000017612,研究生,东北师范大学,政治经济学,,
赵宪忠,0000017639,学习,山西晋中地区农业学校,水利,1976.10,1978.07
赵宪忠,0000017639,学习,中央党校,,1998.03,1998.07
赵宪忠,0000017639,研究生,四川工商管理学院,,2001.09,2003.07
赵晓君,0000017649,研究生,吉林省委党校,,,
赵新良,0000017651,本科,辽宁省东北工学院,钢铁冶金,1964.08,1970.08
赵乙生,0000017665,学习,中央民族学院,,1958.00,1960.00
赵永吉,0000017673,学习,吉林工学院,,,
赵永清,0000017674,学习,山东昌潍师专,汉语言,1980.09,1982.07
赵永清,0000017674,学习,山东师范大学,中文系,1984.09,1987.09
赵永清,0000017674,研究生,山东省委党校,政治,1997.09,2000.07
赵永忠,0000017676,学习,青海省五七干校,,1968.11,1970.02
赵永忠,0000017676,大专,青海省委党校,政治理论,1984.09,1986.07
赵长风,0000017690,学习,山东合作干校,,,
赵长风,0000017690,学习,滕县专区干校,,,
赵振起,0000017695,本科,吉林大学,经济学,,
赵振起,0000017695,研究生,吉林大学,经济学,,
赵智勇,0000017703,研究生,西南财经大学,银行学,,
郑宝林,0000017719,学习,北京矿业学院,采煤专业,1961.09,1966.09 
郑宝林,0000017719,研究生,中央党校,,1984.09,1986.07
郑牧民,0000017767,学习,合肥工业大学,地质,1973.12,"1976,07"
郑牧民,0000017767,学习,中央党校,,1988.02,1988.07
郑牧民,0000017767,学习,中央党校,,1995.09,1996.07
郑牧民,0000017767,研究生,中央党校,法学,1995.09,1998.07
郑睦鑫,0000017768,学习,中山大学,,,
郑少康,0000017780,学习,华东军政大学,,,
郑小明,0000017797,本科,西北农学院水利系,农田水利工程专业,1976.12,1979.08
郑小明,0000017797,培训,中央党校中青年干部培训班,,1993.09,1994.07
郑小明,0000017797,研究生,中央党校在职研究生班,马克思主义哲学专业,2001.03,2004.07
郑义,0000017804,本科,广西大学,英语,1959.00,1963.00
郑重远,0000017820,学习,抗日军政大学,,1937.08,
郑重远,0000017820,学习,中央党校,,1937.08,
钟家明,0000017841,学习,江西宜春师范专科学校,中文系,1958.09,1960.09
钟家明,0000017841,学习,农业部农业领导干部研修班,,1987.00,
钟健华,0000017843,研究生,华东理工大学,,1994.09,1996.09
钟健华,0000017843,学习,中央党校,,1996.09,1997.07
钟健华,0000017843,研究生,中央党校,经济管理,1996.09,1999.07
钟力生,0000017847,学习,焦作矿业学院,,1955.09,1958.08
钟勉,0000017848,本科,四川财经学院,政治经济学,1980.09,1984.07
钟勉,0000017848,研究生,西南财经大学,政治经济学,1992.09,1995.07
钟勉,0000017848,博士,西南财经大学,社会主义市场经济研究,1998.09,2001.01
钟勉,0000017848,学习,中央党校,,2002.03,2003.01
钟文,0000017856,学习,华南农学院,,1982.09 ,1984.07
钟文,0000017856,学习,中央党校,,1990.09,1991.07
钟文,0000017856,本科,中央党校,党政管理,1990.08,1992.12
钟想廷,0000017858,学习,广西大学,政治理论,1984.08,1986.07 
钟想廷,0000017858,研究生,中国社会科学院,经济,1996.04,1998.04 
钟想廷,0000017858,学习,中央党校,,1999.03,1999.07 
周本模,0000017877,学习,华东大学皖北分校,,,
周本模,0000017877,学习,皖北军区军政干校,,,
周昌贡,0000017879,研究生,中央党校,政治经济学,,
周福元,0000017897,学习,中央农业管理干部学院浙江农业大学分院,农业管理,1983.09,1985.07
周福元,0000017897,本科,中央党校,党政管理,1995.08,1997.12
周国富,0000017907,,浙江农业大学,农学,1963.09,1967.09
周国富,0000017907,培训,省委党校,,1984.01,1984.12
周国富,0000017907,培训,中央党校,,1985.09,1986.01
周国富,0000017907,研修,中央党校,,1994.09,1994.11
周济,0000017922,学习,清华大学,机械制造,1965.09,1970.03
周济,0000017922,研究生,华中工学院,机械制造,1978.09,1980.09
周济,0000017922,博士,美国纽约州立大学,机械工程,1980.09,1984.03
周金伙,0000017932,学习,福建医科大学,,,
周联清,0000017950,本科,福建省委党校,,,
周明理,0000017962,学习,北京大学,,,
周沛,0000017965,学习,西安石油学校,,,1956.00
周日方,0000017970,本科,华南农学院,植保,1965.09,1969.09
周士第,0000017973,,琼崖中学,,1914.00,
周万龙,0000017986,本科,中央党校,经济管理,,
周一波,0000018011,学习,杭州无线电工业管理学校,,1971.09,1971.12
周一波,0000018011,学习,中共陕西省商洛地委党校,,1984.06,1986.06
周一波,0000018011,函授,中央党校,经济管理,1994.08,1996.12
周一波,0000018011,本科,解放军西安政治学院,法律,1996.07,1999.07
周一波,0000018011,研究生,陕西财经学院,财政学,1997.09,1999.09
周颐,0000018012,,延安抗大,,1937.12,
周异决,0000018013,本科,中央民族学院,民族学,1984.00,1988.00
周异决,0000018013,博士,北京大学,区域经济学,1999.00,2011.00
周政坤,0000018030,本科,,,,
周仲明,0000018037,本科,河北机电学院,金属材料及热处理,1980.09,1984.08
周仲明,0000018037,进修,北京大学,区域经济学,1997.07,1999.07
周仲明,0000018037,研究生,河北大学,中国古代文学,2001.07,2003.07
朱德义,0000018057,研究生,哈尔滨工业大学,管理科学与工程,,
朱季历,0000018077,本科,,,,
朱军,0000018084,学习,武汉钢铁学院,炼铁,1974.08,1977.07
朱军,0000018084,培训,北京钢铁学院,,1985.02,1985.07
朱军,0000018084,进修,中央党校,,1996.02,1996.07
朱龙生,0000018092,专修,南京师范学院,中文,1980.09,1983.07
朱龙生,0000018092,培训,省委党校,,1992.02,1992.07
朱龙生,0000018092,研修,东南大学,工商行政管理,1996.02,1998.06
朱龙生,0000018092,研究生,省委党校,政治经济学,2002.09,2004.01
朱农,0000018104,学习,新四军第三支队救亡训练班,,1939.01,
朱奇民,0000018105,,韩庄高级小学,,,1935.00
朱奇民,0000018105,,兖州乡村师范学校,,1935.00,
朱绍毅,0000018115,研究生,,,,
朱之文,0000018151,本科,厦门大学,财务会计,1978.00,1982.00
朱之文,0000018151,学习,国家高级教育行政学院,马克思主义,1992.00,
朱治宏,0000018154,学习,中共中央党校,,1981.03,1981.07
朱治宏,0000018154,进修,中共中央党校,,1991.03,1991.05
朱忠民,0000018156,本科,南京化工学院,,,1969.00
朱作勇,0000018158,本科,,,,
诸宗智,0000018160,本科,合肥工业大学,,,1965.00
祝金水,0000018167,本科,武汉师范学院（现湖北大学）,中文,1978.07,1982.09
祝金水,0000018167,培训,省委党校,,1993.09,1993.12
祝耀祖,0000018171,大专,,,,
祝业精,0000018172,博士,,,,
庄稼汉,0000018176,本科,复旦大学,企业经济管理,1989.09,1992.07
庄稼汉,0000018176,本科,省委党校,,1991.09,1993.07
庄稼汉,0000018176,进修,中国社会科学院,经济,1996.10,1998.11
庄稼汉,0000018176,培训,省委党校,,2000.09,2001.01
卓嘎,0000018186,研究生,,,,
邹鲁风,0000018217,本科,北平东北大学,,1933.00,
邹问轩,0000018226,中学,南昌心远中学,,1930.00,
邹问轩,0000018226,中学,北平大中中学,,1933.00,1934.00
邹问轩,0000018226,本科,中国大学,,1934.00,
邹问轩,0000018226,学习,马列学院中央党校二部,,1938.10,
张学忠,0000018247,大专,甘肃省兰州市师范学校,,1958.08,1961.07
张学忠,0000018247,本科,兰州大学,汉语言文学,1964.09,1966.06
杜捷,0000018249,函授,中央党校,经管,1993.09,1995.12
杜捷,0000018249,研究生,青海省委党校,政治经济学,2000.09,2002.12
李磊,0000018252,本科,北京大学,物理,1989.01,1990.01
李磊,0000018252,博士,国防科学技术大学,计算机,1990.09,1999.10
李磊,0000018252,博士,哈尔滨工业大学,通信与电子系统,1996.09,1999.10
李沛文,0000018255,本科,西北师范大学,"汉语
甘肃省政府秘书长李沛文
甘肃省政府秘书长李沛文
言文学",1978.03,1981.09
李沛文,0000018255,进修,兰州大学,政治经济学,1994.09,1997.09
刘富春,0000018256,培训,山东农学院,,1980.10,1982.06
刘富春,0000018256,培训,省委党校,,1991.09,1992.06
刘富春,0000018256,函授,山东农业大学,经济管理,1993.09,1996.07
刘富春,0000018256,进修,山东农业大学,经济管理,1998.09,2000.08
马学军,0000018257,本科,西北民族学院,汉语言文学,1980.09,1984.07
马学军,0000018257,培训,中央党校,,2001.03,2002.01
马学军,0000018257,研究生,中央党校,经济管理,2001.03,2004.01
秦雨屏,0000018261,本科,天津南开大学,,,
秦雨屏,0000018261,,延安抗大,,,
秦雨屏,0000018261,,延安马列学院,,,
丘广钟,0000018263,高中,,,,1969.01
丘广钟,0000018263,大专,福建农学院,农学,1972.11,1975.08
周以忠,0000018266,本科,清华大学,金属材料与热处理,1979.07,1984.07
周以忠,0000018266,研究生,清华大学,金属材料与热处理,1984.07,1987.10
朱克江,0000018281,本科,山东聊城师范学院,,1978.09,1982.08
朱克江,0000018281,研究生,荷兰马斯特管理学院,工商管理,1997.11,1998.11
朱克江,0000018281,博士,南京大学,企业管理,2000.09,2002.08
朱民,0000018287,本科,复旦大学,政治经济学,1980.09,1984.08
朱民,0000018287,研究生,复旦大学,政治经济学,1989.09,1992.07
朱民,0000018287,培训,江苏省高级管理人才经济研究班,,2000.09,2000.12
朱民阳,0000018288,学习,江苏省江南大学,中文,1983.09,1986.09
朱民阳,0000018288,研究生,,工商管理,,
朱明,0000018289,本科,,,,
朱德海,0000018297,学习,莫斯科东方劳动大学,,1936.00,1939.09
朱德海,0000018297,学习,抗日军政大学和中央海外研究班,,1941.00,
朱森林,0000018300,本科,,,,
朱善璐,0000018301,高中,黑龙江省拜泉县第一中学,,1965.07,1968.09
朱善璐,0000018301,本科,北京大学,哲学,1979.09,1982.08
朱善璐,0000018301,进修,中共中央党校,,1995.09,1996.01
朱善璐,0000018301,培训,中共中央党校,,2005.09,2006.01
吴平,0000018317,学习,西藏民族学院,统计,1993.09,
吴平,0000018317,学习,西南民族大学,行政管理,2004.02,2006.01
吴靖平,0000018330,本科,四川建材学院,地勘,1980.02,1984.07
吴靖平,0000018330,研究生,清华大学,思想政治教育,1988.09,1991.05
吴靖平,0000018330,学习,省委党校,,1998.10,1998.12
吴靖平,0000018330,培训,中央党校,,2008.03,2008.07
吴亮平,0000018340,高中,南洋中学,,1919.00,
吴南生,0000018345,,中共中央党校,,1944.00,
杨春光,0000018347,本科,山东大学,中文,,1978.00
张广智,0000018352,本科,河南大学,政治教育,1978.03,1982.01
张广智,0000018352,培训,河南省委党校,,1991.09,1992.07
张广智,0000018352,研究生,中国政法大学,民商法,1993.03,1997.07
张广智,0000018352,学习,中央党校,,1998.02,1998.07
张广智,0000018352,博士,华中科技大学,管理科学与工程,1999.09,2003.06
董卫民,0000018476,本科,湖北工学院,制造工艺及设备,1986.09,1990.07
董卫民,0000018476,培训,黄冈市委党校,,1996.05,1996.06
董卫民,0000018476,研究生,华中师范大学,科技哲学,1996.09,1999.11
董卫民,0000018476,进修,黄冈市委党校,,2000.09,2000.10
董卫民,0000018476,学习,英国伍斯特大学,,2004.12,2005.03
董卫民,0000018476,进修,中组部延安干部学院,,2012.11,
刘炳旺,0000018496,本科,新乡师范学院,化学,1972.01,1975.05
刘明,0000018498,研究生,云南大学,国际贸易,,
孙志军,0000018515,,武汉大学,辩证唯物主义和历史唯物主义,1978.01,1982.07
孙志军,0000018515,研修,武汉大学,马克思主义哲学,1990.09,1992.07
孙志军,0000018515,研究生,,,1994.08,
孙志军,0000018515,培训,中央党校,,2000.03,2001.01
毕小彬,0000018625,学习,铜陵财经专科学校,,1984.09,1986.07
毕小彬,0000018625,学习,中央党校,经济管理,1989.09,1992.06
毕小彬,0000018625,研究生,中央党校,经济管理,2003.09,2006.07
毕小彬,0000018625,培训,中央党校,,2008.03,2009.01
汤林祥,0000018635,本科,安庆师范学院,,1994.09,1997.09
汤林祥,0000018635,学习,省委党校,,1984.09,1986.07
王久祜,0000018636,本科,山东财经大学,贸易经济,1965.09,1970.08
张韶春,0000018642,本科,安徽大学,汉语言文学,1979.09,1983.08
张韶春,0000018642,学习,国家科委第10期科技管理研究班,,1983.09,1983.12
张韶春,0000018642,研究生,华中理工大学,应用社会学,1993.09,1997.06
张韶春,0000018642,培训,中央党校,,2003.03,2004.01
赵江涛,0000018647,本科,哲里木畜牧学院,兽医,1980.09,1984.08
赵江涛,0000018647,本科,中央党校,经济管理,1994.09,1996.12
赵江涛,0000018647,培训,内蒙古党校,,2004.03,2004.04
赵江涛,0000018647,学习,美国密苏里大学,公共管理,2007.04,2007.07
安伟,0000018648,本科,河南大学,政治,1984.09,1988.07
安伟,0000018648,研究生,兰州大学,世界近现代史,,
安伟,0000018648,学习,河南省委党校,,2001.02,2001.06
安伟,0000018648,博士,华中科技大学,经济学,,2008.12
王乃学,0000018649,本科,吉林大学,国民经济管理,1980.09,1984.08
王乃学,0000018649,进修,对外经济贸易大学,,1996.09,1997.09
王乃学,0000018649,博士,北京大学,马克思主义学院科学社会主义与国际共产主义运动,1996.09,1999.07
邓沛然,0000018948,硕士,河北大学,企业管理,2004.09,2006.06
邓沛然,0000018948,博士,河北大学,世界经济,2006.09,2010.06
王立彤,0000018949,本科,安徽师范大学,化学教育,1986.09,1990.07
王立彤,0000018949,研究生,清华大学,思想政治教育,1992.09,1995.07
王立彤,0000018949,学习,浙江省第六期领导干部经济管理研究班,,2004.04,2004.11
常丽虹,0000018952,本科,河北大学,汉语言文学,1980.09,1984.07
常丽虹,0000018952,研究生,参加中央党校,在职研究生班经济学,1999.09,2002.07
常丽虹,0000018952,培训,,,2006.02,2006.05
陈平,0000018953,本科,河北师范大学,中文,1984.09,1988.06
陈平,0000018953,研究生,新加坡南洋理工大学,管理经济学,1999.10,2000.10
陈平,0000018953,培训,河北省委党校,,2005.09,2006.01
王景武,0000018954,本科,河北大学,红外物理,1982.09,1986.07
王景武,0000018954,研究生,北京航空航天大学,公共管理,2002.03,2005.03
王伟中,0000018955,本科,清华大学,水资源工程,1979.09,1984.09
王伟中,0000018955,研究生,水利电力部水利水电科学研究院,水资源研究所工程水文及水资源,1984.09,1987.04
王伟中,0000018955,博士,清华大学,管理科学与工程,1999.05,2006.07
王伟中,0000018955,培训,中央党校,,2008.03,2008.07
雷健坤,0000018958,博士后,中国社会科学院,应用经济学,2004.09,2006.09
雷健坤,0000018958,培训,中央党校,,2008.03,2009.01
关建勋,0000018959,,山西农业大学,农业经济管理,1980.09,1984.07
关建勋,0000018959,研究生,中央党校,经济学,2008.03,2010.01
董一兵,0000018960,研究生,中国社科院研究生院,农业经济,1996.04,1998.03
董一兵,0000018960,研究生,新加坡南洋理工大学,,2009.03,2010.03
卢建明,0000018963,本科,太原理工大学,机械制造工艺及设备,1980.07,1984.07
卢建明,0000018963,进修,武汉工学院,企业管理工程,1985.07,1986.09
卢建明,0000018963,研究生,吉林大学,国民经济计划和管理,1995.09,1998.06
卢建明,0000018963,研究生,新加坡南洋理工大学,,2006.02,2007.02
卢建明,0000018963,博士,华中科技大学,西方经济学,2005.09,2008.11
张志川,0000018964,学习,郑州水利学校,农田水利,1980.07,1982.07
张志川,0000018964,本科,武汉大学,水利水电工程,1983.07,1988.12
张志川,0000018964,硕士,武汉大学,水利水电工程,1996.09,1998.06
张志川,0000018964,博士,武汉大学,水利水电工程,2002.09,2005.06
张志川,0000018964,访问学者,美国马里兰大学,,2003.06,2003.12
刘锋,0000018965,本科,山西大学,光电子,1979.09,1983.07
刘志宏,0000018966,学习,农牧渔业部农村经济管理干部学院,,1983.09,1985.07
刘志宏,0000018966,进修,中央党校,,2003.09,2004.01
刘志宏,0000018966,研究生,中央党校,研究生院法学理论,2003.09,2005.09
高键,0000018967,本科,山西师范大学,汉语言文学,1988.09,1992.07
高键,0000018967,研究生,陕西师范大学,文艺学,1998.07,2001.08
陈振亮,0000018968,本科,山西农业大学,农学,1979.09,1983.08
陈振亮,0000018968,学习,中央党校,,2005.10,2006.01
陈振亮,0000018968,研究生,中国农业大学,,2002.03,2005.03
陈振亮,0000018968,博士,南京航空航天大学,马克思基本原理,2008.09,2013.06
赵建平,0000018969,学习,山西省计划统计学校,国民经济统计,1980.11,1983.08
赵建平,0000018969,学习,山西财经学院,统计学,1985.09,1988.06
赵建平,0000018969,研修,中国社科院研究生院,企业管理,1996.12,1998.11
赵建平,0000018969,研究生,中国矿业大学,项目管理,2007.05,2010.07
王成,0000018970,大专,朔县师范学校,,1984.09,1987.07
王成,0000018970,本科,山西师范大学,政治经济学,1987.09,1994.06
王成,0000018970,研究生,山西师范大学,政治经济学,1987.09,1994.06
刘予强,0000018972,学习,山西省晋东南会计学校,工业会计,1979.09,1981.08
刘予强,0000018972,本科,山西大学,行政管理,,2000.12
王立伟,0000018973,本科,山西农业大学,农业经济管理,1979.09,1984.08
王立伟,0000018973,研究生,西北农林科技大学,种植,2004.12,2009.06
宋亮,0000018974,本科,内蒙古大学,计划统计,1981.09,1985.07
宋亮,0000018974,研究生,南开大学,金融学,2006.09,2008.06
宋亮,0000018974,培训,中央党校,,2007.03,2008.01
史万钧,0000018975,大专,内蒙古自治区昭乌达盟农牧学校,兽医,1980.09,1983.07
史万钧,0000018975,学习,辽宁大学,汉语言文学,1987.08,1990.07
史万钧,0000018975,本科,中央党校,经济管理,1995.08,1997.12
史万钧,0000018975,研究生,中央党校,经济管理,2008.09,2011.07
高世宏,0000018976,学习,内蒙古大学,经济管理,1988.09,1990.07
高世宏,0000018976,本科,中央党校,法律,2000.09,2002.12
高世宏,0000018976,研修,中央党校,研究生院经济管理,2006.09,2009.07
高世宏,0000018976,研究生,内蒙古大学,马克思主义哲学,2011.09,2014.06
孟宪东,0000018977,本科,内蒙古农牧学院,兽医,1983.09,1988.07
孟宪东,0000018977,培训,中央党校,,2009.03,2010.01
孟宪东,0000018977,研究生,内蒙古农业大学,农业推广,2005.03,2008.07
郝茂荣,0000018978,本科,内蒙古大学,物理化学,1981.09,1985.07
郝茂荣,0000018978,研究生,内蒙古大学,物理化学,1985.09,1988.06
郝茂荣,0000018978,学习,包头钢铁学院,,1992.03,1993.03
郝茂荣,0000018978,学习,北京化工大学,应用化学,1999.09,2003.12
郝茂荣,0000018978,研修,中组部举办的清华大学—哈佛大学公共管理高级研修班,,2003.07,2003.10
郝茂荣,0000018978,,中组部举办的北大光华-西班牙IESE商学院,,2013.06,2013.07
郝茂荣,0000018978,培训,中央党校,,2014.09,2015.01
牛俊雁,0000018979,大专,中央党校,经济管理,1990.08,1993.06
牛俊雁,0000018979,函授,中央党校,经济管理,1993.08,1995.12
牛俊雁,0000018979,研究生,中国社会科学院,研究生院市场经济,1997.05,1998.05
牛俊雁,0000018979,研究生,华中科技大学,高级管理人员工商管理,2007.04,2009.12
龚明珠,0000018980,本科,内蒙古大学,,1985.09,1989.07
龚明珠,0000018980,,内蒙古自治区团委学校,,1995.04,1997.02
龚明珠,0000018980,培训,内蒙古党校,,2003.03,2003.08
龚明珠,0000018980,研究生,上海交通大学,高级管理人员工商管理,2011.03,2013.06
于立新,0000018981,本科,内蒙古工学院,机械制造工艺设备及自动化,1983.09,1987.07
于立新,0000018981,学习,国家电力公司党校,,1998.09,1999.01
于立新,0000018981,培训,中央党校,,2010.03,2011.01
李世镕,0000018982,MBA,华中科技大学,,2005.09,2007.10
常志刚,0000018984,学习,内蒙古自治区呼和浩特职工大学,政史,1988.08,1991.01
常志刚,0000018984,学习,内蒙古党校,,2003.03,2003.08
常志刚,0000018984,学习,中央党校,研究生院党建,2000.09,2003.12
常志刚,0000018984,进修,内蒙古党校,,2004.05,2004.06
常志刚,0000018984,研究生,全国市长培训中心,,2005.10,2005.11
常志刚,0000018984,培训,参加中组部在北京大学举办的司局级领导干部全球公共政策高级培训班,,2009.06,2009.08
费东斌,0000018985,本科,长沙铁道学院,铁道运输,1987.09,1991.07
费东斌,0000018985,研究生,清华大学,工业工程领域,2003.11,2004.10
张恩惠,0000018986,本科,内蒙古财经学院,工业财会,1987.09,1991.07
张恩惠,0000018986,研究生,内蒙古党校,研究生班经济管理,2002.08,2004.12
张恩惠,0000018986,学习,内蒙古党校,,2006.09,2007.01
张恩惠,0000018986,学习,华中科技大学,工商管理,2008.09,2010.12
奇巴图,0000018987,学习,内蒙古大学,历史,1989.09,1991.07
奇巴图,0000018987,本科,中央党校,,1993.08,1995.12
奇巴图,0000018987,研究生,北京外国语大学,经济管理,2000.09,2002.07
奇巴图,0000018987,研究生,北京大学,公共管理,2005.03,2008.01
韩宪军,0000018988,学习,内蒙古农牧学院,食品工程,1989.09,1991.07
韩宪军,0000018988,研究生,中国人民大学,进修企业管理,2001.09,2002.07
韩宪军,0000018988,学习,沈阳工业学院,会计学,2001.09,2004.07
韩宪军,0000018988,学习,内蒙古党校,经济管理,2005.09,2008.01
罗虎在,0000018989,学习,呼伦贝尔盟教育学院,中文,1980.09,1982.07
罗虎在,0000018989,本科,中央党校,经济管理,1997.08,1999.12
罗虎在,0000018989,学习,内蒙古党校,,2003.03,2003.08
罗虎在,0000018989,研究生,参加中央党校,经济管理,2003.09,2006.07
霍照良,0000018990,本科,北京大学,经济管理,1986.09,1990.07
霍照良,0000018990,研究生,中央党校,政治学理论,2003.03,2006.01
赵文亮,0000018991,学习,伊克昭盟财贸学校,财政税务,1985.03,1987.08
赵文亮,0000018991,大专,中央党校,经济,1992.09,1995.06
赵文亮,0000018991,学习,内蒙古党校,,2010.03,2010.06
赵文亮,0000018991,研究生,华中科技大学,工商管理,2006.01,2008.04
田树槐,0000018996,大专,辽宁省朝阳地区凌源师范学校,,1981.08,1984.07
田树槐,0000018996,学习,辽宁大学,哲学,1985.08,1988.07
田树槐,0000018996,函授,中央党校,政法,1995.09,1997.12
田树槐,0000018996,研究生,北京师范大学,经济管理,1998.10,2000.08
田树槐,0000018996,研究生,美国班尼迪克大学,信息管理,2009.09,2011.05
田树槐,0000018996,进修,辽宁省委党校,,2015.03,2015.05
田树槐,0000018996,培训,辽宁省委党校,,2015.10,2015.11
孙志浩,0000018997,学习,锦州师范学院,数学,1978.10,1980.10
孙志浩,0000018997,本科,东北师范大学,数学,1982.07,1985.07
王力威,0000019010,学习,辽宁省委党校,,1985.07,
刘非,0000019013,研究生,吉林工业大学,工业管理工程,,
王志厚,0000019015,研究生,吉林大学,东北亚研究院世界经济,1998.09,2001.06
刘化文,0000019016,本科,吉林工学院,工程机械,1990.09,1993.07
刘化文,0000019016,研究生,吉林大学,东北亚研究院世界经济,2003.06,2006.06
李国强,0000019017,本科,吉林财贸学院,,1985.09,1989.07
王冰,0000019018,研究生,吉林大学,世界经济,2004.09,2007.06
李明伟,0000019020,本科,吉林师范大学,汉语言文学教育,1989.09,1993.07
李明伟,0000019020,研究生,吉林大学,东北亚研究院世界经济,2000.07,2003.04
李明伟,0000019020,研究生,吉林省委组织部后备干部赴美国伊利诺伊大学,,2001.11,2002.11
庄严,0000019021,本科,吉林财贸学院,商业经济,1984.09,1988.07
庄严,0000019021,研究生,吉林大学,东北亚研究院世界经济,2001.09,2004.06
庄严,0000019021,研究生,吉林省委党校,在职研究生班法律,2004.08,2007.07
庄严,0000019021,博士,吉林大学,东北亚研究院世界经济,2010.09,2014.06
金寿浩,0000019022,本科,中央党校,经济管理,1995.08,1997.12
金寿浩,0000019022,培训,清华大学,,1998.08,1998.12
金寿浩,0000019022,研究生,吉林省委党校,经济管理,2006.08,2009.07
王秋实,0000019023,专科,秦皇岛煤炭工业管理学校,统计,1982.08,1984.08
王秋实,0000019023,专科,东北财经大学,财务会计,1992.06,1995.08
王秋实,0000019023,本科,中央党校,经济管理,1993.08,1995.12
郑大光,0000019024,本科,东北师范大学,数学,1982.09,1986.07
郑大光,0000019024,研究生,黑龙江省社会科学院,经济研究所政治经济学,1986.07,1989.07
宋宏伟,0000019025,专科,大庆师范专科学校,历史,1983.09,1986.07
宋宏伟,0000019025,本科,哈尔滨师范大学,经济管理,1988.07,1991.06
宋宏伟,0000019025,培训,中央党校,,2001.03,2002.01
宋宏伟,0000019025,研究生,中央党校,经济学,2001.03,2003.01
徐建国,0000019026,本科,南京师范大学,物理,1980.09,1984.08
徐建国,0000019026,研究生,东南大学,自然辩证法,1987.09,1990.01
徐建国,0000019026,博士,清华大学,工商管理,2001.09,2005.12
徐建国,0000019026,进修,中央党校,,2008.11,2009.01
杨廷双,0000019027,本科,东北林业大学,道路桥梁,1983.09,1987.08
杨廷双,0000019027,研究生,哈尔滨工业大学,管理科学与工程,1996.03,1999.08
杨廷双,0000019027,博士,东北林业大学,林业经济管理,2000.09,2003.07
杨廷双,0000019027,博士后,哈尔滨工业大学,,2008.11,2012.05
贾君,0000019028,学习,黑龙江省广播电视大学,机械,1982.09,1985.09
贾君,0000019028,研究生,东北财经大学,企业管理,2000.09,2002.09
贾君,0000019028,学习,黑龙江大学,行政管理,2001.10,2003.07
贾君,0000019028,研究生,哈尔滨工业大学,工商管理,2003.11,2005.12
高岩,0000019029,本科,东北农学院,农业机械化,1981.09,1985.07
高岩,0000019029,研修,东北农业大学,农业经济管理,1999.08,2001.08
高岩,0000019029,研究生,东北林业大学,农村与区域经济发展,2007.06,2010.01
谢宝禄,0000019030,学习,哈尔滨机械工业学校,企业管理,1981.09,1983.09
谢宝禄,0000019030,本科,哈尔滨电工学院,工企管理,1985.09,1990.06
谢宝禄,0000019030,研究生,哈尔滨工业大学,管理工程,1996.12,1998.09
谢宝禄,0000019030,学习,省第三期赴美高级管理领导人才培训班,,2002.01,2002.07
谢宝禄,0000019030,研究生,中央党校,法学理论,2006.09,2009.07
秦恩亭,0000019031,本科,黑龙江大学,汉语言文学,1978.10,1982.08
张子林,0000019032,本科,黑龙江八一农垦大学,财务与会计,1980.07,1984.09
张子林,0000019032,研究生,黑龙江省社会科学院,农业经济,1984.09,1987.07
张子林,0000019032,休息,省第三期赴美高级经济管理领导人才培训班,,2002.01,2002.07
黄钦,0000019034,,上海工程技术大学,经营管理,1993.03,1995.12
黄钦,0000019034,本科,中央党校,法学理论,1996.09,1998.12
黄钦,0000019034,研究生,中央党校,法学理论,2006.09,2009.07
黄钦,0000019034,,上海工程技术大学,经营管理,1993.03,1995.12
黄钦,0000019034,本科,中央党校,法学理论,1996.09,1998.12
黄钦,0000019034,研究生,中央党校,法学理论,2006.09,2009.07
周铁根,0000019035,大专,江苏公安专科学校,,1982.09,1985.07
周铁根,0000019035,本科,江苏省委党校,对外经济,1989.09,1991.07
周铁根,0000019035,研究生,南京大学,工商管理,1996.09,1998.07
丁纯,0000019036,本科,东南大学,电气技术,1988.09,1992.09
丁纯,0000019036,研究生,,统及其自动化,1992.09,1995.04
丁纯,0000019036,研修,,,2009.04,2010.03
丁纯,0000019036,博士,南京大学,管理科学与工程,2006.09,2014.06
李亚平,0000019037,本科,华东水利学院,水电站动力设备,1980.09,1985.07
李亚平,0000019037,研究生,东南大学,科技经济与行政管理,1996.09,1998.07
李亚平,0000019037,博士,河海大学,水文学及水资源,2000.09,2007.12
李亚平,0000019037,培训,中央党校,,2007.09,2008.01
韩立明,0000019038,专科,镇江师范专科学校,,1981.09,1984.08
韩立明,0000019038,本科,镇江船舶学院,思想政治教育,1984.09,1986.12
韩立明,0000019038,研究生,东南大学,科技经济与行政管理,1997.09,1999.07
韩立明,0000019038,研究生,江苏省委党校,政治经济学,2001.09,2002.12
项雪龙,0000019039,专科,江苏省青年管理干部学院,经济管理,1988.09,1990.07
项雪龙,0000019039,专修,江苏省青年管理干部学院,经济管理,1988.09,1990.07
方伟,0000019040,本科,南京大学,哲学,1983.09,1987.07
蔡丽新,0000019041,本科,苏州大学,思想政治教育,1990.09,1994.00
蔡丽新,0000019041,研究生,苏州大学,行政管理,1996.09,2001.12
蔡丽新,0000019041,博士,苏州大学,政治学理论,2003.09,2006.06
戴源,0000019042,本科,江苏省委党校,对外经济,1988.11,1991.07
张叶飞,0000019044,本科,苏州大学,政治,1990.09,1993.07
张叶飞,0000019044,研究生,江苏省委党校,政治经济学,2002.09,2005.07
史立军,0000019045,本科,辽宁财经学院,物资管理,1980.09,1984.07
史立军,0000019045,研究生,清华大学,技术经济及管理,2000.09,2001.12
史立军,0000019045,博士,北京航空航天大学,统工程,2004.09,2012.06
王昊,0000019046,本科,南京大学,哲学,1983.09,1987.07
王昊,0000019046,研究生,北京大学,公共管理,2007.02,2009.07
张耕,0000019048,本科,河南师范大学,化学,1982.09,1986.07
张耕,0000019048,研究生,河南师范大学,无机化学,1988.09,1991.07
张耕,0000019048,学习,浙江省赴美国KEAN大学领导干部公共管理硕士学位班,,2002.10,2002.12
张耕,0000019048,学习,浙江大学,,2002.03,2002.08
张耕,0000019048,进修,省管干部进修班,,2004.10,2004.12
姚高员,0000019049,本科,浙江师范大学,政教,1986.09,1990.08
姚高员,0000019049,研究生,清华大学,高级管理人员工商管理,2009.03,2011.01
胡海峰,0000019050,本科,北方交通大学,,,
胡海峰,0000019050,EMBA,清华大学,,,
钱三雄,0000019051,本科,杭州大学,,1986.09,1990.07
马晓晖,0000019052,学习,,经济管理,1984.05,1987.05
马晓晖,0000019052,本科,中央党校,经济管理,1998.08,2000.12
马晓晖,0000019052,研究生,浙江大学,经济学,1996.04,1998.02
马晓晖,0000019052,研究生,浙江省委党校,党政领导与管理,2001.03,2004.01
马晓晖,0000019052,MBA,澳门科技大学,,2001.09,2002.11
马晓晖,0000019052,学习,浙江省委党校,,2002.03,2002.07
马晓晖,0000019052,研究生,厦门大学,,2010.06,2014.06
温暖,0000019057,本科,温州农业学校,园艺,1985.09,1989.08
凌云,0000019062,本科,安徽大学,国民经济计划及管理,1982.09,1986.07
凌云,0000019062,研究生,厦门大学,财政学,1986.09,1988.07
凌云,0000019062,培训,加利福尼亚州立大学,,2002.11,2003.03
凌云,0000019062,培训,安徽省委党校,,2004.03,2004.06
贺懋燮,0000019063,专科,大庆师范专科学校,,1981.09,1984.07
贺懋燮,0000019063,本科,黑龙江教育学院,函授历史,1988.09,1991.10
贺懋燮,0000019063,研究生,安徽省委党校,在职研究生班经济学,2003.09,2006.07
贺懋燮,0000019063,培训,安徽省委党校,,2008.03,2008.07
贺懋燮,0000019063,专科,大庆师范专科学校,,1981.09,1984.07
贺懋燮,0000019063,,黑龙江教育学院,历史,1988.09,1991.10
贺懋燮,0000019063,研究生,安徽省委党校,经济学,2003.09,2006.07
贺懋燮,0000019063,培训,安徽省委党校,,2008.03,2008.07
左俊,0000019065,研究生,财政部科研所研究生部,财政,1990.09,1992.01
李猛,0000019068,专科,淮南师范专科学校,政教,1985.09,1987.07
李猛,0000019068,研究生,华东师范大学,中共党史,1991.09,1994.07
陈冰冰,0000019069,本科,安徽大学,汉语言文学,1978.09,1982.07
陈冰冰,0000019069,研究生,中央党校,研究生院法学理论,2003.03,2005.01
许继伟,0000019070,专科,徽州师专,中文,1982.09,1985.07
许继伟,0000019070,函授,安徽师范大学,汉语言文学,1986.09,1989.07
许继伟,0000019070,研究生,香港公开大学,工商管理,2000.10,2002.12
许继伟,0000019070,学习,安徽省委组织部选派赴加拿大参加公共管理（MPA）培训班,,2005.10,2005.12
孙正东,0000019071,专科,宿县地区农校,,1978.09,1981.07
孙正东,0000019071,大专,安徽大学,党政干部基础,,1990.06
孙正东,0000019071,学习,地委党校,,1993.09,1993.12
孙正东,0000019071,本科,中央党校,党政,1993.08,1995.12
孙正东,0000019071,学习,安徽省委党校,,1997.09,1998.06
孙正东,0000019071,研究生,参加中央党校,经济管理,1998.09,2001.07
孙正东,0000019071,进修,省委党校,,2005.09,2005.11
孙正东,0000019071,EMBA,长江商学院,EMBA,2009.05,2011.09
孙正东,0000019071,博士,北京交通大学,应用经济学,2012.09,2016.06
杨军,0000019072,本科,阜新矿业学院,采矿工程,1981.09,1985.08
杨军,0000019072,学习,中国矿业大学,建筑和土木工程,1998.06,2001.06
杨军,0000019072,MBA,南京大学,,2005.10,2007.11
杨军,0000019072,学习,中国矿业大学,管理科学与工程,2008.09,2013.06
叶露中,0000019073,本科,安徽农学院,农业经济,1982.09,1986.07
叶露中,0000019073,研修,北京大学,经济学,1991.09,1992.05
杜延安,0000019074,本科,安徽大学,新闻,1984.09,1988.07
杜延安,0000019074,研究生,复旦大学,行政管理,2001.11,2004.01
杜延安,0000019074,研究生,安徽省委党校,经济管理,2003.09,2006.07
杜延安,0000019074,培训,省委党校,,2009.09,2009.11
张冬云,0000019075,本科,华东政法学院,法学、犯罪学,1983.07,1987.07
张冬云,0000019075,硕士,南京大学,行政学,1994.09,1996.07
张冬云,0000019075,培训,伍德伯瑞大学,,2009.11,2010.01
张冬云,0000019075,MBA,参加清华大学,,2014.03,2014.10
李智远,0000019079,专科,凤翔师范学校,,1989.09,1991.07
李智远,0000019079,学习,陕西教育学院,汉语言文学,1998.09,2001.08
李智远,0000019079,研究生,新加坡南洋理工大学,工商管理,2006.05,2008.03
林兴禄,0000019081,大专,福建省龙岩师范,中文,1979.09,1981.08
林兴禄,0000019081,学习,福建省教育学院,汉语言文学,1986.09,1989.06
林兴禄,0000019081,进修,省委党校,,1997.02,1997.04
林兴禄,0000019081,研究生,中央党校,国民经济管理,2002.09,2005.07
李德金,0000019082,研究生,福建省委党校,党政管理,1996.09,1999.01
李德金,0000019082,研究生,厦门大学,世界经济,1997.09,2000.01
梅亦,0000019084,本科,江西工业大学,食品工程,1987.09,1991.07
梅亦,0000019084,学习,中央党校,,2007.02,2007.07
李江河,0000019085,本科,浙江大学,计算机软件,1980.09,1984.09
李江河,0000019085,研究生,浙江大学,管理工程,1984.09,1987.06
于秀明,0000019086,研究生,中国社会科学院,投资管理,1996.12,1998.11
于秀明,0000019086,学习,上海市委党校,,2001.03,2001.07
于秀明,0000019086,学习,江西省委党校,社会学,2012.09,2014.12
曹淑敏,0000019087,本科,北京航空航天大学,电磁场与微波技术,1985.09,1989.09
曹淑敏,0000019087,研究生,北京航空航天大学,电磁场与微波技术,1989.09,
曹淑敏,0000019087,博士,中国人民大学/香港理工大学,管理学,2004.11,2007.11
曾文明,0000019088,本科,江西大学,数学,1980.09,1984.11
曾文明,0000019088,培训,国家行政学院,,2009.09,2009.11
谢来发,0000019090,本科,江西交通学校,道路桥梁,1983.09,1987.08
谢来发,0000019090,函授,中国青年政治学院,经济管理,1994.10,1997.07
谢来发,0000019090,函授,中央党校,经济管理,1995.08,1997.12
谢来发,0000019090,本科,长沙交通学院,交通土建工程,1998.09,2001.06
谢来发,0000019090,研究生,长沙理工大学,交通运输工程,2003.03,2005.03
谢来发,0000019090,博士,长安大学,交通工程,2008.04,2012.06
于海田,0000019091,本科,山东工业大学,,1987.09,1991.07
于海田,0000019091,研究生,山东工业大学,工业自动化,1991.07,1994.07
于海田,0000019091,博士,上海大学,机械制造及其自动化,2004.03,2011.09
李宽端,0000019092,专科,青岛机械工业学校,机械制造工艺,1983.09,1985.07
李宽端,0000019092,学习,山东省委党校,涉外经济管理,1994.09,1996.12
李宽端,0000019092,研究生,山东省委党校,在职干部研究生班政治学,1997.09,2000.06
李宽端,0000019092,研究生,南开大学,高级管理人员工商管理硕士,2004.06,2005.10
李希信,0000019094,本科,山东农业大学,,1979.09,1983.07
李希信,0000019094,研究生,中共山东省委党校,,1989.09,1991.07
张海波,0000019095,本科,青岛大学,应用物理,1987.09,1991.07
张海波,0000019095,研究生,清华大学,MPA,2005.04,2007.01
梅建华,0000019096,本科,武汉化工学院,化学矿山机械,1982.09,1986.07
梅建华,0000019096,学习,湖北省直机关第十四期处级干部培训班,,1997.03,1997.06
梅建华,0000019096,研究生,华中师范大学,行政管理学,1997.09,
梅建华,0000019096,博士,北京师范大学,经济学,2012.01,2013.07
梅建华,0000019096,培训,中央党校,,2015.09,2016.01
王玉君,0000019097,本科,曲阜师范学院,政治,1981.09,1985.07
王玉君,0000019097,研究生,山东大学,,1998.09,2000.06
王玉君,0000019097,研究生,中国石油大学,<华东>管理科学与工程,2004.09,2007.01
刘宛康,0000019099,本科,西安工业学院,精密机械制造工艺及设备,1978.09,1982.08
刘宛康,0000019099,进修,南京理工大学,工业工程管理,1997.07,2001.04
刘宛康,0000019099,学习,河南省委党校,,2002.03,2002.07
刘宛康,0000019099,学习,中央党校,,2005.09,2006.01
周斌,0000019101,本科,河南农学院,农学,1979.09,1983.07
周斌,0000019101,研究生,中国政法大学,经济法学,,1999.06
周斌,0000019101,本科,中央党校,经济管理,1995.08,1997.12
张雷明,0000019102,本科,北京农业工程大学,农畜产品加工工程,1984.09,1988.07
胡荃,0000019103,本科,郑州工学院,铸造,1978.03,1982.01
胡荃,0000019103,培训,郑州大学,,2000.03,2000.08
胡荃,0000019103,培训,马里兰大学,,2001.11,2002.05
郭浩,0000019104,本科,中国人民大学,金融学,1992.09,1996.07
郭浩,0000019104,研究生,中国人民大学,金融学,1996.09,1999.07
郭浩,0000019104,博士,中国人民大学,金融学,1999.09,2003.07
王登喜,0000019105,专科,郑州水利学校,水工建筑,1980.09,1982.08
王登喜,0000019105,大专,安阳市委党校,,1986.09,1988.07
王登喜,0000019105,本科,河南省委党校,政治管理,1989.09,1991.07
王登喜,0000019105,培训,河南省县(处)级干部上海经济管理培训班,,2002.09,2002.12
王登喜,0000019105,研究生,河南省委党校,经济管理,1999.09,2002.06
徐衣显,0000019106,本科,河北大学,教育,1986.09,1990.07
徐衣显,0000019106,研究生,天津财经学院,研究生课程进修班金融学,1999.06,2001.04
徐衣显,0000019106,博士,中央民族大学,中国少数民族经济,2003.09,2006.07
宋殿宇,0000019107,本科,天津轻工业学院,塑料成型加工,1980.09,1984.07
宋殿宇,0000019107,硕士,武汉大学,国民经济学,1998.09,2000.09
宋殿宇,0000019107,培训,中央党校,,2008.03,2009.01
胡五岳,0000019108,本科,郑州大学,政治经济学,1980.09,1984.07
胡五岳,0000019108,学习,河南省委党校,,2004.02,2004.06
胡五岳,0000019108,培训,中央党校,,2008.03,2009.01
刘南昌,0000019110,本科,湖南财经学院,商业经济,1981.09,1985.07
刘南昌,0000019110,研究生,中国人民大学,商业经济,1985.09,1987.07
刘南昌,0000019110,博士,中国人民大学,国民经济学,2001.09,2006.01
霍好胜,0000019111,专科,百泉农专,农学,1979.09,1982.08
霍好胜,0000019111,学习,河南省委党校,,1997.02,1997.07
霍好胜,0000019111,研究生,河南省委党校,行政管理,1997.09,2000.01
尚朝阳,0000019112,专科,河南省许昌地区农业机械学校,农机,1979.10,1981.07
尚朝阳,0000019112,本科,河南大学,中文,1986.09,1989.06
尚朝阳,0000019112,学习,中央党校,经济管理,1995.08,1997.12
尚朝阳,0000019112,研究生,河南省委党校,经济管理,1997.09,2000.01
陈新武,0000019113,本科,南开大学,社会学,1986.09,1990.07
陈新武,0000019113,学习,黄冈市委党校,,1999.05,1999.06
陈新武,0000019113,研究生,参加湖北省委组织部组织的青.干部赴美培训班，获美国俄亥俄大学,,2001.04,2002.08
张家胜,0000019114,本科,北京师范大学,物理,1985.09,1989.08
张家胜,0000019114,培训,同济大学,,1998.04,1998.06
张家胜,0000019114,研究生,美国俄亥俄大学,工商管理,2001.04,2002.10
张依涛,0000019117,大专,华中理工大学,新闻学,1986.09,1989.07
张依涛,0000019117,本科,中央党校,经济管理,1997.08,1999.12
张依涛,0000019117,学习,省委党校,,1997.09,1997.12
张依涛,0000019117,研究生,湖北省委党校,党建,2000.09,2003.07
张依涛,0000019117,学习,湖北省委党校,,2008.03,2008.04
张依涛,0000019117,研究生,武汉轻工大学,农村与区域发展,2012.09,2014.06
邱丽新,0000019118,本科,对外经济贸易大学,国际贸易,1986.09,1990.08
邱丽新,0000019118,学习,澳大利亚阿德雷德大学,国际经济贸易,1996.02,1996.12
邱丽新,0000019118,研究生,对外经济贸易大学,国际经济法学,2001.09,2004.12
王远鹤,0000019119,专科,湖北粮食学校,统会,1983.09,1985.07
王远鹤,0000019119,大专,湖北省委党校,党政管理,1986.09,1989.07
王远鹤,0000019119,研究生,湖北省委党校,政治经济学,1995.09,1998.07
王远鹤,0000019119,学习,湖北省委党校,,2000.04,2001.01
阳卫国,0000019120,本科,武汉大学,汉语言文学,1986.09,1990.07
阳卫国,0000019120,研究生,湖南大学,岳麓书院专门史,2002.09,2006.12
谈文胜,0000019121,大专,全国法院干部业余法律大学,,1991.09,1994.07
谈文胜,0000019121,研究生,湖南大学,管理科学与工程,2002.09,2004.06
谈文胜,0000019121,博士,湖南大学,管理科学与工程,2003.09,2007.09
曹炯芳,0000019122,本科,湘潭大学,马克思主义哲学,1981.09,1985.09
曹炯芳,0000019122,研究生,湘潭大学,现代西方哲学,1985.09,1988.07
周农,0000019123,本科,湖南大学,无机化学工程,1978.09,1982.07
周农,0000019123,研究生,中央党校,法学理论,2004.03,2006.01
周农,0000019123,信息,奥德多梅恩大学,,2005.02,2005.05
郑建新,0000019124,本科,吉林工业大学,汽车工程,1986.09,1990.07
郑建新,0000019124,学习,中央党校,,2000.04,2000.07
郑建新,0000019124,博士,财政部财政科学研究所研究生部,财政学,1999.09,2001.07
邓群策,0000019125,专科,衡阳师范专科学校,汉语言文学,1981.09,1984.08
邓群策,0000019125,本科,中央党校,经济管理,1990.09,1992.12
邓群策,0000019125,研究生,湖南师范学院,国际法学,2000.09,2003.07
刘事青,0000019126,专科,郴州地区农机学校,农机化,1978.09,1981.09
刘事青,0000019126,专科,零陵地委党校,,1986.09,1988.06
刘事青,0000019126,本科,中央党校,经济管理,1992.08,1994.12
刘事青,0000019126,研究生,中央党校,经济管理,2002.09,2005.07
李爱武,0000019127,学习,科罗拉多州立大学,,2001.09,2002.02
李爱武,0000019127,研究生,中国社会科学院,应用经济学,1999.02,2002.07
刘革安,0000019128,本科,湘潭大学,党史,1985.07,1989.06
刘革安,0000019128,学习,省委党校,,2000.03,2001.01
刘革安,0000019128,研究生,湘潭大学,法律,,2006.12
虢正贵,0000019129,大专,长沙基础大学,物理,1981.09,1984.07
虢正贵,0000019129,学习,湖南师范大学,政治教育,1988.03,1990.05
虢正贵,0000019129,本科,中央党校,经济管理,1992.08,1994.12
虢正贵,0000019129,研究生,中南大学,科学与工程,1995.07,1997.01
张值恒,0000019130,学习,湖南省委党校,,2001.02,2002.01
张值恒,0000019130,研究生,北京大学,,2005.10,2008.12
张值恒,0000019130,学习,中央党校,,2009.11,2010.01
刘志仁,0000019131,大专,湖南省水利水电学校,水利水电工程建筑,1983.09,1986.07
刘志仁,0000019131,学习,中央党校,经济管理,1993.08,1995.12
刘志仁,0000019131,研究生,中南工业大学,管理工程,1995.01,1997.06
刘志仁,0000019131,进修,中央党校,,2011.09,2011.11
雷绍业,0000019133,本科,湖南师范大学,化学教育,1988.09,1992.06
雷绍业,0000019133,学习,湖南省高校工委党校,,2001.03,2001.05
雷绍业,0000019133,研究生,湖南师范大学,伦理学,1998.09,2001.06
雷绍业,0000019133,博士,湖南师范大学,伦理学,2002.03,2005.06
龙晓华,0000019134,中专,湘西州农业学校,茶果,1978.09,1981.08
龙晓华,0000019134,大专,吉首大学,,1985.09,1987.07
龙晓华,0000019134,学习,湖南商学院,,1995.09,1998.07
龙晓华,0000019134,研究生,湖南大学,管理科学与工程,2003.09,2006.08
龙晓华,0000019134,学习,中央党校,,2007.09,2008.01
殷焕明,0000019135,本科,华南师范大学,政治教育,1983.09,1987.07
殷焕明,0000019135,研究生,广东省社科院,经济学,1995.07,1998.11
莫高义,0000019136,本科,华中师范大学,,1983.09,1987.09
莫高义,0000019136,研究生,中山大学,国际关系史,1987.09,1990.08
莫高义,0000019136,博士,中山大学,专门史,1998.09,2005.06
陈如桂,0000019137,本科,桂林冶金地质学院,地球物理勘探,1979.09,1983.08
陈如桂,0000019137,研究生,中南工业大学,应用地球物理,1986.08,1989.05
陈如桂,0000019137,博士,中南工业大学,应用地球物理,1995.09,1998.02
李泽中,0000019138,学习,安徽大学,行政管理,1988.09,1990.08
李泽中,0000019138,研究生,北京大学,政治学理论,1994.09,1997.07
李泽中,0000019138,学习,美国哈佛大学,公共管理,2002.09,2004.06
方利旭,0000019139,本科,华南师范大学,生物学,1982.09,1986.07
方利旭,0000019139,研究生,广州中医学院,科学技术哲学,1986.09,
方利旭,0000019139,本科,华南师范大学,生物学,1982.09,1986.09
方利旭,0000019139,研究生,广州中医学院,科学技术哲学,1986.09,
方利旭,0000019139,培训,广东省第5期领导干部公共管理高级培训班,,2009.07,2009.08
朱伟,0000019140,本科,湘潭大学,政治经济学,1987.09,1991.07
朱伟,0000019140,研究生,暨南大学,政治经济学,1991.09,1994.07
林应武,0000019141,中专,广东省财政学校,财政,1979.09,1981.07
林应武,0000019141,学习,广东业余财院,财政,1982.09,1986.07
林应武,0000019141,研究生,广东省委党校,经济学,1996.09,1999.07
林应武,0000019141,研究生,中山大学,,2005.09,2007.06
林应武,0000019141,进修,广东省委党校,,2011.05,2011.07
林应武,0000019141,进修,中央党校,,2012.09,2012.11
范中杰,0000019142,本科,四川师范大学,,1983.09,1987.07
范中杰,0000019142,研究生,华南师范大学,发展心理学,1987.07,1990.07
范中杰,0000019142,学习,广东省委党校,,2002.02,2002.07
范中杰,0000019142,博士,武汉大学,社会学,2005.09,2008.06
陈旭东,0000019143,本科,复旦大学,法律,1985.09,1989.07
陈旭东,0000019143,研究生,复旦大学,法律,1999.09,2002.07
陈旭东,0000019143,进修,中共中央党校,,2006.10,2006.12
叶梅芬,0000019144,本科,中山大学,财政学,1987.09,1991.07
叶梅芬,0000019144,研究生,中山大学,财政学,1997.09,2000.07
叶梅芬,0000019144,培训,广东省委党校,,2011.03,2011.07
殷昭举,0000019145,本科,北京财贸学院,工商行政管理,1989.09,1993.07
殷昭举,0000019145,研究生,广东省社科院,经济管理,1999.09,2000.07
殷昭举,0000019145,学习,武汉大学,宪法学与行政法学,2007.09,2011.12
殷昭举,0000019145,学习,广东省第2期领导干部经济管理专题研究班,,2009.06,2009.07
王胜,0000019146,本科,中山大学,审计学,1985.09,1989.06
王胜,0000019146,研究生,中山大学,企业管理,1990.09,1993.06
王胜,0000019146,进修,美国马萨诸塞州州立大学波士顿分校,,1999.12,2000.12
秦春成,0000019147,专科,广西贵县师范学校,师范,1982.09,1985.07
秦春成,0000019147,本科,广西壮族自治区高等教育自学考试,汉语言文学,1987.07,1992.12
秦春成,0000019147,研究生,广西大学,政治经济学,1997.09,2001.06
全桂寿,0000019148,本科,广西民族学院,政治,1980.09,1984.07
全桂寿,0000019148,培训,广西壮族自治区党委党校,,1995.09,1996.01
全桂寿,0000019148,研究生,广西大学,政治经济学,1997.09,1999.12
全桂寿,0000019148,进修,广西壮族自治区党委党校,,2002.03,2002.05
全桂寿,0000019148,培训,中央党校,,2003.09,2004.01
李杰云,0000019149,专科,湖南省财会学校,财政,1983.09,1985.07
李杰云,0000019149,,参加湖南省高等教育自学考试,会计,1985.10,1986.11
李杰云,0000019149,研究生,财政部财政科学研究所研究生部,财政学,1989.09,1992.07
李杰云,0000019149,博士,财政部财政科学研究所研究生部,财政学,2003.09,2006.07
李杰云,0000019149,,广西壮族自治区党委党校,,2007.03,2007.07
李延强,0000019150,本科,中国人民大学,基本建设经济,1980.09,1984.08
李延强,0000019150,学习,广西大学,,1996.05,1996.09
李延强,0000019150,学习,中国科技大学,管理科学,1996.09,1999.06
李延强,0000019150,研修,美国肯塔基默尔黑德州立大学,,1998.04,1998.09
蔡锦军,0000019151,专科,江西省九江师范学校,普师,1983.09,1986.08
蔡锦军,0000019151,本科,江西教育学院,,1989.09,1990.09
蔡锦军,0000019151,研究生,广西师范大学,中国古代文学,1990.09,1993.07
蔡锦军,0000019151,研究生,上海交通大学,高级管理人员工商管理硕士,2012.02,2014.06
王革冰,0000019152,专科,广西幼儿师范学校,幼儿教育,1980.09,1982.07
王革冰,0000019152,大专,广西自治区团校,,1991.09,1993.07
王革冰,0000019152,本科,中央党校,经济管理,1995.08,1997.12
王革冰,0000019152,培训,广西自治区党委党校,,2003.03,2004.01
王革冰,0000019152,研究生,广西自治区党委党校,党政管理,2003.03,2005.06
黄海昆,0000019153,本科,广西师范学院,化学,1983.00,1987.00
黄海昆,0000019153,研究生,中山大学,世界经济,1996.00,1998.00
黄海昆,0000019153,培训,自治区党委党校,,2000.03,2000.07
黄海昆,0000019153,研究生,新加坡南洋理工大学,公共管理,2009.00,2010.00
韦韬,0000019155,本科,重庆大学,钢铁冶金,1988.09,1992.07
韦韬,0000019155,研究生,华中科技大学,工商管理,2002.03,2005.12
林冠,0000019156,本科,北方交通大学,技术经济,1987.09,1991.07
林冠,0000019156,研究生,广西大学,科学技术哲学,2003.09,2005.07
林冠,0000019156,博士,华中师范大学,政府经济学,2009.09,2012.06
农生文,0000019157,本科,华中师范大学,地理学,1983.09,1987.09
农生文,0000019157,研究生,中国科学院,测量与地球物理研究所自然地理,1987.09,1990.09
农生文,0000019157,培训,美国辛辛那堤大学,,2002.04,2002.10
农生文,0000019157,培训,美国哈佛大学,,2013.08,2013.09
雷应敏,0000019158,本科,广西师范大学,政治教育,1982.09,1986.07
雷应敏,0000019158,学习,广西师范大学,马克思主义哲学,1988.09,1991.07
雷应敏,0000019158,研究生,广西壮族自治区党委党校,研究生班党政管理,2006.09,2008.12
刘有明,0000019159,本科,广西师范学院,政治教育,1981.09,1985.07
刘有明,0000019159,研究生,中山大学,研究生班马克思主义哲学史,1985.07,1987.07
刘有明,0000019159,博士,武汉大学,政治经济学,2008.09,2011.06
何良军,0000019160,本科,北京航空航天大学,计算机及应用,1990.09,1994.07
何良军,0000019160,研究生,桂林电子科技大学,管理科学与工程,2002.09,2004.07
何良军,0000019160,研究生,北京大学,公共管理,2011.02,2014.01
何良军,0000019160,学习,中央党校,,2015.09,2015.11
丁晖,0000019161,学习,上海戏剧学院,电视编导,1989.09,1992.05
丁晖,0000019161,研究生,湖南大学,工商管理硕士,1998.09,2000.06
丁晖,0000019161,学习,湖南大学,管理科学与工程,2003.09,2008.12
阿东,0000019162,本科,辽宁师范大学,,1987.07,1991.09
阿东,0000019162,研究生,辽宁师范大学,人文地理,1991.09,1994.09
阿东,0000019162,博士,北京大学,人文地理,1994.09,1997.07
阿东,0000019162,培训,美国斯坦福大学,,2008.09,2008.12
阿东,0000019162,培训,中央党校,,2011.03,2012.01
何树平,0000019163,本科,四川南部师范学校,,1984.07,1987.08
何树平,0000019163,学习,南充教育学院,英语,1989.09,1991.07
何树平,0000019163,研究生,湖南师范大学,教育基本理论,1993.09,1996.07
何树平,0000019163,培训,参加四川省第2期中青.干部赴美国辛辛那提大学,,2001.05,2001.08
何树平,0000019163,博士,西南财经大学,产业经济学,1998.01,2002.03
王波,0000019164,本科,成都科技大学,马克思主义基础,1988.09,1992.07
王波,0000019164,研究生,四川大学,政治经济学,1996.09,1999.07
王波,0000019164,博士,四川大学,政治经济学,2002.09,2005.12
李建勤,0000019165,本科,北京大学,中国史,1983.09,1987.07
李建勤,0000019165,研究生,北京师范大学,世界经济,1998.09,2001.01
李建勤,0000019165,博士,北京师范大学,世界经济,2001.10,2005.06
李建勤,0000019165,进修,中央党校,,2013.11,2014.01
邹自景,0000019166,本科,中南财经大学,政治与行政管理,1987.09,1991.08
邹自景,0000019166,研究生,河北大学,宪法学与行政法学,2004.09,2007.06
马波,0000019167,中专,四川省丰都师范学校,,1980.09,1982.08
马波,0000019167,大专,四川省团校,政治理论,1986.08,1988.06
马波,0000019167,学习,四川省委第二党校,,1992.09,1992.12
马波,0000019167,本科,四川省委党校,经济管理,1993.08,1995.12
马波,0000019167,学习,四川省委第二党校,,1995.05,1995.06
马波,0000019167,研究生,四川大学,城市发展与管理,1997.09,1999.07
马波,0000019167,研究生,中央党校,经济管理,1999.09,2002.07
马波,0000019167,研究生,新加坡南洋理工大学,公共管理,2008.03,2009.03
吴群刚,0000019168,本科,重庆大学,热能工程,1992.09,1996.09
吴群刚,0000019168,研究生,清华大学,工程热物理,1996.09,1999.05
吴群刚,0000019168,博士,清华大学,管理科学与工程,1999.05,2002.03
吴群刚,0000019168,进修,,,2006.08,2006.10
吴群刚,0000019168,博士后,北京大学,,2007.04,2011.03
罗佳明,0000019170,专科,乐山师范专科学校,化学,1980.09,1983.07
罗佳明,0000019170,学习,四川省委党校,法律,1996.08,1998.12
罗佳明,0000019170,研究生,西南师范大学,中国现当代文学,1996.03,1997.11
罗佳明,0000019170,博士,同济大学,管理科学与工程,2001.03,2004.03
罗佳明,0000019170,培训,中央党校,,2002.03,2002.07
罗佳明,0000019170,博士后,复旦大学,,2004.04,2007.05
刘中伯,0000019171,大专,中央党校,大专班党政管理,1985.08,1988.06
刘中伯,0000019171,学习,四川省委党校,,1998.03,1998.06
刘中伯,0000019171,研究生,四川大学,科学与工程,1998.09,2000.06
刘中伯,0000019171,本科,四川省委党校,经济管理,1995.08,1997.12
刘中伯,0000019171,进修,清华大学,,,
刘中伯,0000019171,研究生,中央党校,经济学,2004.09,2006.07
刘中伯,0000019171,研究生,四川省工商管理学院,工商管理,2001.09,2003.07
刘中伯,0000019171,研究生,四川大学,行政管理,2008.09,2011.06
杜紫平,0000019172,本科,四川师范大学,政教,1980.09,1984.07
杜紫平,0000019172,研究生,四川省委党校,经济管理,2000.09,2003.07
曾卿,0000019173,本科,南京航空航天大学,机械制造工艺与设备,1987.09,1991.07
曾卿,0000019173,研究生,四川大学,国民经济管理,1994.08,1997.06
郭亨孝,0000019174,本科,西南农业大学,植物保护,1980.09,1984.08
郭亨孝,0000019174,研究生,西南农业大学,昆虫学,1984.09,1987.07
郭亨孝,0000019174,访问学者,英国威尔士大学,,1991.11,1992.05
郭亨孝,0000019174,学习,四川省委党校,,2001.03,2001.06
郭亨孝,0000019174,培训,加拿大约克大学,,2005.06,2005.07
郭亨孝,0000019174,学习,中央党校,,2009.03,2010.01
邹瑾,0000019175,专科,四川省达县中医学校,中医士,1983.09,1986.08
邹瑾,0000019175,培训,,,1987.02,1987.07
邹瑾,0000019175,本科,中央党校,经济管理,1997.08,1999.12
邹瑾,0000019175,培训,清华大学,,2000.10,2000.12
邹瑾,0000019175,培训,四川省委党校,,2002.03,2002.05
邹瑾,0000019175,研究生,中央党校,政治学,2004.03,2006.01
邹瑾,0000019175,进修,中央党校,,2016.03,2016.04
何平,0000019176,本科,西南财经大学,统计学,1982.09,1986.07
何平,0000019176,学习,中央党校,,2004.03,2004.07
何平,0000019176,研究生,中央党校,国际政治,2004.09,2006.07
何平,0000019176,研究生,电子科技大学,工商管理,2006.03,2009.06
肖友才,0000019177,专科,阿坝师专,汉语言文学,1982.08,1986.07
肖友才,0000019177,本科,四川省委党校,行政管理,1996.09,1998.12
肖友才,0000019177,研究生,四川省委党校,经济管理,2000.03,2002.01
肖友才,0000019177,培训,中央党校,,2005.10,2006.01
陈训华,0000019181,本科,贵阳师范学院,数学,1979.09,1983.08
陈训华,0000019181,学习,贵州省委党校,经济管理,1989.09,1992.07
陈训华,0000019181,研究生,贵州省委党校,经济学,2003.09,2006.06
陈少荣,0000019182,本科,重庆大学,采矿工程,1983.09,1987.07
陈少荣,0000019182,学习,美国海沃加州大学企业家培训中心中国贵州省第二批高级管理人才培训班,,2001.08,2002.01
罗强,0000019183,本科,同济大学,岩土工程,1988.09,1992.07
罗强,0000019183,研究生,长沙交通学院,道路与铁道工程,2000.03,2004.06
罗强,0000019183,研究生,长沙理工大学,道路与铁路工程,2000.03,2004.06
罗强,0000019183,博士,中南大学,道路与铁道工程,2006.09,2010.11
唐德智,0000019184,本科,中国人民大学,国民经济计划,1981.09,1985.08
赵德光,0000019187,专科,曲靖师范专科学校,,1980.09,1982.08
赵德光,0000019187,学习,云南教育学院,,1985.08,1987.07
赵德光,0000019187,本科,中央党校,党政管理,1990.08,1992.12
赵德光,0000019187,研究生,参加中共云南省委党校,马克思主义原理,1995.09,1997.07
杨亚林,0000019188,专科,云南省财贸学院,,1980.09,1982.07
郭大进,0000019189,本科,西安公路交通大学,公路与城市道路工程,1992.09,1996.07
郭大进,0000019189,研究生,同济大学,道路与铁路工程,2001.07,2003.12
郭大进,0000019189,博士,长安大学,道路与铁路工程,2004.09,2007.07
郑艺,0000019190,本科,云南大学,汉语言文学,1986.09,1990.08
郑艺,0000019190,研究生,西南林学院,农业推广,2008.09,2011.06
张之政,0000019192,本科,云南民族学院,政治,1983.09,1987.07
张之政,0000019192,研究生,参加新加坡南洋理工大学,公共管理硕士,2007.01,2008.01
迟中华,0000019193,本科,云南农业大学,农业经济管理,1986.09,1990.07
迟中华,0000019193,学习,省委党校,,2000.09,2001.07
迟中华,0000019193,研究生,南开大学,,2005.11,2007.10
姚国华,0000019194,学习,云南教育学院,思想政治教育,1985.09,1987.08
姚国华,0000019194,研究生,中央党校,科学社会主义,2001.09,2003.07
罗萍,0000019195,本科,云南民族学院,,1989.09,1993.07
杨健,0000019197,本科,西南民族学院,历史,1981.09,1985.07
杨健,0000019197,研究生,北京大学,区域经济管理,1997.07,1999.09
杨健,0000019197,研究生,中央党校,经济管理,2004.01,2006.06
杨健,0000019197,培训,复旦大学,,2005.10,2005.11
陈军,0000019201,,西藏自治区财经学校,,1988.03,1988.09
陈军,0000019201,学习,北京电子科技学院,成人教育中心管理与秘书,2000.09,2003.07
陈军,0000019201,研究生,四川省工商管理学院,工商管理,2005.09,2007.07
马升昌,0000019205,本科,山东师范大学,数学,1979.09,1983.08
马升昌,0000019205,学习,杭州教育学院,,1985.03,1985.06
马升昌,0000019205,研究生,四川省工商管理学院,工商管理,2002.09,2004.07
马升昌,0000019205,培训,国家行政学院,,2006.03,2006.06
马升昌,0000019205,进修,中央党校,,2010.09,2010.11
惠进才,0000019206,,吉林省白城林业机械化学校,营林机械,1980.09,1982.08
惠进才,0000019206,学习,陕西省委党校,,1989.09,1991.07
惠进才,0000019206,研究生,陕西省委党校,政治学,1997.09,2000.06
薛占海,0000019207,本科,延安大学,汉语言文学,1983.09,1987.07
薛占海,0000019207,研究生,陕西师范大学,政治经济学,1999.07,2001.08
薛占海,0000019207,博士,西北大学,政治经济学,2005.09,2008.07
方红卫,0000019208,本科,清华大学,汽车,1984.09,1989.08
方红卫,0000019208,研究生,西北工业大学,工业工程,2002.04,2007.12
李春临,0000019209,本科,陕西财经学院,工业经济,1987.09,1991.07
李春临,0000019209,研究生,西北大学,工商管理,1996.10,1998.12
郑光照,0000019210,本科,陕西财经学院,,1984.09,1988.09
张伟文,0000019211,本科,大连理工大学,机械设计及制造,1986.09,1990.07
张伟文,0000019211,研究生,哈尔滨工业大学,飞行器设计,2007.09,2009.07
李荣灿,0000019212,本科,江西财经学院,会计学,1985.09,1989.08
李荣灿,0000019212,研究生,对外经济贸易大学,工商管理,1998.03,2000.12
李荣灿,0000019212,培训,中央党校,,2011.09,2012.01
丁巨胜,0000019214,专科,靖远师范学校,,1982.09,1985.07
丁巨胜,0000019214,学习,甘肃省委党校,,1988.09,1990.07
丁巨胜,0000019214,本科,中央党校,经济管理,1993.09,1995.12
丁巨胜,0000019214,研究生,甘肃省委党校,政治经济学,1999.09,2002.06
杨建武,0000019215,本科,南京工学院,工业自动化,1983.09,1987.07
杨建武,0000019215,研究生,南京航空学院,控制制导与仿真,1987.09,1990.03
王建太,0000019216,专科,庆阳师专,历史,1983.09,1985.07
王建太,0000019216,本科,中央党校,经济管理,1992.08,1994.12
苏君,0000019217,大专,酒泉师范学校,教育,1981.09,1984.07
王军,0000019218,大专,中央党校,经济管理,1994.08,1996.12
王军,0000019218,,清华大学,经济管理,1995.09,1996.01
王军,0000019218,本科,中央党校,经济管理,1998.08,2000.12
王军,0000019218,研究生,西北师范大学,区域经济与城乡建设,2000.09,2002.07
王军,0000019218,学习,中央党校,,2002.03,2002.07
李明生,0000019220,本科,西北师范学院,历史,1980.08,1984.07
李明生,0000019220,研究生,甘肃省委党校,区域经济开发,2003.09,2006.06
王奋彦,0000019221,专科,渭南师范,普师,1980.09,1982.07
王奋彦,0000019221,大专,中央党校,,1991.08,1994.07
王奋彦,0000019221,函授,中央党校,经济管理,1997.08,1999.12
王奋彦,0000019221,研究生,兰州大学,经济法,2002.09,2004.07
张安疆,0000019222,本科,西安矿业学院,工民建,1990.09,1994.09
张安疆,0000019222,研究生,甘肃工业大学,工民建,1994.09,1997.07
朱涛,0000019223,专科,平凉农业学校,农学,1981.09,1984.07
朱涛,0000019223,大专,参加甘肃高等教育自学考试,汉语言文学,1984.09,1987.12
朱涛,0000019223,本科,中央党校,经济管理,1994.09,1996.07
朱涛,0000019223,研究生,兰州大学,经济法,2000.09,2002.07
戴超,0000019224,专科,兰州化工学校,自动化仪表,1984.09,1986.09
戴超,0000019224,函授,中央党校,政治,1992.08,1994.06
戴超,0000019224,函授,中央党校,经济管理,1994.08,1996.12
戴超,0000019224,研究生,兰州大学,区域经济学,1997.03,1999.01
戴超,0000019224,研究生,甘肃省委党校,战略管理与应用哲学,2007.09,2010.06
崔景瑜,0000019225,研究生,甘肃省委党校,经济管理,2001.09,2003.06
崔景瑜,0000019225,,西南地质学校,,1980.09,
崔景瑜,0000019225,研究生,甘肃省委党校,经济管理,2001.09,2003.06
王振昌,0000019227,本科,青海省建工建材学校,硅酸盐,1980.09,1984.07
乔学智,0000019228,本科,青海民院,少语,1980.07,1984.07
乔学智,0000019228,研究生,青海省委党校,政治经济,2001.09,2003.12
孟海,0000019229,学习,内蒙古牧业学校,经济管理,1989.09,1992.07
孟海,0000019229,大专,中央党校,海西分校经济管理,1995.09,1998.07
孟海,0000019229,本科,中央党校,经济管理,1999.09,2001.12
孟海,0000019229,研究生,青海省委党校,社会学,2003.09,2005.12
杨玉经,0000019230,学习,宁夏回族自治区党校,政治经济,1985.09,1987.07
姜志刚,0000019231,本科,北京航空学院,高空设备,1978.10,1982.07
姜志刚,0000019231,进修,中央党校,,1997.03,1997.07
姜志刚,0000019231,研究生,西北工业大学,管理工程,1997.09,2000.09
姜志刚,0000019231,培训,中央党校,,2010.09,2011.01
沈左权,0000019232,本科,清华大学,机械制造工艺设备及自动化,1980.09,1985.07
沈左权,0000019232,研究生,北京航空学院,统工程与管理工程,1985.07,1987.08
何健,0000019233,专科,沈阳冶金机械专科学校,机械制造工艺及设备,1983.09,1986.07
何健,0000019233,研究生,四川省委党校,科学社会主义,1991.08,1993.07
牙生·司地克,0000019234,培训,新疆维吾尔自治区党委党校,,1994.05,1994.07
牙生·司地克,0000019234,自考,新疆维吾尔自治区高等教育自学考试,汉语言文学,1995.12,1997.06
牙生·司地克,0000019234,培训,新疆维吾尔自治区党委党校,,2000.09,2000.12
牙生·司地克,0000019234,研究生,中央党校,研究生院国际政治,2006.03,2008.01
赵文泉,0000019235,本科,新疆大学,汉语言文学,1982.09,1986.07
张文胜,0000019237,本科,新疆工学院,工业电气自动化,1986.09,1990.07
张文胜,0000019237,学习,喀什地委党校,,1990.07,
张文胜,0000019237,研究生,对外经济贸易大学,工商管理,2000.03,2002.12
张文胜,0000019237,研修,新加坡现代城市领导者研修班,,2009.04,2009.05
张文胜,0000019237,,中央党校,,2010.03,2010.07
张文胜,0000019237,,新疆工学院,工业电气自动化,1986.09,
张文胜,0000019237,,对外经济贸易大学,工商管理,2000.03,2002.12
张文胜,0000019237,研修,新加坡现代城市领导者研修班,,2009.04,2009.05
张文胜,0000019237,学习,中央党校,,2010.03,2010.07
祖木热提·吾布力,0000019238,培训,天津大学,企业管理,1998.09,1999.07
卢蜀江,0000019239,本科,西北农业大学,农业经济管理,1982.09,1986.07
卢蜀江,0000019239,学习,西北农业大学,农业经济管理,1994.09,1996.07
卢蜀江,0000019239,,中央党校,,2006.09,2007.01
张承义,0000019240,中专,昌吉州中等专业学校,,1986.09,1988.07
张承义,0000019240,学习,昌吉州党校,,1997.09,1997.12
张承义,0000019240,研修,西北农林科技大学,农经管理,1998.09,2000.07
张承义,0000019240,学习,中央广播电视大学,法律,2002.09,2004.12
张承义,0000019240,研究生,武汉大学,软件工程领域电子政务方向,2007.09,2009.06
张承义,0000019240,培训,中央党校,,2010.03,2010.07
张承义,0000019240,培训,上海浦东干部学院,,2014.09,2014.11
张承义,0000019240,学习,国家行政学院,,2017.06,2017.07
普尔巴·图格杰加甫,0000019241,,天津大学,,1990.09,1991.07
尼牙孜·阿西木,0000019242,本科,新疆八一农学院,农经,1982.09,1986.08
迪力夏提·柯德尔汗,0000019243,学习,新疆师范大学,中国语言,,
迪力夏提·柯德尔汗,0000019243,本科,西北农业大学,农业经济管理,1986.09,1990.07
迪力夏提·柯德尔汗,0000019243,研究生,新疆农业大学,农业经济管理,1997.06,2000.05
迪力夏提·柯德尔汗,0000019243,,中央党校,,2010.09,2011.01
安征宇,0000019244,研究生,新疆大学,政治经济学,1997.09,1999.07
安征宇,0000019244,学习,中央民族大学,中国少数民族经济,2008.09,2011.07
牛学兴,0000019246,专科,阿克苏地区农校,农学,1980.09,1983.07
牛学兴,0000019246,自考,新疆自治区高等教育自学考试,计划管理,1985.09,1989.01
牛学兴,0000019246,学习,阿克苏地委党校,,1995.03,1995.07
牛学兴,0000019246,学习,上海市委党校,,1998.05,1998.07
牛学兴,0000019246,函授,中央党校,函授经济管理,1994.08,1996.12
牛学兴,0000019246,研究生,首都经贸大学,企业管理,1998.09,2000.07
牛学兴,0000019246,研究生,中央党校,经济管理,2002.09,2005.07
牛学兴,0000019246,学习,中央党校,,2010.09,2011.01
牛学兴,0000019246,学习,长江商学院,高级管理人员工商管理,2010.05,2012.10
赵天杰,0000019247,本科,石河子农学院,植保,1981.09,1985.08
赵天杰,0000019247,函授,北京经济函授大学,经济管理,1986.07,1988.07
赵天杰,0000019247,函授,中央党校,函授经济管理,1994.08,1996.12
赵天杰,0000019247,研究生,大连理工大学,管理科学与工程,1997.08,1999.08
库尔玛什·斯尔江,0000019248,学习,新疆维吾尔自治区奎屯师范学院,,1978.03,1979.09
库尔玛什·斯尔江,0000019248,本科,新疆大学,,1979.09,1984.07
库尔玛什·斯尔江,0000019248,学习,新疆维吾尔自治区党委党校,,1984.07,1984.08
库尔玛什·斯尔江,0000019248,学习,新疆维吾尔自治区林业科学院,,1984.08,1987.12
库尔玛什·斯尔江,0000019248,研究生,中央民族大学,民族经济,1998.09,2000.09
库尔玛什·斯尔江,0000019248,学习,中央党校,,1999.09,2000.01
库尔玛什·斯尔江,0000019248,学习,中央党校,,2008.03,2008.07
木合亚提·加尔木哈买提,0000019250,学习,新疆财经学院,财政,1988.09,1990.07
木合亚提·加尔木哈买提,0000019250,函授,新疆自治区党委党校,函授经济管理,1999.01,2001.12
木合亚提·加尔木哈买提,0000019250,学习,大连理工大学,,2002.03,2002.07
木合亚提·加尔木哈买提,0000019250,研究生,大连理工大学,管理科学与工程,2000.03,2002.06
木合亚提·加尔木哈买提,0000019250,学习,新疆自治区党委党校,,2004.03,2004.07
木合亚提·加尔木哈买提,0000019250,学习,国家行政学院,,2008.03,2008.04
木合亚提·加尔木哈买提,0000019250,学习,中央党校,,2011.04,2011.07
木合亚提·加尔木哈买提,0000019250,,新疆财经学院,财政,1988.09,1990.07
木合亚提·加尔木哈买提,0000019250,本科,新疆自治区党委党校,经济管理,1999.01,2001.12
木合亚提·加尔木哈买提,0000019250,学习,大连理工大学,,2002.03,2002.07
木合亚提·加尔木哈买提,0000019250,研究生,大连理工大学,管理科学与工程,2000.03,2002.06
木合亚提·加尔木哈买提,0000019250,学习,新疆自治区党委党校,,2004.03,2004.07
木合亚提·加尔木哈买提,0000019250,学习,国家行政学院,,2008.03,2008.04
木合亚提·加尔木哈买提,0000019250,学习,中央党校,,2011.04,2011.07
哈丹·卡宾,0000019251,本科,中国人民大学,企业管理,1994.09,1997.07
哈丹·卡宾,0000019251,培训,西安外国语学院,,1996.09,1997.07
哈丹·卡宾,0000019251,学习,新疆维吾尔自治区党委党校,,2007.09,2008.01
哈丹·卡宾,0000019251,学习,中国科学院,管理科学与工程,2009.10,2013.01
杨军,0000020093,本科,西南林学院,经济林,1991.09,1995.07
杨军,0000020093,研究生,西南林业大学,农业推广,2010.03,2013.01
袁光平,0000021270,本科,武汉大学,经济管理,1983.09,1987.07
袁光平,0000021270,研究生,中山大学,企业管理,1987.09,1990.07
