Name,Offcd,Degree,School,Major,Edu_S,Edu_E
官员姓名,官员代码,学历/学位,毕业学校,专业,教育起始时间,教育终止时间
魏明,0000000001,研究生,省委党校,,,
章长胜,0000000002,研究生,省委党校,,,
徐国龙,0000000004,研究生,省委党校,,,
邵全卯,0000000005,本科,,,,
李宁,0000000006,本科,中国科学技术大学,编辑出版,1997.09,2001.08
李宁,0000000006,研究生,清华大学,工商管理,2001.09,2007.07
李宁,0000000006,博士,清华大学,,2007.07,2007.08
陶关锋,0000000008,本科,中央党校,,,
孙云耀,0000000009,大专,中央党校,经济管理,1989.08,1992.06
孙云耀,0000000009,培训,绍兴市委党校中青年干部培训班,,1994.04,1994.07
孙云耀,0000000009,研究生,浙江大学人文学院,行政管理,1996.05,1998.06
孙云耀,0000000009,本科,中央党校,政工,1999.08,2001.12
孙云耀,0000000009,研究生,香港公开大学,工商管理,2000.12,2002.12
孙云耀,0000000009,研修,清华大学,公共管理,2006.03,2006.10
张晓强,0000000012,本科,浙江农林大学,林学,1992.09,1996.08
张晓强,0000000012,研究生,美国新泽西肯恩大学,公共管理,2001.03,2002.08
张晓强,0000000012,培训,省委党校,,2008.03,2008.06
艾文金,0000000022,学习,老河口市光化师范学校,,1979.09,1981.09
艾文金,0000000022,学习,省委党校中青班,,2000.04,2001.01
艾文金,0000000022,学习,省委组织部县市区党委副书记班,,2006.03,2006.05
安路生,0000000030,本科,上海铁道大学,工学,,
安路生,0000000030,研究生,上海铁道大学,工程学,,
安启洪,0000000033,培训,中纪委监察部杭州培训中心,,2003.08,2003.09
安启洪,0000000033,本科,贵州省委党校,法律,2001.09,2004.01
安孝荣,0000000039,研究生,省委党校,,,
安孝荣,0000000039,本科,中央政法管理干部学院,经济法,1988.09,
巴登,0000000043,,甘孜州工业学校,,1979.12,1981.08
巴登,0000000043,本科,四川省党校,经济管理,2004.12,2006.04
白龙,0000000061,研究生,,,,
白祥和,0000000072,研究生,东北农业大学,农业经济管理,,
白祥和,0000000072,博士,东北农业大学,,,
白晓玲,0000000074,研究生,,,,
白振海,0000000080,研究生,中央党校,经济社会发展与党的领导,2007.06,2010.06
白志家,0000000082,本科,中央党校函授学院,经济管理专业,,
白志家,0000000082,学习,石家庄高级步校,,1979.09,1981.01
摆向阳,0000000083,中专,中原机械工业学校,,1987.09,1989.07
摆向阳,0000000083,大专,河南财经学院,经济管理,,1997.06
摆向阳,0000000083,函授,中央党校,法律,1999.08,2001.12
包江苏,0000000089,本科,,,,
包信宝,0000000092,本科,复旦大学,放射化学,1963.09,1965.04
包信宝,0000000092,培训,复旦大学,,1965.04,1968.08
包信宝,0000000092,培训,中央党校马列主义培训部,,1983.09,1985.08
包信宝,0000000092,培训,中央党校,,1998.09,1998.11
薄学斌,0000000096,本科,河南师范大学,,,
薄学斌,0000000096,研究生,上海财经大学,公共管理,,
鲍炳章,0000000098,本科,,,,
鲍炳章,0000000098,研究生,,工商管理,,
贝冰,0000000104,本科,华南师范大学,中文,1981.09,1985.07
毕建华,0000000105,大专,承德民族师范专科学校,,1979.11,1981.08
边巴扎西,0000000109,本科,西藏农牧学院农学系,农学专业,1989.09,1993.07
边飞,0000000110,本科,,,,
卞百平,0000000113,本科,华东师范大学,法学,,
卞百平,0000000113,研究生,华东师范大学,经济学,,
卞建秋,0000000115,本科,安徽大学,汉语言文学,1980.09,1984.07
卞建秋,0000000115,研究生,南京大学,行政管理,1999.09,2001.01
卞建秋,0000000115,进修,省委党校,,2000.09,2000.11
别必雄,0000000117,大专,湖北农学院,农学,1979.07,1982.08
别必雄,0000000117,函授,湖北农学院,农经,1993.09,1996.07
别必雄,0000000117,研究生,武汉大学,岩土工程,1998.09,2001.06
别必雄,0000000117,研究生,华中师范大学,政治经济学,2003.09,2006.06
宾正迎,0000000118,研究生,广西大学,哲学,,1989.07
布和朝鲁,0000000120,大专,内蒙古自治区锡林郭勒盟师范学校,,1977.09,1979.07
布和朝鲁,0000000120,本科,内蒙古师范大学,教育管理,,
布泽文,0000000123,本科,河北大学,中文,1980.09,1984.07
布泽文,0000000123,研究生,省委党校,经济管理,1999.09,
才让当智,0000000124,本科,无锡纺织工业大学,,1987.09,1989.06
才让当智,0000000124,函授,中央党校,经济管理,1998.09,2000.12
才让当智,0000000124,学习,甘肃省委党校,社会学,2004.09,2007.07
才智,0000000127,大专,甘肃省委党校,党政管理,1988.09,1990.08
才智,0000000127,本科,甘肃农业大学,动物食品卫生检验,2001.01,2003.12
才智,0000000127,研究生,甘肃省委党校,文化和社会发展,2006.06,2009.06
蔡光信,0000000130,本科,,,,
蔡洪魁,0000000131,,唐山地区农业学校,农学,1979.09,1982.08
蔡洪魁,0000000131,函授,中央党校,经济管理,1994.08,1996.12
蔡洪生,0000000132,研究生,哈尔滨师范大学,科技经济管理,1994.12,1996.07
蔡洪生,0000000132,研究生,,工商管理,2004.04,2005.10
蔡全法,0000000142,学习,中国青年政治学院,经济,1985.09,1987.10
蔡全法,0000000142,学习,中央党校,经济管理,1995.09,1997.11
蔡全法,0000000142,研究生,河南大学,政治经济学,1996.09,1998.12
蔡澍,0000000145,本科,西北轻工业学院,皮革,,1994.07
蔡澍,0000000145,研究生,华南理工大学,行政管理,2006.09,2009.07
蔡松贵,0000000146,本科,华南师范大学行政管理干部学院,,1986.09,1988.07
蔡松贵,0000000146,研究生,省社科院,政治经济学,1995.09,1998.07
蔡松涛,0000000147,本科,,,,
操隆山,0000000157,本科,安徽大学,法律,1985.09,1989.06
操隆山,0000000157,研究生,江苏省委党校,,2002.01,2004.07
操隆山,0000000157,培训,省委党校,,2003.03,
曹伯章,0000000159,培训,中央党校,,1995.03,1995.05
曹法英,0000000162,研究生,河南省委党校,政管理,,
曹鉴燎,0000000165,培训,广州市农业财贸干部学校,,1978.07,1978.09
曹鉴燎,0000000165,培训,广州市农校,,1979.10,1979.12
曹鉴燎,0000000165,大专,广州市委党校,,1982.04,1984.07
曹鉴燎,0000000165,培训,美国圣玛利学院,工商管理,1992.09,1992.10
曹鉴燎,0000000165,培训,广东省委党校,,1996.09,1997.01
曹鉴燎,0000000165,研究生,广东省委党校,经济学,1996.09,1999.07
曹鉴燎,0000000165,博士,暨南大学,国际关系,1999.09,2002.06
曹金华,0000000166,本科,,,,
曹立明,0000000169,本科,中央党校,经济管理,,
曹路宝,0000000170,访学,美国杜克大学桑福公共管理学院,,2008.03,2008.12
曹清尧,0000000173,本科,中南林学院,林学,1982.09,1986.07
曹清尧,0000000173,研究生,中央党校,经济学,2001.03,2004.01
曹清尧,0000000173,培训,中央党校,,2009.03,2010.01
曹清尧,0000000173,学习,北京林业大学,林业经济管理,2007.09,2013.01
曹全民,0000000174,,浙江大学,化学工程,1981.09,1985.08
曹全民,0000000174,研究生,浙江大学,研究生院环境工程,1985.08,1988.08
曹汝涛,0000000175,本科,河北师范学院,政教,1980.08,1984.07
曹汝涛,0000000175,研究生,天津财经学院,,1997.09,1999.09
曹汝涛,0000000175,培训,省委党校,,2002.02,2002.07
曹汝涛,0000000175,研究生,中央党校,经济法学,2004.09,2007.07
曹汝涛,0000000175,培训,中央党校,,2005.10,2006.01
曹玉宝,0000000186,本科,中央党校,经济管理,1990.07,1993.12
曹玉宝,0000000186,进修,天津商学院,,1987.09,1989.07
曹玉宝,0000000186,研究生,河北省委党校,经济管理,2003.09,2006.07
曹裕江,0000000190,培训,清华大学,工商管理,1999.09,1999.12
曹云平,0000000191,研修,北京大学,,1999.10,2000.01
曹云平,0000000191,研究生,中央党校,经济学,2000.09,2003.07
曹云平,0000000191,培训,中央党校,,2003.09,2004.01
曹子玉,0000000194,本科,河北师范大学,中文,1982.09,1986.07
曾德权,0000000197,本科,恩施卫校,,1980.09,1982.09
曾风保,0000000199,本科,,,,1993.07
曾广斌,0000000201,研究生,,,,
曾广河,0000000202,本科,华南师范大学,行政管理,,1985.00
曾国平,0000000203,大专,湖北农学院,,1980.09,1983.08
曾国平,0000000203,培训,省委党校,,2000.00,
曾永涛,0000000221,培训,贵州省委党校,,1996.09,1997.01
曾永祥,0000000223,培训,中国农科院,,2000.08,2000.09
曾永祥,0000000223,培训,全国市长研讨班,,2002.10,2001.11
曾永祥,0000000223,培训,贵州省委党校,,2004.10,2004.12
曾永祥,0000000223,进修,贵州省委党校,公共管理,2004.07,2007.05
曾瑜,0000000224,本科,西南政法学院,法学,1986.09,1990.07
曾瑜,0000000224,培训,遵义市委党校,,2003.09,2003.12
曾赞荣,0000000225,研究生,北京大学,人文地理学,,
曾智勇,0000000226,本科,省委党校,,,
柴宝良,0000000228,本科,河北工业大学,无机化工,1990.09,1994.07
柴宝良,0000000228,研究生,河北大学,,1998.07,2000.07
柴宝良,0000000228,研究生,省委党校,经济管理,2001.09,2004.07
柴宝良,0000000228,研究生,天津大学,工业工程,2003.12,2006.05
柴春,0000000229,,庆阳县蔡家庙八年制学校,,1982.07,1986.01
昌红梅,0000000231,本科,安徽建材工业学校,,,
昌红梅,0000000231,研究生,省委党校,,,
常冀剀,0000000233,大专,,,,
常家有,0000000234,大专,甘肃省水利学校,水管,1981.09,1984.08
常家有,0000000234,本科,甘肃省委党校,企业管理,1997.09,1999.12
常奇民,0000000236,本科,,,,
常守远,0000000237,大专,武威师范学校,普师,1979.09,1981.07
常守远,0000000237,本科,中央党校,党政管理,1990.08,1993.06
常守远,0000000237,进修,中央党校,政治理论,1993.07,1995.12
常英敏,0000000238,,河南省洛阳林校,森林保护,1986.07,1990.07
常英敏,0000000238,本科,中央党校,经济管理,1998.08,2000.12
常英敏,0000000238,研究生,中央党校,经济管理,2006.09,2009.12
常振义,0000000239,研究生,,法学,,
晁新,0000000241,本科,安徽农学院,农业经济管理,1980.09,1984.07
晁新,0000000241,研究生,安徽大学,,2002.09,2004.09
巢卫林,0000000242,本科,,,,
巢卫林,0000000242,研究生,,工学,,
陈爱民,0000000247,学习,广西工会干部学校,工会建设和工人运动中等,1985.09,1987.07
陈爱民,0000000247,本科,中央党校,经济管理,1995.08,1997.12
陈爱民,0000000247,研究生,广东省社会科学院,政治经济学,1998.09,2001.07
陈爱民,0000000247,学习,桂林理工大学,思想政治教育,2007.09,2009.09
陈爱民,0000000248,中专,凤翔师范学校,综合,1980.09,1982.07
陈爱民,0000000248,学习,市委党校,经济管理,1994.09,1996.07
陈爱民,0000000248,学习,省委党校,经济管理,1999.09,2001.12
陈彬,0000000257,大专,岳池师范学校,,1979.09,1981.08
陈彬,0000000257,本科,四川师范学院,中文,1985.08,1990.06
陈彬,0000000257,培训,南充地委党校,,1990.10,1990.12
陈彬,0000000257,培训,四川省委二党校,,1995.05,1995.06
陈波,0000000262,专科,韶州师范学校,普师,1982.09,1985.07
陈波,0000000262,大专,韶关教育学院,中文,1986.01,1988.12
陈波,0000000262,本科,华南师范大学,中文,1989.09,1992.07
陈波,0000000262,培训,广东省委党校,,2000.08,2000.12
陈波,0000000262,研究生,中央党校,经济学<经济管理>,2008.09,2011.07
陈曾勇,0000000266,研究生,中央党校,,,
陈昌旭,0000000267,培训,贵州省遵义地委党校,,1995.03,1995.06
陈昌旭,0000000267,大专,贵州省委党校,经济管理,1994.09,1997.07
陈昌旭,0000000267,本科,中央党校,经济管理,1998.08,2000.12
陈昌旭,0000000267,研究生,中央党校,政治学理论,2003.03,2006.01
陈昌旭,0000000267,培训,贵州省委党校,,2005.09,2005.11
陈昌旭,0000000267,研究生,贵州大学与加拿大魁北克大学席库提米分校合作,项目管理,2008.09,2010.11
陈琛,0000000270,研究生,厦门大学,行政管理,2002.09,2005.07
陈琛,0000000270,培训,美国蒙大拿大学,公共行政管理,2005.10,2005.12
陈稠彪,0000000272,学习,四川统计学校,综合统计专业,1981.09,1983.07
陈稠彪,0000000272,学习,贵州省高等教育自学考试,统计专业,1985.06,1988.04
陈稠彪,0000000272,学习,国家统计局和中央电视台联合举办的《社会经济统计学原理电视讲座》,,1983.07,1984.01
陈稠彪,0000000272,学习,黔南州委党校中青班,,1995.03,1995.05
陈稠彪,0000000272,学习,贵州省委党校中青班,,2000.03,2000.07
陈稠彪,0000000272,学习,贵州省委党校,经济管理专业,1994.09,1997.07
陈稠彪,0000000272,研究生,北京大学经济管理高级研究班,,2002.01,2002.12
陈稠彪,0000000272,研究生,贵州省委党校在职研究生班,经济学专业,2000.09,2003.07
陈楚珍,0000000273,学习,鄂城师范政文班（中高）,,1975.07,1976.09
陈楚珍,0000000273,本科,华中理工大学机械工程系,,1978.03,1982.01
陈春光,0000000274,本科,,,,
陈春霞,0000000276,本科,华东政法学院,法学,,
陈达新,0000000280,本科,贵州财经学院,贸易经济,1980.09,1984.08
陈达新,0000000280,培训,贵州省委党校,,1999.09,2000.01
陈达新,0000000280,研究生,贵州大学,经济管理,1999.09,2000.07
陈达新,0000000280,培训,贵州省委党校,,2007.07,2007.09
陈大强,0000000282,本科,中央党校函授学院,涉外经济专业,1995.08,1997.12
陈大强,0000000282,学习,中央党校县委书记进修班,,2004.03,2004.07
陈代昌,0000000285,,广西兴安县师范学校,,1983.07,1986.07
陈代昌,0000000285,专科,广西河池师范专科学校,中文,1989.07,1991.07
陈代昌,0000000285,本科,中央党校,党政管理,1993.08,1995.12
陈代昌,0000000285,学习,桂林地委党校,,1997.09,1997.12
陈代昌,0000000285,研究生,广西区委党校,行政管理,2003.09,2006.01
陈代军,0000000286,大专,广西河池学院,英语,1989.09,1992.07
陈代军,0000000286,本科,中央党校,政法,1998.08,2002.12
陈代军,0000000286,研究生,广西大学,行政管理,2005.07,2007.12
陈代军,0000000286,培训,广西区委党校,,2006.10,2007.01
陈代军,0000000287,学习,重庆民政校,,1988.09,1990.07
陈代军,0000000287,大专,重庆市委党校,法律,1997.09,2000.06
陈代军,0000000287,本科,中央党校,法律,2000.08,2002.12
陈代军,0000000287,研究生,西南农业大学,经济管理,2002.02,2004.03
陈代文,0000000288,大专,贵州师范大学,,1990.09,1993.07
陈代文,0000000288,本科,贵州省委党校,经管,1993.09,1996.07
陈代文,0000000288,研究生,贵州省委党校,公共管理,2007.09,2010.06
陈德兴,0000000294,大专,中央党校,党政管理,1989.08,1992.06
陈德兴,0000000294,本科,中央党校,党政管理,1998.08,2000.12
陈德兴,0000000294,研究生,甘肃省委党校,马克思主义哲学,2001.09,2002.06
陈登泉,0000000298,大专,衡水师专,衡水师专化学,1980.08,1982.09
陈登泉,0000000298,专科,邯郸农业高等专科学校,函授农学,1994.09,1997.06
陈登泉,0000000298,本科,北京大学,网络教育法学,2001.09,2004.07
陈殿运,0000000299,,哈尔滨师范大学,,1983.09,1985.07
陈铎,0000000305,大专,中央党校,经济管理,1989.08,1992.06
陈铎,0000000305,本科,中央党校,经济管理,1998.08,2000.12
陈铎,0000000305,研究生,甘肃省委党校,公共管理,2005.09,2008.06
陈丰林,0000000309,研究生,中央党校,,,
陈锋,0000000311,大专,信阳师范学校,,1978.09,1981.07
陈锋,0000000311,研究生,,,,
陈刚,0000000318,研究生,清华大学,建筑学院城市规划,,
陈刚,0000000319,学习,四川省城口县师范学校,,1979.09,1982.07
陈刚,0000000319,大专,西南师范大学,政教,1986.08,1988.06
陈刚,0000000319,本科,西南师范大学,经济管理,1993.06,1996.07
陈刚,0000000319,研究生,重庆市委党校,行政管理,2002.09,2005.06
陈刚,0000000320,,西藏农牧学院,,1994.09,1996.07
陈刚,0000000320,学习,中央党校,,2013.09,2013.11
陈岗,0000000321,研究生,中共河北省委党校,经济管理,1985.08,
陈光杰,0000000325,大专,开封师范专科学校,中文,1978.09,1981.07
陈光杰,0000000325,函授,河南大学,经济管理,1989.09,1992.07
陈光祥,0000000328,本科,广东省委党校,经济管理,1993.09,1996.07
陈光祥,0000000328,本科,中央党校,公共管理,2006.08,2008.12
陈贵,0000000331,大专,河北师范大学,中文,1978.12,1980.11
陈贵,0000000331,本科,中央党校,经济管理,1993.08,1995.12
陈贵,0000000331,研究生,北京大学,应用社会学,1998.09,2000.07
陈贵,0000000331,研究生,中央党校,国际政治,2004.07,2006.07
陈桂光,0000000333,研究生,广东省委党校,经济学,1995.09,1998.07
陈国,0000000334,学习,广州市经济管理干部学院,对外经济关系,1985.09,1987.07
陈国,0000000334,进修,广州市委党校,,1996.03,1996.06
陈国,0000000334,本科,华南理工大学,工商管理,2003.09,2006.07
陈国栋,0000000336,学习,甘肃省临洮师范学校,,1981.09,1983.07
陈国栋,0000000336,本科,中央党校,党政管理,1983.08,1995.12
陈国栋,0000000336,研究生,兰州大学,区域经济学,2000.09,2002.07
陈国禄,0000000339,研究生,广西师范大学,生态,1998.09,2001.05
陈海波,0000000343,本科,省委党校,经济管理,2006.09,2009.07
陈海波,0000000343,,国家行政学院,,2011.09,2012.07
陈海波,0000000343,,省委党校,,2013.03,2013.06
陈行甲,0000000346,本科,湖北大学,数学,1988.09,1992.07
陈行甲,0000000346,研究生,清华大学,公共管理,2002.02,2004.01
陈行甲,0000000346,学习,美国芝加哥大学,,2005.10,2006.06
陈航,0000000347,学习,涪陵农校,农学,1981.09,1983.07
陈航,0000000347,大专,四川电大,党政管理,1984.09,1986.07
陈航,0000000347,本科,四川省委党校,经济管理,1994.09,1997.07
陈航,0000000347,研究生,西南农业大学,经济管理,1995.09,1998.07
陈弘平,0000000349,本科,福州大学,行政管理,1992.09,1995.07
陈弘平,0000000349,研究生,省委党校,经济学,1999.09,2002.07
陈洪生,0000000355,本科,东北农学院,农业经济管理,1984.09,1988.08
陈洪生,0000000355,研究生,东北林业大学,农林推广,2007.07,2009.12
陈鸿宁,0000000357,学习,柳州市委党校,经济管理,1987.07,1989.07
陈鸿宁,0000000357,本科,中央党校,党政管理,1995.08,1997.12
陈鸿宁,0000000357,研究生,广西大学,政治经济学,2001.09,2005.04
陈华,0000000358,本科,,,,
陈华贵,0000000360,中专,郑州电子技术学院,,1982.01,1985.01
陈华贵,0000000360,大专,广东电大广州军区分校,政史,1986.09,1988.07
陈华贵,0000000360,研究生,广东省委党校,经济学,1996.09,1999.07
陈华祥,0000000362,本科,四川大学,历史,1973.10,1976.07
陈华祥,0000000362,学习,中央党校,,1993.09,1994.07
陈华祥,0000000362,研究生,贵州省委党校,行政学,2003.09,2006.06
陈华祥,0000000362,学习,贵州省委党校,,2007.07,2007.09
陈槐珍,0000000363,本科,南方大学,,,
陈继勇,0000000374,专科,河池师范高等专科学校,政治,1987.09,1990.07
陈继勇,0000000374,研究生,广西师范大学,国民经济学,1998.09,2000.11
陈继勇,0000000374,,广西区党校,,2003.02,2003.05
陈家东,0000000379,学习,广东省通什教育学院,中文,1982.09,1985.12
陈家东,0000000379,研究生,天津大学,工商管理,1992.02,1993.01
陈家义,0000000383,,丹江口市委党校,,1983.08,1984.08
陈家义,0000000383,,郧阳电大,,1984.08,1986.07
陈家义,0000000383,本科,湖北省委党校,,1996.08,1998.06
陈家义,0000000383,进修,中央党校,,2004.09,2005.01
陈建华,0000000390,本科,北京钢铁学院,冶金机械,1978.10,1982.09
陈建华,0000000390,进修,中央党校,,1996.03,1996.07
陈建华,0000000390,培训,中山大学与英国牛津大学合办的广东省首届高级公务员公共管理知识专题研究班,,2002.04,2002.08
陈建华,0000000390,学习,中山大学,行政管理,2005.09,2008.06
陈建华,0000000392,本科,宁夏医学院,公共卫生,1981.09,1986.06
陈建华,0000000392,培训,石嘴山市市委党校,,1996.08,1996.12
陈建华,0000000392,培训,国家科委管理学院,,1997.08,1997.12
陈建华,0000000392,培训,加宁夏自治区党校,,2002.03,2002.07
陈建华,0000000392,研究生,中央党校,,2002.09,2005.07
陈建寿,0000000395,研究生,福建省委党校,,1995.09,1998.01
陈杰,0000000400,大专,湖北财经学院,农业经济管理,1982.05,1985.10
陈杰,0000000400,研究生,广东省委党校,经济学,1996.10,1999.07
陈杰,0000000400,进修,广东省委党校,,2003.03,2003.05
陈金剑,0000000406,大专,河南省渑池师范学校,,1982.09,1984.08
陈金剑,0000000406,本科,河南省委党校,,1987.09,1989.07
陈俊,0000000417,学习,省水电学校,农田水利专业,1979.09,1982.07
陈俊,0000000417,学习,电大六安分校,工民建专业,1984.09,1987.07
陈俊,0000000417,本科,中央党校函授学院,经济管理专业,1992.08,1994.12
陈俊,0000000417,研究生,省委党校,经济学专业,1997.07,2000.06
陈俊林,0000000419,本科,中南工业大学,冶金机械,1992.09,1996.06
陈俊林,0000000419,培训,广东省委党校,,2005.09,2005.12
陈俊林,0000000419,研究生,中南大学,机械工程,2000.09,2008.12
陈科,0000000423,大专,南充师范学校,,1980.09,1983.08
陈科,0000000423,大专,南充教育学院,中文,1988.09,1990.07
陈科,0000000423,本科,四川省委党校,经济管理,1995.09,1997.12
陈科,0000000423,研究生,四川省委党校,区域经济学,2004.09,2007.06
陈克攻,0000000425,学习,曼谷华侨中学,,,
陈立华,0000000430,本科,广西艺术学院,师范,1988.09,1992.07
陈立华,0000000430,培训,桂林市委党校,,2000.09,2000.12
陈良宇,0000000434,本科,解放军后勤工程学院,结构,1963.08,1968.08
陈良宇,0000000434,进修,同济大学,工程结构,1979.02,1980.01
陈良宇,0000000434,培训,市机电一局党校,,1982.09,1983.04
陈良宇,0000000434,学习,英国伯明翰大学,公共政策,1992.01,1992.09
陈亮,0000000435,研究生,,,,
陈绿平,0000000437,大专,华南师范学院,,1980.09,1982.07
陈绿平,0000000437,本科,华南师范学院,无线电电子,1982.09,1985.01
陈绿平,0000000437,进修,华南师范学院,马克思主义哲学,1996.03,1998.01
陈绿平,0000000437,培训,广东省委党校,,1999.08,1999.12
陈绿平,0000000437,培训,中国浦东干部学院,,2005.03,2005.04
陈绿平,0000000437,培训,广东省第九期高级公务员公共行政管理知识专题研究班,,2006.09,2006.12
陈绿平,0000000437,博士,华南师范大学,心理学,2006.09,2009.06
陈绿平,0000000437,培训,中央党校,,2009.03,2009.07
陈略宇,0000000438,进修,中山大学,人文地理学,1999.10,2001.07
陈略宇,0000000438,本科,中山大学,网络教育行政管理,2002.09,2005.06
陈略宇,0000000438,函授,中山大学,EMBA,2007.09,2009.06
陈茂辉,0000000439,进修,华南师范大学,,1984.09,1986.07
陈茂辉,0000000439,研究生,广东省委党校,经济学,1995.09,1998.07
陈茂辉,0000000439,培训,省第二期市厅级领导干部出国培训班,,2006.07,2006.09
陈敏,0000000441,本科,天津大学,无线电技术,1984.09,1988.07
陈敏,0000000441,研究生,南开大学,企业管理,1988.09,1991.07
陈敏,0000000441,培训,中国浦东干部学院,,2008.03,2008.04
陈敏,0000000441,博士,中山大学,人文地理学,2002.09,2008.12
陈敏,0000000441,培训,耶鲁大学,,2010.08,2010.09
陈敏,0000000442,学习,中国工运学院,劳动经济,1992.09,1994.07
陈敏,0000000442,函授,江西师大,思想政治,1995.09,1997.07
陈敏,0000000442,研究生,中国社科院,金融,1999.09,2001.06
陈敏,0000000442,学习,江西省委党校,产业经济学,2004.09,2006.12
陈敏辉,0000000445,研究生,,,,
陈明枢,0000000450,培训,中央党校,,1977.00,1978.00
陈明枢,0000000450,培训,中央党校,,1982.00,1983.00
陈平,0000000460,高中,北京天安门中学,,1968.01,1970.12
陈平,0000000460,大专,东城区职工业余大学,党政干部管理,1984.09,1988.07
陈平,0000000460,研究生,中国社会科学院,经济法,1995.04,1997.03
陈平,0000000460,本科,中央党校,经济管理,1995.08,1997.12
陈平,0000000460,研究生,长江商学院,工商管理,2002.11,2005.08
陈其春,0000000465,本科,厦门大学,历史学,1979.09,1983.07
陈其春,0000000465,学习,新加坡南洋理工大学,管理经济学,1999.07,2000.07
陈启蒙,0000000466,学习,茂名教育学院,中文,1989.09,1991.07
陈启蒙,0000000466,研究生,广东省社会科学院,经济学,1999.09,2002.07
陈启蒙,0000000466,,茂名教育学院,,1989.09,1991.09
陈启蒙,0000000466,研究生,广东省社会科学院,经济管理,1999.09,2002.07
陈强,0000000469,本科,安徽劳动大学,政教,1976.11,1978.09
陈强,0000000469,研究生,中央党校,经济管理,2001.09,2004.07
陈亲恭,0000000471,学习,兰州市委党校,行政管理,1985.08,1987.09
陈庆义,0000000477,研究生,,,,
陈荣卓,0000000489,博士,华中师范大学,中外政治制度,2005.09,2008.06
陈荣卓,0000000489,研究生,华中师范大学,经济法学,2002.09,2005.02
陈荣卓,0000000489,本科,华中师范大学,法学,1998.09,2002.06
陈少荣,0000000495,本科,广州暨南大学,行政管理秘书,1986.09,1990.07
陈少荣,0000000495,培训,广东省第二期领导干部区域经济发展专题法国培训班,,2009.09,2009.10
陈少荣,0000000496,本科,重庆大学采矿工程系采,矿工程专业,1983.09,1987.07
陈少荣,0000000496,学习,美国海沃加州大学企业家培训中心中国贵州省第二批高级管理人才培训班,,2001.08,2002.01
陈社教,0000000499,本科,安徽大学,经济管理,1984.09,1988.07
陈声亮,0000000500,大专,汕头地区五.七农学院,果林,1979.09,1982.07
陈声亮,0000000500,本科,省委党校,行政管理,1996.09,1998.12
陈声亮,0000000500,研究生,省委党校,经济学,1999.09,2002.07
陈省,0000000501,大专,华南师范学院,政治,1975.00,1978.00
陈省,0000000501,研究生,广东省委党校,经济学,1995.00,1998.00
陈世庆,0000000508,研究生,省委党校,经济学,,
陈淑欣,0000000512,本科,上海铁道学院,铁道工程,1982.09,1986.07
陈淑欣,0000000512,培训,洛阳市委党校,,2000.09,2000.12
陈万桥,0000000528,本科,贵州大学,中文,1978.10,1982.07
陈万桥,0000000528,进修,中央党校,,2002.09,2003.01
陈伟明,0000000532,学习,梅州农校,农学,,1998.07
陈文敏,0000000537,大专,广东汕头教育学院,政治,1982.09,1985.12
陈文敏,0000000537,研究生,西南政法大学,民商法,1999.09,2001.09
陈文毓,0000000538,本科,西南政法大学,法律,1979.09,1983.07
陈文毓,0000000538,研究生,中央党校,法学理论,2006.09,2009.07
陈吴,0000000539,大专,广东省湛江水产学院,轮机,1977.02,1979.01
陈吴,0000000539,进修,武汉水运工程学院,,1979.09,1981.02
陈吴,0000000539,本科,华中科技大学,行政管理,2001.09,2004.01
陈武斌,0000000541,本科,中国青年政治学院,青年思想教育,1989.09,1993.07
陈武斌,0000000541,研究生,中南财经政法大学,政治经济学,1997.09,1999.12
陈晰,0000000543,大专,中央党校,经济管理,1993.08,1996.08
陈晰,0000000543,本科,中央党校,经济管理,1996.08,1998.12
陈晰,0000000543,研究生,西北师范大学,区域管理与政策,2002.04,2004.04
陈晰,0000000543,研究生,中央党校,经济管理,2008.09,2011.07
陈向新,0000000553,本科,中山大学,计算数学及其应用软件,1987.09,1991.07
陈向新,0000000553,研究生,中山大学,数量经济学,1991.07,1994.07
陈小钢,0000000555,本科,中山大学,哲学,,
陈小钢,0000000555,博士,暨南大学,企业管理,,
陈小山,0000000556,本科,华南农业大学,土化,1979.09,1983.08
陈小山,0000000556,学习,广东省委党校,,1997.03,1997.06
陈小山,0000000556,研究生,广东省社科院,经济学,1995.09,1998.07
陈小山,0000000556,培训,广东省委党校,,1999.09,1999.12
陈小山,0000000556,学习,中央党校,,2002.09,2003.01
陈笑波,0000000558,本科,华东政法学院,刑侦,1984.09,1988.07
陈笑波,0000000558,研究生,中国社科院,国际贸易,1996.10,1998.10
陈心亮,0000000559,学习,陕西青年管理干部学院,思想政治,1985.09,
陈新贵,0000000562,,荥阳师范,,1979.09,1981.07
陈新贵,0000000562,专修,河南广播电视大学,,1984.06,1986.07
陈新贵,0000000562,研究生,,,,
陈新林,0000000563,学习,咸宁地区农校,农学,1979.09,1981.08
陈新林,0000000563,研究生,华中师范大学,行政管理,,2000.12
陈学军,0000000565,学习,中国政法大学,法律,1992.09,1994.07
陈学军,0000000565,进修,中国农业大学,管理科学与工程,1999.01,2000.04
陈学军,0000000565,学习,唐山市委党校,经济管理,1997.09,2000.06
陈学军,0000000565,研究生,省委党校,经济管理,1999.09,2001.12
陈亚春,0000000568,研究生,,,,
陈延国,0000000569,学习,广西电大钦州地委党校,党政管理干部基础专修,1984.09,1986.07
陈延国,0000000569,研究生,广西大学,宏观经济管理,1995.09,1997.07
陈延华,0000000570,本科,省委党校在职大学,,,
陈耀光,0000000574,大专,广州教育学院,数学,1979.09,1982.07
陈耀光,0000000574,大专,广州市委党校,行政管理,1983.09,1985.07
陈义生,0000000579,本科,郑州大学,经济管理,,
陈寅,0000000582,本科,同济大学,工民建,1980.09,1984.08
陈寅,0000000582,培训,市委组织部高级经济管理人员培训班,,1996.05,1997.04
陈寅,0000000582,进修,华东师范大学,,2001.09,2003.07
陈寅,0000000582,研究生,澳门科技大学,工商管理,2001.09,2003.07
陈勇,0000000585,专科,江苏省盐城师范专科学校,,1983.09,1986.07
陈勇,0000000585,研究生,南京林业大学,林产化学加工,1988.09,1991.07
陈勇,0000000585,博士,南京林业大学,生态学,2001.09,2003.07
陈勇,0000000585,博士后,南京大学,,2005.01,2008.01
陈用志,0000000586,大专,省委党校,,1986.03,1989.02
陈用志,0000000586,培训,中央党校,,1998.00,1999.00
陈有辉,0000000588,本科,广西农学院,农学,1980.09,1984.07
陈有辉,0000000588,研究生,中国农业大学,农业推广,2001.04,2004.06
陈有辉,0000000588,博士,中国农业大学,农村发展与管理,2008.04,2011.12
陈元中,0000000593,大专,中央党校,大专班经济管理,1994.08,1997.06
陈元中,0000000593,本科,中央党校,法律,1997.08,1999.12
陈元中,0000000593,学习,市委党校,,2001.09,2002.03
陈云水,0000000597,本科,福建农学院,,1988.09,1992.07
陈云水,0000000597,研究生,福建农林大学,农业推广,2005.00,2007.12
陈云贤,0000000599,研究生,福建师范大学,经济学,1983.08,1986.07
陈云贤,0000000599,博士,北京大学,经济学,1988.08,1991.07
陈云贤,0000000599,进修,美国麻省大学波士顿分校,,2000.08,2001.09
陈云贤,0000000599,学习,美国哈佛大学,,2001.04,2001.06
陈云贤,0000000599,学习,美国哈佛大学肯尼迪政府学院,,2003.03,2003.04
陈云贤,0000000599,进修,中央党校,,2008.05,2008.07
陈云贤,0000000599,培训,中国井冈山干部学院,,2010.08,
陈云贤,0000000599,培训,中国延安干部学院,,2011.05,2011.06
陈云州,0000000600,大专,阳江师范学校,,1979.08,1981.07
陈云州,0000000600,学习,佛山教育学院,中文,1984.09,1986.08
陈云州,0000000600,本科,中共广东省委党校,行政管理,1999.09,2001.12
陈再新,0000000602,本科,,,,
陈增光,0000000604,中专,,,,
陈长发,0000000606,本科,省委党校,,,
陈志宁,0000000617,大专,省委党校,行政管理,1997.09,2000.07
陈志宁,0000000617,本科,中央党校,经济管理,2004.08,2006.12
陈志伟,0000000619,培训,省委党校,,2004.09,2004.12
陈治华,0000000620,学习,广东广播电视大学,会计,1986.09,1988.07
陈治华,0000000620,研究生,广东省社会科学院,行政管理,1999.09,2002.07
陈梓泽,0000000629,学习,遵义地委党校,,1985.09,1987.09
陈梓泽,0000000629,培训,贵州省委党校,,1995.09,1996.01
陈梓泽,0000000629,进修,贵州省遵义市委党校,,1999.09,1999.10
陈自昌,0000000630,研究生,省委党校,,,
成济荣,0000000635,研究生,广东省委党校,经济学,1999.00,2002.00
成济荣,0000000635,进修,广东省委党校,,2000.00,
成济荣,0000000635,进修,中央党校,,2003.00,
成佳刚,0000000636,本科,湖北师范学院,汉语言文学,1994.07,
成佳刚,0000000636,培训,省委党校,,1998.09,1998.12
成佳刚,0000000636,研究生,中南财经大学,经济法学,2001.09,2004.06
成佳刚,0000000636,培训,省委党校,,2003.03,2003.05
成佳刚,0000000636,培训,浦东干部学院,,2006.12,
成伟明,0000000641,学习,华南师范大学,,1985.09,1987.07
成伟明,0000000641,培训,广东省委党校,,1996.03,1996.07
成伟明,0000000641,进修,广东省委党校,,2001.09,2002.01
程坤波,0000000655,本科,湖北大学,,1963.09,1967.09
程坤波,0000000655,培训,省委党校,,1983.02,1984.01
程坤波,0000000655,培训,湖北省委党校,,1983.02,1984.11
程连元,0000000660,研究生,北京工业大学,管理科学与工程,,
程连元,0000000660,本科,,工学,,
程连元,0000000660,博士,,管理学,,
程良胜,0000000661,,湖北省供销学校,物价,1986.09,1988.07
程良胜,0000000661,大专,湖北广播电视大学,行政管理,1989.06,1991.06
程良胜,0000000661,本科,中央党校,经济管理,1996.08,1998.12
程良胜,0000000661,进修,黄石市委党校,,1997.03,1997.06
程良胜,0000000661,本科,武汉大学,法学,1997.04,1999.06
程良胜,0000000661,研究生,华中理工大学,马克思主义哲学,1997.07,1999.12
程良胜,0000000661,博士,武汉大学,文艺学,2007.09,2010.12
程鹏,0000000663,大专,牡丹江医学院,,1985.00,1988.00
程鹏,0000000663,本科,黑龙江大学,财税,,
程权,0000000664,本科,广西大学,,1979.09,1983.07
程权,0000000664,学习,中国人民大学,国民经济计划,1988.09,1990.09
程群林,0000000666,大专,湖北省咸宁师专,,1979.10,1982.07
程群林,0000000666,函授,中央党校,经济管理,1995.09,1997.12
程群林,0000000666,研究生,华师,管理学,2003.06,2005.07
程树平,0000000671,本科,福建电大,汉语言文学,1985.09,1988.07
程树平,0000000671,培训,省委党校,,1991.09,1993.07
程维高,0000000673,大专,中央党校,,1981.00,1982.00
程向民,0000000676,大专,解放军南京陆军学校,,1983.08,1985.07
程向民,0000000676,本科,华东师范大学,汉语言文学,1992.10,1997.08
程向民,0000000676,研究生,同济大学,工商管理,1994.09,1997.12
程向民,0000000676,培训,市委党校,,1996.09,1997.01
程向民,0000000676,博士,同济大学,经济与管理,2000.03,2004.05
程向民,0000000676,进修,美国宾夕法尼亚大学,,2006.09,2006.11
程向民,0000000676,培训,中国浦东干部学院,,2010.10,2010.11
程兴念,0000000677,大专,北京中央团校,,1983.09,1985.07
程兴念,0000000677,本科,贵州省委党校,经济管理,,
程修略,0000000678,学习,"盘锦鞍山""五七""干校",,1968.05,1970.03
程真祥,0000000683,大专,四川省委二党校,政治,1983.08,1985.07
程真祥,0000000683,本科,四川省委党校,经济管理,1996.09,1998.12
程志翔,0000000687,学习,安徽物资学校,,1978.09,1981.07
池秋娜,0000000691,大专,福建集美财经学校,企业财务,1979.09,1981.08
池秋娜,0000000691,进修,厦门大学,,1984.12,1987.06
池秋娜,0000000691,培训,福建省委党校,,1991.09,1993.07
池秋娜,0000000691,培训,福建省委党校,,2000.09,2000.12
池秋娜,0000000691,培训,中央党校,,2007.03,2007.07
迟宝旭,0000000693,研究生,东北农业大学,农业经济管理,,
迟威,0000000695,本科,广西师范大学,政治教育,1988.09,1992.07
迟威,0000000695,研究生,广西师范大学,中国近现代史,1998.10,2000.10
迟威,0000000695,培训,广西桂林市委党校,,2004.10,2005.01
迟威,0000000695,学习,广西区党校,,2009.09,2010.01
赤光明,0000000696,专科,保定师范专科学校,中文,1980.09,1982.09
赤光明,0000000696,研究生,中国社会科学院,经济法,1996.04,1998.03
赤光明,0000000696,本科,中央党校,本科班经济管理,1995.08,1997.12
赤光明,0000000696,研究生,河北省委党校,在职研究生班法学,2002.09,2005.07
楚行宇,0000000705,大专,河北林业专科学校,,1981.09,1984.08
褚国儒,0000000708,大专,吉林冶金电气化学校,电气化、自动化,1981.08,
褚国儒,0000000708,函授,中央党校,经济管理,1989.08,1992.07
褚国儒,0000000708,研究生,中央党校,科学社会主义,1998.09,2001.07
褚世民,0000000710,研究生,哈尔滨师范大学,科技管理专业,1998.09,2000.09
褚世民,0000000710,学习,省委党校,法律专业,2002.03,2004.07
次仁,0000000714,学习,兰州气象学校,通信技术,1986.09,
次仁顿珠,0000000715,大专,,,,
次仁扎西,0000000718,研究生,中央党校,经济管理,2005.09,2008.07
次仁扎西,0000000719,大专,北京大学,国际政治,1985.06,1987.06
次仁扎西,0000000719,培训,西藏自治区党校,,1991.03,1992.12
从维德,0000000720,大专,皖西联合大学,经济管理,1992.09,1994.07
从维德,0000000720,本科,中央党校,党政管理,1995.07,1997.12
从维德,0000000720,研究生,省委党校,经济学,2002.09,2005.07
丛祥荣,0000000725,大专,哈尔滨师范学院,哈尔滨师范学院,1977.03,1979.08
丛祥荣,0000000725,本科,黑龙江省委党校,行政管理,1989.03,1992.02
丛祥荣,0000000725,研究生,黑龙江省委党校,经济管理,2003.03,2006.01
崔凤臣,0000000731,本科,中央党校,经济管理,,
崔建军,0000000734,大专,安徽省阜阳师范学院,,1989.09,1991.07
崔建军,0000000734,研究生,中南政法大学,诉讼法,1994.07,1997.09
崔建军,0000000734,本科,中央党校,经济管理,1992.08,1994.12
崔建军,0000000734,博士,中山大学,行政管理,2005.09,2009.12
崔军,0000000736,中专,南阳工业学校,电机,1979.09,1981.09
崔军,0000000736,大专,南阳地委党校,,1988.09,1990.06
崔军,0000000736,研究生,河南省委党校,,2003.09,2006.06
崔坤军,0000000738,,河北机电学院,工业管理工程,1983.07,1987.07
崔坤军,0000000738,研究生,省委党校,法学,2006.09,2009.06
崔黎,0000000739,本科,南京农业大学,经管专业,1992.00,1995.00
崔黎,0000000739,学习,中央党校函授学院,党政专业,1996.08,1998.12
崔立新,0000000740,本科,天津轻工业学院,轻工机械,1981.09,1985.08
崔立新,0000000740,研究生,中国科技情报,科技情报,1988.09,1990.10
崔培元,0000000743,本科,东北重型机械学院,机械制造,1980.09,1984.08
崔培元,0000000743,研究生,黑龙江省委党校,,1986.09,1988.09
崔仁杰,0000000744,研究生,,,,
崔绍营,0000000748,本科,郑州大学,历史,,
崔欣元,0000000752,大专,石家庄地区农业学校,农学,1983.09,1985.08
崔新芳,0000000753,,河南省农业学校,农学,1976.09,1978.07
崔新芳,0000000753,大专,河南财经学院,经济管理,1994.09,1996.08
崔新芳,0000000753,研究生,中央党校,法学理论,2002.03,2005.01
代小红,0000000761,本科,重庆大学,计算机工程,1983.09,1987.06
代小红,0000000761,研究生,重庆大学,计算机科学理论,1987.06,1990.06
代小红,0000000761,培训,中央党校,,2003.09,2004.01
戴炳隆,0000000763,本科,西北师范学院,中文,1979.09,1983.07
戴炳隆,0000000763,培训,省委党校,,1983.07,1983.09
戴炳隆,0000000763,培训,甘肃省委党校,,1993.03,1993.06
戴炳隆,0000000763,进修,西南农业大学,农经,1998.09,2001.06
戴炳隆,0000000763,培训,甘肃省委党校,,2004.03,2004.06
戴炳隆,0000000763,培训,中央党校,,2005.09,2006.01
戴炳隆,0000000763,研究生,甘肃省委党校,文化学,2005.09,2008.06
戴炳隆,0000000763,研究生,兰州大学,行政管理,2007.09,2010.06
戴春枝,0000000764,培训,河南省委办公厅,,1978.09,1979.06
戴春枝,0000000764,研究生,中央党校经济管理大学,科技哲学与行政管理,1997.08,1999.12
戴贵兵,0000000766,本科,贵州财经学院,计划统计,1979.09,1983.07
戴国华,0000000767,大专,杭州大学,应用数学,,
戴海波,0000000768,本科,上海市委党校,党政管理,,1988.07
戴海波,0000000768,访问学者,美国哥伦比亚大学,,1998.08,1999.08
戴海波,0000000768,研究生,美国杜兰大学,工商管理,1999.02,2000.01
戴海波,0000000768,学习,美国哈佛大学,,2002.09,2002.11
党建中,0000000786,研究生,,,,
邓炳球,0000000793,大专,惠州教育学院,行政管理专业,1984.09,1987.07
邓昌达,0000000794,大专,广西轻工业学校,制糖,1981.09,1984.07
邓昌达,0000000794,研究生,中央党校,经济管理,1999.09,2002.07
邓达木,0000000796,本科,,,,
邓光荣,0000000798,本科,华南工学院,化工机械,1974.09,1977.12
邓光荣,0000000798,学习,中共中央党校,,2001.09,2002.01
邓光荣,0000000798,研究生,中国人民大学,国际政治,,
邓海光,0000000800,研究生,中央党校,政治学理论,1999.03,2002.06
邓海光,0000000800,研究生,华南农业大学,农业经济管理,2003.09,2006.06
邓海光,0000000800,培训,中央党校,,2008.09,2009.01
邓宏图,0000000801,本科,哈尔滨师范大学,,1985.09,1989.07
邓建华,0000000806,中专,连州师范学校,,1983.09,1986.07
邓建华,0000000806,大专,广东教育学院,数学,1993.03,1996.03
邓建华,0000000806,本科,中央党校,行政管理,1996.08,1998.12
邓建华,0000000806,研究生,广东省社科院,政治经济学,1999.09,2002.12
邓菊芳,0000000807,研究生,中央党校,,,
邓梁波,0000000809,本科,南京航空航天大学,环境控制,1978.09,1982.07
邓梁波,0000000809,研究生,南京航空航天大学,结构强度与设计,1982.08,1985.01
邓梁波,0000000809,博士,兰州大学,工程力学,1985.03,1988.01
邓梁波,0000000809,博士后,西北工业大学,结构强度与设计,1988.01,1990.07
邓木林,0000000811,大专,省委党校,,1990.09,1993.08
邓木林,0000000811,本科,省委党校,行政管理,1997.09,1999.12
邓浓乐,0000000812,大专,,,,
邓庆忠,0000000813,大专,惠阳地委党校,,1985.09,1987.06
邓庆忠,0000000813,研究生,华中科技大学,,2001.10,2003.12
邓生来,0000000814,大专,,,,
邓苏夏,0000000816,研究生,澳门科技大学,工商管理,1999.09,2000.11
邓维龙,0000000817,进修,广东省中山大学,,1984.09,1986.08
邓维龙,0000000817,研究生,广东省委党校,经济学,1995.09,1998.07
邓伟强,0000000819,本科,华南理工大学网络教育学院,工商管理专业,,
邓小杰,0000000822,专科,韶关师专,中文,1985.09,1987.07
邓小杰,0000000822,本科,中央党校,经济管理,1995.09,1997.12
邓小杰,0000000822,研究生,省社科院,经济学,1999.09,2002.12
邓新华,0000000823,学习,湖北省委党校,党政管理,1986.09,1989.07
邓新华,0000000823,本科,华中师范大学,汉语言文学,1996.09,1999.07
邓修宇,0000000825,本科,贵州民族大学,汉语言文学,1984.09,1988.07
邓修宇,0000000825,学习,贵州省委党校,,2006.02,2006.07
邓耀华,0000000827,大专,,,,
邓应军,0000000828,本科,华中农业大学,农业经济管理,1982.09,1986.07
邓永明,0000000830,中专,省委办公厅,,1978.10,1979.09
邓永明,0000000830,大专,广东广播电视大学,,1984.09,1986.07
邓永明,0000000830,研究生,广东省委党校,经济学,1996.09,1999.07
邓永明,0000000830,培训,广东省委党校,,1998.03,1998.07
邓永明,0000000830,研究生,中山大学,,2003.05,2003.08
邓勇,0000000831,,湖北省天门师范学校,,1987.09,1990.07
邓勇,0000000831,培训,湖北省行政学院,,2004.03,2004.05
邓勇,0000000831,培训,省委党校,,2010.03,2010.06
邓兆桃,0000000833,大专,贵州黔东南民族师专,物理,1984.09,1987.06
邓兆桃,0000000833,本科,贵州师范大学,外语,1989.09,1993.06
邓兆桃,0000000833,学习,中函贵州分院,经济管理,1998.09,2001.06
邓兆桃,0000000833,培训,工运学院,,2001.11,2001.12
邓兆桃,0000000833,进修,西南师范大学,,2002.04,2004.10
邓振新,0000000835,本科,广东省湛江市委党校,党政,1983.08,1985.12
邓振新,0000000835,研究生,广东省委党校,党建,1998.09,2001.07
刁震川,0000000841,本科,,,,
丁凡璋,0000000843,研究生,党校,,,
丁洪,0000000847,大专,四川重庆市第二农业学校,农学,1981.09,1984.07
丁洪,0000000847,大专,全国高等教育自学考试,法律,1986.09,1990.07
丁洪,0000000847,本科,中央党校,经济管理,1993.07,1995.12
丁洪,0000000847,研究生,重庆市委党校,行政管理,2001.07,2004.01
丁洪,0000000847,研究生,重庆大学,工商管理,2007.12,2009.12
丁辉,0000000848,大专,湖北省沙洋师范,普师,1984.09,1987.07
丁辉,0000000848,本科,湖北省教育学院,政治教育,1988.09,1991.07
丁辉,0000000848,研究生,省委党校,经济学,2005.09,2008.07
丁辉,0000000848,培训,省委党校,,2006.00,
丁尚清,0000000856,大专,武汉测绘学院,地图制图,1974.09,1977.10 
丁尚清,0000000856,研究生,中国社会科学院,国际贸易,1996.09,1998.09
丁尚清,0000000856,研修,清华大学、美国哈佛大学公共管理高级研修班,,2002.05,2002.09
丁少青,0000000857,本科,河南农学院,,,1982.01
丁式江,0000000860,本科,华东地质学院,铀矿地质,1981.09,1985.09
丁式江,0000000860,研究生,中国地质大学,控矿构造,1985.09,1988.07
丁式江,0000000860,访问学者,英国帝国理工大学,,2001.02,2001.05
丁式江,0000000860,研究生,长江商学院,,2008.11,2010.05
丁伟,0000000862,研究生,中央党校,社会学,,
丁小强,0000000864,研究生,武汉大学,政治经济学,1996.09,1999.06
丁小强,0000000864,博士,武汉大学,政治经济学,2000.09,2004.12
丁小强,0000000864,进修,湖北省委党校,,2006.05,2006.07
丁小强,0000000864,培训,中央党校,,2009.03,2009.07
丁辛戈,0000000865,研究生,,,,
丁旭东,0000000867,大专,贵州广播电视大学,企业自动化,1979.02,1982.02
丁旭东,0000000867,研究生,中国社会科学院,企业管理,1996.09,1998.07
董福寿,0000000879,大专,甘肃师范大学,中文,1971.10,1974.07 
董福寿,0000000879,本科,中央党校,经济管理,1996.08,1998.12
董兰杵,0000000887,学习,空军上海政治学院,,1978.03,1979.04
董兰杵,0000000887,本科,贵州师大,汉语言文学,1985.09,1990.06
董兰杵,0000000887,进修,厦门大学,行政管理,1999.10,2001.10
董良鸿,0000000890,本科,河南省郑州轻工业学院,机械制冷,1984.09,1988.07 
董凌,0000000891,本科,广西师范大学,数学,1981.09,1985.07
董瑞龙,0000000895,大专,北京市农业管理干部学院,,1987.09,1989.09
董尚荣,0000000896,学习,中央农业广播学校,农学,1981.07,1985.12
董尚荣,0000000896,大专,省委党校,党政管理,1987.07,1990.07
董尚荣,0000000896,本科,华中师范大学,汉语言文学,1993.07,1996.07
董尚荣,0000000896,研究生,省委党校,经济管理,1995.09,1998.07
董尚荣,0000000896,培训,省委党校,,1997.03,1997.05
董晓航,0000000904,研究生,,,,
董晓宇,0000000905,中专,河北高阳师范学校,,1984.09,1987.08
董晓宇,0000000905,大专,河北省自学考试,汉语言文学,1987.07,1989.06
董晓宇,0000000905,本科,河北省教育学院,汉语言文学,1989.07,1992.06
董晓宇,0000000905,研究生,河北省委党校,经济管理,1999.09,2001.12
董新发,0000000906,研究生,湖北省委党校,,,
杜光辉,0000000928,本科,,,,
杜海洋,0000000930,大专,达县师范学校,,1989.09,1992.08
杜海洋,0000000930,大专,四川大学,行政管理,1992.09,1994.12
杜海洋,0000000930,本科,四川省委党校,经济管理,1995.09,1997.12
杜海洋,0000000930,培训,达川地委党校,,1997.10,1997.12
杜海洋,0000000930,研究生,西南师范大学,公共事业管理,1998.09,2000.12
杜海洋,0000000930,本科,电子科技大学,行政管理,2005.09,2007.10
杜吉君,0000000931,研究生,哈工大,,,
杜家毫,0000000933,培训,上海市委党校,,1982.09,1983.01
杜家毫,0000000933,本科,华东师范大学,中文,1983.09,1988.06
杜家毫,0000000933,培训,中央党校,,1995.09,1996.07
杜家毫,0000000933,研究生,中央党校,世界经济,1995.09,1998.07
杜家毫,0000000933,研究生,中欧国际工商学院,工商管理,2005.03,2007.05
杜玲,0000000936,大专,梅州市梅县区师范学校,,1980.09,1983.07
杜玲,0000000936,大专,广东省委党校,行政管理,1991.09,1994.07
杜玲,0000000936,本科,广东省委党校,行政管理,1995.09,1997.12
杜树杰,0000000947,,河北农业大学,邯郸分校农学,1981.08,1985.08
杜水生,0000000948,大专,大冶师范学校,,1983.10,1985.07
杜水生,0000000948,本科,湖北大学,汉语言文学,1985.09,1988.06
杜水生,0000000948,研究生,中央党校,政法,1996.08,1998.12
杜松奇,0000000949,大专,天水师专,中文,,
杜松奇,0000000949,本科,西北师范大学,政治,,
杜松奇,0000000949,学习,中央党校,,,
杜文清,0000000950,,省经济管理干部学院,,1990.09,1992.06
杜贤伟,0000000951,本科,贵州大学,哲学,1986.09,1990.07
杜贤伟,0000000951,学习,黔东南州委党校,,2000.11,2000.12
杜贤伟,0000000951,研修,贵州大学,民商法,2001.09,2003.07
杜贤伟,0000000951,学习,贵州省委党校,,2010.03,2010.05
杜贤伟,0000000951,研究生,贵州大学,法律,2005.05,2008.01
杜小洋,0000000952,中专,广东省供销学校,业务管理,1978.09,1980.08
杜小洋,0000000952,大专,华南师范大学,经济管理,1993.09,1996.07
杜小洋,0000000952,研究生,省社科院,经济管理,1997.09,2000.09
杜新军,0000000953,大专,河南省安阳地区第二师范学校,,1981.09,1983.08 
杜源生,0000000956,本科,福建农学院,果树,,
杜振琪,0000000959,本科,太原重型机械学院,铸造,1978.09,1982.08
段邦贤,0000000961,本科,广州体育学院,,1984.09,1988.06
段邦贤,0000000961,本科,中山大学,思想政治教育,1990.09,1992.06
段邦贤,0000000961,培训,广东省委党校,,2008.03,2008.07
段敦厚,0000000964,本科,贵州大学,哲学,1978.09,1982.09
段敦厚,0000000964,培训,中央党校,,1989.09,1990.07
段小勇,0000000972,大专,邢台师范学校,中文,1978.03,1980.03
段小勇,0000000972,本科,中央党校,经济管理,1993.03,1995.12
段远明,0000000976,大专,武汉工学院,机电,1971.02,1974.07
鄂忠齐,0000000986,高中,黑龙江省齐齐哈尔市民族中学,,1979.08,1981.07
鄂忠齐,0000000986,本科,黑龙江大学,计算数学,1981.09,1985.07
鄂忠齐,0000000986,学习,中共中央党校,经济学,2005.03,2007.01
法建强,0000000987,大专,郑州教育学院,,1985.08,1987.07
法建强,0000000987,本科,河南大学,新闻编辑出版,1993.09,1995.07
樊国玺,0000000989,本科,郑州大学,,1982.09,1986.07
范保平,0000001000,大专,武安师范学校,,1982.09,1984.09
范保平,0000001000,大专,邯郸地区教育学院,政教,1985.08,1987.07
范保平,0000001000,培训,省委党校,,1996.03,1997.01
范保平,0000001000,本科,中央党校,党政管理,1997.08,1999.12
范保平,0000001000,培训,中央党校,,1999.09,1999.10
范保平,0000001000,培训,中国人民大学,,2005.10,2005.12
范保平,0000001000,学习,河北大学,法律,2003.07,2005.06
范保平,0000001000,学习,上海浦东干部管理学院,,2012.05,2012.06
范凤阳,0000001004,学习,大连管理干部学院,经管专业,1984.09,
范凤阳,0000001004,本科,哈尔滨工业大学,经济管理专业,1991.05,1993.06
范付中,0000001005,研究生,省委党校,,,
范华,0000001008,学习,省委党校,,2000.09,2001.01
范华,0000001008,学习,黔西南州委党校,,2006.03,2006.05
范汝雄,0000001015,大专,肇庆教育学院,政治,1985.09,1987.07
范汝雄,0000001015,研究生,省委党校,经济学,1996.09,1999.07
范绍慧,0000001017,本科,河北大学,中文,1974.09,1977.09
范绍慧,0000001017,进修,中国农业大学,科学与工程,1997.03,1998.06
范先汉,0000001020,本科,安徽大学,历史学,,
范先汉,0000001020,研究生,中央党校,,,
范元平,0000001025,本科,贵州农学院,土壤农化,1980.09,1984.08
范元平,0000001025,培训,中央党校,,2006.06,
范元平,0000001025,培训,中国浦东干部学院,,2008.03,2008.04
范元平,0000001025,研究生,贵州省委党校,经济学,2001.09,2004.06
范志国,0000001027,学习,牡丹江农校,农业经济管理,1978.03,1979.08
范志国,0000001027,本科,黑龙江省委党校,经济管理,1993.03,1996.01
方波,0000001028,大专,郑州大学,哲学,1983.08,1985.06
方波,0000001028,本科,河南省委党校,经济,1993.09,1995.12
方波,0000001028,进修,河南省委党校,,2002.09,2002.12
方波,0000001028,研究生,中央党校,政治学理论,2003.03,2006.01
方成,0000001029,培训,安徽省委党校,,1986.09,1987.07
方成,0000001029,进修,安徽省委党校,党政管理,1987.09,1989.07
方东,0000001032,培训,安顺地委党校,,1999.09,1999.12
方东,0000001032,学习,上海浦东干部学院,,2008.05,2008.07
方立斯,0000001039,本科,中央民族学院,汉语言文学,1985.09,1989.07
方立斯,0000001039,进修,区党校,,2005.03,2005.05
方立斯,0000001039,进修,区党校,,2009.03,2009.05
方青,0000001044,学习,广西农业学校,农学,1978.11,1980.12
方青,0000001044,,广西南宁地委党校,党政,1986.08,1988.06
方青,0000001044,本科,中央党校,法律,1999.09,2001.12
方青,0000001044,研究生,广西自治区党委党校,党政管理,2006.09,2008.12
方维军,0000001045,学习,甘肃广播电视大学,,1984.09,1986.08
方维军,0000001045,本科,中央党校,经济管理,1995.08,1997.12
方维军,0000001045,培训,甘肃省委党校,,1998.03,1998.07
方维军,0000001045,研究生,西北师范大学,人文地理学,2000.07,2002.07
方维军,0000001045,培训,甘肃省委党校,,2007.03,2007.07
方显中,0000001048,本科,中央党校,经济管理,,
方新生,0000001051,大专,天水师专,中文,1982.09,1984.07
方学贵,0000001053,研究生,,,,
房国兴,0000001060,大专,贵州省遵义市财经学校,,1978.10,1981.06
房国兴,0000001060,大专,贵州广播电视大学,经济管理,1983.09,1986.07
房敏杰,0000001063,本科,牡丹江师范学院,中文,1978.02,1982.02
房敏杰,0000001063,研修,哈师大,政治经济学,2000.09,2002.09
房延生,0000001066,大专,河北大名师范学校,,1981.09,1984.07
房延生,0000001066,大专,河北大学,汉语言文学,1986.07,1989.07
房延生,0000001066,本科,中央党校,经济,1992.08,1994.12
房延生,0000001066,进修,南开大学,民商法,1998.12,2000.12
房延生,0000001066,进修,天津财经学院,统计学,1996.07,1998.05
费生云,0000001069,研究生,甘肃农业大学,区域经济,2004.11,2007.12
封殿辉,0000001071,专修,黑龙江广播电视大学,,1984.09,1986.09
封殿辉,0000001071,研究生,黑龙江大学,经济学,2000.02,2003.02
冯德良,0000001074,大专,,,,
冯桂雄,0000001076,大专,湛江农业专科学校,农学,,1981.07
冯桂雄,0000001076,本科,广东省委党校,经济管理,1997.09,1999.12
冯桂雄,0000001076,研究生,广东省委党校,经济学,1999.09,2002.07
冯国林,0000001077,研究生,省委党校,,,
冯国勤,0000001079,进修,上海市委党校,,1984.03,1986.03
冯海军,0000001080,专科,佳木斯工学院,企业管理,1987.01,1989.11
冯海军,0000001080,本科,黑龙江省委党校,经济管理,1998.03,2001.01
冯静,0000001086,研究生,武汉理工大学,经济贸易专业,,1995.00
冯立宏,0000001089,大专,鸡西市师范学校,历史,1978.10,1980.08
冯立宏,0000001089,本科,东北师范大学,历史,1982.07,1985.07
冯立宏,0000001089,大专,鸡西市职工大学,法律,1994.07,1995.07
冯立宏,0000001089,研究生,省委党校,经济管理,1997.03,2000.01
冯立宏,0000001089,研究生,亚洲（澳门）国际公开大学,工商管理,2008.03,2009.05
冯立坚,0000001090,本科,广州体育学院,体育,1980.09,1984.07
冯立坚,0000001090,培训,广东省委党校,,1996.03,1996.07
冯立坚,0000001090,研究生,亚洲（澳门）国际公开大学,工商管理,2001.03,2002.03
冯立坚,0000001090,培训,广东省委党校,,2007.09,2007.12
冯敏强,0000001092,培训,广东省第一期领导干部区域经济发展培训班,,2008.09,2008.10
冯敏强,0000001092,研究生,广东省委党校,,,
冯秋梅,0000001097,专科,邢台师范专科学校,中文,1982.09,1984.09
冯秋梅,0000001097,函授,中央党校,经济管理,1992.08,1995.12
冯秋梅,0000001097,研究生,省委党校,经济管理,2003.09,2006.07
冯仁堂,0000001098,学习,中央党校,,,1962.00
冯松庆,0000001103,学习,江西省中南茶训班,,1952.07,1953.12
冯文戈,0000001105,本科,天津大学,锻压工艺及设备,1984.09,1988.07
冯文戈,0000001105,研究生,兰州大学,公共管理,2006.03,2008.12
冯文利,0000001106,本科,北京师范大学,中文,1987.09,1991.08
冯现学,0000001107,本科,同济大学,工程与城市道路,1984.09,1988.09
冯现学,0000001107,进修,英国设菲尔德大学,区域与城市规划,1991.04,1991.08
冯现学,0000001107,研究生,同济大学,工商行政管理,1997.09,2000.03
冯现学,0000001107,博士,同济大学,城市规划与设计,2000.09,2005.05
冯向军,0000001108,研究生,,,,
冯新婷,0000001109,学习,福建工程学院,工业电气自动化,,
冯新婷,0000001109,研究生,中央党校,,,
冯云乔,0000001114,本科,武汉工学院,锻压,1979.09,1983.07
冯云乔,0000001114,研究生,武汉工学院,压力加工,1983.09,1986.06
冯云乔,0000001114,培训,省委讲师团,,1987.07,1989.12
冯云乔,0000001114,培训,省委党校,,1995.03,1995.06
冯云乔,0000001114,培训,华中师范大学,,1996.04,1996.05
冯长宇,0000001115,本科,,哲学,,
冯志永,0000001116,大专,唐山地区农业学校,农学,1979.08,1982.07
冯志永,0000001116,大专,秦皇岛市委党校,,1991.09,1993.07
冯志永,0000001116,本科,中央党校,经济管理,1996.08,1998.12
奉海峰,0000001117,大专,广西区委党校,政治,1988.09,1991.06
奉海峰,0000001117,培训,桂林地区党校,,1996.09,1997.01
奉海峰,0000001117,本科,中央党校,经济管理,1999.08,2001.12
奉海峰,0000001117,培训,自治区党校,,2005.09,2006.01
符炳信,0000001118,大专,,,,
符晓钢,0000001126,本科,贵州大学,汉语言文学,1980.09,1984.07
符晓钢,0000001126,研究生,四川大学,国民经济学,1997.09,1999.07
符晓钢,0000001126,培训,,,2001.10,2001.11
符晓钢,0000001126,培训,同济大学,,2004.10,2004.11
符晓钢,0000001126,学习,贵州省委党校,,2010.09,2010.10
符永,0000001128,学习,解放军西安政治学院,秘书群联,1989.08,1991.07
符永,0000001128,研究生,北京师范大学,工商管理,1998.09,2000.07
符永,0000001128,本科,中央党校,公共管理,2004.07,2006.12
付国祥,0000001129,本科,贵州师范大学,体育系,1980.09,1984.07
付国祥,0000001129,进修,上海体育学院,,1985.09,1987.06
付国祥,0000001129,本科,贵州省委党校,法律,1998.09,2001.07
付国祥,0000001129,研究生,贵州省委党校,经济管理,2006.09,2009.06
付慧华,0000001131,大专,牡丹江商业学校,企业管理,1981.03,1983.01
付慧华,0000001131,研究生,哈尔滨工程大学,工商管理,,2011.12
付小平,0000001132,大专,叙永师范学校,,1980.09,1983.08
付小平,0000001132,函授,泸教院,中文,1986.09,1989.07
付小平,0000001132,函授,省委党校,法律,1998.09,2000.12
付小平,0000001132,培训,市委党校,,2000.06,2000.09
付小平,0000001132,研究生,四川省委党校,经济学,2002.09,2005.06
付延成,0000001133,学习,辽宁党校刊大,,1992.00,1994.00
付延成,0000001133,学习,天津财经学院,,1999.00,2001.00
付延成,0000001133,研究生,亚洲（澳门）国际公开大学,工商管理专业,2007.09,2009.05
付延成,0000001133,研究生,东北林业大学,农业机械化专业,2007.09,2010.12
付志方,0000001135,本科,河南大学,历史,1978.10,1982.07
付志方,0000001135,进修,河南省委党校,,1985.09,1986.01
付志方,0000001135,研究生,天津大学,管理工程,1993.09,1996.09
付志方,0000001135,培训,中央党校,,2000.03,2001.01
付自成,0000001136,本科,河南农学院,植物保护,1980.09,1984.07
付自成,0000001136,研究生,省委党校,行管,1997.09,2000.01
傅传耀,0000001137,大专,贵阳师范学院,中文,1978.09,1980.08
傅传耀,0000001137,培训,中央党校,,1992.09,1993.07
傅传耀,0000001137,本科,中央党校,经济管理,1993.08,1995.12
傅传耀,0000001137,研究生,中央党校,经济管理,2000.03,2003.01
傅海旺,0000001145,本科,河北大学,经济学专业,,
傅继成,0000001146,本科,南开大学,经济学,1985.09,1989.07
傅世武,0000001149,本科,河北师范大学,外语,1970.12,1972.12
傅世武,0000001149,研究生,河北大学,中国古代文学,1997.09,1999.05
甘诚,0000001159,研究生,武汉理工大学,电子与通信专业,,
甘培岳,0000001161,,兰州师范学校,,1979.08,1981.08
甘培岳,0000001161,学习,兰州市委党校,行政管理,1987.08,1989.09
甘培岳,0000001161,研究生,兰州大学,中文,1998.03,2002.12
甘培岳,0000001161,本科,西北师范大学,汉语言文学,2006.03,2009.01
高必金,0000001165,中专,中央农业广播学校,农学,1981.01,1985.12
高必金,0000001165,大专,四川省委党校,,1995.07,1998.07
高必金,0000001165,本科,四川省委党校,经济管理,1998.09,2000.12
高诚苗,0000001168,中专,广州轻工业学校,,1985.09,
高诚苗,0000001168,大专,省委党校,,1997.09,2000.07
高诚苗,0000001168,本科,中央党校,经济管理,1999.09,2001.12
高诚苗,0000001168,研究生,武汉大学,电子政务,2008.01,2010.07
高大伟,0000001169,本科,哈尔滨工业大学,管理工程,1982.09,1986.07
高大伟,0000001169,研究生,哈尔滨工业大学,工商管理,1996.09,2000.01
高大伟,0000001169,博士,哈尔滨工业大学,技术经济及管理,2006.01,2010.07
高峰,0000001175,,北京师范大学,经济学,1988.09,1992.07
高峰,0000001176,本科,皖南农学院,农学,1985.09,1989.07
高虹,0000001185,本科,齐齐哈尔师范学院,汉语言文学,1983.09,1987.07
高虹,0000001185,研究生,黑龙江省社会科学院,国民经济管理,1993.01,1995.12
高虹,0000001186,研究生,广西大学,企业管理,,
高建军,0000001190,研究生,,,,
高金林,0000001192,本科,贵阳师范学院,中文,1977.03,1980.02
高金林,0000001192,研究生,中央党校,在职研究生班科学社会主义,1999.09,2002.07
高亢,0000001197,本科,复旦大学,,,
高明,0000001198,本科,福建师范大学,中文,1979.09,1983.07
高明,0000001198,研究生,澳大利亚拉筹伯大学,工商,2000.00,2002.00
高青,0000001200,本科,西南民族学院,语言文学,1988.09,1993.09
高青,0000001200,本科,中央党校,政法,1996.08,1998.12
高青,0000001200,培训,贵州省委党校,,2002.03,2002.07
高青,0000001200,研究生,贵州省委党校,经济学,2002.09,2005.06
高全明,0000001201,大专,湖北襄樊市委党校,,1984.09,1986.06
高尚,0000001202,研究生,,,,
高尚功,0000001203,研究生,郑州大学,公共管理,,
高尚国,0000001204,本科,哈尔滨科技大学,电子工程系,1984.09,1988.09
高尚国,0000001204,研究生,哈尔滨工业大学,控制工程系,1988.09,1991.03
高世太,0000001206,本科,甘肃农业大学,农业,1980.09,1984.07
高树民,0000001208,大专,河北林学院,林业,1984.09,1987.08
高树民,0000001208,本科,中央党校,经济管理,1995.08,1997.12
高树民,0000001208,研究生,中央党校,科社,1998.09,2001.07
高万象,0000001210,大专,河南省警察学校,,1979.09,1981.08
高万象,0000001210,本科,省委党校,政管,1989.09,1991.07
高万象,0000001210,本科,河南大学,汉语言文学,1990.12,
高万象,0000001210,研究生,河南大学,经济,1992.02,1993.12
高万象,0000001210,研讨,河南省委党校,,2010.09,2010.10
高文才,0000001214,本科,,,,
高向荣,0000001217,大专,泉州师专,中文,,1986.00
高雄,0000001218,大专,广西师范学院,物理,1974.09,1977.08
高雄,0000001218,研究生,中山大学,马克思主义哲学,1995.07,1997.08
高雄,0000001218,研究生,广西师范大学,马克思主义哲学,2001.10,2003.10
高永华,0000001225,大专,百泉农专,,1979.09,1982.08
高永瑞,0000001226,本科,中央党校,,,
高永元,0000001227,本科,中山大学,无机化学,1975.08,
高永元,0000001227,研究生,广东省社会科学院,政治经济,1996.09,1999.07
高玉林,0000001228,大专,辽宁锦州师范学院阜新师专,政教,1978.09,1980.08
高玉林,0000001228,大专,辽宁大学,历史学,1980.04,1984.05
高玉林,0000001228,学习,贵州省委党校,党建理论,1986.09,1988.07
高玉林,0000001228,培训,四川大学,,1998.09,1998.11
高玉顺,0000001229,本科,福建农学院,果树,1978.03,1982.01
高玉柱,0000001230,本科,河北农业大学邯郸分校,牧医,1982.09,1986.07
高玉柱,0000001230,研究生,省委党校,经济管理,2004.09,2007.07
高云翔,0000001232,本科,,法学,,
郜军涛,0000001240,,河南省滑县师范,,1979.10,1981.10
郜军涛,0000001240,培训,省委党校,,1986.09,1988.07
郜军涛,0000001240,本科,中央党校,经济管理,1995.09,1997.12
格桑朗杰,0000001246,,云南大学,行政管理,1992.11,1995.06
葛国科,0000001247,本科,广西大学,农学,1996.09,2000.09
葛国科,0000001247,研究生,广西大学,作物遗传育种学,2000.09,2003.09
葛国科,0000001247,博士,浙江大学,作物学,2003.09,2006.07
葛晓华,0000001256,研究生,省委党校,,,
耿生茂,0000001263,专科,黔东南民族师范专科学校,中文科中文专业,1978.09,1980.07
耿生茂,0000001263,本科,贵州省委党校中共党史专业理论班,,1984.09,1986.07
耿生茂,0000001263,学习,贵州省委党校中青班,,1995.03,1995.07
耿生茂,0000001263,培训,中央党校贵州省少数民族干部培训班,,1996.02,1996.04
耿生茂,0000001263,研究生,中央党校,经济管理专业,2002.09,2005.07
耿生茂,0000001263,培训,中央党校县委书记培训班,,2004.04,2004.07
宫晓农,0000001273,本科,贵州农学院,蔬菜,1980.10,1984.08
宫晓农,0000001273,进修,贵州大学,经贸,1998.09,2000.07
宫晓农,0000001273,培训,山东省农干院,,2000.10,2000.11
宫晓农,0000001273,培训,中央党校,,2007.01,
宫晓农,0000001273,培训,贵州省委党校,,2007.03,2007.04
宫镇江,0000001274,本科,牡丹江师范学院,汉语言文学,1987.09,1991.08
宫镇江,0000001274,,黑龙江省委党校,公共管理,2004.03,2007.01
宫镇江,0000001274,研究生,中央财经大学,公共管理,2011.03,2013.06
龚德庆,0000001275,本科,华东师范大学,中文,1981.09,1986.07
龚德庆,0000001275,研究生,复旦大学,工商管理,1993.09,1996.01
龚德庆,0000001275,培训,市委党校,,1997.02,1997.06
巩中,0000001285,研究生,,,,
贡儿珍,0000001286,大专,华南师范大学,,1984.09,1986.07
贡儿珍,0000001286,进修,中山大学,行政管理,1998.09,2000.08
贡儿珍,0000001286,研究生,香港浸会大学,工商管理,2000.09,2001.12
贡儿珍,0000001286,研究生,中山大学,工商管理,2005.09,2007.07
古银增,0000001289,研究生,广东省社会科学院,经济学,1994.03,1998.08
顾百文,0000001293,大专,绥化师范专科学校,中文,1981.09,1984.08
顾百文,0000001293,本科,省委党校,经济管理,1994.03,1997.01
顾百文,0000001293,研究生,省委党校,经济管理,2007.03,2010.01
顾鹏图,0000001298,专修,河北师院,,1985.09,1987.07
顾鹏图,0000001298,函授,中央党校,党政,1997.08,1999.12
顾鹏图,0000001298,研究生,中华研修大学,公共行政管理,2001.05,2003.08
顾世平,0000001300,本科,,,,
顾文,0000001301,,省团校,团干政治理论,1985.09,1987.07
顾文,0000001301,大专,淮北煤炭师范学院,中文,1989.09,1992.06
顾文,0000001301,本科,中央党校,经济管理,1994.08,1996.02
顾文,0000001301,进修,安徽大学,马克思主义哲学,1997.09,2000.03
顾文,0000001301,研究生,省委党校,经济管理,2004.09,2007.07
关百胜,0000001303,学习,五师军政干部学校,,1937.12,
关百胜,0000001303,学习,延安抗日军政大学,,1938.00,
关百胜,0000001303,学习,山东分局高级党校,,1944.00,
关成华,0000001304,本科,北京大学,宗教学,1986.09,1990.09
关成华,0000001304,研究生,北京大学,马克思主义哲学,1990.09,1993.07
关成华,0000001304,培训,北京市委党校（北京行政学院）,,2000.10,2000.10
关成华,0000001304,研究生,北京大学,法学理论,1995.09,2005.07
关成华,0000001304,培训,北京市委党校（北京行政学院）,,2003.09,2003.09
关成华,0000001304,培训,中央党校,,2004.03,2005.01
关海祥,0000001305,本科,吉林大学,考古学,1990.09,1994.07
关建,0000001306,,湖北省女师,,,1935.00
关思伟,0000001310,本科,东北农学院,农业生产机械化,1979.03,1982.12
管洪,0000001315,,四川大学,哲学,1982.09,1986.09
管洪,0000001315,研究生,中南财经大学,经济哲学,1986.09,1988.07
桂玉强,0000001319,学习,南阳师范学校,中师,1975.09,1977.09
桂玉强,0000001319,,中共河南省委党校,,1983.09,1985.07
桂玉强,0000001319,函授,中央党校,经济管理,1996.08,1998.12
桂玉强,0000001319,培训,河南省委党校,,2001.02,2001.06
郭大钦,0000001327,学习,暨南大学干部专修科,贸易经济专业,1983.09,1985.07
郭华,0000001344,本科,贵州财经学院,贸易经济,1981.09,1985.07
郭冀平,0000001345,研究生,哈工大,管理工程,1996.09,1999.12
郭建博,0000001346,本科,省委党校,经济管理,1995.09,1997.06
郭建博,0000001346,研究生,省委党校,,2001.09,2004.06
郭建英,0000001349,大专,石家庄师范专科学校,中文,1981.09,1983.08
郭建英,0000001349,函授,河北省教育学院,行政管理,1985.08,1988.08
郭建英,0000001349,研究生,中央党校,经济学,1999.09,2002.07
郭金友,0000001354,学习,安徽农学院,丝绸工程专业,1987.09,1989.07
郭金友,0000001354,本科,安徽省委党校,经济管理专业,2000.08,2002.12
郭金友,0000001354,研究生,中央党校,经济管理专业,2002.09,2005.07
郭金友,0000001354,学习,安徽省优秀中青年干部赴美国培训班,,2007.07,2007.01
郭宽宇,0000001356,大专,平凉农校,,1979.09,1982.08
郭宽宇,0000001356,学习,山东农业大学,植物保护,1990.09,1991.07
郭宽宇,0000001356,学习,中国人民大学,行政管理,1994.09,1998.07
郭宽宇,0000001356,函授,中央党校,经济管理,1998.08,2000.12
郭宽宇,0000001356,进修,兰大,区域经济,2000.09,2002.07
郭力铭,0000001358,本科,西南政法大学,,1986.09,1989.01
郭领域,0000001362,本科,河北大学,中文,1974.09,1977.09
郭鹏,0000001366,本科,外交学院,,,
郭鹏,0000001366,博士,美国波士顿大学,比较政治经济学,,
郭汝齐,0000001372,,重庆广播电视大学,党政,1984.09,1986.07
郭汝齐,0000001372,,四川畜牧兽医学院,,1978.09,1981.07
郭维团,0000001383,专科,庆阳师范高等专科学校,,1980.09,1982.07
郭维团,0000001383,函授,中央党校,经济管理,1995.09,1997.12
郭维团,0000001383,研究生,兰州大学,区域经济,2000.09,2002.07
郭新明,0000001388,本科,,工学,,
郭宜品,0000001395,学习,河南农业大学,经济管理,1984.09,1986.06
郭宜品,0000001395,函授,中央党校,法律,1999.08,2001.12
郭宜品,0000001395,研究生,河南农业大学,管理科学与工程,2000.09,2002.08
郭宜品,0000001395,进修,河南省委党校,,2005.09,2005.12
郭宜品,0000001395,培训,河南省委党校,,2013.02,2013.06
郭英,0000001397,研究生,中央党校,科学社会主义,,
郭永昌,0000001399,本科,西南政法大学,,,
郭永红,0000001401,本科,湖北师范学院,汉语言文学,,1990.06
郭永红,0000001401,研究生,省委党校,,,
郭有和,0000001405,研究生,,,,
郭忠,0000001419,本科,武汉大学,历史学,1978.09,1982.07
郭忠,0000001419,培训,市委党校,,1997.09,1997.11
韩冰,0000001424,研究生,四川农业大学,农业经济管理,2000.09,2003.07
韩冰,0000001425,本科,南充师范学院,化学,1979.09,1983.07
韩冰,0000001425,研究生,四川农业大学,农业经济管理,2000.09,2003.07
韩库,0000001434,大专,佳木斯师范专科学校,物理,1981.09,1984.07
韩库,0000001434,研究生,黑龙江省委党校,行政管理,1984.09,1988.07
韩库,0000001434,培训,市委党校,,1993.03,1993.07
韩库,0000001434,培训,中央团校,,1999.10,1999.12
韩库,0000001434,培训,黑龙江省委党校,,2002.09,2003.01
韩库,0000001434,研究生,哈尔滨工程学院,工商管理,2011.05,2013.06
韩平,0000001439,本科,贵州工学院,地质地勘,1982.09,1986.08
韩平,0000001439,培训,贵州省委党校,,2000.03,2000.07
韩平,0000001439,研究生,清华大学,经济学,2002.09,2004.02
韩显明,0000001449,大专,张掖师范专科学校,中文,1987.09,1989.07
韩显明,0000001449,函授,中央党校,经济管理,1995.08,1997.12
韩显明,0000001449,学习,甘肃省委党校,经济管理,2004.09,2007.06
韩宪章,0000001450,,省委党校,政治经济学,1983.09,1985.07
韩宪章,0000001450,本科,中央党校,经济管理,1994.08,1996.12
韩宪章,0000001450,本科,中央党校,法律,1998.08,2000.12
韩学军,0000001454,本科,天津大学,技术经济,1988.09,1992.01
韩学军,0000001454,研究生,天津大学,工商管理,1999.03,2001.12
韩毅杰,0000001457,,哈尔滨师范大学,,1985.04,1987.05
韩毅杰,0000001457,学习,省委党校,,1997.06,1998.07
韩勇,0000001459,,研究生,,,
韩勇,0000001459,博士,,工学,,
韩占山,0000001462,,河北高阳师范学校,,1979.01,1981.09
韩占山,0000001462,,省委党校,哲学,1985.08,1987.08
韩占山,0000001462,函授,中央党校,经济管理,1994.08,1996.12
韩占山,0000001462,研究生,省委党校,法学,2003.09,2006.07
韩正,0000001464,大专,复旦大学,,1983.00,1985.00
韩正,0000001464,学习,华东师范大学,政教,1985.00,1987.00
韩正,0000001464,研究生,华东师范大学,国际关系与世界经济,1991.00,1994.00
韩正明,0000001465,大专,张掖师专,中文,1989.09,1991.07
韩正明,0000001465,本科,中央党校,经济管理,1995.09,1997.12
韩正明,0000001465,研究生,甘肃省委党校,,1999.08,2002.06
韩正明,0000001465,培训,甘肃省委党校,,2001.09,2001.12
韩正明,0000001465,培训,甘肃省委党校,,2008.03,2008.07
韩正明,0000001465,研究生,天津师范大学,政治学理论,2007.03,2010.06
韩志刚,0000001466,,中国人民大学,新闻学,1985.09,1987.06
韩志刚,0000001466,本科,中央党校,经济管理,1995.08,1997.12
郝富国,0000001473,本科,西北工业大学,航空发动机,1986.09,1990.07
郝富国,0000001473,研究生,河北省委党校,经济管理,2001.09,2004.07
郝明哲,0000001479,本科,黑龙江大学,半导体,1978.10,1982.08
郝明哲,0000001479,研究生,黑龙江省委党校,经济管理,2005.03,2008.01
郝明哲,0000001479,研究生,哈尔滨工业大学,工商管理,2007.03,2009.07
郝胜勇,0000001482,本科,,,,
郝巍吏,0000001484,研究生,,,,
郝巍吏,0000001484,本科,,历史,,
郝章新,0000001489,研究生,湖北省委党校,政治经济管理,,
郝竹山,0000001491,大专,中共河北省委党校,党校理论,1987.09,1989.08
郝竹山,0000001491,学习,中央党校,经济管理,1994.07,1996.12
郝竹山,0000001491,研究生,中共河北省委党校,经济管理,1999.09,2001.12
何成华,0000001494,大专,湛江市委党校,,1983.10,1985.12
何代钦,0000001497,研究生,中央党校,,,
何东,0000001498,本科,合肥工业大学,资源与环境工程,1986.09,1990.07
何东,0000001498,学习,北京对外经济贸易大学,,1999.03,2000.05
何东,0000001498,培训,德国,,2000.05,2001.05
何逢阳,0000001500,本科,安徽大学,生物,1994.09,1998.08
何逢阳,0000001500,研究生,中国科技大学,公共管理,2002.03,2005.01
何逢阳,0000001500,博士,中山大学,行政管理,2006.09,2009.07
何基敏,0000001509,本科,广西区委党校,行政管理,1996.09,1999.03
何基敏,0000001509,研究生,中央党校,经济管理,2004.09,2007.06
何冀,0000001510,学习,贵州广播电视大学,行政管理,1993.08,1994.11
何冀,0000001510,培训,贵州省委党校,,1994.03,1994.07
何冀,0000001510,函授,贵州省委党校,行政管理,1994.09,1997.07
何冀,0000001510,学习,美国学习城市建设和管理,,1998.07,1998.08
何冀,0000001510,学习,中央党校,,2002.03,2002.08
何锦龙,0000001514,高中,,,,
何立峰,0000001517,本科,厦门大学,财政金融,1978.02,1982.02
何立峰,0000001517,研究生,厦门大学,财政学,1982.02,1984.07
何立峰,0000001517,博士,厦门大学,财政学,1995.09,1998.07
何平,0000001522,本科,四川大学,植物遗传学,1979.09,1983.09
何平,0000001522,研究生,四川大学,植物学,1983.09,1986.07
何平,0000001522,培训,广州外语学院,,1989.02,1989.07
何平,0000001522,访问学者,荷兰乌德勒支大学,,1990.02,1991.02
何平,0000001522,培训,四川省委党校,,1994.09,1994.12
何平,0000001522,博士,荷兰乌德勒支大学,植物学,1995.05,1997.09
何平,0000001522,培训,市委党校,,2009.036,2009.12
何棠,0000001528,研究生,广西大学,建筑与土木工程学,,
何天立,0000001529,研究生,,,,
何伟良,0000001534,本科,省委党校,校经济管理,,
何伟良,0000001534,大专,佛山兽医专科学校,兽医,,
何伟强,0000001535,本科,省委党校,,,
何伟强,0000001535,培训,省委党校,,2001.09,2002.01
何鑫,0000001538,大专,长春地质学院,,1981.08,1984.08
何鑫,0000001538,本科,北京大学,国际政治,1993.09,1996.07
何鑫,0000001538,研究生,广东省社会科学院,政治经济学,1998.09,2001.08
何雄,0000001539,本科,上海交通大学,工程力学,1986.09,1990.07
何雄,0000001539,研究生,华中科技大学,建筑与土木工程,1999.03,2001.12
何雄,0000001539,培训,美国杜克大学,公共政策和管理,2007.05,2007.12
何雄,0000001539,博士,华中科技大学,西方经济学,,2009.12
何毅,0000001542,本科,西南政法大学,法律,1988.09,1992.07
何毅,0000001542,学习,重庆市委党校,区域经济学,2001.09,2007.07
何毅,0000001542,研究生,重庆大学,工商管理,2004.11,2007.06
何毅,0000001542,培训,重庆市委党校,,2011.03,2011.07
何永康,0000001543,,郑州粮食学院,储藏,1963.09,1968.09
何友旺,0000001546,本科,安徽农学院,植保,1980.09,1984.07
何友旺,0000001546,研究生,安徽省委党校,经管,2002.09,2005.07
何有成,0000001548,本科,武汉工学院,锻造、冲压工艺及设备,1980.09,1984.07
何运保,0000001551,学习,广西桂林地区农机学校,,1979.09,1981.07
何运保,0000001551,学习,广西电大,电子技术及应用,1984.09,1987.10
何运保,0000001551,本科,中央党校,政治,1993.07,1995.12
何运保,0000001551,研究生,广西师范大学,经济管理,1996.08,1998.12
何正拔,0000001554,研究生,党校,,,
何志强,0000001555,本科,浙江大学,化学工程,1991.09,1995.07
何志强,0000001555,培训,茂名市委党校,,2002.05,2002.08
何志强,0000001555,研究生,厦门大学,学工商管理,1999.02,2002.09
何志强,0000001555,博士,中山大学,企业管理,2005.09,2009.12
和学民,0000001561,大专,郑州水利学校,水工建筑,1978.08,1981.08
和学民,0000001561,本科,中央党校,经济管理,,
贺代宏,0000001564,学习,黔东南州民族农业学校,农学专业,1990.09,1994.07
贺代宏,0000001564,大专,黔东南州委党校,经济管理专业,1996.09,1999.01
贺代宏,0000001564,学习,黔东南州委党校乡干班,,2005.03,2005.04
贺代宏,0000001564,本科,贵州省委党校,法律专业,2001.09,2004.01
贺代宏,0000001564,学习,贵州省委党校县长班,,2007.09,2007.11
贺登祥,0000001565,本科,贵州教育学院,中文,,
贺东,0000001566,大专,安徽机电学院,械制造,1990.09,
贺东,0000001566,函授,中央党校,涉外经济,1995.09,1998.12
贺东,0000001566,研究生,省委党校,经济管理,2002.09,2005.07
贺国营,0000001568,培训,河南省委党校,,2000.08,2001.01
贺海涛,0000001569,大专,河南省新乡市委党校,,1985.09,1987.07
贺海涛,0000001569,本科,河南省委党校,政治经济学,1987.07,1989.07
贺海涛,0000001569,研究生,中南财经大学,政治经济学,1990.09,1993.07
贺海涛,0000001569,博士,中南财经政法大学,财政学,1996.07,2000.07
贺海涛,0000001569,研究生,长江商学院,,2010.10,2012.11
贺盛有,0000001571,学习,郧阳地区财校,,1979.09,1981.10
贺盛有,0000001571,本科,中央党校,行政管理,1985.07,1987.08
贺盛有,0000001571,培训,十堰市委党校,,1995.08,1996.10
贺盛有,0000001571,培训,湖北省委党校,,1998.03,1998.05
贺志刚,0000001572,研究生,,,,
赫贵涛,0000001573,,佳木斯农校,农学,1978.03,1979.08
赫贵涛,0000001573,,省委党校,党政,1984.09,1986.07
赫贵涛,0000001573,培训,省行政学院,,1992.05,1992.07
赫贵涛,0000001573,,省委党校,经济管理,2001.03,2003.07
洪飞跃,0000001576,本科,,,,
洪金洲,0000001579,中专,贵州省供销学校,计统,1983.09,1985.08
洪金洲,0000001579,学习,贵州省委党校,,2003.03,2003.07
洪金洲,0000001579,大专,贵州省委党校,经济管理,1998.09,2001.06
洪金洲,0000001579,培训,上海浦东干部学院,,2007.03,2007.04
洪金洲,0000001579,本科,贵州省委党校,经济管理,2004.09,2007.01
洪涛,0000001583,本科,,,,
洪天云,0000001584,本科,西南财经大学,经济,1980.09,1984.07
洪天云,0000001584,研究生,西南师范大学,区域经济规划,1995.07,1997.01
洪元涛,0000001590,大专,张掖师专,中文,1981.07,1983.07
洪元涛,0000001590,本科,党校,,,
洪再林,0000001591,研究生,省委党校,,,
侯昌明,0000001592,本科,甘肃农业大学,农学,1980.09,1984.07
侯国富,0000001594,本科,哈尔滨工业大学,,,
侯君舒,0000001598,本科,中国人民大学,,1981.09,1985.07
侯君舒,0000001598,研究生,英国牛津大学,,1992.09,1993.10
侯美传,0000001601,本科,西南民族学院畜牧兽医系,畜牧专业,1983.09,1987.08
侯美传,0000001601,学习,贵州省委党校,经济管理学专业,1997.09,2000.07
侯美传,0000001601,学习,贵州省黔东南州委党校中青年后备干部培训班,,2004.03,2004.06
侯美传,0000001601,研究生,中国人民大学研究生院,国民经济管理专业,2003.09,2005.09
侯美传,0000001601,学习,贵州行政学院县长任职培训班,,2010.03,2010.04
侯生华,0000001603,研究生,中央党校,中共党史,,
侯生华,0000001603,培训,中央党校,,1979.03,1980.09
侯生华,0000001603,专修,中央政法管理干部学院,法律,1984.09,1986.07
侯生华,0000001603,进修,西北师范大学,教育管理,1999.07,2001.07
侯生华,0000001603,培训,中央党校,,2001.03,2002.02
侯生华,0000001603,研究生,中央党校,中共党史,2001.03,2004.01
侯占国,0000001609,大专,安阳农校,兽医,1979.09,1982.07
侯占国,0000001609,函授,河南省委党校,经济管理,1993.09,1995.12
侯祯涛,0000001610,研究生,,,,
侯志宇,0000001611,本科,河北省高等教育自学考试,汉语言文学,1984.10,1988.06
侯志宇,0000001611,研究生,省委党校,经济管理,1999.03,2001.07
胡百平,0000001616,本科,皖南农学院,农学,1980.09,1984.07
胡百平,0000001616,培训,安徽省委党校,,1990.02,1990.07
胡斌,0000001618,本科,中央党校,,,
胡超文,0000001621,本科,中央党校,,1996.09,1998.12
胡超文,0000001621,培训,省委党校,,1999.03,1999.06
胡超文,0000001621,研究生,华中师范大学,马克思主义理论与思想政治教育,1997.09,2001.01
胡朝荣,0000001622,研究生,合肥工业大学,行政管理与电子政务,2006.09,2009.07
胡朝荣,0000001622,本科,安徽师范大学,,,
胡楚平,0000001624,研究生,,法学,,
胡传道,0000001625,进修,省委党校,,2002.09,2002.11
胡道银,0000001628,专修,武汉大学,政治经济学,1986.09,1988.06
胡道银,0000001628,本科,中央党校,经济管理,1995.09,1997.12
胡道银,0000001628,进修,武汉大学,政治经济学,1997.09,2000.06
胡道银,0000001628,研究生,湖北省委党校,经济管理,2005.09,2007.07
胡道银,0000001628,本科,三峡大学,法学,2006.03,2009.03
胡功民,0000001632,研究生,湖北省委党校,行政管理,1996.09,1999.07
胡国辉,0000001634,本科,苏州大学,纺织与服装工程,,
胡海广,0000001637,中专,广东省农垦湛江中专学校,农业经济,1983.08,1985.08
胡海广,0000001637,大专,广东省委党校,行政管理,1993.09,1996.07
胡海广,0000001637,本科,广东省委党校,政法,1998.09,2000.12
胡洪成,0000001640,本科,西南民族学院,历史,1987.09,1991.07
胡洪成,0000001640,进修,贵州大学,经济管理,1999.09,2001.07
胡洪成,0000001640,研究生,贵州省委党校,经济学,2005.09,2008.06
胡洪春,0000001641,研究生,省委党校,,,
胡焕河,0000001643,本科,郑州大学,中文,,
胡焕华,0000001644,大专,广东省财政学校,,1980.09,1982.08
胡焕华,0000001644,大专,电大,审计,1988.02,1990.07
胡焕华,0000001644,本科,广东省委党校,行政管理,1994.09,1996.12
胡焕华,0000001644,研究生,省委党校,经济学,1999.09,2002.07
胡嘉猷,0000001645,本科,北京师范大学,中文,1964.09,1970.02
胡建华,0000001646,进修,华中农业大学,农经,1982.09,1985.06
胡建华,0000001646,研究生,湖北省委党校,哲学,,2000.07
胡健康,0000001649,本科,重庆市委党校,经济管理,2000.03,2002.06
胡健康,0000001649,研究生,重庆市委党校,行政管理,2002.0,2004.01
胡敬斌,0000001652,专科,山东省临沂师范专科学校,历史,1990.09,1992.07
胡敬斌,0000001652,本科,山东省曲阜师范大学,历史,1993.09,1995.12
胡敬斌,0000001652,学习,山东省东营市委党校,,2003.02,2003.04
胡敬斌,0000001652,本科,山东省政法干部学院,法学,2003.09,2005.05
胡敬斌,0000001652,研究生,吉林大学,,2004.12,2007.11
胡敬斌,0000001652,博士,吉林大学,,2009.09,2013.06
胡玖明,0000001653,本科,中南政法学院（现中南财经政法大学）,经济法,1987.09,1991.07
胡军,0000001654,高中,浙江省舟山市定海区白泉中学,,,1978.07
胡军,0000001654,大专,浙江法警学校,,1979.01,1981.00
胡军,0000001654,本科,杭州大学,政法,1986.09,1988.07
胡军,0000001654,研究生,省委党校,,,
胡军,0000001655,研究生,,,,
胡启生,0000001663,本科,安徽师范大学,历史,1989.09,1993.07
胡启生,0000001663,博士,北京大学政治学与行政管理系（现为北京大学政府管理学院）,比较政治学,1998.09,2001.07
胡启生,0000001663,博士,北京大学与国家行政学院,,2000.01,2001.07
胡启生,0000001663,培训,安徽省委组织部,,2011.01,2011.03
胡强,0000001665,本科,贵州大学,汉语言文学,1986.09,1990.08
胡强,0000001665,研究生,南大学,工商管理,1996.09,1999.07
胡强,0000001665,学习,安顺地委党校,,1999.09,1999.12
胡强,0000001665,研修,企业管理高级研修班,,2006.04,2006.08
胡勤华,0000001666,研究生,,,,
胡润身,0000001668,大专,安阳师范专科学校,中文,1983.09,1986.07
胡润身,0000001668,本科,中央党校,经济管理,1996.08,1998.12
胡仕圣,0000001672,本科,,文学,,
胡俟,0000001674,大专,北京大学,英语,1992.09,1994.01
胡俟,0000001674,本科,湖北大学,秘书学,1994.09,1998.06
胡俟,0000001674,博士,华中科技大学,西方经济学,2000.09,2003.08
胡炜,0000001678,本科,黄浦区职工业余大学,企业管理,1979.02,1982.07
胡炜,0000001678,研究生,复旦大学,企业管理,1993.09,1996.01
胡熙宁,0000001681,本科,党校,,,
胡贤生,0000001682,大专,贵州省安顺师范专科学校,,,
胡小国,0000001684,本科,中央党校,,,
胡小平,0000001685,本科,郑州工学院,工民建,1980.09,1984.07
胡小平,0000001685,培训,,,2008.03,2008.07
胡晓华,0000001688,本科,中共安徽省委党校,,1984.09,1986.06
胡绪鹍,0000001689,本科,武汉师范学院（现湖北大学）汉口分院,中文,1978.03,1982.01
胡绪鹍,0000001689,研究生,华中师范大学,思想政治教育,,
胡亚波,0000001690,本科,长安大学（西安地质学院）,,1988.09,1992.07
胡亚波,0000001690,研究生,中国地质大学,环境地质,1998.07,
胡亚波,0000001690,博士,中国地质大学,地质工程专业,,2006.06
胡延照,0000001691,本科,上海财经大学,统计,1979.09,1982.08
胡延照,0000001691,培训,中共上海市委党校,,1992.09,1992.12
胡永海,0000001693,大专,大名师范学校,,1976.09,1978.10
胡永海,0000001693,学习,邯郸地区教育学院,中文,1984.08,1987.07
胡永海,0000001693,函授,邯郸地区教育学院,数学,1985.09,1988.06
胡永海,0000001693,研究生,中国社科院,市场经济,1996.09,1998.08
胡永海,0000001693,培训,省委党校,,1998.09,1999.01
胡永海,0000001693,研究生,省委党校,经济管理,2001.09,2004.07
胡永海,0000001693,培训,中央党校,,2003.09,2005.01
胡运星,0000001696,专修,武汉大学,,1986.09,1988.09
胡运星,0000001696,研究生,省委党校,,,
华旭初,0000001705,,第一军医大学,电子,1985.09,1988.07
华旭初,0000001705,大专,华南理工大学,电脑软件应用,1989.09,1992.07
华旭初,0000001705,研究生,第一军医大学,,1993.07,1994.09
华旭初,0000001705,研究生,第一军医大学,卫生学与军队卫生,1995.09,1997.07
华旭初,0000001705,培训,新加坡公共服务学院,,2013.10,
华泽贵,0000001706,本科,黑龙江省广播电视大学,,1983.09,
华泽贵,0000001706,学习,黑龙江省委党校,法律专业,2000.03,2002.07
化有勋,0000001707,本科,郑州大学,政治,1972.04,1975.03
皇甫立新,0000001709,本科,,,,
黄爱国,0000001711,本科,哈尔滨工业大学,机械制造与自动化,1977.03,1980.07
黄爱国,0000001711,研究生,华中科技大学,工业工程,2001.00,2005.07
黄兵,0000001713,本科,安徽大学,,1981.09,1985.07
黄炳,0000001714,大专,中共佛山市委党校,,1984.09,1986.08
黄炳,0000001714,研究生,中央党校,行政管理,2007.03,2009.01
黄楚平,0000001717,本科,武汉钢铁学院,金属材料及热处理,1980.09,1984.07
黄楚平,0000001717,研究生,北京科技大学,思想政治教育,1988.09,1991.01
黄楚平,0000001717,博士,中南财经政法大学,国民经济学,2000.09,2003.06
黄从光,0000001719,大专,省委党校经济管理专业,,1987.09,1989.07
黄从光,0000001719,本科,中央党校,法律专业,2000.06,2002.12
黄从光,0000001719,研究生,中央财经大学,财政学专业,2000.09,2002.07
黄大庆,0000001721,本科,东北农业大学,农学专业,,
黄道功,0000001722,本科,郑州大学,法学,1981.09,1985.08
黄道功,0000001722,研究生,清华大学,公共管理,2006.09,2009.07
黄定承,0000001726,研修,清华大学,公共管理,1999.10,2000.01
黄定承,0000001726,本科,贵州民族学院,汉语言文学,,
黄恩,0000001728,本科,广西师范大学,历史教育,1989.09,1993.06
黄恩,0000001728,研究生,广西师范大学,国民经济学,2002.09,2004.09
黄恩桥,0000001729,本科,河北师范大学,政治教育,1979.09,1983.09
黄福春,0000001735,进修,中央党校,,1998.03,1998.07
黄富荣,0000001737,大专,上海农学院,经济管理,,
黄干强,0000001738,学习,惠州师范,,1979.09,
黄干强,0000001738,大专,惠州教育学院,中文专业,1982.09,1985.07
黄干强,0000001738,研究生,省委党校,经济专业,1996.09,1999.07
黄耿城,0000001739,本科,华南农学院,农业机械,1980.09,1984.07
黄耿城,0000001739,研究生,省委党校,经济学,1999.09,2002.07
黄耿城,0000001739,研究生,华南理工大学,工商管理,2008.10,2010.12
黄关春,0000001740,大专,湖北省公安学校,,1978.03,1979.12
黄关春,0000001740,专修,湖北财经学院,法律,1981.02,1984.02
黄关春,0000001740,研究生,湖北省委党校,行政管理,1995.09,1998.07
黄关春,0000001740,研究生,武汉理工大学,国际贸易,1998.09,2001.01
黄关春,0000001740,培训,中央党校,,2010.09,2011.01
黄光华,0000001742,大专,广西河池地委党校,政治,1988.09,1990.06
黄光华,0000001742,本科,中央党校,党政管理,1997.08,1999.12
黄光华,0000001742,研究生,广西区党校,行政管理,2006.09,2008.12
黄国健,0000001745,本科,广西大学,无机材料工程,1983.09,1987.07
黄国健,0000001745,研究生,广西大学,,1995.09,1997.07
黄河俊,0000001749,大专,龙溪地委党校,,1983.09,1985.08
黄家培,0000001757,大专,贵州工学院,机械制造工艺及设备,1977.02,1980.02
黄家培,0000001757,学习,贵州省毕节地委讲师团,,1988.01,1988.05
黄家培,0000001757,进修,贵州省委党校,,1992.03,1992.07
黄家培,0000001757,本科,中央党校,经济管理,1994.08,1996.12
黄家培,0000001757,研修,清华大学,公共管理,1999.10,2000.01
黄家培,0000001757,培训,清华大学和哈佛大学,公共管理,2005.06,2005.09
黄家喜,0000001758,研究生,,经济学,,
黄甲喜,0000001759,大专,省委党校,,1982.03,1983.01
黄建固,0000001760,本科,华南师范大学,地理,1985.09,1989.09
黄建固,0000001760,研究生,华南师范大学,人文地理,1989.09,1992.07
黄建固,0000001760,学习,广东省委党校,,2005.03,2005.07
黄建固,0000001760,研究生,中山大学,高级管理人员工商管理硕士,2011.03,2013.06
黄建宁,0000001764,学习,广西百色地区民族师范学校,中师,1980.09,1982.07
黄建宁,0000001764,学习,广西右江民族师专,中文,1984.09,1987.06
黄建宁,0000001764,学习,广西区党委组织部干教处,,1995.01,1995.10
黄建宁,0000001764,本科,中央党校,经管,1993.08,1995.12
黄建宁,0000001764,研究生,广西大学,政治经济学,1996.09,1998.07
黄建宁,0000001764,学习,广西区委党校,,2002.03,2002.06
黄建平,0000001766,本科,省委党校,,,
黄剑雄,0000001769,本科,西北大学,化工机械,1989.09,1993.07
黄剑雄,0000001769,研究生,厦门大学,国际贸易,1995.08,1998.06
黄剑雄,0000001769,博士,厦门大学,财政学,2000.09,2003.12
黄丽娟,0000001785,研究生,中山大学,马克思主义理论与思想政治教育,,
黄莉新,0000001786,本科,江苏农学院,机电排灌,1979.09,1983.07
黄莉新,0000001786,研究生,美国宾夕法尼亚沃顿商学院,,1998.09,1998.12
黄莉新,0000001786,进修,南京大学,马克思主义哲学,1996.10,1998.06
黄莉新,0000001786,学习,江苏省委党校,经济管理,2002.09,2004.01
黄莉新,0000001786,研究生,中央党校,政治学,2004.09,2007.07
黄莉新,0000001786,学习,美国哈佛大学肯尼迪政府学院,,2010.04,2010.06
黄陇章,0000001789,大专,华南农业大学,农业经济管理,1984.09,1986.07
黄陇章,0000001789,本科,省委党校,行政管理,1995.09,1997.12
黄敏,0000001792,本科,哈尔滨建筑工程学院,工业与民用建筑,1992.09,1996.07
黄敏,0000001792,研究生,哈尔滨工业大学,建筑工程,1996.09,1999.08
黄敏,0000001792,博士,哈尔滨工业大学,结构工程,1999.09,2002.06
黄敏,0000001792,博士后,浙江大学,土木工程,2002.10,2005.11
黄敏,0000001792,培训,省委党校,,2008.09,2008.12
黄敏,0000001793,研究生,大连理工大学,,,
黄宁,0000001796,专科,广西体育专科学校,武术,1986.09,1989.07
黄宁,0000001796,本科,中央党校,涉外经济管理,1994.08,1996.12
黄宁,0000001796,,南宁市委党校,,1997.09,1997.11
黄宁,0000001796,研究生,广西师范大学,中国近现代经济研究,1998.09,2000.10
黄平,0000001798,本科,福建师范大学,政教,,
黄平方,0000001801,学习,华南农业大学,农业经济,1985.09,1988.07
黄浦江,0000001803,研究生,中央党校,,,
黄其洲,0000001804,本科,中央党校,经济管理,1994.08,1996.12
黄其洲,0000001804,研究生,华中理工大,管理科学与工程,1997.07,1999.06
黄强,0000001806,本科,华南师范大学,,1982.09,1987.07
黄强,0000001806,研究生,中山大学,世界经济,1993.09,1997.07
黄强,0000001806,学习,广东省委党校,,2000.08,2000.12
黄强,0000001806,博士,中山大学,中国哲学,1999.09,2006.06
黄乔生,0000001807,本科,厦门大学,哲学,1983.09,1987.07
黄乔生,0000001807,研究生,厦门大学,行政管理,2000.09,2003.07
黄庆辉,0000001809,大专,福建省粮食学校,储藏,1980.09,1982.07
黄庆辉,0000001809,大专,厦门大学,行政管理,1993.04,1995.05
黄庆辉,0000001809,本科,中央党校,党政管理,1997.08,1999.12
黄秋斌,0000001810,本科,清华大学,环境工程,1990.09,1995.09
黄秋斌,0000001810,研究生,清华大学,民商法学,1998.09,2001.12
黄荣彪,0000001813,本科,广西大学,新闻,1993.00,1997.00
黄荣彪,0000001813,研究生,华中理工大学,经济学,1998.00,1999.00
黄荣汉,0000001815,大专,,,,
黄少明,0000001822,中专,广西玉林师范专科学校,,1978.02,1980.02
黄少明,0000001822,大专,广西自治区党委党校,行政管理,1994.09,1997.07
黄少明,0000001822,本科,中央党校,经济管理,1998.09,2000.06
黄少明,0000001822,学习,广西师范大学,马克思主义哲学,1999.10,2001.10
黄少雄,0000001825,本科,广西农学院,土壤农业化学,1978.09,1982.07
黄少雄,0000001825,研究生,广西师范大学,中国近现代史,1999.10,2001.10
黄实海,0000001829,本科,中南林学院（现在为中南林业科技大学）,经济林专业,1979.09,
黄仕芳,0000001830,学习,华南农学院,,1973.09,
黄仕芳,0000001830,培训,广东省委党校中青年党政干部培训班,,1995.03,1995.07
黄仕焱,0000001832,大专,中央党校,党政,1985.09,1988.07
黄仕焱,0000001832,本科,中央党校,领导干部经管,1996.09,1998.12
黄寿贵,0000001834,学习,广西钦州地区农机学校,农机修理专业,1979.07,1981.08
黄寿贵,0000001834,学习,广西广播电视大学,党政管理干部基础专修科专业,1984.09,1986.07
黄寿贵,0000001834,学习,广西自治区党委党校中青班,,2004.03,2004.07
黄寿贵,0000001834,研究生,广西自治区党校,党政管理专业,2004.03,2006.07
黄寿贵,0000001834,学习,广西师范大学,历史文化与旅游学院经济史专业,2004.04,2005.09
黄树正,0000001836,大专,惠阳农校,农学,1978.11,1981.07
黄树正,0000001836,刊授,黑龙江大学,,1982.09,1984.06
黄树正,0000001836,研究生,广东省委党校,经济学,1999.09,2002.06
黄双福,0000001837,培训,桂花岗农干校,,1977.08,1977.09
黄双福,0000001837,培训,江村市农业干部学校,,1979.10,1980.01
黄双福,0000001837,培训,广州市委党校,,1983.03,1983.05
黄双福,0000001837,大专,华南师范大学,行政管理,1986.09,1988.07
黄双福,0000001837,学习,北京人文函授大学、中国人民大学,法律,1989.01,1991.07
黄双福,0000001837,培训,广东省委党校,,1991.09,1991.12
黄双福,0000001837,培训,中央组织部,,1996.09,
黄双福,0000001837,本科,省委党校,行政管理,1997.09,1999.12
黄双福,0000001837,培训,中央纪委监察部,,1999.04,
黄双福,0000001837,进修,中央党校,,2003.03,2003.07
黄双福,0000001837,培训,美国哥伦比亚大学,,2006.07,2006.09
黄双福,0000001837,培训,全国政法综治干部培训中心,,2008.09,
黄水利,0000001838,大专,广东省委党校,,1986.03,1989.02
黄水利,0000001838,本科,中央党校,经济管理,1996.08,1998.12
黄水木,0000001839,本科,福州大学,数学师资,1989.09,1993.08
黄水木,0000001839,研究生,中央党校,政治经济学,1996.09,1999.07
黄水木,0000001839,博士,福建师范大学,政治经济学,2004.09,2007.06
黄伟,0000001848,学习,西南政法学院经济法系,经济法专业,1988.09,1992.07
黄伟,0000001848,本科,贵州大学管理学院,工商管理专业,2006.03,2009.01
黄喜忠,0000001852,本科,清华大学,电机工程与应用电子技术,1988.09,1993.07
黄喜忠,0000001852,研究生,华南理工大学,工商管理,1997.09,1999.06
黄喜忠,0000001852,博士,华南理工大学,管理科学与工程,2002.09,2006.06
黄贤昌,0000001854,研究生,广西师范大学,国民经济学专业,,
黄祥利,0000001855,大专,周口水利学校,农田水利,1980.07,1982.08
黄小晶,0000001857,本科,南京工学院,工业与民用建筑,1964.09,1970.09
黄心强,0000001861,研究生,中山大学,政治经济学,1992.09,1994.07
黄心强,0000001861,学习,暨南大学,财政金融,1995.01,1998.06
黄心强,0000001861,进修,中央党校,,2003.09,2004.01
黄心强,0000001861,研修,日本早稻田大学,,2009.06,2009.06
黄星荣,0000001863,专科,广西贵县师范学校,,1981.09,1984.07
黄星荣,0000001863,学习,广西经济管理干部学院,政治工作管理,1989.09,1991.07
黄星荣,0000001863,研究生,广西师范大学,中国近现代史,1996.09,1998.07
黄星荣,0000001863,研究生,广西区委党校,党政管理,2001.09,2004.07
黄雄,0000001866,本科,省委党校,党政,,
黄耀雄,0000001875,研究生,省社科院,,,
黄永跃,0000001879,研究生,广西区党校,行政管理专业,,
黄勇,0000001881,中专,陕西省化工学校,无机工艺,1986.09,1990.07
黄勇,0000001881,,西安电子科技大学,计算机应用,1993.09,1996.06
黄勇,0000001881,函授,中央党校,政法,1997.09,1999.12
黄勇,0000001881,研究生,西北政法学院,经济法,2002.09,2004.09
黄勇,0000001881,研究生,西北大学,城市规划,2004.09,2006.09
黄勇,0000001881,MBA,陕西工商管理硕士学院,工商管理,2013.09,2016.07
黄勇,0000001881,培训,陕西省委党校,,2016.02,2016.06
黄勇,0000001881,MBA,陕西工商管理硕士学院,工商管理,2013.09,2016.07
黄勇,0000001881,培训,陕西省委党校,,2016.02,2016.06
黄瑜,0000001884,,贵州省黔东南州财贸学校,,1982.09,1984.07
黄瑜,0000001884,大专,武汉大学,,1987.09,1990.06
黄瑜,0000001884,本科,贵州省委党校,经济管理,1999.09,2002.06
黄瑜,0000001884,学习,贵州省委党校,,2002.03,2002.07
黄瑜,0000001884,学习,贵州省委党校,,2008.03,2008.07
黄玉林,0000001886,,,,1978.09,1981.07
黄玉林,0000001886,大专,四川省涪陵地区农校,农学,1983.09,1984.07
黄玉林,0000001886,进修,涪陵师专,中文,1985.09,1987.07
黄玉林,0000001886,学习,涪陵师专,写作,1993.09,1995.12
黄玉林,0000001886,本科,四川省委党校,党校经管,1997.03,1997.07
黄玉林,0000001886,学习,四川省委第二党校,,1997.09,2000.06
黄玉林,0000001886,研究生,庆市委党校,区域经济学,2000.09,2001.01
黄玉林,0000001886,研究生,西南农业大学,农业推广,2001.09,2004.06
黄玉林,0000001886,学习,美国加州大学洛杉矶分校,,2005.05,2005.09
黄玉生,0000001887,,哈尔滨市服务学校,企业管理,1982.09,1984.08
黄玉生,0000001887,专科,黑龙江大学,汉语言文学,1985.09,1988.07
黄玉生,0000001887,研究生,黑龙江省委党校,经济管理,1996.06,1999.07
黄裕团,0000001888,中专,,,1981.09,1984.07
黄裕团,0000001888,大专,广东省委党校,经济,1988.03,1991.03
黄裕团,0000001888,本科,广东省委党校,现代经济管理,1994.09,1997.07
黄煜祯,0000001889,进修,华南农业大学,,1982.09,
黄悦胜,0000001891,本科,中山大学,,1985.09,1989.06
黄悦胜,0000001891,研究生,中山大学,社会学,1998.12,
黄悦胜,0000001891,博士,中南大学,管理科学与工程,1999.09,2002.12
黄长武,0000001901,大专,涪陵师范专科学校,物理,1985.09,1988.07 
黄长武,0000001901,本科,省委党校,经济管理,1993.09,1995.12
黄长武,0000001901,研究生,市委党校,区域经济学,1997.09,2000.06
黄真伟,0000001902,本科,中央党校,经管,1997.08,1999.12
黄振饶,0000001903,,广西八步师范学校,中师,1983.09,1986.07
黄振饶,0000001903,大专,广西自治区党委党校,经济管理,1993.09,1996.06
黄振饶,0000001903,本科,广西自治区党委党校,行政管理,1996.09,1998.12
黄振饶,0000001903,学习,广西大学,政治经济学,1999.09,2002.06
黄振饶,0000001903,学习,广西自治区党委党校,,2000.03,2000.07
黄振饶,0000001903,本科,中南大学,法学,2004.09,2006.06
黄振饶,0000001903,研究生,中国人民大学,公共管理,2008.03,2010.06
黄振饶,0000001903,培训,中央党校,,2012.03,2013.01
黄振饶,0000001903,研究生,中央党校,党的建设,2013.03,2015.01
黄镇生,0000001904,中专,广东省交通学校,,1983.09,1985.07
黄镇生,0000001904,本科,西安公路交通大学,公路与桥梁,1992.09,1997.11
黄志光,0000001906,本科,厦门大学,工商企业管理,1990.06,1993.06
黄志光,0000001907,中专,广西玉林地区农业机械学校,修理,1979.10,1981.10
黄志光,0000001907,本科,广西大学,考试哲学,1985.10,1987.12
黄志光,0000001907,研究生,广西师范大学,中国近现代史,1997.09,1999.07
黄宗道,0000001913,,广西百色民族师范学校,,1979.09,1981.07
黄宗道,0000001913,大专,广西区党校,政治,1986.09,1988.06
黄宗道,0000001913,研究生,广西大学,政治经济学,1995.09,1997.07
黄宗道,0000001913,研修,区委党校,,2004.03,2006.12
回学勇,0000001916,函授,省委党校,函授党政,1991.09,1994.07
回学勇,0000001916,进修,中央党校,,2003.03,2003.06
吉炳伟,0000001929,学习,河南省洛阳市委党校,,1984.05,1985.01
吉炳伟,0000001929,学习,复旦大学,外经外贸,1995.08,1995.11
吉炳伟,0000001929,培训,河南省委党校,,1997.02,1997.07
吉炳伟,0000001929,进修,河南大学,马克思主义哲学,1996.12,1999.06
吉炳伟,0000001929,进修,中央党校,,2002.03,2002.07
吉炳伟,0000001929,本科,中央党校,经济管理,2004.08,2006.12
吉炳伟,0000001929,研究生,河南省委党校,行政管理,2005.09,2007.07
吉明江,0000001933,大专,广东省海南自治州师专,中文,1981.09,1984.07
吉明江,0000001933,本科,中央党校,经济管理,1993.09,1996.07
吉振华,0000001936,大专,,,,
籍献平,0000001937,大专,张家口农专,兽医,1980.09,1983.09
籍献平,0000001937,本科,河北师范大学,思想政治,1986.09,1988.07
籍献平,0000001937,研究生,省委党校,经济管理,1999.09,2001.02
冀东书,0000001946,本科,河北省农业大学邯郸分校,,1979.09,1983.08
冀东书,0000001946,研究生,中国社会科学院研究生院,商业经济管理专业,1996.09,1998.08
冀东书,0000001946,学习,河北省委党校中青年干部培训班,,2003.09,2004.01
冀东书,0000001946,学习,中国人民大学中青年干部“执政能力建设”干部培训班,,2005.07,2005.09
贾宝仓,0000001947,本科,河北农大邯郸分校,农学,1978.10,1982.08
贾宝仓,0000001947,培训,河北省行政干部管理学院,行政管理,1994.10,1994.12
贾超绪,0000001949,研究生,,,,
贾国印,0000001953,研究生,,,,
贾红军,0000001954,学习,邯郸地区教育学院,政教,1988.10,1991.07
贾红军,0000001954,函授,河北农大邯郸分校,农作物,1990.09,1993.06
贾红军,0000001954,研究生,南开大学,区域经济,1999.11,2001.01
贾红军,0000001954,研究生,省委党校,经济管理,2002.09,2005.07
贾宏宇,0000001955,,中国人民警官大学,道路交通管理工程,1991.09,1993.06
贾宏宇,0000001955,研究生,河南大学,中共党史,,1999.12
贾宏宇,0000001955,博士,北京大学,科学社会主义与国际共产主义运动,2000.09,2004.06
贾连海,0000001957,大专,石家庄地区财贸学校,,1978.03,1980.03
贾连海,0000001957,函授,中央党校,经济管理,1994.08,1996.12
贾连海,0000001957,研究生,省委党校,经济管理,2004.09,2007.07
贾汝昌,0000001963,本科,甘肃农业大学,农业机械化,1983.09,1987.07
贾瑞琴,0000001964,研究生,,,,
贾石松,0000001965,大专,湖北警官学院,,1981.09,1983.08 
贾石松,0000001965,培训,湖北省委党校,,1997.08,1998.01
贾石松,0000001965,研究生,湖北省委党校,哲学,1996.09,1999.10
贾石松,0000001965,学习,湖北省委党校,,2002.09,2002.11
贾石松,0000001965,学习,国家行政学院,,2007.05,
贾石松,0000001965,研究生,武汉大学,思想政治教育,2006.10,2009.12
贾耀斌,0000001972,本科,武汉工学院,机械工艺系铸造工艺及设备,1978.03,1982.01
贾耀斌,0000001972,研究生,华中科技大学,经济学,,
贾忠慧,0000001978,中专,天水第二师范,普师,1985.09,1989.07
贾忠慧,0000001978,大专,中央党校,经济管理,1995.08,1998.07
贾忠慧,0000001978,本科,中央党校,行政管理,1999.07,2001.12
贾忠慧,0000001978,研究生,兰州大学,经济法,2002.09,2004.06
贾祖贫,0000001979,专修,河南电大,党政干部管理基础,1984.09,1986.07
贾祖贫,0000001979,学习,商丘商业学校,,1978.12,1980.12
贾祖贫,0000001979,学习,中央电大,会计学,2002.02,2004.10
江斌,0000001984,研究生,湖北省委党校,,,
江国河,0000001989,研究生,,,,
江华安,0000001993,本科,湖北荆州师范专科学校（现合并入长江大学）,数学,1983.09,1986.06
江华安,0000001993,研究生,中央党校,经济学,1989.09,1992.08
江理达,0000001994,中专,广东省财政学校,财政,1980.09,1982.07
江理达,0000001994,大专,省电大,财政,1983.09,1986.07
江理达,0000001994,研究生,省委党校,经济学,1996.09,1999.07
江森源,0000002001,本科,华南师范大学,数学,1985.09,1988.07
江森源,0000002001,研究生,广东省委党校,经济管理,1995.09,1998.07
江少强,0000002004,大专,韶关教育学院,政文,1984.09,1987.07
江少强,0000002004,本科,中央党校,经济管理,1997.09,1999.12
江少强,0000002004,研究生,澳门科技大学,工商管理,1999.09,2002.11
江涛,0000002006,本科,四川大学,历史,1979.09,1983.08 
江涛,0000002006,培训,市委党校,,2001.03,2002.01
江文玉,0000002008,研究生,中国社科院经济系,市场经济,,1998.11
江毅,0000002010,研究生,省委党校,,,
江泽民,0000002012,本科,上海交通大学,电机,,1947.00
姜东胜,0000002023,进修,中央党校,,2002.03,2002.07
姜福,0000002025,本科,黑龙江省委党校,经济管理,2006.04,2008.04
姜建军,0000002026,本科,长沙铁道学院,工业与民用建筑,1979.09,1983.07
姜建军,0000002026,研究生,北京交通大学,企业管理,2001.09,2004.03
姜梁,0000002029,大专,,,,
姜仕坤,0000002031,,贵州省黔西南民族行政管理学校,行政管理,1988.09,1990.07
姜仕坤,0000002031,学习,黔西南州委党校,,1998.08,1999.01
姜斯宪,0000002032,本科,上海交通大学,液压传动及控制,1978.03,1982.07
姜斯宪,0000002032,研究生,上海交通大学,液压传动与气动,1982.07,1985.01
姜斯宪,0000002032,访问学者,加拿大不列颠哥伦比亚大学,,1993.12,1994.06
姜卫东,0000002034,本科,中南财经政法学院,经济法,1987.09,1991.07
姜卫东,0000002034,研究生,华中科技大学,经济法,1996.09,1999.07
姜燮富,0000002036,学习,上海师范学院,,,
姜亚新,0000002038,本科,江西大学,马列主义基础理论,1978.03,
姜延虎,0000002039,本科,四川医学院,卫生医学,1964.09,1970.08
姜延虎,0000002039,培训,中央党校,,1991.09,1992.07
姜延虎,0000002039,大专,西南政法大学,法律,1998.09,2001.07
姜阳,0000002040,本科,河北科技大学,机械制造及自动化,1981.08,1985.08
姜阳,0000002040,研究生,中央党校,经济学,1999.09,2002.07
姜英波,0000002041,本科,佳木斯中医学校,中医,1978.09,1981.07
姜英波,0000002041,学习,省卫生局干部管理学院,,1984.09,1986.08
姜英波,0000002041,研究生,哈尔滨工业大学,工商管理,2005.05,2007.07
蒋昌桂,0000002050,本科,广西民族学院,政治,1983.09,1987.07
蒋昌桂,0000002050,学习,广西桂林地委党校,,1997.09,1997.12
蒋昌桂,0000002050,研究生,中央党校,经济管理,1999.09,2002.07
蒋承云,0000002052,本科,贵州农学院,林学,1979.09,1983.07
蒋承云,0000002052,研究生,贵州省委党校,经济学,2002.09,2005.06
蒋从跃,0000002054,学习,贵州省金沙县党校,,1981.12,1983.01
蒋从跃,0000002054,,中央党校,经济管理,1993.08,1995.12
蒋从跃,0000002054,研究生,贵州省委党校,经济学,2001.09,2004.06
蒋和庆,0000002060,专科,佳木斯师范专科学校,中文,1990.07,1992.07
蒋和庆,0000002060,本科,中央党校,经济管理,1996.08,1998.12
蒋和庆,0000002060,研究生,黑龙江省委党校,经济管理,2005.03,2008.01
蒋和庆,0000002060,研究生,哈尔滨工业大学,高级管理人员工商管理,2011.07,2014.04
蒋鸿,0000002062,,湖北公安卫校,护理,1982.08,1984.07
蒋鸿,0000002062,学习,公安电大,,1985.09,1987.09
蒋鸿,0000002062,研究生,湖北省委党校,法学,2001.09,2004.07
蒋纪鸣,0000002063,大专,贵州广播电视大学,机制,1979.02,1982.02
蒋纪鸣,0000002063,进修,贵州师范大学,马克思主义哲学与市场经济,1999.12,2001.07
蒋纪鸣,0000002063,本科,贵州省委党校,经济管理,1997.09,2000.06
蒋美兰,0000002067,大专,河南省委党校,,1985.09,1988.07
蒋美兰,0000002067,研究生,中国社会科学院,经济法,1996.09,1998.07
蒋美兰,0000002067,研究生,华中科技大学,马克思主义理论与思想政治教育,2001.04,2004.12
蒋文红,0000002071,本科,华东化工学院,化学制药,1982.09,1986.07
蒋文红,0000002071,研究生,北京大学,公共管理,2007.02,2009.07
蒋先东,0000002072,本科,,,,
蒋向明,0000002073,研究生,广西区党校函授研究生班,社会学专业,,
蒋向明,0000002073,学习,国家烟草专卖局,,2008.03,2008.09
蒋晓强,0000002074,研究生,兰州大学,区域经济,1997.03,1998.07
蒋星华,0000002076,本科,中南财经大学,经济学,1986.09,1990.07
蒋星华,0000002076,进修,华中科技大学,,2003.10,2004.02
蒋星华,0000002076,进修,美国俄亥俄州大学,,2004.02,2004.05
蒋宜茂,0000002077,大专,四川省丰都师范学校,,1979.08,1981.07
蒋宜茂,0000002077,学习,四川广播电视大学,中文,1982.09,1985.07
蒋宜茂,0000002077,培训,四川省委二党校,,1995.04,1995.06
蒋宜茂,0000002077,培训,重庆市委党校,,1999.03,1999.06
蒋宜茂,0000002077,本科,四川省委党校,经济管理,1996.09,1998.12
蒋宜茂,0000002077,研究生,中央党校,,2002.01,2005.01
蒋宜茂,0000002077,培训,重庆市委党校,,2009.03,2009.12
蒋映生,0000002078,本科,贵州师范大学,,1981.09,1985.07
蒋映生,0000002078,学习,贵州省委党校,,1996.09,1996.11
蒋又一,0000002079,大专,四川省江津师范专科学校,农机,1978.03,1981.02
蒋又一,0000002079,学习,四川省成都农机学院,,1980.02,1981.01
蒋又一,0000002079,学习,四川省团校,,1984.07,1985.02
蒋又一,0000002079,培训,重庆市委二党校,,1991.07,1992.01
蒋又一,0000002079,本科,四川省委党校,经济管理,1995.09,1997.12
蒋占全,0000002080,学习,甘肃师范大学,政教,1972.04,
蒋志安,0000002081,进修,漯河市委党校,,1999.03,1999.06
蒋志安,0000002081,进修,河南省委党校,,2002.03,2002.06
蒋志安,0000002081,自考,河南大学,汉语语言文学,2003.07,2005.06
蒋志安,0000002081,本科,中南大学,法学,2003.11,2006.06
蒋志安,0000002081,培训,河南省委党校,,2004.09,2004.12
蒋志安,0000002081,培训,井冈山干部学院,,2008.04,
焦耀光,0000002089,本科,广西民族学院,中文,1978.10,1982.07
焦耀光,0000002089,进修,广西大学,,1996.03,1996.10
焦耀光,0000002089,进修,美国默海尔德州立大学,,1998.04,1998.09
焦耀光,0000002089,研究生,广西大学,材料工程,2003.09,2005.07
焦裕禄,0000002090,本科,哈尔滨工业大学,,1954.08,
焦裕禄,0000002090,学习,大连起重机厂机械加工车间,,,
焦豫汝,0000002091,大专,信阳地委党校,,1983.09,1985.07
焦豫汝,0000002091,本科,河南省委党校,政治,1989.09,1991.07
焦豫汝,0000002091,进修,武汉大学,政治与行政,1998.09,2000.07
焦跃进,0000002092,本科,,,,
焦志忠,0000002093,研究生,中央党校,,,
揭建平,0000002095,本科,,,,
金成俊,0000002102,本科,,,,
金达人,0000002103,本科,齐齐哈尔师范学院,生物,1981.09,1985.07
金达人,0000002103,研究生,澳门国际公开大学,工商管理,2006.01,2007.12
金德元,0000002105,本科,皖南农学院农学系,农学专业,1981.09,1985.07
金繁丰,0000002106,进修,华南师范大学,政治,1984.09,1986.07
金繁丰,0000002106,研究生,省委党校,经济学,1996.09,1999.07
金建忠,0000002110,研究生,,,,
金维加,0000002115,研究生,中央党校,,,
金维加,0000002115,本科,,法学,,
靳东风,0000002122,研究生,,,,
靳来福,0000002124,学习,省财贸学校,,1973.08,1974.01
靳来福,0000002124,培训,西北大学,计划,1983.09,1984.09
靳来福,0000002124,学习,甘肃省经济管理干部学院,工经,1989.09,1990.09
靳来福,0000002124,学习,中央党校,,2002.00,
靳新峰,0000002129,本科,平原大学,中文,1984.09,1986.07
井岗,0000002133,研究生,黑龙江省委党校,,1997.05,2000.05
井岗,0000002133,培训,美国加洲大学,,2005.11,2005.12
井岗,0000002133,培训,国家行政学院,,2008.05,2008.06
景庆雨,0000002136,本科,,,,
景照辉,0000002138,本科,郑州大学,法律,1981.09,1985.07
景照辉,0000002138,研究生,清华大学,公共管理,,
鞠毅,0000002140,学习,甘肃广播电视大学,语文,1982.09,1984.07
鞠毅,0000002140,本科,中央党校,党政管理,1995.08,1997.12
鞠毅,0000002140,研究生,美国国际东西方大学,工商管理,1999.09,2001.07
鞠毅,0000002140,研究生,中国人民大学,经济管理,2000.07,2001.12
康清,0000002148,学习,甘肃省林业学校,林业,1981.09,1983.08
康清,0000002148,大专,甘肃省委党校,党政管理,1988.09,1990.07
康清,0000002148,本科,中央党校,经济管理,1996.09,1998.12
康清,0000002148,研究生,西北师范大学,区域管理与政策,2001.03,2003.03
康清,0000002148,培训,甘肃省委校,,2007.03,2007.07
康清,0000002148,研究生,中央党校,经济管理,2008.09,2011.07
康晓峰,0000002151,研究生,省委党校,经济管理,,
康运豪,0000002153,培训,省行政管理学院,,1993.10,1993.12
康运豪,0000002153,函授,省委党校,行政管理,1994.09,1997.07
康运豪,0000002153,研究生,中国社会科学院,国际贸易,1997.09,1999.07
康运豪,0000002153,函授,中央党校,经济管理,1998.08,2000.12
康志文,0000002154,本科,黑龙江省委党校,,1991.07,1994.07
康志文,0000002154,研究生,黑龙江大学,,1999.09,2001.07
康志文,0000002154,进修,中央党校,法学理论,2003.03,2005.01
柯俊,0000002155,大专,湖北广播电视大学,行政管理,1989.09,1992.06
柯俊,0000002155,本科,湖北省委党校,经济管理,1994.09,1997.06
柯俊,0000002155,培训,湖北省行政学院,,2000.09,2000.11
柯俊,0000002155,进修,中央党校,,2004.03,2004.07
柯俊,0000002155,研究生,中央党校,经济管理,2004.09,2006.07
柯有民,0000002161,本科,中央党校,,,
孔德有,0000002163,大专,装甲兵指挥学院,军事指挥,1985.09,1988.07
孔德有,0000002163,学习,南京陆军指挥学院,,1993.03,1994.01
孔德有,0000002163,本科,中央党校,经济管理,1994.08,1996.12
孔德有,0000002163,研究生,广西师范大学,研究国民经济,2000.10,2002.11
孔海文,0000002165,大专,佛山兽医专科学校,园艺,1987.09,1990.06
孔海文,0000002165,研究生,广东省社会科学院,经济管理,1999.05,2002.08
孔少琼,0000002167,学习,广州市第一师范学校,,1969.00,
孔少琼,0000002167,学习,广州市电视大学,党政基,1985.09,1988.08
孔少琼,0000002167,学习,广州市财贸干部学院,对外经济贸易,1988.03,1989.07
孔少琼,0000002167,研究生,广东省委党校,经济管理,1996.09,1999.07
孔少琼,0000002167,培训,广东省委党校,,1997.08,1997.09
孔祥友,0000002168,学习,河北电大,电子,1979.02,1982.03
孔祥友,0000002168,进修,华北电力学院,电力,1982.03,1983.02
孔祥友,0000002168,研究生,中央党校,经济学,1999.09,2001.12
孔星隆,0000002169,本科,石河子农学院,农学,1980.09,1984.08
寇德松,0000002173,本科,中央党校,涉外经济,,
寇德松,0000002173,函授,省委党校,党政,1988.09,1991.07
寇德松,0000002173,函授,中央党校,涉外经济,1995.08,1997.12
况顺航,0000002174,本科,贵州工业大学,化工防腐,1994.09,1998.07
拉巴次仁,0000002177,,西藏自治区邮电学校,机要,1986.09,1989.08
拉巴次仁,0000002177,函授,中央党校,西藏分院经济管理,1996.09,1999.06
拉巴次仁,0000002177,研究生,中央党校,经济管理,2005.03,2007.01
赖榜轰,0000002178,本科,广西农学院,农学,1978.10,1982.07
赖鸿维,0000002181,学习,廉江县立简易师范学校,,1939.00,
赖继秋,0000002182,学习,福建省宁德地区农校,茶叶,1982.09,1985.07
赖继秋,0000002182,大专,中央党校,经济管理,1994.09,1997.06
赖继秋,0000002182,本科,中央党校,经济管理,1999.08,2001.12
赖继秋,0000002182,研究生,中央党校,经济管理,2009.07,
赖泽华,0000002186,本科,中山大学,法律,1984.09,1988.08
赖泽华,0000002186,进修,中山大学,世界经济,1995.03,1997.07
赖泽华,0000002186,进修,美国夏威夷大学,,2000.03,2001.08
赖泽华,0000002186,研究生,中山大学,行政管理,2005.09,2008.06
赖招源,0000002187,大专,福建省龙岩农校,农学,1981.09,1984.07
赖招源,0000002187,大专,福建农学院,农学,1982.09,1988.06
赖招源,0000002187,本科,中央党校,经济管理,1997.09,1999.12
兰义彤,0000002189,培训,贵阳市云岩区委干部培训班,,1980.01,1980.06
兰义彤,0000002189,进修,贵州省委党校,经济管理,1994.09,1997.05
兰义彤,0000002189,培训,贵州省委党校,,1994.03,1994.07
兰义彤,0000002189,进修,贵州师范大学,汉语言文学,1991.09,1994.06
蓝岸,0000002190,研究生,贵州大学与加拿大魁北克大学席库提米分校,项目管理,2008.09,2010.12
蓝大煌,0000002191,本科,广西大学,采矿工程,1982.08,1986.08
蓝大煌,0000002191,研究生,广西自治区党委党校,政治经济学,1996.08,1998.07
蓝福元,0000002192,本科,福建农学院,茶叶,1980.09,1984.07
蓝凯英,0000002194,大专,长汀师范学校,,1995.09,1998.07
蓝凯英,0000002194,研究生,福建省委党校,社会学,2006.12,2009.06
蓝树东,0000002196,,广西百色供销学校,财会,1989.09,1991.07
蓝树东,0000002196,大专,广西区党校,行政管理,1996.09,1999.06
蓝树东,0000002196,本科,中央党校,行政管理,1999.08,2001.12
蓝晓,0000002200,本科,广西师范学院,政治教育,1989.09,1993.07
蓝晓,0000002200,研究生,广西大学,研究生班民商法,2000.09,2002.06
蓝晓,0000002200,学习,自治区党委党校,,2010.03,2010.07
蓝晓,0000002200,研究生,广西大学,公共管理,2007.09,2010.12
雷多荣,0000002207,大专,广西南宁民族师范学校,师范,1980.09,1982.07
雷多荣,0000002207,大专,广西壮族自治区党校,政治,1989.08,1991.06
雷多荣,0000002207,本科,中央党校,党政管理,1995.08,1997.12
雷多荣,0000002207,进修,广西师范大学,文艺学,1999.09,2001.10
雷多荣,0000002207,培训,中组部、建设部,,2003.10,2003.12
雷多荣,0000002207,培训,广西区党校,,2007.03,2007.07
雷多荣,0000002207,研究生,广西壮族自治区党委党校,,2006.09,2008.12
雷多荣,0000002207,培训,中央党校,,2010.02,2010.03
雷广财,0000002209,大专,华南师范学院,中文,1973.09,1976.08
雷广财,0000002209,本科,广东省委党校,,,
雷鸣,0000002211,学习,天水市委党校,党政管理专业,1984.09,1986.09
雷鸣,0000002211,学习,中央党校函授学院,经济管理专业,1995.09,1997.09
雷鸣,0000002211,研究生,甘肃省委党校,中共党史党建专业,1999.09,2002.06
雷圣祥,0000002212,大专,中央农业管理干部学院华农分院,农业经济管理专业,1984.09,1986.07
雷维善,0000002213,本科,中央党校,经济管理,1998.08,2000.12
雷文蓉,0000002214,本科,贵州农学院,,1983.09,1987.07
雷于蓝,0000002215,研究生,中央党校,党政管理,1984.09,1986.07
雷于蓝,0000002215,研究生,对外经济贸易大学,国际贸易学,1995.05,1998.05
雷于蓝,0000002215,进修,中央党校,,1997.03,1997.07
雷于蓝,0000002215,进修,中央党校,,2006.09,2006.11
雷政富,0000002216,大专,四川省长寿师范学校,,1979.09,1981.08
雷政富,0000002216,学习,四川大学,党政管理,1986.04,
雷政富,0000002216,函授,中央党校,经济管理,1994.04,1997.01
黎健平,0000002221,大专,嘉应师范专科学校,中文,1981.09,1984.07
黎意勇,0000002224,专科,肇庆师专,音乐,1982.09,1984.08
黎意勇,0000002224,本科,省委党校,经济管理,2001.09,2003.12
李安平,0000002228,本科,中南财经大学,农业经济,1985.09,1989.07
李安平,0000002228,研究生,广东省委党校,经济学,1996.09,1999.07
李安平,0000002228,研究生,暨南大学,产业经济学,2006.09,2009.06
李宝峰,0000002232,初中,,,,
李宝山,0000002234,本科,黑龙江省广播电视大学,党政基础,,
李奔,0000002237,本科,武汉城市建设学院,风景园林,1988.09,1992.07
李变芬,0000002238,研究生,省委党校,,,
李波,0000002249,本科,河北化工学院,化工分析,1980.09,1984.07
李波,0000002249,研究生,中央党校,科学社会主义,1997.09,2000.07
李波,0000002249,培训,中央党校,,2003.09,2004.01
李灿洪,0000002251,本科,华南师范大学,经济,1990.09,1994.06
李灿洪,0000002251,研究生,广东省委党校,经济学,1998.09,2001.07
李昌海,0000002253,研究生,黑龙江省委党校,经济管理,,
李昌钦,0000002256,,西南林学院,林业,1986.09,1988.07
李昌钦,0000002256,本科,贵州省委党校,经济管理,1999.09,2002.07
李昌钦,0000002256,学习,贵州省委党校,,2003.03,2003.05
李昌钦,0000002256,学习,贵州省委党校,,2010.03,2010.05
李昌梧,0000002257,函授,加北京经济函授大学,经济管理,1989.04,1991.04
李昌梧,0000002257,大专,广东省委党校,外贸管理,1993.09,1996.07
李昌梧,0000002257,进修,中共中央党校,,2002.09,2003.01
李昌梧,0000002257,研究生,中共中央党校,国际政治,2003.03,2005.01
李澄海,0000002265,大专,,,,
李崇暄,0000002268,本科,中央党校,经济管理,,
李楚,0000002269,大专,广西玉林师范高等专科学校,数学教育,1992.09,1995.07
李楚,0000002269,培训,玉林地委组织部,,1996.09,1996.12
李楚,0000002269,本科,中央党校,行政管理,1998.09,2000.12
李楚,0000002269,培训,玉林市委党校,,2001.05,2001.08
李楚,0000002269,研究生,广西大学,政治经济学,2002.09,2004.07
李楚,0000002269,培训,自治区党委党校,,2007.03,2007.07
李楚,0000002269,本科,玉林师范学院,思想政治教育,2010.01,2012.06
李川,0000002272,中专,四川省阿坝藏族羌族自治州委党校,政治,1985.07,1987.07
李川,0000002272,培训,中央党校,,1998.03,1998.05
李川,0000002272,大专,四川省委党校,经管,1997.09,2000.06
李传寨,0000002273,学习,襄樊学院,中文,,1983.00
李春奎,0000002277,本科,重庆交通学院,交通运输管理,1987.09,1991.07
李春奎,0000002277,培训,重庆市第三期年轻干部培训班,,2001.03,2002.01
李春奎,0000002277,研究生,重庆市委党校,区域经济学,2002.03,2003.12
李春奎,0000002277,培训,市委党校,,2009.03,2009.12
李春奎,0000002277,研究生,武汉大学,经济管理,2009.03,2011.07
李春生,0000002278,本科,河南大学,历史,1979.00,1983.00
李从佳,0000002280,本科,北京大学,化学,1986.09,1990.08
李从佳,0000002280,研究生,广西大学,政治经济学,2002.09,2004.12
李大伟,0000002283,研究生,黑龙江省委党校,经济管理,,
李大伟,0000002284,博士,,,,
李大义,0000002285,研究生,省委党校,经济管理,,
李殿勋,0000002300,高中,上蔡第一高中,,,1985.00
李殿勋,0000002300,本科,华东师范大学,现代史,1985.09,1985.09
李殿勋,0000002300,本科,西南政法学院,法律,1989.09,1991.07 
李殿勋,0000002300,培训,重庆市委党校厅局级干部进修班,,2002.03,2002.05
李殿勋,0000002300,培训,中央党校,,2004.04,2004.07
李东成,0000002302,本科,苏州大学,宣传文化专业,1987.09,1991.07
李栋梁,0000002307,本科,华东政法学院,法学专业,2001.09,2005.07
李发平,0000002311,,湖北省十堰市财贸学校,商业会计,1979.09,1981.01
李发平,0000002311,学习,湖北大学,汉语言文学,1985.01,1988.01
李发平,0000002311,研究生,北京大学,行政管理,1996.09,1999.07
李峰,0000002320,研究生,山东省委党校,经济管理,2004.09,2007.06
李锋,0000002322,本科,厦门大学,财政金融,1978.02,1982.02
李刚,0000002331,本科,山东省委党校,经济管理,1997.09,2000.01
李刚,0000002332,研究生,中央党校,经济管理,2000.09,2003.07
李钢锤,0000002335,本科,中央党校,,,
李高岭,0000002336,本科,中央党校,经济管理,,
李耿坚,0000002337,专科,汕头地区农业学校,,1979.10,
李耿坚,0000002337,函授,省委党校,党政管理,1989.10,1992.09
李耿坚,0000002337,本科,省委党校,法学,2005.02,2008.01
李公乐,0000002338,本科,河南农学院,,,
李光荣,0000002341,本科,北京师范大学,哲学,1984.09,1988.07
李光荣,0000002341,培训,重庆市委党校,,2001.03,2001.12
李光荣,0000002341,研究生,重庆市委党校,行政管理,1999.09,2002.07
李光荣,0000002341,研究生,武汉大学,EMBA,,
李广义,0000002345,专科,河北经贸学院,机工通讯,1990.09,1993.07 
李广义,0000002345,专科,河北师大,经济管理,1995.08,1998.06
李广义,0000002345,函授,中央党校,经济管理,1997.09,1999.12
李广义,0000002345,研究生,省委党校,经济管理,2003.09,2006.07
李国庆,0000002349,大专,鄂西大学,中文,1987.09,
李国印,0000002352,研究生,,,,
李国忠,0000002353,函授,省委党校,经济管理,1995.09,1998.01
李国忠,0000002353,函授,省委党校,经济管理,1999.09,2001.12
李国忠,0000002354,本科,青海畜牧兽医学院,兽医,1982.10,1986.07
李国忠,0000002354,研究生,云南大学,,2000.09,2002.07
李海松,0000002355,本科,南京大学,历史学,,
李海松,0000002355,研究生,中央党校,,,
李海洲,0000002362,研究生,,管理学,,
李恒,0000002368,本科,华中理工大学,新闻,1997.09,1999.06
李恒,0000002368,培训,湖北省委党校,,,
李红光,0000002369,函授,中央党校,,,
李红卫,0000002372,本科,南京大学,城市与区域规划,1983.09,1987.09
李红卫,0000002372,研究生,中山大学,人口研究所人口地理,1987.09,1990.07
李红卫,0000002372,博士,中山大学,地球与环境科学院人文地理学,1999.09,2002.07
李红卫,0000002372,博士后,同济大学,建筑与城市规划,2003.02,2004.02
李洪国,0000002376,本科,北京大学,国际共运,1983.09,1987.07
李洪国,0000002376,研究生,哈尔滨工程大学,高级管理人员工商管理,2010.01,2012.12
李洪敏,0000002378,研究生,中共湖北省委党校,经济管理专业,,
李洪祥,0000002379,专科,黑龙江省农业机械化学校,农机修理,1981.08,1984.08
李洪祥,0000002379,研究生,省委党校,党建,,
李洪义,0000002381,专科,山东省潍坊供销学校,统计,1984.09,1986.07
李洪义,0000002381,专科,山东省高等教育自学考试,统计学,1986.10,1989.06 
李洪义,0000002381,本科,山东省高等教育自学考试,统计,1989.12,1994.12 
李洪义,0000002381,研究生,山东大学,经济学,1998.09,2000.06 
李洪义,0000002381,研究生,山东省委党校,经济管理,1999.09,2002.06
李虎林,0000002383,学习,甘肃广播电视大学,电子,1980.09,1983.09
李虎林,0000002383,本科,中央党校,经济管理,1995.08,1997.12
李虎林,0000002383,研修,兰州大学,经济法,1998.09,2000.07
李晖,0000002390,研究生,湖南大学,工商管理,1996.09,1999.04 
李晖,0000002390,博士,湖南大学,管理科学与工程,2000.04,2007.06
李晖,0000002390,培训,美国马里兰州巴尔的摩大学,,2003.12,2004.06
李晖,0000002390,培训,中央党校,,2010.02,2010.07
李辉跃,0000002391,本科,北京大学,气象,1984.09,1988.08
李辉跃,0000002391,学习,厦门大学,企业管理,1995.10,1997.09 
李辉跃,0000002391,学习,澳大利亚拉筹伯大学,工商管理,2000.11,2001.05
李吉高,0000002393,本科,武汉师范学院,历史,1980.09,1984.07 
李吉高,0000002393,研究生,,,,
李继龙,0000002397,专科,甘肃教育学院,中文,1979.09,1981.07
李继龙,0000002397,研究生,甘肃省委党校,党史党建,1997.09,2000.06
李加玉,0000002399,研究生,,,,
李嘉,0000002402,本科,中山大学,电子学,1983.09,1987.07
李嘉,0000002402,研究生,中山大学,世界经济,1994.09,1997.12
李嘉,0000002402,培训,省委党校,,1996.09,1997.01
李嘉,0000002402,博士,中山大学,中国哲学,1999.09,2007.07
李建,0000002404,专科,铜仁财校,农产品管理,1982.09,1984.09
李建,0000002404,学习,贵州省委党校,科社,1988.10,1990.08
李建,0000002404,研究生,中央党校,政治经济学,2000.09,2003.07
李建刚,0000002406,本科,哈尔滨工程大学,船舶核动力,1978.00,1982.00
李建刚,0000002407,大专,,,,
李建华,0000002413,研究生,北京市委党校,经济管理,1993.09,1996.07
李建军,0000002417,培训,内蒙党校,,1985.08,
李建军,0000002417,函授,中央党校,党政管理,1996.08,1998.12
李建军,0000002417,研究生,内蒙党校,公共管理,2003.08,2005.12
李江,0000002428,博士,,,,
李江华,0000002430,本科,广东广播电视大学,商业企业管理,1983.09,1986.09
李江华,0000002430,研究生,中央党校,经济管理,1995.08,1997.12 
李江山,0000002431,本科,河北师院,中文,1979.09,1983.07
李江山,0000002431,研究生,中国科学院,商业经济,1996.09,1998.07
李江山,0000002431,研究生,武汉理工大学,产业经济学,,2009.12
李疆,0000002432,本科,广西农学院,农业经济与管理,1980.09,1984.07
李疆,0000002432,培训,中央党校,,1992.11,1993.01
李疆,0000002432,研究生,北京大学,区域经济学,1997.07,1999.07
李疆,0000002432,培训,广西自治区党委党校,,2003.03,2004.01
李疆,0000002432,研究生,广西自治区党委党校,党政管理,2003.03,2005.06
李疆,0000002433,研究生,省委党校,,,
李杰,0000002437,本科,贵州农学院,兽医,1980.10,1984.08
李杰,0000002437,研究生,中国人民大学,研究生院国民经济学,1999.08,2001.07
李杰,0000002437,学习,黔西南州委党校,,2006.03,2006.05
李金元,0000002441,研究生,省社科院,经济学,1995.03,1995.03
李金元,0000002441,培训,全国市长研究班,,2003.10,2003.11
李金元,0000002441,本科,华南师范大学,法学,2003.09,2006.02
李金元,0000002441,博士,美国瑞文大学,工商管理,2006.05,2010.09
李金元,0000002441,培训,第49期全国市长研究班,,2010.03,2010.04
李金元,0000002441,进修,广东省2010年第四期市厅级领导班干部进修班,,2010.11,2010.11
李君,0000002466,本科,,,,
李俊,0000002468,本科,广西师范大学教育系学校,教育专业,1986.09,1990.07
李俊夫,0000002470,函授,华南师范大学,中文,1977.07,1980.01
李俊夫,0000002470,研究生,省委党校,经济管理,1995.09,1998.07
李俊岭,0000002472,专科,河北广播电视大学,中文,1982.09,1985.08
李俊岭,0000002472,研究生,省委党校,经济管理,2000.09,2003.07
李开寿,0000002475,,中南财经大学,,1987.07,1989.07
李康,0000002477,本科,省委党校,经济管理,1993.09,1995.12
李康,0000002477,研究生,省委党校,经济学,1997.09,2000.06
李康,0000002477,研究生,西南交通大学,工商管理,2004.03,2006.01
李克良,0000002482,,河北大学,财政金融,1986.09,1990.07
李克良,0000002482,研究生,中央党校,政治学理论,2002.03,2005.01
李克良,0000002482,研究生,河北工业大学,高级管理人员工商管理,2009.01,2012.06
李克民,0000002483,本科,华南工学院,电机,1978.03,1982.01
李克民,0000002483,研究生,广西大学,政治经济学,1996.09,1998.07
李克民,0000002483,研究生,北京大学,人文地理学,1998.09,2002.07
李磊,0000002495,学习,玉林市优秀中青年培训班,,2001.05,2001.08
李丽,0000002501,专科,酒泉师范,,1981.09,1984.07
李丽,0000002501,专科,甘肃教育学院,政史,1990.09,1992.07
李丽,0000002501,函授,中央党校,经济管理,1993.08,1995.12
李丽,0000002501,研究生,北京师范大学,区域经济管理,2000.07,2002.09
李丽,0000002501,进修,中央党校,,2010.03,
李莉,0000002502,本科,张家口市财经学校,,1984.09,1988.07
李莉,0000002502,函授,河北省委党校,行政管理,1994.09,1997.07
李莉,0000002502,研究生,河北省委党校,经济管理,1999.09,2001.12
李莉,0000002503,研究生,,,,
李灵敏,0000002506,专科,豫西师范学校,,1982.09,1985.07 
李灵敏,0000002506,函授,中央党校,经济管理,1997.09,1999.12
李凌,0000002507,培训,贵州省赤水县短师培训班,,1981.12,1982.10
李凌,0000002507,本科,贵州师大,思想政治,1988.09,1991.07
李凌,0000002507,研究生,西南师范大学,区域经济开发与管理,2000.09,2002.04
李茂功,0000002513,中学,兰州军区第一速成中学,,1954.07,
李梅,0000002515,研究生,,,,
李敏,0000002517,专科,惠阳地区农校,,1978.10,
李敏,0000002517,培训,省委党校,,1996.09,1997.01
李敏,0000002517,研究生,省委党校,经济学,1996.09,1999.07
李敏,0000002517,进修,中央党校,,2003.09,2004.01
李敏,0000002518,大专,惠阳地区农校,,1978.10,
李敏,0000002518,学习,广东省委党校中青年党政干部培训班,,1996.09,1997.01
李敏,0000002518,研究生,广东省委党校,经济学专业,1996.09,1999.07
李敏,0000002518,进修,中央党校进修三班,,2003.09,2004.01
李明,0000002525,本科,山东大学,生态与环境生物,1989.09,1993.07
李明,0000002525,研究生,省委党校,政治学,1997.07,2000.06 
李明,0000002525,培训,潍坊市委党校,,1999.03,1999.07
李明,0000002525,研究生,山东大学,生态学,2001.09,2005.06
李明朝,0000002529,本科,河北财贸学院,商业企业管理,1978.10,1982.08
李明朝,0000002529,研究生,中国社科院,工业经济,1996.04,1998.03
李明朝,0000002529,研究生,新加坡南洋理工大学,管理经济学,2001.07,2002.06
李明月,0000002533,本科,安徽师范大学,数学,1986.09,1990.07
李明月,0000002533,研究生,南京师范大学,行政管理,2004.08,2006.02
李明哲,0000002534,研修,中南财经大学,财务会计,1989.09,1991.06
李明哲,0000002534,本科,中南大学,法学,,
李明哲,0000002534,研究生,郑州大学,行政管理,,
李铭,0000002535,本科,西安交通大学,政治经济学,1978.10,1982.07
李铭,0000002535,博士,西安交通大学,管理学,1998.07,2004.12
李乃波,0000002536,本科,中央党校,法律专业,2000.12,2002.12
李南沉,0000002537,高中,滑县师范,,,1981.07
李南沉,0000002537,专科,河南省电大,文学,,
李南沉,0000002537,专科,河南财经学院,财经,,
李南沉,0000002537,研究生,澳门科技大学,法学,,
李宁太,0000002539,研究生,,经济学,,
李平,0000002544,本科,成都电讯工程学院,光电子技术,1980.09,1984.07
李平,0000002544,研究生,成都电讯工程学院,工业管理,1987.09,1990.03
李平,0000002544,进修,美国加州大学洛杉矶分校,,1997.09,1998.12
李平,0000002544,进修,广东省委党校,,2001.01,2001.08
李平,0000002544,博士,电子科技大学,管理科学与工程,2003.03,2006.12
李平启,0000002546,研究生,,,,
李平生,0000002548,本科,甘肃农业大学,农学,1981.09,1985.07
李屏东,0000002549,中专,河北林专,绿化,1974.09,1976.10
李屏东,0000002549,专科,中央党校成人教育学院,经济管理,1999.09,2002.07
李屏东,0000002549,研究生,中央党校,,,
李启全,0000002551,,济南交通学校,交通监理,1986.09,1988.07
李启全,0000002551,大专,安康地委党校,经济管理,1993.08,1996.06
李启全,0000002551,本科,中央党校,本科班法律,1998.08,2000.12
李启全,0000002551,学习,陕西省委党校,,2000.03,2000.12
李强,0000002556,博士,,经济学,,
李勤,0000002557,大专,高等教育自学考试,哲学,,1987.06
李勤,0000002557,本科,广西自治区党委党校,经济法,1997.09,1999.12
李青春,0000002561,中专,张家口地区工交学校,汽车运用与修理,1979.07,1982.03
李青春,0000002561,函授,河北省委党校,经济管理,1995.09,1998.07
李青春,0000002561,研究生,河北工业大学,管理科学与工程,1999.07,2000.12
李青春,0000002561,函授,河北省委党校,法律,2003.09,2005.12
李清,0000002562,本科,,,,
李全中,0000002577,专科,庆阳师专,,1983.08,1985.07
李群江,0000002580,研究生,,,,
李如晴,0000002588,本科,贵州民族学院,行政管理,1986.09,1990.07
李如晴,0000002588,培训,贵州省委党校,,1990.09,1990.11
李如晴,0000002588,学习,贵州省委党校,,1998.03,1998.05
李如晴,0000002588,学习,贵州省委党校,,2004.09,2005.01
李如晴,0000002588,研究生,重庆大学,工程领域,2007.03,2009.06
李若鹏,0000002593,本科,大连理工大学,管理,1991.09,1995.07
李若鹏,0000002593,研究生,北京大学,公共管理学,1999.09,2004.07
李若鹏,0000002593,博士,北京大学,公共管理学,1999.09,2004.07
李森洙,0000002595,学习,甘肃广播电视大学,党政管理,1984.08,1986.09
李森洙,0000002595,函授,中央党校,政治理论,1991.09,1993.12
李森洙,0000002595,进修,兰州大学,经济法,1998.09,2000.09
李森洙,0000002595,培训,中央党校,,2004.09,2005.01
李森洙,0000002595,研究生,甘肃省委党校,社会学,2008.09,2011.06
李韶春,0000002597,研究生,中央党校,,,
李绍文,0000002599,专科,周口农校,,1978.00,1981.00
李绍文,0000002599,函授,华中师大,,1988.00,1991.00
李绍文,0000002599,研究生,南京大学,,2000.00,2002.00
李生发,0000002603,本科,兰州大学,行政管理,1994.04,1997.12
李生发,0000002603,函授,中央党校,行政管理,1998.07,2000.12
李生发,0000002603,研究生,甘肃省委党校,区域经济开发,2001.09,2004.07
李诗伟,0000002604,本科,,,,
李石保,0000002605,大专,华南农业大学,农业经济管理,1982.09,1984.07
李石保,0000002605,研究生,澳门科技大学,,1999.09,2002.11
李士祥,0000002607,函授,中央党校,政治学,,
李世英,0000002612,学习,重庆科技大学,企业管理,1985.03,1985.08
李世英,0000002612,函授,中央党校,党政管理,1990.08,1993.07
李世英,0000002612,研究生,中国人民大学,国民经济管理,1999.08,2001.12
李世英,0000002612,培训,甘肃省委党校,,2000.09,2001.01
李世英,0000002612,本科,甘肃农业大学,农学,1999.07,2002.07
李世英,0000002612,培训,中央党校,,2004.09,2005.01
李世英,0000002612,研究生,中央党校,经济管理,2005.01,2007.01
李仕忠,0000002613,本科,中央党校,,,
李仕忠,0000002613,学习,庆阳地区农校,农学专业,1981.09,
李水恒,0000002621,本科,广西大学成人教育学院专业证书班,文秘专业,1993.02,1995.02
李水恒,0000002621,研究生,广西师范大学在职研究生班,马克思主义理论与思想政治教育专业,1998.01,2000.01
李水华,0000002622,本科,广州体育学院,体育,1980.09,1984.07
李水华,0000002622,学习,中山大学,思想政治教育,1991.09,1993.07
李水华,0000002622,培训,省委党校,,2001.03,2001.07
李水华,0000002622,培训,省委党校,,2004.09,2005.01
李水华,0000002622,培训,广东省中青年领导干部赴法,,2005.10,2005.12
李水华,0000002622,培训,中央党校,,2014.03,2014.07
李涛,0000002630,研究生,省委党校,,,
李天,0000002631,本科,华南师范大学,汉语言文学,1982.09,1986.07
李天,0000002631,研究生,中央党校,经济学,2004.09,2006.07
李天,0000002631,培训,,,2008.07,2008.08
李廷俊,0000002636,本科,,,,
李旺泽,0000002644,进修,兰州大学,区域经济,1996.09,1998.09
李旺泽,0000002644,本科,甘肃农业大学,兽医,,
李为民,0000002645,专科,广东省委党校,,1984.09,1986.08
李维,0000002646,本科,省委党校,,,
李维山,0000002649,专科,郑州机械专科学校,机械制造,1979.09,1982.07
李维山,0000002649,研究生,华中科技大学,哲学,1995.10,1998.12
李维员,0000002650,本科,,,,
李伟,0000002655,本科,中南财大湖北财政分校会计系,审计专业,1990.09,1993.07
李伟,0000002655,学习,省委党校2011年“成长工程”第一期中青班,,2011.04,2011.06
李伟,0000002657,,新疆自治区党委党校,经济管理,1991.09,1994.12
李伟,0000002657,研究生,中国社会科学院,货币银行,1996.09,1998.11
李伟,0000002657,研修,清华大学,,2009.03,2009.05
李伟,0000002657,,新疆高等教育自学考试,行政管理,2010.03,2012.12
李伟,0000002657,研究生,新疆财经大学,工商管理,2012.09,2015.06
李伟,0000002657,培训,中央党校,,2014.03,2014.07
李伟,0000002658,,中国公学,,1929.00,
李伟林,0000002660,本科,黑龙江大学,经济法,2003.09,2006.07
李伟林,0000002660,研究生,东北林业大学,工程,2007.06,
李卫国,0000002662,,南京农业机械化学校,农业机械化,1982.09,1985.07
李卫国,0000002662,大专,省自学考试委员会南京大学,党政干部基础,1986.01,1989.02
李卫国,0000002662,本科,省委党校,行政管理,1988.07,1991.07
李卫国,0000002662,研究生,南京大学,行政管理,2000.09,2002.09
李卫国,0000002663,本科,湘潭大学,,1987.09,1989.07
李文海,0000002667,本科,南开大学,政治经济,1998.12,2000.12
李文起,0000002673,本科,清华大学,固体力学,1974.09,1978.02
李文起,0000002673,培训,省委党校,,1992.09,1992.12
李文起,0000002673,培训,中央党校,,2001.09,2002.01
李文起,0000002673,研究生,中央党校,法学理论,2003.01,
李锡海,0000002681,研究生,中央党校,经济管理,,
李锡海,0000002681,本科,河北电大,中文,1982.04,1985.06 
李锡海,0000002681,学习,河北财贸,企业管理,1988.08,1990.09
李锡海,0000002681,函授,中央党校,经济,1992.08,1994.12
李锡海,0000002681,函授,中央党校,政法,1996.08,1998.12
李锡海,0000002681,研究生,中央党校,经济管理,1997.09,2000.07
李喜气,0000002682,研究生,广东省委党校,经济学,1995.00,1998.00
李显庆,0000002685,本科,河南农大,管理,1987.09,1991.07
李宪生,0000002686,学习,武汉师范学院,政治教育,1977.01,1980.01
李宪生,0000002686,进修,中央党校,,1993.02,1993.07
李宪生,0000002686,培训,中央党校,,1996.09,1997.07
李宪生,0000002686,研究生,中央党校,政治经济学,1996.09,1999.07
李宪生,0000002686,博士,华中师范大学,中国近代史,1997.09,2000.06
李相生,0000002688,学习,长汀师范,,1965.09,1968.12
李相生,0000002688,学习,省委党校,,1981.09,1983.07
李祥,0000002690,学习,成县师范,,,1985.07
李小甘,0000002693,本科,中山大学,自然辩证法,1978.09,1982.07
李小平,0000002696,本科,江西大学,汉语言文学,1987.04,1990.06
李小平,0000002696,研究生,江西师范大学,历史,1988.08,1991.07
李小平,0000002696,培训,新加坡南洋理工大学,,,
李小平,0000002697,研究生,省委党校,,,
李晓光,0000002700,研究生,南开大学,工商管理,,
李新华,0000002705,大专,解放军西安政治学院,政治工作,1987.09,1990.07
李新华,0000002705,函授,中央党校,函授法律,1999.08,2001.12
李新华,0000002705,研修,清华大学,,2004.09,2004.12
李新平,0000002707,研究生,,,,
李新胜,0000002708,研究生,省委党校,,,
李新贤,0000002710,研究生,,经济学,,
李修武,0000002713,研究生,,经济学,,
李秀奇,0000002714,培训,中央团校,,1982.07,1982.12
李秀奇,0000002714,培训,河南省许昌市委党校,,1985.07,1987.07
李秀奇,0000002714,本科,河南省委党校,政治,1989.09,1991.07 
李秀奇,0000002714,培训,省委党校,,1997.03,1997.06
李秀奇,0000002714,研究生,北京师范大学,,,
李旭华,0000002715,高中,徐州中学,,1930.00,
李旭阳,0000002716,研究生,中央党校,,,
李雪峰,0000002724,本科,河南省洛阳师范学校,,1979.04,1981.04
李雪峰,0000002724,函授,中央党校,经济管理,1997.08,1999.12
李雪峰,0000002724,研究生,郑州大学,行政管理,2000.09,2002.07
李亚华,0000002727,学习,湖北省鄂城师范,,1980.09,1982.07
李亚华,0000002727,研究生,美国俄亥俄大学,工商管理,1999.12,2001.03
李亚华,0000002727,博士,中南财经政法大学,经济学,1999.09,2002.07
李言静,0000002731,本科,长春地质学院,金属及非金属,1975.08,1978.06
李言静,0000002731,研究生,吉林大学,政治学,1982.02,1984.12
李言静,0000002731,研究生,武汉大学,宪法学,1992.09,1995.06
李言静,0000002731,进修,中央党校,,2006.03,2006.07
李岩松,0000002732,本科,黑龙江大学,财税,,
李彦明,0000002737,学习,河北公安学校,,1980.09,1982.09
李彦明,0000002737,专科,河北大学,法律,1984.03,1987.06
李彦明,0000002737,研究生,省委党校,经济管理,1999.09,2001.12
李艳花,0000002738,,广西冶金工业职工大学,乡镇企业管理,1994.08,1996.08
李艳花,0000002738,本科,中央党校,行政管理,1998.09,2000.12
李艳花,0000002738,研究生,广西师范大学,经济史,2004.02,2006.01
李焱春,0000002741,专科,市委党校,企业管理,1985.09,1987.07
李焱春,0000002741,本科,省党校,经济管理,1989.03,1992.02
李焱春,0000002741,进修,黑龙江大学,马克思主义哲学,1998.03,2000.07
李焱春,0000002741,培训,省委党校,,2000.03,2004.01
李焱春,0000002741,培训,中央党校,,2003.09,2004.01
李焱春,0000002741,研究生,中央党校,法学理论,2004.01,2006.06
李耀华,0000002743,研究生,中央党校,管理学,,
李耀新,0000002745,本科,上海科技大学,半导体物理,1979.09,1983.09
李耀新,0000002745,研究生,哈尔滨工业大学,工业管理工程,1985.09,1988.09
李耀新,0000002745,博士,哈尔滨工业大学,工业管理工程,1988.09,1991.12
李耀新,0000002745,博士后,中国科学院,,1992.07,1994.12
李贻伟,0000002746,本科,华南工学院,轻化学造纸,1981.09,1985.09
李贻伟,0000002746,研究生,华南理工大学,轻化学造纸,1985.09,1988.06
李贻伟,0000002746,博士,中国人民大学,诉讼法学,2004.07,2007.07
李义,0000002748,本科,湖北省武汉市华中农学院,植物保护,1978.03,1982.01
李意珍,0000002751,,国防大学,,1976.02,
李意珍,0000002751,专科,华南师范学院,政治经济学,1983.09,1986.07
李荫奎,0000002755,本科,河南大学,政教,1980.00,1984.00
李英杰,0000002757,本科,河南农学院,制造,1980.09,1984.07
李英杰,0000002757,研究生,西安交通大学,工商管理,1997.12,2000.12
李盈奕,0000002758,专科,湖北省委党校,,1984.09,1986.07
李盈奕,0000002758,本科,中央党校,,1995.08,1997.12
李盈奕,0000002758,进修,湖北省委党校,,1999.08,1999.11
李应兰,0000002759,中专,四川省中药学校,中药,1980.09,1983.08
李应兰,0000002759,专科,成都中医学院,,1985.09,1989.06
李应兰,0000002759,培训,四川省委二党校,,1995.03,1995.05
李应兰,0000002759,本科,四川省委党校,经济管理,1995.08,1997.12
李应兰,0000002759,研究生,重庆市委党校,区域经济学,1998.09,2001.06
李永科,0000002762,专科,河北省商业学校,,1979.09,1981.07
李永科,0000002762,研究生,省委党校,,,
李永远,0000002764,培训,晋江地委党校,,1983.09,1985.08
李永远,0000002764,本科,中央党校,经济管理,,
李勇,0000002765,本科,,,,
李玉楷,0000002771,本科,华南农学院,林学,1979.09,1983.08
李玉楷,0000002771,研究生,中山大学,高级管理人员工商管理,2008.03,2010.06
李玉平,0000002774,中专,贵州省威宁民族师范学校,中师,1980.09,1982.08
李玉平,0000002774,培训,贵州省毕节地委党校,,1985.03,1985.07
李玉平,0000002774,学习,贵州民族学院,党政管理,1985.09,1987.07
李玉平,0000002774,学习,中央党校,涉外经济管理,1995.08,1997.12
李玉平,0000002774,培训,贵州省委党校,,1996.03,1996.07
李玉平,0000002774,培训,中央统战部干部培训中心苏州分部,,1999.04,1999.05
李玉平,0000002774,研究生,贵州省委党校,经济学,2001.09,2004.06
李玉平,0000002774,培训,国家行政学院,,2006.12,
李玉平,0000002774,培训,贵州省委党校,,2008.03,2008.05
李玉平,0000002774,研修,清华大学,公共管理,2009.01,2009.11
李玉萍,0000002775,本科,安徽农学院皖北分院,农经,1978.09,1982.08 
李玉萍,0000002775,培训,省委党校,,1998.09,1998.12
李玉萍,0000002775,研究生,东南大学,管理科学与工程,2000.09,2002.09
李玉萍,0000002775,研究生,澳门科技大学,工商管理,,2003.03
李毓毅,0000002779,高中,上海市育群中学,,1968.08,1971.10
李毓毅,0000002779,学习,上海教育学院,中文,1983.05,1984.11
李毓毅,0000002779,研究生,武汉体育学院,体育人文社会学,1997.09,2000.06
李元学,0000002785,,绥化地区粮食技校,粮油检验,1981.08,1983.08
李元学,0000002785,大专,黑龙江省粮食学校,商业企业管理,1985.08,1988.05
李元学,0000002785,本科,黑龙江省委党校,经济管理,1995.03,1998.01
李元学,0000002785,研究生,哈尔滨师范大学,经济管理,2000.09,2002.07
李元学,0000002785,研究生,黑龙江省委党校,经济管理,2006.03,2009.01
李远青,0000002787,专科,北京经济函授大学,经济管理,1988.01,1989.12
李远青,0000002787,专科,广东广播电视大学,法律,1989.09,1992.07
李远青,0000002787,研究生,广东省社会科学院,政治经济学,1998.09,2001.07
李月成,0000002788,专科,兴仁师范学校,,1974.10,1976.08
李月成,0000002788,进修,兴义师专,数学,1977.09,1978.08
李月成,0000002788,学习,兴义师专,中文,1979.09,1981.08
李月成,0000002788,培训,中央党校,,1992.08,1993.08
李月成,0000002788,培训,中国市长培训中心,,1999.05,1999.06
李月成,0000002788,研修,清华大学,现代公共管理,1999.10,2000.01
李月成,0000002788,研究生,中央党校,世界经济管理,1999.09,2002.07
李月成,0000002788,培训,美国培训考察团,,2006.02,2006.03
李月成,0000002788,培训,中组部第89期领导干部经济管理研究班,,2006.04,2006.04
李跃华,0000002790,学习,湖北襄阳农校,,1975.09,1977.09
李跃华,0000002790,学习,江苏南京农业大学,,1985.03,1986.07
李跃华,0000002790,本科,中央党校,经济管理,1996.09,1998.12
李跃华,0000002790,培训,湖北省委党校,,1999.09,1999.12
李跃勇,0000002791,本科,成都航院,给排水,1989.09,1992.07
李云德,0000002792,专科,贵州省江口县师范学校,普师,1980.08,1982.07
李云德,0000002792,本科,贵州省铜仁教育学院,中文,1985.07,1987.07
李云德,0000002792,培训,上海同济大学,,2001.11,2001.12
李云德,0000002792,培训,贵州省委党校,,2004.03,2004.05
李运才,0000002793,本科,,,,
李再先,0000002796,本科,中山大学,有机化学,1970.00,1973.08
李再先,0000002796,研究生,广东省委党校,经济学,1995.09,1998.07
李再勇,0000002797,本科,贵州农学院,农学,1979.09,1983.08
李再勇,0000002797,培训,遵义地委党校,,1990.10,1991.01
李再勇,0000002797,培训,中央党校,,2002.03,2002.05
李再勇,0000002797,研究生,中央党校,政治经济学,2000.09,2003.07
李泽,0000002798,本科,贵州工学院,铸造工艺及设备,1979.09,1983.03
李泽,0000002798,进修,厦门大学,行政管理学,1999.10,2001.10
李增良,0000002801,本科,,,,
李长友,0000002808,研究生,市委党校,工商管理,,
李振林,0000002820,本科,哈尔滨工业大学,微特电机及控制电器,1991.09,1995.08
李振林,0000002820,学习,广西南宁市委党校,,1999.10,1999.12
李振林,0000002820,研究生,美国纽黑文大学,公共管理,2002.09,2003.07
李震国,0000002824,研究生,,,,
李志恒,0000002831,本科,黑龙江大学,哲学,1980.09,1984.07
李志恒,0000002831,研究生,黑龙江大学,马克思主义哲学史,1986.06,1989.07
李志鹏,0000002832,专科,贵阳市财经学校,企业管理,1982.09,1984.07
李志鹏,0000002832,专科,四川大学,,1987.09,1989.06
李志鹏,0000002832,本科,贵州省委党校,经济管理,1998.09,2001.05
李志鹏,0000002832,进修,西北大学,MBA,1999.09,2002.10
李志鹏,0000002832,研究生,加拿大魁北克大学,MPM,2004.04,2006.03
李志伟,0000002833,本科,上海交通大学,工业工程管理,1986.09,1990.08
李志伟,0000002833,研究生,东北大学,东北大学软,2005.08,2007.01
李忠,0000002841,研究生,河北省委党校,,,
李忠,0000002842,本科,武汉钢铁学院（现武汉科技大学）,采选,1981.09,1985.07
李忠,0000002842,研究生,武汉大学,政治经济学,1996.09,1999.06
李忠,0000002842,培训,武汉大学,,2001.09,2002.04
李忠,0000002842,培训,美国纽约州大学,,2002.05,2002.11
李忠良,0000002845,专科,广东省委党校,党政,1989.10,1992.09
李忠良,0000002845,研究生,广东省委党校,经济管理,1996.09,1999.07
李忠培,0000002846,研究生,中国农业大学,农业推广,2006.03,2009.11
李忠培,0000002846,专科,山东曲阜师范大学,中文,1987.09,1989.07
李忠培,0000002846,本科,中央党校,法律,1999.08,2001.12
李转生,0000002850,本科,,公共管理,,
李灼冰,0000002851,本科,,,,
李自贤,0000002858,研究生,,,,
李祖权,0000002859,专科,贵州省委党校,经济管理,1994.09,1997.07
李祖权,0000002859,本科,贵州省委党校,法律,1999.09,2002.07
厉云,0000002862,本科,江西大学,哲学,,1982.00
栗进路,0000002866,培训,省委党校,,1985.09,1987.07
栗进路,0000002866,研究生,省委党校,经济管理,1999.03,2001.07
连子恒,0000002874,专科,许昌地委党校,,1984.11,1986.11
连子恒,0000002874,函授,省委党校,政治管理,1988.09,1991.07
连子恒,0000002874,研究生,中国社会科学院,企业管理,1996.12,1998.11
练有月,0000002877,专科,华南农业大学,,1983.09,
梁本佳,0000002879,本科,海南师范学院,中文,1977.03,1980.02
梁本佳,0000002879,研究生,广东省委党校,经济学,1996.09,1999.07
梁必志,0000002880,学习,湛江师范学院,化学专业,,1986.07
梁承祥,0000002884,学习,贵州省从江师范学校,,1978.09,1980.01
梁承祥,0000002884,学习,中央团校少数民族培训班,,1983.08,1983.12
梁承祥,0000002884,学习,贵州民族学院,干训部党政管理专业,1985.07,1987.07
梁承祥,0000002884,进修,贵州省委党校进修二班,,1990.09,1991.01
梁承祥,0000002884,本科,贵州省委党校,经济管理专业,1998.09,2001.07
梁承祥,0000002884,学习,北京大学经济管理高级研修班,,2001.01,2001.12
梁承祥,0000002884,研究生,贵州省委党校,政治学,2002.09,2005.06
梁承祥,0000002884,学习,中央党校培训部西部班,,2003.03,2003.06
梁道行,0000002887,本科,中山大学,无线电技术,1970.11,1973.12
梁栋,0000002888,专科,安庆农校,植保,1982.09,1984.07 
梁栋,0000002888,函授,安徽农学院,农学,1986.09,1989.07
梁栋,0000002888,研究生,中央党校,经管,1993.08,1995.12
梁光,0000002893,专科,克山师范专科学校,,1981.07,1984.07
梁光,0000002893,函授,省委党校,经济管理,1996.03,1999.01
梁光,0000002893,研究生,中央党校,,2004.07,2007.07
梁国安,0000002896,专科,中国人民大学,工业经济管理,1986.08,1989.06
梁国安,0000002896,研究生,广东省社会科学院,,1993.07,1995.07
梁国标,0000002897,本科,华南师范大学,中文,,
梁嘉庚,0000002902,大专,贵州省长顺师范学校,师范,1981.09,1984.08
梁嘉庚,0000002902,大专,贵州省委党校,党政管理,1988.08,1990.07
梁嘉庚,0000002902,学习,贵州省委党校,,2001.03,2001.07
梁嘉庚,0000002902,本科,贵州省委党校,党政管理,1996.09,1999.05
梁嘉庚,0000002902,研究生,贵州省委党校,政治学,2001.09,2004.06
梁建清,0000002903,本科,华南工学院（现为华南理工大学）,化学纤维,,
梁建文,0000002904,本科,广东民族学院,中文,1978.10,1982.07
梁建文,0000002904,培训,广东省委党校,,1995.07,1995.12
梁建文,0000002904,研究生,广东省委党校,中共党史,1996.09,1999.07
梁建文,0000002904,进修,广东省委党校,,2001.09,2002.01
梁建文,0000002904,研究生,中山大学,工商管理,2005.10,2007.06
梁明光,0000002911,学习,西北师大体育系,,1981.09,1985.07
梁明光,0000002911,学习,甘肃省委党校,人口资源与环境经济学专业,2005.09,2008.06
梁权财,0000002913,,海康师范学校,,1979.09,1981.08
梁权财,0000002913,本科,华南师范大学,英语,1984.09,1988.08
梁权财,0000002913,研究生,省委党校,哲学,1997.09,2000.07
梁权财,0000002913,培训,清华大学,,2010.04,
梁日春,0000002914,培训,广西柳州民族干校,,1986.09,1988.12
梁日春,0000002914,培训,玉林地区平南县宫成镇跟班,,1992.09,1992.10
梁日春,0000002914,专科,广西区委党校,行政管理,1996.09,1999.06
梁日春,0000002914,本科,中央党校,经济管理,1999.08,2001.12
梁天平,0000002919,本科,南阳师专,数学,,
梁天平,0000002919,研究生,中国社科院,,,
梁铁城,0000002920,本科,辽宁大学,哲学,1979.07,1983.08
梁铁城,0000002920,研究生,中央党校,经济管理,1986.09,1989.11
梁铁虎,0000002921,本科,郑州大学,政治,1974.00,1977.00
梁铁虎,0000002921,培训,河南省委党校,,1980.00,1981.10
梁铁虎,0000002921,培训,江西财经学院,,1980.00,1981.10
梁铁虎,0000002921,培训,河南省委党校,,1985.03,1985.07
梁铁虎,0000002921,培训,中国刑警学院,,1985.09,1986.01
梁维东,0000002923,中专,佛山地区工业学校,机械,1979.09,1981.07
梁维东,0000002923,大专,脱产在暨南大学,侨务,1985.09,1987.07
梁维东,0000002923,,国务院侨务办公室侨务干部学校,,1989.08,1990.01
梁维东,0000002923,研究生,澳大利亚莫道克大学,,1997.06,1999.03
梁维东,0000002923,培训,,,2009.07,2009.08
梁伟新,0000002926,函授,中央党校,党政管理,1996.08,1998.12
梁伟新,0000002926,研究生,中央党校,经济管理,2002.09,2005.07
梁伟新,0000002926,研究生,复旦大学,工商管理,2007.11,2010.01
梁湘,0000002928,本科,北京师范大学,,,
梁许赞,0000002929,专科,广东省委党校,经济管理,1993.09,1996.08
梁许赞,0000002929,研究生,,理学,,
梁旭辉,0000002930,本科,广西师范学院,地理,1981.09,1985.07
梁旭辉,0000002930,研究生,广西大学,政治经济学,1997.09,1999.07
梁毅民,0000002935,学习,佛山市财政学校,,1984.02,1984.08
梁毅民,0000002935,本科,广东省委党校,经济管理,1999.09,2001.12
梁毅民,0000002935,研究生,中山大学,工商管理,2003.09,2006.06
梁玉海,0000002936,学习,石家庄化工学校,化工机械,1978.03,1980.08
梁玉海,0000002936,本科,中央党校,经济管理,1993.08,1995.12
梁元东,0000002937,本科,广州师范学院,生物,1980.09,1984.07
梁早阳,0000002938,研究生,湖北大学,新闻,,
梁振江,0000002939,本科,,,,
梁志强,0000002941,专修,暨南大学,财政金融,1984.09,1986.07
梁志强,0000002941,研究生,西安公路交通大学,运输管理工程,1995.09,1997.04
梁志强,0000002941,进修,广东省委党校,,1999.03,1999.06
梁志强,0000002941,培训,中山大学牛津大学高级公务员培训班,,2004.09,2004.11
梁志强,0000002941,培训,中国浦东干部学院,,2005.04,
梁宗勇,0000002947,本科,广西农学院,农牧业经济管理,1987.09,1991.07
梁宗勇,0000002947,学习,广西自治区党委党校,,2005.06,2005.07
梁宗勇,0000002947,研究生,广西大学,工商管理,2007.03,2009.12
梁宗勇,0000002947,学习,广西自治区党委党校,,2014.08,2015.01
廖昌晖,0000002948,学习,贵阳医学院,医疗,1979.09,1984.08
廖昌晖,0000002948,培训,省委党校,,1988.09,1990.06
廖昌晖,0000002948,培训,贵州省委党校,,2002.02,2002.05
廖昌晖,0000002948,研究生,中央党校,,,
廖成明,0000002949,专科,广西桂林民族师范学校,师范,1980.09,1982.07
廖成明,0000002949,学习,广西梧州地区教师进修学院,中文,1985.08,1987.07
廖成明,0000002949,本科,广西师范大学,政治,1989.08,1992.07
廖成明,0000002949,研究生,中央党校,经济管理,1998.09,2001.07
廖德槐,0000002950,大专,龙岩地委党校,,1983.08,1985.09
廖海泉,0000002954,本科,贵州省道真县师范学校,,1981.09,1984.08
廖海泉,0000002954,培训,中央团校,,1990.05,1990.08
廖海泉,0000002954,学习,中央民族学院,党政管理,1991.09,1993.07
廖海泉,0000002954,学习,中央党校,党政管理,1998.08,2000.12
廖海泉,0000002954,培训,遵义市委党校,,1999.09,1999.12
廖海泉,0000002954,研究生,贵州省委党校,公共管理,2004.09,2007.06
廖礼团,0000002956,本科,,,,1980.00
廖其刚,0000002957,本科,贵州教育学院,,1990.09,1992.06
廖旭材,0000002962,学习,华南工学院,电气自动化专业,1975.09,
廖旭材,0000002962,本科,中国行政函授大学,人事管理专业,1986.05,1988.06
廖应灿,0000002963,本科,广西民族学院,政治,1987.09,1991.07
廖照德,0000002965,专科,广西桂林市师范学院,普师,1985.09,1988.07
廖照德,0000002965,学习,广西大学,法律,1989.04,1991.12
廖照德,0000002965,本科,中央党校,政法,1995.09,1997.12
廖照德,0000002965,研究生,中南大学,经济学,2002.09,2004.06
林伯前,0000002969,专科,南安师范学校,,1978.09,1980.08
林伯前,0000002969,学习,福建省电大,语文,1982.09,1985.08
林伯前,0000002969,本科,中央党校,党政管理,1997.09,2000.01
林伯前,0000002969,培训,中央党校,,2003.03,2003.06
林昌富,0000002970,本科,贵州民族学院,行政管理系行政管理专业,1986.09,1990.07
林昌富,0000002970,研究生,省委党校,,,
林东,0000002974,专科,海南师范专科学校,数学,1979.09,1982.07
林东,0000002974,培训,上海财大举办的全国审计资师培训,,1986.09,1987.01
林东,0000002974,研究生,中山大学,会计审计,1996.09,1998.09
林东,0000002974,研究生,澳门科技大学,工商管理,2001.10,2003.01
林东,0000002974,研究生,中央党校,济学,2004.09,2007.07
林铎,0000002976,本科,解放军海军潜艇学校、海军工程学院,,1974.12,1979.03
林铎,0000002976,本科,北京市委党校,党建,1990.09,1993.07
林铎,0000002976,培训,中央党校,,1995.09,1996.07
林铎,0000002976,研究生,中央党校,法学,1995.09,1998.07
林铎,0000002976,研究生,北京市委党校,经济管理,1994.09,1997.07
林共妙,0000002982,本科,,,,
林广华,0000002983,本科,华南师范大学,,1987.00,1991.00
林国华,0000002984,研究生,广东省委党校,经济学,1999.09,2002.07
林国华,0000002984,培训,广东省委党校,,2012.03,2012.07
林国耀,0000002985,本科,南京大学,经济管理,1982.09,1986.07
林海波,0000002986,本科,广西师范大学,汉语言文学,1990.09,1994.07
林海波,0000002986,研究生,广西大学,工商管理,2008.09,2010.07
林浩坤,0000002987,专科,省委党校,,,
林合坤,0000002988,学习,青岛教育学院,中文,1983.09,1986.06
林合坤,0000002988,研究生,中央党校,经济管理,2004.03,2006.01
林洪,0000002989,本科,中山大学,马列主义,1985.09,1989.06
林洪,0000002989,研究生,广东省委党校,经济学,1996.09,1999.08
林桦,0000002992,本科,,,,
林健雄,0000002996,研究生,省委党校,,,
林杰,0000002997,研究生,,,,
林锦清,0000002998,专科,江门市委党校,党政,1985.09,1987.08
林进球,0000002999,,阳江师范,,1980.09,1983.08
林进球,0000002999,专科,广东省委党校,行政管理,1990.09,1993.07
林进球,0000002999,本科,广东省委党校,经济管理,1993.09,1996.07
林进球,0000002999,研究生,广东省委党校,国际经济管理,1999.09,2002.07
林克庆,0000003002,博士,中国人民大学,宗教学,,
林岚,0000003004,大专,县电大,党政管理,1984.09,1986.07
林岚,0000003004,研究生,省委党校,经济学,1995.09,1998.07
林岚,0000003004,学习,省委党校,,2000.03,2000.07
林利育,0000003005,本科,暨南大学,行政管理,1990.09,1992.07
林利育,0000003005,本科,广东省委党校,经济管理,1994.09,1997.06
林利育,0000003005,培训,惠州市第十三期中青班,,1994.04,1999.06
林平,0000003015,本科,华南师范大学,化学,1980.09,1984.07
林平,0000003015,本科,中央党校,政法,1996.08,1998.12
林强,0000003018,专科,,,,
林如鑫,0000003023,专科,华师大,政治理论,1984.05,1988.06
林如鑫,0000003023,本科,省委党校,经济管理,1996.09,1998.12
林如鑫,0000003023,培训,中央党校,,2001.02,2001.07
林山青,0000003027,本科,山东大学,法学,1981.07,1985.07
林少明,0000003029,本科,中共中央党校,政法专业,2000.08,2002.12
林少明,0000003029,研究生,中共中央党校研究生院,经济学专业,2006.09,2009.07
林少文,0000003030,本科,汕头大学,数学,1986.09,1990.06 
林诗銮,0000003033,专科,,,,
林万明,0000003040,学习,厦门大学,经济管理,1995.06,1997.12
林万明,0000003040,专科,省委党校,经济管理,2001.09,2004.06
林文芳,0000003042,本科,中央党校,政法,1997.08,1999.12
林文钊,0000003043,本科,广东广播电视大学,工业企业经营管理,1983.09,1986.09
林文钊,0000003043,研究生,广东省委党校,经济学,1999.09,2002.09
林绪文,0000003054,学习,安徽省财政学校,,1981.09,1983.07
林绪文,0000003054,专科,安徽广播电视大学,财会,1989.09,1991.09
林绪文,0000003054,本科,中央党校,经管,2001.08,2003.12
林绪文,0000003054,进修,合肥工业大学,管理科学工程,2003.09,2005.07
林英健,0000003059,本科,厦门大学,海洋生物,1980.09,1984.07
林英健,0000003059,研究生,省委党校,经营,1998.09,2001.01
林元达,0000003061,本科,中国人民大学,经济学,1992.09,1996.07
林元达,0000003061,研究生,北京大学,金融学,2003.09,2006.07
林昭闹,0000003063,本科,中央党校,经济管理,,
林中坚,0000003066,专科,湛江农业专科学校,农学,1980.09,1983.08
林中坚,0000003066,研究生,中山大学,世界经济,1993.09,1995.07
林中坚,0000003066,博士,中山大学,中国哲学,1999.09,2004.12
林忠,0000003067,本科,省委党校,,,
蔺波,0000003069,专科,黑河地区师范学校,化学,1980.09,1983.08
蔺波,0000003069,研究生,黑龙江省委党校,经济管理,1995.06,1997.12
蔺波,0000003069,研究生,吉林大学,马克思主义中国化研究,2007.09,2011.06
凌青利,0000003072,本科,北京大学,地貌及第四纪学,1984.09,1988.08
凌青利,0000003072,学习,清华大学继续教育学院,企业管理,1999.09,2002.06
凌伟宪,0000003073,专科,华南师范大学,,1983.09,1985.07
凌伟宪,0000003073,本科,中央党校,经济管理,1992.08,1994.12
凌伟宪,0000003073,研究生,中央党校,经济管理,1997.09,2000.07
令续鹏,0000003075,本科,天水师范学院,汉语言文学专业,1986.09,1989.07
刘柏洪,0000003077,专科,广东广播电视大学,审计,1986.09,1989.07
刘柏洪,0000003077,本科,湖南大学,财政学,2001.09,2004.11
刘柏洪,0000003077,研究生,中南财经政法大学,工商管理,2006.00,2008.00
刘宝玲,0000003079,本科,河北师范学院,物理,1978.09,1982.08
刘宝玲,0000003079,培训,中央党校,,1998.10,1998.11
刘宝玲,0000003079,研究生,中央党校,科学社会主义,2000.09,2003.07
刘宝亚,0000003080,研究生,市委党校,,,
刘彪,0000003083,专科,山西省委党校,,,
刘曾君,0000003093,大专,荆州地委党校,党政,1985.09,1987.07
刘曾君,0000003093,研究生,省委党校,经济管理,1996.08,1999.09
刘朝容,0000003099,专科,贵州省委党校,党政管理,1988.09,1990.07
刘朝容,0000003099,培训,贵州省委党校,,1997.03,1997.07
刘朝容,0000003099,本科,贵州省委党校,行政管理,1993.09,1996.07
刘朝容,0000003099,研修,清华大学继续教育学院,现代公共管理,1999.10,2000.01
刘朝容,0000003099,进修,贵州大学人文学院,民商法,2000.09,2002.07
刘朝容,0000003099,研究生,贵州省委党校,法学,2003.09,2006.06
刘朝瑞,0000003100,专科,内乡师范,,1978.04,1980.04
刘朝瑞,0000003100,学习,河南农业大学,农业经济管理,1993.09,1996.07
刘朝瑞,0000003100,研究生,亚洲（澳门）国际公开大学,工商管理硕士（MBA）,1997.09,1999.06
刘朝瑞,0000003100,博士,武汉理工大学,管理,2002.09,
刘春波,0000003109,本科,省委党校,经济管理,1993.03,1996.07
刘春波,0000003109,研究生,省委党校,经济管理,2003.03,2006.07
刘春波,0000003109,培训,省委党校,,2006.03,2006.06
刘德诚,0000003120,本科,黑龙江大学,中文,1979.09,1983.07
刘东豪,0000003124,本科,中山大学,经济地理与城乡区域规划,1994.09,1998.07
刘东豪,0000003124,研究生,吉林大学,马克思主义理论与思想政治,2006.09,2009.06
刘多兵,0000003126,培训,市委党校,,1986.08,1986.11
刘多兵,0000003126,学习,哈尔滨科技大学,行政与公共关系,1988.08,1990.06
刘多兵,0000003126,学习,中国军地两用人才大学,公共关系,1988.07,1990.06
刘多兵,0000003126,学习,省电大,企业管理,1989.07,1992.05
刘多兵,0000003126,培训,省委党校,,1996.09,1996.11
刘多兵,0000003126,学习,中央党校,经济管理,2000.08,2002.12
刘多兵,0000003126,培训,省委党校,,2005.10,2005.12
刘芳,0000003128,中专,广西柳州市卫生学校,医士,1977.03,1979.04
刘芳,0000003128,本科,广西经济干部学院,政治工作管理,1987.07,1989.07
刘芳,0000003128,研究生,武汉大学,马克思主义哲学,1993.09,1996.06
刘飞跃,0000003130,本科,,农学,,
刘峰,0000003133,中专,河北纺织工业学校,印染,1981.09,1983.07
刘峰,0000003133,本科,中国人民大学,经济管理,1985.09,1990.07
刘峰,0000003134,本科,四川工业学院,铸造,1983.08,1987.07
刘峰,0000003134,研究生,西南师范大学,人文地理学,1996.09,1998.06
刘富春,0000003143,专科,甘肃财贸学校,商业经济管理,1979.02,1981.12
刘富春,0000003143,本科,中央党校,经济管理,1995.08,1997.12
刘刚,0000003145,研究生,湖北省委党校,,,
刘刚,0000003146,本科,西南农业大学农学系,,1979.09,1983.08
刘刚,0000003146,研究生,兰州大学化学化工学院,高分子化学专业,1998.09,2000.06
刘刚,0000003146,博士,中科院兰州化物所,物理化学专业,2000.09,2004.11
刘光全,0000003152,专修,四川师范大学,政治理论,1982.09,1984.07
刘光全,0000003152,研究生,重庆市委党校,党史党建,1997.09,2000.06
刘广明,0000003155,本科,周口农校,农学,1980.09,1983.07
刘广明,0000003155,本科,河南省委党校,政治管理,1989.09,1991.07
刘广明,0000003155,研究生,河南省党校,行政管理,1998.09,2001.07
刘贵忠,0000003156,本科,西安公路学院,交通财务,1984.09,1988.08
刘贵忠,0000003156,研究生,重庆大学,工程,2002.03,2005.06
刘贵忠,0000003156,研究生,重庆大学,MBA,2002.03,2005.06
刘桂东,0000003157,,滦县师范学校,体育,1979.01,1981.01
刘桂东,0000003157,函授,省委党校,经济管理,1993.09,1996.07
刘桂东,0000003157,研究生,哈尔滨工程大学,研究生课程进修班管理科学与工程,2000.12,2002.07
刘桂东,0000003157,函授,省委党校,经济管理,2004.09,2006.12
刘国华,0000003161,,依兰师范学校,普师,1982.09,1986.08
刘国华,0000003161,大专,吉林大学,经济管理,1988.09,1991.04
刘国华,0000003161,本科,中央党校,经济管理,1992.08,1994.12
刘国华,0000003161,研究生,黑龙江省委党校,经济管理,2001.03,2003.07
刘国华,0000003161,MBA,哈尔滨工业大学,,2010.09,2013.01
刘国庆,0000003169,本科,,,,
刘海城,0000003174,本科,黑龙江大学,国民经济管理,1985.09,1989.07
刘宏兴,0000003180,学习,中央党校,经济管理,1992.08,1994.12 
刘宏兴,0000003180,研究生,黑龙江省委党校,经济管理,1999.08,2002.01
刘宏业,0000003181,专科,枣阳师范学校,,1981.09,1984.07
刘宏业,0000003181,本科,华中师范大学,历史,1985.07,1990.01
刘宏业,0000003181,培训,湖北省委党校,,2001.02,2001.04
刘洪浩,0000003182,研究生,中央党校,,,
刘洪久,0000003184,专科,黑龙江省绥化师范专科学校,,1981.09,1984.08
刘洪久,0000003184,研究生,黑龙江省委党校,经济管理,1997.05,1999.12
刘洪久,0000003184,培训,黑龙江省委党校,,2006.05,2006.07
刘鸿若,0000003185,,北平师范,,,1933.00
刘鸿若,0000003185,学习,山东抗日军政干校,,,
刘湖镜,0000003187,本科,河南大学,中文,1979.09,1983.07
刘惠祥,0000003197,本科,中山大学,中文,1979.09,1983.07
刘嘉文,0000003204,进修,惠州教育学院,政治,1983.09,1985.07
刘嘉文,0000003204,培训,中央党校,,2001.03,2001.07
刘嘉文,0000003204,培训,美国哥伦比亚大学,,2005.08,2005.09
刘嘉文,0000003204,研究生,广东省委党校,经济学,,
刘建华,0000003208,本科,河南师范大学,政治教育,1978.00,1982.00
刘建军,0000003209,,东北重型机械学院,轧钢机械设计及制造,1978.02,1981.12
刘建军,0000003209,,东北重型机械学院,轧钢机械,1983.09,1986.04
刘建军,0000003209,博士,燕山大学,轧钢机械,1990.09,1996.05
刘建立,0000003211,专科,唐山市职工大学,工业企业管理,1989.11,1991.03
刘建立,0000003211,学习,中央党校,经济管理,1997.08,1999.12
刘建立,0000003211,研究生,省委党校,经济管理,1999.09,2001.12
刘建民,0000003213,专科,黔南民族师范专科学校,中文,1979.09,1981.09
刘建民,0000003213,学习,贵州教育学院,中文,1988.09,1990.07
刘建民,0000003213,学习,贵州省委党校,,1998.09,1999.01
刘建民,0000003213,研究生,贵州省委党校,政治学,2001.09,2004.06
刘建民,0000003213,进修,深圳经理进修学院,,2004.07,2004.09
刘建民,0000003213,研修,清华大学,,2010.03,2010.04
刘建平,0000003215,专科,北京民政学院,,1988.09,1990.08
刘建平,0000003215,本科,中央党校,党政管理,1998.09,2001.06
刘建平,0000003215,研究生,贵州大学,民商法,2004.03,2006.08
刘建伟,0000003217,研究生,,,,
刘建伟,0000003218,研究生,省委党校,经济学,1995.09,1998.07
刘建新,0000003219,中专,宜昌地区工业学校,电机,,1981.06
刘建新,0000003219,专科,武汉大学,党政干部基础科,1981.06,1886.10
刘建新,0000003219,本科,武汉大学,行政管理,1986.10,2001.06
刘建新,0000003221,学习,新疆维吾尔自治区高等教育,政治理论,1985.04,1988.11
刘建新,0000003221,培训,新疆维吾尔自治区党委党,,1994.09,1994.11
刘建新,0000003221,函授,中央党校,经济管理,1995.08,1997.12
刘建新,0000003221,研究生,石河子大学,经济管理,1998.09,2000.07
刘建新,0000003221,进修,中央党校,,1999.03,1999.07
刘建新,0000003221,培训,中央党校,,2004.03,2005.01
刘剑,0000003223,本科,中国人民大学,价格学,1988.09,1992.07
刘剑,0000003223,研究生,中国人民大学,国民经济计划与管理,1996.10,1998.11
刘剑,0000003223,研究生,中欧国际工商学院,工商管理,2002.09,2004.11
刘金龙,0000003241,大专,保定地委党校,,1984.09,1986.09
刘金龙,0000003241,研究生,北京大学,区域经济学,1997.07,1999.07
刘金龙,0000003241,函授,河北大学,成教函授法学,2001.09,2004.07
刘金龙,0000003241,本科,中央党校,行政管理,2003.09,2005.12
刘金元,0000003242,专科,襄阳农校,,1983.08,1986.01
刘金元,0000003242,函授,湖北工学院,,1988.05,
刘金元,0000003242,研究生,湖北省委党校,克思主义哲学,,
刘军,0000003246,本科,省委党校,,,
刘军,0000003248,本科,,,,
刘军,0000003249,本科,贵阳中医学院,中医,1979.09,1984.08
刘军,0000003249,学习,清华大学,经管,1996.09,1997.01
刘俊杰,0000003253,,开封市第二师范学校,,1980.09,
刘俊杰,0000003253,本科,河南省委党校,经济,1994.09,1996.12
刘俊杰,0000003253,进修,河南省委党校,,2007.09,2007.11
刘俊杰,0000003253,研究生,河南省委党校,经济管理,2006.09,2009.06
刘俊杰,0000003253,培训,河南省委党校,,2011.09,2011.12
刘凯,0000003257,学习,省委党校,经济管理,1990.06,1993.06
刘凯,0000003257,本科,省委党校,法律,1997.08,1999.12
刘凯,0000003258,本科,北京大学,哲学,2002.09,2006.07
刘凯,0000003258,博士,北京大学,马克思主义哲学,2006.07,2010.07
刘凯,0000003258,访问学者,英国牛津大学,,2009.02,2009.12
刘凯,0000003258,博士后,北京大学,,2012.04,2014.12
刘名启,0000003276,学习,华南师范学院,中文,,1968.12
刘名启,0000003276,研究生,复旦大学,经济学,,1968.12
刘明杰,0000003279,本科,中国人民大学,,1986.09,1990.07
刘品谋,0000003289,专科,惠州教育学院,中文,,
刘旗,0000003299,博士,,管理学,,
刘强,0000003302,研究生,中国社会科学院,工商管理,1995.12,1997.11
刘强,0000003303,本科,重庆科技进修大学,工商企业管理,1984.09,1986.09
刘强,0000003303,学习,中央党校,经济管理,1994.09,1996.12
刘强,0000003303,研究生,重庆市委党校,法律,1997.09,2000.07
刘强,0000003303,进修,中央党校,,2003.03,2003.07
刘强,0000003303,研究生,重庆大学,工商管理,2005.09,2007.06
刘强,0000003303,培训,中央党校,,2011.03,2011.07
刘清生,0000003309,本科,华中农学院农机系,农业机械化专业,1980.09,1984.07
刘清生,0000003309,研究生,广西农学院农机系,农业机械化专业,1987.09,1990.07
刘清生,0000003309,博士,北京师范大学,哲学与社会学学院管理哲学专业,2007.05,2009.01
刘庆生,0000003311,本科,中央党校,经济管理,1993.08,1995.12
刘庆生,0000003311,研究生,中欧国际工商学院,高层管理人员工商管理,2009.03,2011.06
刘全会,0000003315,本科,河北林业专科学校,平原绿化,1976.12,1978.11
刘全会,0000003315,研究生,河北农大,森林培育学,2000.09,2004.07
刘荣祥,0000003318,本科,安徽大学,国民经济计划与管理,1986.09,1990.07
刘汝生,0000003319,本科,河南农学院,植物保护,1978.03,
刘睿,0000003321,本科,山东矿业学院,汉语言文学,1988.09,1990.07
刘睿,0000003321,培训,贵州省团校,,1991.03,1991.05
刘睿,0000003321,学习,贵州省委党校,党政管理,1995.09,1998.08
刘睿,0000003321,培训,贵州省委党校,,2004.10,2004.12
刘睿,0000003321,研修,清华大学,,2009.10,
刘森,0000003325,本科,山东农业机械化学院（现山东理工大学）,机械制造工艺与设备,1984.09,1988.07
刘森,0000003326,学习,山东干部函授学院,外经外贸,1994.07,1997.06
刘森,0000003326,专科,山东师范大学,法律,1999.07,2002.07
刘森,0000003326,博士,北京师范大学,美学与文化创意产业,2007.06,2009.12
刘闪星,0000003327,本科,广东省委党校,经济管理,,
刘闪星,0000003327,函授,省委党校,经济管理,1998.07,2000.12
刘闪星,0000003327,培训,省委党校,,2002.09,2003.01
刘尚进,0000003330,本科,河南师范大学,教育管理,1989.09,1993.07
刘尚贤,0000003332,中学,武乡县民族革命中学,,1938.01,
刘圣华,0000003335,本科,昆明工学院,矿业机械,1986.09,1990.07
刘圣华,0000003335,研究生,北京科技大学,机械制造,1994.09,1997.03
刘圣华,0000003335,学习,英国华威大学,工商管理,2001.03,2001.09
刘圣华,0000003335,博士,华中科技大学,管理学,,
刘胜军,0000003336,本科,东北工学院,工业热工及热能利用专业,1984.11,
刘胜军,0000003337,本科,贵州农学院,林学专业,1983.09,1987.07
刘胜军,0000003337,学习,黔南州委党校中青班,,1999.03,1999.06
刘书锋,0000003343,本科,东北财经大学,工业经济管理,,1989.08
刘天波,0000003355,研究生,甘肃省委党校,国民经济学,2008.09,2011.05
刘天波,0000003355,培训,甘肃省委党校,,2010.09,2011.01
刘同鑫,0000003356,本科,,,,
刘维国,0000003360,本科,,,,
刘伟,0000003363,博士,,法学,,
刘卫东,0000003367,,广东省机械学校韶关分校,,1978.09,1980.09
刘卫东,0000003367,专科,广东省电视大学,,1985.09,1988.07
刘卫东,0000003367,研究生,省委党校,经济,1995.09,1998.07
刘卫东,0000003367,进修,省委党校,,2001.09,2001.12
刘卫东,0000003367,培训,省委党校,,2005.09,2005.12
刘卫东,0000003367,研究生,澳门〈亚洲〉公开大学,MBA,2003.08,2007.11
刘卫东,0000003367,培训,广东省第三期领导干部区域经济发展主题培训班〈法国班〉,,2010.10,2010.11
刘文彪,0000003368,专科,滑县师范学校,普师,1980.09,1982.07 
刘文彪,0000003368,本科,河南省委党校,经济管理,1994.09,1996.12
刘文彪,0000003368,研究生,河南省委党校,经济管理,1998.09,2001.07
刘文彪,0000003368,培训,省委组织部第十一期赴新加坡涉外经济培训班,,2001.07,
刘文年,0000003369,本科,吉林大学,法学,,
刘文萍,0000003370,,大名师范学校,,1985.09,1988.08
刘文萍,0000003370,本科,河北教育学院,政教,1990.09,1993.06
刘文萍,0000003370,研究生,河北省委党校,在职研究生班经济管理,2002.09,2005.07
刘文萍,0000003370,培训,中央党校,,2014.03,2015.01
刘文勤,0000003371,专科,承德师专,中文,1980.09,1982.07
刘文勤,0000003371,本科,河北师范学院,汉语言文学,1988.04,1995.05 
刘文勤,0000003371,研究生,中国农大,经管,1998.05,2000.06
刘文勤,0000003371,研究生,中国农业大学,农业推广,2005.01,
刘文献,0000003372,培训,贵州省教师进修学校,,1960.08,1965.11
刘文献,0000003372,本科,贵州大学,哲学,1972.07,1975.02
刘文新,0000003373,学习,修文师范学校,师范,1982.07,1985.07
刘文新,0000003373,学习,贵州省高等教育自学考试,法律,1987.09,1989.04
刘文新,0000003373,学习,贵州省委党校,法律,1997.09,2000.07
刘文新,0000003373,研究生,中央党校,经济管理,2007.09,2010.07
刘先裘,0000003380,专科,福建教育学院,历史,1987.08,1989.07
刘先裘,0000003380,函授,中央党校,经济管理,1993.08,1995.12
刘先裘,0000003380,研究生,香港公开大学,工商管理,2003.04,2005.06
刘小军,0000003383,研究生,广东省委党校,经济学,1996.09,1999.07
刘小军,0000003383,培训,广东省委党校,,2001.09,2002.01
刘小军,0000003383,研究生,中山大学,行政管理,2005.09,2008.07
刘小军,0000003383,培训,英国剑桥大学,,2007.11,2007.12
刘晓凯,0000003388,学习,清华大学,焊接,1978.10,1983.07
刘晓凯,0000003388,培训,中央党校,,1994.09,1995.07
刘晓凯,0000003388,研究生,中央党校,中共党史,1994.09,1997.01
刘晓云,0000003390,学习,定西卫校,检验,1978.08,1981.08
刘晓云,0000003390,培训,全国环境保护专业培训班,,1987.11,1989.10
刘晓云,0000003390,专科,甘肃省广播电视大学,工业企业管理,1991.09,1993.07
刘晓云,0000003390,培训,张掖地委党校,,1993.09,1993.11
刘晓云,0000003390,本科,中央党校,经济管理,1996.08,1998.12
刘晓云,0000003390,培训,中瑞合作甘肃城市规划与环境保护管理官员培训班,,2000.05,2001.04
刘晓云,0000003390,研究生,甘肃省委党校,工商管理,2000.09,2003.06
刘忻,0000003393,本科,太原机械学院,自动控制,1983.09,1987.07
刘忻,0000003393,研究生,哈尔滨船舶工程学院,,,
刘忻,0000003393,博士,哈尔滨船舶工程学院,,,
刘新池,0000003394,专科,华农咸宁分院,,1979.09,1982.08
刘新池,0000003394,培训,湖北省委党校,,1995.02,1995.06
刘新池,0000003394,本科,中央党校,经济管理,1993.08,1995.12
刘新池,0000003394,培训,?湖北省委党校,,2004.03,2004.05
刘新池,0000003394,研究生,省委党校,经济管理,2004.09,2007.12
刘新宇,0000003396,学习,?承德师专,中文,1980.09,1982.09
刘新宇,0000003396,本科,中央党校,经济管理,,
刘新宇,0000003396,研究生,中国农大,农业推广,,
刘新宇,0000003397,本科,四川省公安学校,公安,1978.03,1980.03
刘新宇,0000003397,专科,四川电大,党政管理,1984.09,1986.07
刘新宇,0000003397,本科,四川省委党校,法律,1995.09,1997.12
刘兴万,0000003400,本科,贵州省财经学院,工业经济管理,1980.09,1984.08
刘修海,0000003404,研究生,,农业推广,,
刘学华,0000003409,研究生,,,,
刘学江,0000003410,本科,,,,
刘学普,0000003414,专科,四川省石柱县师范,文科,1978.04,1980.04
刘学普,0000003414,函授,重庆师范学院,汉语言文学,1979.03,1984.07
刘学普,0000003414,研究生,重庆市委党校,区域经济学,1998.09,2001.06
刘学普,0000003414,培训,中央党校,,2000.03,2001.01
刘学普,0000003414,研究生,中央党校,法学理论,2000.03,2003.01
刘学普,0000003414,培训,中国延安干部学院,,2005.09,2005.10
刘雪荣,0000003416,本科,华中工学院,电机,1980.09,1984.07
刘雪荣,0000003416,研究生,华中师范大学,政治经济学,1994.09,1997.07
刘雪荣,0000003416,本科,美国俄亥俄大学,,2000.03,2001.03
刘雪荣,0000003416,培训,中国浦东干部学院,,2008.09,2008.11
刘雪荣,0000003416,培训,美国哈佛大学,,2010.07,2010.08
刘彦华,0000003417,本科,河北广播电视大学,电子,1979.02,1982.07
刘彦华,0000003417,研究生,中央党校,经管,2004.03,2006.01
刘雁冬,0000003419,本科,省邮电学校,邮政通信管理,1987.09,1990.01
刘一民,0000003422,本科,华南理工学院,工业电气自动化,1976.10,1980.09
刘一民,0000003422,研修,清华大学,现代公共行政管理,1999.10,2000.01
刘一民,0000003422,研究生,贵州省委党校,行政学,2002.09,2005.07
刘一民,0000003422,培训,上海浦东干部学院,,2004.08,
刘毅,0000003425,本科,华南师范大学,汉语言文学,1980.09,1984.07
刘毅,0000003425,研究生,对外经济贸易大学,国际贸易,1997.04,1999.05
刘毅,0000003425,培训,广东省委党校,,2005.03,2005.07
刘毅,0000003425,培训,广东省第一期中青年领导干部公共管理专业培训班（法国班）,,2005.11,2005.12
刘毅,0000003425,培训,广东省第六期领导干部美国高级培训班（耶鲁班）,,2010.08,2010.09
刘颖,0000003426,,天津市轻工业学院,化工机械,1975.08,1978.01
刘颖,0000003426,研究生,天津财经学院,统计学,1996.07,1998.05
刘应文,0000003429,研究生,省委党校,,,
刘永革,0000003430,学习,甘肃农业大学,林学,1989.09,1993.07
刘永革,0000003430,研究生,,农业推广,,
刘永军,0000003431,本科,河北广播电视大学,汉语言文学,1985.09,1988.07
刘永军,0000003431,学习,中央党校,经管,1997.08,1999.12
刘永军,0000003431,研究生,省委党校,经管,1999.09,2001.12
刘勇,0000003436,专科,宁都师范学校,中文,1978.09,1980.07 
刘勇,0000003436,本科,江西广播电视大学,汉语言文学,1982.09,1985.07
刘勇,0000003436,本科,中央党校,经济管理,1994.08,1996.12
刘勇,0000003436,培训,赣州市委党,,2000.03,2000.04
刘勇,0000003436,培训,上海市委党校,,2002.11,2002.11
刘勇军,0000003439,本科,中央党校,,,
刘友凡,0000003440,专修,委党校,,1983.09,1986.07
刘友凡,0000003440,培训,中央党校,,1992.09,1993.07
刘友凡,0000003440,研究生,省委党校,政治经济学,1995.09,1998.07
刘有年,0000003441,本科,华中师范大学,化学,1981.09,1985.07
刘有年,0000003441,培训,孝感地委党校,,1992.09,1991.11
刘有年,0000003441,研究生,湖北省委党校,中共党史,1998.09,2011.09
刘宇飞,0000003442,本科,湖北大学,行政管理,1990.07,1992.07
刘宇飞,0000003442,研究生,湖北省委党校,,,
刘玉华,0000003444,专科,河北交通学校,道桥,1979.09,1981.10
刘玉华,0000003444,本科,长安大学（原西安公路交通大学）,路桥,1984.09,1990.12
刘玉华,0000003444,进修,河北工业大学,技术经济管理,1999.07,2000.10
刘玉建,0000003445,本科,北京大学成人教育学院国际政治系,,1987.09,1989.07
刘玉建,0000003445,学习,阜阳师范学院,历史学专业,2004.03,2007.01
刘毓文,0000003452,研究生,长春税务学院,财政学专业,,
刘毓文,0000003452,学习,中共贵州省委党校,,1984.00,1986.00
刘毓文,0000003452,学习,长春税务学院,财政学专业,1998.09,1999.07
刘远,0000003453,本科,福建省农学院,植保,1979.09,1983.07 
刘远,0000003453,培训,福建省委党校,,1983.08,1983.10
刘悦伦,0000003455,本科,中山大学,哲学,1978.03,1984.12
刘悦伦,0000003455,研究生,英国利物浦大学,公共行政,1989.10,1993.11
刘云广,0000003457,研究生,市委党校,经济管理,,
刘云友,0000003458,本科,,,,
刘占方,0000003462,本科,淮阳师范学校,政治,1978.10,1980.09
刘占方,0000003462,进修,中国政法大学,法学,2007.05,2010.06
刘占方,0000003462,培训,河南省委党,,2008.03,2008.07
刘长江,0000003466,,贵州广播电视大学,语言类汉语言文学,1982.09,1985.01
刘长江,0000003466,学习,贵州教育学院,汉语言文学,1991.09,1994.07
刘长江,0000003466,进修,中央党校,,2003.09,2004.01
刘长江,0000003466,研究生,贵州省委党校,经济学,2002.09,2005.06
刘长江,0000003467,专科,清水农校,农学,1980.09,1983.07
刘长江,0000003467,研究生,西北师范大学,人文地理学,2001.05,2003.10
刘钊,0000003470,高中,北平黄寺中学,,1934.00,
刘钊,0000003470,本科,南京中央大学,,,
刘兆印,0000003471,,沧州地区农业学校,林果,1980.09,1982.09
刘兆印,0000003471,本科,北京林业大学,园林,1984.09,1989.06
刘兆印,0000003471,,河北工业大学,工业外贸,1994.06,1997.06
刘正南,0000003479,大专,,,,
刘正义,0000003481,研究生,中央党校,,,
刘政,0000003483,,内蒙古大学,哲学,1986.09,1990.07
刘政,0000003483,研究生,内蒙古党校,经济管理,2008.09,2010.07
刘政,0000003484,研究生,,企业管理,,
刘志庚,0000003486,本科,吉林大学,国民经济计划,1979.09,1983.07
刘志庚,0000003486,博士,吉林大学,政治经济学,1996.09,1999.06
刘志国,0000003487,研究生,黑龙江省委党校,,1987.07,1989.03
刘志明,0000003488,技校,广西南宁汽车运输技工学校,汽车修理,1979.11,1981.09
刘志明,0000003488,大专,广西区党校,行政管理,1996.09,1999.06
刘志明,0000003488,本科,中央党校,行政管理,1999.08,2001.12
刘志明,0000003488,研究生,澳门科技大学,人力资源管理,2002.03,2004.08
刘志强,0000003490,本科,佳木斯工学院,经济管理,,
刘智勇,0000003496,研究生,湖北省委党校,经济管理,,2004.07
刘忠义,0000003498,本科,吉林大学,哲学,1986.09,1990.07
刘祖礼,0000003508,学习,重庆煤校,地采,1978.09,1981.07
刘祖礼,0000003508,专科,重庆电大,现代企业管理,1993.09,1996.10
刘祖礼,0000003508,本科,中央党校,经济管理,1997.09,1999.12
柳锦州,0000003512,研究生,广东水产学校,政治经济学,1963.09,
柳锦州,0000003512,培训,中央党校,,1994.09,1995.07
柳锦州,0000003512,研究生,中央党校,政治经济学,1994.09,1997.01
柳长毅,0000003520,本科,武汉医学院,医学,1978.02,1982.12 
柳长毅,0000003520,研究生,中央党校,,1986.09,1989.07
柳长毅,0000003520,进修,浦东干部学院,,2008.05,2008.06
龙道金,0000003521,研究生,安徽工商管理学院,工商管理,,
龙刚,0000003523,本科,贵州民族学院,政治理论,,
龙海,0000003524,专科,铜仁学院,数学,1981.09,1983.07
龙海,0000003524,本科,贵州教育学院,数学,1987.09,1989.07
龙海,0000003524,研究生,武汉大学,,2005.07,2007.09
龙华,0000003526,本科,西南师范大学,中国古代史,1978.10,1982.07
龙华,0000003526,研究生,西南师范大学,中国古代史,1985.07,1988.07
龙良文,0000003527,专科,湖北省咸宁地区卫校,,1978.09,1980.07
龙良文,0000003527,学习,中央党校,经济管理,1994.08,1996.12
龙良文,0000003527,研究生,湖北省委党校,经济管理,1998.09,2001.09
龙世勇,0000003530,学习,贵州民族学院中文系,汉语言文学专业,1982.09,1986.07
龙世勇,0000003530,学习,贵州省委党校民干班,,1998.03,1998.05
龙世勇,0000003530,学习,贵州省行政学院县长班,,2003.09,2003.12
龙世勇,0000003530,研究生,中国人民大学经济学研究生课程进修班,,2003.09,2005.07
龙秀,0000003535,学习,玉林财校,,1987.09,1989.07
龙岳洲,0000003536,,盘信民族中学,,,1958.00
龙泽玉,0000003537,本科,,,,
娄会峰,0000003540,函授,中央党校,经济管理,2002.08,2004.12
娄会峰,0000003540,研究生,河南省委党校,法律,2005.09,2008.06
卢仓报,0000003542,研究生,安徽大学,国民经济计划与管理,,
卢大伟,0000003544,本科,焦作矿业学院（现河南理工大学）,机电,1978.03,1982.01
卢富昌,0000003545,,郧阳地区党校,,1983.08,1985.07
卢富昌,0000003545,研究生,湖北省委党校,经济学,1998.07,
卢宏秋,0000003547,博士,,工商管理,,1982.07
卢立湃,0000003549,中专,?铁道兵学院,,1981.09,1982.07
卢立湃,0000003549,本科,中山大学,中文,1983.03,1987.03
卢立湃,0000003549,研究生,广东省委党校,经济学,1996.09,1999.10
卢林,0000003551,专科,贵州省毕节师范高等专科学校,体育,1979.10,1981.09
卢林,0000003551,本科,贵州教育学院自学考试教育,行政管理,1994.08,1996.12
卢林,0000003551,培训,贵州省毕节地委党校,,1995.03,1995.05
卢林,0000003551,培训,贵州省毕节地委党校,,2003.09,2003.10
卢林,0000003551,学习,贵州省委党校,法律,2003.09,2006.01
卢林,0000003551,进修,贵州大学,人文学院经济管理,2001.09,2003.07
卢伟,0000003559,本科,甘肃工业大学,焊接工艺及设备,1979.09,1983.08
卢伟,0000003559,研究生,四川联合大学,企业管理,1995.09,1997.10
卢伟,0000003559,研究生,重庆大学,工商管理,2006.04,2008.06
卢小亨,0000003560,专科,兰州师范高等专科学校,,1990.09,1993.06
卢小亨,0000003560,本科,中央党校,经济管理,1993.12,1996.05
卢小亨,0000003560,研究生,甘肃省委党校,人口资源与环境经济学,2003.06,2006.06
卢小亨,0000003560,培训,中央党校,,2010.03,
卢映川,0000003565,高中,安徽省阜阳市第一中学,,1983.09,1986.09
卢映川,0000003565,本科,中国人民大学,国民经济计划与管理,1986.09,1990.07
卢映川,0000003565,研究生,首都经济贸易大学,企业管理,1994.09,1997.07
卢映川,0000003565,博士,中国人民大学,国民经济计划与管理,2001.09,2005.06
卢永权,0000003566,专科,湛江农业专科学校,农师,1988.09,1991.07
卢永权,0000003566,学习,中央党校,行政管理,2002.08,2004.12
鲁彦峰,0000003578,专科,濮阳师范,,1985.09,1988.07
鲁彦峰,0000003578,本科,河南省委党校,政治理论,1989.09,1991.07
鲁彦峰,0000003578,进修,河南大学,国民经济,2001.03,2003.07
鲁彦峰,0000003578,本科,中南财经政法大学,工商企业管理,2009.06,
鲁毅,0000003580,学习,湖北省财政金融学校,企业财务,1980.09,1982.08
鲁毅,0000003580,学习,湖北省直业余大学,,1983.09,1986.07
鲁毅,0000003580,研究生,湖南大学,管理工程,1993.09,1995.07
鲁毅,0000003580,研究生,,工学,,1998.06
鲁毅,0000003580,博士,武汉大学,社会保障,1999.09,2002.07
鲁泽,0000003581,本科,中央党校,,,
鲁长友,0000003582,本科,哈师大,汉语言文学,1993.12,1996.12
鲁长友,0000003582,研究生,省委党校,经管,1998.09,2001.12
鲁长友,0000003582,研修,北京大学,经济管理,1999.09,2000.07
鲁志民,0000003583,学习,黑龙江省民族学院,,,
鲁志民,0000003583,学习,黑龙江省委党校,,,
陆海平,0000003589,学习,广西贺县师范学校,师范,1984.09,1987.06
陆海平,0000003589,专科,广西壮族自治区党委党校,行政管理,1989.09,1992.06
陆海平,0000003589,本科,中央党校,政治,1992.08,1994.12
陆海平,0000003589,培训,广西梧州地委党校,,1996.09,1996.12
陆海平,0000003589,进修,东南大学,,1997.09,2000.07
陆海平,0000003589,培训,广西壮族自治区党委党校,,2004.03,2004.07
陆海平,0000003589,研究生,广西壮族自治区党委党校,党政管理,2004.03,2006.06
陆海平,0000003589,培训,中央党校,,2013.03,2014.01
陆平,0000003596,博士,云南中医学院,,1992.07,2006.06
陆文龙,0000003599,本科,承德师范,数学,1983.09,1986.07
陆文龙,0000003599,学习,河北师大,数学,1998.07,1991.08
陆文龙,0000003599,研究生,北师大,经济,1998.09,2000.09
陆志远,0000003606,本科,西南师范大学,教育,1981.08,1985.07
陆志远,0000003606,研究生,西南师范大学,外国教育史,1985.07,1987.07
陆志远,0000003606,博士,西南师范大学,教育学,1987.07,1990.07
禄文斌,0000003612,专科,,,,
禄智明,0000003613,培训,中央农业管理干部学院西南农大分院,,1984.09,1985.12
禄智明,0000003613,培训,中央党校,,1996.09,1997.07
禄智明,0000003613,研究生,中央党校,法学,1996.09,1999.07
路洪昌,0000003616,本科,河北师范大学,地理,1978.09,1982.07 
路云,0000003621,本科,,,,
罗成,0000003630,本科,重庆大学,工程机械,1988.09,1992.07
罗成,0000003630,研究生,四川省委党校,经济管理,1996.08,1998.06
罗成,0000003630,研究生,新加坡南洋理工大学,公共行政管理,2006.01,2007.02
罗德,0000003634,本科,重庆邮电学院,电信工程,1980.09,1984.07
罗德,0000003634,研究生,重庆大学,工商管理,1999.03,2002.05
罗德,0000003634,研究生,新加坡南洋理工大学,管理经济学,2003.07,2004.06
罗刚,0000003638,本科,武汉大学,图书馆学,1979.08,1983.07
罗刚,0000003638,研究生,湖北大学,教育管理学,1997.09,2001.06
罗光辉,0000003640,本科,武汉工学院,机械制造工艺及设备,1979.01,1982.01
罗光辉,0000003640,研究生,湖北省委党校,经济法学,1998.09,2001.07
罗海俊,0000003642,本科,中央党校,,,
罗建极,0000003646,学习,四川省委党校,经济管理,1994.09,1996.11
罗建极,0000003646,培训,重庆市委党校,,2002.03,2002.12
罗建极,0000003646,研究生,重庆大学,电气工程,2004.09,2007.06
罗建强,0000003647,本科,重庆建筑工程学院,供热通风,1979.09,1983.08
罗建强,0000003647,研究生,中央党校,政治经济学,2000.09,2003.07
罗杰,0000003649,本科,贵州农学院,畜产品加工,1988.09,1992.07
罗杰,0000003649,培训,贵州省榕江县农业产业化培训班,,2002.04,2002.05
罗杰,0000003649,学习,贵州省黔东南州委党校,,2003.10,2004.01
罗杰,0000003649,学习,贵州省委党校,,2006.03,2006.07
罗杰,0000003649,研修,清华大学,,2007.10,2007.11
罗杰,0000003649,研究生,贵州省委党校,经济管理,2007.09,2010.06
罗联峰,0000003655,学习,省委党校中青班,,2008.03,2008.07
罗亮权,0000003657,学习,贵州省社会主义学院,,1985.09,1987.08
罗亮权,0000003657,学习,贵州省委党校中青班,,1991.09,1992.07
罗亮权,0000003657,学习,清华大学现代公共管理党政干部高级研修班,,1999.01,2000.01
罗亮权,0000003657,本科,贵州省委党校,经济管理专业,1997.09,2000.07
罗亮权,0000003657,研究生,贵州省委党校在职研究生班,政治学专业,2002.09,2005.07
罗其方,0000003663,本科,武汉化工学院,采矿工程,1981.09,1985.08
罗尚民,0000003669,中专,广西贵县师范学校,中师,1980.09,1982.07
罗尚民,0000003669,本科,广西师范大学,汉语言文学,1985.09,1990.07
罗诗汉,0000003671,研究生,,,,
罗试坚,0000003672,大专,广西师范学院,思想政治教育,1991.09,1994.07
罗试坚,0000003672,本科,中央党校,行政管理,1998.08,2000.01
罗试坚,0000003672,进修,广西区党校,,2004.03,2004.05
罗试坚,0000003672,本科,华南师范大学,,2003.09,2006.08
罗试坚,0000003672,培训,广西自治区党委党校,,2007.03,2007.09
罗试坚,0000003672,研究生,广西自治区党委党校,党政管理,2006.09,2008.12
罗贤新,0000003677,研究生,中南工业大学,经济贸易管理工程专业,1993.00,1996.00
罗贤新,0000003677,研究生,美国纽黑文大学,公共管理,2017.02,2017.03
罗小聪,0000003678,专科,惠阳师专,中文,1979.09,1982.07
罗小聪,0000003678,研究生,广东省委党校,经济学,1999.09,2002.07
罗荫国,0000003686,研究生,广东省委党校,经济学,,
罗永东,0000003690,大专,广西区委党校函授大专班,政治专业,1988.09,1991.06
罗永东,0000003690,学习,桂林地委党校第2期中青班,,1997.03,1997.06
罗永东,0000003690,本科,广西区委党校函授本科班,行政管理专业,1996.09,1998.12
罗永东,0000003690,研究生,广西师范大学中文系在职研究生班,中国现当代文学专业,1999.01,2001.01
罗永东,0000003690,学习,广西区委党校少数民族培训班,,2001.02,2001.06
罗用能,0000003691,专科,兴义师范专科学校,中文,1978.10,1980.10 
罗资湘,0000003702,本科,北京航空航天大学,应用数学,1984.09,1988.07
洛桑顿珠,0000003703,专科,西藏民族学院,,1960.02,1965.08
洛桑顿珠,0000003703,培训,中央党校,,1984.06,1986.07
骆蔚峰,0000003708,中专,广州市机电中专学校,机械制造,1981.09,1984.09
骆蔚峰,0000003708,专科,中国人民大学,工业经济,1985.09,1988.06
骆蔚峰,0000003708,研究生,省委党校,经济管理,1994.09,1997.07
骆蔚峰,0000003708,研究生,中山大学,高级管理人员工商管理,2008.10,2010.12
骆裕根,0000003711,研究生,省委党校,,,
雒兴明,0000003712,学习,省委党校,秘书,1989.08,1991.07
雒兴明,0000003712,本科,中央党校,经济,1997.08,1999.12
雒兴明,0000003712,研究生,中央民族大学,,,
吕剑枫,0000003717,本科,广西师范大学,汉语言文学教育,1990.09,1994.07
吕剑枫,0000003717,研究生,广西大学,政治经济学,1998.10,2000.10
吕剑枫,0000003717,研究生,广西大学,公共管理,2009.04,2010.12
吕剑枫,0000003717,培训,广西自治区党委党校,,2012.03,2012.07
吕竞,0000003718,本科,中央党校,经济管理,1997.09,1999.12
吕均平,0000003720,学习,河南省会计学校,预算,1980.09,1982.07
吕均平,0000003720,专修,中央财政管理干部学院,农业财政,1985.09,1987.07
吕均平,0000003720,本科,中央党校,经济管理,1999.08,2001.12
吕均平,0000003720,研究生,中国社会科学院,经济管理,2002.04,2004.03
吕坤力,0000003721,本科,南开大学,经济管理,1986.09,1988.06
吕坤力,0000003721,研究生,天津财经学院,研究生课程进修班经济管理,1996.07,1998.05
吕坤力,0000003721,研究生,省委党校,法学,2003.09,2006.07
吕旅,0000003722,本科,郑州大学,行政管理,1990.09,1994.07
吕旅,0000003722,培训,市委党校,,1999.09,1999.11
吕旅,0000003722,培训,省委党校,,2005.09,2005.11
吕旅,0000003722,研修,安徽大学,金融学,2009.09,2011.09
吕民元,0000003724,专科,上海市房地产管理局工人大学,机械,1975.00,1977.00
吕鹏举,0000003726,本科,中央党校,法律,,
吕清海,0000003729,本科,河南郑州大学,高分子化学,1978.09,1982.06
吕清海,0000003729,研究生,清华大学,MBA,1994.03,1996.06
吕清海,0000003729,研究生,首都经济贸易大学,企业管理,1997.09,1999.08
吕清海,0000003729,培训,河南省领导干部中长期出国培训,,2003.09,2003.12
吕清海,0000003729,进修,中央党校,,2010.11,2011.01
吕锐锋,0000003730,本科,中山大学,哲学,1978.03,1982.01
吕素维,0000003731,本科,北京化工学院,高分子材料工程,1982.09,1986.08
吕锡文,0000003734,本科,北京工业学院,机织,,
吕学锋,0000003735,本科,武汉大学,遗传学,1979.09,1983.07
吕义斌,0000003737,学习,荆门师范学校,,1981.09,1984.07
吕义斌,0000003737,本科,中央党校,经济管理,1995.08,1997.12
吕义斌,0000003737,学习,湖北省委党校,,1999.09,1999.12
吕义斌,0000003737,培训,湖北省委党校,,2004.09,2004.11
吕义斌,0000003737,研究生,湖北省委党校,经济管理,2005.09,2008.07
吕玉印,0000003739,本科,南开大学,价格学,1989.09,1993.07
吕玉印,0000003739,研究生,南开大学,,1993.09,1995.07
吕玉印,0000003739,博士,南开大学,,1995.07,1998.07
吕志成,0000003740,研究生,,经济学,,
吕志良,0000003741,研究生,省委党校,,,
吕竹青,0000003743,研究生,中国社会科学院,经济法,1996.04,1998.03
吕竹青,0000003743,函授,中央党校,政治,1996.08,1998.12
吕竹青,0000003743,研究生,河北省委党校,经济管理,2000.09,2003.07
麻绍敏,0000003744,本科,贵州民族学院,政治理论,1982.09,1986.07
麻绍敏,0000003744,研究生,澳门科技大学,工商管理,,
马斌,0000003749,,庆阳师范,,1979.09,1981.08
马斌,0000003749,,庆阳师专,化学,1985.08,1987.09
马斌,0000003749,研究生,省委党校,科学社会主义,2001.07,2004.06
马朝晖,0000003754,本科,中南财经大学,农业经济,1986.09,1990.07
马朝晖,0000003754,研究生,省委党校,农学,1998.09,2001.07
马春雷,0000003756,博士,上海师范大学,政法,,1989.00
马旦曰,0000003759,研究生,,,,
马得明,0000003760,学习,张掖农校,植保,1981.09,1984.07
马得明,0000003760,专科,甘肃农业大学,,1992.08,1994.10
马得明,0000003760,本科,甘肃省委党校,经济管理,1998.07,2001.12
马得明,0000003760,研究生,西北师大,人文地理学,2001.04,2003.04
马得明,0000003760,研究生,省委党校,,2008.09,2011.06
马福华,0000003761,学习,河北农大,园艺,1980.09,1984.07
马福华,0000003761,研究生,省委党校,经管,2000.09,2002.12
马富国,0000003763,,河南省商丘师范学校,,1979.07,1981.07
马富国,0000003763,培训,河南省委党校,,1987.07,1989.07
马富国,0000003763,研究生,河南大学,经济管理,,
马富国,0000003763,研究生,河南省委党校,经济管理,1999.07,2002.07
马国荣,0000003765,专科,张掖师专,中文,1981.09,1983.07
马国荣,0000003765,进修,全省选调大学生理论研讨班,,1989.08,1990.06
马国荣,0000003765,培训,全省少数民族中青班,,2001.03,2001.07
马国荣,0000003765,学习,兰州大学,行政管理,2002.04,2004.07
马国荣,0000003765,培训,第27期中青年班,,2006.03,2006.07
马国兴,0000003766,学习,张掖师范学校,,1979.09,1981.07 
马国兴,0000003766,专科,中央党校,政治,1991.08,1994.06
马国兴,0000003766,研究生,甘肃省委党校,国民经济学,2004.09,2007.06
马捷,0000003780,,抗大,,1940.00,
马乐声,0000003788,博士,,管理学,,
马磊,0000003789,学习,贵州财经学院,统计,1991.09,1995.07 
马磊,0000003789,培训,贵州省贵阳市十五规划第一期青干班,,2002.01,2002.06
马磊,0000003789,研究生,中央党校,经济管理,2003.09,2006.07 
马磊,0000003789,研究生,云南大学,软件工程,2007.03,2008.12 
马磊,0000003789,研究生,北京大学,共管理,2007.09,2010.07
马里,0000003790,,?黑龙江省广播电视大学,,1985.08,1987.08 
马里,0000003790,学习,省经济管理干部学院,经济管理,1995.11,1998.12
马里,0000003790,研究生,亚洲(澳门)国际公开大学,工商管理,2006.02,2007.06
马良泉,0000003794,本科,,,,
马亮照,0000003795,研究生,广东省政法学校,,1978.10,
马林青,0000003797,学习,河南省开封地区第二师范,文史,1979.09,1981.07
马林青,0000003797,专科,河南省开封市委党校,政治管理,1986.08,1988.06
马林青,0000003797,本科,河南省委党校,政治管理,1989.09,1991.07
马林青,0000003797,研究生,中央党校,经济管理,2006.09,2009.07
马林青,0000003797,培训,中央党校,,2015.03,2015.07
马明仁,0000003802,学习,豫西农专,,1978.09,1981.07
马南萍,0000003805,本科,中央党校,党政管理,1990.08,1992.12
马璞,0000003808,本科,河南大学,,1981.09,1985.06 
马璞,0000003808,研究生,天津大学,,1992.02,1993.12
马勤,0000003810,专科,定西地区临洮农校,农学,1981.09,1984.07
马勤,0000003810,本科,中央党校,政法,1996.08,1998.12
马清明,0000003812,本科,湖北省黄石市湖北师范学院,中文,1978.03,1982.02
马秋平,0000003813,本科,西南政法学院,法律,1979.09,1983.08
马荣华,0000003816,本科,中央广播电大,,,1985.00
马儒生,0000003818,研究生,,,,
马尚云,0000003822,研究生,中南民族学院,民族学,,1991.06
马锁文,0000003824,本科,河南大学,历史,1984.09,1989.06
马锁文,0000003824,研究生,中国政法大学,经济法学,1995.09,1997.02
马锁文,0000003824,培训,郑州市委党校,,1999.03,1999.06
马文田,0000003829,研究生,武汉水利电力学院,,1988.09,1991.04
马文田,0000003829,博士,华南理工大学,结构工程,1994.09,1997.10
马文田,0000003829,博士后,华南理工大学,,1997.10,1999.04
马文田,0000003829,博士,中山大学,世界经济,2002.09,2007.12
马文田,0000003829,培训,美国马里兰大学,,2003.10,2004.10
马文田,0000003829,进修,国家行政学院,,2008.09,2008.11
马新平,0000003835,学习,石河子干校,,1983.01,
马新平,0000003835,学习,石河子电大党政班,,1984.09,
马学礼,0000003841,,临夏州民族学校,,1982.09,
马学礼,0000003841,专科,甘肃政法学院,法律,1997.09,2000.07
马学礼,0000003841,本科,中央党校,经济管理,2000.09,2002.12
马学礼,0000003841,研究生,省委党校,领导学,2007.09,2010.06
马艳舟,0000003842,本科,,,,
马英才,0000003848,培训,省委党校,,1985.09,1987.07
马英才,0000003848,研究生,中央党校,,,
马玉来,0000003851,本科,河北大学,,1984.07,1987.07
马玉来,0000003851,研究生,省委党校,,1999.09,2001.12
马悦俊,0000003854,学习,绥德地委干校,,,
马悦俊,0000003854,学习,西北党校,,,
马占江,0000003855,研究生,哈尔滨师范大学,经济管理,1997.09,1999.05
马占江,0000003855,学习,黑龙江省委党校,经济管理,1998.03,2001.01
马占江,0000003855,培训,中央党校,,2004.03,2004.07
马占文,0000003857,本科,黑龙江八一农垦大学农学系,,1989.07,1992.07
马长青,0000003858,本科,西南民族学院,汉语言文学,1981.09,1985.07
马长青,0000003858,进修,厦门大学,行政管理,1999.10,2001.10
马长青,0000003858,研究生,云南大学,软件工程、领域工程,2006.09,2008.07
马正录,0000003860,专科,西北师范大学,贸易经济,,
马志超,0000003865,本科,北京航空航天大学,,1978.00,1982.00
马志军,0000003867,专科,辽宁大学,中文,1980.04,1984.05 
马志军,0000003867,本科,黑龙江省委党校,行政管理,1989.03,1992.02
马志军,0000003867,研究生,哈尔滨商业大学,企业管理,2001.09,2003.09
麦承标,0000003873,专科,广西玉林师范专科学校,物理,1986.09,1989.07
麦承标,0000003873,本科,中央党校,经济管理,1994.08,1996.12
麦承标,0000003873,研究生,北京航空航天大学,科学管理与工程,2003.09,2005.07
毛全球,0000003882,研究生,,,,
毛荣楷,0000003883,,云浮县云浮师范学,,1978.10,1980.07
毛荣楷,0000003883,学习,肇庆教育学院,中文,1982.09,1984.07
毛荣楷,0000003883,研究生,省社科院,政治经济学,1995.09,1998.07
毛荣楷,0000003883,培训,省委党校,,2002.02,2002.07
毛荣楷,0000003883,培训,东省第4期领导干部公共管理高级培训班,,2008.07,2008.08
毛荣楷,0000003883,研究生,长江商学院,高级管理人员工商管理,2009.05,2011.09
茅明贵,0000003896,研究生,,,,
梅时雨,0000003902,本科,?西南财经大学,经济学,1982.09,1986.07
梅时雨,0000003902,学习,中国人民大学,财政金融,1986.09,1987.07
梅时雨,0000003902,研究生,重庆大学,MBA,1998.09,2001.07
孟广军,0000003911,本科,?河北师范学院,政治教育,1978.10,1982.09
孟广军,0000003911,培训,中央党校,,1984.09,1984.12
孟广军,0000003911,培训,省委组织部举办的组织部长培训班,,1994.10,1994.12
孟广军,0000003911,研究生,南开大学,经济管理,1998.12,2000.12
孟广军,0000003911,培训,省优秀中青年干部培训班,,2008.09,2008.11
孟建柱,0000003913,专科,经济管理刊授联合大学上海市分校,工业企业管理,1983.00,1986.00
孟建柱,0000003913,学习,上海市委党校,党政管理,1984.00,1986.00
孟建柱,0000003913,研究生,上海机械学院,系统工程,1987.00,1991.00
孟令武,0000003915,研究生,,,,
孟庆勇,0000003916,本科,,,,
孟祥伟,0000003920,本科,兰州大学,新闻,1985.09,1989.07
孟祥伟,0000003920,博士,河北工业大学,管理科学与工程,2006.09,2010.06
孟祥熙,0000003921,本科,贵州农学院,植物保护,1981.08,1985.07
孟祥熙,0000003921,学习,黔西南州委党校,,1996.09,1996.12
孟祥熙,0000003921,研究生,中央党校,政治学理论,2004.09,2006.07
孟晓灵,0000003922,专科,?保定师范专科学校,化学,1980.09,1982.09 
孟晓灵,0000003922,专科,河北大学,法律,1996.09,1999.06
孟晓灵,0000003922,本科,中央党校,经济管理,1998.08,2000.12
孟晓灵,0000003922,研究生,中国社会科学院,投资经济,1997.09,1999.07
孟晓灵,0000003922,研究生,省委党校,经济管理,2001.09,2004.07
孟晓灵,0000003922,培训,省委党校,,2002.02,2002.07
孟有柱,0000003925,研究生,,,,
米德成,0000003929,研究生,安徽省委党校,经济管理,2003.09,2006.07
米绍林,0000003933,,四川永川农校,,1979.09,1982.08
米绍林,0000003933,学习,四川省委党校,经济管理,1992.09,1995.07
米绍林,0000003933,函授,四川省委党校,法律,1995.08,1997.12
苗德成,0000003934,学习,唐山市商业学校,商业,1971.11,1973.11
苗德成,0000003934,学习,河北广播电视大学,党政,1984.09,1986.07
苗德成,0000003934,研究生,省委党校,经济管理,1999.09,2001.12
闵路明,0000003936,本科,贵州大学,应用数学,1978.10,1982.08
闵路明,0000003936,学习,黔南州委党校,,1992.04,1992.07
闵路明,0000003936,培训,贵州行政学院,,2002.03,2002.05
明平安,0000003938,本科,湖北省中南林业学院（今中南林业科技大学）,,1978.09,
莫春开,0000003942,本科,贵州省独山师范学校,中师,1990.09,1993.08
莫春开,0000003942,专科,黔南教育学院,汉语言文学教育,1996.09,1999.07
莫春开,0000003942,本科,贵州省委党校,法律,1999.09,2002.06
莫春开,0000003942,培训,贵州省委党校,,2003.09,2003.12
莫春开,0000003942,研究生,中央党校,中央党校,2004.09,2007.07
莫春开,0000003942,培训,贵州省委党校,,2009.03,2009.04
莫负春,0000003944,专科,华东政法学院,法律,1980.09,1983.09
莫负春,0000003944,专升本,华东师范大学,行政管理,1987.09,1989.12
莫负春,0000003944,培训,上海市委党校,,1992.09,1992.12
莫负春,0000003944,研究生,华东政法学院,法律,1996.07,1999.07
莫负春,0000003944,进修,上海市委党校,,2001.11,
莫负春,0000003944,培训,中央党校,,2007.03,2007.07
莫负春,0000003944,进修,中央党校,,2011.09,2011.11
莫恭明,0000003945,学习,长沙交通学院,港口与航道工程,1979.09,1983.07
莫恭明,0000003945,研究生,广西大学,政治经济学,1997.09,1999.12
莫恭明,0000003945,进修,广西自治区党委党校,,2001.09,2001.11
莫恭明,0000003945,培训,中国外交学院,,2003.10,2004.01
莫恭明,0000003945,研究生,新加坡南洋理工大学,公共管理,2005.02,2006.02
莫惹,0000003949,本科,四川大学,行政管理,1991.09,1995.07
莫时仁,0000003950,本科,贵州农学院,畜牧,1964.09,1968.12
莫永东,0000003952,本科,华东石油学院,测井,1980.09,1984.07
莫永东,0000003952,研究生,广西师范大学,经济史,2004.02,2006.01
莫章海,0000003954,大专,贵州省农业干部管理学院,农业经济管理专业,1983.09,1985.08
莫章海,0000003954,本科,贵州省委党校,法律专业,1998.09,2001.07
莫章海,0000003954,学习,贵州省委党校地厅班,,2002.03,2002.05
莫章海,0000003954,学习,贵州省委党校地厅班,,2008.03,2008.06
牟景山,0000003960,专科,张家口农专,兽医,1979.09,1982.08
牟景山,0000003960,函授,河北经贸大学,财会,1995.09,1998.06
牟景山,0000003960,研究生,省委党校,经济管理,2000.09,2003.07
慕德贵,0000003962,本科,贵州工学院,机械制造工艺及设备,1978.03,1982.02
慕德贵,0000003962,进修,贵州省委党校,,1995.09,1995.11
慕德贵,0000003962,研究生,贵州工业大学与加拿大魁北克大学席库提米分校,项目管理,2004.04,2006.03
慕德贵,0000003962,培训,中央党校,,2006.03,2007.01
穆嵘坤,0000003966,学习,贵州省南白师范学校,普师,1988.09,1991.08
穆嵘坤,0000003966,学习,贵州省教育学院,中文,1993.09,1996.07
穆嵘坤,0000003966,培训,市委党校,,2002.09,2002.11
穆嵘坤,0000003966,研究生,贵州省委党校,经济学,2000.09,2003.07
穆嵘坤,0000003966,培训,贵州省委党校,,2008.09,2009.01
穆嵘坤,0000003966,研究生,云南大学,软件工程、领域工程,2007.04,2010.06
穆伟利,0000003968,本科,天津轻工业学院,轻工机械,1984.09,1988.08
穆伟利,0000003968,研究生,天津大学,工商管理,1993.09,1996.12
倪超,0000003973,本科,,,,
倪泽望,0000003979,本科,南京工学院,,1979.09,1983.08
倪泽望,0000003979,研究生,东南大学,自动控制理论及应用,1985.09,1988.03
倪泽望,0000003979,博士,南京航空航天大学,机械设计制造,1988.03,1991.12
倪泽望,0000003979,博士,中山大学,企业管理,2002.09,2006.06
倪泽望,0000003979,培训,美国锡拉丘兹大学,,2007.08,2007.09
倪政云,0000003980,本科,中央党校,党政管理,,
倪志品,0000003981,本科,安徽农学院,,1986.09,1990.07
倪志品,0000003981,研究生,安徽工商管理学院,工商管理,,
聂玺,0000003990,大专,安阳师范专科学校,中文,1979.04,1982.07
聂玺,0000003990,研究生,河南大学,法学,2002.09,2004.07
聂玺,0000003990,本科,中央党校,经济管理,2005.08,2007.12
聂新平,0000003992,本科,北京大学,国民经济管理,1987.09,1991.07
聂新平,0000003992,研究生,复旦大学,金融学,1998.09,2001.07
聂雪松,0000003993,本科,中共贵州省委党校,党政管理,1995.09 ,1998.07
聂雪松,0000003993,研究生,中国政法大学,,2000.09 ,2003.07
聂英武,0000003994,本科,中央党校,经济管理,,
牛爱平,0000003999,研究生,中央党校,,,
牛春堡,0000004001,大专,鹤壁师范学校,普师,1982.09,1985.06
牛春堡,0000004001,大专,郑州大学,行政管理,,1991.12
牛春堡,0000004001,函授,中央党校,经济管理,1999.08,2001.12
牛春堡,0000004001,研究生,河南省委党校,研究生班经济管理,2001.09,2004.06
牛景峰,0000004003,,河北供销学院,商管,1982.09,
牛景峰,0000004003,学习,高等教育自学考试,工业企业管理,1985.09,1988.12
牛景峰,0000004003,函授,河北大学,法律,1996.07,1999.07
牛景峰,0000004003,研究生,河北大学,世界经济,1996.09,1998.12
牛景峰,0000004003,研究生,中央党校,经济法学,2004.09,2007.07
牛兰英,0000004005,学习,省委党校,妇干,1986.09,1988.07
牛兰英,0000004005,函授,河南农业大学,,1989.09,1991.07
牛兰英,0000004005,本科,中央党校,涉外经济,1994.08,1996.12
牛兰英,0000004005,研究生,河南省委党校,行政管理,1997.09,2000.01
牛青山,0000004008,研究生,中央党校,法学,,
牛西岭,0000004009,研究生,中共河南省委党校,,,
牛学有,0000004010,本科,,,,
牛炎平,0000004011,本科,郑州大学,新闻学,,
牛炎平,0000004011,研究生,省委党校,,,
牛越丽,0000004013,本科,河南大学师范学院,,1982.09,1985.07
牛越丽,0000004013,研究生,,,,
农文海,0000004016,中专,兴义师专,数学,1981.09,1983.07
农文海,0000004016,本科,贵州省委党校,党的学说党的建设,1988.09,1990.07
农文海,0000004016,研究生,云南大学,涉外经济管理,2000.09,2002.07
农文海,0000004016,本科,贵州民族学院,法学,2001.09,2004.07
农文海,0000004016,学习,黔西南州委党校,,2004.03,2004.06
农文海,0000004016,学习,贵州省委党校,,2009.03,2009.05
欧广,0000004022,学习,广东省肇庆农业学校,农作,1980.08,1983.08
欧广,0000004022,大专,省委党校,政治,1985.03,1988.03
欧广,0000004022,研究生,省社科院,经济学,1993.07,1995.07
欧广,0000004022,研究生,广东省委党校,经济管理学,1996.07,1999.10
欧广,0000004022,培训,广东省委党校,,1998.03,1998.06
欧广源,0000004023,大专,广东省委党校,党政,1986.09,1988.04
欧广源,0000004023,进修,中央党校,,1993.09,1993.12
欧阳知,0000004029,中学,河源县船塘中学,,1969.09,
欧阳知,0000004029,本科,华南师范大学,外语系英语专业,1974.09,
欧阳知,0000004029,学习,省委党校理论班,政治经济学专业,1983.09,
欧阳知,0000004029,学习,省委党校研究生班,政治经济学专业,1985.09,
潘本,0000004035,大专,湛江农业专科学校,,1975.00,1977.00
潘本,0000004035,学习,华南师范大学,政治(领导与管理),1988.00,1990.00
潘本,0000004035,学习,广东省社科院,经济学,1999.00,2002.00
潘本,0000004035,进修,中央党校,,2004.00,
潘海瀛,0000004042,,泊头师范学校,,1979.08,1981.08
潘海瀛,0000004042,,河北电大,汉语言文学,1985.09,1988.07
潘海瀛,0000004042,本科,中央党校,经济管理,1992.08,1994.12
潘海瀛,0000004042,大专,河北工业大学,函授大专班工业外贸,1994.09,1997.06
潘建华,0000004044,学习,中国人民解放军第三地面炮兵学校,通信,1981.09,1984.06
潘建华,0000004044,研究生,省委党校,,,
潘开德,0000004046,大专,贵州省农学院,,1972.07,1975.08
潘开德,0000004046,学习,贵州省委党校,,1985.04,1985.07
潘亮,0000004048,大专,贵州民族学院,干训部党政管理专业,1985.09,1987.07
潘亮,0000004048,本科,贵州省委党校,法律专业,1998.09,2001.07
潘亮,0000004048,培训,中国浦东干部学院第二期县委书记培训班,,2008.01,2008.11
潘龙清,0000004050,本科,,,,
潘那生,0000004051,培训,广东省委党校,,1975.04,1975.08
潘那生,0000004051,大专,中央农业管理干部学院华南农业大学分院,,1984.09,
潘仕进,0000004053,专科,贵州省黔南民族行政管理学校,行政管理,1989.09,1992.08
潘仕进,0000004053,大专,贵州省委党校,经济管理,1994.09,1997.06
潘仕进,0000004053,本科,贵州省委党校,法律,1999.09,2002.06
潘仕进,0000004053,研究生,贵州省委党校,经济学,2010.09,2013.06
潘小韬,0000004055,大专,广东省行政学院,行政管理,1988.09,1990.07
潘雪红,0000004057,学习,广西钦州民族师范学校,普师,1988.09,1991.07
潘雪红,0000004057,学习,广西民族学院,行政管理,1993.09,1996.09
潘雪红,0000004057,本科,广西自治区党委党校,法律,1997.08,1999.12
潘雪红,0000004057,研修,广西自治区党委党,县域经济,2004.03,2004.05
潘雪红,0000004057,研究生,广西自治区党委党校,行政管理,2002.09,2005.01
潘雪红,0000004057,研究生,广西大学,材料工程,2007.10,2009.10
潘业贤,0000004058,函授,南海国际经济与工商管理函授学院,商业经营管理,1990.03,1992.03
潘业贤,0000004058,学习,广西经济管理干部学院,工业企业管理,1992.12,1994.05
潘业贤,0000004058,进修,广西自治区党委党校,,2001.09,2001.11
潘毅琴,0000004060,本科,西南师范大学,生物,1980.09,1984.07
潘毅琴,0000004060,研究生,西南师范大学,公共关系与现代管理,1995.12,1998.08
潘毅琴,0000004060,培训,中共重庆市委党校,,1999.03,1999.05
潘毅琴,0000004060,研究生,中共重庆市委党校,区域经济学,2000.09,2003.06
潘毅琴,0000004060,培训,中央党校,,2002.03,2002.05
潘育伟,0000004062,本科,广西林业学校,采运机械专业,1978.03,1980.03
潘育伟,0000004062,本科,中央农业管理干部学院华南农业大学分院,农业管理专业,1986.02,1987.12
潘育伟,0000004062,学习,广西柳州地委党校第四期中青班,,1995.03,1995.07
潘育伟,0000004062,研究生,中国社会科学院研究生班财贸经济系,商业经济专业,1996.04,1998.04
潘育伟,0000004062,本科,广西区委党校函授学院本科班,行政管理专业,1996.09,1998.12
潘育伟,0000004062,学习,广西区委党校中青班,,2001.02,2001.07
潘育伟,0000004062,研究生,广西区委党校在职研究生班,国民经济学专业,2001.09,2004.07
潘志纯,0000004064,研究生,中欧国际工商学院,工商管理,,
庞国梅,0000004069,学习,遂溪师范学校,,1982.09,1985.07
庞国梅,0000004069,大专,省委党校,政治,1988.03,1991.02
庞国梅,0000004069,研究生,省委党校,经济学,1995.09,1998.09
庞国梅,0000004069,进修,省委党校,,2002.02,2002.06
庞国梅,0000004069,培训,广东省第10期高级公务员公共行政管理知识专题研究班(牛津班),,2007.05,2007.08
庞国梅,0000004069,研究生,中山大学,高级管理人员工商管理,2008.04,2009.12
庞琨,0000004072,本科,贵州大学,应用数学,1979.09,1983.08
庞琨,0000004072,培训,安顺地委党校,,1999.09,1999.11
庞琨,0000004072,研修,上海交通大学,,2003.03,2003.06
逄焕华,0000004075,培训,西南农业大学,,1987.10,1988.01
逄焕华,0000004075,专修,贵州农学院,,1983.10,1985.07
逄焕华,0000004075,研修,清华大学,,1999.10,2000.01
逄焕华,0000004075,本科,贵州省委党校,经济管理,1994.09,1997.07
逄焕华,0000004075,培训,上海同济大学,,2003.10,2003.11
逄焕华,0000004075,研究生,中央党校,政治经济学,2000.09,2003.07
逄焕华,0000004075,学习,贵州省委党校,,2006.09,2006.11
裴君,0000004078,研究生,,,,
裴智,0000004082,大专,四川广播电视大学,中文,1982.09,1985.08
裴智,0000004082,本科,中央党校,经管,1991.08,1993.12
裴智,0000004082,学习,考西南政法大学,应用法学,1992.07,1994.08
裴智,0000004082,研究生,西南政法大学,经济法,1995.04,1997.12
裴智,0000004082,研究生,重庆大学,高级管理人员管理,2005.09,2007.12
彭沉雷,0000004084,博士,,法学,,
彭代元,0000004086,学习,桂林地区农机校,机电修理专业,1985.09,1989.07
彭代元,0000004086,大专,广西区委党校函授大专班,行政管理专业,1993.09,1996.06
彭代元,0000004086,本科,中央党校本科班,党政管理专业,1996.08,1998.12
彭代元,0000004086,研究生,广西区委党校在职研究生班,行政管理专业,2002.09,2005.01
彭代元,0000004086,学习,广西桂林市委党校第七期县处班,,2003.01,2004.01
彭定邦,0000004087,大专,广东省委党校,政治理论,1986.09,1989.07
彭进瑜,0000004093,研究生,广西区党校,,,
彭世平,0000004100,学习,贵州省财政学校,企业财务专业,1981.09,1983.07
彭世平,0000004100,学习,贵州计划管理干部学院,财政专业,1987.09,1989.07
彭世平,0000004100,本科,贵州省委党校,经济管理专业,1994.09,1997.07
彭世平,0000004100,学习,贵州省委党校中青班,,1996.03,1996.07
彭世平,0000004100,培训,中国浦东干部学院县长培训班,,2008.05,2008.06
彭贤伦,0000004104,学习,贵州省惠水县党校,,1980.12,1982.05
彭贤伦,0000004104,大专,贵州省委党校,党政管理,1987.09,1989.09
彭贤伦,0000004104,本科,贵州省委党校,经济管理,1999.09,2002.05
彭贤伦,0000004104,研究生,贵州省委党校,经济学,2002.09,2005.06
彭翔,0000004106,学习,铜仁师范学校,,1977.09,1978.07
彭翔,0000004106,学习,贵州民族学院,党政管理,1985.09,1987.07
彭翔,0000004106,学习,贵州省委党校,经济管理,1995.09,1997.07
彭翔,0000004106,培训,中央党校,,2001.09,2002.01
彭翔,0000004106,培训,国家行政学院,,2006.02,2006.04
彭学增,0000004108,学习,唐山矿冶学院,冶金,1975.10,1978.10
彭学增,0000004108,培训,省委党校,,1985.10,1986.01
彭学增,0000004108,,北京科技大学,管理工程,1991.03,1994.06
彭学增,0000004108,培训,省委党校,,1998.04,1998.07
彭学增,0000004108,进修,南开大学,行政管理,1998.12,2000.12
彭耀新,0000004109,本科,华南师范大学,政治经济,1980.09,1984.07
彭耀新,0000004109,研究生,广东省社会科学院,政治经济,1995.09,1998.07
彭耀新,0000004109,进修,广东省委党校,,2001.09,2002.01
彭泽英,0000004116,学习,华南农学院,干部专修科,1982.00,1984.00
彭泽英,0000004116,研究生,中山大学,经济学,1993.00,1995.00
邳振一,0000004118,,廊坊师范学校,,1978.10,1980.08
蒲军,0000004122,本科,天水师范学院,,1980.09,1982.07
蒲军,0000004122,研究生,,,,
戚火贵,0000004126,研究生,,,,
齐景海,0000004130,学习,曲周师范学校,,1979.09,1981.06
齐景海,0000004130,,河北师大,教育,1983.07,1985.09
齐景海,0000004130,学习,全国律师函授中心,,1985.09,1987.09
齐景海,0000004130,研究生,加中国社会科学院,财贸,1996.09,1998.10
齐景海,0000004130,本科,中央党校,法律,2002.08,2004.12
齐景海,0000004130,培训,省委党校,,2003.09,2003.11
齐静,0000004131,本科,,,,
齐开泰,0000004132,本科,,,,
祁红,0000004138,学习,北京师范大学,哲学,1976.10,1978.12
祁红,0000004138,学习,北京市委党校,理论研究,1980.02,1982.02
祁红,0000004138,研究生,中央党校,,,
祁文华,0000004140,本科,,,,
钱承文,0000004142,本科,永登师范学校,,1981.08,1985.07
钱承文,0000004142,学习,兰州大学,汉语言文学,1985.03,1987.12
钱承文,0000004142,研究生,甘肃省委党校,领导学,2004.09,2007.06
钱健,0000004145,本科,中国纺织大学,工业电气自动化,1981.09,1985.07
钱健,0000004145,研究生,广西大学,工业自动化,1988.09,1991.07
钱健,0000004145,学习,广西自治区党委党校,,2007.03,2007.07
钱健,0000004145,研究生,广西自治区党委党校,党政管理,2016.06,2016.07
钱界殊,0000004146,本科,,,,
钱景林,0000004147,本科,,,,
钱言考,0000004151,大专,黑龙江省财政专科学校,审计,1989.09,1992.09
钱言考,0000004151,本科,黑龙江省商学院,会计,1996.09,1999.06
钱言考,0000004151,研究生,东北财经大学,工商管理,2003.07,2005.06
钱银芝,0000004152,,湖北省孝感学院,化学,,1982.00
钱银芝,0000004152,研究生,湖北省孝感市委党校,,,
钱远坤,0000004156,本科,武汉华中农学院荆州分院（现为湖北农学院）,植保,1980.09,1983.06
钱远坤,0000004156,研究生,湖北省委党校,马克思主义哲学,1996.09,1999.07
乔朝英,0000004160,本科,河北经贸大学（原河北财经学院）,计划统计,1987.09,1991.07
乔朝英,0000004160,,新加坡南洋理工大学,,,
乔明佳,0000004163,本科,重庆建筑工程学院,建筑机械,1980.09,1984.07
乔明佳,0000004163,学习,重庆建筑大学,建筑学,1989.09,1990.07
乔明佳,0000004163,培训,四川省涪陵地委党校,,1993.09,1994.01
乔明佳,0000004163,学习,中国计算机函授学院,微机应用,1992.04,1994.06
乔明佳,0000004163,研究生,重庆工商管理硕士学院,工商管理,1998.03,2000.07
乔明佳,0000004163,研究生,重庆大学,工业工程,2004.03,2006.12
乔明佳,0000004163,研修,美国加州大学,,2004.04,2004.06
乔明佳,0000004163,培训,美国哈佛大学,美国哈佛大学,2004.07,2004.09
乔树江,0000004165,本科,牡丹江师范学院,汉语言文学,1979.09,1983.07
乔树江,0000004165,研修,,,2003.07,2004.01
乔心冰,0000004168,研究生,中央党校,政治经济学专业,,
乔长青,0000004173,学习,豫西师范,数学,1980.10,1982.07
乔长青,0000004173,函授,河南省委党校,经济管理,1989.03,1991.05
乔长青,0000004173,研究生,中国社会科学院,,1996.04,1998.03
乔长青,0000004173,研究生,中国人民大学,工商管理,,
秦刚,0000004179,学习,北京八大处中学,,1967.07,1969.12
秦刚,0000004179,大专,北京化工学院,企业管理,1980.10,1983.03
秦刚,0000004179,研究生,中国人民大学,政治经济学,,
秦海彬,0000004183,本科,?武汉大学,高分子化学,1978.02,1982.02 
秦华,0000004185,学习,省电大,法律(检察),1988.09,1990.08 
秦华,0000004185,本科,中央党校,政法,1996.08,1998.12
秦军,0000004186,本科,湖北大学,地理,1983.09,1987.07
秦军,0000004186,进修,北京对外经济贸易大学,国际贸易,1988.02,1988.08
秦军,0000004186,研究生,武汉大学,政治经济学,1996.09,1999.06
秦军,0000004186,培训,华中理工大学,,1999.06,1999.12
秦军,0000004186,学习,美国康涅狄格州中央大学,工商管理高级研讨班,2000.03,2000.09
秦敏,0000004189,本科,重庆大学,热能动力,1979.09,1983.07
秦敏,0000004189,学习,西南师范大学,区域经济规划,1998.04,2000.08
秦敏,0000004189,研究生,重庆大学,EMBA,2005.09,
秦如培,0000004191,本科,贵州农学院,农学,1979.09,1983.08
秦如培,0000004191,培训,贵州省委党校,,1995.03,1995.07
秦如培,0000004191,研修,清华大学,现代公共管理,1999.10,2000.01
秦如培,0000004191,研究生,厦门大学,行政管理,1999.10,2000.10
秦如培,0000004191,研究生,贵州工业大学与加拿大魁北克大学席库提米分校,项目管理,2004.04,2006.03
秦有朋,0000004201,,广东外国语学院,法语,1975.09,1978.08
秦有朋,0000004201,研究生,?巴黎国际行政学院,,1988.09,1989.07
秦有朋,0000004201,进修,?广东省委党校,,2001.09,2002.01 
丘小宏,0000004205,学习,梅州地区工业学校,,1976.04,
丘小宏,0000004205,大专,嘉应师专,中文,1980.09,
丘小宏,0000004205,研究生,省委党校,,1996.09,1999.07
邱晋雄,0000004212,专科,汕头地区农业学校,果树,1980.10,1983.07
邱晋雄,0000004212,,华南农业大学,农业经济管理,1987.09,1989.07
邱晋雄,0000004212,研究生,广东省社科院,政治经济学,1998.09,2001.07
邱明宏,0000004213,专科,西安农校,农业经营管理,1986.09,1990.08
邱明宏,0000004213,大专,陕西汉中地委党校,大专班经济管理,1994.09,1997.06
邱明宏,0000004213,研究生,西北大学,,2000.06,2002.06
邱明宏,0000004213,培训,陕西省委党校,,2007.09,2008.01
邱明宏,0000004213,研究生,陕西省委党校,经济管理,2006.09,2009.07
邱士林,0000004215,大专,佳木斯师范专科学校,数学,1981.09,1984.07
邱士林,0000004215,,哈尔滨师范大学,教育管理,1986.08,1989.06
邱士林,0000004215,研修,北京大学,经济管理,1997.09,1998.07
邱士林,0000004215,研究生,省委党校,经济管理,1997.09,1999.10
邱士林,0000004215,,黑龙江大学,行政管理,2000.04,2003.06
邱士林,0000004215,学习,哈工程,工商管理,2009.12,2011.1
邱水平,0000004216,,北京大学,法律,1979.09,1983.08
邱水平,0000004216,研究生,北京大学,法学理论,1985.08,1988.07
邱水平,0000004216,访问学者,英国赫德福特大学,,1995.01,1996.09
区邦敏,0000004221,本科,华南工学院,制糖,1982.09,1986.07
区军雄,0000004223,大专,广西水电学校,水利水电工程建筑,1992.09,1995.07
区军雄,0000004223,本科,中央党校,法律,2001.08,2003.12
曲斌,0000004226,大专,邢台地区师范,中文,1981.09,1983.08
曲斌,0000004226,本科,中央党校,经济管理,1997.08,1999.12
曲敏,0000004229,本科,黑龙江大学,经济管理,1988.09,1991.07
曲敏,0000004229,研究生,哈尔滨工业大学,高级工商管理,2006.03,2008.07
曲尚英,0000004232,本科,,,,
权俊良,0000004235,学习,寿县师范学校,,1980.09,1983.07
权俊良,0000004235,培训,省委党校中青年干部培训班,,1996.09,1997.06
阙定胜,0000004239,本科,西南交通大学,工程机械,1981.09,1985.07
阙定胜,0000004239,研究生,西南交通大学,机车车辆,1985.09,1988.03
阙定胜,0000004239,博士,华南理工大学,机械制造与自动化,1998.09,2001.07
阙继兴,0000004240,,广东省云浮师范学校,,1980.09,1982.08
阙继兴,0000004240,专修,广东电大,,1984.09,1986.08
阙继兴,0000004240,本科,广东省委党校,,1995.09,1997.12
阙继兴,0000004240,研究生,广东省社科院,经济学,1998.10,2001.07
阙继兴,0000004240,培训,广东省委党校,,2001.03,2001.06
阙继兴,0000004240,进修,中央党校,,2008.09,2008.09
阙继兴,0000004240,进修,省委党校,,2010.08,2010.10
阙建林,0000004241,本科,广西财经学校,预算,1978.10,1980.08
阙建林,0000004241,学习,江西财经干部管理学院,税务,1985.09,1987.07
阙建林,0000004241,研究生,中国社科院在职业余研究生班,投资管理,1996.11,1998.11
阙建林,0000004241,研究生,广西师范大学,国民经济学,2005.09,2007.09
冉晓东,0000004243,本科,贵州师范大学,化学,1982.09,1986.08
冉晓东,0000004243,培训,铜仁地委党校,,2005.10,2005.11
饶小华,0000004247,本科,原贵州农学院,农学,,1983.08
饶正海,0000004250,本科,?贵州省委党校,经济管理,1984.09,1986.08 
仁青东珠,0000004252,学习,甘南州卫生学校,,1984.09,1988.06
仁青东珠,0000004252,大专,中央党校,经济管理,1993.08,1996.06
仁青东珠,0000004252,研究生,甘肃省委党校,专门史,2003.07,2006.06
任洪河,0000004260,学习,河南省商丘农业学校,,1979.09,1982.07
任洪河,0000004260,研究生,中国人民大学,区域经济与城市管理,2002.07,2003.12
任廷浬,0000004269,本科,贵州民族学院,政治理论,1984.09,1988.08
任廷浬,0000004269,培训,贵州省铜仁地委党校,,1995.03,1995.06
任晓敏,0000004271,,甘肃省酒泉师范学校,英语,1980.09,1982.07 
任晓敏,0000004271,大专,甘肃广播电视大学,汉语言文学,1983.03,1985.12
任晓敏,0000004271,,中央党校,经管,1993.09,1995.12
任玉良,0000004275,,克山萌芽学校,,1975.09,1976.08
任玉良,0000004275,专科,哈尔滨师范大学,汉语言文学,1981.09,1983.09
任玉良,0000004275,研究生,黑龙江省经济管理干部学院,经济管理,,
任增禄,0000004277,本科,甘肃农业大学,农学,,
戎均文,0000004280,大专,河北林业专科学校,林业,1978.09,1981.08
戎均文,0000004280,函授,中央党校,经济管理,1991.07,1993.12
戎均文,0000004280,研究生,省委党校,经济管理,1999.09,2001.12
戎铁文,0000004281,大专,,,,
戎志学,0000004282,大专,邢台师范学校,化学,1979.01,1981.09
戎志学,0000004282,本科,省委党校,经济管理,2002.09,2004.12
荣利彬,0000004283,大专,?佳木斯师范专科学校,,1980.09,1983.09
荣利彬,0000004283,学习,哈尔滨师范大学,政治,1987.08,1990.08
荣利彬,0000004283,研究生,辽宁大学,国民经济管理,1993.08,1996.07
荣利彬,0000004283,博士,吉林大学,政治学理论,2002.09,2006.12
荣绪俭,0000004285,研究生,省委党校,中共党史,,
阮成发,0000004287,本科,武汉大学,工业经济管理,1982.02,1985.02
阮成发,0000004287,研究生,武汉大学,辩证唯物主义与历史唯物主义,1989.09,1993.02
阮成发,0000004287,博士,华中师范大学,国际共产主义运动与科学社会主义,1998.09,2001.06
阮金泉,0000004289,培训,全国乡镇长培训班,,1990.06,
阮金泉,0000004289,培训,河南省委党校,,1997.02,1997.07
阮金泉,0000004289,研究生,河南大学,经济学,1996.10,1999.10
阮金泉,0000004289,进修,中央党校,,2002.09,2003.01
阮金泉,0000004289,研究生,中央党校,法学理论,2003.03,2004.12
阮金泉,0000004289,研究生,中央党校,马克思主义哲学,2005.03,2007.01
阮日生,0000004291,大专,广东省委党校,,1985.03,1988.03
阮孝应,0000004293,研究生,,工商行政管理,,
阮灶新,0000004294,大专,,,,
桑维亮,0000004296,本科,贵州农学院,农业机械化,1980.10,1984.07
桑维亮,0000004296,学习,贵州省黔西南州委党校,,1994.09,1995.01
桑维亮,0000004296,学习,贵州省委党校,,2000.09,2001.01
沙海林,0000004297,博士,,管理学,,
沙圣虎,0000004299,学习,六安农校,农学,1979.09,1982.07
沙圣虎,0000004299,研究生,省委党校,政治学,1993.04,1993.06
沙先贵,0000004300,学习,贵州财经学院,贸易经济系贸易经济专业,,1982.08
赏进孝,0000004302,学习,甘肃省临夏州委党校,,1984.08,1986.08
尚德龙,0000004304,本科,?大连工业大学,塑料工程,1985.09,1989.08
尚德龙,0000004304,学习,?黑龙江大学,哲学,2000.09,2002.07
尚德龙,0000004304,培训,延安干部学院,,2008.10,2008.11
尚德龙,0000004304,研究生,东北财经大学,工商管理,2008.06,2010.06 
尚生龙,0000004307,大专,湖南税务高等专科学校,,1994.09,1997.07
尚生龙,0000004307,本科,中央党校,经济管理,2000.08,2002.12
尚生龙,0000004307,研究生,中央党校,,2005.09,
尚英照,0000004309,,伊川师范,英语,1980.09,1982.07
尚英照,0000004309,,河南师范大学,日语,1986.09,1989.07
尚英照,0000004309,研究生,中央党校,社会主义,1990.09,1993.07
尚英照,0000004309,培训,河南省委党校,,2006.02,2006.06
尚英照,0000004309,博士,华中科技大学,工商管理,,
邵春杰,0000004310,博士,,经济学,,
邵国强,0000004313,专科,哈尔滨师范专科学校,中文,1982.09,1985.07
邵国强,0000004313,本科,黑龙江省教育学院,中文,1987.09,1990.06
邵国强,0000004313,研究生,黑龙江省委党校,经济管理,1997.03,2000.01
邵国强,0000004313,研究生,东北财经大学,高级管理人员工商管理,2003.07,2005.06
邵华,0000004314,大专,郑州教育学院,汉语言文学教育,1993.09,1995.07
邵华,0000004314,本科,中央党校,经济管理,1996.08,1998.12
邵华,0000004314,研究生,河南省委党校,法律,2004.09,2007.06
邵七一,0000004317,研究生,,,,
佘东鹏,0000004320,本科,,,,
佘立柱,0000004321,,郧西师范学校,,1979.10,1981.09
佘立柱,0000004321,进修,武汉大学,经济学,1987.08,1989.06
佘立柱,0000004321,本科,中央党校,经管,1995.08,1997.12
佘立柱,0000004321,研究生,省委党校,政治经济学,1997.09,2000.07
佘立柱,0000004321,培训,国家行政学院,,2008.10,2008.11
申全民,0000004332,学习,张家口地区工业交通学校,,1980.10,1982.09
申全民,0000004332,学习,郑州轻工业学院,工业管理工程,1986.08,1988.07
申全民,0000004332,函授,中央党校,经济管理,1997.06,1999.12
申全民,0000004332,研究生,河北省委党校,经济管理,1999.09,2001.10
申晓庆,0000004334,本科,武汉大学,数学,1978.02,1982.02
申晓庆,0000004334,培训,南开大学,,1993.02,1993.04
申晓庆,0000004334,研究生,中央党校,政治经济学,2000.09,2003.07
申晓庆,0000004334,进修,中组部培训中心参加第七期组织部门领导干部进修班,,2003.07,2003.08
申晓庆,0000004334,培训,上海浦东干部学院,,2005.10,2005.11
申玉娥,0000004336,学习,河北财金学校,金融,1976.11,1978.1
申玉娥,0000004336,专修,河北省财政大专专业证书教育专修班,,1989.01,1990.01
申玉娥,0000004336,进修,南开大学,民商法,1999.11,2001.10
申玉娥,0000004336,培训,中国人民大学,,2006.03,2006.06
申玉娥,0000004336,研究生,省委党校,经济管理,2004.09,2007.07
沈伯麟,0000004340,本科,中央党校,,,
沈金水,0000004342,本科,中央党校,,,
沈明云,0000004345,研究生,,,,
沈铭权,0000004346,研究生,省委党校,,,
沈木荣,0000004347,学习,?汕头地区农学院,农作,1978.05,1981.05
沈木荣,0000004347,研究生,省委党校,经济学,1995.09,1998.07
沈晓钟,0000004357,本科,华南理工大学,船舶船厂电气自动化,1978.09,1982.08
沈晓钟,0000004357,研究生,重庆工商管理学院,工商管理,2000.03,2003.01
沈晓钟,0000004357,研究生,美国加州大学,项目管理,2005.03,2007.06
沈效良,0000004358,学习,上海农学院,,1980.10,1984.04
沈学强,0000004359,大专,湖北农业机械化专科学校,机械化,1980.09,1983.07
沈学强,0000004359,学习,华中理工大学,机电一体化,1992.09,1995.09
沈学强,0000004359,研究生,省委党校,经济管理,1997.09,1999.09
沈学强,0000004359,培训,十堰市委党校,,1999.09,1999.10
沈永明,0000004360,研究生,广西大学,政治经济学,,
盛国民,0000004365,,郑州粮食学院,油脂化工,1975.10,1978.08
盛世高,0000004367,本科,中央党校,,,
盛亚飞,0000004368,本科,上海农学院,园林,1979.09,1983.07
盛运鸿,0000004370,本科,内蒙古师范大学,政史,1971.12,1974.10 
师永学,0000004373,学习,郧县师范学校,,1978.09,1981.09
师永学,0000004373,本科,,经济管理,1995.09,1998.12
师永学,0000004373,研究生,华中理工大学,科技哲学,1996.09,1999.09
师振军,0000004374,本科,,,,
施东红,0000004376,本科,浙江师范学院,中文,1979.09,1983.07
施汉飞,0000004378,,钦州地区合浦卫生学校,中医士,1979.08,1982.07
施汉飞,0000004378,,广西电大南宁地区分校,党政管理干部基础,1985.09,1987.08
施汉飞,0000004378,研究生,中央党校,经济管理,,
施汉飞,0000004378,研究生,广西壮族自治区党校,行政管理,,
施永康,0000004380,本科,厦门大学,经济,1963.09,1968.09
施永康,0000004380,培训,中央党校,,1997.03,1997.07
石海林,0000004387,学习,涿州师范学校,,1978.02,1979.10
石洪,0000004388,学习,安顺财贸学校财贸,,1978.09,1981.07
石洪,0000004388,大专,贵州广播电视大学,企业经济管理,1983.09,1986.07
石洪,0000004388,自考,高教,汉语言文学,1994.09,1998.07
石洪,0000004388,培训,省委党校,,1998.03,1998.07
石洪,0000004388,进修,贵州师范大学,马克思主义哲学与市场经济,1999.11,2001.10
石洪,0000004388,研究生,贵州工业大学与加拿大魁北克大学,项目管理,2004.04,2006.07
石华雄,0000004389,学习,中央农业部经济管理干部学院,,1987.08,1989.07
石华雄,0000004389,研究生,省委党校,法学,2007.09,2010.06
石嘉兴,0000004390,研究生,哈尔滨工业大学,工商管理,2003.02,2005.11
石磊,0000004395,进修,厦门大学,会计学,1996.09,1998.06
石磊,0000004395,培训,美国蒙大拿大学,人力资源开发和公共管理,2009.00,
石琳,0000004396,自考,兰州大学,行政管理,1994.06,1997.08
石琳,0000004396,函授,中央党校,法律,1997.08,1999.12
石奇珠,0000004397,学习,广州市职工业余大学,行政管理,1987.09,1989.07
石奇珠,0000004397,研究生,广东省社科院,经济学,1999.09,2002.08
石永超,0000004406,研究生,广西大学,政治经济学,1998.09,2000.07
时光辉,0000004410,本科,同济大学,,,1991.07
时思明,0000004413,中专,河北省立第四师范（邢台师专）,,1929.00,
时思明,0000004413,学习,陕北公学分校,,,
时思明,0000004413,学习,抗日军政大学一分校,,,
时思明,0000004413,学习,八路军总参训练队,,,
时晓峰,0000004414,研究生,中央党校,经济管理,,
史大平,0000004417,本科,四川工业学院,汽车内燃机制造,1978.01,1982.01
史大平,0000004417,培训,中共重庆市委党校,,1987.09,1988.01
史大平,0000004417,学习,四川省委党校,,1995.09,1995.11
史大平,0000004417,研究生,四川省委二党校,党建,1995.09,1997.07
史大平,0000004417,博士,西南农业大学,经济管理,2001.09,2005.12
史根治,0000004418,研究生,中央党校,政治经济学,2004.03,2006.01
史焕立,0000004422,学习,社旗县师范学校,,1979.03,1981.03
史焕立,0000004422,学习,河南省委党校,党校党政管理专业,1986.09,1988.07
史全新,0000004429,学习,汲县师范学校,,1982.09,1985.08
史全新,0000004429,学习,郑州教育学院,历史,1987.09,1989.07
史全新,0000004429,研究生,中国社会科学院,工业经济,1996.12,1998.11
史全新,0000004429,进修,河南省委党校,,2003.03,2003.06
史全新,0000004429,培训,河南省委党校,,2005.09,2006.01
史全新,0000004429,研究生,河南省委党校,经济管理,2003.09,2006.06
史孺牛,0000004431,本科,皖南农学院,农学,1981.08,1985.07
舒存水,0000004435,本科,贵州农学院林学系,林业专业,1984.09,1988.08
舒存水,0000004435,研究生,贵州师范大学教育系,基础心理学专业,1998.07,2000.07
舒庆,0000004436,本科,山东师范大学,地理,1981.09,1985.07
舒庆,0000004436,研究生,华东师范大学,人文地理,1988.09,1991.07
舒庆,0000004436,博士,华东师范大学,区域地理学,1991.07,1994.07
帅朝纲,0000004440,大专,贵州省铜仁地委党校,,1983.10,1985.07
司存喜,0000004443,本科,河北农业大学,果树,1979.09,1983.07
司存喜,0000004443,进修,河北大学,政治经济学,1998.09,2000.06
斯福民,0000004446,本科,华东师范大学,,1978.00,1982.00
斯福民,0000004446,研究生,加拿大维多利亚大学,,1986.00,1988.00
宋秉武,0000004449,本科,兰州大学,历史,1979.09,1983.06
宋秉武,0000004449,培训,甘肃省委组织部选调生培训班,,1983.06,1983.07
宋秉武,0000004449,学习,甘肃省委党校,,,
宋秉武,0000004449,培训,中央党校,,2003.03,2003.07
宋波,0000004450,大专,中山大学,工业经济管理,1982.09,1984.08
宋诚,0000004452,学习,酒泉师范,普师,1982.09,1984.07
宋诚,0000004452,大专,甘肃广播电视大学,语言文学,1984.09,1988.07
宋诚,0000004452,本科,省委党校,党政管理,1995.08,1997.12
宋诚,0000004452,进修,北京师范大学,区域经济,2000.07,2002.09
宋诚,0000004452,研究生,省委党校,区域经济开发史,2004.09,2007.06
宋存汉,0000004453,本科,,,,
宋德平,0000004454,研究生,党校,,,
宋光杰,0000004458,本科,石河子农学院农学系,,1980.09,1984.08
宋国权,0000004462,本科,安徽大学,经济学,1978.10,1982.08
宋国权,0000004462,研究生,中央党校,经济管理,,
宋洪修,0000004465,研究生,中央党校,经济学,,
宋华英,0000004466,中专,廊坊卫校,助产,1990.09,1993.07
宋华英,0000004466,大专,自学考试,法律,1994.05,1997.12
宋华英,0000004466,函授,省委党校党政干部函授学院,,1995.09,1998.07
宋华英,0000004466,研究生,省委党校,经济管理,1999.09,2001.12
宋华英,0000004466,学习,河北电大,法律,2003.03,2005.01
宋家传,0000004468,本科,中央党校,法律,1998.09,2000.12
宋家传,0000004468,培训,省委党校,,2006.03,2006.06
宋立民,0000004476,大专,张家口师范专科学校,物理,1979.08,1981.08
宋立民,0000004476,本科,中央党校,经济管理,1997.08,1999.12
宋立民,0000004476,研究生,省委党校,经济管理,2000.09,2003.07
宋全科,0000004482,中专,甘肃省财贸学校,财政,1979.09,1982.08
宋全科,0000004482,大专,甘肃广播电视大学,财政,1983.09,1986.07
宋全科,0000004482,本科,中央党校,经济管理,1996.08,1998.12
宋全科,0000004482,研究生,中央财经大学,财政,2000.09,2002.07
宋仁堂,0000004483,大专,大名师范学校,,1982.09,1985.08
宋仁堂,0000004483,本科,河北师范学院,汉语言文学,1985.08,1987.12
宋仁堂,0000004483,研究生,河北师范大学,马克思主义理论与思想政治教育,1998.07,2000.12
宋树生,0000004491,本科,哈尔滨师范大学政治系,,,1979.09
宋文玲,0000004496,大专,承德师范专科学校,汉语,1978.10,1980.08
宋文玲,0000004496,本科,河北大学,法律,1984.01,1986.12
宋文玲,0000004496,研究生,河北省委党校,经济管理,1994.07,1997.07
宋向党,0000004499,研究生,河北大学,经济系,,
宋晓路,0000004500,中专,贵州省正安师范学校,师范,1984.09,1987.07
宋晓路,0000004500,大专,贵州省遵义教育学院,汉语言文学,1989.08,1991.07
宋晓路,0000004500,培训,遵义市委党校,,2002.03,2002.06
宋晓路,0000004500,研究生,贵州省委党校,经济学,2001.09,2004.07
宋有洪,0000004511,中专,泊头师范学校,,1979.07,1981.09
宋有洪,0000004511,大专,河北省委党校,,1985.09,1987.07
宋有洪,0000004511,本科,中央党校,经济,1992.08,1994.12
宋有洪,0000004511,培训,沧州市委党校,,1995.09,1995.11
宋有洪,0000004511,培训,河北干部管理学院,,1996.09,1996.11
宋有洪,0000004511,大专,河北工业大学,工业外贸,1994.09,1997.06
宋有洪,0000004511,研究生,河北大学,世界经济,1996.09,1998.07
宋有洪,0000004511,培训,省委党校,,2000.09,2000.12
宋有洪,0000004511,培训,,全国市长培训班,2004.10,2004.11
宋有洪,0000004511,培训,中国人民大学,,2005.10,2005.12
宋有洪,0000004511,培训,国家行政学院,,2006.06,2006.06
宋有洪,0000004511,研究生,省委党校,经济管理,2004.09,2007.07
宋志国,0000004518,本科,广西农垦职工大学,新闻专业,1986.09,1988.07
宋志国,0000004518,学习,兵团党委党校,,1991.08,1992.08
宋志国,0000004518,学习,中央党校领导干部函授班,经济管理专业,1995.08,1997.12
宋志国,0000004518,研究生,中央党校在职研究生班,政治专业,1999.09,2002.07
苏从勇,0000004523,本科,马鞍山钢铁学院,冶金机械,1981.09,1985.07
苏从勇,0000004523,培训,市委党校,,1996.03,1996.06
苏从勇,0000004523,研究生,南京大学,研究生课程进修班行政管理,1999.09,2001.07
苏从勇,0000004523,培训,安徽省委党校,,2008.03,2008.07
苏浩志,0000004528,博士,中山大学,,1988.04,1991.04
王建民,0000004540,研究生,,,,
王建鸣,0000004541,本科,葛洲坝水电工程学院,工业电气自动化,1979.01,1982.06
王建鸣,0000004541,进修,省委党校,,1995.04,1995.06
王建鸣,0000004541,研究生,华中师范大学,马克思主义理论与思想政治,1998.09,2001.01
王建鸣,0000004541,博士,华中科技大学,管理科学与工程,2000.09,2007.03
王建平,0000004543,学习,西安矿业学院,采矿工程专业,1993.09,1997.07
王建修,0000004545,研究生,,,,
王健,0000004552,研究生,省委党校,,,
王江,0000004556,学习,张家口地区农机学校,,1978.09,
王江,0000004556,培训,河北省委党校,,1995.05,1995.07
王江,0000004556,大专,河北省委党校,党政干部大专班,1994.09,1997.07
王江,0000004556,学习,中央党校,经济管理,1997.08,1999.12
王江,0000004556,研究生,中央党校,法学理论,2006.09,2009.07
王洁岚,0000004561,学习,甘肃省临洮师范,,1980.09,1982.07
王洁岚,0000004561,学习,甘肃省定西教育学院,中文,1984.09,1986.07
王洁岚,0000004561,研究生,中央党校,经济管理,2004.09,2007.07
王洁岚,0000004561,培训,甘肃省委党校,中青年干部培训班,2007.09,2008.01
王金维,0000004567,本科,,,,
王进江,0000004572,本科 ,河北师范大学,数学,1979.09,1983.08
王进江,0000004572,研究生,中国社会科学院,工商管理,1995.12,1997.11
王进江,0000004572,培训,河北省委党校,,1996.09,1997.01
王进江,0000004572,培训,中国人民大学,中青年干部执政能力建设”培训班,2006.10,2006.12
王进江,0000004573,本科,重庆大学,机械系机械制造工艺及设备,1983.09,1990.07
王进江,0000004573,研究生,贵州大学,经济管理,1998.09,2000.07
王进江,0000004573,研究生,贵州省委党校,公共管理,2004.09,2007.06
王久宗,0000004578,进修,中央农业管理干部学院,经济管理,1990.05,1992.05
王久宗,0000004578,进修,中央党校,党政管理,1995.08,1997.12
王久宗,0000004578,研究生,中央党校,国际政治,2005.03,2007.01
王居堂,0000004579,本科,,,,
王娟,0000004581,本科,江西省景德镇陶瓷学院,陶瓷工程,1981.09,
王娟,0000004581,培训,省委党校,,2005.09,2005.12
王娟,0000004581,培训,市厅级后备干部加拿大国际基金培训会,,2006.10,2006.12
王军,0000004584,本科,江西景德镇陶瓷学院,,1987.09,1990.08
王军,0000004584,大专,杭州计算机技术及工程应用学院,,1995.09,1998.07
王军,0000004585,研究生,郑州大学,公共管理,2005.05,2008.06
王军,0000004586,本科,华中师范大学,图书情报系,1986.06,
王军,0000004586,研究生,英国赫尔大学,商务管理,2003.03,2003.03
王军,0000004587,本科,青岛化工学院,塑料工程,1993.09,1997.07
王军,0000004587,研究生,清华大学,化学工程与技术,2001.09,2004.06
王军,0000004587,博士,清华大学,化学工程与技术,2004.09,2006.07
王军,0000004587,学习,广西区党校,,2010.09,2011.01
王军,0000004588,本科,西南石油学院,计算机软件专业,1988.09,1992.07
王军,0000004588,研究生,西南石油学院,管理科学与工程专业,1992.07,
王君,0000004591,学习,中共绥化地委党校,,1983.08,
王君清,0000004592,,市委党校,党政,1987.09,1989.12
王君清,0000004592,,东北农业大学,经济管理,2000.06,2002.06
王君清,0000004592,,中央党校,法律,2001.08,2003.12
王俊海,0000004595,研究生,,,,
王俊英,0000004597,进修,河北财金学校,财政,1978.09,1980.08
王俊英,0000004597,进修,中央党校,经济管理,1994.08,1996.12
王俊英,0000004597,研究生,河北省委党校,经济管理,2002.09,2005.07
王开禄,0000004598,进修,北京大学马克思主义学院,经济管理,2000.09,2000.12
王开禄,0000004598,本科,贵阳医学院,临床医学,1985.09,1990.07
王开禄,0000004598,研究生,贵州省委党校,政治学,2002.06,2005.06
王开明,0000004599,本科,,,,
王开明,0000004599,学习,黑龙江省农业管理干部学院,,1985.09,
王凯军,0000004601,专科,保定农业专科技术学校,农学,1978.09,1981.08
王凯军,0000004601,大专,廊坊地委党校,党政,1987.09,1989.07
王凯军,0000004601,函授,中央党校,法律,1999.08,2001.12
王堃,0000004606,大专,河南广播电视大学,经济类财政,1983.09,1986.07
王磊,0000004611,研究生,中央党校,,,
王力,0000004613,,甘肃省商业学校,计算机管理,1991.09,1994.07
王力,0000004613,,中央民族大学,经济管理,1996.09,1998.08
王力,0000004613,研究生,中国人民大学,贸易经济,2000.03,2003.03
王立波,0000004615,本科,,,,
王立波,0000004615,研究生,,,,
王立刚,0000004616,本科,,,,
王连贵,0000004624,本科,合肥工业大学,思想政治教育,1987.09,1991.07
王连贵,0000004624,研究生,合肥工业大学,马克思列宁主义哲学与思想政治教育,1995.09,1997.12
王连贵,0000004624,培训,美国加州大学,,2002.11,2003.03
王林,0000004629,大专,河北广播电视大学,,1979.00,
王林,0000004629,进修,中央党校,经济管理,1994.08,1996.12
王林,0000004629,进修,中央党校,,2003.09,2004.01
王林,0000004632,本科,新疆八一农学院,园艺专业,,
王玲,0000004636,本科,中央党校,经济管理,1996.09,1998.12
王玲,0000004636,本科,中央党校,领导干部,1998.09,2000.12
王玲,0000004636,研究生,中央党校,行政管理,2000.09,2003.07
王玲,0000004637,大专,焦作师范学校,音乐,1989.09,1992.08
王玲,0000004637,研究生,华中科技大学,科技哲学,2006.09,2008.06
王玲,0000004637,博士,武汉大学,技术经济及管理,2011.09,2014.06
王茂才,0000004639,本科,中南财经大学,商业经济系,1984.09,1988.06
王茂才,0000004639,培训,贵州省遵义市委党校,中青班,1999.09,1999.11
王茂才,0000004639,培训,贵州省委党校,中青班,2003.03,2003.06
王茂才,0000004639,研究生,重庆市委党校,区域经济学,2004.09,2007.06
王蒙徽,0000004643,本科,清华大学,建筑学,1978.03,1983.07
王蒙徽,0000004643,研究生,清华大学,建筑设计与理论,1984.09,1989.12
王蒙徽,0000004643,进修,波兰华沙工业大学,建筑系,1987.11,1988.06
王蒙徽,0000004643,研究生,中国社科院,投资管理,1996.12,1998.11
王蒙徽,0000004643,博士,清华大学,城市规划设计与理论,2002.09,2006.12
王民生,0000004647,本科,,,,
王敏,0000004650,本科,中央党校,党政管理,1997.08,1999.12
王敏,0000004650,学习,杭州市委党校,,2007.09,2007.12
王明德,0000004654,大专,河南省汝南师范学校,,1975.10,1977.08
王明德,0000004654,本科,河南大学,政教系,1978.03,1982.01
王明寿,0000004656,本科,西北师范学院,数学,1983.08,1987.06
王明寿,0000004656,培训,甘肃省委组织部全省选调大学生班,,1987.06,1987.08
王明寿,0000004656,研究生,中共甘肃省委党校,哲学,1999.08,2002.06
王明威,0000004657,研究生,,,,
王铭德,0000004660,本科,华中农学院,园林,1979.09,1983.07
王铭德,0000004660,学习,湖北省委党校,,2001.06,2001.07
王铭德,0000004660,研究生,湖北省委党校,经济管理,1999.09,2002.07
王铭德,0000004660,学习,湖北省委党校,,2003.09,2003.11
王铭德,0000004660,学习,湖北省委党校,,2011.05,2011.07
王乃巨,0000004662,本科,,,,
王宁,0000004665,高中,北京市西城区二龙路中学,,1973.02,1979.02
王宁,0000004665,本科,北京师范大学,政治经济学,1979.02,1983.03
王宁,0000004665,研究生,北京大学,经济学院金融,1998.09,2001.07
王宁,0000004665,培训,,奥运专业知识,2003.09,2004.07
王宁,0000004666,大专,百泉农业专科学校,植保,1979.10,1982.07
王培安,0000004667,培训,遵义师范学院,中文,1978.03,1979.10
王培安,0000004667,研究生,中央党校,经济管理,,
王鹏,0000004674,本科, 清华大学,建筑学,1989.09,1994.08
王鹏,0000004674,研究生, 清华大学,城市规划,1996.09,1998.09
王鹏,0000004674,博士, 清华大学,建筑技术科学,1998.09,2001.11
王鹏,0000004675,本科,兰州大学,哲学,1985.09,1989.07
王鹏,0000004675,学习,襄樊市委党校,,2000.09,2001.01
王鹏,0000004675,培训,襄樊市中青年干部国外培训班,,2001.09,2003.03
王鹏,0000004675,研究生,武汉大学,公共管理,,
王鹏飞,0000004677,,空军政治学院,,1985.09,1987.07
王鹏飞,0000004677,,黑龙江省委党校,经济管理,2001.03,2004.07
王鹏飞,0000004677,进修,国家行政学院,,2008.09,2008.01
王平海,0000004686,,新疆阿克苏农校,农学,1979.12,1982.08
王平海,0000004686,,塔里木农垦大学,农学,1984.09,1986.07
王萍,0000004690,专科,宜宾学院,（原宜宾师专）政史,1985.09,1988.07
王萍,0000004690,本科,四川师范大学,经济管理,1994.09,1997.06
王萍,0000004690,培训,四川行政学院,,1999.03,1999.06
王萍,0000004690,研究生,四川省委党校,,1999.09,2002.07
王萍,0000004690,学习,四川省委党校,,2009.09,2009.11
王普增,0000004692,本科, 河北大学,经济,1984.09,1988.07
王普增,0000004692,研究生,新加坡南洋理工大学,管理经济专业,2001.07,2002.06
王普增,0000004692,学习,英国格林威治大学,城市建设与管理,2009.11,
王普增,0000004692,学习,新加坡国立大学,地方政府高级创新研究班,2010.08,
王谦,0000004697,,清水农校,农学,1980.07,1983.08
王谦,0000004697,大专,中央党校,党政管理,1991.07,1993.07
王谦,0000004697,函授,中央党校,经济管理,1998.08,2000.12
王谦,0000004697,研究生,中共甘肃省委党校,专门史,2000.09,2003.06
王强,0000004698,本科,,,,
王强,0000004699,本科,北京大学,国际政治系,1984.09,
王强,0000004702,本科,江西大学,法律,1984.09,1988.08
王强,0000004702,研究生,中南财经政法学院,民法,1988.09,1991.04
王强,0000004702,研究生,北京大学,高级管理人员工商管理,2008.11,2011.01
王强,0000004703,本科,天水地区渭南师范学校,,1978.09,1982.08
王强,0000004703,大专,甘肃广播电视大学,法律,1996.09,1999.07
王琴英,0000004705,研究生,浙江省委党校,,,
王清华,0000004708,大专,河南大学,汉语言文学,1988.09,1990.12
王清华,0000004708,本科,河南大学,汉语言文学,1991.04,1994.06
王清华,0000004709,大专,郑州大学政治系,政治专业干部专修科,1982.09,1984.07
王庆国,0000004714,研究生,省委党校,,,
王润华,0000004742,学习,黔东南民族行政管理学校,行政管理专业,1988.08,1990.07
王润华,0000004742,大专,贵州省委党校,党政管理专业学习,1995.09,1997.07
王润华,0000004742,本科,贵州省委党校,行政管理专业学习,1998.09,2001.09
王三运,0000004744,大专,贵阳师范学院,汉语言文学,1974.08,
王三运,0000004744,进修,中央党校,,1992.09,1993.01
王三运,0000004744,研究生,中央党校,政治,1998.09,2001.07
王韶华,0000004747,,平山师范学校,,1979.01,1981.09
王韶华,0000004747,,河北省委党校,,1985.09,1987.07
王韶华,0000004747,函授,河北省委党校,经济管理,2002.09,2004.12
王少雄,0000004748,本科,河北师范学院,化学系,,
王绍知,0000004751,本科,,,,
王胜,0000004753,本科,中山大学,管理系,1985.09,
王胜,0000004753,研究生,中山大学,经济管理,1990.09,1993.06
王胜,0000004753,培训,美国麻州州立大学波士顿分校,,1999.12,2000.12
王世昆,0000004756,本科,河北师范大学,数学,1979.07,1983.08
王世昆,0000004756,研究生,河北工业大学,管理科学与工程,1997.10,1999.06
王世荣,0000004758,,西安工业学院,铸造专业,1992.07,
王世荣,0000004758,学习,华师处干班,,2004.03,2004.06
王世益,0000004760,研究生,武汉市委党校,经济管理,1997.09,2000.10
王树清,0000004769,本科,齐齐哈尔师范学院,,1972.01,1974.01
王树生,0000004770,本科,齐齐哈尔轻工学院,硅酸盐,1979.08,1983.08
王树生,0000004770,研究生,燕山大学,生物工程,2000.09,2003.01
王顺生,0000004775,本科,中国人民大学,政治经济学,1978.09,1982.09
王顺生,0000004775,研究生,中国科技大学,研究生班经营管理,1987.09,1990.08
王松,0000004776,本科,厦门大学,政治学,1984.09,1988.07
王素平,0000004777,本科,河北大学,计统,1982.09,1986.07
王素芝,0000004780,,河北师范大学,数学,1980.09,1984.07
王天阳,0000004788,进修,中央党校,经济管理,1993.09,1995.12
王天阳,0000004788,进修,郑州大学,法律,1992.09,1994.06
王天洋,0000004789,本科,云南大学,中文系汉语言文学专业,,
王铁,0000004791,大专,河南省商业学校,,1978.12,1981.01
王铁,0000004791,大专,郑州大学,法律,1983.09,1986.07
王铁,0000004791,培训,中共河南省委党校,,1995.09,1996.01
王铁,0000004791,研究生,中国政法大学,,1995.09,1997.07
王铁,0000004791,博士,华中科技大学,政管理专业,2006.09,2009.03
王铁静,0000004792,大专,东北电力学院,热动力设备,1974.09,1977.07
王铁静,0000004792,大专,黑龙江省电大,中文,1983.09,1985.07
王铁静,0000004792,研究生,省社科院,经管,1994.07,1996.09
王铁静,0000004792,研究生,省委党校,经济管理,2000.03,2002.07
王铁良,0000004793,本科,河南大学,历史系,1980.09,1984.07
王铁强,0000004794,学习,黑龙江大学,党政干部基础科,1984.06,1986.06
王铁强,0000004794,学习,黑龙江省委党校,政治,1991.07,1994.07
王铁强,0000004794,进修,哈尔滨师范大学,经济管理,1994.09,1996.08
王廷恺,0000004797,大专,贵州省供销学校,计统,1979.09,1981.09
王廷恺,0000004797,学习,重庆青年管理干部学院,经济管理,1988.09,1990.07
王廷恺,0000004797,本科,贵州省委党校,,1995.09,1998.07
王廷恺,0000004797,研究生,中央党校,政治经济学,2000.09,2003.07
王廷佐,0000004798,本科,中央党校,经济管理,,
王伟,0000004809,本科,,,,
王卫东,0000004814,大专, 郴州师专,中文,1990.09,1993.07
王卫东,0000004814,进修,中央党校,经济管理,1994.09,1996.12
王卫东,0000004814,学习,省委党校,,1997.09,1997.10
王卫东,0000004814,学习,湖南大学,工商管理学院课程研究班,2004.03,2004.06
王文,0000004815,研究生,中共中央党校,经济学专业,,
王文杰,0000004820,学习,沈丘师范,,1979.09,1981.07
王文杰,0000004820,本科,河南大学,政治,1983.09,1987.07
王文力,0000004821,本科,,,,
王文涛,0000004824,本科,复旦大学,哲学,1981.09,1985.07
王西冀,0000004828,培训,广西粮食学校,经营与管理,1984.09,1986.07
王西冀,0000004828,本科,广西大学,法律,1989.04,1993.06
王西冀,0000004828,进修,中央党校,经济管理,1994.08,1996.12
王西冀,0000004828,进修,广西师范大学,国民经济学,1998.10,2000.10
王喜峰,0000004831,本科,河南大学,政治教育,1991.09,1994.07
王喜峰,0000004831,培训,河南省委党校,,2008.03,2008.07
王先民,0000004836,大专,兰州大学,汉语文学,1986.06,1989.12
王现坤,0000004839,本科,山西财经学院,会计学,1987.09,1991.07
王现坤,0000004839,研究生,河北省委党校,经济管理,2002.09,2005.07
王相仁,0000004841,本科,河北大学,中文,1980.09,1984.07
王相仁,0000004841,研究生,中国人民大学,政治经济学,1993.05,1996.06
王小军,0000004847,进修,中央党校,经济管理,1994.08,1996.12
王小军,0000004847,进修,南开大学,产业经济,2000.09,2002.07
王小平,0000004848,本科,新乡师范学院,数学,1980.09,1984.07
王小平,0000004848,研究生,河南省委党校,经济管理,1996.09,1999.02
王小平,0000004848,进修,省委党校,,2002.09,2002.12
王小平,0000004848,进修,国家行政学院,公务员进修班,2012.03,2012.04
王小平,0000004849,,襄阳地区财贸学校,,1979.09,1981.07
王小平,0000004849,专科,中南财大,会计,1985.03,1987.06
王小平,0000004849,本科,中央党校,函授本科经管,1996.08,1998.12
王小平,0000004849,研究生,湖北省委党校,经济管理,2005.09,2007.07
王小庆,0000004852,培训,甘肃省财贸学校,财政专业,1978.03,
王小庆,0000004852,大专,甘肃省电大天水分校,财政专业,1983.09,1986.07
王小庆,0000004852,本科,中央党校,经济管理,1997.09,1999.12
王晓东,0000004857,研究生,省委党校,,,
王晓东,0000004858,本科,山东农业大学,植保,1985.09,1989.07
王晓东,0000004858,研究生,南开大学,工商管理,1999.09,2000.06
王晓东,0000004859,本科,贵州省广播电视大学,工业企业经营管理专业,1983.09,1986.07
王晓东,0000004859,学习,遵义地委党校中青班,,1997.03,1997.06
王晓东,0000004859,学习,中央党校函授学院,政法专业,1995.08,1997.12
王晓东,0000004859,学习,贵州省委党校中青班,,1999.09,2000.01
王晓东,0000004859,研究生,复旦大学经济学院研究生课程进修班,,1999.09,2001.09
王晓东,0000004859,学习,贵州省委党校局干班,,2004.09,2004.11
王晓东,0000004859,研究生,贵州省委党校,公共管理专业,2004.09,2007.06
王晓光,0000004860,本科,贵阳师范学院,体育,1980.09,1984.08
王晓光,0000004860,本科,贵州省委党校,经济管理,1993.09,1996.06
王晓光,0000004860,研究生,中国地质大学,管理科学与工程,1999.07,2001.12
王晓桦,0000004861,研究生,,经济学,,
王晓军,0000004863,研究生,甘肃省委党校,工商管理,,
王晓军,0000004863,本科,,农学,,
王孝成,0000004865,专科,安康师范学校,师范,1982.09,1985.07
王孝成,0000004865,本科,中央党校,党政管理,1998.08,2000.12
王新建,0000004868,大专,华南工学院,工业电气化及自动化,1973.09,1976.12
王新建,0000004868,研究生,华南理工大学,电机,1993.09,1996.03
王新建,0000004868,进修,中央党校,,2004.03,2004.07
王新军,0000004869,研究生,,,,
王新伟,0000004871,本科,浙江大学,电机,1984.09,1988.09
王新伟,0000004871,进修,河南省委党校,,2003.03,2003.06
王兴柱,0000004873,本科,哈尔滨科学技术大学,管理工程,1988.09,1992.07
王兴柱,0000004873,,清华大学,,2004.09,2004.12
王兴柱,0000004873,研究生,大庆石油学院,,,
王雄,0000004874,本科,,,,
王学斌,0000004881,学习,加州大学伯克利分校,机械工程系(燃烧实验室),2010.11,2011.11
王学斌,0000004881,博士,西安交通大学,热能工程系,2008.03,2011.11
王学斌,0000004881,研究生,西安交通大学,热能工程系,2006.09,2008.03
王学斌,0000004881,本科,西安交通大学,热能工程系,2002.09,2006.07
王学军,0000004886,本科,贵州大学,历史,1978.03,1982.02
王学军,0000004886,进修,厦门大学,行政管理,1999.10,2001.10
王学军,0000004887,本科,西北农业大学,畜牧,1986.09,1990.07
王学军,0000004887,研究生,宁夏党校,政治学,2006.09,2009.07
王学书,0000004890,本科,甘肃省财贸学校,,1981.09,
王雪峰,0000004895,大专,河北矿冶学院,炼铁,1974.09,1977.09
王雪峰,0000004896,进修,黑龙江省北安农校,畜牧,1980.07,1982.08
王雪峰,0000004896,大专,东北农学院,畜牧,1987.08,1990.07
王雪峰,0000004896,本科,省委党校,经济管理,1991.07,1994.07
王雪峰,0000004896,进修,哈尔滨师范大学,经济管理,1997.09,1999.05
王雪峰,0000004896,研究生,澳门科技大学,工商管理,2001.09,2002.11
王琰君,0000004904,本科,河南省委党校,政治理论,1988.09,1990.08
王琰君,0000004904,进修,南京大学,哲学系,1998.09,2000.09
王义光,0000004912,研究生,省委党校,经济管理,,
王义章,0000004914,进修,中央党校,经管,1994.08,1996.12
王义章,0000004914,研究生,省委党校,经管,1999.03,2001.06
王义章,0000004914,进修,中央党校,,2001.02,2001.07
王毅群,0000004917,大专,龙溪师范,中文,1979.10,1981.08
王毅群,0000004917,培训,福建省委党校,,1987.08,1989.07
王银峰,0000004918,本科,陕西师范大学,地理系,1979.09,1983.08
王银峰,0000004918,研究生,北京大学,城市与环境科学,1986.08,1989.02
王银峰,0000004918,博士,北京大学,城市与环境科学专业,1996.09,1999.01
王银峰,0000004918,讲学,日本名古屋大学、歧阜经济大学,,1997.08,1997.09
王银峰,0000004918,培训,中央党校,,2003.03,2003.07
王迎波,0000004921,大专,党校,,,
王迎波,0000004921,研究生,,农业推广,,
王永利,0000004926,本科,吉林大学,汉语言文学,1979.00,1983.00
王永利,0000004926,研究生,新加坡南洋理工大学,管理经济,,
王永利,0000004927,本科,铁岭师范学校,,1985.00,1989.00
王永利,0000004927,本科,沈阳师范学院,政治教育,1989.00,1993.00
王永利,0000004927,培训,省委党校,,1993.07,1993.08
王永威,0000004929,,河北商业学校,商业企业管理,1983.09,1985.11
王永威,0000004929,函授,中央党校,经济管理,1993.08,1995.12
王永威,0000004929,研究生,中央党校,科学社会主义,1998.09,2001.07
王勇,0000004932,高中,山东省阳谷县一中,,1973.12,1975.06
王勇,0000004932,大专,山东省北镇师范专科学校,中文专业,1978.10,1980.06
王勇,0000004932,培训,中央团校,,1982.08,1983.01
王勇,0000004932,进修,中央党校,经济管理,1989.09,1992.07
王勇,0000004932,进修,四川联合大学,理科学与工程,1997.03,1999.01
王勇,0000004932,进修,中央党校,,2003.09,2004.01
王勇,0000004932,培训,清华大学和哈佛大学公共管理高级培训班,,2008.04,2008.06
王勇,0000004932,研究生,中央党校,经济学,2004.03,2006.01
王勇,0000004932,研究生,长江商学院,工商管理专业,2010.05,2012.10
王勇,0000004932,培训,中央党校,,2012.09,2013.01
王勇,0000004933,进修,浙江财政学校,财政,1983.09,1985.07
王勇,0000004933,本科,江西财经学院,财务会计,1989.09,1991.07
王勇,0000004933,研究生,大连海事大学,国际法学,2004.09,2006.11
王勇,0000004933,研究生,大连海事大学,企业管理,2008.09,2011.07
王勇,0000004933,培训,省中青年干部培训,,2012.09,2012.12
王勇,0000004934,大专,贵州省委党校,,1985.09,1987.08
王勇,0000004936,本科,河海大学,经济管理,,
王勇,0000004936,研究生,省委党校,战略管理与应用哲学,2003.07,2006.06
王勇,0000004937,本科,,,,
王友华,0000004939,本科,南开大学,数理统计,1988.09,1992.07
王友华,0000004939,培训,加拿大圣玛丽大学,金融,2003.06,2004.11
王宇燕,0000004942,博士,,经济学,,
王玉,0000004944,进修,牡丹江商业学校,,1978.10,1980.08
王玉,0000004944,培训,大庆市委党校,,1982.10,1983.10
王玉,0000004944,进修, 哈尔滨工业大学,国际经济,1993.10,1995.07
王玉峰,0000004947,大专,百泉农专,果树,1980.09,1983.08
王玉民,0000004949,本科,哈尔滨工程大学,导弹制导,,
王郁,0000004953,,双鸭山文工团,,1976.11,1981.03
王郁,0000004953,大专,黑龙江黑龙江省宣传行政干部管理学院省委党校,政工,1985.07,1987.07
王郁,0000004953,研究生,黑龙江省委党校,,,
王月衡,0000004956,,定县师范学校,,1979.01,1981.09
王月衡,0000004956,,河北广播电视大学,党政,1985.09,1987.07
王月衡,0000004956,本科,中央党校,政法,1997.08,1999.12
王跃,0000004958,大专,贵州广播电视大学,汉语言文学,1982.09,1985.07
王跃,0000004958,本科,贵州省委党校,经济管理,1997.09,2000.07
王跃,0000004958,培训,贵州行政学院,,2000.06,2000.07
王跃,0000004958,研修,北京大学,,2003.10,2003.12
王跃,0000004958,研修,上海展望发展学院,西部人才工程专题,2005.07,
王跃,0000004958,培训,上海同济大学,,2008.06,2008.07
王跃,0000004958,培训,上海浦东干部学院,,2008.11,
王跃华,0000004960,大专,河南省纺织工业学校,,1979.09,1981.09
王跃华,0000004960,进修,中国纺织大学,纺织工程,1987.09,1992.12
王跃华,0000004960,研究生,中国社会科学院,企业管理,1996.04,1998.03
王越,0000004961,大专,万县农学院,农学系,1978.01,1981.01
王越,0000004961,进修,四川省委党校,经济管理,1995.09,1997.12
王越,0000004961,研究生,四川大学,世界经济,1997.09,1999.07
王越,0000004961,博士,西南农业大学,经济管理,2002.09,2005.06
王云峰,0000004963,培训,在丰台区师范学校,,1970.07,
王云峰,0000004963,硕士,中央党校,政法,,
王云鹏,0000004967,大专,哈尔滨师范学院,中文系,1983.08,1986.06
王云鹏,0000004967,研究生,黑龙江大学,民商法学,1998.09,2000.08
王云鹏,0000004967,研究生,黑龙江省委党校,经济管理,2007.10,2009.10
王云鹏,0000004967,研究生,哈尔滨工业大学,工商管理,2010.09,2012.10
王载飞,0000004968,本科,中央党校,党政管理,1994.08,1996.12
王载飞,0000004968,研究生,中国社会科学院,工业经济,1996.04,1998.04
王载飞,0000004968,研究生,北京大学,工商管理,2002.11,2004.03
王载飞,0000004968,培训,河南省委党校,,2008.03,2008.07
王增明,0000004973,,北京钢铁学院,铸造,1974.09,1977.09
王增明,0000004973,研究生,新加坡南洋理工大学,管理经济学,1998.07,1999.07
王长双,0000004979,本科,,,,
王兆辉,0000004985,本科,聊城师范学院,政治,1984.09,1988.07
王兆宪,0000004990, 本科, 北京航空学院,飞行器设计及应用力学,1982.09,1986.07
王兆宪,0000004990,研究生,中共黑龙江省委党校,公共管理,,
王赵春,0000004991,研究生,中央党校,,,
王照平,0000004993,研究生,中央党校,,1985.09,1988.08
王照平,0000004993,,郑州工学,化工系,1978.03,1982.01
王振清,0000005001,大专,渑池师范学校,物理,1979.09,1981.08
王振清,0000005001,大专,河南电大,物理,1982.08,1985.08
王振清,0000005001,培训,河南省委党校,,1995.09,1999.02
王振清,0000005001,研究生,河南省委党校,经济管理,1996.09,1999.02
王振宇,0000005005,本科,兰州大学,兰州大学,1980.09,1984.07
王振宇,0000005005,研究生,,,,
王正,0000005009,本科,广西民族学院,政治,1976.08,1979.07
王正,0000005009,研究生,广西大学,政治经济学,1998.07,2000.10
王正福,0000005010,本科,贵州农学院,林学,1965.09,1969.09
王正福,0000005010,学习,中央党校,,1997.09,1998.07
王正君,0000005011,本科,兰州大学,历史,1979.07,
王正君,0000005011,培训,省委党校,,1983.07,
王正君,0000005011,研究生,省委党校,,1987.09,1988.07
王正君,0000005011,研究生,西南农业大学,经济管理,1999.05,2001.05
王正君,0000005011,培训,中央党校,,2004.09,2005.01
王政,0000005014,本科,中央党校,,,
王之政,0000005016,学习,贵州省黔东南州财贸学校,企业管理专业,1980.09,1982.09
王之政,0000005016,大专,贵州大学管理科学系,政治管理专业,1989.08,1991.07
王之政,0000005016,学习,贵州省黔东南州委党校干部轮训班,,1995.07,1996.03
王之政,0000005016,学习,贵州大学农村经济管理培训班,,2000.10,2001.01
王之政,0000005016,本科,贵州省委党校,经济管理专业,1999.09,2002.06
王之政,0000005016,学习,同济大学2009年贵州省市、县领导城市规划培训班,,2009.05,2009.06
王之政,0000005016,学习,中央党校县委书记研修班,,2015.11,2016.01
王志宏,0000005023,大专,北京大学,思想政治教育,1995.09,1998.07
王志军,0000005024,本科,中国人民大学农经系,农业经济管理专业,1983.09,
王志军,0000005024,学习,中央党校函授学院,经济管理专业,1994.08,1996.12
王志军,0000005024,研究生,省委党校在职研究生班,经济管理专业,1999.09,2001.12
王志军,0000005025,本科,,,,
王治学,0000005032,本科,北京大学,哲学系,1987.09,1991.07
王治学,0000005032,研究生,华中科技大学,MPA公共管理专业,2007.09,2010.06
王致中,0000005033,,中央党校,,,
王中丙,0000005034,本科,武汉钢铁学院,冶金系炼钢专业,1979.09,1983.07
王中丙,0000005034,研究生,武汉钢铁学院,钢铁冶金,1985.09,1987.12
王中丙,0000005034,博士,北京科技大学,钢铁冶金,1998.09,2002.03
王中丙,0000005034,进修,省委党校,,2004.03,2004.04
王忠,0000005038,本科,云南民族学院,中文系汉语言文学专业,1986.09,1990.07
王忠,0000005038,本科,中央党校领导干部函授班,经济管理专业,1995.08,1997.12
王忠,0000005038,研究生,清华大学,专门史专业,2000.08,2003.08
王仲田,0000005046,本科,陕西师范大学,政治教育,1978.02,1982.01
王仲田,0000005046,研究生,中央党校,,1984.09,1987.08
王仲田,0000005046,博士,中央党校,,1991.00,1996.00
王子全,0000005054,本科,郑州大学,中文,1979.09,1983.07
王子全,0000005054,研究生,河南大学,经济学,1996.09,1998.12
王子生,0000005055,研究生,中央党校,马列主义理论专业,1983.09,1986.08
王子生,0000005056,,清水县白驼中学,,1975.02,1983.12
王自文,0000005058,,郑州大学,物理,1980.07,1984.07
王自文,0000005058,研究生,西安交大,哲学,1993.09,1995.05
王自文,0000005058,培训,华东师范大学,经济管理,2000.05,2000.07
王自文,0000005058,博士,美国普莱斯顿大学,经济学,2002.10,2004.11
王自文,0000005058,培训,澳大利亚昆士兰大学,,2003.10,2003.12
王自文,0000005058,培训,长赴美国、加拿大培训班,,2007.01,2007.02
王宗良,0000005059,,兰州工业学校,,1979.09,1982.07
韦德斌,0000005066,本科,中央民族大学,哲学,1985.09,1989.07
韦凤云,0000005067,大专,广西柳州地区民族师范学校,普师,1986.09,1989.07
韦凤云,0000005067,大专,广西高等教育自学考试,汉语言文学,1990.07,1993.07
韦凤云,0000005067,函授,中央党校,党政,1997.08,1999.12
韦凤云,0000005067,学习,广西区党校,,2004.03,2004.07
韦凤云,0000005067,研究生,广西区党校,党政管理,2004.03,2006.07
韦桂元,0000005068,培训,广西区委党校,,2013.03,2013.07
韦鸿宁,0000005070,本科,西南民族学院,历史,1982.09,1986.07
韦鸿宁,0000005070,研究生,厦门大学,行政管理,1999.10,2001.10
韦鸿宁,0000005070,培训,贵州省委党校,,2005.09,2005.11
韦开翔,0000005072,本科,中央党校,经济管理,1994.08,1996.12
韦开翔,0000005072,培训,中央党校,,2000.09,2001.01
韦启云,0000005074,学习,广西百色民族师范,普师,1980.09,1982.07
韦启云,0000005074,学习,广西百色电大,,1985.09,1987.08
韦启云,0000005074,本科,广西区党校,政治经济学,1990.08,1992.07
韦钦强,0000005075,本科,,,,
韦庆强,0000005076,本科,,,,
韦绍仕,0000005078,本科,广西师范大学,汉语言文学,1985.09,1989.08
韦绍仕,0000005078,学习,广西南宁地委党校,,1996.11,1997.01
韦绍仕,0000005078,研究生,广西大学,政治经济学,1998.09,2000.09
韦绍仕,0000005078,学习,广西自治区党委党校,,2012.03,2012.07
韦晓东,0000005080,本科,广西大学,应用数学,1986.09,1990.07
韦晓东,0000005080,研究生,华中理工大学,西方经济学,1998.03,1999.09
韦晓东,0000005080,研究生,澳大利亚国立大学,国际管理,2003.03,2004.12
韦晓东,0000005080,学习,广西自治区党委党校,,2009.09,2010.02
韦晓新,0000005081,中专,百色农校,农学,1984.07,1987.07
韦晓新,0000005081,学习,广西电视大学,财会,1992.08,1994.07
韦晓新,0000005081,本科,中央党校,经济管理,1996.08,1998.12
韦晓新,0000005081,学习,江苏省苏州市委党校,,2001.05,2001.07
韦晓新,0000005081,研究生,广西大学,农村与区域发展,2008.09,2010.09
韦正业,0000005084,,广西林业学校,财会,1982.09,1985.07
韦正业,0000005084,本科,中央党校,经济管理,1993.09,1995.12
韦正业,0000005084,研究生,中国社会科学院,投资管理,1996.12,1998.11
韦正业,0000005084,大专,广西大学,林学,1998.09,2001.06
韦周凡,0000005085,大专,广西河池师专,数学,1978.09,1981.07
韦周凡,0000005085,研究生,广西师范大学,经济史,2004.07,2006.01
位志荣,0000005091,,甘肃农业大学,,1984.07,
魏超杰,0000005097,本科,郑州大学,政治,1982.06,1986.07
魏超杰,0000005097,研究生,郑州大学,管理学,2001.12,
魏丰收,0000005098,,汲县师范学校,,1979.10,
魏丰收,0000005098,,河南省委党校,党政,1984.08,
魏吉平,0000005104,大专,河北师大邢台师资专科班,物理,1979.09,1981.09
魏吉平,0000005104,进修,中央党校,经济管理,1995.09,1997.12
魏吉平,0000005104,研究生,中央党校,经济学,1999.09,2002.07
魏吉平,0000005104,培训,省委组织部在中国人民大学组织的中青年干部“执政能力建设”培训班学习,,2005.07,2005.09
魏建平,0000005106,博士,中国矿业大学,技术及工程,2001.09,2004.06
魏建平,0000005106,硕士,焦作工学院,安全技术及工程,1993.09,1996.06
魏建平,0000005106,本科 ,中国矿业大学,矿山通风与安全,1989.09,1993.07
魏刘宝,0000005110,大专,山西财经学院,商业经济,1984.09,1987.07
魏刘宝,0000005110,硕士,华中理工大学,哲学,1995.07,1998.07
魏民,0000005112,学习,武警指挥学院,,1986.09,1988.07
魏民,0000005112,学习,省委党校,法律,1999.07,2002.07
魏明禄,0000005114,大专,贵州农业管理干部学院,管理,1984.09,1986.07
魏明禄,0000005114,培训,贵州省委党校,,1994.09,1995.01
魏明禄,0000005114,大专,贵州师范大学,近现代经济思想与市场经济发展,1993.09,1996.09
魏明禄,0000005114,本科,贵州省委党校,经济管理,1995.09,1998.06
魏明禄,0000005114,进修,中央党校,,2004.03,2004.07
魏明禄,0000005114,进修,贵州工业大学与加拿大魁北克大学,,2004.04,2006.03
魏明禄,0000005114,研究生,中央党校,政治学理论,2004.09,2006.07
魏明禄,0000005114,博士,华中科技大学,学工程管理,2008.08,
魏潘尧,0000005115,进修,中央党校,,1999.07,
魏寿明,0000005120,研究生,重庆市委党校,,,
魏树旺,0000005121,大专,保定师范学校,,1983.09,1986.07
魏树旺,0000005121,本科,北京师范大学,思想政治,1988.08,1992.07
魏树旺,0000005121,研究生,北京师范大学,伦理学,1993.09,1996.01
魏树旺,0000005121,博士,北京师范大学,马克思主义理论与思想政治教育,2002.09,2005.06
魏树旺,0000005121,培训,中央党校,,2012.08,2013.01
魏新洪,0000005126,本科,天津大学,土木系热能利用与空气调节专业,1984.09,1988.09
魏新洪,0000005126,研究生,东南大学,土木系建筑经济与管理专业,1988.09,1991.04
魏旭昶,0000005128,研究生,省委党校,工商管理专业,,
魏友庄,0000005131,,解放军干部文化学校,,1985.09,1986.09
魏友庄,0000005131,,空军指挥学院,政治指挥,1986.09,1988.07
魏友庄,0000005131,研究生,省委党校,经济学,1996.09,1999.07
魏友庄,0000005131,进修,省委党校,,2001.09,2002.01
魏曰高,0000005133,本科,焦作工学院,采煤,1980.09,1984.07
魏在平,0000005134,大专,贵州省遵义师专,中文系,1982.09,1985.07
魏在平,0000005134,本科,自学考试,汉语言文,1986.10,1993.12
魏在平,0000005134,研究生,贵州省委党校,,1998.09,2001.06
魏志平,0000005137,大专,广东广播电视大学,法律,1985.09,1988.12
魏志平,0000005137,进修,广东省委党校,党的学说和党的建设,2000.09,2003.07
魏治功,0000005138,研究生,,法学,,
温达勤,0000005139,学习,广西南宁地区第二师范学校,师范,1980.09,1982.07
温达勤,0000005139,学习,广西广播电视大学,汉语言文学,1985.09,1988.07
温达勤,0000005139,本科,中央党校,经济管理,1994.08,1996.12
温达勤,0000005139,研究生,中央党校,经济管理,1999.09,2002.07
温镜潮,0000005142,本科,省委党校,行政管理,2001.09,2003.12
温利平,0000005143,本科,中央财经大学,财政学专业,2000.09,2002.07
温利平,0000005143,研究生,甘肃省委党校,领导学专业,2004.09,2007.06
温跃峰,0000005150,学习,双鸭山市师范学校,,1978.04,1979.08
温跃峰,0000005150,学习,黑龙江省教育行政干部学院,,1985.09,1987.09
温跃峰,0000005150,进修,黑龙江省教育行政干部学院,思想政治工作管理,1987.09,1990.07
温湛滨,0000005151,本科,华南师范大学,外语系,1989.07,1998.06
温湛滨,0000005151,研究生,暨南大学,金融学,2001.09,2004.01
温湛滨,0000005151,博士,暨南大学,金融学,2004.04,2008.01
郑连武,0000005152,本科,焦作矿业学院,电系机械化,1981.09,1985.07
郑连武,0000005152,进修,焦作工学院,企业管理,1999.09,2001.07
郑连武,0000005152,培训,河南省委党校,,2004.02,2004.05
郑平,0000005158,大专,四川省江津农业机械化学校,农机管理,1980.09,1983.08
郑平,0000005158,研究生,中央党校,政治学理论,2001.03,2004.01
郑通声,0000005172,大专,省委党校,党政管理,1989.10,1992.09
郑通声,0000005172,本科,中央党校,法律,1999.08,2001.12
郑通声,0000005172,研究生,中央党校,经济学,2003.09,2006.01
郑为文,0000005173,进修,安徽省供销商校,物价,1978.03,1980.01
郑为文,0000005173,大专,安徽省电大,经济管理,1983.09,1986.07
郑为文,0000005173,本科,中央党校,经济管理,1990.08,1992.12
郑为文,0000005173,研究生,中国社科院,城市经济,1996.09,1998.07
郑宪忠,0000005177,本科,哈尔滨体育学院,体育,1982.09,1986.07
郑宪忠,0000005177,研究生,,,,
郑向东,0000005178,本科,西南政法学院,司法鉴定,1986.09,1990.07
郑向东,0000005178,研究生,西南政法大学,民商法,1996.09,1998.10
郑向东,0000005178,博士,西南大学,农业经济管理,2001.09,2006.12
郑小燕,0000005180,本科,,,,
郑玉林,0000005192,研究生,,,,
郑钰,0000005195,本科,甘肃农业大学,农学,1986.09,1990.06
郑钰,0000005195,本科,中央党校,政法,1995.08,1997.12
郑钰,0000005195,进修,,,1998.05,1998.07
郑钰,0000005195,进修,西北师范大学,人文地理,2000.09,2002.09
郑志辉,0000005198,本科,解放军南京工程兵工程学院,防护工程,1984.00,
郑志辉,0000005198,研究生,天津大学,结构工程,1991.00,
郑志强,0000005199,学习, 信阳师范学院,中文,1977.12,1980.12
郑志强,0000005199,学习,武汉大学,中文,1983.09,1984.06
郑志强,0000005199,本科,中央党校,经济管理,1996.08,1998.12
郑志强,0000005199,进修,河南省委党校,,2002.03,2002.06
郑中华,0000005200,研究生,,,,
郑中华,0000005201,研究生,省委党校,马克思主义哲学,1998.09,2001.07
支斌,0000005204,进修,大连理工学院,工业管理工程,1988.08,1990.08
支斌,0000005204,研究生,河北省委党校,经济管理,2000.09,2003.07
钟光灵,0000005209,中专,梅州师范学校,,1983.08,1986.07
钟光灵,0000005209,大专,嘉应教育学院,生化,1988.08,1991.08
钟光灵,0000005209,研究生,华师大,教育与经济管理,1998.10,1999.12
钟光灵,0000005209,本科,中央党校,经济管理,2002.08,2004.12
钟光灵,0000005209,研究生,华南农业大学,农业推广,2005.09,2008.06
钟恒钦,0000005210,研究生,,,,
钟洪,0000005211,博士,,,,
钟力,0000005214,进修,湛江地区财贸学校,财政,1983.09,1985.07
钟力,0000005214,大专,湛江市广播电视大学,中文,1985.09,1988.07
钟力,0000005214,大专,湛江市广播电视大学,财税,1988.09,1991.11
钟力,0000005214,研究生,广东省社会科学院,企业管理,1995.09,1998.07
钟力,0000005214,本科,华中科技大学,法学,2004.09,2006.06
钟鸣,0000005218,研究生,,,,
钟世坚,0000005221,大专,海南师范专科学校,生物,1977.03,1980.01
钟世坚,0000005221,研究生,省委党校,,,
钟汰甬,0000005222,本科,贵州工学院,工民建,1984.09,1988.07
钟汰甬,0000005222,研究生,浙江大学,工商管理,1998.04,2001.08
钟阳,0000005224,本科,西南民族学院,历史,1990.09,1994.07
钟阳,0000005224,研究生,中央党校,经济管理,2004.09,2007.07
钟阳胜,0000005225,,广东师范学院,政治系,1970.00,
钟阳胜,0000005225,研究生,中国社会科学院,历史唯物主义,1978.00,
钟阳胜,0000005225,进修,中央党校,,1994.03,1994.07
钟阳胜,0000005225,博士,暨南大学,工业经济,1996.03,1998.07
钟芝清,0000005231,本科,中国青年政治学院,政治,1987.09,1991.07
钟芝清,0000005231,研究生,美国俄亥俄州州立大学,工商管理,2001.03,2002.09
周波,0000005238,本科, 四川大学,行政管理,1991.09,1995.06
周波,0000005238,进修,中国社科院,市场经济,1998.07,2000.09
周波,0000005238,研究生,香港理工大学,项目管理,1998.11,2001.11
周波,0000005238,访问学者,美国加州大学洛杉矶分校,公共管理与工商管理,2005.06,2005.09
周昌俊,0000005241,本科,中国人民大学,经济信息管理,1986.09,1990.07
周车平,0000005243,研究生,广东省社会科学院,经济管理,1999.09,2002.07
周车平,0000005243,大专,江市委党校,经济,1985.09,1987.07
周春辉,0000005245,本科,河南农业大学,农机修造,1980.09,1984.08
周春辉,0000005245,培训,郑州市委党校,,1995.09,1995.12
周春辉,0000005245,培训,郑州市委党校,,1997.09,1997.12
周春辉,0000005245,培训,河南省委党校,,2003.03,2003.06
周春生,0000005246,大专,廊坊地区工业学校,机制,1981.03,1983.02
周春生,0000005246,本科,省委党校,经济管理,1994.09,1997.07
周春生,0000005246,本科,中央党校,法律,1999.08,2001.12
周春艳,0000005247,进修,中央广播电视大学,,1984.09,1986.07
周春艳,0000005247,进修,中央党校,经济管理,1994.09,1996.12
周春艳,0000005247,研究生,河南省委党校,经济管理,1999.09,2002.06
周春雁,0000005248,大专,黑龙江省委党校,党政管理,1987.09,1990.07
周春雁,0000005248,函授,中央党校,法律,1999.07,2001.02
周东明,0000005252,本科,中央党校,经济管理,1990.08,1992.12
周东明,0000005252,培训,市委党校,,1999.09,2000.01
周东明,0000005252,研究生,安徽工商管理学院,,2003.06,2005.12
周东明,0000005252,培训,省委党校,,2004.02,2004.12
周东明,0000005252,培训,省委党校,,2009.10,
周东明,0000005252,培训,北京全国市长研修学院,,2011.04,
周东明,0000005252,培训,中央党校,,2012.03,
周飞,0000005254,本科,桂林工学院,,1991.09,1995.07
周庚寅,0000005256,本科,解放军炮兵学院,政治系,,1983.07
周国江,0000005260,进修,邢台师范学校,,1974.09,1976.09
周国江,0000005260,大专,河北大学,汉语言文学,1983.08,1986.08
周国江,0000005260,进修,中央党校,,2000.09,2001.01
周国江,0000005260,研究生,省委党校,经济管理,1999.03,2001.07
周红波,0000005262,本科,南京农业大学,农业昆虫,1988.09,1992.07
周红波,0000005262,培训,广西自治区党委党校,,2005.09,2006.01
周宏,0000005263,大专, 佳木斯师范专科学校,物理,1981.09,1984.07
周宏,0000005263,进修,哈尔滨师范大学,物理,1988.07,1991.06
周宏,0000005263,本科,省委党校,经济管理,1999.03,2002.03
周宏,0000005263,进修,黑龙江大学,行政管理,2000.04,2003.06
周惠红,0000005270,本科,,,,
周霁,0000005273,大专,湖北工学院,修理制造,1981.09,1984.07
周霁,0000005273,大专,武汉大学,法律,1996.06,1999.06
周霁,0000005273,进修,英国华威大学,工商管理,2001.06,2001.12
周霁,0000005273,研究生,华中科技大学,电子与通信工程,2001.04,2003.12
周建琨,0000005275,本科,贵州财经学院,工业经济,1978.10,1982.08
周建琨,0000005275,研究生,中国社会科学院,国民经济,2000.12,2002.12
周建琨,0000005275,研究生,中央党校,经济管理,2004.09,2006.07
周建琨,0000005275,培训,国家行政学院,,2009.03,2009.04
周梅,0000005286,本科,西北民院,民贸本科,1980.07,1985.07
周平,0000005293,大专,云南公安高等专科学校,治安管理,1989.09,1992.07
周平,0000005293,本科,中央党校,法律,1999.08,2001.12
周启涛,0000005296,学习,佳木斯市农业学校,农学,1977.09,1979.08
周启涛,0000005296,本科,省委党校,法律,1997.03,2000.01
周启涛,0000005296,培训,省委党校,,1999.09,1999.11
周启涛,0000005296,培训,省委党校,,2005.10,2005.12
周启涛,0000005296,研究生,省委党校,经济管理,2005.03,2008.01
周庆强,0000005301,大专,广州市委党校,理论干部培训,1983.08,
周庆强,0000005301,研究生,中山大学,决策管理,1993.03,1995.09
周庆强,0000005301,学习,广东省委党校,,1999.08,1999.11
周庆强,0000005301,学习,广东省委党校市、厅级干部班,,2001.03,2001.06
周荣,0000005303,培训,贵州省织金县委党校,,1981.12,1983.02
周荣,0000005303,进修,贵州省委党校,党政管理,1986.09,1988.07
周荣,0000005303,本科,贵州省委党校,经济管理,1997.09,2000.06
周荣,0000005303,进修,清华大学,马克思主义理论与思想政治教育,2002.09,2004.07
周荣,0000005303,培训,贵州省委党校,,2004.10,2004.12
周森锋,0000005304,本科,同济大学,土木工程,1997.09,2001.07
周森锋,0000005304,研究生,清华大学,理科学与工程,2001.09,2004.06
周少政,0000005305,进修,四川省开县师范学校,,1980.09,1982.08
周少政,0000005305,大专,万县教育学院,中文,1985.09,1987.07
周少政,0000005305,自考,四川师范大学,汉语言文学,1990.04,1994.12
周少政,0000005305,进修,西南师范大学,区域经济专业,1998.09,2000.08
周少政,0000005305,研究生,重庆公共管理学院,公共管理,2004.09,2007.07
周少政,0000005305,EMBA,重庆大学,,2007.09,2009.12
周松青,0000005311,本科,武汉纺织工学院,机织专门化,1978.12,1982.08
周松青,0000005311,研究生,华中理工大学,管理科学与工程,1996.05,1999.07
周松青,0000005311,培训,美国芝加哥大学,,2006.01,2006.06
周伟,0000005314,本科,西北师范大学,汉语言文学,,
周伟,0000005315,研究生,中央财经大学,财政学,,
周卫兵,0000005316,中专,杭州市综合中专,民政,1987.09,1990.08
周文霞,0000005317,大专, 湖北农学院,淡水养殖,1989.09,1992.07
周文霞,0000005317,研究生,华中理工大学,管理工程,1998.09,2000.07
周文霞,0000005317,研究生,湖北省委党校,经济管理,2003.09,2006.07
周文霞,0000005317,培训,华中理工大学，美国俄亥俄大学,,2003.12,2004.06
周武红,0000005318,学习,广西百色地区民族师范学校,,1983.09,1987.07
周武红,0000005318,大专,广西民族学院,大专班函授政治教育,1989.09,1992.07
周武红,0000005318,本科,中共中央党校,本科班经济管理,1995.09,1997.12
周武红,0000005318,研究生,广西大学,政治经济学,1998.09,2000.07
周武红,0000005318,学习,国家行政学院,,2005.09,2005.12
周武红,0000005318,培训,广西区党校,,2010.09,2011.01
周先来,0000005321,中专,湖北省商业学校,物价,1978.06,1980.07
周先来,0000005321,进修,中国人民大学,计划经济系物价,1986.09,1988.06
周先来,0000005321,培训,孝感市委党校,,1994.05,1994.06
周先来,0000005321,大专,湖北大学,思想政治教育,1996.09,1999.07
周兴福,0000005324,,甘肃省委党校,政治理论,1983.07,1985.06
周兴福,0000005324,函授,中央党校,政治理论,1991.08,1993.12
周兴福,0000005324,研究生,兰州大学,,1999.09,2001.07
周兴福,0000005324,博士,兰州大学,区域经济,2002.05,2005.06
周学保,0000005325,学习,中央党校函授学院,,,
周学保,0000005325,研究生,安徽工商管理学院,,2005.07,
周亚伟,0000005328,大专,对外经济贸易大学国际经济管理合作大专证书班,,1989.09,1991.06
周亚伟,0000005328,研究生,北京市委党校,经济管理专业,1998.09,2001.07
周亚伟,0000005328,学习,全国第37期市长研究班,,2004.05,2004.06
周亚伟,0000005328,学习,中央党校第三期选调生培训班,,2004.09,2005.01
周亚伟,0000005328,本科,北京交通大学网络教育学院,工商管理专业,2006.03,2010.07
周亚伟,0000005328,研究生,北京交通大学,高级管理人员工商管理硕士专业,2011.07,2012.07
朱恒宽,0000005332,高中,开封市六中,,,1974.04
朱恒宽,0000005332,,郑州工学院,化机系,1978.03,
周应华,0000005333,本科,贵州大,汉语言文学,1979.08,1983.08
周应华,0000005333,培训,中央党校,,1985.09,1988.07
周应华,0000005333,研究生,中央党校,,,
朱厚伦,0000005334,本科,湖北大学,思想政治教育,1990.09,1994.07
周永会,0000005335,本科,河北师范大学,汉语言文学,1993.09,1996.06
周永会,0000005335,研究生,省委党校,经济管理,2000.09,2003.07
朱慧,0000005338,本科,武汉大学,哲学,1982.09,1986.07
朱建强,0000005339,大专,张家口市农专,农学,1981.08,1984.07
朱建强,0000005339,研究生,省委党校,经济管理,2001.09,2004.07
周勇,0000005340,本科,湖北大学,数学,1981.09,1985.07
周勇,0000005340,研究生,华中科技大学,党政管理,1997.09,2000.06
周勇,0000005341,中专,四川省涪陵水电校,财会,1979.09,1981.07
周勇,0000005341,大专,四川大学,政治经济学,1986.09,1988.07
周勇,0000005341,进修,西南师范大学,区域经济,1996.09,1998.07
周勇,0000005341,本科,重庆大学,国际贸易,2001.07,
周勇,0000005341,研究生,新加坡南洋理工大学,经济学,2002.07,2003.06
周有顺,0000005342,专修,武大经济学院,,1987.02,1987.06
周有顺,0000005342,大专,湖北经管干部学院,商业经济管理,1989.09,1992.12
周有顺,0000005342,进修,湖北省委党校,,1995.09,1995.11
周有顺,0000005342,进修,湖北省委党校,,1997.03,1997.05
周有顺,0000005342,进修,省委党校,行政管理,2001.09,2003.12
周有顺,0000005342,培训,中央党校,,2004.03,2004.07
周禹鹏,0000005343,进修,复旦大学,管理学院,1994.04,1995.02
周禹鹏,0000005343,进修,美国纽约大学,经济学院,1995.02,1995.12
周禹鹏,0000005343,大专,,,,
周志凯,0000005351,本科,中央党校,经济管理,1994.08,1996.12
周志凯,0000005351,研究生,中央党校,经济管理,2003.09,2006.07
周忠轩,0000005353,本科,辽宁师范学院,中文,1978.03,1982.01
周忠轩,0000005353,培训,中央党校,,1994.09,1995.07
周忠轩,0000005353,研究生,中央党校,世界经济,1994.09,1997.01
周忠轩,0000005353,博士,中国科学院,生态学,2003.03,2005.03
周舟,0000005354,本科,贵州农学院,,1987.09,1991.08
周子强,0000005356,本科,,,,
朱宝莹,0000005358,研究生,,,,
朱明接,0000005359,大专,韶关师专,中文,1985.05,1987.07
朱明伦,0000005360,研究生,南京大学,人文地理,,
朱春燕,0000005362,本科, 西北工业大学,机械制造,1984.09,1988.07
朱春燕,0000005362,研究生, 西北工业大学,机械制造,1988.09,1991.02
朱大纲,0000005364,研究生,安徽省委党,经济管理,2006.09,2009.07
朱清文,0000005365,大专,黑龙江省广播电视大学,中文,1983.08,1985.08
朱清文,0000005365,研究生,黑龙江省委党校,经济管理,2003.03,2006.01
朱清文,0000005365,研究生,哈尔滨工业大学,工商管理,2005.06,2007.07
朱高文,0000005370,大专,湖北省孝感师专,语言文学,1988.09,1990.07
朱高文,0000005370,本科,中央党校,经济管理,1993.09,1995.12
朱高文,0000005370,进修,孝感市委党校,,1994.05,1994.06
朱高文,0000005370,培训,孝感市委党校,,1996.06,1996.07
朱高文,0000005370,研究生,中央党校,经济管理,2003.09,2006.07
朱海涛,0000005372,本科,黑龙江省广播电视大学,法律,1985.08,1988.07
朱海涛,0000005372,研究生,黑龙江大学,哲学,1998.07,2000.07
朱海涛,0000005372,研究生,黑龙江省委党校,经济管理,2002.03,2005.01
朱胜勇,0000005373,本科,中国人民大学,历史学,1986.09,1990.08
朱胜勇,0000005373,学习,广西自治区党委党校,,2004.03,2004.07
朱胜勇,0000005373,研究生,广西自治区党委党校,党政管理,2004.03,2006.07
朱是西,0000005375,本科,河南中医学院,中医,1985.09,1990.08
朱是西,0000005375,研究生,河南省委党校,经济管理,2000.09,2003.07
朱守坤,0000005376,大专,五河师范学校,,1979.09,1982.07
朱向东,0000005387,本科,广西民族学院,政治,1978.10,1982.07
朱向东,0000005387,进修,广西大学,,1983.09,1984.01
朱向东,0000005387,研修,中央党校,,1985.02,1985.07
朱向东,0000005387,进修,北京大学,,1986.02,1986.08
朱向东,0000005387,函授,中央党校,经济管理,1998.09,2001.07
朱小丹,0000005389,进修,广州宣传函授学院,科学社会主义,1985.09,1987.09
朱小丹,0000005389,培训,中央党校,,1990.09,1991.07
朱小丹,0000005389,研究生,中央党校,经济管理,1995.09,1998.07
朱小丹,0000005389,进修,中央党校,,2004.11,2005.01
朱晓华,0000005390,大专, 佳木斯师范专科学校,,"1989.09
",1991.07
朱晓华,0000005390,研究生,省委党校,公共管理,2004.07,2006.07
朱星海,0000005392,大专,甘肃省张掖师范专科学校,生物化学,1987.09,1990.07
朱星海,0000005392,本科,中央党校,经济管理,1997.08,1999.12
朱星海,0000005392,培训,中共甘肃省委党校,,2010.09,2010.10
朱星海,0000005392,研究生,兰州大学,工商管理,2010.01,2011.12
朱星海,0000005392,研究生,中共甘肃省委党校,国民经济学,2010.09,2013.06
朱学亮,0000005393,本科,安徽师范大学,数学系,,
朱学亮,0000005393,研究生,省委党校,法学,,
朱亚明,0000005395,本科,广西农业大学,农业气象,1992.09,1996.09
朱亚明,0000005395,研究生,广西大学,农业经济与管理,1996.09,1999.07
朱言志,0000005396,本科,新乡师范学院,政教,1980.09,1984.07
朱宜华,0000005400,大专,广宁师范学校,普师,1988.09,1991.07
朱宜华,0000005400,大专,广东教育学院,中文，教育,1993.03,1996.03
朱宜华,0000005400,本科,广东省委党校,经济管理,2000.09,2002.12
朱宜华,0000005400,研究生,中央党校,经济学（经济管理）,2008.09,2011.07
朱余旺,0000005406,本科, 华东交通大学,电力牵引与传动控制,1982.09,1986.07
朱余旺,0000005406,进修,中山大学,企业管理,1997.09,1999.07
朱余旺,0000005406,博士,北京交通大学,管理科学与工程,2001.09,2005.11
朱余旺,0000005406,培训,广东省委党校,,2008.03,2008.07
朱余旺,0000005406,培训,中央组织部首届县委书记任职培训班,,2010.03,
朱玉兰,0000005407,进修,酒泉师范学校,数理,1978.03,1979.08
朱玉兰,0000005407,进修,西北师范学院,政治理论,1983.08,1985.07
朱玉兰,0000005407,进修,西北师范大学,政治理论,1992.08,1994.07
朱玉兰,0000005407,研究生,兰州大学,区域经济,1996.09,1999.09
朱玉文,0000005408,,黑龙江省青年干部学院,政治,1985.09,1987.07
朱玉文,0000005408,,黑龙江省委党校,经管,1995.03,1998.01
朱玉文,0000005408,研究生,哈尔滨师范大学,研究生进修班政治经济,1999.09,2001.09
朱育英,0000005409,大专,华南师范大学,,1988.00,1990.00
朱育英,0000005409,大专,广东行政学院,行政管理,1989.00,1992.00
朱育英,0000005409,研究生,广东省委党校,党建,1996.00,1999.00
朱泽君,0000005411,大专,广东省茂名师范学校,,1980.09,
朱泽君,0000005411,本科,华南师范大学,政治,1986.09,1989.07
朱泽君,0000005411,研究生,广东省委党校,经济学,1996.09,1999.07
朱泽君,0000005411,博士,华南农业大学,经济管理,2002.09,2005.06
朱增海,0000005412,大专, 河北师范大学,数学,1975.10,1978.09
朱增海,0000005412,本科,"中央党
校",经济管理,1992.09,1995.02
朱增海,0000005412,进修,中国人民大学,"国民经济计划和
管理",1996.10,1998.11
朱振中,0000005415,本科,中山大学,汉语言文学,1964.09,
朱志明,0000005417,本科,河北农业大学,兽医,,
朱志明,0000005417,研究生,河北大学,近代史,,
朱子强,0000005419,大专,保定农专,农学,1979.09,1982.08
朱子强,0000005419,进修,河北省委党,经济管理,1992.09,1995.05
朱子强,0000005419,本科,中央党校,政法,1998.08,2000.12
诸葛宇杰,0000005421,研究生,,,,
祝春荣,0000005424,本科,西北大学,历史,1978.01,1982.01
祝春荣,0000005424,进修, 北京师范大学,工商管理,1988.09,2000.07
祝小东,0000005427,,广西合浦师范学校,中师,1984.09,1987.07
祝小东,0000005427,大专,广西自治区党委党校,行政管理,1989.09,1992.06
祝小东,0000005427,本科,中央党校,经济管理,1992.08,1994.12
祝小东,0000005427,培训,广西自治区党委党校,,2012.09,2013.01
庄光明,0000005432,本科,清华大学,水利水电工程建筑,1984.09,1989.07
庄光明,0000005432,研究生,美国俄亥俄大学,工商管理,2001.03,2002.09
庄礼祥,0000005433,本科,上海交通大学,自动控制,1965.07,1970.08
卓志强,0000005439,学习, 广东省皮肤病防治研究所,,1979.09,1982.07
卓志强,0000005439,大专,华南师范大学,政治理论,1987.09,1989.06
卓志强,0000005439,培训,广东省人事干部培训班,,1993.04,1993.06
卓志强,0000005439,研究生,华南理工大学,工商管理,1995.09,1998.06
卓志强,0000005439,培训,美国哥伦比亚大学,,2006.07,2006.09
宗满德,0000005441,本科,,,,
宗文,0000005443,本科,北方工业大学,工业管理工程,1986.09,1990.07
宗文,0000005443,研究生,武汉理工大学,国际贸易学,2000.09,2004.06
宗长青,0000005444,研究生,河南大学,政治系,1982.09,1988.09
宗长青,0000005444,培训,省委党校,,2000.09,2001.01
宗长青,0000005444,培训,美国涉外培训班,,2001.11,2002.05
邹登权,0000005445,,西南财经大学,价格与经济管理,1991.09,1993.06
邹登权,0000005445,研究生,四川省委党校,经济学,2001.09,2004.06
邹浩,0000005447,培训,,,2004.04,2005.03
邹浩,0000005447,研究生,哈尔滨工业大学,,2006.09,2008.09
邹浩,0000005447,博士,哈尔滨工程大学,,2010.08,
邹家军,0000005448,大专,广东省委党校,政治,1988.03,1991.02
邹家军,0000005448,研究生,广东省社科院,政治经济学,1996.09,1999.07
邹立基,0000005449,学习,中国人民大学,,1983.09,
邹太新,0000005450,研究生,,,,
邹天才,0000005451,研究生,,,,
邹跃斌,0000005453,,石河子大学,经济管理,2000.09,2002.09
邹跃斌,0000005453,培训,中央党校,,2009.03,2009.08
邹跃斌,0000005453,学习,中央党校,,2009.03,2009.08
邹长新,0000005454,研究生,广西大学商学院,政治经济学专业,,
左晖,0000005457,,黑龙江省青年干部学院,,1985.09,1987.06
左晖,0000005457,本科,黑龙江大学,财税专业,,
左崖,0000005463,研究生,,,,
赵众炜,0000005466,本科,西北师范大学,,1986.09,1990.07
赵众炜,0000005466,研究生,西安交通大学,,2000.10,2002.10
赵祝平,0000005467,本科,华东师范大学,中文,1986.09,1991.06
赵祝平,0000005467,进修,华东师范大学,政治经济与国际关系,1996.09,1998.06
赵祝平,0000005467,培训,上海市委党校,,2002.03,2002.07
赵祝平,0000005467,研究生,上海财经大学,工商管理,2005.01,2007.03
赵祝平,0000005467,研修,哈佛大学,公共管理与和谐社会专题,2009.11,2009.12
赵子庆,0000005469,,威县赵庄师范学校,美术,1978.09,1980.06
赵子庆,0000005469,,邢台教育学院,政教,1984.07,1987.04
赵子庆,0000005469,自考,,经济与管理,2001.04,2003.06
者永明,0000005472,本科,西北民族学院,声乐,1981.06,1985.07
郑道溪,0000005480,研究生,中央党校,,,
郑洪,0000005487,大专,四川大学,党政干部基础科,1987.07,
郑洪,0000005487,大专,西南政法学院,法学,1990.12,
郑洪,0000005487,本科,四川省委二党校,法律,1992.09,1994.12
郑洪,0000005487,培训,中央党校,,1995.09,1996.07
郑洪,0000005487,研究生,中央党校,法学,1995.09,1998.07
郑怀玉,0000005488,大专,东北林学院,土木系道桥专业,1983.03,1985.02
郑佳,0000005490,研究生,,政治经济学,1999.09,2002.07
郑家汉,0000005491,大专,汕头市委党校,,1983.09,1985.12
郑剑波,0000005492,本科,,,,
郑剑戈,0000005493,大专,广东省湛江农业专科学校,农学,1983.09,1986.07
郑剑戈,0000005493,本科,广东行政学院,现代管理,1998.09,2000.07
郑剑戈,0000005493,培训,中央党校,,2008.03,2008.03
郑剑戈,0000005493,研究生,中央党校,经济学,2010.09,2013.07
郑理,0000005497,大专,郑州纺织工业学校,,1983.09,1986.01
郑理,0000005497,研究生,河南省党校,经济管理,2000.09,2003.07
苏克俭,0000005502,进修,平凉师范普通班,,1982.09,1984.07
苏克俭,0000005502,本科,中央党校,党政管理,1990.08,1995.12
苏克俭,0000005502,进修,兰州大学,区域经济专业,1997.03,1998.06
苏伟波,0000005511,学习,广东商业学校,商业统计专业,1988.09,1990.07
苏伟波,0000005511,本科,中共广东省委党校业余本科班,现代经济管理专业,1996.09,1999.07
苏伟波,0000005511,本科,武汉大学,工商管理专业,1999.09,2002.07
苏伟波,0000005511,研究生,武汉大学,水利工程专业,2009.09,2011.06
苏孝道,0000005513,双硕士研究生,,,,
苏彦君,0000005514,学习,成县师范学校,,1980.09,1982.08
苏彦君,0000005514,进修,成县电大,党政管理,1985.08,1987.07
苏彦君,0000005514,进修,中央党校,党政管理,1999.09,2001.12
苏彦君,0000005514,研究生,省委党校,经济社会发展与党的领导,2005.09,2008.06
苏勇,0000005517,本科,华中农业大学,作物,1987.09,1991.06
苏勇,0000005518,本科,华中农业大学,作物,1987.09,1991.06
苏泽群,0000005519,本科,华南师范大学,中文系,1980.08,1985.08
苏泽群,0000005519,学习,中央党校,,1995.08,1996.07
苏泽群,0000005519,研究生,中央党校,法学,1995.08,1998.09
苏泽群,0000005519,进修,华南农业大学,农业经济管理,1997.06,1999.12
苏泽群,0000005519,研修,国家行政学院,WTO专题研究,2002.05,
粟定成,0000005522,本科,广西农学院,土壤化学,1979.09,1983.07
粟定成,0000005522,进修,中南林学院,管理,1998.10,2000.12
粟定成,0000005522,培训,广西区党校,,2000.03,2000.07
隋洪波,0000005524,专科,呼兰师范专科学校,中文专业,1988.09,1990.07
隋洪波,0000005524,本科,东北师范大学,中文专业,1991.07,1994.07
隋洪波,0000005524,研究生,哈尔滨工业大学,高级管理人员工商管理专业,2006.04,2008.09
隋振江,0000005526,本科,北京大学,法律学,1981.09,1985.08
隋振江,0000005526,研究生,首都经济贸易大学,企业管理,1994.09,1997.07
隋振江,0000005526,培训,高级管理人才培训班,,2001.03,2001.06
孙斌,0000005530,学习,山东省财政学校,财政,1986.09,1988.07
孙斌,0000005530,大专,山东大学,中文,1990.09,1993.07
孙斌,0000005530,本科,山东省委党校,公关文秘,1994.09,1996.12
孙斌,0000005530,培训,济南市委党校,,1998.09,1999.03
孙斌,0000005530,研究生,山东省委党校,经济管理,2000.09,2003.06
孙兵,0000005531,硕士,,经济学,,
孙兵,0000005531,培训,英国伯明翰大学,,2009.01,2009.03
孙兵,0000005531,培训,中央党校,,2012.03,2013.01
孙潮,0000005533,本科,华东政法学院,法学理论,1980.08,1984.07
孙潮,0000005533,研究生,华东政法学院,宪法,1984.07,1987.07
孙潮,0000005533,研修,美国华盛顿特区乔治顿大学,法学院,1989.08,1991.01
孙潮,0000005533,讲学,美国威斯康辛大学,法学院,1993.10,1993.12
孙潮,0000005533,讲学,澳大利亚悉尼大学,法学院,1996.03,1996.06
孙潮,0000005533,讲学,美国圣路易斯华盛顿大学,,1997.11,1998.04
孙潮,0000005533,讲学,美国耶鲁大学,法学院,2001.09,2001.11
孙潮,0000005533,博士,武汉大学,宪法学与行政法学,2000.09,2003.12
孙潮,0000005533,培训,中央党校,,2012.09,2013.01
孙道军,0000005539,大专,湖北省郧阳师专,,1993.09,1996.07
孙道军,0000005539,本科, 中央党校,经济管理,1998.08,2000.12
孙道军,0000005539,研究生,中共湖北省委党校,经济管理,2004.09,2007.07
孙德,0000005540,,广东省滑翔学校,,1976.10,
孙德,0000005540,研究生,广东省委党校,经济学,1995.09,1998.07
孙殿高,0000005544,进修,农业部农村经济管理干部学院,行政管理,1985.09,1987.07
孙殿高,0000005544,研究生,中央党校,科社,1997.09,2000.07
孙殿高,0000005544,进修,中央政法大学,学院,2004.09,2006.07
孙方平,0000005545,本科,河北大学,力学,1979.09,1983.08
孙锋波,0000005546,本科,东北师范大学,化学,,
孙革新,0000005549,大专,长沙交通学院,汽车运用工程,1983.09,
孙根林,0000005551,研究生,党校,,,
孙贵石,0000005553,,玉田师范学校,师范,1979.09,1981.01
孙贵石,0000005553,,唐山市师范学院,化学,1984.09,1986.07
孙贵石,0000005553,,北京师范大学,化学,1988.07,1991.07
孙国强,0000005555,大专,贵州大学,哲学,1977.03,1980.01
孙国强,0000005555,进修,贵阳市委党校,党政,1983.09,1984.09
孙国强,0000005555,进修,贵州省委党校,党政,1984.09,1985.07
孙国强,0000005555,培训,中央党校,,1995.03,1995.07
孙国强,0000005555,本科,中央党校,政治,1998.09,2001.07
孙国强,0000005555,培训,中央党校,,2003.03,2004.01
孙国胜,0000005556,本科,河北大学,,1980.08,1984.07
孙国胜,0000005556,研究生,燕山大学,管理科学与工程,2007.09,2010.01
孙海东,0000005558,研究生,,,,
孙璜清,0000005563,学习,黄冈地区工业学校,机电,1977.02,1979.03
孙璜清,0000005563,大专,湖北广播电视,语文类,1982.09,1985.08
孙璜清,0000005563,进修,中国人民大学,新闻系,1988.10,1990.07
孙璜清,0000005563,进修,中南政法学院,法律,1992.09,1996.08
孙璜清,0000005563,进修,湖北省委党校,党建,1999.09,2002.07
孙继伟,0000005566,研究生,同济大学,建筑系建筑设计,1989.09,1992.07
孙继伟,0000005566,博士,同济大学,建筑系建筑设计,1992.09,1996.12
孙继伟,0000005566,培训,市委党校,,2001.09,2002.01
孙建平,0000005570,,上海教育学院,中文,,
孙建平,0000005570,博士,同济大学,经济管理,,
孙军,0000005576,本科,,,,
孙君奎,0000005577,进修,四川统计学校,综合统计,1980.09,1982.08
孙君奎,0000005577,本科,河南省委党校,经济,,
孙黎明,0000005580,本科,,,,
孙立国,0000005582,研究生,,,,
孙立坤,0000005583,本科,河南大学,历史,1978.03,1982.01
孙立坤,0000005583,研究生,河南大学,,1992.01,1993.12
孙立坤,0000005583,博士,南开大学,专门史,2001.09,2004.07
孙良鸿,0000005586,研究生,,,,
孙明,0000005588,研究生,省委党校,,,
孙瑞彬,0000005592,本科,省委党校,,1985.09,1988.07
孙瑞彬,0000005592,进修,北京科技大学,管理工程,1991.09,1994.06
孙瑞彬,0000005592,进修,中国社会科学,企业管理,1996.12,1998.11
孙瑞彬,0000005592,研究生,中央党校,政治学,2004.03,2006.01
孙绍阳,0000005596,高中,密山市第一中学,,1975.08,1980.08
孙绍阳,0000005596,本科,哈尔滨科技大学,精密机械制造工艺及设备,1980.08,1984.08
孙绍阳,0000005596,学习,加拿大阿尔伯塔大学,,2003.06,2003.12
孙卫国,0000005607,本科,西华师范大学,化学系,1974.09,1978.09
孙卫国,0000005607,研究生,吉林大学,理论化学研究所,1978.09,1981.11
孙卫国,0000005607,博士,美国俄亥俄州立大学,原子分子物理,1986.08,1992.02
孙卫国,0000005607,博士后,美国俄克拉荷马大学,物理天文系,1992.09,1994.09
孙文锴,0000005608,本科,北京农业大学,经济管理,1984.09,1988.09
孙文锴,0000005608,研究生,北京农业大学,农业经济及管理,1988.09,1991.07
孙文锴,0000005608,博士,中国农业大学,农业经济及管理,1994.09,1998.07
孙晓函,0000005611,研究生,河北省委党校,经济管理专业,,
孙晓霖,0000005612,学习,甘肃师范大学,政教,1976.08,1978.10
孙晓霖,0000005612,进修,中央党校,党建理论进修班,1987.01,1987.08
孙晓霖,0000005612,进修,兰州大学,经济法,2000.09,2002.07
孙新安,0000005613,本科,,,,
孙新阳,0000005615,本科,西安交通大学,机械工程,1980.09,1984.07
孙新阳,0000005615,进修,西安交通大学,经济法,1987.08,1990.07
孙新阳,0000005615,研究生,长江商学院,工商管理硕士班,2008.05,2010.10
孙颖,0000005622,本科,北京大学,宗教,1983.09,1987.09
孙颖,0000005622,进修,北京大学,政治学与行政管理,1999.03,2001.03
孙颖,0000005622,研究生,长江商学院,工商管理,2010.10,2012.11
孙永成,0000005623,大专,鸡西市职工业余大学,中文,1980.09,1984.07
孙永成,0000005623,本科,中央党校,经济管理,1994.08,1996.12
孙永成,0000005623,培训,中央党校,,1996.09,1997.01
孙永成,0000005623,研究生,哈尔滨工业大学,工商管理,2006.09,2008.07
孙永先,0000005625,本科, 牡丹江师范学院,中文,1978.03,
孙咏平,0000005626,本科,武汉水电学院,水电工程建筑,1984.09,1988.07
孙咏平,0000005626,研究生,华中科技大学,西方经济学,1999.07,2000.12
孙玉龙,0000005627,研究生,,,,
孙政才,0000005639,本科,山东莱阳农学院,农学,1980.00,1984.00
孙政才,0000005639,研究生,北京市农林科学院、北京农业大学,作物栽培与耕作学,1984.00,1987.00
孙政才,0000005639,访问学者,英国洛桑试验站,,1991.01,1991.07
孙政才,0000005639,博士,中国农业大学,农学,1990.00,1997.00
孙政才,0000005639,培训,中央党校,,2000.00,2001.00
孙政才,0000005639,进修,中央党校,,2006.05,2006.07
覃建波,0000005652,本科,广西大学,经济学,1986.09,1990.07
覃开宏,0000005653,本科,广西民族学院,档案,1984.09,1988.07
覃开宏,0000005653,培训,广西自治区党委党校,,2001.02,2001.07
覃开宏,0000005653,研究生,广西自治区党委党校,国民经济学,2001.09,2004.07
覃儒方,0000005654,大专, 贵州省遵义农校,,1979.09,1982.07
覃儒方,0000005654,培训,中央党校,,1998.06,1998.07
覃儒方,0000005654,本科,中央党校,法律,1996.09,1999.12
覃儒方,0000005654,研究生,贵州省委党校,经济学,2001.09,2004.06
覃儒方,0000005654,培训,贵州省委党校,,2004.09,2005.01
覃卫东,0000005656,专修,华南师范学院,,1983.09,1985.07
覃卫东,0000005656,研究生,中央党校,经济管理,1997.09,1998.07
覃卫国,0000005657,本科,西安交通大学,工业外贸,1988.09,1992.07
覃卫国,0000005657,研究生,华中科技大学,工商管理,2001.08,2004.06
覃震西,0000005658,本科,厦门大学,财政,1986.08,1990.07
覃震西,0000005658,研究生,中南财经政法大学,财政学,1998.09,2000.06
覃志清,0000005659,研究生,,,,
谭大辉,0000005660,大专,长江师范学院,中文系,1982.09,1985.07
谭大辉,0000005660,培训,重庆市第一期年轻干部培训班,,1997.09,1998.02
谭大辉,0000005660,本科,中央党校,经济管理,1996.09,1998.12
谭大辉,0000005660,培训,中瑞合作管理培训班,,1998.09,
谭大辉,0000005660,研究生,中共重庆市委党校,法律,1997.09,2001.07
谭峰,0000005661,本科,中国人民解放军国防科学技术大学,飞行器固体力学,1980.08,1984.07
谭峰,0000005661,学习,中央党校,经济学部政治经济学,1990.09,1993.07
谭海华,0000005665,中专, 湖北省蒲圻师范学校,,1982.09,1985.07
谭海华,0000005665,大专,郧阳师范专科学校,政史系,1985.07,1987.07
谭徽在,0000005666,进修,湖北省委党校,经济管理,1984.09,1986.08
谭徽在,0000005666,研究生,省委党校,,,
谭继祖,0000005667,学习,中山大学,法学,1982.09,1984.07
谭继祖,0000005667,本科,中央党校,,,
谭家玲,0000005668,大专,重庆第一师范学校,师范,1981.09,1984.08
谭家玲,0000005668,大专,四川大学,政干部基础科,1985.10,1988.10
谭家玲,0000005668,研究生,北京大学,社会学,1999.09,2001.07
谭家玲,0000005668,自考,西南政法大学,法律,2001.06,
谭家玲,0000005668,研究生,北京师范大学,公共政策分析,2002.01,2004.06
谭家玲,0000005668,培训,中央党校,,2003.02,2003.06
谭家玲,0000005668,培训,中央党校,,2010.09,2011.01
谭建忠,0000005669,大专,河南省栾川师范学校,,1979.07,1981.07
谭建忠,0000005669,研究生,省委党校,行政管理,1985.09,1987.07
谭君铁,0000005670,中专,阳江师范学校,,1983.09,
谭君铁,0000005670,学习,广东行政学院,行政管理,1990.09,1992.07
谭君铁,0000005670,大专,广东行政学院,行政管理,1993.09,1996.07
谭君铁,0000005670,培训,广东省委党校 ,,2001.09,2002.01
谭君铁,0000005670,研究生,中山大学,行政管理,2004.09,2007.06
谭培安,0000005673,大专,广东省航运厅中央电视大学,,1983.06,
谭应华,0000005676,研究生,,,,
谭诤,0000005681,学习, 贵州省人民警察学校,公安,1991.09,1993.09
谭诤,0000005681,本科,中央党校,经济管理,1999.03,2001.12
谭诤,0000005681,培训,省委贵州党校,,2003.09,2004.01
谭志平,0000005682,,中南财经大学,,1984.09,1987.07
谭志勇,0000005683,学习,安陆师范学校,,1981.09,1983.07
谭志勇,0000005683,本科,湖北大学,汉语言文学,1984.09,1989.07
谭志勇,0000005683,研究生,省委党校,政治经济学,2000.09,2003.07
汤超,0000005688,本科,长春地质学校,,1986.09,1990.07
汤超,0000005688,本科,中共河南省委党,经济,1994.09,1996.12
汤超,0000005688,培训,中共开封市委党校,,2002.04,2002.06
汤春和,0000005690,研究生,中共安徽省委党校,经管,2002.09,2005.07
汤锦森,0000005693,初中,,,,
汤彤海,0000005698,,湖北大学,,1965.00,
汤锡坤,0000005700,研究生,中央党校,法学理论,2002.03,2005.01
汤向前,0000005701,学习,贵州农学院,林学系林学专业,1984.09,1988.09
唐步新,0000005703,大专,四川广播大学,,,
唐步新,0000005703,研究生,市委党校,,,
唐大生,0000005706,高中,清华附中,,1961.08,1968.07
唐大生,0000005706,本科,,,,
唐官莹,0000005708,学习,贵州农学院,畜牧兽医系畜牧专业,1980.09,1984.08
唐海龙,0000005710,本科,,,,
唐海龙,0000005710,博士,,,,
唐航浩,0000005711,学习,广州教育学院,思想政治教育专业,1986.09,
唐航浩,0000005711,学习,广州市委党校处级领导干部进修班,,1997.09,1997.12
唐航浩,0000005711,本科,广东工业大学继续教育学院,工商管理专业,2001.09,2003.07
唐航浩,0000005711,学习,广州市第一期公共管理知识高级研究班,,2002.10,2003.01
唐航浩,0000005711,研究生,华南理工大学公共管理学院,行政管理专业,2007.09,2010.06
唐开强,0000005715,研究生,省委党校,,,
唐利军,0000005716,研究生,黑龙江省委党校,经济管理,,
唐矛,0000005721,本科,贵阳市人民警察学校,公安管理,1989.09,1993.07
唐矛,0000005721,自考,贵州教育学院,党政管理,1995.09,1997.07
唐矛,0000005721,研究生,云南大学,软件工程与领域工程,2006.09,2009.12
唐前明,0000005723,本科,广西区委党校,政治经济学,1983.10,1986.07
唐前明,0000005723,研究生,广西区委党校,政治经济学,1995.09,1998.07
唐天生,0000005727,学习,桂林市职工业余大学,文秘,1986.07,1991.01
唐天生,0000005727,学习,日本熊本市工业专门学校,,1988.02,1989.04
唐天生,0000005727,学习,桂林市委党校,,1994.11,1995.01
唐天生,0000005727,本科,中央学校,党政管理,1995.08,1997.12
唐天生,0000005727,研究生,中国社会科学院,经济法,1996.04,1998.04
唐天生,0000005727,进修,中央党校,,1999.06,1999.12
唐天生,0000005727,研究生,广西区党校,党政管理,2003.03,2004.02
唐献泰,0000005728,研究生,,,,
唐小忠,0000005729,研究生,,,,
唐彦民,0000005732,本科,,,,
唐云舒,0000005737,本科,中央党校函授学院本科班,行政管理专业,1997.08,1999.12
唐云舒,0000005737,培训,广西壮族自治区党委党校少数民族领导干部培训班,,2000.03,2000.07
唐云舒,0000005737,研究生,广西师范大学法商学院研究生班,国民经济学专业,2003.09,2005.07
唐云舒,0000005737,学习,广西壮族自治区党委党校中青班,,2004.03,2004.07
唐云舒,0000005737,研究生,广西壮族自治区党委党校研究生班,党政管理专业,2004.03,2006.07
唐志峰,0000005738,研究生,兰州大学,区域经济,2000.09,2002.07
陶文彩,0000005750,本科,贵州民族学院,汉语言文学,,
陶文彩,0000005750,研究生,中央党校,经济学,,
陶长海,0000005754,学习,四川省巴县师范学校,,1980.09,1982.07
陶长海,0000005754,大专,重庆市委党校,马列主义理论,1985.08,1987.07
陶长海,0000005754,进修,中央党校,经管,1991.08,1993.12
陶长海,0000005754,研究生,重庆市委党校,经济管理,1997.09,2000.07
陶长海,0000005754,研究生,中国社会科学院,民商法,2000.09,2002.09
陶长海,0000005754,进修,中央党校,,2002.03,2002.07
陶长海,0000005754,研修,美国洛杉矶加州大学,,2005.06,2005.09
陶长海,0000005754,研究生,重庆大学,工商管理,2005.09,2007.06
陶子基,0000005758,学习,广州市“五·七”干校,,1975.04,
陶子基,0000005758,进修,华南师范大学,中文,1982.09,1984.07
陶子基,0000005758,学习,广东省委党校,,1997.08,
陶子基,0000005758,研究生,广东省委党校,经济学,1997.09,2000.07
田广慈,0000005771,学习,甘肃省粮食学校,财会,1981.09,
田广慈,0000005771,学习,中央财政干部管理学院,财会,1990.09,1992.07
田广慈,0000005771,本科,中央党校,经济管理,1995.08,1997.12
田广慈,0000005771,进修,中国人民大学,经济管理,2000.04,2002.04
田广慈,0000005771,研究生,甘肃省委党校,工商管理,2005.09,2008.06
田金昌,0000005779,学习,泊头师范学校学生,,1978.10,1980.09
田金昌,0000005779,大专,河北工业大学,工业外贸,1994.09,1997.06
田金昌,0000005779,进修,河北师范大学,,2000.12,2002.12
田金昌,0000005779,培训,中国人民大学,执政能力建设培训班,2006.03,2006.06
田钧,0000005781,学习,河北师范大学,中文,1984.08,1986.07
田钧,0000005781,本科,中央党校,经济管理,1995.08,1997.12
田平,0000005783,,贵州广播电视大学,党政,1984.09,1986.07
田平,0000005783,函授,贵州省委党校,经济管理,1994.09,1997.06
田平,0000005783,研究生,西南师范大学,公共事业管理,2002.01,2004.01
田文彪,0000005786,研究生,湖北省委党校,,,
田辛,0000005789,,上海之江大学,,,
田野,0000005792,本科,哈尔滨工业大学,工学,1992.09,1996.07
田野,0000005792,研究生,哈尔滨工业大学,工学,1996.09,1998.07
田野,0000005792,博士,清华大学,管理科学与工程,1998.09,2002.07
田永红,0000005793,大专,周口电大,党政干部专修班,1984.07,1987.05
田永红,0000005793,研究生,,,,
铁代生,0000005800,大专,河南省委党校,党政领导干部,1985.09,1987.07
铁代生,0000005800,研究生,中央党校,党的学说与党的建设,2001.03,2004.01
佟根柱,0000005802,研究生,,,,
佟伟,0000005804,,绥化地委党校,,1984.09,1986.07
佟伟,0000005804,研究生,,,,
童金波,0000005807,本科,东北工学院,金属压力加工,1986.09,1990.07
童金波,0000005807,培训,英国伍斯特大学,行政管理学,2002.01,2002.04
童金波,0000005807,研究生,华中科技大学,工商管理,2001.03,2004.12
童金波,0000005807,进修,湖北省委党校,,2007.09,2007.10
童永歙,0000005810,大专,,,,
涂山峰,0000005811,博士,,,,
涂山峰,0000005811,学习,德国曼海姆大学和美国加州大学圣波纳缔诺分校,,,
涂胜华,0000005812,学习,湖北省沙洋师范学校,,1979.09,1981.08
涂胜华,0000005812,大专,荆州师范专科学校,中文,1986.09,1988.06
涂胜华,0000005812,研究生,湖北省委党校,政治经济学,1995.09,1998.07
涂胜华,0000005812,培训,华中师范大学,,1998.02,1998.05
妥建福,0000005815,学习,省委组织部举办的党政干部研究班,,1993.11,1994.07
妥建福,0000005815,培训,甘肃省行政学员培训班,,1998.03,1998.07
妥建福,0000005815,研究生,兰州大学,历史系民族专业,2000.09,2002.07
妥建福,0000005815,培训,省委党校中青年培训班,,2007.03,2007.07
庹文升,0000005816,本科,华中工学院,火电,1965.09,1970.08
瓦标龙,0000005817,本科,贵州民族学院,历史系历史专业,1985.09,1989.08
瓦标龙,0000005817,学习,深圳经理学院,,2005.08,2005.01
瓦标龙,0000005817,研究生,中国社会科学院,国民经济管理学专业,2000.12,2002.12
瓦标龙,0000005817,学习,贵州省委党校中青班,,2009.03,2009.06
万国光,0000005819,本科,西安交通大学,应用物理,1986.09,1990.07
万国光,0000005819,研究生,武汉大学,工商管理,1998.03,2000.12
万木林,0000005823,专科,肇庆教育学院,,1982.09,1985.07
万木林,0000005823,研究生,广东省社会科学院,经济学,1999.09,2002.07
万庆华,0000005824,研究生,省委党校,,,
万庆良,0000005825,大专,嘉应师范专科学校,中文,1981.09,1984.07
万庆良,0000005825,培训,中央党校,,1994.09,1995.07
万庆良,0000005825,研究生,中央党校,经济管理,1994.09,1997.01
万庆良,0000005825,EMBA,华南理工大学,工商管理,2003.03,2006.06
万治贵,0000005828,本科,中央党校,党政管理,1996.09,1999.03
万忠鑫,0000005829,大专,郧阳师专,政治历史,1983.09,1986.06
万忠鑫,0000005829,大专,湖北大学,政教,1987.09,1990.07
万忠鑫,0000005829,培训,孝感市委党校,,1994.03,1994.04
万忠鑫,0000005829,本科,湖北省委党校,行政管理,1997.09,2000.07
汪泓,0000005834,本科,上海交大机电分校,,1983.07,
汪泓,0000005834,研究生,上海交通大学,管理学院,1993.00,2000.00
汪泓,0000005834,博士,上海交通大学,管理学院,1993.00,2000.00
汪继宏,0000005835,大专,巢湖财政学校,财政,1989.09,1992.07
汪继宏,0000005835,大专,省委党校,经济管理,2000.07,
汪继宏,0000005835,本科,中央党校,经济管理,2000.08,2002.12
汪继明,0000005836,学习,湖北省咸宁地区财贸工商管理学校,,1983.09,1985.07
汪继明,0000005836,大专,中南财大,商业经济,1984.09,1986.10
汪继明,0000005836,研究生,省委党校,经济管理,2000.09,2004.07
汪继明,0000005836,进修,省委党校,,2002.09,2002.11
汪建设,0000005838,本科,安徽大学,哲学系,1982.00,
汪谦慎,0000005840,培训,澳大利亚西澳州TAFE中心学院,澳大利亚西澳州TAFE中心学院,2001.03,2001.06
汪谦慎,0000005840,培训,省委党校,,2006.03,2006.04
汪谦慎,0000005840,研究生,省委党校,经管,2002.09,2005.07
汪谦慎,0000005840,研究生,安庆师范学院,法学,2008.09,2010.07
汪谦慎,0000005840,博士,上海财经大学,法学,2010.09,
汪涛,0000005843,学习,邯郸地区工业学校,企业管理,1981.09,1983.09
汪涛,0000005843,进修,北京人文函授大学,农业经济管理,1985.05,1987.12
汪涛,0000005843,自考, 邯郸中原外国语学院,法律,2002.05,2005.12
汪涛,0000005844,专科,湖南省岳阳市师范专科学校,,1986.09,1989.07
汪涛,0000005844,研究生,湖南大学,工商管理,1998.06,2000.12
汪文展,0000005845,研究生,西安建筑科技大学,总图设计与运输,1985.00,1994.00
汪祥旺,0000005846,本科,华中农学院,遗传育种,1979.09,1983.07
汪祥旺,0000005846,培训,武汉市委党校,,1995.02,1995.06
汪祥旺,0000005846,培训,清华大学,工商管理,1998.02,1998.06
汪一光,0000005849,大专,徽州师范专科学校,数学,1981.09,1984.07
汪一光,0000005849,培训,安庆市委党校,,1994.09,1994.12
汪一光,0000005849,进修,合肥工业大学,管理科学与工程,2002.04,2004.07
汪志敏,0000005851,研究生,南昌大学,马克思主义理论与思想教育,2000.03,2001.09
王宝军,0000005861,函授,中央党校,经济管理,1997.08,1999.12
王宝军,0000005861,研究生,省委党校,经管,1999.03,2001.07
王保建,0000005863,本科,华南理工学院,机械制造,1979.09,1983.07
王保建,0000005863,本科,贵州省委党校,经济管理,1994.09,1997.09
王保建,0000005863,研究生,中央党校,政治经济,2000.09,2003.09
王保举,0000005864,学习,中央党校,经济管理,1995.08,1997.12
王彬,0000005865,本科,南京信息工程大学,英语,1989.09,1993.08
王彬,0000005865,研究生,上海财经大学,国际金融学,1995.09,1998.01
王彬,0000005865,博士,复旦大学,经济学,2001.08,2004.07
王彬,0000005865,博士后,北京大学,管理学,2007.05,
王斌,0000005866,本科,,,,
王成山,0000005879,专科,安徽大学,函授专科汉语言文学,1983.09,1986.07
王成山,0000005879,培训,安徽省委党校,,2000.09,2000.12
王成山,0000005879,本科,中央党校,本科班经济管理,2004.08,2006.12
王楚平,0000005882,进修,行政函授大学,行政管理,1986.05,1988.06
王楚平,0000005882,进修,中央党校,经济管理,1995.05,1997.08
王楚平,0000005882,大专,华中理工大学,党政管理,1997.09,2000.06
王楚平,0000005882,培训,中央党校,,2002.03,2002.07
王春安,0000005883,大专,,,,
王春金,0000005884,大专,福建电大,工业企业,1983.09,1986.07
王春金,0000005884,本科,中央党校,经济管理,1994.06,1996.12
王春金,0000005884,研究生,中央党校,经济学经济管理,2004.09,2007.07
王大辉,0000005892,培训,中央民族学院,,1985.09,1986.09
王大辉,0000005892,本科,清华大学,管理信息系统,1986.09,1991.07
王大辉,0000005892,研究生,加拿大多伦多大学,计算机系,2003.01,2005.12
王德雄,0000005901,本科,中国青年政治学院,青年工作系青年思想教育专业,1986.09,1990.07
王东红,0000005905,本科,西北农业大学,农业建筑与环境工程,1986.09,1990.07
王东红,0000005905,研究生,西安建筑科技大学,建筑历史与理论,2001.09,2004.10
王东亮,0000005907,研究生,,,,
王东群,0000005908,本科,,,,
王敦胜,0000005912,本科,,,,
王福清,0000005923,大专,重庆市工业学校,机器制造,1978.04,1981.01
王福清,0000005923,大专,中国经济管理刊授联合大学,工业企业管理,1985.05,1988.09
王福清,0000005923,培训,市委党校,,1994.03,1994.06
王福清,0000005923,本科,四川省委第二党校,法律,1995.03,1997.12
王福清,0000005923,MBA,重庆大学,工商管理,1998.03,2001.02
王福清,0000005923,培训,重庆市委党,,2000.09,2000.12
王福清,0000005923,研究生,重庆大学,电气工程学院,2003.03,2005.06
王福顺,0000005924,本科,华东化工学院,,1977.02,
王付举,0000005927,本科,焦作矿业学院,地质勘探与普查,1983.09,1987.08
王付举,0000005927,研究生,焦作工学院,企业管理,1999.09,2001.10
王富兴,0000005928,研究生,河南农业大学,农村与区域发展,,
王广国,0000005932,本科,郑州粮食学院,工民建,1982.09,1986.07
王广国,0000005932,研究生,同济大学,岩土工程,1989.09,1994.12
王广国,0000005932,博士,同济大学,岩土工程,1989.09,1994.12
王广敏,0000005933,本科,合肥林校,,1980.09,1983.07
王广敏,0000005933,学习,宿县地委党校,,1986.09,1988.07
王广跃,0000005934,进修,鸡西市职工业余大学,行政管理,1995.08,1996.07
王广跃,0000005934,研究生,黑龙江大学,经济,1994.10,1996.10
王广跃,0000005934,进修,黑龙江省委党校,法律,2004.03,2006.07
王贵,0000005936,本科,贵州农学院,植保园艺系植保专业,1981.09,1985.07
王贵,0000005936,研究生,中央党校,政治学理论专业,2003.03,2006.01
王桂芝,0000005942,,海伦农机校,农机,1979.09,1981.09
王桂芝,0000005942,,东北农学院,农机,1992.08,1995.06
王桂芝,0000005942,本科,黑龙江省经济管理干部学院,经管,1997.01,2000.01
王桂芝,0000005942,研修,哈尔滨师范大学,政治经济学,1999.09,2001.07
王国富,0000005945,培训,重庆市委二党校,,1984.09,1985.01
王国富,0000005945,进修,四川省干部函授学院,党政干部基础,1985.09,1988.07
王国富,0000005945,培训,四川省委党校,,1990.04,1990.07
王国富,0000005945,培训,重庆市委党校,,1996.03,1996.06
王国富,0000005945,进修,重庆市委党校,经济管理,1998.09,2000.12
王国和,0000005947,中专,河南开封师范专科学校,数学,1984.09,
王国和,0000005947,本科,中央党校,经济管理,1994.09,1997.02
王国和,0000005947,学习,中央党校,法学,1999.09,2002.07
王国和,0000005947,研修,清华大学,,2004.09,2004.12
王国和,0000005947,学习,武汉大学,电子政务,2007.09,2009.07
王国俊,0000005948,本科,黑龙江省行政干部学院,经济管理,,
王国平,0000005952,本科,,,,
王国强,0000005953,本科,哈尔滨工业大学,工商管理专业,2002.00,2006.00
王国强,0000005953,研究生,省委党校,经济管理专业,2008.00,2010.00
王海涛,0000005959,本科,华中师范大学,中文系,1980.09,1984.06
王海涛,0000005959,研究生,华中师范大学,中文系,1984.06,1987.06
王浩鸣,0000005960,大专,湖北省水电学校,,1975.10,1977.08
王浩鸣,0000005960,进修,华中农业大学,农林经济管理,1984.09,1987.12
王浩鸣,0000005960,研究生,湖北大学,课程与教学论,1997.07,2000.09
王浩鸣,0000005960,学习,湖北省党校,,2000.09,2000.11
王皓玉,0000005961,学习,省委党校,,,
王宏彬,0000005962,本科,北京大学,经济地理,1984.09,1988.07
王宏彬,0000005962,研究生,北京大学,人文地理,1991.09,1994.07
王宏景,0000005963,本科,郑州大学,中文系,1985.09,1989.07
王宏景,0000005963,研究生,中南财经政法大学,财政,1998.09,2000.06
王洪,0000005966,大专,东北工学院,金属塑性加工,,
王洪,0000005966,本科,哈尔滨师范大学,经济管理,,
王洪,0000005966,研究生,哈尔滨师范大学,,,
王洪钟,0000005971,高中,北京市房山区霞云岭中学,,1980.09,1982.07
王洪钟,0000005971,学习,北京大学,哲学系,1985.07,1987.08
王洪钟,0000005971,培训,中国科协中国农林技术函授大学,,1991.01,1992.01
王洪钟,0000005971,本科,北京市委党校,经济管理,1993.03,1996.01
王洪钟,0000005971,培训,中央团校,,1993.10,1993.11
王洪钟,0000005971,培训,中央团校,,1994.03,
王洪钟,0000005971,培训,北京市青年干部培训班,,1994.05,
王洪钟,0000005971,研究生,北京市委党校,国民经济管理,1995.09,1998.07
王焕清,0000005977,博士,省委党校,经济,,
王积俊,0000005981,本科,陕西师范大学,思想政治教育,1985.09,1989.07
王积权,0000005982,本科, 中央民族大学,中文系,1978.02,1982.01
王建海,0000005990,大专,元氏师范学校,,1979.10,1981.09
王建海,0000005990,进修,河北大学,汉语言文学,1983.07,1985.07
王建海,0000005990,本科,中央党校,,1993.07,1995.12
王建海,0000005990,研究生,中央党校,经济学,1999.09,2002.07
王惠民,0000005994,研究生,市委党校,,,
王惠民,0000005995,研究生,华中师范大学,政府经济学,2009.09,2012.06
王辉,0000005998,,黑龙江青年干部学院,行政管理,1989.09,1991.12
王辉,0000005998,本科,中央党校,经济管理,1993.08,1995.12
王辉,0000005998,,东北农业大学,农业经济管理,1999.09,2001.12
王辉,0000005998,,哈尔滨工业大学,,2010.03,2012.03
王华,0000006001,本科,,,,
王宏伟,0000006006,本科,焦作矿业学院,地质勘探,1979.09,1983.07
王宏伟,0000006006,研究生, 中国矿业大学,,1984.09,1987.07
王宏,0000006009,本科,昆明大学,经济系财会专业,1986.09,1989.07
王宏,0000006009,本科,中央党校函授学院,政治专业,1991.09,1993.12
王宏,0000006011,大专,临洮师范学校,,1982.09,1985.07
王宏,0000006011,自考,,汉语言文学,,1991.10
王宏,0000006011,研究生,甘肃省委党校,哲学,1997.09,2000.06
王浩,0000006014,本科,新疆石河子大学,经济学,1994.09,1998.07
王浩,0000006014,研究生,西安电子科技大学,项目管理领域,2006.03,2009.12
王海平,0000006015,研究生,,,,
王海平,0000006016,学习,江苏省淮安师范学校,普师,1980.09,1982.06
王海平,0000006016,研究生,省委党校,,,
王刚,0000006019,博士,,,,
王锋,0000006023,研究生,,,,
王朝文,0000006024,,贵州省镇远专区干校,,1949.12,1956.08
汤志平,0000006030,大专,铜仁师范专科学校,中文科,1980.09,1982.08
汤志平,0000006030,本科,中央党校,经济管理,1998.08,2000.12
汤志平,0000006030,进修,清华大学,现代公共管理高级进修班,2002.10,2002.11
汤志平,0000006031,研究生,同济大学,建筑与城市规划学院,1989.00,
文飞,0000006036,大专,广西商业高等专科学校,市场营销,1992.04,1996.06
文飞,0000006036,本科,中央党校,党政管理,1996.08,1998.12
文飞,0000006036,研究生,广西师范大学,马克思主义哲学,1999.10,2001.01
文松波,0000006043,大专,黔东南民族师范专科学校,数学科数学专业,1980.09,1982.08
文彦,0000006044,学习,天津财经学院,计划统计,1987.09,1989.06
文彦,0000006044,研究生,省社科院,政治经济,1999.09,2002.07
文宗锋,0000006045,,郑州气象学校,,1979.09,1981.07
文宗锋,0000006045,培训,河南省团校,,1982.09,1982.11
文宗锋,0000006045,,河南省委党校,行政管理,1987.09,1990.07
文宗锋,0000006045,,河南省委党校,经济管理,1993.09,1995.12
文宗锋,0000006045,研究生,河南省委党校,经济管理,1997.09,2000.01
文宗锋,0000006045,培训,,,2000.05,2000.06
翁杰明,0000006047,本科,福建师范大学,汉语言文学,1979.09,1983.08
翁杰明,0000006047,研究生,中国社会科学院,新闻业务与行政管理,1985.09,1987.07
翁杰明,0000006047,博士,河北大学,中国古代文学,1996.09,1999.07
翁杰明,0000006047,博士后,中国社会科学,工商管理,2001.06,2004.08
翁庆,0000006048,本科,武汉海军工程学院,,,
翁祖亮,0000006049,培训,市委党校,,2000.05,2000.06
翁祖亮,0000006049,进修,澳门科技大学,工商管理,2001.10,2003.10
翁祖亮,0000006049,培训,中央党校,,2009.03,2009.07
邬郁敏,0000006053,大专,广东青年干部学院,中文秘书 ,1989.09,1991.07
邬郁敏,0000006053,本科,中山大学,行政管理,1999.04,2002.08
巫希平,0000006054,进修,中央党校,经济管理,1994.08,1996.12
巫希平,0000006054,进修,安徽财贸学院,财政学,1998.09,1999.07
吴安玉,0000006056, 培训,贵州省委党校,,1991.09,1992.07
吴安玉,0000006056,本科,贵州省委党校,文秘,1996.09,1999.07
吴安玉,0000006056,本科,贵州省委党校,经济管理,1999.09,2002.05
吴安玉,0000006056,进修,贵州大学,宪法行政法,2003.09,2005.07
吴安玉,0000006056,培训,中央党校,建设社会主义新农村,2007.01,
吴安玉,0000006056,培训,贵州省委党校,,2007.03,2007.04
吴安玉,0000006056,培训,上海浦东学院,,2008.04,2008.05
吴秉儒,0000006059,大专,平凉农学院,畜牧,1976.09,
吴波,0000006062,专科,白城师范专科学校,化学,1986.09,1988.07
吴超明,0000006064,,解放军总政治部西安政治学院,军队政治工作,1985.09,1987.08
吴超明,0000006064,本科,中央党校,,1997.08,1999.12
吴朝晖,0000006065,研究生,广西大学,研究生班国际贸易学,2002.09,2004.10
吴达金,0000006074,本科,福建师范大学,化学系,1980.09,1984.07
吴达金,0000006074,研究生,福建省委党校,,1992.02,1994.02
吴道藩,0000006076,大专, 四川省重庆市农业学校,农学,1981.09,1984.07
吴道藩,0000006076,大专,西南农业大学,蔬菜,1987.09,1990.07
吴道藩,0000006076,本科,西南农业大学,农学,1998.09,2000.12
吴道藩,0000006076,研究生,西南农业大学,蔬菜,2000.09,2002.12
吴方成,0000006086,大专, 武汉师范学院,中文,1978.04,1981.01
吴方成,0000006086,培训,湖北省委党校,,1998.03,1998.05
吴方成,0000006086,研究生,武汉汽车工业大学,学管理科学与工程,1996.09,2000.06
吴方成,0000006086,培训,中央党校,,2004.09,2005.01
吴方军,0000006087,学习,南漳县委党,,1983.06,1983.12
吴方军,0000006087,学习,中央党校,,1995.08,1997.12
吴方军,0000006087,研究生,华中师范大学,法学,1999.12,
吴刚,0000006088,学习, 河南潢川师范学校,,1979.09,1981.09
吴刚,0000006088,学习,郑州大学,中文系,1986.09,1988.07
吴刚,0000006088,研究生,中共中央党校,政治学,1997.09,2000.06
吴光裕,0000006093,,上海师范大学,物理系,1963.00,
吴桂英,0000006095,研究生,中国政法大学,经济法,,
吴桂英,0000006095,博士,中国科学院科,技术哲学,,
吴海宝,0000006096,本科,北京大学,社会学,1988.09,1992.07
吴海涛,0000006098,大专,湖北省浠水师范学校,,1983.09,1986.07
吴海涛,0000006098,大专,湖北大学,秘书,1986.12,1989.12
吴海涛,0000006098,本科,湖北大学,秘书,1991.01,1995.06
吴浩岭,0000006100,,内蒙古物资学校,财会,1990.09,1992.07
吴浩岭,0000006100,专科,内蒙古师范大学,汉语言文学,1991.06,1994.06
吴浩岭,0000006100,,莫斯科经济统计学院,,1992.01,1993.06
吴浩岭,0000006100,博士,俄罗斯科学院,,1993.06,1995.04
吴浩岭,0000006100,学习,广西自治区党委党校,,2003.03,2004.01
吴浩岭,0000006100,研究生,广西自治区党委党校,党政管理,2003.03,2005.06
吴浩岭,0000006100,博士后,北京大学,应用经济学,2003.04,2005.07
吴晖,0000006103,本科,武汉大学,社会学,1988.09,1992.07
吴晖,0000006103,研究生,武汉大学,马克思主义哲学,1994.09,1996.07
吴晖,0000006103,培训,深圳市委党校,,2004.09,2004.11
吴晖,0000006104,本科,,,,
吴晖,0000006104,研究生,,,,
吴慧泉,0000006105,研究生,中央党校,行政管理专业,,
吴平,0000006106,大专,河北工学院,机制,1974.09,1977.08
吴建国,0000006107,本科,中央党校,经管,,
吴平河,0000006109,大专,广东省韩山师专,物理,1978.09,1981.07
吴平河,0000006109,本科,省委党校,行政管理,1996.09,1998.12
吴平河,0000006109,研究生,省委党校,经济学,1999.09,2002.07
吴平河,0000006109,培训,省委党校,,2003.03,2003.07
吴锦,0000006115,本科,兰州大学,经济系,1987.09,1991.07
吴锦,0000006115,研究生,华中科技大学,经济学,1997.09,2001.01
吴劲,0000006117,本科,南京气象学院,计算机及应用,1987.09,1991.08
吴荣才,0000006118,本科,福建农学院,土化,,1982.07
吴俊,0000006121,本科,贵州工学院,采矿工程,1978.04,1982.02
吴俊,0000006121,学习,贵州广播电视大学,文科类人事管理,1988.09,1991.06
吴俊,0000006121,学习,贵州省委党校,,2006.03,2006.05
吴盛海,0000006122,大专,绵阳农业专科学校,农学,1980.09,1983.07
吴盛海,0000006122,本科,四川省委党校,经济管理,1995.08,1997.12
吴盛海,0000006122,培训,重庆市委党校,,2001.03,2001.06
吴盛海,0000006122,培训,市委党校,,2002.03,2002.12
吴盛海,0000006122,研究生,重庆市委党校,行政管理,2002.09,2005.06
吴兰铮,0000006124,本科,中央党校,,,
吴世胜,0000006125,,贵州省财政学校,企业财务,1982.09,1984.07
吴世胜,0000006125,大专,贵州省经济管理干部学院,财政,1989.09,1991.07
吴世胜,0000006125,本科,贵州省委党校,经济管理,1997.09,2000.07
吴世胜,0000006125,学习,贵州省黔东南州委党校,,2000.01,2000.11
吴世胜,0000006125,培训,上海交通大学,,2002.05,2002.06
吴世胜,0000006125,研究生,贵州省委党校,经济学,2003.08,2006.06
吴世胜,0000006125,学习,贵州省委党校,,2004.09,2005.01
吴丽华,0000006126,大专,庆阳师专,汉语言文学,1982.09,1984.07
吴丽华,0000006126,本科,中央党校,党政管理,1997.08,1999.12
吴丽华,0000006126,研究生,甘肃省委党校,公共管理,2006.09,2009.06
吴美景,0000006130,大专,湖北省黄冈地区林业学校,营林,1979.10,1981.07
吴美景,0000006130,本科,湖北省委党校,党政管理,1986.09,1989.04
吴美景,0000006130,进修,海军航空工程学院,自动控制,1990.10,1993.06
吴美景,0000006130,研究生,省委党校,经济管理,1997.09,2000.07
吴孟铎,0000006131,本科,河南大学,物理系,1981.09,1985.07
吴孟铎,0000006131,培训,洛阳地委党校,,1985.10,1986.01
吴孟铎,0000006131,培训,平顶山市委党校,,1989.03,1989.06
吴孟铎,0000006131,研究生,天津大学,管理科学与工程,1993.09,1996.03
吴孟铎,0000006131,培训,河南省委党校,,1997.02,1997.07
吴孟铎,0000006131,博士,天津大学,管理科学与工程,1999.09,2002.08
吴南翔,0000006134,进修,厦门大学,世界经济,1996.11,1997.11
吴南翔,0000006134,研究生,中央党校,经济学,,
吴南翔,0000006134,研究生,厦门大学,艺术,,
吴炜,0000006135,学习,广西南宁市师范学校,中等师范,1984.07,1987.07
吴炜,0000006135,大专,广西广播电视大学,法律,1988.09,1991.07
吴炜,0000006135,本科,中央党校,经济,1992.08,1994.12
吴炜,0000006135,研究生,广西大学,政治经济学,1997.09,1999.07
吴炜,0000006135,培训,广西壮族自治区党委党校,,2003.01,2004.01
吴文达,0000006137,大专,徽州师专,化学系,1983.09,1985.07
吴文达,0000006137,进修,安徽师范大学,思想政治教育,1992.05,1994.01
吴文达,0000006137,本科,中央党校,经管,1994.08,1996.12
吴文团,0000006139,大专,福州大学,会计学,1983.08,1985.08
吴文团,0000006139,研究生,,,,
吴贤德,0000006140,本科,中央党校,经济管理,1993.08,1995.12
吴贤德,0000006140,培训,福建省委党校,,2003.02,2003.07
吴贤德,0000006140,研究生,,,,
吴显标,0000006141,大专,韶关大学,工业企业管理,1985.09,1987.07
吴显标,0000006141,本科,党校,,,
吴晓谋,0000006147,本科,南京农业大学,农业机械化,1986.09,1990.07
吴晓谋,0000006147,研究生,华南理工大学,管理工程,1993.08,1996.03
吴新普,0000006150,学习, 河南省农机校,,1979.08,1981.09
吴新普,0000006150,大专,郑州大学,,1983.07,1986.07
吴新普,0000006150,本科,中央党校,经济管理,1993.08,1995.12
吴亚飞,0000006154,学习,保定师范学校,,1980.09,1982.08
吴亚飞,0000006154,进修,保定地委党校,理论班,1985.09,1987.07
吴亚飞,0000006154,进修,河北大学,经济学,1998.09,2000.06
吴亚飞,0000006154,本科,中央党校,行政管理,1999.08,2001.12
吴亚飞,0000006154,本科,中央党校,法律,2005.08,2007.12
吴尧鑫,0000006157,进修,上海第二教育学院,政教系,1983.09,1985.07
吴尧鑫,0000006157,培训,上海交通大学和香港中文大学,高级经济管理,1993.05,1993.08
吴尧鑫,0000006157,研修, 上海市委党校,,1997.05,1997.06
吴尧鑫,0000006157,研究生,中央党校,土化系,1997.09,2000.06
吴烨,0000006159,本科,中央党校,经济管理,1992.09,1995.07
吴烨,0000006159,本科,湖北省委党校,政治经济学,1996.09,1999.07
吴毅荣,0000006163,研究生,厦门大学,企业管理,,
吴永文,0000006164,学习,湖北省荆门县沙洋师范,,1970.03,1972.01
吴永文,0000006164,研究生 ,华中师范大学,中共党史,1995.09,1998.12
吴永文,0000006164,进修,中央党校,,2006.03,2006.07
吴玉环,0000006167,本科,中央党校,,,
吴育标,0000006168,学习,贵州省财政学校,,1979.09,1981.07
吴育标,0000006168,大专,贵州省计划管理干部学院,财政专业,1988.09,1990.07
吴育标,0000006168,本科,贵州省委党校,经济管理专业,1995.09,1998.06
吴育标,0000006168,本科,中国人民解放军工程兵指挥学院,土木工程专业,2002.09,2005.06
吴育标,0000006168,学习,贵州省委党校局干班,,2003.03,2003.05
吴育标,0000006168,学习,北京大学贵州省经济管理高级研修班,,2004.09,2004.11
吴育标,0000006168,研究生,贵州师范大学,马克思主义哲学专业,1999.12,2003.01
吴育标,0000006168,博士,中国地质大学,管理科学与工程,2007.06,2010.07
吴振鹏,0000006175,大专,佛山兽医专科学校,农学,1978.09,1981.07
吴振鹏,0000006175,研究生,省社科院,政治经济学,1996.09,1999.07
吴政隆,0000006176,本科,太原机械学院,机械制造工艺与设备,1980.09,1984.08
吴政隆,0000006176,进修,中国社会科学院,投资管理学,1996.12,1998.11
吴政隆,0000006176,培训,美国哈佛大学和清华大学,公共管理,2005.06,2005.09
吴政隆,0000006176,研修,美国城乡规划高级研修,,2006.04,
吴政隆,0000006176,进修,中央党校,,2009.09,2009.11
吴志振,0000006178,本科,杞县县立甲种农校,,1920.00,
吴智勇,0000006179,研究生,浙江省委党校,,,
吴忠,0000006181,本科,北京大学,政治经济学,1981.09,1985.07
吴忠,0000006181,研究生,北京大学,政治经济学,1985.07,1988.02
吴忠,0000006181,研究生,英国伦敦大学,医学人口学,1991.09,1993.03
吴忠,0000006181,博士,北京大学,人口经济学,1994.09,1999.01
吴忠华,0000006182,大专,全国高等教育自学考试,党政干部基础,1984.08,1986.12
吴忠华,0000006182,本科,河南省委党校,经济管理,1994.09,1996.12
吴紫骊,0000006184,本科,中山大学,经济系,1979.09,1983.07
吴紫骊,0000006184,培训,中青年干部培训班,,1985.11,1986.02
吴紫骊,0000006184,研究生,省委党校,经济学,1997.09,2000.07
吴紫骊,0000006184,培训,中央党校,选调生培训班,2004.09,2005.01
吴祖云,0000006185,本科,上海交通大学,自动化,1984.09,1988.08
吴祖云,0000006185,培训,湖北省委党校,,2006.03,2006.07
伍国占,0000006186,学习,河南大学,政治专科,1984.09,1986.07
伍建昌,0000006189,中专, 广东省水产学校,,1978.09,1981.08
伍建昌,0000006189,大专,雷州师专,,1985.09,1987.07
伍建昌,0000006189,本科,湛江师范学院,法律,2000.09,2003.07
伍建昌,0000006189,研究生,华南理工大学,企业管理,2004.09,2007.06
伍建昌,0000006189,培训,,,2008.09,2008.10
伍文兴,0000006194,研究生,省委党校,经济学,1998.09,2001.07
伍文兴,0000006194,中专,高州农业学校,畜牧兽医,1980.09,
伍文兴,0000006194,大专,华南师范大学,行政管理,1989.01,1991.01
伍文兴,0000006194,本科,中共广东省委党校,经济管理,1995.07,1997.12
伍星葵,0000006195,大专,,,,
伍奕蓉,0000006197,大专,广西百色农业学校,牧医,1984.09,1987.01
伍奕蓉,0000006197,学习,广西区党校,行政管理,1992.09,1995.07
伍奕蓉,0000006197,本科,中央党校,行政管理,1998.08,2000.12
伍奕蓉,0000006197,研究生,中央党校,经济管理,2003.09,2006.07
伍奕蓉,0000006197,培训,广西区党校,,2013.03,2013.05
武戈,0000006202,学习,安徽银行学校,金融,1990.09,1992.07
武戈,0000006202,大专,安徽省委党校,经济管理,2003.08,2005.12
武国定,0000006203,大专, 百泉农业专科学校,园林系,1980.09,1983.07
武国定,0000006203,本科,中央党校,经济管理,1993.07,1995.12
武国定,0000006203,研究生,中国社会科学院,,1996.08,1998.07
武国定,0000006203,培训,河南省委党校,,2001.02,2001.06
武国定,0000006203,培训,中央党校,,2005.09,2006.01
武国定,0000006203,研究生,中央党校,经济学,2006.03,2008.01
武国定,0000006203,研究生,中国地质大学,应用经济学,2008.09,2010.06
武金良,0000006205,本科,河北农大,农学,1982.09,1986.08
武金良,0000006205,研究生,南开大学,政治经济学,1998.12,2000.12
武金良,0000006205,研究生,中央党校,法学理论,2005.09,2008.07
武卫东,0000006210,大专, 邢台师范专科学校,中文系,1987.09,1989.08
武卫东,0000006210,进修,中央党校,经济管理,1993.08,1995.12
武卫东,0000006210,进修,河北科技大学,工商管理,1999.09,2001.12
武卫东,0000006210,研究生,中央党校,经济学,1999.09,2002.07
武卫东,0000006210,研究生,河北大学,政治经济,2007.09,2009.06
武延军,0000006211,本科,中央党校,经济管理,1997.08,1999.12
武延军,0000006211,研究生,澳门科技大学,公共行政管理,2002.03,2004.06
武勇,0000006213,培训,省委党校,,1989.09,1991.09
武占强,0000006215,研究生,省委党校,经济管理,,
习近平,0000006221,本科,清华大学,基本有机合成,1975.00,1979.00
习近平,0000006221,博士,清华大学,马克思主义理论与思想政治教育,1998.00,2002.00
席飞跃,0000006224,大专, 兰州大学,工业企业管理,1988.09,1990.07
席飞跃,0000006224,本科,中央党校,经济管理,1994.08,1996.12
席飞跃,0000006224,进修,甘肃省委党校,,2003.09,2003.12
夏帆,0000006234,大专,湖北民族学院,林学,1989.09,1992.07
夏帆,0000006234,进修,中央党校,政法,1997.08,1999.12
夏帆,0000006234,培训,孝感市委党校,,1999.08,1999.11
夏帆,0000006234,进修,华中科技大学,马克思主义理论与思想政治教育,2001.04,2003.11
夏帆,0000006234,培训,省委党校,,2002.03,2002.05
夏帆,0000006234,培训,湖北省委党校,,2008.03,2008.07
夏福卿,0000006236,大专,咸宁师专,物理系,1989.09,1992.07
夏福卿,0000006236,本科,华中科技大学,机电一体化,1995.09,1999.12
夏福卿,0000006236,培训,华中科技大学,中青班,2003.10,2003.12
夏福卿,0000006236,培训,美国俄亥俄大学,中青班,2004.02,2004.05
夏福卿,0000006236,培训,省委组织部干部经济管理专题班培训,,2008.09,
夏钢,0000006237,本科,贵阳中医学院,中医,1978.10,1983.09
夏钢,0000006237,学习,贵阳市区<市、县>县级干部培训班,,2007.06,2007.09
夏国华,0000006239,中专,贵阳农业学校,,,1957.00
夏国华,0000006239,研究生,中国人民大学,公共管理,2004.03,2006.06
夏虹,0000006240,本科, 贵州农学院,兽医,1982.09,1986.07
夏虹,0000006240,研究生,中央党校,经济学,,
夏强,0000006244,,中国人民大学附中,,1968.09,1974.04
夏强,0000006244,本科,北京邮电学院,无线电技术,1979.04,1983.03
夏吾杰,0000006247,本科,青海省黄南州民族师范学校,,1986.09,1989.07
夏吾杰,0000006247,本科,青海师范大学,汉语言文学专业,2006.01,2009.01
夏锡璠,0000006248,本科,华中农业大学,果树,1989.09,1993.07
夏锡璠,0000006248,学习,省委党校,,2008.09,2009.00
夏锡璠,0000006248,培训,,,2011.04,2011.06
夏贤格,0000006249,研究生,华中农业大学,土化,,1984.00
夏泽良,0000006253,学习,四川省人民警察学校,公安,1980.09,1982.09
夏泽良,0000006253,大专,四川电大,党政,1985.09,1987.07
夏泽良,0000006253,培训,涪陵地委党校,,1995.05,1995.08
夏泽良,0000006253,进修,西南政法大学,民商法,1996.10,1998.10
夏泽良,0000006253,本科,解放军西安陆军学院,经济管理,2002.09,2005.09
夏泽良,0000006253,研究生,西南农业大学,农业推广,2004.03,2005.12
夏振林,0000006255,培训,美国哈佛大学肯尼迪学院,公共管理,2004.06,2004.09
咸大明,0000006256,本科,西北师范大学,数学,1978.08,1982.07
咸大明,0000006256,研修,华东师范大学,,1984.08,1985.07
咸大明,0000006256,研修,兰州大学,区域经济学,2000.09,2002.07
向斌,0000006260,大专,松滋师范,,1986.09,1989.07
向斌,0000006261,大专,湖北大学,汉语言文学,1987.04,1990.12
向斌,0000006261,研究生,省委党校,法学,2003.09,2006.07
向东生,0000006262,,广州第一师范学校,政治,1970.05,
向东生,0000006262,大专,广东省委党校,党政干部大专班,1983.09,1985.07
向东生,0000006262,培训,广东省委党校,职务培训班,1991.04,1991.07
向和平,0000006263,大专,万县地委党校,政治经济管理,1986.08,1988.08
向和平,0000006263,本科,重庆市委党校,法律,1996.06,1999.01
向和平,0000006263,进修,西南师范大学,区域经济,1999.09,2001.06
向和平,0000006263,研究生,中央党校,经济管理,2004.03,2006.01
向虹翔,0000006265,学习,贵州汽车制造厂技工学校,镗钻,1981.10,1983.08
向虹翔,0000006265,大专, 贵州广播电视大学,党政管理,1985.09,1987.07
向虹翔,0000006265,本科,贵州省委党校,经济管理,1995.09,1998.07
向虹翔,0000006265,研究生,中央党校,经济管理,2006.09,2009.07
向守清,0000006270,本科,湘潭大学,中文系,1985.09,1989.07
向涛,0000006272,学习, 四川省石柱县师范学校,,1978.04,1979.05
向涛,0000006272,大专, 四川省委第二党校,政治经济,1987.09,1989.06
向涛,0000006272,本科,四川省委党校,经济管理,1995.09,1997.06
向涛,0000006272,研究生, 重庆市委党校,区域经济学,1997.09,2000.06
向涛,0000006272,进修, 中央党校,,2001.08,2002.01
向忠雄,0000006273,本科,贵州师范大学,体育,1983.09,1987.08
向忠雄,0000006273,学习,中央党校,党政管理,1998.08,2000.12
向忠雄,0000006273,研修,中国人民大学,经济学,1999.08,2001.07
向忠雄,0000006273,研究生,中央党校,经济学,2005.09,2008.07
项乐民,0000006274,大专,安吉县师范学校,普师,1979.08,1981.08
项乐民,0000006274,大专,湖州师专,政史,1985.08,1987.08
项乐民,0000006274,本科,浙江省高等教育高师,高师政治教育,1994.09,1997.11
项乐民,0000006274,进修,复旦大学,行政管理,1998.05,2000.05
项乐民,0000006274,培训,市委党校,,2000.11,2001.05
项乐民,0000006274,培训,湖州市优秀年轻干部新知识读书班,,2002.07,2002.10
项乐民,0000006274,研究生,澳门科技大学,工商管理,2002.03,2004.02
项乐民,0000006274,培训,浙江省委党校,,2008.09,2008.12
肖才忠,0000006276,研究生,贵州省党校,,,
肖发君,0000006279,培训,遵义市委党校,,1999.09,1999.12
肖发君,0000006279,研究生, 贵州省委党校,经济学,2002.09,2005.07
肖光,0000006280,,中央党校,,1944.07,
肖红梅,0000006282,大专,武汉大学,行政管理,1995.09,1998.12
肖红梅,0000006282,培训,汉川市委党校,,1998.10,1998.12
肖红梅,0000006282,培训,汉川市委党校,,2000.04,2000.05
肖红梅,0000006282,培训,湖北省委党校,,2005.09,2005.11
肖红梅,0000006282,研究生,湖北省委党校,行政管理,2003.09,2006.07
肖家祥,0000006286,博士,,,,
肖建春,0000006287,大专, 黑龙江广播电视大学,中文,1983.09,
肖俊,0000006290,本科,省委党校,,,
肖平,0000006292,中专,邵阳师范学校,,,1987.07
肖平,0000006292,本科,湖南省委党校,,,
肖平,0000006292,研究生,湖南大学,公共管理,,
肖庆康,0000006294,本科,中央党校,经济管理,2001.09,2004.07
肖文,0000006298,研究生,广东省社科院,,,
肖向荣,0000006301,大专,中山大学,汉语言文学,1987.03,
肖向荣,0000006301,本科,中央党校,法律,2005.08,2007.12
肖燕梅,0000006305,研究生, 湖北省黄冈县委党校,,1985.09,1987.07
肖莺子,0000006309,本科,湖北财经学院,国民经济计划与管理,1980.09,1984.07
肖莺子,0000006309,研究生,广西大学,政治经济学,1997.09,1999.10
肖莺子,0000006309,进修,中央党校,,2002.09,2003.01
肖永安,0000006310,培训,中央党校,,1984.09,1986.07
肖永安,0000006310,研究生,中央党校,,,
谢宝怀,0000006322,本科,华东工程学院,雷达设计制造,1974.09,1978.01
谢宝怀,0000006322,学习,广州市财贸管理干部学院,法律,1987.05,1987.11
谢宝怀,0000006322,研究生,中山大学,研究生院经济学,1990.03,1992.03
谢宝怀,0000006322,研究生,中央党校,在职研究生班政治学理论,2004.03,2006.01
谢伯欣,0000006324,大专, 中山大学,工业经济管理,1985.09,1987.07
谢伯欣,0000006324,本科, 广东省委党校,经济管理,1999.09,2001.12
谢恩国,0000006326,大专, 河北水利专科学校,,1980.09,1983.07
谢恩国,0000006326,本科,中央党校,经济,1995.08,1997.12
谢恩国,0000006326,研究生,天津财经学院,工商企业管理,1998.04,2000.04
谢恩国,0000006326,培训,中国人民大学,河北省执政能力建设,2005.08,2005.10
谢恩国,0000006326,研究生,省委党校,经济管理,2005.09,2008.10
谢恩国,0000006326,培训,中央党校,,2008.02,2008.03
谢功卓,0000006329,本科,湖北大学,政治教育,1979.00,1983.00
谢功卓,0000006329,培训,市委党校,,1995.09,1996.01
谢功卓,0000006329,研究生,省委党校,经济管理,1995.08,1998.07
谢功卓,0000006329,研修,美国工商管理研修班,,2000.03,2000.09
谢海波,0000006331,专科,龙岩师专,中文,1980.08,1982.07
谢海波,0000006331,本科,中央党校,经济管理,1993.09,1995.12
谢海波,0000006331,研究生,中央党校,研究生院经管,2001.09,2004.07
谢豪斌,0000006332,研究生,省委党校,政治学,1996.09,1999.07
谢继炯,0000006334,,大名师范学校,,1980.08,1982.08
谢继炯,0000006334,本科,中央党校,经济,1992.08,1994.12
谢继伦,0000006335,本科,,,,
谢杰斌,0000006337,大专,肇庆农校,农学系,1978.10,1981.08
谢杰斌,0000006337,进修,广东省委党校,经济,1996.10,1998.07
谢杰斌,0000006337,研究生,广东省社会科学院,政治经济学,1999.03,2002.04
谢金峰,0000006338,本科,四川农业大学,果树,1985.09,1989.07
谢金峰,0000006338,研究生,中央党校,政治学,1999.09,2001.07
谢金峰,0000006338,博士,西南农业大学,果树生态,2001.09,2003.06
谢金峰,0000006338,博士后, 重庆大学,经济管理,2003.09,2005.12
谢锦波,0000006339,本科,中山大学,历史,1979.09,1984.07
谢峻,0000006340,大专,汕头农业学校,果树,1980.09,1983.08
谢峻,0000006340,本科,函授汕头教育学院,中文,1987.09,1990.07
谢峻,0000006340,本科,函授广东省委党校,经济管理,1995.09,1997.12
谢峻,0000006340,研究生,广东省委党校,党建,1999.09,2002.07
谢峻,0000006340,培训,广东省第10期高级公务员公共行政管理知识研究班,,2007.05,2007.08
谢峻,0000006340,EMBA,华南理工大学,,2008.10,2010.12
谢礼国,0000006341,本科,重庆师范学院 ,化学,1988.09,1992.07
谢礼国,0000006341,研究生,中央党校,经济管理,,2001.06
谢礼国,0000006341,研究生,重庆大学,环境科学,,2004.06
谢礼国,0000006341,博士,重庆大学,市政工程,,2011.06
谢连章,0000006343,学习,襄城师范,,1981.09,1983.07
谢连章,0000006343,函授,许昌教育学院,,1985.08,1987.07
谢连章,0000006343,本科,中央党校,大学经济管理,1998.09,2000.12
谢灵忠,0000006345,专科,广西桂林地区农机学校,修理,1979.09,1981.09
谢灵忠,0000006345,学习,广西广播电视大学,电子技术及应用,1984.08,1987.07
谢灵忠,0000006345,本科,中央党校,经济管理,1995.09,1998.11
谢灵忠,0000006345,研究生,中南大学,经济法学,2002.09,2004.07
谢灵忠,0000006345,研修,广西自治区党校,,2004.09,2004.11
谢荣珂,0000006351,,沧州地区财贸学校,财政,1980.01,1982.05
谢荣珂,0000006351,,沧州地委党校,,1985.09,1987.07
谢荣珂,0000006351,函授,河北工业大学,工业外贸,1994.09,1997.06
谢荣珂,0000006351,研究生,河北省委党校,经济管理,1999.09,2001.12
谢思芳,0000006353,大专,湖北工学院,机械制造,1982.09,1985.07
谢思芳,0000006353,培训, 荆沙市委党校,,1996.05,1996.06
谢思芳,0000006353,研究生, 北京大学,行政管理,1996.09,1999.07
谢思芳,0000006353,培训,湖北省行政学院,,1998.09,1998.11
谢思芳,0000006353,培训, 省委党校,,2000.09,2000.11
谢土新,0000006354,学习,广州市委党校,,1983.09,1985.08
谢土新,0000006354,本科,中央党校,法律,2002.08,2004.12
谢土新,0000006354,研究生,中央党校,科学社会主义,2004.09,2006.07
谢细忠,0000006355,大专,中共龙岩地委党校,,1983.09,1985.07
谢细忠,0000006355,研究生,中央党校,,,
谢小建,0000006356,本科,福建师范大学,中文系,1978.02,
谢晓东,0000006357,本科,南充师范学院,化学系,1983.09,1987.07
谢耀琪,0000006360,大专,兴宁市师范学校,,1990.09,1993.08
谢耀琪,0000006360,大专,佛山大学,中文系,1993.07,1996.05
谢耀琪,0000006360,本科,省委党校,经济管理,1996.09,1998.12
谢耀琪,0000006360,进修,中国人民大学,世界经济与政治,2000.09,2002.06
谢耀琪,0000006360,培训,广东省第三期领导干部区域经济发展,专题培训班,2010.10,2010.11
谢毅泰,0000006362,,集美轻工业学校,制糖工艺,,1980.02
谢毅泰,0000006362,,福建省委党校,经济管理,,1993.07
谢毅泰,0000006362,,中央党校,涉外经济,,1997.12
谢毅泰,0000006362,研究生,中国社会科学院,市场经济,,1998.12
谢毅泰,0000006362,本科,西南师范大学,法学,,2007.07
谢又生,0000006364,本科,兰州医学院,医学,1984.09,1989.07
谢又生,0000006364,培训,同济医科大学,,1993.02,1993.12
谢又生,0000006364,研究生,兰州大学,企业管理,2002.07,2004.07
谢又生,0000006364,进修,国家行政学院,,2008.10,2008.11
谢又生,0000006364,学习,省委党校,,2009.06,2009.07
谢又生,0000006364,培训,省委党校,,2010.03,2010.06
谢又生,0000006364,研究生,甘肃省委党校,,2009.09,
谢再春,0000006368,本科,,,,
谢振华,0000006371,研究生,华南师范大学,,1994.09,1997.07
谢治国,0000006374,学习,甘肃省公安学校,,1978.09,1980.07
谢治国,0000006374,大专,甘肃省政法学院,法律,1985.09,1987.06
谢治国,0000006374,本科,公安大学,公安管理,1996.10,1999.12
谢治国,0000006374,进修,兰州大学,经济法学,2001.09,2003.06
谢治国,0000006374,培训,井冈山干部学院第一期全国县委书记、县长“建设社会主义新农村”培训班,,2006.05,
谢治国,0000006374,进修,中央党校,,2008.03,
谢宗孝,0000006375,研究生,省委党校,,,
辛国荣,0000006378,大专,解放军后勤工程学院,,1991.09,1994.07
辛国荣,0000006378,进修,四川省委党校,法律,1996.09,1998.12
辛国荣,0000006378,进修,西南师范大学,区域经济规划与管理,1998.09,2000.06
辛国荣,0000006378,研究生,西南大学,农业推广,2003.09,2006.06
辛国荣,0000006378,研究生,重庆市委党校,区域经济,2003.09,2006.06
辛国荣,0000006378,培训,重庆市委党校,,2010.08,2011.01
辛国荣,0000006378,培训,中国井冈山干部学院2013年新任县委书记党性教育专题培训班学习,,2013.05,
辛敏超,0000006379,专科,黑龙江省水产学校,淡水养殖,1978.07,1981.08
辛敏超,0000006379,,哈尔滨师范大学,政治理论,1986.09,1988.09
辛敏超,0000006379,学习,黑龙江省委党校,法律,1997.03,2001.01
辛敏超,0000006379,研究生,黑龙江省委党校,经济管理,1999.03,2002.01
辛少波,0000006381,本科,省委党校,函授行政管理,1996.09,1998.12
辛少波,0000006381,研究生,西北农林科技大学,农业推广,2002.12,2005.12
辛绍杰,0000006382,大专,河北林业专科学校,,1978.10,1981.07
辛绍杰,0000006382,本科,河北农业大学,计算机应用,1995.09,1998.06
辛绍杰,0000006382,研究生,中央党校,国际政治,2001.03,2004.01
辛世杰,0000006383,本科,大连海运学院,船电,1978.10,1982.08
辛世杰,0000006383,培训,中央党校,,1998.03,1998.07
辛世杰,0000006383,进修,中央党校,,2004.03,2004.07
辛维光,0000006384,大专,贵州大学,哲学,1977.03,1980.01
辛维光,0000006384,进修,中国人民大学,伦理学,1995.08,1997.08
辛维光,0000006384,进修,中央党校,,1999.09,2000.01
辛维光,0000006384,本科,贵州省委党校,经济管理,1995.05,1998.05
辛维光,0000006384,研究生,中央党校,马克思主义哲学,2000.09,2003.07
邢留逮,0000006390,大专,廊坊师范专科学校,中文,1980.09,1983.07
邢留逮,0000006390,学习,中央党校,,1992.08,1993.08
邢留逮,0000006390,进修,中央党校,经济管理,1993.09,1995.12
邢留逮,0000006390,学习,省委党校,,1997.03,1997.07
邢留逮,0000006390,研究生,河北大学,经济学,1998.09,2000.07
邢留逮,0000006390,学习,中央党校,,2003.09,2004.01
邢留逮,0000006390,研究生,中央党校,,2004.01,2006.01
邢太安,0000006391,本科,湛江水产学院,海洋捕捞,1983.09,1987.07
邢正军,0000006392,博士,,,,
幸敬华,0000006393,研究生,湖北省委党校,法学,,2000.07
熊承家,0000006394,学习,华中农业大学,,1983.09,1985.12
熊承家,0000006394,研究生,党校,,,
熊德超,0000006395,学习,安徽省农经干部管理学院,国民经济管理专业,1993.09,1995.09
熊德超,0000006395,本科,中央党校,函授行政管理学专业,1998.08,2000.12
熊德超,0000006395,学习,省委党校中青班,,2001.03,2001.12
熊光奎,0000006396,本科,贵州财经学院,财政,1980.09,1984.07
熊广田,0000006398,大专,许昌师范专科学校,中文,1985.09,1987.07
熊广田,0000006398,本科,中央党校,大学经济管理,1993.08,1995.12
熊广田,0000006398,进修,郑州大学,新闻学,1997.09,1999.07
熊广田,0000006398,培训,河南省委党校第19 期县委书记县长进修班学习,,2002.09,2002.12
熊广田,0000006398,培训,河南省委党校第33期中青年干部培训班,,2003.10,2004.01
熊明新,0000006400,进修,武汉大学,经济系,1986.08,1988.07
熊明新,0000006400,进修,华中师范大学,行政管理,1997.09,1999.12
熊孙魁,0000006403,本科,江西财经学院,统计,1982.09,
熊孙魁,0000006403,研究生,江西省委党校,区域经济,2000.09,2002.12
熊孙魁,0000006403,培训,江西省委党校,,2005.09,2005.11
熊雪,0000006405,大专, 四川省重庆市第一师范学校,中文,1979.08,1982.08
熊雪,0000006405,本科,解放军后勤工程学院,营房工程,1994.09,1997.07
熊雪,0000006405,研究生,重庆市委党校,党史党建,1997.09,2000.06
熊长江,0000006406,大专,黄冈地区工业学校,,1978.10,1981.08
熊长江,0000006406,大专,省委党校,党政管理,1986.09,1989.06
熊长江,0000006406,进修,北京大学,区域经济学,1997.07,1999.07
熊长江,0000006406,研究生,湖北省委党校,政治经济学,1997.09,2000.07
熊征宇,0000006407,本科,长沙理工大学,,1987.09,1991.07
徐春晖,0000006413,本科,清华大学,公共管理学院公共管理专业,2008.10,2011.12
徐大武,0000006414,,永登师范学校,,1980.07,1982.07
徐大武,0000006414,,兰州教育学院,地理,1986.09,1988.07
徐丹华,0000006415,,坪石中山大学,,1944.08,
徐丹华,0000006415,,广州中山大学,,1946.06,
徐飞,0000006420,大专,黑龙江广播电视大学,,1986.08,1989.07
徐飞,0000006420,本科,黑龙江省委党校,经济管理,1995.05,1998.01
徐飞,0000006420,研究生,黑龙江省委党校,经济管理,2006.03,2009.01
徐飞,0000006421,本科,贵阳师范学院,历史学,1978.00,1982.00
徐福成,0000006422,大专,"河南广播电
视大学",,1984.06,1986.07
徐光华,0000006426,本科,贵州工学院,有机化工,1979.09,1983.07
徐光毅,0000006427,学习,省财校,,1977.03,1979.08
徐光毅,0000006427,进修,江西财经管理干部学院,,1984.09,1986.08
徐广国,0000006428,大专,大庆师范专科学校,英语,1981.09,1984.07
徐广国,0000006428,研究生,省委党校,经济管理,2000.03,2003.01
徐广国,0000006428,研究生,北京大学,工商管理,2005.08,2010.07
徐国庆,0000006430,大专,安徽省六安地区中等师范学校,普师班,1982.09,1985.08
徐国庆,0000006430,进修,安徽省教育学院,汉语言文学,1987.09,1989.08
徐国庆,0000006430,研究生,厦门大学,马克思主义哲学,1992.09,1995.07
徐海浪,0000006434,学习,广西人民武装学校,人武,1994.09,1996.07
徐海浪,0000006434,大专,陆军指挥学院,人武,1995.09,1998.07
徐海浪,0000006434,函授,中央党校,经济管理,2000.08,2002.12
徐海浪,0000006434,研究生,广西区党校,行政法学,2006.09,2008.12
徐和木,0000006435,,黄冈师专,中文,1980.09,1983.07
徐和木,0000006435,学习,省委党校,政治经济,1997.09,2000.07
徐和木,0000006435,研究生,,,,
徐恒,0000006436,大专,贵阳师范学院,物理,1978.03,1979.10
徐恒,0000006436,本科,武汉汽车工业大学,管理工程,1995.09,1998.07
徐恒,0000006436,研究生,武汉汽车工业大学,技术经济及管理,1996.09,1999.12
徐会东,0000006439,本科,北京农业大学,农学系,1985.09,1989.07
徐慧前,0000006440,大专,河南财经学院,国民经济计划,1983.09,1986.07
徐慧前,0000006440,研究生,河南大学,经济管理,1999.09,2002.07
徐慧前,0000006440,研究生,河南省委党校,经济管理,2004.09,2007.07
徐慧前,0000006440,研究生,河南农业大学,园艺,2010.04,2013.06
徐建国,0000006442,研究生,,,,
徐建文,0000006445,学习,清远县师范学校,,1981.09,1983.09
徐建文,0000006445,本科,广东省委党校,党政管理,1990.09,1993.08
徐建文,0000006445,培训,广东省委党校,,2001.03,2001.07
徐建文,0000006445,进修,广东省委党校,经济管理,2001.09,2003.12
徐兰军,0000006453,学习,河北商业学校,会统,1975.07,1977.07
徐兰军,0000006453,本科,省委党校,经济管理,1993.09,1996.07
徐强,0000006464,本科,中央党校,经济管理,1998.01,2000.12
徐钦恒,0000006465,学习,广西团校,党政,1987.09,1989.07
徐钦恒,0000006465,培训,广西壮族自治区党委党校,,1999.03,1999.07
徐钦恒,0000006465,本科,中央党校,政法,1997.08,1999.12
徐钦恒,0000006465,培训,广西区党校,,2010.09,2011.01
徐尚武,0000006470,本科,河北师范大学,文学,,
徐尚武,0000006470,研究生,河北省委党校,,,
徐世国,0000006472,学习,四川省自修大学,党政干部,1984.09,1986.12
徐世国,0000006472,培训,重庆市委党校,,1997.09,1998.01
徐世国,0000006472,本科,中央党校,经济管理,1996.08,1998.12
徐世国,0000006472,研究生,西南师范大学,人文地理学区域经济规划,1996.10,1998.10
徐世国,0000006472,研究生,重庆市委党校,区域经济学,2002.09,2005.06
徐世国,0000006472,研修,美国高级研修班学习,,2005.06,2005.09
徐世林,0000006473,学习,省委党校,经济管理,1991.08,1993.07
徐世林,0000006473,进修,中央党校,经济管理,1998.08,2000.12
徐世林,0000006473,研究生,甘肃省委党校,政治经济学,2001.09,2004.06
徐维众,0000006479,,黑龙江省委党校,,1982.08,1984.06
徐相锋,0000006484,本科,天津大学,技术经济,1989.09,1993.07
徐相锋,0000006484,研究生,中国人民大学,组织与人力资源,2002.02,2004.06
徐兴勤,0000006487,培训,小学教师训练班,,1944.00,
徐逸波,0000006491,本科,,,,
徐毅,0000006493,大专,广东省建筑工程专科学校,,1980.09,
徐毅,0000006494,本科,省委党校,经济管理,1999.09,2002.07
徐咏虹,0000006495,研究生,广东省委党校,,,
徐育东,0000006496,,广西工商行政管理学校,工商行政管理,1986.09,1988.07
徐育东,0000006496,大专,首都经济贸易大学,工商行政管理,1997.09,2000.07
徐育东,0000006496,研究生,广西师范大学,马克思主义理论与思想政治教育,1999.10,2001.10
徐云枢,0000006497,中专,博罗师范学校,,1983.09,1986.07
徐云枢,0000006497,大专,惠州教育学院,中文,1986.07,1988.12
徐云枢,0000006497,本科,安徽财贸学院,经济管理,1992.09,1995.07
徐云枢,0000006497,研究生,广东省社科院,经济学,1994.09,1998.07
徐云枢,0000006497,研究生,华南农业大学,农业推广,2002.09,2005.07
徐长水,0000006499,本科,华中农业大学,农业经济管理,1982.09,1986.07
徐长水,0000006499,培训,湖北省孝感地委党校,青年干部培训班,1993.02,1993.05
徐长水,0000006499,培训,孝感市委党校,,1999.10,1999.12
徐长水,0000006499,培训,湖北省委党校,,2004.09,2004.10
徐长水,0000006499,培训,湖北省委党校,,2010.04,2010.04
徐长水,0000006499,培训,中央党校,,2012.03,2012.03
徐长水,0000006499,培训,湖北省赴新加坡领导干部能力素质提升工程培训班,,2013.11,2013.11
徐长水,0000006499,研修,中央党校,,2015.09,2015.11
徐志新,0000006502,,新疆广播师范大学,中文,1981.03,1984.11
许承通,0000006510,研究生,省委党校,,,
许风伦,0000006514,本科,山东工业大学,金属材料及热处理,1988.09,1993.07
许红,0000006516,本科,中山大学,法学,1986.09,1990.07
许红,0000006516,研究生,广东省社科院,经济学,1997.03,2000.07
许华,0000006519,研究生,安徽农业技术师范学院,农业教育,,
许集美,0000006520,,安海养正中学,,1938.00,1941.00
许克振,0000006529,大专,湖北经济管理学院,行政管理,1990.09,1993.07
许克振,0000006529,学习,湖北省荆州地区农业学校,农学,1982.09,1984.12
许克振,0000006529,本科,中央党校,经济管理,1995.08,1997.12
许克振,0000006529,研究生,湖北省社会科学院,产业经济学,1998.09,2001.06
许克振,0000006529,培训,中央党校,,2011.03,2011.06
许昆峥,0000006530,大专,河北林业专科学校,林业,1973.09,1975.12
许昆峥,0000006530,进修,中央党校,经济管理,1992.08,1994.12
许昆峥,0000006530,研究生,省委党校,经济管理,1999.03,2001.07
许南吉,0000006537,本科,,,,
许南吉,0000006537,研究生,,法学,,
许培业,0000006539,学习,华南师范大学,,1984.09,1986.07
许培业,0000006539,研究生,省委党校,经济学,1996.09,1999.07
许勤,0000006540,本科,北京理工大学,光电工程系,1978.10,1982.07
许勤,0000006540,研究生,北京理工大学,光电,1984.09,1987.07
许勤,0000006540,培训,加拿大、美国高级管理培训,,1994.10,1995.10
许勤,0000006540,EMBA,北京大学,,1999.09,2001.07
许勤,0000006540,培训,中央党校国家机关分校,,2000.09,2001.01
许勤,0000006540,博士,香港理工大学,工商管理,2001.11,2004.11
许树德,0000006546,大专,中央党校,经济管理,1994.09,1997.07
许树德,0000006546,培训,地委党校,中青班,1997.05,1997.07
许树德,0000006546,本科,中央党校,政法管理,1997.07,2000.12
许树德,0000006546,进修,同济大学,经管学院,2001.10,2001.12
许树德,0000006546,研究生,甘肃省委党校,人口、资源与环境经济学,2006.09,2009.06
许顺,0000006547,大专,湛江市业大,工业电器,1981.09,1985.07
许顺,0000006547,研究生,广东省社会科学院,政治经济学,1996.09,1999.07
许维泽,0000006549,培训,晋江地委党校,第一期干部进修班,1984.03,
许维泽,0000006549,培训,泉州市委党校,党政干部培训班,1989.09,
许毅青,0000006558,本科,华东化工学院,工业,1988.09,1992.07
许正维,0000006564,本科,贵州农学院,林学,1965.08,1969.09
许正维,0000006564,培训,贵州省委党校,中青班,1982.09,1983.10
许正维,0000006564,进修,中央党校,,1994.03,1994.07
许志华,0000006565,本科,,,,
许志晖,0000006566,本科,南开大学,旅游经济管理,1986.09,
许志晖,0000006566,博士,南京大学,城市资源系自然地理学,2003.09,2007.06
许志晖,0000006566,培训,中国延安干部学院,第1期县长培训班,2008.10,2008.11
许志晖,0000006566,研修,广东省第3期领导干部早稻田大学经济管理专题研究班,,2010.07,2010.08
许志晖,0000006566,培训,广东省第13期领导干部美国高级培训班,,2013.07,2013.08
禤德焕,0000006569,本科,广西民族学院,政治,1978.02,1982.02
禤德焕,0000006569,培训,广西自治区党委党校,,1996.09,1997.07
禤德焕,0000006569,研究生,广西自治区党委党校,政治经济学,1996.09,1999.01
禤甲军,0000006570,,广西玉林县师范学校,中师,1980.09,1982.07
禤甲军,0000006570,大专,广西玉林地委党校,,1988.09,1990.07
禤甲军,0000006570,学习,武汉大学,行政管理,1996.09,1999.06
禤甲军,0000006570,研究生,广西师范大学,近现代经济研究,1998.10,2000.10
薛潮,0000006571,研究生,上海大学,工程系,,1997.10
薛建宏,0000006574,本科,在安徽农学院,林学系,1978.08,1982.08
薛理朝,0000006577,大专,福建师大福清分校,政教系,1986.09,1989.07
薛理朝,0000006577,本科,中央党校,党政管理,1995.08,1997.12
薛理朝,0000006577,研究生,省委党校,公共管理,2000.09,2004.01
薛蒙林,0000006578,研究生,,,,
薛全荣,0000006580,研究生,,,,
薛卫东,0000006584,专科,九江师范专科学校,中文,1981.09,1984.07
薛卫东,0000006584,本科,华南师范大学,中国教育史,1987.09,1990.07
薛晓峰,0000006586,大专,山西师范学院,英语,1978.10,1981.12
薛晓峰,0000006586,本科,北京外国语学院,英语,1984.09,1986.07
薛晓峰,0000006586,研究生,武汉大学,新闻专,1989.09,1992.07
薛晓峰,0000006586,培训,中央党校,政治理论培训班,1995.03,1995.07
薛晓峰,0000006586,培训,中宣部全国省市区宣传部长培训班,,2004.08,
薛永纯,0000006588,大专,廊坊师专,,1986.09,1989.07
薛永纯,0000006588,进修,中央党校,涉外经济,1994.09,1996.12
薛永纯,0000006588,研究生,省委党校,法律,2003.09,2005.12
薛豫宛,0000006589,大专, 驻马店师范学校,语文班,1978.09,1981.07
薛豫宛,0000006589,研究生,中央党校,,,
薛择邻,0000006590,大专,河北电大,中文,1982.08,1985.08
薛择邻,0000006590,本科,中央党校,经管,1997.09,1999.07
薛择邻,0000006590,研究生,省委党校,经管,2001.09,2004.07
薛泽通,0000006591,,泊头师范学校,普师,1982.07,1985.08
薛泽通,0000006591,,河北大学,汉语言文学,1987.09,1989.07
薛泽通,0000006591,函授,中央党校,经济管理,1994.08,1996.12
薛泽通,0000006591,研究生,省委党校,经济管理,2005.09,2008.06
鄢立中,0000006596,大专,,,,
闫廷瑞,0000006602,本科,郑州大学,历史系,1981.09,1985.07
闫西良,0000006603,本科, 郑州工学院,工业与民用建筑,1978.09,1982.07
闫晓峰,0000006605,本科,甘肃农业大学,农机,1978.09,1982.07
闫晓峰,0000006605,研修,日本研修学习现代农业工程技术,,1991.05,1992.05
闫晓峰,0000006605,培训,甘肃省委党校,中青班,1997.03,1997.07
闫晓峰,0000006605,进修,兰州大学,区域经济,2000.06,2002.06
闫晓峰,0000006605,培训,甘肃省委党校,,2007.09,2008.01
闫英姿,0000006606,本科,中南政法学院,国际经济法,1989.10,1993.07
闫英姿,0000006606,培训,共青团中央全国团市州委书记培训,,2005.09,2005.09
闫英姿,0000006606,培训,湖北省委党校,,2005.09,2006.01
闫英姿,0000006606,研究生,北京大学与国家行政学院,公共管理,2008.07,2010.07
闫长青,0000006607,大专, 哈尔滨师范大学,数学,1983.09,1986.07
闫长青,0000006607,本科,省委党校,政治,1991.07,1994.07
闫志强,0000006608,学习,保定商校,物价,1978.04,1980.03
闫志强,0000006608,大专,河北商业专科学校,,1985.09,1987.07
闫志强,0000006608,研究生,中央党校,经济管理,1996.09,1999.07
严伯贵,0000006609,本科,,,,
严朝君,0000006610,中专,海南文昌卫生学校,中医班,1978.11,1981.09
严朝君,0000006610,大专,广东医药学院,卫生事业管理,1985.09,1988.07
严朝君,0000006610,研究生,中央党校,经济管理,1997.09,2000.07
严金静,0000006612,本科,福建农学院,农业经济管理,1979.09,1983.07
严金静,0000006612,培训,省委党校,,1996.08,1997.01
严金静,0000006612,进修,中央党校,,2000.08,2001.01
严金静,0000006612,研究生,中央党校,经管,2001.03,2004.01
严正,0000006617,本科,华南工学院,水利水电建筑工程,1980.09,1984.07
严正,0000006617,博士,河海大学,水资源,2000.09,
严正,0000006617,培训,中央党校,选调生培训班,2005.10,2006.01
严志坚,0000006619,本科,兰州大学,中文,1981.09,1985.07
阎红心,0000006622,大专,河南省安阳师专,物理,1978.09,1981.07
阎红心,0000006622,本科,中央党校,法律,1999.08,2001.12
阎红心,0000006622,研究生,河南省委党校,行政管理,2003.09,2006.06
颜亮,0000006635,学习,韶关大学,汉语言文学,1990.09,1992.07
颜亮,0000006635,本科,华南师范大学,语言文学教育,1995.09,1998.07
颜亮,0000006635,研究生,武汉大学,软件工程,2007.09,2009.06
颜亮,0000006635,培训,广东省委党校,,2013.03,2013.07
颜美斯,0000006636,,华南农学院,,,1980.00
颜祥森,0000006637,本科,黑龙江大学,历史系,1983.08,1987.07
颜祥森,0000006637,进修,哈尔滨工业大学,管理科学与工程,1999.10,2001.03
晏蒲柳,0000006639,本科,华中工学院,自动控制,1980.09,1984.06
晏蒲柳,0000006639,研究生,华中理工大学,计算机控制,1987.09,1990.07
晏蒲柳,0000006639,博士,华中理工大学,通讯与信息系统,1990.07,1994.05
晏世忠,0000006640,研究生,中央党校,,,
燕平,0000006643,本科,渝州大学,企业管理,1981.10,
燕平,0000006643,研究生,四川省委二党校,经济管理,1996.08,1998.06
燕胜三,0000006644,学习,靖远师范学校,,1982.09,1984.07
燕胜三,0000006644,本科,中共中央党校,经济管理,1997.08,1999.12
燕胜三,0000006644,研究生,甘肃省委党校,区域经济开发,2000.09,2003.06
杨爱国,0000006650,本科,河北大学,汉语言文学,1981.09,1985.07
杨爱国,0000006650,研究生,中央党校,科学社会主义,1998.09,2001.07
杨安文,0000006651,本科,中南财经政法大学,产业经济学专业,,
杨安文,0000006651,本科,湖北省第五期中青年干部培训赴美国芝加哥大学,,2006.01,2006.06
杨宝东,0000006652,,,中文,1978.11,1980.11
杨宝东,0000006652,,,在河北农大经济管理,1996.07,1999.06
杨宝东,0000006652,研究生,亚洲（澳门）国际公开大学,工商管理,2002.05,2003.11
杨宝东,0000006652,培训,河北省委组织部在中国人民大学,,2006.09,2006.12
杨宝东,0000006652,研究生,河北省委党校,法学,2003.09,2006.07
杨标,0000006656,学习,中央团校,,1979.02,1979.10
杨标,0000006656,研究生,广东省委党校,经济学,1995.09,1998.07
杨波,0000006660,,安徽中医学院,,,
杨波,0000006661,学习,四川大学成人教育学院,,1996.09,1998.07
杨波,0000006661,大专,四川农业大学,农技管理,2003.09,2006.06
杨伯春,0000006662,大专,鸡西市师范学校,中文,1984.07,1987.07
杨伯春,0000006662,本科,省委党校,经济管理,1994.03,1997.01
杨伯春,0000006662,研究生,省委党校,经济管理,1999.03,2002.03
杨博,0000006663,大专,内蒙古自治区伊克昭盟师范学校,普师,1984.09,1987.07
杨博,0000006663,研究生,内蒙古党校,经济管理,2003.08,2005.12
杨博,0000006663,研究生,华中科技大学,工商管理,2007.04,2009.12
杨灿培,0000006665,研究生,中国科技大学,工商管理科学,1995.09,1998.07
杨超,0000006667,学习,白城师专,中文系,1978.11,1980.06
杨春光,0000006675,研究生,,,,
杨得中,0000006681,大专,张掖农校,农学,1978.09,1981.07 
杨得中,0000006681,大专,中央党校,经济管理,1993.08,1996.06
杨得中,0000006681,本科,中央党校,经济管理,1999.08,2001.12
杨德华,0000006683,大专,黔东南民族农业学校,土肥,1984.09,1987.08
杨德华,0000006683,培训,贵州省委党校中青班,,1999.03,1999.07
杨德华,0000006683,研修,北京大学高级经济研修班,,2000.09,2000.12
杨德华,0000006683,大专,贵州省委党校,经济管理,1995.09,1998.07
杨德华,0000006683,本科,贵州省委党校,法律,2000.09,2003.03
杨德明,0000006685,大专,解放军兽医大学,,,
杨恩维,0000006692,本科,,历史学专业,,
杨发升,0000006693,本科,中央党校,法律,,
杨方成,0000006694,学习,开封市卫校,计财,1980.09,1982.09
杨方成,0000006694,本科,河南省委党校,政治,1988.09,1991.07
杨方成,0000006694,进修,中央党校,经济管理,1993.08,1995.12
杨方成,0000006694,培训,省委党校中青班,,1997.00,
杨福平,0000006695,学习,郑州地质学校,地质学,1981.09,1983.12
杨福平,0000006695,进修,河南省委党校,政治管理,1988.09,1990.07
杨福平,0000006695,研究生,河南省委党校,经济管理,1999.09,2001.07
杨刚,0000006701,本科,北京林业大学,林业经济系财会专业,,
杨根生,0000006702,大专,,,,
杨光杰,0000006704,本科,西南民族学院法律系,法律专业,1987.09,1991.07
杨光杰,0000006704,研究生,西南政法大学,民商法专业,1997.09,1999.07
杨光杰,0000006704,学习,省委党校第23期正处局干班,,2002.09,2002.11
杨光杰,0000006704,研究生,贵州省委党校在职研究生班,政治学专业,2002.09,2005.06
杨光杰,0000006704,学习,贵州省委党校,经济管理专业,2000.09,2003.01
杨光杰,0000006704,学习,浙江大学贵州省少数民族干部公共管理与经济管理高级研修班,,2007.05,2007.11
杨光亮,0000006705,大专,湛江农专,,1977.05,1980.06
杨光亮,0000006705,研究生,广东省委党校,经济学,1995.09,1998.07
杨光亮,0000006705,访问学者,中央党校,,2000.09,2001.07
杨国林,0000006711,学习,天津蓟县师范学校,政文,1973.10,1975.09
杨国林,0000006711,学习,廊坊地委党校,党政,1985.09,1987.07
杨国文,0000006713,,乌兰察布盟财贸学校,,1979.08,1981.07
杨国文,0000006713,本科,中央党校,行政管理,1999.08,2001.12
杨汉华,0000006719,本科,上海铁道学院电气工程系,电力牵引与传动控制专业,,
杨浩明,0000006721,大专,广州市委党校,党政理论,1982.11,1985.07
杨浩明,0000006721,研究生,中山大学,哲学硕士,1993.04,1995.10
杨贺新,0000006722,学习,鹤岗矿务局师范学校,体育,1978.04,1979.08
杨贺新,0000006722,大专,哈师大,中文,1983.08,1985.08
杨贺新,0000006722,本科,黑龙江省委党校,经济管理,1993.03,1996.01
杨贺新,0000006722,研究生,黑龙江省委党校,经济管理,2002.03,2005.01 
杨贺新,0000006722,本科,北京语言大学,语言文学,2007.09,2010.01
杨贺新,0000006722,研究生,哈尔滨工业大学,高级工商管理,2007.12,2010.06
杨宏,0000006725,大专,河北大学,化学系分析,1976.09,1979.12
杨宏,0000006725,研究生,河北省委党校,经济管理,1999.03,2001.07
杨宏伟,0000006726,大专,长江师范学院,中文系,1981.09,1984.07
杨宏伟,0000006726,进修,西南政法大学,经济法,1999.09,2001.09
杨宏伟,0000006726,本科,重庆工商大学,汉语言文学,2000.09,2002.07
杨宏伟,0000006726,研究生,中央党校,法学理论,2003.03,2006.01
杨宏远,0000006729,学习,贵州省镇远县委党校干训班,,1980.12,1982.03
杨宏远,0000006729,学习,贵州民族学院,党政管理专业,1985.09,1987.07
杨宏远,0000006729,学习,贵州省委党校,经济管理专业,1998.09,2001.07
杨宏远,0000006729,本科,清华大学现代公共管理党政干部高级研修班,,2000.10,2001.01
杨洪,0000006730,本科,四川师范学院,汉语言文学,1980.09,1984.08
杨洪,0000006730,研究生,南开大学,世界经济,1998.09,2001.06
杨洪,0000006730,研究生,长江商学院,高级管理人员工商管理,2011.10,2013.10
杨洪波,0000006734,本科,吉林省梨树师范学校,,1985.07,1989.07
杨洪波,0000006734,研究生,,工商管理,,
杨洪俊,0000006735,大专,安顺地委党校,,1985.09,1987.06
杨洪俊,0000006735,本科,贵州省委党校,经济管理,1995.09,1998.07
杨洪俊,0000006735,进修,贵州大学,经济管理,1998.09,2000.07
杨洪俊,0000006735,进修,清华大学,现代公共管理,1999.10,2000.01
杨洪俊,0000006735,培训,省委党校第三十二期地厅级领导干部进修班,,2007.09,2007.11
杨华维,0000006738,研究生,中央党校,,1983.09,
杨华云,0000006739,学习,邯郸地区农业学校,农学,1980.09,1982.09
杨华云,0000006739,培训,河北省委党校理论班,,1985.09,
杨华云,0000006739,培训,省行政学院第十五期县长班,,1995.09,1995.12
杨华云,0000006739,培训,中央函授学院,经济管理,1995.08,1997.12
杨华云,0000006739,研究生,省委党校,经济管理,1999.09,2001.12
杨继,0000006743,本科,郑州大学,货币银行学,1993.09,1997.09
杨继,0000006743,研究生,北京科技大学,企业管理硕士,1998.07,2001.09
杨继,0000006743,博士,北京大学,政治经济学博士,2001.09,2004.08
杨继,0000006743,博士后,复旦大学,,2004.08,2006.08
杨继军,0000006745,本科,甘肃农业大学,畜牧,1979.08,1983.07
杨继军,0000006745,进修,兰州大学,区域经济管理,1996.09,1998.07
杨杰,0000006750,学习,廊坊地区工业学校,机械制造专业,1979.09,1982.03
杨杰,0000006750,学习,省委党校党政干部函授学院,,1985.09,1988.07
杨杰,0000006750,学习,中央党校,党政专业,1996.08,1998.12
杨杰,0000006750,研究生,中央党校,科学社会主义专业,1999.09,2002.07
杨金泉,0000006754,学习,中央党校,经济管理专业,1993.09,1996.07
杨金泉,0000006754,本科,中央党校,经济管理专业,2000.09,2002.07
杨金泉,0000006754,研究生,省委党校,工商管理专业,2006.09,2009.06
杨军,0000006762,研究生,南开大学,经济学专业,1993.09,1996.08
杨军,0000006762,培训,中央党校,,2002.03,2003.01
杨军,0000006762,博士,北京大学,金融学专业,1999.09,2003.07
杨军安,0000006763,本科,,,,
杨君,0000006765,大专,中央党校,经济管理专业,1995.08,1998.06
杨君,0000006765,本科,中央党校,经济管理专业,1998.08,2000.12
杨君,0000006765,研究生,西北师范大学,区域管理与政策业,2000.07,2002.07
杨君,0000006765,研究生,甘肃省委党校,专门史,2001.09,2003.06
杨君,0000006765,本科,兰州大学,自学考试项目管理,2010.01,2011.12
杨俊,0000006768,学习,北京电子技术学校,计算机专业,1981.06,1982.07
杨俊,0000006768,大专,北京电子专科学校干部专修科,计算机专业,1985.09,1987.07
杨俊,0000006768,本科,贵州省委党校,经济管理专业,1999.09,2002.03
杨俊,0000006768,学习,上海同济大学县市长城市规划管理培训班,,2004.10,2004.11
杨俊,0000006768,学习,黔东南州广播电视大学公务员通用能力培训班,,2006.05,2006.06
杨俊,0000006768,学习,贵州省委党校全省县委书记培训班,,2007.03,2007.04
杨俊,0000006768,学习,贵州省委党校地厅班,,2010.08,2010.01
杨林,0000006771,大专,西安冶金建筑学院,建筑管理,1989.09,1992.12
杨林,0000006771,大专,四川建筑职大,建筑企业经营管理,1998.09,2001.01
杨林,0000006772,研究生,陕西省委党校,经济管理专业,1997.09,2000.07
杨玲,0000006773,培训,贵州省委党校,,2004.10,2004.12
杨玲,0000006773,培训,贵州省委党校,,2006.03,2006.05
杨玲,0000006773,培训,中央党校,,2008.06,2008.07
杨玲,0000006773,培训,中国外交学院,,2009.01,2010.01
杨玲,0000006773,培训,新加坡国立大学,,2010.02,2011.01
杨玲,0000006773,本科,贵州民族学院,历史,,
杨龙,0000006774,专科,铜陵财专,中文,1982.09,1984.07
杨龙,0000006774,中专,铜陵市经济管理职业中专学校,,1984.07,1987.03
杨龙,0000006774,本科,中央党校,经济管理,1992.08,1994.12
杨龙,0000006774,学习,铜陵市委党校,,1993.09,1994.02
杨龙,0000006774,学习,安徽省委党校,,2001.03,2001.05
杨龙,0000006775,大专,兰州商学院,会计,1997.09,2000.06
杨龙,0000006775,本科,兰州大学,经济管理,1998.09,2000.12
杨猛,0000006778,本科,河北医科大学,预防医学,,
杨猛,0000006778,研究生,北京理工大学,,,
杨明达,0000006780,本科,贵州大学,哲学专业,1975.09,1978.09
杨明达,0000006780,函授,贵州省委党校,法律,2000.09,2002.01
杨明晋,0000006781,研究生,菲律宾安吉尔斯大学,工商管理,,
杨明忠,0000006783,专科,信阳师范学校,普师,1980.10,1982.07
杨明忠,0000006783,本科,中国青年政治学院,政治教育,1985.09,1987.07
杨明忠,0000006783,研究生,河南农业大学,农业推广,2007.03,2009.06
杨频,0000006786,本科,贵州大学,牧医系,,1982.00
杨频,0000006786,研究生,贵州大学,经济教育,,
杨评防,0000006787,本科,新疆石河子农学院,农田水利工程,1985.09,1989.09
杨秋光,0000006791,大专,韶关市委党校,,1985.09,1988.07
杨柔彦,0000006795,本科,中山大学,汉语言文学,,
杨胜,0000006805,大专,武汉大学,工商行政管理,1987.09,1990.06
杨胜,0000006805,本科,中央党校,党政管理,1997.08,1999.12
杨胜勇,0000006807,本科,贵州农学院,农学专业,1979.08,1983.07
杨胜勇,0000006807,研究生,省委党校,,,
杨胜忠,0000006808,本科,河北机电学院,,1978.03,1982.03
杨胜忠,0000006808,专科,邯郸农业高等专科学校,农学,1996.07,1999.07
杨世洪,0000006810,本科,华中师范大学,汉语言文学,1978.09,1982.08
杨世洪,0000006810,培训,湖北省委党校,,1987.09,1988.03
杨世洪,0000006810,,湖北省经济干部管理学院,企业经济,1990.09,1993.09
杨双桥,0000006818,,河北师范大学,地理,1982.08,1986.07
杨双桥,0000006818,研究生,省委党校,经管,1999.09,2001.12
杨思涛,0000006819,大专,广东石化高等专科学校,轮机管理,1982.09,1985.07
杨思涛,0000006819,本科,镇江水产学院夜大,电子技术专业,1989.09,1992.07
杨思涛,0000006819,研究生,中国社会科学院,企业管理,1996.01,1998.03
杨彤,0000006826,本科,郑州大学,中文系,1985.08,1989.08
杨维超,0000006827,大专,广西区直属机关干部业余大学,中文秘书,1988.07,1991.07
杨维超,0000006827,本科,中央党校,经济管理,1995.08,1997.12
杨维超,0000006827,学习,南宁市委党校,,1997.09,1997.12
杨维超,0000006827,研究生,广西大学,科学技术哲学,1999.09,2001.06
杨维超,0000006827,进修,广西自治区党委党校,,2003.03,2003.05
杨维超,0000006827,学习,广西自治区党委党校,,2005.09,2006.01
杨维杰,0000006828,培训,福建省委党校,,1956.07,1967.00
杨维俊,0000006829,,甘肃省委党校,行政管理,1985.09,1987.08
杨维俊,0000006829,本科,中央党校,经济管理,1995.09,1997.08
杨维俊,0000006829,研究生,西南农业大学,经济管理,1999.09,2001.07
杨维俊,0000006829,培训,中央党校,,2001.09,2002.01
杨维俊,0000006829,研究生,甘肃省委党校,公共管理,2008.09,2011.06
杨文华,0000006835,大专,廊坊地区财贸学校,计统,1979.03,1981.01
杨文华,0000006835,本科,,法律,1997.06,
杨文堂,0000006836,本科,中央党校,,,
杨武,0000006838,研究生,省委党校,区域经济开发史专业,2005.09,2008.05
杨向玲,0000006843,本科,华中师范大学,物理,,1965
杨骁,0000006844,本科,河南师范大学,政教,1989.09,1993.06
杨骁,0000006844,,中央党校,法学理论,1995.09,1998.03
杨小丽,0000006845,,甘肃省财贸学校,,1978.09,1980.07
杨小明,0000006846,大专,市委党校,,1985.09,1986.07
杨小明,0000006846,研究生,广东省委党校,经济管理,1994.09,1997.07
杨小明,0000006846,培训,广东省委党校,,2001.03,2001.07
杨小明,0000006846,培训,广东省委党校,,2005.10,2005.12
杨晓和,0000006848,本科,河北大学,数学专业,1982.09,1986.08
杨晓和,0000006848,研究生,新加坡南洋理工大学,管理经济学,2000.07,2001.06
杨心培,0000006851,,北京大学,,1932.00,
杨兴友,0000006858,大专,贵州民族学院,党政管理,,
杨兴友,0000006858,本科,中央党校,党政管理,,
杨兴友,0000006858,研究生,武汉大学,软件工程（电子政务）,,
杨雄,0000006859,研究生,中国社会科学院,,,1985.07
杨秀锡,0000006862,本科,贵州农学院,林学,,
杨彦峰,0000006865,本科,贵州农学院,蔬菜,1978.09,1982.02
杨彦峰,0000006865,函授,贵州省委党校,经济管理,1989.09,1992.07
杨彦峰,0000006865,研究生,南开大学,企业管理,1996.09,1999.07
杨彦峰,0000006865,本科,云南大学,,1996.00,2000.00
杨彦峰,0000006865,研究生,云南师范大学,,2001.00,2004.00
杨彦峰,0000006865,博士,中山大学,,2004.00,2008.00
杨雁文,0000006866,学习,广东省仲恺农业学校,农作专业,1979.09,1982.08
杨雁文,0000006866,本科,华南农业大学,农学专业,1983.09,1986.08
杨雁文,0000006866,研究生,中共广东省委党校,经济学专业,1997.09,2000.07
杨雁文,0000006866,本科,中山大学管理学院,高级管理人员工商管理专业,2008.10,2010.12
杨耀初,0000006868,大专,广东省委党校,,1985.08,1988.09
杨耀初,0000006868,进修,中央党校,,2003.09,2004.01
杨业峰,0000006869,本科,安徽农学院,农业机械,1979.09,1983.08
杨业峰,0000006869,培训,宣城地委党校,,1995.09,1996.12
杨业峰,0000006869,培训,安徽省委党校,,2004.03,2004.07
杨义宝,0000006871,专科,保定师范专科学校,化学,1979.11,1981.11
杨义宝,0000006871,研究生,省委党校,经济管理,2000.09,2003.07
杨艺文,0000006872,博士,北京大学,法律,,
杨英锋,0000006878,本科,郑州大学,新闻,,1995.06
杨英锋,0000006878,,河南省委党校,经济,1994.09,1996.12
杨永英,0000006886,专科,贵州省黔南民族行政管理学校,行政管理,1983.12,1985.11
杨永英,0000006886,专科,贵州民族学院,行政管理,1990.09,1992.07
杨永英,0000006886,研究生,贵州省委党校,法律,1997.09,2000.07
杨永英,0000006886,研究生,中国社会科学院,国民经济,2000.12,2002.12
杨勇,0000006890,研究生,浙江省委党校,,,
杨勇义,0000006891,本科,北京商学院,,,
杨尤光,0000006892,本科,贵州大学,分析化学,,
杨增能,0000006905,本科,华中科技大学,,1984.09,1988.07
杨正国,0000006910,大专,贵阳师范学院,物理,1975.09,1978.09
杨正国,0000006910,本科,省委党校,,,
杨正晓,0000006913,研究生,中央党校,,,
杨志明,0000006915,本科,汕头大学中文系,秘书专业,1986.09,
杨志明,0000006915,本科,省委党校,行政管理专业,1997.09,1999.12
杨志伟,0000006916,本科,佳木斯工学院,,1978.00,1982.00
杨智,0000006919,本科,西南民族学院历史系,,,
姚辉,0000006930,研究生,省委党校,,,
姚进忠,0000006932,大专,解放军西安政治学院,哲学,1979.08,
姚卿,0000006937,专科,克山师范专科学校,数学,1980.09,1983.07
姚卿,0000006937,学习,省委党校,,1988.05,1988.07
姚卿,0000006937,本科,省委党校,经济管理,1996.03,1999.01
姚卿,0000006937,培训,市委党校,,1998.03,1998.06
姚卿,0000006937,研究生,省委党校,经济管理,2002.03,2005.01
姚信敏,0000006942,本科,江西大学,法学,1988.09,1992.08
姚信敏,0000006942,研究生,中山大学,经济法学,1994.09,1997.07
姚幸福,0000006943,本科,河北师范学院,中文,1990.00,
姚幸福,0000006943,研究生,河北大学,,,
姚幸福,0000006943,博士,河北大学,,,
姚奕生,0000006947,本科,华南农业大学,资源环境,1983.09,1987.07
姚奕生,0000006947,研究生,广东省委党校,经济管理,2000.09,2003.04
姚奕生,0000006947,访问学者,美国马里兰大学,,2004.09,2005.09
姚奕生,0000006947,博士,中山大学,行政管理,2008.00,
叶丛,0000006955,学习,中国人民大学,,1988.09,1990.07
叶丛,0000006955,本科,武汉大学,法学,1996.04,1999.06
叶丛,0000006955,进修,北京师范大学,行管,2002.09,2004.09
叶丛,0000006955,培训,国家行政学院,,2006.12,2006.12
叶德恩,0000006956,本科,贵州省委党校,经济管理,,1995.07
叶家松,0000006961,研究生,中央党校,,,
叶建,0000006962,本科,安徽农业大学,畜牧兽医专业,1980.09,1984.07
叶建,0000006962,培训,安徽省委党校,,2002.03,2002.12
叶建,0000006962,研究生,安徽省委党校,经济管理,2002.09,2005.07
叶解春,0000006964,大专,广东省委党校,经济管理,1989.09,1992.07
叶民辉,0000006969,本科,华南理工大学,,,1982.00
叶牛平,0000006971,本科,安徽大学,文秘档案,1985.09,1989.07
叶牛平,0000006971,研究生,中山大学,中国近现代史,1989.07,1992.07
叶锐,0000006972,大专,广东省人民警察学校,,1985.09,1987.07
叶锐,0000006972,大专,中国人民公安大学,公安管理,"1999,12",
叶锐,0000006972,本科,广东省委党校,行政管理,2001.09,2003.12
叶锐,0000006972,培训,广东省委党校,,2003.09,2003.12
叶树养,0000006975,学习,广州市经济管理干部学院,政治,1985.09,1987.07
叶树养,0000006975,大专,广州电大,法律,1989.04,1991.01
叶树养,0000006975,研究生,中央党校,国际政治,2003.03,2005.01
叶贤林,0000006979,学习,黄石财经学校,工业会计,1980.10,1982.09
叶贤林,0000006979,大专,中南财经大学,工业会计,1984.09,1987.07
叶贤林,0000006979,本科,武汉理工大学,工商管理,1998.09,2001.07
叶贤林,0000006979,学习,湖北省行政学院,,1999.08,1999.11
叶战平,0000006984,学习,清华大学,,1949.00,1950.00
叶兆泉,0000006985,研究生,,,,
叶振云,0000006986,中专,老隆师范学校,,1980.09,1982.07
叶振云,0000006986,自考,华南师范大学,政治理论,1984.00,1987.00
叶振云,0000006986,研究生,广东省委党校,经济学,,
伊欣欣,0000006991,研究生,锦州市委党校,,,
易敬典,0000006994,大专,广东省委党校,,1985.03,1988.03
易敬典,0000006994,培训,广东省委党校,,1991.04,1991.06
易敬典,0000006994,培训,广东省委党校,,1995.08,1995.10
殷立君,0000007002,大专,邯郸师专,化学,1979.09,1981.09
殷立君,0000007002,函授,河北省教育学院,行政管理,1985.09,1988.09
殷立君,0000007002,研究生,北京大学,经济管理,2003.09,2004.10
殷立君,0000007002,研究生,清华大学,区域经济发展,2008.02,2009.02
尹君,0000007010,学习,淮阳师范,,1982.09,1985.07
尹俊营,0000007012,学习,中央农业管理干部学院,,1987.08,1989.06
尹俊营,0000007012,研究生,省委党校,政治管理,2004.09,2007.06
尹牧,0000007015,本科,吉林大学,价格学,1987.09,1991.07
尹全峰,0000007016,本科,河北农大,蔬菜,1980.09,1984.07
尹忠,0000007019,本科,江西大学,法律,1985.09,
尹忠,0000007019,学习,赣州市委党校,,2005.11,2006.01
尹忠,0000007020,大专,内江师专,化学,1986.09,1989.07
尹忠,0000007020,学习,内江市委党校,,2001.03,2004.12
尹忠,0000007020,本科,四川省委党校,经管,2002.09,2004.12
应代明,0000007022,学习,湖北省委党校,,1983.09,1985.04
应代明,0000007022,学习,中央党校,,1993.03,1994.07
应代明,0000007022,研究生,中央党校,哲学,1993.06,1995.01
应杰苗,0000007023,学习,安徽省委党校青干班,,1990.09,1991.02
尤猛军,0000007024,大专,华东政法学院,法律,1982.09,1985.07
尤猛军,0000007024,培训,福建省委党校,,1997.02,1997.07
尤猛军,0000007024,本科,中央党校,党政管理,1997.08,1999.12
游盼景,0000007026,中学,冀鲁豫边区抗日第三中学,,1945.00,
游盼景,0000007026,学习,冀鲁豫军区随营学校,,1947.08,
于宝华,0000007029,专科,杨村师范,,1978.09,1980.08
于宝华,0000007029,本科,天津广播电视大学,中文,1979.10,1982.08
于宝华,0000007029,研究生,中国人民大学,政治经济学,1993.05,1996.06
于宸,0000007030,大专,大庆石油学校,采油工程,1982.10,1985.07
于宸,0000007030,本科,黑龙江大学,中文,1991.09,1994.07
于宸,0000007030,学习,中央党校,经济管理,1995.07,1997.12
于宸,0000007030,研究生,黑龙江大学,古代文学,2001.09,2003.09
于建庄,0000007041,本科,河南大学,数学,1978.10,1982.07
于建庄,0000007041,研究生,河南大学,马克思主义哲学,1996.09,1999.06
于林,0000007044,大专,新疆生产建设兵团党校,理论,1988.09,1990.07
于林,0000007044,学习,兵团党校,,1996.05,1997.01
于林,0000007044,本科,中央党校,领干班经济管理,1999.08,2001.12
于林,0000007044,本科,兵团广播电视大学,,2003.09,2005.06
于林,0000007044,研究生,兵团党校,经济管理,2006.08,2009.07
于明海,0000007046,大专,黑河师专,数学,1982.07,1985.07
于明海,0000007046,本科,东北师范大学,数学,1986.07,1989.07
于明海,0000007046,EMBA,哈尔滨工业大学,,2006.04,2008.06
于勇,0000007056,本科,安徽工学院,工业自动化,1979.08,"1983,08"
于勇,0000007056,研究生,中国科学技术大学,行政管理,2007.09,2010.12
于勇,0000007056,进修,中央党校,,2011.11,2011.12
于长海,0000007058,大专,牡丹江农校,,1978.02,1979.08
于长海,0000007058,学习,黑龙江省委党校,,1983.12,1987.08
余春存,0000007062,,华师,政治教育,1990.09,1995.06
余春存,0000007062,本科,中央党校,经管,1996.08,1998.12
余德芳,0000007063,本科,湖北农学院,园艺,1997.09,2001.07
余广东,0000007064,,河南省云阳中医中药学校,,1983.09,1986.07
余广东,0000007064,大专,河南大学,汉语言文学,1989.04,1990.12
余广东,0000007064,本科,河南大学,汉语言文学,1990.12,1993.06
余国平,0000007065,大专,中山大学,汉语言文学,1986.09,1989.06
余国平,0000007065,,华南理工大学,统及其自动化,1995.10,1997.01
余宏汉,0000007066,大专,芜湖教育学院,中文专业,1983.10,1986.12
余宏汉,0000007066,研究生,中国社科院,城市经济专业,1995.09,1998.09
余宏汉,0000007066,培训,省委党校中青年干部培训班,,2004.09,2004.12
余宏汉,0000007066,研究生,安徽省委党校,法学专业,2010.08,2013.07
余晖鸿,0000007067,大专,深圳市委党校,管理,1984.09,1986.07
余建地,0000007068,本科,福建林学院,林学,1984.09,1988.07
余建地,0000007068,研究生,厦门大学,行政管理,1997.09,2000.11
余建堂,0000007069,,湖北省麻城师范,,1979.09,1981.07
余建堂,0000007069,研究生,湖北省委党校,党建,2000.09,2003.07
余显强,0000007074,本科,贵州农学院,农业经济,1982.09,1986.08
余显强,0000007074,培训,安顺地委党校,,1999.09,1999.11
余学强,0000007078,本科,贵阳师范学院,汉语言文学,1978.00,1982.00
余学武,0000007079,,黄冈地区农业学校,蚕桑,1981.09,1983.08
余学武,0000007079,专科,华中师范大学,政治教育,,1991.12
余学武,0000007079,本科,华中师范大学,政治教育,,1995.06
余学武,0000007079,研究生,湖北省委党校,政治学党建,1997.09,2000.07
余忠勇,0000007086,本科,,,,
余遵义,0000007087,本科,贵州广播电视大学,汉语言文学,1982.09,1985.09
余遵义,0000007087,研究生,贵州大学,政治学与行政学,2002.09,2004.07
虞德海,0000007093,学习,清华大学、耶鲁大学,,2012.06,
玉云峰,0000007095,大专,右江民族师专英语系,,1987.09,1991.07
喻永锡,0000007098,,天津轻工业学院,,1964.00,
袁宝成,0000007101,本科,西南政法大学,法律,1982.09,1986.09
袁宝成,0000007101,研究生,西南政法大学,民事诉讼法,1986.09,1988.07
袁宝成,0000007101,学习,国家行政学院,,2003.03,2003.06
袁宝钢,0000007102,本科,,,,
袁超洪,0000007106,,成都地质学院,矿产,,
袁德芳,0000007108,本科,湖北民族学院,汉语言文学,1989.09,1993.07
袁德芳,0000007108,研究生,湖北大学,公共管理,2005.09,2008.06
袁德芳,0000007108,进修,湖北省委党校,,2006.09,2006.11
袁德芳,0000007108,培训,,,2011.04,2011.06
袁东升,0000007109,本科,中南民族学院,化学,1985.09,1989.09
袁东升,0000007109,研究生,华中师范大学,有机化学,1989.09,1992.07
袁东升,0000007109,学习,广西区委党校,,2007.03,2007.07
袁东升,0000007109,博士,华中师范大学,政府经济学,2005.09,2010.12
袁桂扬,0000007116,大专,广东省花县师范学校,,1979.09,1981.08
袁桂扬,0000007116,学习,中央团校,,1987.11,1988.01
袁桂扬,0000007116,本科,广州广播电视大学,,1986.09,1999.07
袁桂扬,0000007116,研究生,广州省委党校,经济学,1996.09,1999.07
袁锦权,0000007119,大专,肇庆农业学校,农学,1978.09,1981.08
袁锦权,0000007119,学习,广东省委党校,,1993.09,1993.12
袁锦权,0000007119,学习,广东省委党校,,1996.03,1996.07
袁锦权,0000007119,研究生,广东省社科院,经济学,1999.09,2002.07
袁锦权,0000007119,培训,中央党校,,2007.09,2008.01
袁三军,0000007129,本科,河南省委党校,法律,2008.09,2012.10
袁善谋,0000007130,研究生,湖北省委党校,行政管理,1996.09,1999.07
袁善谋,0000007130,培训,湖北省委党校,,2002.03,2002.12
袁善谋,0000007130,,武汉师范学院,,1982.00,
袁尚勇,0000007131,学习,黔东南州财贸学校,会计专业,1983.09,1985.07
袁尚勇,0000007131,学习,黔东南州委党校干部轮训班,,1995.08,1996.01
袁尚勇,0000007131,大专,贵州财经学院,会计专业,1986.10,1995.12
袁尚勇,0000007131,培训,贵州大学工商管理培训班,,2000.10,2001.01
袁尚勇,0000007131,学习,贵州省委党校中青班,,2002.09,2003.01
袁尚勇,0000007131,本科,贵州省委党校,法律专业,1998.09,2001.06
袁尚勇,0000007131,研究生,贵州大学,经济管理专业,2002.09,2004.07
袁尚勇,0000007131,研究生,西南大学经济管理学院,农业推广,2007.10,2010.12
袁尚勇,0000007131,进修,国家行政学院县长进修班,,2008.05,2008.06
袁尚勇,0000007131,进修,香港金融管理学院贵州省现代金融知识研修班,,2010.08,2010.09
袁尚勇,0000007131,培训,中央党校县委书记任职培训班,,2011.11,
袁志刚,0000007137,,张北师范学校,,1980.08,1982.08
袁志刚,0000007137,,河北师范大学,政教,1984.09,1989.08
袁志刚,0000007137,研究生,中央党校,理论部科学社会主义,1989.08,1993.03
岳兴平,0000007149,本科,湖北财经学院,农业经济,1980.09,1984.07
岳兴平,0000007149,进修,湖北省委党校,,2000.04,2000.07
岳兴平,0000007149,培训,中央党校,,2007.01,2007.01
臧侃,0000007156,培训,贵州省委党委,,2001.03,2001.06
臧侃,0000007156,研修,美国加利福尼亚州圣何塞州立大学,,2007.12,2008.06
扎西,0000007160,学习,国家法官学校,法学,1989.08,1991.08
翟彦,0000007165,大专,贵州广播电视大学,中文,1982.09,1985.07
翟彦,0000007165,函授,贵州省委党校,经济管理,1997.09,2000.05
翟彦,0000007165,进修,中国人民大学,国民经济学,1999.08,2001.07
翟应征,0000007167,,郑州工学院,电气自动化,1976.09,1979.09
翟中州,0000007170,本科,河南师范大学,政治教育,1980.08,1984.07
翟中州,0000007170,培训,开封市委党校,,2000.04,2000.07
翟中州,0000007170,学习,河南省委党校,,2002.09,2002.12
詹顺舟,0000007173,本科,兰州大学,行政管理,1986.08,1990.06
詹顺舟,0000007173,研究生,兰州大学,行政管理,2007.09,
詹玉锋,0000007177,进修,中央党校,,2004.03,2004.07
詹玉锋,0000007177,研究生,中央党校,法学理论,2004.09,2006.07
占堆,0000007179,学习,江苏南京财会大学,会计,1993.09,
占堆,0000007179,学习,中央党校,县处级民族理论学习班,2005.03,2007.07
张爱国,0000007182,大专,湖北林业学校,林业,1980.09,1982.08
张爱国,0000007182,研究生,华中师范大学,政治经济学,1997.09,2001.01
张邦平,0000007184,大专,四川大学,行政管理,1988.09,1991.07
张邦平,0000007184,本科,西南师范大学,经济管理,1993.09,1996.07
张邦平,0000007184,研究生,重庆市委党校,区域经济管理,1998.03,2001.03
张保成,0000007188,本科,安徽师范大学,历史,1982.09,1986.07
张保成,0000007188,研究生,安徽省委党校,行政管理专业,2003.09,2006.07
张保香,0000007191,函授,河南大学,秘书,1988.09,1990.07
张保香,0000007191,本科,中央党校,经济管理,1994.09,1996.12
张备,0000007192,本科,中国青年政治学院,青年思想教育,1987.09,1991.08
张备,0000007192,博士,武汉大学,行政管理,2005.09,2010.06
张本强,0000007194,本科,贵州工学院,工业与民用建筑,1981.09,1985.08
张本强,0000007194,学习,安顺市委党校,,2001.07,2001.10
张本强,0000007194,培训,武汉大学安顺市县级干部及后备干部综合知识培训班,,2002.10,2002.12
张本强,0000007194,研究生,云南大学,软件学院,2009.03,2010.12
张斌,0000007199,研究生,,,,
张灿民,0000007209,学习,厦门大学,行政管理,1999.09,2002.07
张常喜,0000007214,函授,中央党校,经济,1994.08,1996.12
张常喜,0000007214,函授,河北省委党校,行政管理,1994.09,1997.07
张畅钰,0000007215,,庆阳师范,,1981.09,
张畅钰,0000007215,大专,甘肃省高等教育自学考试政治理论专业,政治理论,1986.04,1989.12
张畅钰,0000007215,本科,甘肃省委党校,行政管理,1996.09,1998.12
张畅钰,0000007215,研究生,甘肃省委党校,区域经发史,1998.09,2001.06
张臣良,0000007220,学习,邯郸市农业学校,农学,1979.00,1982.00
张成刚,0000007222,学习,贵州省委党校,,1998.03,1998.07
张成刚,0000007222,本科,中央党校,党政管理,1996.08,1998.12
张成刚,0000007222,学习,黔西南州委党校,,2006.03,2006.05
张传胜,0000007236,研究生,广东省委党校,,,
张春香,0000007239,培训,河南省委党校,,2001.03,2001.07
张春香,0000007239,学习,中央党校,,2002.09,2003.01
张春香,0000007239,培训,郑州市委党校,,1991.03,1991.07
张春香,0000007239,博士,华中科技大学,经济管理,2008.09,
张聪智,0000007242,本科,,,,
张大力,0000007244,本科,北京大学,哲学系专业,1978.01,
张道洲,0000007247,学习,农民干部学校,,1951.00,
张定超,0000007257,本科,贵州农学院,农业经济管理,1989.09,1993.07
张东海,0000007259,本科,同济大学,工程地质,1980.09,1984.07
张东海,0000007259,培训,建设部干部学院,,1991.06,1992.05
张东海,0000007259,进修,东南大学,管理科学与工程,2000.09,2002.07
张东海,0000007259,学习,江苏省第八期高级管理人才经济研究班,,2004.09,2004.12
张二江,0000007266,本科,武汉大学,历史,1978.00,1982.00
张帆,0000007269,学习,职参加潮州电大工业,企业管理专业,1983.09,1986.07
张帆,0000007269,本科,省委党校,经济管理专业,1995.09,1997.12
张帆,0000007269,学习,省委党校中青班,,1998.09,1998.12
张帆,0000007269,研究生,省委党校,党建专业,1999.09,2002.07
张帆,0000007269,学习,省委党校县处级班,,2002.09,2002.12
张飞飞,0000007270,本科,安徽劳动大学,经济,1978.11,1982.02
张飞飞,0000007270,学习,省委党校,,2000.03,2000.05
张飞飞,0000007270,研究生,中国科技大学,行政管理,2005.09,2008.12
张凤国,0000007275,学习,河北冀县师范学校,,1986.09,1989.07
张凤国,0000007275,学习,河北电大,金融专业,1991.09,1994.09
张凤国,0000007275,函授,中央党校,经济管理,1884.08,1996.12
张凤国,0000007275,研究生,河北省委党校,经管,2000.09,2003.07
张凤国,0000007275,培训,中国人民大学,,2006.03,2006.09
张富杰,0000007278,本科,贵州大学,哲学,1982.09,1986.07
张富杰,0000007278,进修,中南财经大学,政治经济学,1995.10,1998.06
张富杰,0000007278,学习,贵州省委党校,,2004.09,2004.11
张富杰,0000007278,培训,上海同济大学,,2008.06,2008.07
张富杰,0000007278,进修,武汉理工大学,产业经济学,2005.10,2007.06
张富杰,0000007278,博士,武汉理工大学,经济学,,2009.12
张富治,0000007280,大专,百泉农专,植保,1980.09,1983.07
张富治,0000007280,学习,河南省委党校,,2004.02,2004.06
张富治,0000007280,研究生,河南省委党校,行政管理,2004.09,2007.06
张富治,0000007280,研究生,河南财经学院,经济学,,2007.06
张歌莺,0000007282,专科,湖北省郧阳地区财校,,1979.09,1981.10
张歌莺,0000007282,大专,湖北省十堰市电大,企管,1983.07,1986.07
张歌莺,0000007282,学习,华师大,思想政治教育,1990.07,1993.07
张歌莺,0000007282,学习,华工科技,哲学,1999.07,2002.07
张根生,0000007286,,南江师范学校,,1980.09,1982.07
张根生,0000007286,大专,四川师范大学,汉语言文学,,1990.06
张根生,0000007286,本科,四川省委党校,函授经济管理,1994.09,1996.12
张根生,0000007286,研究生,中央党校,经济管理,2002.09,2005.07
张耕,0000007287,本科,安徽大学,经济学,1984.09,1988.09
张耕,0000007287,研究生,云南大学,经济史,1988.09,1991.09
张耕,0000007287,博士,中国社会而科学院,中国经济史,1991.09,1994.07
张更利,0000007288,大专,东北财政大学,财政税务,1984.08,1987.08
张更利,0000007288,本科,哈尔滨工业大学,财务管理专业,1989.08,1991.08
张更利,0000007288,研究生,黑龙江大学,经济管理,1997.08,1999.08
张更利,0000007288,研究生,黑龙江省委党校,经济管理,2000.08,2002.08
张更利,0000007288,博士,哈尔滨工业大学,市政工程,2010.04,
张光明,0000007293,研究生,广东省委党校,经济学,1994.09,1997.07
张光清,0000007294,大专,中南财经大学,法律,1981.02,1984.03
张光清,0000007294,培训,中国人民公安大学,,1996.05,1996.06
张光清,0000007294,研究生,湖北省委党校,行政管理,1995.09,1998.07
张贵林,0000007300,研究生,中国农业机械化科学研究院,,,
张桂芳,0000007301,大专,华南农业大学,,1982.09,1984.06
张桂芳,0000007301,,广东省委党校,,1999.06,
张桂芳,0000007301,学习,中组部省级干部依法行政专题研究班,,2001.09,
张桂芳,0000007301,学习,省、县、市领导干部海洋与渔业研讨班,,2002.07,
张桂芳,0000007301,培训,广东省领导干部法律专业培训班,,2006.05,
张桂洪,0000007302,,广东省委党校,,,
张桂华,0000007303,,湖北省林业学校,,1979.09,1981.09
张桂华,0000007303,,中央党校,经济管理,1999.09,1999.09
张桂华,0000007303,研究生,湖北省委党校,法学,2002.07,2004.09
张国栋,0000007307,大专,蓟县师范学校,政文,1973.09,1975.09
张国栋,0000007307,函授,河北大学,中文,1983.09,1986.07
张国栋,0000007307,学习,河北省委党校,,1988.03,1988.06
张国栋,0000007307,学习,中国社会科学院,政治经济学,1999.09,2001.10
张国君,0000007320,本科,省委党校,经济管理,1997.03,2000.01
张国平,0000007325,研究生,,,,
张国伟,0000007331,大专,河南师范专科学校,数学,1979.09,1982.08
张国伟,0000007331,学习,河南省委党校,,1993.02,1993.07
张国伟,0000007331,学习,河南省委党校,,1995.09,1995.12
张国伟,0000007331,研究生,河南省委党校,行政管理,1995.07,1999.02
张国伟,0000007331,,河南省委党校,,1999.03,1999.07
张国文,0000007332,本科,省委党校,经济管理专业,,
张国晓,0000007333,研究生,中国政法大学,,,
张国一,0000007334,大专,甘肃省平凉农业学校,植保,1980.09,1983.07
张国一,0000007334,函授,中央党校,党政管理,1989.09,1992.06
张国一,0000007334,研究生,中央党校,党史党建,1998.09,2001.05
张帼英,0000007335,大专,,,,
张汉平,0000007348,研究生,,,,
张瀚时,0000007350,学习,贵州省织金师范,,1984.09,1987.08
张瀚时,0000007350,大专,贵州大学,行政管理,1992.09,1994.07
张瀚时,0000007350,研究生,贵州省委党校,经济学,2001.09,2004.06
张行斌,0000007351,大专,鸡西煤矿技工学校,机械化采煤,1983.09,1986.09
张行斌,0000007351,本科,哈尔滨师范大学,汉语言文学,1988.08,1997.12
张行斌,0000007351,本科,中央党校,经济管理,1993.08,1995.12
张行斌,0000007351,本科,黑龙江大学,律师,1994.09,2005.06
张行斌,0000007351,研究生,黑龙江省委党校,经济管理,2003.03,2006.01
张行斌,0000007351,研究生,东北林业大学,农业推广,2006.05,2008.12
张行斌,0000007351,博士,东北林业大学,林业经济管理,2009.09,2013.12
张浩,0000007353,本科,河北师范大学,物理,1978.09,1982.07
张浩,0000007353,进修,河北大学,经济,1998.06,2000.06
张浩,0000007354,,高州农业技术学校,,1982.09,1984.07
张浩,0000007354,大专,广东省委党校,政治,1988.03,1991.02
张浩然,0000007355,本科,西南林学院,经济林,1988.09 ,1992.07 
张荷红,0000007359,,邯郸师范,英语,1982.09,1985.09
张荷红,0000007359,函授,中央党校,政治,1992.08,1994.12
张荷红,0000007359,进修,市委党校,,2002.09,2002.12
张荷红,0000007359,,河北工业大学,成人教育工商管理,2005.03,2007.01
张荷红,0000007359,研究生,省委党校,经济管理,2001.09,2004.07
张荷红,0000007359,研究生,河北工业大学,工商管理,2008.09,2011.01
张宏,0000007362,本科,,,,
张华,0000007373,研究生,,,,
张华,0000007374,本科,中央党校,,1997.09,1999.07
张华,0000007374,研究生,,,2000.09,2002.07
张华波,0000007375,大专,河北农业大学,畜牧兽医,1973.09,1976.09
张华波,0000007375,本科,中央党校,党政,1996.08,1998.12
张辉,0000007383,本科,江苏农学院,,1987.09,1991.06
张辉,0000007383,研究生,江苏省委党校,世界经济,2005.09,2008.07
张惠明,0000007386,本科,西南民族学院,历史,1979.09,1983.08
张惠明,0000007386,学习,贵州省委党校,,2003.09,2004.01
张惠涛,0000007387,本科,,,,
张惠新,0000007388,本科,同济大学,路桥系,1962.09,1968.12
张慧莉,0000007390,大学,,,,
张火青,0000007391,学习,长江水电水利学校,,1979.09,1981.11
张火青,0000007391,本科,河海大学,陆地水文,1983.98,1988.07
张火青,0000007391,研究生,武汉水利电力大学,工程水文及水资源,1992.09,1997.03
张吉福,0000007392,,天津市咸水沽第一中学,,1980.09,1982.09
张吉福,0000007392,本科,北京农业大学,蔬菜,1982.09,1986.07
张吉福,0000007392,研究生,北京农业大学,农产品储藏加工,1986.09,1988.09
张吉福,0000007392,博士,中国农业大学,食品工程与科学,1997.09,2000.07
张吉福,0000007392,培训,中青年干部培训班,,2001.09,2001.12
张集智,0000007396,大专,怀仁师范学校,普师,1986.09,1989.08
张集智,0000007396,本科,贵州大学,法律,1988.09,1991.07
张集智,0000007396,学习,遵义市委党校,,2000.07,2000.10
张集智,0000007396,学习,贵州省委党校,法律,1000.06,2003.07
张集智,0000007396,研究生,贵州省委党校,政治,2005.09,2008.06
张家明,0000007405,大专,开封医专,医疗,1981.09,1984.07
张家明,0000007405,本科,中央党校,经济管理,1995.09,1998.06
张家明,0000007405,培训,商丘市委党校,,2003.02,2003.05
张家明,0000007405,进修,河南大学,区域经济,2000.08,2002.07
张家明,0000007405,本科,郑州大学,新闻,,2003.12
张家明,0000007405,学习,建设部村镇规划建设办公室,,2005.09,2005.12
张建东,0000007408,本科,北京工业学院,激光技术,1979.09,1983.08
张建东,0000007408,本科,清华大学,思想政治教育,1984.09,1986.09
张建东,0000007408,研究生,北京理工大学,工业工程,1998.09,2001.07
张建东,0000007408,博士,北京师范大学,教育经济与管理,2002.09,2005.07
张建国,0000007411,学习,吕梁教育学院,,1986.09,1988.07
张建国,0000007414,研究生,,,,
张建国,0000007415,中专,广西壮文学校,壮语文,1987.09,1989.07
张建国,0000007415,大专,广西自治区高等教育自学考试,政治教育,1989.01,1995.04
张建国,0000007415,学习,广西区委党校,行政管理,1996.09,1998.12
张建国,0000007415,学习,广西区委党校,,2005.09,2006.01
张建国,0000007415,学习,广西区委党校,党政管理,2005.09,2007.12
张建国,0000007415,学习,广西区委党校,,2009.03,2009.07
张建慧,0000007418,学习,郑州建筑工程学校,工业与民用建筑,1983.09,1986.07
张建慧,0000007418,学习,洛阳农业高专,城市园林与规划,1989.09,1992.07
张建慧,0000007418,本科,中央党校函授,经济管理,1997.09,1999.12
张建慧,0000007418,进修,同济大学,建筑设计及理论,2000.09,2002.09
张建慧,0000007418,研究生,同济大学,高级工商管理,2004.10,2007.05
张建杰,0000007419,本科,中央党校,,,
张建文,0000007422,本科,华中师范学院,汉语言文学,1983.09,1987.06
张建文,0000007422,研究生,华中师范大学,中国古代文学,1987.09,1990.07
张建文,0000007422,学习,中央组织,,1998.12,1999.07
张建中,0000007427,学习,陕西省煤炭学校,机电专业,1974.02,1976.09
张建中,0000007427,学习,中共陕西省委党校,,1989.09,1991.08
张建中,0000007427,学习,中央党校县书班,,2001.03,2001.07
张建中,0000007427,研究生,西安理工大学MBA班渭南教学点,,2003.09,2005.06
张剑峰,0000007429,本科,汕头大学,应用生化专业,,
张剑峰,0000007429,研究生,,法学专业,,
张健,0000007434,本科,甘肃农业大学,果蔬,1979.10,1983.08
张杰,0000007439,,山东工业大学,电力系统及自动化,1980.09,
张金波,0000007443,专科,廊坊地区农机化学校,农机化,1979.08,1981.01
张金波,0000007443,,河北电大,党政,1984.09,1986.09
张金波,0000007443,函授,中央党校,经济管理,1992.08,1994.12
张金波,0000007443,研究生,中央党校,科社,1998.09,2001.07
张金泉,0000007446,研究生,威斯康星大学,,1999.10,2001.08
张金战,0000007449,学习,河南农业大学,农经,1985.09,1987.10
张劲松,0000007452,本科,中山大学,经济地理与城乡区域规划,1986.07,1990.07
张敬兀,0000007464,大专,,,,
张静,0000007465,研究生,湖北省委党校,,,
张凯,0000007477,培训,广东省委党校,,1978.09,1978.11
张凯,0000007477,培训,广东省委党校,,1981.01,1981.07
张凯,0000007477,研究生,中央党校,,1982.08,1985.07
张镭,0000007484,本科,哈尔滨船舶工程学院,电子工程,1978.09,1982.07
张磊,0000007486,本科,华中理工大学,新闻学,1987.09,1991.07
张磊,0000007486,研究生,华中科技大学,新闻学,2001.04,2003.12
张力,0000007489,培训,抚宁县文教局,,1972.12,1979.10
张力,0000007489,大专,唐山师范专科学校,中文,1979.10,1981.10
张力,0000007489,培训,中央党校,,1988.09,1989.07
张力,0000007489,本科,中央党校,经济,1992.08,1994.12
张力,0000007489,培训,中央党校,,1993.09,1994.12
张力,0000007489,研究生,武汉交通科技大学,哲学,1997.06,1999.10
张力夫,0000007490,本科,广东省委党校,,1981.11,1984.08
张立群,0000007494,,河北平泉师范学校,中文,1978.09,1980.08
张立群,0000007494,,,河北电大劳动经济,1986.09,1989.07
张立群,0000007494,函授,省委党校,函授法律,2002.09,2004.12
张丽娟,0000007498,本科,福建师范大学,中文,,
张美圣,0000007509,本科,贵州民族学院,汉语言文学,1980.09,1984.07
张美圣,0000007509,培训,中央党校,,2004.09,2005.01
张美圣,0000007509,研究生,中央党校,,2005.01,2007.01
张美文,0000007510,本科,中南财经大学,农业财政信贷,1986.09,1990.07
张美文,0000007510,研究生,中南财经政法大学,工商管理,2004.09,2006.06
张美文,0000007510,学习,中南财经政法大学,产业经济学,2007.09,2011.12
张淼,0000007513,学习,河北省廊坊师范学校,普师专业,1985.07,1988.07
张淼,0000007513,本科,河北省委党校,经济管理专业,2000.09,2002.12
张淼,0000007513,研究生,河北省委党校,法学专业,2004.09,2007.07
张淼,0000007513,研究生,东北财经大学,工商管理专业,2007.04,2009.06
张敏,0000007516,大专,四川省高等教育党政专业自考大专,党政,1985.09,1987.07
张敏,0000007516,,重庆市委党校,,1989.09,1989.12
张敏,0000007516,本科,中央党校,政法,1997.08,1999.12
张敏,0000007516,学习,重庆市委党校,,1998.09,1998.12
张敏,0000007516,学习,西南师范大学,马克思主义理论与思想政治教育,1999.06,2001.07
张敏,0000007516,学习,中央党校,,2002.09,2003.01
张明春,0000007517,学习,郑州航空工业管理学院,财务会计,1982.09,1985.07 
张明春,0000007517,学习,军事经济学院,军队财务,1995.09,1998.06
张明春,0000007517,进修,河南省委党校,,2003.10,2003.12
张明春,0000007517,研究生,中南财经政法大学,工商管理,,2008.12
张明辉,0000007518,本科,贵州农学院,植保系园艺系,1978.02,1982.01 
张明辉,0000007518,培训,同济大学,,2004.10,2004.12
张明辉,0000007518,学习,贵州省委党校,,2001.11,2001.12
张明辉,0000007518,研究生,贵州省委党校,法学,2003.09,2006.06
张明辉,0000007518,学习,中央宣传部全国宣传干部学院地方党委宣传部长培训班,,2009.12,
张明杰,0000007519,本科,河北矿冶学院,采矿,1978.02,1982.02 
张明杰,0000007519,研究生,中央党校,经济管理,2004.03,2006.01
张明体,0000007522,学习,邓县师范学校,,1984.09,1987.06 
张明体,0000007522,学习,南阳教育学院,生物,1989.09,1991.07 
张明体,0000007522,函授,河南省委党校,经济管理,1994.09,1996.12
张明体,0000007522,学习,河南省委党校,经济管理,2006.07,2009.06
张平,0000007531,学习,广东省政法管理干部学院,公安,1984.09,1986.07
张平,0000007531,研究生,广东省委党校,经济学,1996.09,1999.07
张平,0000007532,,四川省宜宾农校,农学,1981.09,1984.07
张平,0000007532,大专,中央党校,经济管理,1987.08,1990.06
张平,0000007532,本科,省委二党校,法律,1995.09,1997.12
张琦,0000007537,大专,淮南师范专科学校,数学,1979.09,1981.08
张琦,0000007537,研究生,天津大学,工商管理,1992.02,1993.12
张乔林,0000007540,专科,广西广播电视大学,机械,1979.02,1982.02
张乔林,0000007540,研究生,广西师范大学,国民经济学,1998.10,2000.10
张庆宏,0000007545,学习,农业部农村经济管理干部学院,,1987.07,1989.07
张庆宏,0000007545,函授,中央党校,党政管理,1994.08,1996.12
张庆宏,0000007545,学习,中国人民大学,行政管理,2000.04,2002.04 
张庆宏,0000007545,研究生,甘肃省委党校,国民经济学,2008.09,2011.06
张琼,0000007553,,安徽机电学院,食品发酵工程,1988.09,1990.09
张琼,0000007553,本科,中央党校,经济管理,1997.08,1999.12
张锐,0000007564,本科,张家口农机校,电器,1985.08,1989.08 
张锐,0000007564,函授,河北师范大学,,1997.01,2000.06
张锐,0000007564,研究生,河北省委党校,经济管理,2001.09,2004.07 
张锐,0000007565,本科,内蒙古师范大学,,1990.09,1994.07
张锐,0000007565,研究生,内蒙古大学,工商管理,2005.09,2009.01
张瑞书,0000007567,本科,辽宁阜新矿业学院,,1979.09,1983.07 
张瑞中,0000007568,大专,安徽大学,党政干部基础科,1986.12,
张瑞中,0000007568,进修,安徽省委党校,,2001.09,2001.11
张瑞中,0000007568,研究生,安徽省委党校,经管,2004.09,2007.07
张善彩,0000007569,研究生,华中师范大学,教育管理,1995.09,1998.06
张尚贵,0000007570,研究生,湖北省委党校,,,
张少良,0000007572,本科,哈尔滨市直属机关职工大学,中文,1979.11,1983.12
张少良,0000007572,研究生,黑龙江省社会科学院,经济管理,1992.09,1994.07
张绍军,0000007575,,青海省海西州民族师范学校,,1978.10,1981.07
张绍军,0000007575,大专,兰州商学院,,1990.06,1993.06
张绍军,0000007575,本科,中央党校,行政管理,2000.08,2002.12
张绍军,0000007575,研究生,青海省委党校,社会学,2003.09,2005.12
张社教,0000007576,学习,湖北大学,中文,1988.06,1990.06
张社教,0000007576,学习,湖北省委党校,法学,1999.09,2002.07
张生平,0000007579,本科,陕西省委党校,经济管理,1993.09,1995.07
张生伟,0000007581,本科,,哲学,,
张石峰,0000007583,学习,河北师范大学,汉语言文学,1984.09,1986.06 
张石峰,0000007583,学习,南开大学,南开大学,1999.09,2001.07
张世华,0000007587,本科,东北师范大学,数学专业,,
张世华,0000007587,学习,黑河师范学校,,1979.09,1981.07
张世敏,0000007589,研究生,河南省委党校,经济管理,,
张世伟,0000007590,博士,中南财经政法大学,政治经济学,2003.09,2008.06
张世伟,0000007590,学习,中组部全国组工干部学院,,2006.03,2006.06
张世伟,0000007591,研究生,中央党校,,,
张世伟,0000007591,培训,云南省第二十五期中青年干部培训班,,2009.08,2009.09
张仕福,0000007594,学习,贵州省瓮安县委党校,,1980.12,1981.04
张仕福,0000007594,大专,贵州省委党校,党政管理专业,1985.09,1987.01
张仕福,0000007594,本科,省委党校,法律专业,1998.05,2001.06
张仕福,0000007594,研究生,中央党校,政治经济学专业,2000.09,2003.07
张仕福,0000007594,研究生,西南政法学院,程序法专业,2001.09,2003.09
张仕福,0000007594,进修,贵州省委党校地厅级干部进修班,,2005.09,2005.12
张仕雄,0000007596,专科,黔南民族师范专科,理化科化学,1980.09,1982.08
张仕雄,0000007596,学习,贵州教育学院,行政管理,1995.09,1997.12
张仕雄,0000007596,培训,贵州省委党校,,2002.09,2002.12
张仕雄,0000007596,研修,复旦大学,区域经济,2001.09,2003.09
张仕雄,0000007596,研究生,电子科技大学,软件工程,2007.09,2012.12
张仕雄,0000007596,学习,贵州省委党校,,2015.02,2015.03
张树志,0000007604,学习,河北农业大学,土化,1976.09,1979.08
张顺帮,0000007607,,中国新闻学院,新闻,1984.08,1986.10
张斯良,0000007609,本科,厦门大学,计划统计,1978.10,1982.07
张斯良,0000007609,研究生,中央党校,科学社会主义,2004.03,2006.01 
张嗣义,0000007610,学习,华中师范大学黄石分院,政治,1974.10,1977.07
张嗣义,0000007610,研究生,湖北省委党校,法学,1997.09,2000.07
张松林,0000007612,学习,南阳师范专科学校,化学专业,1979.09,1982.07
张松文,0000007614,本科,郑州大学,汉语言文学,1986.09,1990.07 
张松文,0000007614,培训,河南省委党校,,2010.03,2010.07
张涛,0000007618,研究生,,,,
张涛,0000007619,学习,贵州省凯里农业机械化学校,工业企业管理专业,1991.09,1993.06
张涛,0000007619,学习,贵州省委党校,经济管理专业,1994.09,1997.06
张涛,0000007619,学习,贵州省委党校,法律专业,1998.09,2001.06
张涛,0000007619,研究生,贵州省委党校在职研究生班,行政学专业,2002.09,2005.06
张涛,0000007619,培训,中国延安干部学院第3期县委书记党性教育专题培训班,,2014.10,2014.11
张涛,0000007619,进修,中央党校第1期县委书记研修班,,2014.11,2015.01
张天洲,0000007620,函授,中央党校,法律,1999.09,2001.12
张天洲,0000007620,学习,美国佛吉尼亚大学,工商管理,2004.06,2005.05
张廷魁,0000007626,学习,甘肃师范大学,语文,1971.08,1974.07
张廷魁,0000007626,本科,中央党校,经济管理,1992.08,1994.12
张万超,0000007628,大专,湖北电大,中文,1982.09,1985.07
张万超,0000007628,研究生,湖北省委党校,法学,1999.09,2002.07
张万福,0000007629,,庆阳师专,化学,1982.09,1984.07
张万福,0000007629,本科,中央党校,行政管理,1999.09,2001.07
张万福,0000007629,研究生,西安交通大学,工商管理,2006.09,2008.07
张万平,0000007630,,阿城师范学校,中文,1981.08,1983.08
张万平,0000007630,大专,松花江教育学院,中文,1984.08,1987.07
张万平,0000007630,本科,黑龙江省行政学院,经济管理,1997.12,2001.03
张万平,0000007630,研究生,澳门科技大学,,2001.12,2003.12
张万双,0000007631,研究生,河北省委党校,经济管理,1999.07,2002.12
张巍,0000007632,学习,鸡西矿务局职工工学院,采煤,1990.09,1993.07 
张巍,0000007632,大专,中央党校,经济管理,2001.08,2003.12
张巍,0000007632,研究生,黑龙江省委党校,公共管理,2006.03,2009.01
张维国,0000007634,学习,十堰高等师范专科学校,数学,1980.09,1983.07
张维国,0000007634,本科,华中师范大学,数学,1989.07,1992.05
张维国,0000007634,研究生,华中科技大学,科技哲学,1997.06,1999.06
张维国,0000007635,学习,牡丹江师范学校,中师专业,1984.08,
张伟,0000007639,研究生,莱阳农学院,农学,,1984.07
张伟,0000007640,本科,,,,
张伟,0000007641,本科,省委党校,法律专业,1999.09,2003.11
张伟,0000007643,专科,北京电子专科学校,,1985.09,1987.07
张文广,0000007655,大专,嘉应大学,应用英语,1988.09,1991.07
张文广,0000007655,研究生,广东省委党校,经济管理,1994.09,1997.07
张文深,0000007661,大专,郑州市师范专科学校,物理,1979.09,1982.06
张文深,0000007661,本科,河南省委党校,行政管理,1990.09,1992.07
张文深,0000007661,研究生,天津大学,管理工程,1992.05,1995.07
张文深,0000007661,培训,中央党校,,2001.09,2002.01
张文生,0000007663,本科,,,,
张西军,0000007670,,,,1981.09,1983.08
张西军,0000007670,研究生,省委党校,经济管理,1999.09,2001.12
张锡才,0000007671,学习,黑龙江工学院,,1974.08,1977.10
张曦,0000007673,本科,贵州大学,数学,1979.09,1983.08 
张曦,0000007673,学习,中国人民解放军桂林陆军学校,,1983.08,1984.06 
张曦,0000007673,进修,厦门大学,行政管理学,1999.10,2001.10
张先进,0000007674,本科,广西大学化工系,无机化工专业,,1991.00
张宪军,0000007676,学习,黑龙江省佳木斯师范学校,中文,1975.09,1977.08
张宪军,0000007676,大专,黑龙江省函授广播学院,中文,1978.04,1981.06
张宪民,0000007677,学习,贵州工学院,无机物工艺学,1977.03,1980.03
张宪民,0000007677,学习,贵州省委党校,党政管理,1996.09,1999.07
张宪民,0000007677,研修,清华大学,现代公共管理,1999.10,2000.01
张宪民,0000007677,培训,中央党校,,2003.03,2003.06
张宪民,0000007677,研究生,贵州省委党校,政治学,2001.09,2004.06
张献会,0000007679,本科,河南大学,中文,1979.07,1983.07 
张献宇,0000007680,研究生,河南省委党校,经济管理,2002.09,2005.07 
张祥根,0000007682,本科,皖南农学院,农学,1980.09,1984.07
张小刚,0000007683,本科,中山大学,汉语言文学,1978.09,
张小刚,0000007683,研究生,中山大学,工商管理,2008.03,2010.06
张小青,0000007684,研究生,安徽大学,生物,1988.07,
张小青,0000007684,培训,安徽省委党校,,2002.03,2002.12
张小青,0000007684,培训,安徽省领导干部赴加拿大境外公共管理培训班,,2005.10,2005.12
张晓明,0000007688,学习,呼市师专,,1980.12,1982.10
张晓燕,0000007694,研究生,黑龙江省委党校,经济管理,,
张孝成,0000007696,专科,滁州师范专科学校,,1981.09,1983.07
张效廉,0000007698,本科, 北京林业大学,森林病虫害防治,1982.09,1986.07
张效廉,0000007698,研究生,中国人民大学,商业经济,1994.12,1996.12 
张效廉,0000007698,博士,北京大学,政治经济学,2000.09,
张效廉,0000007698,培训,北京市委组织部高级行政管理与开发培训班,,2003.03,2003.04
张效廉,0000007698,学习,中央党校,,2004.03,2005.01 
张效廉,0000007698,培训,中国公共管理高级培训班,,2006.06,2006.09 
张效廉,0000007698,进修,中央党校,,2009.09,2009.11
张效廉,0000007698,学习,北京大学,政治经济学,2000.09,2008.01
张新宇,0000007704,研究生,省委党校,社会发展,2001.02,2004.01
张新宇,0000007704,学习,省委党校,,2007.09,2007.12
张新宇,0000007704,EMBA,清华大学,"高级




张新宇

工商管理（EMBA）",2009.03,2011.01
张兴荣,0000007708,本科,甘肃大学,,,
张旭,0000007713,本科,河北师范学校,中文,1987.09,1991.08
张绪鹏,0000007716,本科,皖南农学院,农学,1979.09,1983.07 
张学兵,0000007719,学习,上海市徐汇区业余大学,中文,,1984.00
张学兵,0000007719,博士,同济大学,管理工程,,1998.00
张学兵,0000007719,研究生,华东师范大学,经济学,,1991.00
张学锋,0000007720,本科,四川师范大学,物理,1980.09,1984.07
张学军,0000007721,研究生,河北省委党校,经济管理,2000.09,2003.07
张延保,0000007729,学习,天祝师范学校,,1982.09,1985.09
张延保,0000007729,本科,西北民族学院,藏语言文学,1985.09,1989.07 
张延保,0000007729,研究生,中央民族大学,中国少数民族经济,2005.09,2008.07
张延昆,0000007730,研究生,中央党校,法学理论,,
张泱,0000007733,本科,伊春市职工大学,,1983.08,1986.07
张泱,0000007733,本科,东北林业大学,森林工程专业,1989.09,1994.07
张阳春,0000007734,初中,武进安家初级中学,,,
张阳春,0000007734,中学,魏村中学,,,
张阳春,0000007734,中学,小新桥中学,,,
张阳春,0000007734,本科,北京政法学院政法系,,1964.00,1968.09
张野,0000007742,学习,黑龙江省农业机械化学校,财会,1978.08,1981.09
张野,0000007742,学习,黑龙江省广播电视大学,财会,1983.09,1986.09
张野,0000007742,学习,黑龙江省委党校,经管,1997.03,2000.01
张业,0000007743,学习,河北广播电视大学,党政干部管理,1984.07,1986.07
张业,0000007743,学习,河北农业大学城镇经济与管理专业高等教育自学考试学习,,2004.04,2005.06
张业,0000007743,研究生,河北省委党校,经济管理,2004.09,2007.07
张翊皓,0000007750,专科,铜仁师范专科学校中文系,中文专业,1986.09,1989.08
张翊皓,0000007750,本科,贵州省委党校,经济管理专业,2000.09,2003.01
张翊皓,0000007750,研究生,贵州省委党校在职研究生班,公共管理专业,2007.07,2010.06
张翼腾,0000007751,本科,福州大学,机械系,1979.09,1983.08　
张翼腾,0000007751,研究生,新加坡南洋理工大学,公共管理,2006.02,2007.01
张懿笃,0000007752,本科,西北师范大学,,1985.09,1989.06
张懿笃,0000007752,研究生,甘肃省委组织部、兰州大学联合举办的工商行政管理研究生班,工商行政管理,2000.09,2002.06
张英焕,0000007753,大专,河南信阳农业学校,农学,1979.11,1982.97
张英焕,0000007753,学习,河南职业技术师范学院,园艺,1989.12,1991.12
张英焕,0000007753,本科,中央党校,经济管理,1993.08,1995.12
张英焕,0000007753,进修,中国人民大学,政治经济学,1994.12,1997.12
张英焕,0000007753,研究生,中央党校,法学理论,2004.09,2006.07
张映平,0000007755,大专,嘉应师范专科学校,中文,,1981.09
张勇,0000007761,大专,自考汉语言文学专业在职大专学习,,1991.07,1994.06
张勇,0000007761,学习,内江市委党校,,1999.09,1999.12
张勇,0000007761,本科,自考汉语言文学专业在职本科学习,,1994.07,2003.06
张勇,0000007761,研究生,四川省委党校,行政管理,2001.09,2004.06 
张勇,0000007761,学习,四川省委党校,,2010.09,2010.09
张勇,0000007762,学习,四川省委党校,,2011.03,2011.05
张宇松,0000007766,研究生,河南省委党校,法律,2005.09,2008.06
张宇松,0000007766,研究生,中央党校,行政管理,2008.03,2010.01
张誉夫,0000007775,本科,中国人民解放军空军第二高射炮兵学院,弹上仪器及其测试,1979.09,1983.07
张誉夫,0000007775,学习,中国人民解放军空军高射炮兵学院,,1984.09,1985.07
张誉夫,0000007775,学习,广西自治区党校,,2000.09,2000.11
张誉夫,0000007775,研修,东南大学,科学技术哲学,1999.09,2001.07
张誉夫,0000007775,培训,广西大学,,2001.04,2001.07
张誉夫,0000007775,研究生,广西师范大学,经济史,1999.11,2006.01
张誉夫,0000007775,MBA,广西大学,,2007.02,2012.12
张远方,0000007776,学习, 五华师范学校,,1981.08,1984.07
张远方,0000007776,研究生,广东省社会科学院,政治经济学,1995.09,1998.07 
张远望,0000007777,本科,,,,
张远贻,0000007778,大专,广东省委党校,,,
张跃峰,0000007781,研究生,中国人民大学,人口资源与环境,,
张跃文,0000007782,研究生,,,,
张昭娣,0000007791,学习,香港中共华南分局,,1947.11,
张珍强,0000007793,大专,贵州省铜仁农校,畜牧兽医,1980.09,1983.09
张珍强,0000007793,学习,贵州省党校,党政管理,1990.09,1992.07
张珍强,0000007793,学习,贵州省委党校,经济管理,1996.09,1999.07
张珍强,0000007793,研究生,贵州省委党校,政治学,2003.09,2006.05
张震龙,0000007799,大专,荆州教育学院,政治教育,1986.09,1989.07
张震龙,0000007799,函授,北京经济函授大学,经济管理,1988.07,1991.07
张震龙,0000007799,研究生,华中理工大学,应用社会学,1993.07,1996.06
张震龙,0000007799,博士,华中科技大学,管理科学与工程,1999.09,2005.12
张正,0000007801,本科,四川师范大学生物系,生物学专业,1993.09,
张志福,0000007807,专科,南昌大学,汉语言文学,1993.04,1999.12
张志福,0000007807,本科,南昌大学,,,
张志福,0000007807,研究生,江西省委党校,区域经济学,2003.09,2005.12
张志福,0000007807,学习,江西省委党校,,2014.03,2014.06
张志红,0000007811,学习,迭部县委党校,,1985.04,1986.08
张志红,0000007811,中专,州委党校,,1986.08,1988.07
张志勇,0000007814,大专,江苏南通师范专科学校,中文,1984.09,1986.06
张志勇,0000007814,本科,江苏省委党校,行政管理,1988.09,1991.07
张志勇,0000007814,研究生,江苏省委党校,区域经济学,2003.09,2006.07
张自英,0000007828,大专,湖南湘潭师范学院,英语,1988.09,1990.07
张自英,0000007828,本科,湖南师范大学,英语,1992.07,1995.06
张自英,0000007828,研究生,广西大学,国际贸易学,2002.09,2004.07
张自英,0000007828,培训,南宁市委党校,,2007.09,2007.11
张自英,0000007828,培训,广西区委党校,,2013.03,2013.05
张宗海,0000007829,,四川江津县师范学校,,,1973.12
张宗海,0000007829,研究生,重庆市委党校,法律,1996.09,1998.07
张祖武,0000007832,,广州市立美术学校,,,
章良华,0000007836,研究生,湖北省委党校,,,
章松,0000007837,研究生,安徽省委党校,法学,,2006.00
章松,0000007837,本科,安徽大学,,1981.09,1985.07 
章志兼,0000007838,大专,庆阳师专,中文,1983.08,1985.07
赵爱,0000007841,学习,临洮师范,普师,1982.08,1985.08
赵爱,0000007841,函授,中央党校,政法,1997.09,1999.12
赵爱,0000007841,研究生,甘肃省委党校,科学社会主义,1999.09,2002.06
赵斌,0000007844,学习,武汉师范学院咸宁分院,,1978.09,1981.09
赵斌,0000007844,函授,武汉大学,经济,1984.09,1986.07
赵斌,0000007844,学习,中央党校,,1994.09,1995.07
赵斌,0000007844,研究生,中央党校,法学原理,1994.09,1997.04
赵斌,0000007844,学习,中央党校,,2004.03,2005.01
赵常福,0000007848,学习,东北财经大学,财税,1985.09,1987.09
赵常福,0000007848,本科,河北省委党校,经济管理,1999.09,2001.06
赵常福,0000007848,学习,天津大学,工商管理,2005.09,2007.07
赵德明,0000007853,本科,黑龙江省牡丹江农业学校,农业经济,1978.03,1982.02
赵凤桐,0000007863,学习,吉林工业大学,电气自动化,1975.08,1978.09
赵凤桐,0000007863,学习,北京理工大学,管理工程,1993.09,1996.03
赵凤桐,0000007863,培训,中央党校,,2001.03,2002.01
赵革,0000007865,本科,黑龙江大学,哲学,1988.08,1992.07
赵庚辰,0000007866,中专,广东省高州农业学校,牧医,1979.10,1982.07
赵贡桥,0000007867,本科,贵州农学院,兽医,1986.09,1990.08
赵贡桥,0000007867,学习,贵州省委党校,,2003.03,2003.07
赵贡桥,0000007867,研究生,贵州省委党校,政治学,2002.08,2005.07
赵广辉,0000007868,学习,广东行政管理干部学院,,1987.09,1989.08
赵广辉,0000007868,研究生,广东省委党校,经济学,1995.09,1998.07
赵广辉,0000007868,学习,中山大学,工商管理,,2007.12
赵桂英,0000007869,本科,佳木斯农校,园艺专业,1974.09,1976.08
赵桂英,0000007869,本科,省广播电视大学,中文专业,1983.09,1985.07
赵桂英,0000007869,研究生,哈尔滨师范大学,经济管理,1998.11,2000.06
赵国栋,0000007871,本科,中央党校,,,
赵海燕,0000007876,本科,中国政法大学,,,1984.07
赵洪君,0000007882,学习,黑龙江广播电视大学,,1983.09,1985.07
赵辉,0000007887,本科,浙江大学,热能动力,1983.09,1987.07
赵辉,0000007887,研究生,西安交通大学,工商管理,1996.09,2000.06
赵吉雄,0000007890,大专,中南财经大学,国民经济计划,1984.09,1987.07
赵吉雄,0000007890,函授,中南财经大学,国民经济计划,1988.09,1990.07
赵吉雄,0000007890,函授,省委党校,法学,2001.09,2004.07
赵建国,0000007894,本科,中山大学,历史,1985.09,1989.06
赵建国,0000007894,学习,广东省委党校,,2006.03,2006.07
赵建国,0000007894,学习,广东省委组织部中山大学市厅级领导干部EMBA班学习,,2008.03,2010.03
赵建利,0000007896,本科,西北师范大学,政治教育,1979.09,1983.07
赵建利,0000007896,学习,甘肃省委党校,,1991.07,1992.08
赵建利,0000007896,进修,兰州大学,经济法,1998.08,2000.08
赵建利,0000007896,学习,甘肃省委党校,,2007.03,2007.08
赵景阳,0000007902,学习,唐山地区粮食学校,会计、统计、物价,1981.10,1983.07
赵景阳,0000007902,学习,中国人民大学,计划经济学,1985.09,1987.07
赵景阳,0000007902,函授,河北省委党校,经济管理,2000.09,2002.12
赵军,0000007905,本科,沈阳农业大学,农产品贮藏加工,1986.09,1990.07
赵军,0000007905,研究生,沈阳农业大学,农产品贮藏加工,1990.07,1993.07
赵坤,0000007912,学习,黑龙江广播电视大学,中文,1983.09,1985.08
赵丽,0000007920,,广西教育学院,法律,1987.09,1990.07
赵丽,0000007920,研究生,,,,
赵丽玲,0000007921,研究生,中央党校,,,
赵连钧,0000007922,本科,哈尔滨师范大学,,1983.08,1986.07
赵连印,0000007925,本科,,,,
赵鹏,0000007937,大专,南京师范大学汉语言文学专业自学考试大专毕业,汉语言文学,1983.12,1986.08
赵鹏,0000007937,进修,东南大学,,1995.09,1997.09
赵鹏,0000007937,研究生,江苏省委党校,政治经济学,2001.09,2002.12
赵鹏,0000007937,学习,中组部举办的美国斯坦福大学研究生院第三期城市规划与信息化研究班,,2005.07,2005.08
赵奇,0000007941,本科,上海农学院,农业经济管理,1980.09,1984.07
赵奇,0000007941,培训,上海市委党校,,1995.02,1995.07
赵奇,0000007941,研究生,中欧国际工商学院学,工商管理,2003.03,2005.03
赵奇,0000007941,进修,上海市委党校,,2004.05,2004.06
赵启正,0000007942,本科,中国科学技术大学,核物理,1958.09,1963.09
赵仁,0000007945,本科, 中央党校,经管,1990.09,1992.07 
赵荣生,0000007947,研究生,,,,
赵瑞彰,0000007948,本科,华南师范大学,政治教育,1980.09,1984.08
赵瑞彰,0000007948,研究生,暨南大学,政治经济,1984.09,1987.06
赵山,0000007950,学习,河北师范学院,政教,1981.09,1985.07 
赵山,0000007950,研究生,河北省委党校,经济管理,2001.09,2004.07
赵少莲,0000007951,本科,中南政法学院,经济法,1986.09,1990.09
赵少莲,0000007951,学习,湖北省委党校,经济法,2002.09,2004.07
赵素萍,0000007968,学习,河南省会计学校,财政,1978.04,1980.04
赵素萍,0000007968,大专,中央广播电视大学,财政,1983.08,1986.07
赵素萍,0000007968,本科,中央党校,经济管理,1995.08,1997.12
赵素萍,0000007968,研究生,上海财经大学,政治经济学,1996.03,1998.02
赵素萍,0000007968,博士,华中科技大学,工商管理,2001.09,2007.06
赵廷林,0000007972,大专,省委党校,,2002.09,2005.06
赵万山,0000007973,学习,黑龙江大学党政干部基础专业自考班函授学习,,1983.10,1986.07
赵万山,0000007973,本科,黑龙江省委党校,经济管理,1996.09,1999.07
赵万山,0000007973,学习,黑龙江省委党校,,2001.09,2002.01
赵万山,0000007973,学习,黑龙江第三期赴加拿大阿尔伯塔大学经济管理培训班学习,,2003.09,2003.12
赵万山,0000007973,研究生,中央党校,国际政治,2006.09,2008.07
赵文峰,0000007978,本科,河南大学,中文,1991.07,1994.07
赵文峰,0000007978,研究生,中央党校,政治史,1999.09,2002.07
赵武安,0000007981,本科,中央党校,经济管理,1995.08,1997.12
赵武安,0000007981,研究生,首都经贸大学,经济管理,1999.09,2001.07
赵武安,0000007981,学习,河南省委党校,,2000.02,2000.05
赵武安,0000007981,学习,中央党校,,2004.03,2004.07
赵希江,0000007982,学习,齐齐哈尔第一机床厂技校,,1978.03,1979.07
赵希江,0000007982,学习,齐齐哈尔师范学校,政治,1986.03,1989.07
赵小林,0000007986,研究生,陕西省委党校,,,
赵新朝,0000007993,大专,张家口师范专科学校,化学,1978.03,1981.02
赵新朝,0000007993,函授,中央党校,经济管理,1995.08,1997.12
赵新朝,0000007993,研究生,天津财经学院,工商管理,1998.08,2000.08
赵新中,0000007994,学习,河南省供销学校,财会,1979.10,1981.09 
赵新中,0000007994,学习,河南广播电大,财政,1983.09,1986.07
赵新中,0000007994,学习,河南省委党校,,1993.08,1995.12
赵新中,0000007994,研究生,中国政法大学,经济法,1995.09,1997.02
赵兴华,0000007997,学习,信阳师范学院化学系,,1980.09,
赵学忠,0000008002,学习,张掖师范学校,,1979.09,1982.08
赵学忠,0000008002,大专,甘肃省委党校,政治理论,1985.09,1987.07
赵学忠,0000008002,本科,中央党校,经济管理,1995.08,1997.12
赵学忠,0000008002,学习,西北师范大学,区域管理与政策,2000.07,2002.07
赵禹鹏,0000008011,研究生,,,,
赵占华,0000008016,函授,中央党校,经济管理,1998.08,2000.12
赵占华,0000008016,培训,河北省委党校,,2001.09,2002.01
赵占华,0000008016,培训,河北省委党校,,2005.09,2005.12
赵振宏,0000008021,学习,漯河师范学习,,1980.09,1982.07
赵志诚,0000008024,学习,华中农学院荆州分院,,1978.01,1981.0l 
赵志诚,0000008024,研究生,湖北省委党校,经济管理,1998.09,2001.07
赵志坚,0000008028,本科,山西师范大学,政史系,1979.09,1982.09
田永红,0000008029,学习,周口电大,党政干部专修班,1984.07,1987.05
郭子文,0000008030,本科,西北民族学院,藏汉文秘,1991.06,1994.07
赖招源,0000008031,学习,福建省龙岩农校,农学,1981.09,1984.07
赖招源,0000008031,大专,福建农学院,农学,1985.09,1988.06
赖招源,0000008031,本科,中央党校,经济管理,1997.09,1999.12
阿布都喀地尔·艾海提,0000008041,研究生,新疆大学,文学,,
阿迪力·艾力,0000008046,学习,新疆哈密农业学校,农艺,1989.09,1993.07 
阿迪力·艾力,0000008046,大专,新疆维吾尔自治区党委党校,经济管理,1995.09,1998.07
阿迪力·艾力,0000008046,学习,北京工商大学,经济法,1998.10,2000.10
阿迪力·艾力,0000008046,学习,新疆维吾尔自治区党委党校,,1999.09,2001.07 
阿迪力·艾力,0000008046,学习,大连理工大学,,2000.09,2001.07
阿迪力·艾力,0000008046,学习,中央党校,,2012.09,2013.01
阿基布珠,0000008050,,四川省甘孜州农牧学校,畜牧兽医,1981.09,1984.07
阿基布珠,0000008050,大专,四川省委党校,政治,1990.09,1992.07
阿基布珠,0000008050,本科,四川省委党校,行政管理,2001.09,2003.12
阿基布珠,0000008050,研究生,四川省工商管理学院,工商管理,2003.09,2005.07
阿晋勒,0000008051,,内蒙古大兴安岭林业电大,,1993.09,1996.07
阿晋勒,0000008051,本科,辽宁大学,经济法,1998.01,2001.12
阿晋勒,0000008051,,内蒙古农业大学,农业推广,2010.09,2012.12
阿拉坦敖其尔,0000008053,培训,兴安盟委党校第九期中青年干部培训班,,1997.09,1997.12
阿里,0000008054,本科,中央党校函授学院,经济管理专业,,1999.12
阿努次仁,0000008057,,西藏自治区拉萨师范学校,师范,1984.09,1988.07
阿努次仁,0000008057,,安徽师范大学,,1988.09,1990.07
阿努次仁,0000008057,研究生,四川省工商管理学院,工商管理,2007.09,2009.07
阿努次仁,0000008057,学习,中央党校,,2009.07,2010.07
阿央邓珠,0000008060,进修,康定师专,,1994.09,1996.09
阿央邓珠,0000008060,学习,甘孜州委党校,,2006.03,2006.06
阿央邓珠,0000008060,学习,四川省委党校,,2011.09,2011.12
阿泽新,0000008064,研究生,省委党校,,,
艾方毅,0000008067,,邵阳师范学校,,1980.10,1982.07
艾方毅,0000008067,大专,省委党校,,1985.08,1987.07
艾方毅,0000008067,本科,湘潭大学,思想政治,1990.08,1992.07
艾买尔江·阿吾提,0000008072,本科,新疆八一农学院,草原,1981.09,1986.08
艾尼阿更,0000008074,本科,,,,
艾热提·尤努斯,0000008075,本科,上海交通大学,技术经济专业,,
艾山江·吾布力哈斯木,0000008079,本科,新疆农业大学,植保系植保专业,,
艾则孜·买买提,0000008082,学习,塔里木农垦大学,兽医,1984.09,
安华山,0000008087,大专,兰州商学院,,2004.03,
安建波,0000008088,本科,兰州商学院,,,2007.01
安木拉,0000008092,大专,中央民族大学,,1992.09,1994.07
安木拉,0000008092,本科,中央党校,行政管理,1999.07,2001.12
安生宏,0000008094,本科,唐山工程技术学院,工程测量专业,1988.09,1990.07
安伟华,0000008095,本科,中央党校,经济管理专业,,
安央金,0000008098,本科,西北师范学院,音乐教育,1982.09,1986.08
安央金,0000008098,研究生,四川省工商管理学院,工商管理,2007.09,2009.07
敖日格勒,0000008105,研究生,,,,
巴桑欧珠,0000008112,学习,上海行政管理学校,会计,1990.09 ,
巴桑欧珠,0000008112,学习,湖北经济管理干部学院,经济管理,1998.09,2000.06
巴桑欧珠,0000008112,函授,中央党校,法律,2003.08,2005.12
白爱军,0000008118,,呼伦贝尔盟管理干部学院,政治,1985.09,1987.01
白爱军,0000008118,本科,中央党校,经济管理,1992.07,1994.07
白富海,0000008124,学习,总参三部十一局俄语班学员,,1969.12,1974.01 
白富海,0000008124,学习,洛阳外国语学院,俄语,1974.01,1977.01 
白富海,0000008124,学习,河南省委党校,,2002.03,2002.07
白树升,0000008143,本科,齐齐哈尔师范学院,政治专业,,
白松涛,0000008144,本科,昆明理工大学,工程测量,1991.09,1995.07
白松涛,0000008144,学习,北京大学,工商管理学,2000.07,2002.07
白文农,0000008146,大专,四川省万县农学院,农学,1978.09,1981.08
白文农,0000008146,学习,四川省委二党校,,1995.04,1995.05
白文农,0000008146,学习,北京大学,区域经济学,1997.09,1999.07
白文农,0000008146,本科,重庆市委党校,法律,2003.09,2005.12
白小平,0000008148,本科,延安大学,数学,1979.09,1983.07
白小平,0000008148,学习,北京师范大学,,1990.09,1990.12
白小平,0000008148,学习,陕西师范大学,经济管理,2000.09,2002.02
白雁龄,0000008149,本科,华北革大天津分校,,1949.04,
白银海,0000008151,本科,河北师大中文系,中文专业,1988.09,1992.07
白跃华,0000008159,本科,,,,
班耀康,0000008172,本科,省委党校,,,
班忠柏,0000008174,学习,广西百色民族师范学校,师范,1979.09,1981.07
班忠柏,0000008174,本科,华中师范大学,教育,1983.09,1987.09
班忠柏,0000008174,研究生,华东师范大学,研究生班德育原理,1987.09,1989.01
包尔汗·麦麦提,0000008176,学习,地委党校,,2001.05,2001.07
包静,0000008177,大专,南昌大学,汉语言文学,1990.04,1993.06
包静,0000008177,研究生,江西省委党校,党的学说与党的建设,2007.09,2009.12
包丽华,0000008179,本科,西北民族学院,数学系,1987.09,1991.07
包丽华,0000008179,,内蒙古党校,经济管理,2005.09,2007.12
包盛柏,0000008180,大专,信阳师范学院,中文系,1978.01,1980.12
包旭,0000008181,大专,云南工学院,食品工程,1988.09,1991.02
包旭,0000008181,本科,云南省委党校,行政管理,1999.09,2001.12
宝日夫,0000008186,本科,内蒙古财经学院,会计专业,,
宝音达来,0000008187,本科,哲里木师范学校,,1979.01,1981.08
宝音达来,0000008187,函授,内蒙古民族师范学院,蒙文,1983.09,1988.08
宝音达来,0000008187,进修,吉林大学,,1999.09,2001.04
宝音达来,0000008187,研修,清华大学,,2005.01,2006.01
宝音达来,0000008187,研究生,内蒙古党校,经济管理,2004.09,2007.01
鲍峰庭,0000008192,本科,江西农业大学,农业经济管理,1986.09,1990.07
鲍峰庭,0000008192,学习,江西省直工委党校,,2000.09,2000.12
鲍峰庭,0000008192,研究生,云南大学,软件工程管理,2005.09,2007.06
贝继勤,0000008197,大专,省电视大学经济系,企业管理,1983.09,1987.07
贝继勤,0000008197,进修,中山大学干部专修科,,1987.09,1989.07
贝军,0000008198,研究生,,,,
毕春群,0000008200,本科,华中农业大学,农学,1983.09,1987.09
毕春群,0000008200,研究生,华中农业大学,作物栽培与耕作,1987.09,1990.07
毕春群,0000008200,学习,湖北省委党校,,1996.11,1997.01
毕春群,0000008200,学习,湖北省委党校,,2002.03,2002.06
毕荣青,0000008208,高中,山东省淄博第六中学,,1978.09,1981.07
毕荣青,0000008208,本科,山东理工大学,动力,1981.09,1985.07
毕筱奇,0000008214,本科,山东建筑工程学院,工业企业电气自动化,1981.09,1985.07
毕筱奇,0000008214,本科,中央党校,党政管理,1987.09,1990.07
毕筱奇,0000008214,研究生,中央党校,经济管理,1999.09,2002.06
毕于瑞,0000008215,本科,华中理工大学,建筑结构,1984.09 ,
毕于瑞,0000008215,研究生,中国矿业大学,建筑与土木工程,2003.03,2006.06
边老刚,0000008221,学习,河北交通学校,道桥,1978.03,1980.03 
边老刚,0000008221,函授,河北省委党校,经济管理,1997.09,2000.07
边润文,0000008223,本科,中央党校,,,
边玉广,0000008225,学习,甘肃省财贸学校,,1978.10,1980.08
边中悦,0000008227,本科,内蒙古师范大学中文系,,,
卞吉安,0000008229,本科,杭州师范学校,普师,1982.08,1985.08
卞吉安,0000008229,函授,浙江教育学院,,1986.09,1989.07
卞吉安,0000008229,研究生,中央党校,经济管理,1997.09,2000.07
卞吉安,0000008229,研究生,杭州师范大学,,2006.09,2009.12
卞建军,0000008230,本科,南京大学,国民经济计划管理,1985.09,1989.06
卜发生,0000008234,学习,张掖地区农业学校,植保,1989.09,1982.08 
卜发生,0000008234,大专,中央党校,政治,1991.08,1994.06
卜发生,0000008234,本科,兰州商学院,金融,2000.09,2003.12
布多,0000008237,学习,四川大学,行政管理,2003.09,2005.09
布多,0000008237,学习,中央党校,,2009.03,2010.01
布多,0000008237,研究生,中央党校,行政管理,2010.01,2012.02
布仁,0000008239,研究生,,,,
布仁贝尔,0000008240,本科,内蒙古大学,蒙古语言文学,1983.09,1987.07
布仁贝尔,0000008240,研究生,内蒙古党校,研究生班经济管理,2004.09,2007.01
布仁金,0000008241,本科,辽宁大学,微生物,1986.09,1990.07
才旦周,0000008245,,青海省警察学校,公安,1982.09,1984.07
才让多杰,0000008249,本科,青海省湟源畜牧学校,兽医,1979.09,1983.08
才玉璞,0000008250,本科,山东工业大学,应用电子技术,1986.09,1990.07 
蔡邦银,0000008251,学习, 苍溪师范学校,,1982.09,1985.07 
蔡邦银,0000008251,大专,成都体育学院,教育,1987.09,1990.07
蔡邦银,0000008251,本科,四川师范学院,汉语言文学,1995.09,1998.07
蔡邦银,0000008251,研究生,四川省委党校,经济管理,2000.09,2003.07
蔡邦银,0000008251,研究生,南开大学、澳大利亚弗林德斯大学,国际经贸关系,2004.04,2006.10
蔡成勇,0000008254,本科, 西北林学院,林业,1985.09,1989.07 
蔡成勇,0000008254,学习,兰州大学,社会地理经济,2000.09,2002.07
蔡成勇,0000008254,学习,西北农林科技大学,农业推广,2005.12,2008.12
蔡光阳,0000008257,,凉山民族师范校,,1980.09,1984.07
蔡光阳,0000008257,,自贡教育学院,地理,1988.09,1990.07
蔡光阳,0000008257,,四川大学,行政管理,2000.09,2003.07
蔡鸿源,0000008260,研究生,,,,
蔡菊,0000008261,本科,宁夏农学院,林学,1985.09,1989.07
蔡菊,0000008261,研究生,中央党校,经济管理,2005.09,2008.07
蔡平,0000008266,本科,贵州农学院,林学,1986.09,1990.07
蔡平,0000008266,研究生,中央党校,党的学说与党的建设,2001.03,2004.01
蔡平,0000008266,学习,黔西南州委党校,,2006.03,2006.05
蔡平,0000008266,学习,贵州省委党校,,2007.09,2008.01
蔡平,0000008266,研修,北京大学,经济管理,2009.10,2009.12
蔡清礼,0000008268,大专,阿坝州马尔康民族师范学校,师范,1980.09,1983.08
蔡清礼,0000008268,本科,西南民族学院,汉语文,1986.09,1991.07
蔡清礼,0000008268,研究生,西南民族学院,,2000.09,2002.07
蔡四宏,0000008270,本科,云南民族学院,德傣,1985.08,1989.08
蔡四宏,0000008270,本科,中央党校,经济管理,1995.09,1997.12 
蔡贤忠,0000008277,研究生,中国农业大学,,2000.05,2003.06
蔡贤忠,0000008277,研究生,武汉理工大学,工商管理,2006.09,2008.05
蔡贤忠,0000008277,学习,湖北省委党校,,2007.03,2007.07
蔡小卫,0000008278,学习,江西师范大学,政教,1993.09,1995.07
蔡小卫,0000008278,学习,江西省委党校,法律,2000.09,2002.12
蔡小卫,0000008278,学习,全国首任县级公安局长培训班,,2003.06,2003.08
蔡绪安,0000008279,研究生,华中师范大学,行政管理,1998.01,2002.01
蔡宜骅,0000008281,本科,清华大学,仪表与检测,1982.09,1987.09
蔡宜骅,0000008281,研究生,清华大学,控制理论及应用,1987.09,1989.12
蔡宜骅,0000008281,学习,安徽省委党校,,2006.09,2006.12
蔡志强,0000008285,研究生,复旦大学,工商管理,,
蔡周良,0000008287,本科,湘潭大学,法学,1999.09,2002.06
曹爱珍,0000008293,研究生,江西省委党校,马克思主义哲学,2001.09,2003.12
曹斌,0000008296,,绵阳水电学校,水利建筑工程,1984.09,1988.06
曹斌,0000008296,大专,,工业与民用建筑,,1993.12
曹斌,0000008296,本科,重庆建筑大学,建筑工程,,1998.07
曹斌,0000008296,研究生,中央党校,经济管理,,2005.07
曹聪,0000008300,研究生,省委党校,,,
曹后灵,0000008309,,苏州地区师范学校,,1979.01,1981.08
曹后灵,0000008309,本科,中央党校,政治法律,1998.08,2000.12
曹后灵,0000008309,培训,中青年干部培训班,,2003.09,2003.11
曹金海,0000008312,研究生,江苏省委党校,,,
曹金海,0000008312,学习,南通医学院,临床医学,1985.09,
曹凯宏,0000008316,本科,内蒙古大学,汉语言文学,1992.09,1996.07
曹凯宏,0000008316,学习,内蒙古自治区党委党校,,1996.08,1996.08
曹凯宏,0000008316,研究生,内蒙古大学,民商法学,2002.03,2007.07
曹凯宏,0000008316,学习,内蒙古自治区党委党校,,2011.09,2012.01
曹立军,0000008319,中专,宁乡师范学校,中师,1987.09,1990.07
曹立军,0000008319,本科,湘潭师范学院,汉语言文学,1990.09,1994.06
曹立军,0000008319,研究生,湖南大学,管理科学与工程,1999.09,2001.11
曹立军,0000008319,培训,长沙市委党校,,2001.03,2003.06
曹立强,0000008320,学习,上海师范大学,政教,1984.09,1986.07 
曹立强,0000008320,学习,上海第二教育学院,政治教育,1988.09,1990.07 
曹立强,0000008320,学习,上海市委党校,,1998.09,1999.01
曹立强,0000008320,研究生,中央党校,政治学,1996.09,1999.07 
曹立强,0000008320,学习,上海市政府第1期高级公务员沃顿培训班,,2004.11 ,2004.12 
曹全虎,0000008326,研究生,中央党校,,,
曹思阳,0000008330,,北京政法管理干部学院,法律,1993.09,1995.07
曹思阳,0000008330,本科,内蒙古党校,行政管理,1997.03,1999.07
曹思阳,0000008330,研究生,内蒙古农业大学,农业推广硕士,2010.05,2014.12
曹卫东,0000008332,本科,扬州师范学院,,1988.09,1992.07
曹文,0000008333,大专,海南师范专科学校,中文,1980.07,1983.08 
曹文,0000008333,本科,广东教育学院,中文,1985.09,1987.07 
曹文敏,0000008334,本科,内蒙古哲里木畜牧学院,畜牧,1979.09,1983.08
曹文敏,0000008334,进修,内蒙古党校,,1997.09,1998.07
曹兴,0000008338,大专,湛江农业专科学校,畜牧,1983.09,
曹兴,0000008338,本科,中南财经政法大学,法学,2000.09,2003.07
曹兴,0000008338,学习,广东省委党校,,2002.09,2002.12
曹兴,0000008338,学习,中纪委纪检监察业务培训班,,2004.04,2004.05
曹兴,0000008338,学习,广东省委党校,,2006.03,2006.07
曹兴,0000008338,学习,清华大学,公共管理,2009.03,
曹兴,0000008338,学习,广东省第十三期市长<书记>城建专题研究生班,,2011.11,
曹兴,0000008338,学习,中央党校,,2012.03,
曹兴,0000008338,研究生,中山大学,工商管理,2011.11,2013.06
曹永寿,0000008344,本科,青海畜牧学院,,1987.09,1991.07
曹永寿,0000008344,研究生,青海省委党校,经济管理,2001.02,2003.07
曹志,0000008348,研究生,省委党校,,,
曹治胜,0000008350,专科,,,,
曹佐金,0000008353,,,,1987.08,1989.08
曹佐金,0000008353,大专,,汉语言文学,1992.07,1995.07
曹佐金,0000008353,本科,中央党校,行政管理,1998.08,2000.12
曹佐金,0000008353,研究生,中国农大,经管,1999.08,2001.06
曹佐金,0000008353,研究生,河北省委党校,经济管理,2005.09,2008.06
岑国健,0000008355,大专,广东省委党校,政治,1988.03,1991.03
岑国健,0000008355,研究生,广东省委党校,经济学,1996.09,1999.07
曾百友,0000008358,学习,华南师范学院,数学系,1973.09,
曾百友,0000008358,研究生,广东省委党校,经济管理,1996.00,1999.00
曾百友,0000008358,学习,中央党校,,2001.03,2001.07
曾波,0000008359,研究生,,,,
曾超群,0000008362,学习,北京大学,国际经济,1997.00,
曾惇,0000008366,,县立乡村是反,,1932.01,1933.12
曾关和,0000008370,本科,党校,,,
曾辉,0000008379,学习,信阳师范学校,,1986.09,1989.07 
曾辉,0000008379,学习,河南省优秀青年女干部培训班,,2001.01,2001.11
曾辉,0000008379,学习,中国青年政治学院、清华大学EMBA总裁班、北京大学国学班,,2007.09,2011.03 
曾辉,0000008379,学习,河南省委组织部,,2011.03,2011.07
曾建成,0000008380,,福建师范大学,化学,,
曾健,0000008381,,贵州省黔东南州财贸学校,财税,1978.08,1981.09
曾健,0000008381,大专,贵州广播电视大学,,1984.09,1986.08
曾健,0000008381,本科,贵州省委党校,经济管理,1994.09,1997.07
曾健,0000008381,学习,贵州省委党校,法律,1997.09,2000.07
曾健,0000008381,研究生,中央党校,政治经济学,2000.09,2003.07
曾令举,0000008384,本科,重庆工业管理学院,国际经济,1994.09,1998.07
曾令举,0000008384,研究生,四川省工商管理学院,工商管理,2002.09,2004.07
曾庆忠,0000008392,大专,解放军军事经济学院,军需,1987.03,1990.03
曾庆忠,0000008392,函授,中央党校,党政管理,1996.08,1998.12
曾文华,0000008398,本科,党校,,,
曾贤林,0000008400,研究生,北京大学,政治学与行政管理系,1988.09,1991.04
曾贤林,0000008400,进修,中央党校进修班第6期,,2003.02,2003.06
曾贤林,0000008400,培训,广东省市厅级领导干部出国培训班,,2005.07,2005.09
曾祥海,0000008403,本科,中国华东地质学院,放射性普查与勘探专业,1980.09,
曾祥月,0000008405,大专,湖南衡阳师范专科学校,汉语言文学,1984.09,1987.07
曾祥月,0000008405,学习,中国人民大学,区域经济,1996.08,1998.08
曾祥月,0000008405,本科,中央党校,法律,2001.08,2003．12
曾佑光,0000008409,学习,湖南省粮食学校,,1978.08,1981.07 
曾佑光,0000008409,大专,湘潭大学,党政干部管理,1985.04,1986.12
曾佑光,0000008409,学习,中央广播电视大学,法学,2008.09,2011.01
曾云忠,0000008412,学习,四川省委党校,经济管理,1989.08,1992.06 
曾云忠,0000008412,学习,内江市委党校,,1998.09,1998.12
曾云忠,0000008412,函授,四川省委党校,法律,1999.09,2001.12
曾云忠,0000008412,培训,内经市委党校,,2004.06,
曾昭宝,0000008414,本科,河南省委党校函授经济管理中共三师本科班,,1994.09,1996.12
曾智,0000008417,本科,西南交通大学,金属及热处理,1989.09,1993.07
曾智,0000008417,研究生,广西大学,政治经济学,2002.09,2004.07
查文彪,0000008420,学习,河海大学,工业与民用建筑,1986.09,1990.07 
柴山,0000008426,函授,河北省委党校,,1985.09,1988.08
柴山,0000008426,函授,北京人文函授大学,法律,1986.06,1988.08
柴山,0000008426,函授,河北师范学院,政教,1988.07,1992.07
柴山,0000008426,学习,中国农业大学,经管,1997.11,1999.11
柴生芳,0000008427,本科,北京大学,考古,1986.07,1990.07
柴生芳,0000008427,学习,日本国立神户大学,,1997.05,1998.03
柴生芳,0000008427,研究生,日本国立神户大学,艺术史学,1998.03,2000.03
柴生芳,0000008427,博士,日本国立神户大学,文化结构,2000.03,2002.09
柴世民,0000008428,大专,浙江省宁波林业学校,林业,1983.09,1986.08
柴世民,0000008428,大专,浙江林学院,经济管理,1995.09,1998.06
柴世民,0000008428,学习,杭州市领导干部农业现代化培训班,,2000.10,2000.12
柴世民,0000008428,学习,杭州市委党校,,2002.03,2002.06
柴世民,0000008428,学习,浙江省县处级领导干部公共管理研修班,,2004.05,2004.07
柴世民,0000008428,学习,杭州市委党校,,2005.11,2005.12
常春友,0000008434,本科,,,,
常红军,0000008436,本科,北京理工大学,机械电子工程,1992.09,1996.07
常鸿,0000008437,博士,同济大学,经济与管理学院,,
常书铭,0000008447,本科,山西省水利学校,水利工程建筑,1988.09,1992.07
常书铭,0000008447,研究生,省委党校,,,
常书铭,0000008447,博士,省委党校,,,
常卫,0000008448,研究生,中央党校,科学社会主义,,
常卫,0000008448,研究生,北京工业大学,管理科学与工程,,
常文松,0000008449,本科,长江水利水电学校,工程地质与水文地质,1987.09,1991.07
常文松,0000008449,学习,贵州财经学院,经济法,1994.09,1997.07
常文松,0000008449,学习,贵州省委党校,法律,2000.09,2003.01
常文松,0000008449,学习,贵州财经学院,,2008.09,2011.06
常言龙,0000008451,函授,中央党校,经济,,
常言龙,0000008451,研究生,安徽省委党校,法学,,
常业军,0000008452,博士,,,,
晁世海,0000008456,,河北省廊坊农业机械化学校,,1982.06,1984.08
晁世海,0000008456,本科,中央党校,行政管理,1998.08,2000.12
晁世海,0000008456,研究生,青海省委党校,经济管理,2001.03,2003.07
车建华,0000008459,本科,中央党校,经济学,,
陈爱平,0000008464,学习,荆门师范,,1979.10,1981.07
陈爱平,0000008464,学习,湖北广播电视大学,电气工程,1984.09,1987.07
陈爱平,0000008464,本科,中央党校,经济管理,1996.08,1998.12
陈爱平,0000008464,进修,湖北省委党校,,2007.09,2007.11
陈爱平,0000008464,研究生,湖北省委党校,经济管理,1999.09,2002.07
陈昌正,0000008482,本科,复旦大学,信息科学,1984.09,1988.07
陈昌正,0000008482,研究生,中央财经大学,金融学,2000.06,2002.11
陈朝先,0000008486,本科,西南财经大学,统计,1982.09,1986.07 
陈朝先,0000008486,研究生,西南财经大学,金融,1986.07,1988.07 
陈朝先,0000008486,访问学者,美国加州州立大学,,1999.10,2000.07
陈朝先,0000008486,学习,四川省委党校,,2001.04,2001.05
陈朝先,0000008486,博士,西南财经大学,,1994.09,1997.07
陈朝先,0000008486,学习,四川省委党校,,2004.05,2004.07
陈朝先,0000008486,学习,四川省委党校,,2006.03,2006.06
陈朝先,0000008486,学习,四川省委党校,,2010.05,
陈德昌,0000008503,,首都师范大学,,,
陈德金,0000008505,本科,云南大学,,1984.09,1988.07
陈德金,0000008505,研究生,云南大学,,1988.09,1991.07
陈定坤,0000008507,本科,华南师范大学,教育管理,1989.09,1993.07
陈定坤,0000008507,学习,武汉大学,电子政务,2003.09,2005.07
陈东灵,0000008508,本科,武汉大学,法学,,
陈方勇,0000008513,本科,河北煤炭建工学院,工业电气自动化,1989.09,1993.07
陈方勇,0000008513,研究生,中央党校,,2003.09,2006.06
陈纲,0000008519,函授,中央党校,法律,1999.08,2001.12
陈纲,0000008519,研究生,山西省委党校,公共管理,2002.09,2005.07
陈阁辉,0000008522,学习,岳阳市农校,,1986.09,1988.07 
陈阁辉,0000008522,大专,湖南电大,经济管理,1990.09,1993.07 
陈阁辉,0000008522,本科,中央党校,经济管理,2005.08,2007.12
陈功明,0000008526,研究生,,,,
陈光辉,0000008529,大专,伊春师范学校,普师,1981.09,1985.07
陈光辉,0000008529,,市教育学院,中文,1986.07,1988.09
陈光辉,0000008529,本科,黑龙江大学,中文,1988.07,1990.09
陈光辉,0000008529,研究生,东北林业大学,农业推广,2006.09,2008.12
陈国彬,0000008537,本科,北京航空航天大学,,1987.09,1991.07
陈国芳,0000008538,本科,贵州省委党校,经济管理,,
陈国军,0000008541,研究生,浙江省委党校,,,
陈浩,0000008549,研究生,浙江省委党校,经济学,1997.03,1998.12
陈浩,0000008549,学习,浙江省第三期领导干部经济管理研究班,,2001.04,2001.11
陈红英,0000008553,,南陵师范学校,师范,1982.09,1985.07
陈红英,0000008553,大专,安徽省教院,教育管理,1987.09,1990.07
陈红英,0000008553,本科,中央党校,经管,1993.08,1995.12
陈红英,0000008553,研究生,省委党校,法律,2003.09,2006.07
陈虹,0000008555,本科,,,,
陈洪辉,0000008557,学习,山东省广播电视学校,,1978.06,1981.12
陈洪辉,0000008557,学习,广东省委党校,经济管理,1996.09,1998.12
陈洪辉,0000008557,学习,美国国际东西方大学EMBA研究生班,,1998.05,2000.01
陈洪辉,0000008557,学习,广东省委党校,,2001.02,2001.07
陈鸿林,0000008560,本科,长安大学（原西北建筑工程学院）,城市规划专业,1981.09,1985.07
陈华斌,0000008561,本科,西南交通大学,内燃机,1989.09,
陈华斌,0000008561,研究生,西南交通大学,机车车辆,,
陈华斌,0000008561,博士,西南交通大学,车辆工程,,1999.04 
陈华斌,0000008561,学习,四川省优秀年轻干部和人才递进培训计划培训班,,2013.10,2014.01
陈伙金,0000008568,大专,福州农业大专班,畜牧兽医,1979.06,1981.06
陈伙金,0000008568,学习,福建省委党校,政治经济学,1987.09,1989.08
陈吉学,0000008569,研究生,湖北省委党校,,,
陈济谋,0000008570,本科,天津南开大学,历史系,,1970.08
陈佳标,0000008573,本科,辽宁师范大学,历史系,1985.09,1989.08
陈佳标,0000008573,研究生,北京师范大学,教育管理,1999.05,2001.05
陈佳标,0000008573,研究生,辽宁省委党校,经济管理,1997.05,1999.07
陈家添,0000008575,本科,中山大学,哲学,1980.09,1984.07
陈家添,0000008575,研究生,省委党校,经济学,1997.09,2000.07
陈建功,0000008578,学习,蚌埠联合大学,,1984.09,1987.09
陈建功,0000008578,研究生,安徽省委党校,经济学,1994.09,1996.07
陈建青,0000008579,学习,惠阳地区农机学校,,1979.09,1981.08
陈建青,0000008579,学习,惠州师专,,1985.09,1987.07
陈建青,0000008579,研究生,广东省委党校,经济管理,1995.09,1998.07
陈剑彬,0000008581,研究生,,,,
陈金虎,0000008591,本科,南京师范大学,政治教育,1985.09,1989.09
陈金虎,0000008591,研究生,南京师范大学,国际共产主义运动,1989.09,1992.07
陈金山,0000008592,本科,北京化纤工业学院,化学纤维,1984.09,1988.07
陈金山,0000008592,研究生,石化管理干部学院,工商管理,2000.09,2001.07
陈金山,0000008592,研究生,中国人民大学,工商管理,2002.04,2004.07
陈金山,0000008592,博士,四川大学,人口、资源与环境经济学,2007.07,2010.09
陈金山,0000008592,学习,重庆市委党校,,2010.09,2010.12
陈经勇,0000008596,本科,华南农业大学,经济,1985.09,1989.07
陈经勇,0000008596,研究生,广东省委党校,经济学,1996.09,1999.07
陈经勇,0000008596,研究生,华南农业大学,农业推广,2008.04,2010.06
陈景强,0000008598,学习,四川省南充蚕桑学校,,,1984.07
陈景强,0000008598,大专,四川电视大学,法律,1989.09,1991.07
陈景强,0000008598,研究生,四川省委党校,政治学,2001.09,2003.06
陈景强,0000008598,研究生,四川大学,行政管理学,2003.09,2006.09
陈景强,0000008598,学习,清华大学,现代经济管理,2006.09,2006.11
陈景强,0000008598,本科,西南政法大学,法学,1994.09,1997.07
陈竞,0000008600,学习,湖南省劳动人事学校,人事管理,1987.09,1990.07 
陈竞,0000008600,大专,中共湖南省委党校,行政管理,1991.08,1994.06 
陈竞,0000008600,本科,湖南师范大学,汉语言文学,1994.09,1997.06 
陈竞,0000008600,研究生,湖南师范大学,公共管理,,2008.12 
陈竞,0000008600,学习,湖南省委党校,,2009.03,2009.07 
陈敬聪,0000008601,学习,厦门水产学院,渔业机械,1972.10,
陈靖,0000008603,学习,杭州大学,中文系,1982.00,1984.00
陈靖,0000008603,本科,华东师范大学,政教系,1984.00,1987.00
陈靖,0000008603,研究生,华东师范大学,法学,1987.00,1989.00
陈靖,0000008603,博士,复旦大学,产业经济学,,
陈静彬,0000008605,本科,湖南农业大学,土壤与农业化学,1993.09,1997.07
陈静彬,0000008605,研究生,湖南农业大学,植物营养学,2000.09,2002.07
陈静彬,0000008605,博士,中南大学,管理科学与工程,2005.09,2010.12
陈可红,0000008612,中专,四川省委党校,党政管理,1987.08,1990.06
陈可红,0000008612,大专,四川师范大学,行政管理,1994.10,1997.12
陈可红,0000008612,本科,四川省委党校,经济管理,1998.09,2000.12
陈宽宏,0000008616,大专,华中农学院,林业特产,1981.09,1984.07
陈宽宏,0000008616,培训,中央团校团县市委书记岗位培训班,,1991.11,1991.12
陈宽宏,0000008616,培训,孝感市委党校,,1993.11,1994.01
陈宽宏,0000008616,研究生,湖北省委党校,经济管理,1996.09,1999.07
陈宽宏,0000008616,培训,湖北省委党校,,1998.03,1998.06
陈宽宏,0000008616,学习,香港中华总商会香港工商研讨班,,1999.09,1999.10
陈宽宏,0000008616,培训,湖北省委党校,,2010.03,2010.06
陈宽宏,0000008616,培训,新加坡南洋理工大学,公共管理与经济管理,2010.07,2010.08
陈匡辉,0000008617,本科,江西农业大学,畜牧,1980.09,1984.07
陈历章,0000008626,本科,西南师范大学,数学,1986.09,1990.07
陈历章,0000008626,研究生,四川大学,管理工程,1997.09,2000.07
陈丽岩,0000008629,专科,内蒙古自治区牙克石林业师范学校,专科班数学,1979.09,1981.08
陈丽岩,0000008629,本科,齐齐哈尔师范学院,数学,1986.08,1989.08
陈丽岩,0000008629,函授,中央党校,政治,1991.08,1993.12
陈林松,0000008633,研究生,,,,
陈琳,0000008634,本科,南京师范大学,数学,1982.09,1985.07
陈琳,0000008634,,,,1990.01,1992.06
陈琳,0000008634,研究生,南京大学,政治经济学,1997.09,1999.06
陈琳,0000008634,研究生,江苏省委党校,政治经济学,2003.09,2006.07
陈凌,0000008635,专科,文山高等师范专科学校,,1990.09,1993.07
陈凌,0000008635,本科,中央党校,法律,1999.09,2001.12
陈凌,0000008635,研究生,中国人民大学,,2002.09,2004.07
陈凌华,0000008636,本科,贵州大学,分析化学,1978.04,1982.01
陈凌华,0000008636,学习,贵州省委党校,,1992.09,1993.07
陈凌华,0000008636,培训,上海经济管理干部学院,,1995.03,1995.05
陈凌华,0000008636,学习,贵州省委党校,经济管理,1995.09,1998.07
陈凌华,0000008636,研修,清华大学,,1999.10,2000.01
陈凌华,0000008636,研究生,中央党校,政治经济学,2000.09,2003.07
陈凌华,0000008636,,贵州省委党校,,2007.10,2007.12
陈伦,0000008637,大专,福建省福州师范,中文,1978.04,1980.02 
陈伦,0000008637,研究生,中国社会科学院,市场经济,1996.12,1998.11
陈伦,0000008637,进修,福建省委党校,,1999.03,1999.06
陈棉生,0000008644,本科,华南理工大学,电子仪器及测量技术,1977.00,
陈棉生,0000008644,学习,华南理工大学,工商管理,1994.00,
陈明德,0000008646,大专,广东业余科技大学,工业企业管理,1985.02,1988.07
陈明德,0000008646,函授,中央党校,经济管理,1994.08,1996.12
陈明德,0000008646,学习,广州市委党校,,1996.03,1996.06
陈明德,0000008646,研究生,广东省委党校,经济学,1997.09,2000.07
陈明德,0000008646,学习,北京科技大学,工业工程,2000.09,2004.03
陈其银,0000008657,大专,中央党校,党政管理,1990.08,1993.06
陈其银,0000008657,本科,中央党校,政法,1996.08,1998.12
陈其银,0000008657,学习,兰州大学,经济法学,2000.09,2002.07
陈全顺,0000008662,本科,厦门大学经济系,财政金融专业,1975.09,1977.07
陈全顺,0000008662,研究生,厦门大学研究生院,应用经济学专业,1997.10,1999.01
陈群峰,0000008663,大专,广东行政学院,,1995.07,1997.07
陈群峰,0000008663,本科,广东省委党校,,1997.09,1999.12
陈群峰,0000008663,研究生,华南理工大学,工商管理,2009.00,2012.00
陈荣伟,0000008668,本科,湘潭大学,历史,1985.09,1989.09
陈汝孝,0000008670,本科,曲阜师范大学,中文系,,
陈锐,0000008671,本科,省委党校,,,
陈瑞喜,0000008673,本科,附件农学院,农业经济管理,,
陈厦生,0000008675,本科,华东师范大学,国土开发,1986.09,1990.07
陈厦生,0000008675,研究生,厦门大学,,1998.05,2000.08
陈绍明,0000008680,学习,大理师范,,1983.09,1986.07
陈绍明,0000008680,研究生,省委党校,,,
陈胜峰,0000008683,中专,乐清县委党校,,1985.09,1987.07
陈胜峰,0000008683,函授,中央党校,经济管理,1987.09,1990.07
陈胜峰,0000008683,研究生,浙江省委党校,社会发展,2003.03,2006.01
陈盛仪,0000008684,本科,中央党校,经济管理,,1992.12
陈盛仪,0000008684,学习,香港公开大学,工商管理硕士,,
陈淑惠,0000008695,研究生,中央党校,,,
陈天雄,0000008708,本科,西北师范大学,数学,1982.09,1986.07
陈天雄,0000008708,研究生,兰州大学,区域经济学,2000.09,2002.07
陈廷俊,0000008712,本科,西华师范大学,历史教育,1990.09,1994.07
陈廷俊,0000008712,培训,四川省委第二党校,,1995.10,1995.12
陈廷俊,0000008712,培训,德阳市委党校,,1999.10,1999.11
陈廷俊,0000008712,学习,泸州市委党校,,2002.03,2002.05
陈廷俊,0000008712,研究生,中央党校,经济学,2003.09,2006.06
李万忠,0000008713,本科,四川师范学院,汉语言文学,1985.09,1989.07
李万忠,0000008713,研究生,省委党校,政治,2000.09,2003.06
李万忠,0000008713,研修,北京大学,,2004.02,2004.06
陈万波,0000008715,研究生,湖北省委党校,,,
陈万峰,0000008716,学习,咸阳市委党校,,1985.09,1987.07 
陈万峰,0000008716,本科,陕西省委党校,经济管理,1995.09,1997.12
陈万峰,0000008716,研究生,陕西省委党校,马克思主义思想教育,2002.09,2005.07
陈万见,0000008717,学习,四川省达县农业学校,农业经济管理,1992.09,1995.07 
陈万见,0000008717,大专,西南财经大学,商业企业管理,1993.04,1997.04
陈万见,0000008717,本科,四川大学,行政管理,2002.03,2004.04 
陈万里,0000008718,大专,福建省晋江地区师范,中文,1979.06,1981.05
陈万里,0000008718,函授,中央党校,政法,1998.08,2000.12
陈卫红,0000008727,本科,复旦大学,数理统计,1986.09,1990.08
陈卫红,0000008727,研究生,新加坡南洋理工大学,新加坡南洋理工大学,,
陈文发,0000008729,本科,贵州省委党校,法律,,
陈文森,0000008737,大专,涪陵师范专科学校,化学,1984.09,1987.07
陈文森,0000008737,本科,重庆市委党校,经济管理,1997.09,1999.12
陈文森,0000008737,研究生,中国社科院,市场经济,1998.09,2000.07
陈文森,0000008737,研究生,重庆市委党校,党史党建,2003.09,2006.06
陈武南,0000008744,本科,汕头市业余大学,数学,1981.09,1985.07
陈武南,0000008744,研究生,广东省委党校,经济管理,1995.09,1998.07
陈锡明,0000008747,大专,扬州工学院,机械工程,,1993.06
陈锡明,0000008747,大专,南京大学,经济管理,,1998.06
陈锡明,0000008747,学习,南京大学,国际贸易,1998.09,2000.06
陈锡明,0000008747,本科,中央党校,经济管理,1999.08,2001.12
陈锡明,0000008747,研究生,江苏省委党校,区域经济学,2003.09,2006.07
陈锡明,0000008747,研究生,中欧国际工商学院,工商管理,2007.03,2009.09
陈咸华,0000008750,本科,,,,
陈献森,0000008751,研究生,清华大学,行政管理,2002.05,2004.04
陈献森,0000008751,研究生,北京大学,公共管理,2006.01,2008.07
陈湘飚,0000008752,本科,贵州省委党校,,,
陈祥荣,0000008754,本科,浙江水产学院,海洋捕捞,1981.09,1985.07 
陈祥荣,0000008754,研究生,浙江省委党校,经济学,1997.05,1998.12
陈祥荣,0000008754,培训,浙江省委党校,,2003.09,2003.12
陈向光,0000008756,学习,韩山师范专科学校中文系,中文专业,1982.09,
陈向光,0000008756,研究生,中央党校研究生院,法学理论专业,2008.09,2011.07
陈向光,0000008756,学习,中央党校县委书记研修,,2015.11,2016.01
陈肖坪,0000008757,本科,西北农业大学,水资源规划管理,1985.09,1989.07
陈肖坪,0000008757,学习,西北农林科技大学,经济管理,1999.10,2001.07
陈小和,0000008759,,西藏日喀则地区师范学校,师范,1984.09 ,
陈小和,0000008759,,山东教育学院,,1987.07,1989.03
陈小和,0000008759,,西藏大学,藏文学,1999.09,2002.09
陈晓东,0000008761,本科,扬州师范学院,中文,1986.09,1990.08
陈晓东,0000008761,学习,苏州大学,中文教育,1995.11,1997.07
陈晓东,0000008761,研究生,中央党校,经济管理,2002.09,2005.07
陈晓东,0000008761,博士,扬州大学,文学,,2010.12
陈晓明,0000008763,,河北政法管理干部学院,法律,1988.09,1990.07
陈晓明,0000008763,函授,中央党校,行政管理,1997.07,1999.12
陈晓明,0000008763,研究生,河北省委党校,经济管理,2001.09,2004.07
陈晓琼,0000008764,本科,贵州省委党校,法律专业,,
陈新丁,0000008766,本科,华南农业大学,,,
陈兴平,0000008774,大专,齐齐哈尔林业学校,财会,1989.09,1991.11
陈兴平,0000008774,,东北师范大学,经济管理,1994.09,1997.07
陈兴平,0000008774,,东北农业大学,经济管理,1998.07,2000.06
陈兴平,0000008774,,香港公开大学,人力资源管理,2002.09,2004.06
陈秀兴,0000008777,本科,山东经济学院,物资经济,1983.09,1987.07
陈秀兴,0000008777,研究生,山东省委党校,在职干部研究生班经济管理,2001.09,2004.06
陈璇,0000008782,研究生,陕西省委党校,公共管理,,
陈彦吉,0000008788,学习,天水渭南师范学校,,1982.09,1985.07 
陈彦吉,0000008788,学习,甘肃省委党校,文秘,1991.09,1993.07
陈彦吉,0000008788,学习,中央党校,党政管理,1995.08,1997.12
陈扬杰,0000008791,本科,四川蚕丝学校,蚕桑,1988.09,1992.07 
陈扬杰,0000008791,大专,四川省委党校,经济管理,1993.09,1996.06
陈扬杰,0000008791,本科,四川省委党校,法律专业,2003.09,2005.12
陈扬杰,0000008791,培训,成都市委党校,,2004.08,2004.11
陈扬杰,0000008791,培训,成都市委党校,,2006.07,
陈扬杰,0000008791,学习,西南交通大学,公共管理,2009.09,2011.10
陈阳山,0000008793,学习,江西省南昌林校,木材加工,1993.09,1997.07
陈阳山,0000008793,大专,江西省委党校,经济管理,1999.08,2002.06
陈阳山,0000008793,本科,中央党校,法律,2002.08,2004.12
陈阳山,0000008793,学习,云南大学,工程,2008.03,2009.12
陈阳霞,0000008794,学习,江西省赣州市第二期离岗学习培训班,,2004.10,2004.12
陈阳霞,0000008794,本科,江西省赣南师范学院,政教,,
陈义,0000008799,学习,甘肃省委党校,政治理论,1984.09,1986.08 
陈义,0000008799,进修,甘肃省委党校,,1994.03,1994.07
陈义,0000008799,本科,中央党校,党政管理,1995.08,1997.12
陈义,0000008799,进修,中央党校,,2001.09,2002.01
陈义,0000008799,进修,西北师范大学,区域管理与政策,2001.09,2003.07
陈忆秋,0000008800,专修,贵州电大,党政管理干部基础,1984.09,1986.07
陈忆秋,0000008800,学习,黔南州委党校,,1992.04,1992.06
陈忆秋,0000008800,学习,贵州省委党校,党校民干,1993.09,1993.12
陈忆秋,0000008800,本科,贵州省委党校,经济管理,1997.09,2000.06
陈忆秋,0000008800,学习,中央党校,,2010.05,2010.07
陈奕君,0000008802,研究生,,,,
陈英杰,0000008805,学习,南京第一地面炮兵学校,,1977.09,1978.09
陈英杰,0000008805,大专,保定市委党校,,1985.09,1987.09
陈英杰,0000008805,本科,中央党校,经管,1990.09,1992.12
陈英杰,0000008805,学习,河北大学,经济管理,1995.09,1997.09
陈英杰,0000008805,学习,中国社科院,,1996.09,1998.12
陈英杰,0000008805,进修,中央党校,,2003.09,2004.01
陈英文,0000008806,学习,佛山大学,应用化学,1991.09,1994.07
陈英文,0000008806,学习,广东省委党校,现代企业管理,1997.09,2000.07
陈英文,0000008806,研究生,武汉大学,工程,2007.09,2009.07
陈应春,0000008808,本科,中山大学,经济学,1978.02,1982.01
陈应许,0000008810,学习,温州农业学校,农学,1984.09,1987.07
陈应许,0000008810,函授,浙江省委党校,经济管理,1995.08,1998.06
陈应许,0000008810,本科,中央党校,经济管理,1999.08,2001.12
陈幼荣,0000008819,,华南师范学院,中文,,
陈玉皎,0000008824,,定西教育学院,中文,,
陈玉皎,0000008824,研究生,甘肃省委党校,,,
陈远华,0000008835,学习,和田地委党校,,1988.05,1988.11
陈远华,0000008835,函授,新疆自治区党委党校,函授经济管理,1989.09,1992.07
陈远华,0000008835,函授,中央党校,函授经济管理,1994.08,1996.12
陈远华,0000008835,学习,中央党校,,2009.09,2010.01
陈远华,0000008835,研究生,新疆生产建设兵团党委党校,国民经济学,,2004.07
陈远辉,0000008836,学习,四川省开县师范学校,,1973.10,1975.08
陈远辉,0000008836,学习,万县教育学院,中文,1979.08,1982.07
陈远明,0000008837,,广西梧州地区农机学校,农机修理,1979.09,1981.10
陈远明,0000008837,大专,广西自治区党委党校,政治,1987.09,1990.06
陈远明,0000008837,本科,中央党校,经济管理,1993.08,1995.12
陈远明,0000008837,研究生,广西师范大学,中国近现代史,1999.10,2001.10
陈云,0000008840,本科,华南师范大学,汉语言文学,1984.09,
陈云,0000008840,学习,广东省委党校,,2005.03,2005.07
陈云,0000008840,学习,暨南大学,经济学,2006.09,2009.01
陈云滚,0000008841,,江西永修师范学校,普师,1980.09,1982.07
陈云滚,0000008841,大专,江西广播电视大学,汉语言文学,1985.07,1988.10
陈再天,0000008845,本科,贵州财经学院,工业经济,1979.09,1983.08
陈再天,0000008845,学习,贵州省委党校,,1996.03,1996.07
陈再天,0000008845,进修,中央党校,,2002.03,2002.07
陈再天,0000008845,学习,贵州省委党校,,2003.08,2003.09
陈再天,0000008845,学习,贵州省委党校,,2004.10,2004.12
陈昭扬,0000008852,学习,晋江地区师专永春分班,中文专业,1979.04,1981.05
陈昭扬,0000008852,本科,福建省委党校第五期党政干部培训班（本科）,,1986.09,1988.08
陈昭扬,0000008852,学习,省委党校,,1985.00,
陈昭扬,0000008852,学习,市委党校组干班,,,
陈昭扬,0000008852,学习,县委书记岗位培训班,,,
陈昭扬,0000008852,学习,邓小平理论培训班,,,1992.00
陈兆荣,0000008855,本科,,,,
陈振聪,0000008856,学习,广东省民族学院,政治理论,1983.09,1987.07
陈振聪,0000008856,本科,中央党校,经济,1995.08,1997.12
陈振聪,0000008856,学习,北京师范大学,工商管理,1998.09,2000.07
陈振聪,0000008856,学习,北京师范大学,工商管理,1999.09,2002.07
陈振鸿,0000008857,大专,上海市财贸管理干部学院,,1983.09,1985.08
陈振鸿,0000008857,本科,华东师范大学,政教,1985.09,1988.02
陈振鸿,0000008857,学习,华东师范大学,法律,1993.05,1995.03
陈振鸿,0000008857,学习,上海市管理干部高级培训班,,1994.09,1996.05
陈振鸿,0000008857,学习,美国乔治亚理工大学,,1994.09,1996.05
陈振江,0000008859,本科,西北农林科技大学,水土保持,1981.09,1985.07
陈正永,0000008864,本科,重庆大学,,1983.09,1987.07
陈志,0000008866,研究生,,,,
陈志干,0000008868,研究生,广东省社科院,政治经济学,,
陈志雄,0000008872,本科,广东中医药大学,医疗,,1982.12
陈志英,0000008873,研究生,广东中医药大学,内科血证,,1989.07
陈治松,0000008874,学习,贵州省委党校,,2003.03,2003.07
陈治松,0000008874,学习,深圳经理学院,,2004.07,2004.09
陈治松,0000008874,研究生,贵州省委党校,政治学,2003.09,2006.06
陈忠杰,0000008878,本科,福州大学,工业电气自动化,,1983.07
陈宗荣,0000008888,大专,中央党校函授学院,经济管理专业,1995.08,1998.06
陈左,0000008889,本科,湛江医学院,医疗,1979.09,1984.08
谌试义,0000008892,本科,四川师范学院,历史系,1990.09,1994.07
谌试义,0000008892,研究生,四川大学,中国近现代史,1994.07,1997.07
谌试义,0000008892,学习,四川大学,法律,1998.09,2000.07
谌试义,0000008892,学习,四川省级机关党校,,2005.03,2005.05
谌试义,0000008892,学习,四川省委组织部培养班,,2013.10,2014.01
成兵,0000008893,学习,黔东南州委党校,,1987.07,1989.07
成兵,0000008893,本科,贵州省委党校,经济管理专业,1998.09,2001.07
成兵,0000008893,研究生,北京师范大学研究生院,教育经济与管理专业,2002.07,2004.06
成兵,0000008893,培训,贵州行政学院县长任职培训班,,2002.09,2002.11
成兵,0000008893,学习,贵州省委党校33期中青班,,2007.09,2008.01
成少平,0000008897,学习, 东北重型机械学院,轧钢机械,1986.09,1988.07 
成少平,0000008897,学习,兰州理工大学,经济管理,1988.07,1990.07
成伟,0000008898,学习,江苏工学院,工业管理工程,1986.02,1987.12 
成伟,0000008898,函授,山东干部函授大学,经济管理,1993.07,1996.06 
成伟,0000008898,研究生,山东省委党校,经济管理,2008.09,2011.06 
程大志,0000008904,本科,山东师范大学,中文系,1980.00,
程建国,0000008908,本科,吉林工业大学汽车系,汽车运输与修理专业,1978.02,
程建国,0000008908,培训,市委党校县处级干部培训班,,1996.09,1996.12
程江芬,0000008909,大专,天水师范专科学校,中文系,1987.09,1990.07
程江芬,0000008909,函授,中央党校,,1993.09,1995.12
程江芬,0000008909,学习,甘肃省委党校,,1995.03,1995.07
程江芬,0000008909,研究生,甘肃省委党校,政治经济学,2000.09,2003.06
程结林,0000008910,学习,新疆塔城地区师范学校,数理,,1982.07
程结林,0000008910,本科,江西省委党校,经济管理,,2010.12
程俊孝,0000008914,大专,赤峰师范学校,,1980.09,1982.08
程俊孝,0000008914,函授,内蒙古师范大学,函授中文,1982.09,1985.07
程俊孝,0000008914,培训,赤峰市委党校,,1996.09,1996.12
程俊孝,0000008914,本科,中央党校,经济管理,1998.08,2000.12
程俊孝,0000008914,培训,内蒙党校,,2013.09,2014.01
程少平,0000008920,学习,零陵地区商业学校,财会,1984.09,1986.07 
程少平,0000008920,大专,湖南财经学院,经济管理,1990.09,1993.06 
程少平,0000008920,学习,湖南大学,科技哲学,1996.09,1998.09 
程少平,0000008920,本科,中央党校,法律,2001.08,2003.12 
程守田,0000008922,大专,临沂师专,物理,1985.09,1987.07
程文杰,0000008925,研究生,,,,
程晓阳,0000008928,本科,甘肃工业大学,水力机械,1981.09,1985.07 
程新飞,0000008929,学习,江西畜牧水产学校,,,1991.07
程新飞,0000008929,函授,中央党校,经济管理,2007.09,2010.07
池宁,0000008941,本科,福建师范大学,中文系,,
赤来,0000008946,培训,中央党校,,1998.09,2000.07
赤来,0000008946,研究生,中央党校,经济管理,2004.03,2006.01
仇珂静,0000008950,大专,邵阳师专,英语,,
仇平贵,0000008951,中专,孝感地区工业学校,机械制造,1978.09,1981.01 
仇平贵,0000008951,学习,武汉大学,,1983.10,1986.10
仇平贵,0000008951,培训,孝感市委党校,,1993.09,1993.11
仇平贵,0000008951,学习,中央党校,政法,1996.08,1998.12
仇平贵,0000008951,进修,湖北大学,行政管理,1998.12,2001.03
仇平贵,0000008951,培训,中国浦东干部学院,,2008.10,2008.11
储朝晖,0000008953,专科,广西商业学校,商业财会,1981.09,1983.07
储朝晖,0000008953,函授,中南财经大学,商业会计,1984.09,1989.07
储朝晖,0000008953,研究生,东南大学,科学经济与决策管理,1997.07,1999.07
储朝晖,0000008953,研究生,澳门科技大学,,2002.03,2004.06
储朝晖,0000008953,博士,澳门科技大学,工商管理学,2004.09,2008.06
储永宏,0000008954,大专,江苏省商业专科学校,统计,1983.09,1986.08
储永宏,0000008954,本科,河海大学,思想政治教育,1999.09,2001.06
储永宏,0000008954,研究生,中央党校,经济学,2007.09,2010.06
褚新年,0000008960,学习,常德地区供销学校,企业管理,1982.09,1984.07
褚银良,0000008961,本科,天津大学,建筑结构,1980.09,1984.09
褚银良,0000008961,研究生,天津大学,结构工程,1984.09,1987.03
次仁龙培,0000008963,学习,西藏大学,历史,1900.09,
丛科明,0000008965,,复旦大学,经济管理,1984.09,1988.08
丛科明,0000008965,研究生,哈尔滨工业大学,环境工程,1999.09,2001.11
丛科明,0000008965,博士,哈尔滨工业大学,环境工程,2002.09,2010.07
崔博,0000008973,本科,延安大学,哲学,1987.09,1991.07
崔博,0000008973,大专,西北建筑工程学院,工民建筑,1991.00,1994.00
崔博,0000008973,研究生,中央党校,法律,,
崔存利,0000008975,本科,河北大学,哲学系,1979.09,
崔逢池,0000008978,学习, 广东教育学院,政治系,1983.09,1985.07 
崔光德,0000008980,本科,,,,
崔建发,0000008989,,河北电大,企管,1986.09,1988.08
崔建发,0000008989,函授,中央党校,经管,1995.08,1997.12
崔建发,0000008989,研究生,省委党校,经济管理,2007.09,2010.06
崔鹏,0000008999,本科,中央党校,经济管理,,
崔青,0000009000,大专,湛江农业专科学校,,1987.09,1990.07
崔青,0000009000,本科,中央党校,经济,1993.09,1995.12
崔青,0000009000,研究生,广东省委党校,党建,1996.07,1999.07
崔瑞祥,0000009002,研究生,中央党校,,,
崔士霞,0000009004,,衡水师专,数学系,1980.00,1982.00
崔士霞,0000009004,函授,中央党校,经管,1995.00,1997.00
崔述强,0000009006,学习,北京市第一六五中学,,1978.09,1981.07
崔述强,0000009006,本科,北京财贸学院,工商行政管理,1981.07,1985.07
崔述强,0000009006,访问学者,加拿大麦克马斯特大学,,2001.07,2002.07
崔述强,0000009006,学习,中国社会科学院,货币银行学,1996.12,1998.11
崔述强,0000009006,研究生,长江商学院,工商管理,2005.10,2007.09
崔述强,0000009006,博士,华中科技大学,西方经济学,2005.09,2012.11
崔万峰,0000009008,函授,中央党校,经济管理,1997.08,1999.12
崔万峰,0000009008,学习,中国农业大学,经济管理,2002.01,2004.07
崔英魁,0000009014,本科,山东大学,哲学系,1985.09,1989.07
崔莹,0000009015,本科,黑龙江大学,政治经济学,1978.10,1982.08
崔莹,0000009015,研究生,黑龙江大学,中国经济思想史,1983.09,1986.08
崔莹,0000009015,培训,中央党校,,2004.09,2005.01
崔永辉,0000009016,本科,华中师范大学,政治教育,1987.09,1991.07
达布希拉图,0000009023,本科,内蒙古农牧学院,兽医,1984.09,1989.08
达布希拉图,0000009023,研究生,,,,
代钦,0000009031,本科,内蒙古师范大学,政治教育,1985.09,1989.07
戴北方,0000009034,学习,华南师范大学,中文,1977.01,1980.08
戴北方,0000009034,学习,上海交通大学,工商管理,1994.06,1997.07
戴锋,0000009037,本科,中央党校,,,
戴建平,0000009042,大专,浙江广播电视大学,汉语言文学,1982.09,1985.08
戴建平,0000009042,研究生,浙江省委党校,经济学,2003.03,2006.01
戴龙成,0000009044,本科,南京理工大学,机制工艺与设备,1994.09,1998.07
戴龙成,0000009044,研究生,南京理工大学,兵器发射理论与技术（计算机仿真方向）,1998.07,2002.09
戴培吉,0000009047,本科,西北林学院,水保,1991.09,1995.07
戴清堂,0000009049,本科,华中农业大学,农村能源,1988.09,1990.07
戴清堂,0000009049,研究生,华中农业大学,农业推广,2010.03,2010.04
戴荣江,0000009051,研究生,江苏省委党校,,,
戴树胜,0000009053,学习,天津南开大学,,2000.02,2000.05
戴树胜,0000009053,学习,清华大学,经济管理,2001.08,2002.08
戴树胜,0000009053,函授,河北省委党校,经济管理,2001.09,2003.12
戴树胜,0000009053,学习,清华大学,经济管理,2004.05,2005.03
戴树胜,0000009053,函授,河北省委党校,经济管理,2004.09,2007.07
戴树胜,0000009053,学习,中国少数民族干部培训中心,,2009.05,2009.06
戴树胜,0000009053,学习,上海复旦大学,,2010.04,2010.05
戴树胜,0000009053,学习,清华大学,,2011.05,2011.06
戴晓慧,0000009056,本科,中央党校,,,
戴志勇,0000009059,学习,美国菲尼斯市,,1999.09,1999.12
单霁翔,0000009062,博士,清华大学,城市规划,2003.00,
单坚,0000009063,研究生,中央党校,,,
单向前,0000009065,本科,北京师范大学,教育管理,1991.09,1995.08
单向前,0000009065,研究生,中国社会科学院,研究生院新闻学,1997.03,2000.08
单向前,0000009065,博士,中国人民大学,西方经济学,2004.09,2007.07
单晓敏,0000009066,本科,江西财经大学,,1990.09,1994.06
单永红,0000009068,本科,北京农业大学,昆虫专业,1987.09,1991.07 
旦巴旺久,0000009071,中专,西藏自治区阿里地区中等专业学校,师范,1978.09 ,
旦巴旺久,0000009071,学习,山西省太原市师范专科学校,师资专业,1988.09,1990.07
旦增尼玛,0000009074,学习,西藏农牧学院,兽医,1993.09 ,
旦增尼玛,0000009074,本科,中央党校,公共管理,2006.08,2008.12
党峰,0000009075,学习,巴音郭楞蒙古自治州师范,普师专业,,
党国,0000009076,学习,青海省委党校民干班,,1985.08,1988.08
刀锋,0000009082,,澜沧师范学校,,1981.09,1984.07
刀锋,0000009082,大专,中央党校,,1999.08,2002.06
刀锋,0000009082,本科,中央党校,,2000.09,2002.12
邓碧泉,0000009091,,湛江师范学院,中文,1978.05,
邓碧泉,0000009091,本科,广东省委党校,党建理论,1983.09,1985.07
邓碧泉,0000009091,研究生,广东省委党校,经济学,1995.09,1998.07
邓斌,0000009092,,攀枝花大学,秘书专业,1987.09,1990.07
邓斌,0000009092,函授,四川省委党校,经济管理,1994.08,1996.12
邓斌,0000009092,本科,高等教育自学考试法律本科,法律,2003.00,2005.00
邓光吕,0000009101,学习,湖南省公安干部学校,司法,1980.09,1982.07 
邓惠林,0000009103,本科,广州师范学院,物理,1983.09,1987.07 
邓惠林,0000009103,学习,广东省社科院,经济管理,1999.09,2000.02 
邓惠林,0000009103,学习,北京师范大学,管理,2007.05,2009.10
邓娟娟,0000009110,本科,广西师范学院,中国现当代文学专业,,2010.10
邓敏,0000009115,本科,广东民族学院,中文,1983.09,1987.08 
邓敏,0000009115,学习,北京师范大学,经济,1998.09,2000.07
邓乃平,0000009116,本科,北京市委党校,经济管理,,
邓宁,0000009117,大专,黑龙江省建工校,暖通,1988.09,1990.07
邓启鹏,0000009121,研究生,中共贵州省委党校,,,
邓伟,0000009129,学习,宜春师范专科学校,化学,1982.09,1985.08 
邓伟,0000009129,函授,中央党校,经济,1992.08,1994.12
邓伟,0000009129,学习, 国家化工部政法司、生产协调司跟班学习,,1995.06,1996.09 
邓伟,0000009129,研究生,华中科技大学,工商管理,2008.09,2011.12
邓文昌,0000009130,本科,西藏大学,汉语言文学,1986.09 ,
邓夏思,0000009131,学习,汕头市业余大学,中文专业,1985.09,1988.07
邓夏思,0000009131,本科,中央党校,法律专业,2007.08,2009.12
邓小刚,0000009132,本科,湖南农学院,畜牧,1985.09,1989.09
邓小刚,0000009132,学习,北京农业大学,发展经济学,1989.09,1992.08
邓小刚,0000009132,学习,国务院发展研究中心、清华大学、美国哈佛大学联合承办的公共管理高级培训班,,2002.05,2002.09
邓小刚,0000009132,学习,中国农业大学,农业经济管理,1996.09,2000.07
邓延发,0000009135,学习,渤海大学,中文系,,1987.00
邓彦芳,0000009136,研究生,,,,
邓雁平,0000009137,学习,山西省委党校,机要业务,1980.04,1981.09
邓雁平,0000009137,培训,省委党校第30期中青年干部培训班,,2001.03,2001.07
邓应明,0000009140,学习,贵州省委党校,,1983.09,1985.08
邓泽永,0000009144,学习,海南自治州农业学校,农学,1980.10,1983.08
邓泽永,0000009144,大专,中央党校,,1992.08,1995.06
邓泽永,0000009144,学习,吉林大学,国民经济,2000.09,2002.09
邓泽永,0000009144,学习,国家行政学院,,2005.09,2005.12 
邓泽永,0000009144,本科,中央广播电视大学,法学,2004.09,2006.09
邓泽永,0000009144,学习,中国浦东干部学院,,2007.09,2007.10
邓泽永,0000009144,研究生,中央党校,经济学,2009.03 ,2011.01
邓正安,0000009147,本科,华中师范大学,汉语言文学,1988.09,1991.07
邓志聪,0000009148,大专,中共广东省委党校,经济管理,1998.09,2001.07
邓志聪,0000009148,本科,中共广东省委党校,公共管理,2008.02,2010.07
邓志宏,0000009149,本科,昆明工学院,选矿,1985.09,1989.08
邓志宏,0000009149,学习,浙江大学、贵州工业大学工商管理硕士研究生课程进修班,,1995.09,1997.07
邓志宏,0000009149,学习,贵州省委党校,,2007.03,2007.05
邓宗祥,0000009153,本科,中央党校,,,
狄志强,0000009156,本科,南京化工学院,有机化工,1989.09,1993.07
狄志强,0000009156,研究生,江苏省委党校,区域经济学,1999.02,2001.12
地力毛拉提·依布拉音,0000009159,大专,天津大学新疆民族班,经济管理专业,,
地力夏提·库尔班,0000009160,本科,南京大学国际商学院,经济专业,,1990.07
迭目江腾,0000009165,本科,西北民族大学,,1993.09,1997.07
丁光东,0000009173,本科,西北民族学院政治系,政治理论专业,1990.09,1994.06
丁光东,0000009173,研究生,华中理工大学高等教育研究生课程进修班,,2001.10,2003.09
丁光东,0000009173,学习,省委党校少数民族干部中青班,,2003.03,2003.06
丁海堂,0000009174,本科,山东农业大学,农学,1980.08,1984.07
丁海堂,0000009174,研究生,山东省委党校,,1997.09,1999.06
丁红都,0000009175,本科,天津大学应用化学系,高分子化工专业,1981.09,1985.07
丁红都,0000009175,本科,南开大学政治学系,思想政治教育专业,1987.09,1989.07
丁红都,0000009175,研究生,中山大学,高级管理人员工商管理专业,2008.10,2010.07
丁生才,0000009187,本科,清华大学水利系,,1974.00,
丁雄军,0000009195,本科,武汉大学,高分子专业,1991.09,1995.07 
丁雄军,0000009195,研究生,武汉大学,高分子化学与物理,1996.09,
丁雄军,0000009195,博士,武汉大学,高分子化学与物理,,2001.07 
丁旭初,0000009196,本科,中央党校,,,
丁薛祥,0000009197,本科,东北重型机械学院,锻压工艺及设备,1978.10,1982.08
丁雪钦,0000009198,大专,山西省委党校,行政管理,1990.09,1992.07
丁彦明,0000009199,专科,新疆兵团师范专科学校,体育,1988.09,1990.07
丁翊强,0000009203,本科,山东省委党校,哲学专业,1984.09,1988.07 
丁翊强,0000009203,进修,天津财经学院企业管理专业研究生课程进修班,企业管理,1998.05,2000.05
丁翊强,0000009203,学习,山东省泰安市党校,,2000.09,2001.01
丁应虎,0000009205,本科,四川师范学院,政治学,1987.09,1991.07
丁应虎,0000009205,学习,西南师范大学,思想政治教育,1997.07,1999.07
丁应虎,0000009205,培训,四川省委党校,,2002.07,2002.08
丁应虎,0000009205,学习,清华大学,公共管理,2004.05,2004.06
丁应虎,0000009205,研究生,四川大学,公共管理,2005.09,2007.09
丁匀,0000009210,专科,贵州省黔南民族师范专科学校,中文,1978.11,1980.08
丁匀,0000009210,本科,高等教育自学考试,汉语言文学,1987.04,1995.12
丁匀,0000009210,学习,同济大学,,2003.10,2003.11
丁振,0000009213,学习,贵州省政法管理干部学院,法律,1987.09,1989.08
丁振,0000009213,本科,中央党校,党政专业,1995.09,1997.07
丁振,0000009213,研究生,中央党校,经济管理,2002.09,2005.07
董安学,0000009217,,公安部管理干部学院,山西分院公安管理,1993.09,1995.07
董安学,0000009217,本科,中央党校,,2003.09,2005.12
董安学,0000009217,学习,中央党校,,2007.03,2009.01
董安学,0000009217,研究生,中央党校,经济学（经济管理）,2008.03,2010.01
董德洪,0000009224,中专,四川省甘孜州农牧学校,,1984.09,1988.07
董德洪,0000009224,学习,四川省委党校,行政管理,1996.08,1999.06
董德洪,0000009224,本科,四川省委党校,行政管理,2000.08,2002.12
董和平,0000009232,本科,华南理工大学,化学工程,1982.09,1986.06
董和平,0000009232,研究生,华南理工大学,企业管理,1998.09,2002.07
董建,0000009235,研究生,自治区党委党校党员领导干部研究生班,科学社会主义与国际共运专业,,2003.07
董岚,0000009243,本科,西南政法学院,法学,1989.09,1993.06
董岚,0000009243,研究生,湖南大学,经济法,1999.09,2002.06
董岚,0000009243,博士,湖南大学,经济法,2003.09,2007.12
董里,0000009245,本科,中国青年政治学院,思想政治教育,1991.09,1995.07
董里,0000009245,培训,,,1999.05,1999.09
董里,0000009245,博士,西南交大,管理科学与工程专,,2011.06
董茂成,0000009247,专科,宜宾农校,农学,1986.09,1990.07
董茂成,0000009247,大专,西南政法大学,法律,1995.09,1997.07
董茂成,0000009247,本科,省委党校,经济管理,1998.09,2001.07
董茂成,0000009247,培训,省委党校,,2010.09,2010.11
董鸣镝,0000009248,本科,河北工学院,公路与城市道路工程,1987.09,1991.09
董平,0000009250,研究生,江苏省委党校,,,
董旭光,0000009267,本科,太原工业大学,水利系,,1985.00
董沂峰,0000009269,本科,山东经济学院,计划统计,1980.09,1984.07
董沂峰,0000009269,研究生,省委党校,经济管理,1999.09,2002.06
董沂峰,0000009269,培训,美国马里兰大学,,2005.04,2005.10
董沂峰,0000009269,培训,山东省委党校,,2011.03,2011.07
董玉毅,0000009271,本科,清华大学化学系,,1997.00,
董玉毅,0000009271,研究生,清华大学,企业管理,2001.00,
董志刚,0000009278,本科,中央党校,,,
窦灿辉,0000009283,本科,安徽大学,法学,1986.09,1990.07
窦三马,0000009284,大专,晋东南师范,,1983.09,1986.07
窦孝解,0000009286,本科,中国人民解放军昆明陆军学院,指挥,1983.09,1987.07
窦孝解,0000009286,函授,北京人文函授大学,行政管理,1989.01,1991.07
窦孝解,0000009286,学习,首都经济贸易大学,金融,1994.07,1996.07
杜和平,0000009294,本科,西南师范大学,政治系,1980.09,1984.07
杜和平,0000009294,学习,中国社会科学院,投资管理,1996.09,1998.07
杜怀丹,0000009297,大专,中山大学,财政学,,
杜家才,0000009299,学习,汉中地委党校,,1988.08,1990.07
杜家才,0000009299,函授,中央党校,经济管理,1993.08,1996.06
杜家才,0000009299,学习,西北大学,经管,2003.08,2005.07
杜联合,0000009308,本科,内蒙古工业大学,路桥,1990.09,1994.07
杜联合,0000009308,研究生,大连理工大学,工商管理,2007.04,2010.01
杜宁让,0000009311,研究生,,,,
杜少华,0000009317,本科,中央党校,,,
杜小刚,0000009322,本科,南京大学,国际金融,1995.09,1999.08
杜小刚,0000009322,培训,江苏省委党校,,1999.08,1999.09
杜小刚,0000009322,学习,京大学与荷兰特里赫特管理学院合作办学工商管理专业,,,2008.06
杜晓勇,0000009323,,湖南省财经学院,财会,1991.09,1994.07
杜振波,0000009336,本科,山东工业大学,金属材料及热处理,1992.08,1996.07 
段昌林,0000009340,研究生,湖北省委党校,,,
段成刚,0000009342,学习,重庆第二机械工业学校,机械制造,1980.09,1983.08
段成刚,0000009342,大专,四川省高等教育党政干部专业自考大专,,1984.04,1987.10
段成刚,0000009342,学习,四川省委党校,,1993.09,1994.01
段成刚,0000009342,研究生,四川省委二党校,党建,1995.09,1997.06
段冬梅,0000009344,本科,云南省委党校,,,
段俊辉,0000009346,,中央党校,经济管理,,
段伟长,0000009352,学习,湖南新化师范学校,,1984.09,1987.07 
段卫东,0000009353,本科,山东省委党校,党史党建,1984.09,1988.07
段卫东,0000009353,研究生,山东省委党校,在职干部研究生班经济管理,2004.09,2007.06
段新,0000009357,研究生,,,1996.09,1999.06
段艳玲,0000009359,大专,辽阳师范专科学校,政史专业,,
段艳玲,0000009359,本科,辽宁省委党校,经济管理,,
段宇飞,0000009365,大专,韶关卫生学校,医疗专业,1978.10,1981.10
段宇飞,0000009365,进修,暨南大学医学院,,1986.10,1987.09
段宇飞,0000009365,本科,湖南医科大学,临床医学,1987.09,1989.07
段宇飞,0000009365,研究生,广东省委党校,经济学,1996.09,1999.07
段宇飞,0000009365,学习,广东省委党校,,1999.03,1999.07
段宇飞,0000009365,学习,广东省高层次管理人才培训班赴美国夏威夷大学工商行政管理学院学习,,2003.08,2004.08
段宇飞,0000009365,研究生,武汉大学,电子政务,2007.09,2009.07
段智深,0000009370,大专,,,,
顿珠群培,0000009374,本科,法律业大西藏分校,,1997.08,1998.08
多里坤·堆山拜,0000009379,研究生,新疆维吾尔自治区党校,经济管理,,2010.07
樊得智,0000009383,学习,甘肃省委党校,哲学,1985.09,1987.07
樊得智,0000009383,学习,中纪委举办的纪检监察干部培训班,,1995.10,
樊得智,0000009383,学习,中央党校,经济管理,1996.08,1998.12
樊得智,0000009383,进修,西北师范大学,区域经济管理,2001.06,2003.12
樊得智,0000009383,培训,中央党校,,2008.11,
樊得智,0000009383,研究生,甘肃省委党校,领导学,2008.09,2011.06
樊文,0000009391,大专,内蒙古自治区巴彦淖尔河套大学,淡水养渔专业,1987.09,1989.07
樊正学,0000009393,本科,,,,
范宝军,0000009396,本科,中央党校,经济管理专业,1996.12,
范波涛,0000009398,本科,中央党校,,,
范福生,0000009401,研究生,山东省委党校,,,
范高净,0000009402,本科,中央党校,经济管理,1991.09,1993.12 
范高净,0000009402,学习,南京大学,涉外经济与行政管理,1998.09,2000.07 
范金樯,0000009405,学习,中山大学法律系干部专修班,,1982.09,1984.07
范洛森,0000009408,本科,安徽师范大学,,1978.09,
范寿柏,0000009412,本科,中央党校,经济管理,,2001.12
范寿柏,0000009412,学习,同济大学,工商管理,,2008.08
范文明,0000009414,本科,长春税务学院,财政学,2004.01,2007.01
范武德,0000009415,学习,甘南师范学校,,1979.09,1981.08
范武德,0000009415,大专,辽宁刊授党校,经济管理,1997.01,1981.07
范武德,0000009415,函授,中央党校,法律,2001.08,2003.12
范宜军,0000009419,中专,广东省梅州市师范学校,,1981.09,1984.07
范宜军,0000009419,大专,在广东省嘉应教育学院,生化,1986.01,1988.12
范宜军,0000009419,本科,广东省委党校,经济管理,1997.09,1999.12
范宜军,0000009419,研究生,广东省社会科学院,政治经济学,1999.11,2002.12
范毅,0000009420,中专,成都市粮食学校,,1984.09,1987.01
范毅,0000009420,大专,四川省干部函授学院,,1989.08,1991.07
范毅,0000009420,本科,中共四川省委党校函授学院,经济管理专业,1995.09,1997.01
范永红,0000009422,研究生,北京大学光华管理学院,工商管理,,
范兆森,0000009426,,山西省水利学校,水利工程,1983.09,1987.07
范志益,0000009427,学习,华南理工大学,食品科学与工程,1985.09,
范志益,0000009427,学习,广东省委党校,,2007.03,2007.07
范志益,0000009427,学习,中山大学,,2008.04,2010.06
范志益,0000009427,学习,广东省第14期领导干部美国(斯坦福大学)高级培训班,,2013.08,2013.09
方百春,0000009428,,抚州农校,,1981.09,1983.07
方桂林,0000009434,专科,江苏省水利工程专科学校,水利工程,1986.09,1989.07
方桂林,0000009434,本科,河海大学,农田水利建筑,1992.09,1995.07
方桂林,0000009434,研究生,河海大学,工程硕士,2001.09,2008.06
方海洋,0000009435,本科,吉林农业大学,畜牧,1982.09,1986.07
方海洋,0000009435,本科,日本中央学院大学,国际贸易,1990.04,1992.03
方海洋,0000009435,研究生,日本东京农工大学,农业经济学,1992.04,1994.03
方海洋,0000009435,博士,日本东京大学,资源经济学,1994.04,1998.05
方汉藩,0000009436,本科,华南农学院,林学,1978.09,1982.08
方虎城,0000009437,大专,榆林地委党校,经济管理,1985.07,1987.06
方虎城,0000009437,本科,中央党校,经济管理,1994.08,1996.12
方惠萍,0000009438,研究生,中欧国际商学院,工商管理,,
方佳军,0000009439,本科,北京大学,经济学,1983.09,1987.07
方佳军,0000009439,学习,重庆市委党校,,1997.10,1998.01
方佳军,0000009439,学习,重庆市委党校,,2002.03,2002.06
方佳军,0000009439,研究生,重庆大学,建筑与土木工程,2000.09,2003.06
方健忠,0000009440,研究生,浙江省委党校,,,
方军,0000009442,本科,山东省聊城师范学院,政治系,1981.09,1985.08
方军,0000009442,研究生,北京师范大学,马克思主义哲学,1985.09,1988.07
方南玲,0000009446,本科,湖南财经学院,统计,,
方赛妹,0000009449,学习,普宁师范学校,,1986.09,1989.07
方赛妹,0000009449,学习,韩山师范学校,政治,1989.09,1991.07
方赛妹,0000009449,本科,中央党校,经济管理,1996.08,1998.12
方赛妹,0000009449,研究生,中央党校,经济管理,2002.09,2005.07
方赛妹,0000009449,学习,广东省市厅级领导干部赴美国哥伦比亚大学培训班,,2005.07,2005.09
方世忠,0000009450,博士,华东师范大学,哲学,,1990.07
方世忠,0000009450,访问学者,日本九州共立大学,,1998.08,1999.08
方世忠,0000009450,学习,中欧国际工商学院,工商管理,2004.00,2006.00
方世忠,0000009450,培训,美国宾夕法尼亚大学,,2010.10,2010.11
方文,0000009453,大专,安徽师范大学自考大专,汉语言文学,1986.04,1989.06
方文,0000009453,本科,中央党校,经济管理,1992.08,1994.12
方文,0000009453,学习,南京大学,行政管理,1999.09,2001.07
方文,0000009453,学习,东南大学,公共事业管理,2001.09,2003.07
方文,0000009453,研究生,江苏省委党校,行政管理,2003.02,2004.07
方文,0000009453,学习,中央党校,,2014.11,2015.01
方霞云,0000009455,本科,中央党校,,,
方瑜垠,0000009459,学习,郑州大学,汉语言文学,1978.03,1981.12 
方裕谦,0000009460,本科,贵州省农学院,农业经济管理,1992.09,1996.07
方裕谦,0000009460,研究生,中共贵州省委党校,经济学,2004.09,2007.06
方志宏,0000009468,本科,合肥工业大学,农田水利,1978.09,1982.08
方仲泰,0000009471,学习,省立福建师范学校,,1941.07,
房和平,0000009472,学习,甘肃省财贸学校,,1978.03 ,1980.01
费洪海,0000009478,学习,吉林大学,世界经济,,
费长辉,0000009480,本科,赣南师范大学,中文,1987.09,1991.07
丰程秀,0000009481,大专,山东省临沂师专,政史专业,,1964.08
冯安龙,0000009485,本科,北京农业大学,植物病理,1983.09,1987.07
冯德校,0000009488,学习,零陵师专,化学,1983.09,1986.07 
冯德校,0000009488,本科,湖南省济管理干部学院,企业管理,1997.09,2000.06 
冯德校,0000009488,学习,湖南省委党校,,2007.09,2008.01 
冯殿辉,0000009489,本科,,,,
冯富基,0000009492,,广州海运学校,,1984.09,1987.01
冯富基,0000009492,大专,广州广播电视大学,汉语言文学,1988.09,1991.07
冯富基,0000009492,本科,广东省委党校,行政管理,2001.09,2003.12
冯国忠,0000009496,本科,广西大学化工系,无机化工专业,,1982.00
冯红云,0000009497,研究生,党校,,,
冯建湘,0000009500,,长沙交通学院,港口及航道工程,1979.09,1983.07
冯军,0000009501,研究生,中央党校,,,
冯鲁伟,0000009510,,西藏民族学院,汉语言文学,1990.09 ,
冯善国,0000009514,研究生,吉林省委党校,,,
冯守权,0000009516,,鞍山钢铁学院,,1984.09,1988.07
冯守权,0000009516,研究生,天津大学,技术经济,1993.12,1997.04
冯守权,0000009516,博士,东北大学,科技哲学,1998.03,2000.03
冯寿宗,0000009517,大专,广州市农业管理干部学院,农业经济管理专业,1988.00,1989.00
冯寿宗,0000009517,研究生,省委党校经济学专业本科和在职研究生班,,1999.00,2002.00
冯寿宗,0000009517,进修,中央党校第七期县委书记进修班,,2003.00,2004.00
冯彤,0000009519,本科,西南农业大学,农产品储藏加工,1987.09,
冯彤,0000009519,研究生,西南农业大学,农产品储藏加工,,1994.07　
冯彤,0000009519,学习,夏威夷大学,,2002.08,2003.08
冯永刚,0000009533,本科,西南师范大学,地理教育,1991.07,1995.07
冯永刚,0000009533,培训,四川省委组织部第四期选调生班,,1996.10,1996.12
冯永刚,0000009533,培训,达州市委党校,,2002.09,2002.11
冯永刚,0000009533,研究生,四川省委党校,行政管理,2004.09,2007.07
冯永清,0000009534,本科,陕西师范大学,中文,1984.09,1988.07
冯永清,0000009534,,西北大学,工商,2001.06,2003.10
冯振东,0000009540,,陕西省水利学校,机电,1982.09,1986.07 
冯振东,0000009540,本科,北京水利水电函授学院,工程建筑,1989.09,1995.12 
冯振东,0000009540,本科,中央党校,党政管理,1996.08,1998.12 
冯振东,0000009540,研究生,西北大学,行政管理,2005.04,2007.04 
冯振东,0000009540,博士,西北大学,经济管理,2008.07 ,
冯忠宏,0000009546,,牡丹江师范学院,,1989.09,1993.07
冯忠宏,0000009546,研究生,黑龙江省委党校,经济管理,2002.03,2009.05
凤剑峰,0000009549,本科,安徽大学,应用数学,1980.09,1984.07　
伏玉琼,0000009552,,阆中师范学校,,1986.09,1989.07 
伏玉琼,0000009552,本科,四川省委党校,法律,1999.09,2001.12
伏玉琼,0000009552,学习,广元市委党校,,2002.09,2002.11
伏玉琼,0000009552,大专,四川省委党校,经济管理,1996.09,1999.06
伏玉琼,0000009552,培训,四川省委党校,,2003.04,2003.06
伏玉琼,0000009552,研究生,中央党校,经济管理,2003.09,2006.07
伏玉琼,0000009552,培训,四川省委党校,,2005.11,2006.01
伏玉琼,0000009552,学习,第17期县区长“经济发展方式转变与经济结构调整”专题研讨班,,2010.05,
符成安,0000009553,大专,湖南省委党校,经济管理,1995.08,1997.12 
符成安,0000009553,本科,中央党校,经济管理,1997.08,1999.12
符革,0000009556,本科,广东民族学院,政治理论,1987.09,1991.07 
符革,0000009556,本科,中央党校,经济管理,1993.08,1995.12
符革,0000009556,研究生,海南省委党校,经济管理,1999.09,2002.08
符革,0000009556,学习,天津大学,管理科学与工程,2006.09,2008.05
符礼伟,0000009559,学习,海南省组织部中青班,,2006.08,2006.10
符立东,0000009560,本科,中山大学,大气科学,1983.09,1987.07
符立东,0000009560,研究生,中国人民大学,农村发展战略,1987.09,1989.01
符跃兰,0000009566,学习,海南自治州委党校,,1983.09,1985.12
符跃兰,0000009566,学习,广东省委党校,,1987.03,1987.07
符跃兰,0000009566,本科,中央党校,党政管理,1990.08,1992.12
符跃兰,0000009566,学习,中央党校,,2006.03,2006.08
付贵林,0000009570,,贵州农学院,,1978.03,1981.08
付贵林,0000009570,研究生,贵州省委党校,经济学,,
付国汉,0000009571,研究生,中央党校,,,
付天平,0000009575,大专,延安大学,政教,1983.08,1985.07
付天平,0000009575,本科,中央党校,经济管理,1998.08,2000.12
付天平,0000009575,学习,上海师范大学,行政管理,2000.09,2002.06
傅藏荣,0000009578,本科,福建师范大学,政治教育,1989.09,1993.07
傅藏荣,0000009578,学习,美国北弗吉尼亚大学,工商管理,2004.04,2006.07
傅藏荣,0000009578,研究生,中央党校,经济管理,2008.09,2011.07
傅希,0000009589,本科,,,,
傅信平,0000009592,本科,西南政法学院,法律,1982.09,1986.09
傅信平,0000009592,研究生,中国政法大学,刑事诉讼法,1986.09,1988.07
傅信平,0000009592,培训,国家行政学院,,2006.03,2006.06
傅学宾,0000009594,本科,云南省委党校,,,
傅学坤,0000009595,本科,甘肃工业大学,机械制造工艺设备,1986.09,1990.06 
傅学坤,0000009595,研究生,西南财经大学,工商管理,1998.03,2000.06
傅学坤,0000009595,学习,中央党校,,2003.09,2004.01
傅学坤,0000009595,博士,四川大学,政治经济学,2002.09,2005.06
傅学智,0000009596,研究生,广东省社会科学院,,,
傅一夫,0000009597,,救亡干部学校,,1938.02,
傅宗鉴,0000009604,本科,陕西富平师范学校,,1947.00,
傅宗鉴,0000009604,本科,延安大学,,1949.03,
嘎拉扎布,0000009605,本科,内蒙古农牧学院,兽医,1984.09,1989.07
嘎拉扎布,0000009605,研究生,内蒙古农业大学,,2000.09,2003.07
盖焕友,0000009608,,依兰师范学校,,1987.09,1989.09
盖焕友,0000009608,研究生,中央党校,法律,2002.08,2004.02
盖卫星,0000009609,本科,山东经济学院,物资经济,1988.09,1992.07
盖卫星,0000009609,研究生,省委党校,在职干部研究生班经济管理,2001.09,2004.06
甘孝礼,0000009617,学习,甘肃省委党校,,2006.09,2007.01
高忱,0000009628,本科,内蒙古民族师范学院,政史,1983.09,1987.08
高福强,0000009641,本科,四川大学,,2002.09,2004.12
高寒,0000009646,本科,延安大学,,1985.09,1989.07
高加军,0000009650,培训,阿坝州委党校,,1997.07,1997.09
高加军,0000009650,大专,省委党校,大专班经济管理,1995.09,1998.07
高加军,0000009650,本科,中央党校,本科班经济管理,1998.08,2000.12
高加军,0000009650,进修,省委党校,,2005.09,2005.11
高立伯,0000009660,本科,山东大学,中文,1980.09,1984.07
高立明,0000009661,学习,山东临沂师范讲习所,,1933.08,
高立明,0000009661,学习,山东分局最高级党校,,1941.12,
高领,0000009665,本科,河北大学,哲学系,1980.09,
高美峰,0000009667,研究生,山东省委党校,,,
高萍,0000009673,本科,中央党校,经济管理,1994.08,1996.12
高启民,0000009675,学习,北京财贸学院,工商行政管理,1985.09,
高启民,0000009675,研究生,黑龙江省委党校,经济管理,2004.09,2007.01
高庆波,0000009679,,青岛建工学院,给排水工程,1982.09,1986.07
高庆波,0000009679,研究生,山东省委党校,,1994.09,1996.06
高庆波,0000009679,研究生,青岛建工学院,结构工程,2002.09,2006.06
高书良,0000009687,本科,省委党校,,,
高书良,0000009687,研究生,山东省农业机械化学校,农业推广,1979.08,1982.07
高喜全,0000009695,学习,山西省财政税务专科学校,,1990.09,1993.06
高喜全,0000009695,进修,山西大学,哲学系,2000.09,2003.09
高喜全,0000009695,本科,中央党校,,2003.09,2006.09
高喜全,0000009695,研究生,中央党校,经济管理,2006.09,2009.09
高喜文,0000009696,学习, 双鸭山市师范学校 ,,1978.10,1980.07
高晓昀,0000009699,学习,中国计量学院电学系,无线电计量测试专业,1990.08,1992.08
高晓昀,0000009699,本科,贵州教育学院,政教专业,1994.09,1997.07
高晓昀,0000009699,学习,黔南州委党校中青班,,2005.03,2005.05
高晓昀,0000009699,学习,中共中央组织部举办的组织人事部门业务骨干能力建设专题研修班,,2013.03,2013.06
高新城,0000009700,学习,地区财贸学校,商业会计,1978.03,1980.03 
高秀鹏,0000009703,研究生,武汉大学,公共管理,,
高玉峰,0000009711,学习,陕西师范大学,哲学专业,1987.09,1994.07
高云程,0000009714,中学,,,,
高增汉,0000009717,中学,,,,
高战荣,0000009718,,河南省洛阳林业学校,,1979.09,1981.07
高战荣,0000009718,专科,河南财经学院,财政,1985.09,1987.06
高战荣,0000009718,本科,中央党校,经济管理,1995.08,1997.12
高战荣,0000009718,研究生,中国社会科学院,研究生院企业管理,1996.04,1998.04
高战荣,0000009718,,清华大学,,2006.04,2008.04
杲云,0000009726,学习,华东化工学院,,,1989.07
杲云,0000009726,博士,华东理工大学,,,1997.07
戈晓宇,0000009732,研究生,,,,
格尔图,0000009733,研究生,内蒙古党校,公共管理,,2009.01
葛宏,0000009740,大专,甘肃政法学院,法律,1987.09,1989.07
葛宏,0000009740,本科,中央党校,政法,1995.09,1997.12
葛宏,0000009740,学习,甘肃省委党校,,1998.09,1999.01
葛宏,0000009740,研究生,兰州大学,区域经济,2001.09,2003.12
葛探宇,0000009745,学习,淮北煤炭师范学院,数学专业,1979.09,
葛探宇,0000009745,研究生,成都科技大学,工业管理工程,1988.09,
葛喜东,0000009746,研究生,黑龙江大学,民法,1998.08,2000.09
葛喜东,0000009746,学习,黑龙江省牡丹江林业学校,,1978.03,
耿广智,0000009749,学习,郑州师范学校,,1979.09,1981.08 
耿广智,0000009749,学习,河南农业大学,农经系,1984.09,1986.07 
耿广智,0000009749,学习,中南财经政法大学,工商管理,2003.06,2006.12
耿嘉毅,0000009752,本科,齐齐哈尔市师范学院,,1978.09,1982.07 
耿梅,0000009754,本科,云南大学,新闻,1985.09,1989.07
耿梅,0000009754,研究生,云南大学,项目管理,2008.03,2010.06
宫照海,0000009768,学习,中央党校,,,
龚法生,0000009771,本科,天津商学院,包装工程,1988.09,1992.07
龚冠荣,0000009773,专科,玉林师范专科学校,政史,1984.09,1987.07
龚冠荣,0000009773,,上海财经大学,,1993.05,1995.06
龚冠荣,0000009773,培训,广西区党校,,2003.03,2003.05
龚红果,0000009774,本科,湘潭工学院,城镇建设,1997.09,2001.06
龚加武,0000009776,本科,,,,
龚均,0000009779,大专,重庆青年管理干部学院,经管,1995.09,1998.07
龚均,0000009779,本科,重庆市委党校,法律,2000.03,2002.06
龚均,0000009779,研究生,重庆市委党校,党史党建,2004.09,2007.06
龚琪,0000009780,研究生,华中师范大学,地理系,1994.08,1997.06
龚卫国,0000009783,本科,中南工业大学,,1989.03,1993.06
龚卫国,0000009783,研究生,中南大学,伦理学,2003.10,2006.06
贡觉多吉,0000009794,中专,西藏自治区山南地区师范学校,师范,1978.09,1982.08
贡觉多吉,0000009794,培训,西藏自治区教育厅第二期会计培训班,,1983.01,1984.01
贡觉多吉,0000009794,大专,浙江大学,建筑工程施工与管理,1989.09,1990.07
贡觉多吉,0000009794,学习,西藏自治区党委党校,,1997.08,1998.07
苟小莉,0000009797,研究生,四川省委党校,行政管理,,
苟乙权,0000009798,研究生,四川省委党校,经济学,2002.09 ,2005.06
苟乙权,0000009798,,四川省委党校,经管,1995.08 ,1997.12
苟增杰,0000009799,本科,山东省委党校,,,
辜学斌,0000009802,,四川省委党校,法律,1999.09,2001.02
辜学斌,0000009802,,四川省委党校,区域经济学,2005.09,2008.06 
古保华,0000009803,研究生,,,,
谷海洪,0000009807,博士,,,,
谷明佳,0000009811,,郑州高炮学院,炮兵,1983.09,1985.07
谷明佳,0000009811,大专,广西民族学院,函授大专中文,1991.09,1994.06
谷明佳,0000009811,本科,郑州高炮学院,函授高炮分队指挥,1991.09,1996.07
谷明佳,0000009811,研究生,广西大学,民商法,2000.09,2002.06
谷瑞灵,0000009812,,山东省农机化学校,机械化,1979.08,
陈世平,0000009814,,广西人民警察学校,公安,1978.11,1980.11
陈世平,0000009814,本科,广西师范学院,中文,1985.09,1987.08
陈世平,0000009814,学习,南宁市委党校,,1997.03,1997.04
陈世平,0000009814,研究生,广西大学,政治经济学,1997.09,1999.08
谷文耀,0000009815,本科,华南师范大学政治系,,,
顾峰,0000009821,本科,河北地质学院,水文地质与工程地质,1984.09,1988.07
顾峰,0000009821,,湖南大学,道桥,1996.09,1998.07
顾峰,0000009821,培训,,,2002.09,2002.12
顾峰,0000009821,MBA,湖南大学,,2006.09,2008.07
顾峰,0000009821,培训,省委党校,,2009.09,2010.01
顾国标,0000009822,中专,江苏省海门师范学校,,1981.08,1984.08
顾国标,0000009822,研究生,江苏省委党校,,2001.09 ,2004.07
顾国林,0000009823,,上海市冶金局党校,,1994.03,1994.08
顾国林,0000009823,进修,中央党校,,2001.03,2001.07
顾国林,0000009823,本科,中国纺织大学,管理工程,1996.07,1999.07
顾国林,0000009823,研究生,中央党校,经济学,2002.03,2005.01
顾洪辉,0000009826,本科,华东师范大学,历史系,1981.09,1985.07
顾留馨,0000009829,,上海高级商业学校,,,
顾留馨,0000009829,,上海文治大学,国文系,,
顾明杰,0000009830,,贵州省铜仁农校,植保,1979.09,1982.08
顾明杰,0000009830,大专,贵州省委党校,经管,,1987.07
顾明杰,0000009830,学习,中央党校,,1996.03,1996.04
顾明杰,0000009830,本科,贵州省委党校,经济管理,1993.06,1997.06
顾明杰,0000009830,研究生,贵州师范大学,哲学专业,2001.01,2004.01
顾萍,0000009832,本科,中央党校,经济管理,1995.08,1997.12
顾萍,0000009832,研究生,苏州大学,经济管理,1998.09,2001.07
顾萍,0000009832,研究生,省委党校,政治经济学,2001.09,2004.07
顾青波,0000009833,研究生,党校,,,
顾云岭,0000009842,,南通医学院,,1979.10,1982.06　
顾云岭,0000009842,大专,自考法律专业专科毕业,,,1987.12
顾云岭,0000009842,本科,自考法律专业本科毕业,,,1997.12
顾云岭,0000009842,学习, 南京大学,工商管理,1997.09,1999.06
顾云岭,0000009842,研究生,江苏省委党校,政治经济学,2002.09,2004.01
顾中明,0000009844,本科,江苏工学院,电气技术,1988.09,1992.07 
顾中明,0000009844,,南京大学,政治经济学,1999.09 ,2001.06
顾中明,0000009844,研究生,上海财经大学,工商管理,2006.06,2011.04
关继高,0000009850,,陕西师大,中文系,1981.09,1983.07 
关继高,0000009850,函授,中央党校,经管,1991.08,1993.12
关继高,0000009850,研究生,河北省委党校,,2007.06,2010.06
关鹏,0000009852,,肇庆航运技校,,1977.03,1978.12 
关鹏,0000009852,,广东省电大,企业管理,1983.6,1986.7
关鹏,0000009852,研究生,广东省社科院,政治经济学,1993.9,1995.7
关则双,0000009858,,石家庄铁道学院,,1977.08,1980.08
关则双,0000009858,学习,广东省委党校,,1997.09,1997.12
官健,0000009859,本科,西南财经大学,工业经济,1982.09,1986.07
官健,0000009859,学习,内江市委党校,,1998.09,1998.12
官健,0000009859,研究生,四川省委党校,区域经济,2002.07,2005.06
管金华,0000009862,专科,嘉应师专,政治管理,1988.09,1991.06
管金华,0000009862,本科,梅江区党校,经济管理,1996.09,1997.07
管金华,0000009862,研究生,广东省委党校,经济学,1996.09,1999.07
管仁欣,0000009863,,苏州市农校,,,1956.06
桂砺锋,0000009870,,长沙民政学校,民政,1987.09,1989.07 
桂砺锋,0000009870,大专,永州市委党校,经济管理,1995.09,1997.12 
桂砺锋,0000009870,本科,湖南省委党校,法律,1999.08,2001.12 
桂砺锋,0000009870,研究生,湖南省委党校,法律,2005.09,2008.07
郭保平,0000009873,专修,山西省委党校,,1987.09,1989.07
郭保平,0000009873,培训,省委党校,,2003.09,2004.01
郭保平,0000009873,研究生,中央党校,法学理论,2005.09,2008.07
郭宏,0000009885,本科,山西大学,新闻,1983.09,1987.07
郭家满,0000009890,研究生,中央党校,,,
郭建发,0000009891,,哈尔滨师范大学,,,
郭建刚,0000009892,大专,北京电子科技学院,计算机应用专业,1986.09,1989.08
郭健明,0000009895,,福建电大,党政,1984.09,1986.08
郭健明,0000009895,本科,中央电大,法学,2002.09,2004.07
郭竞坤,0000009898,,河北轻工业管理学校,,1986.09,1990.08
郭竞坤,0000009898,函授,河北省委党校,经济管理,1993.09,1996.07
郭竞坤,0000009898,函授,中央党校,经济管理,1996.08,1998.12
郭竞坤,0000009898,研究生,河北省委党校,经济管理,2003.09,2006.07
郭奎立,0000009902,,安阳师专,政史,1981.09,1984.07 
郭奎立,0000009902,函授,中央党校,经济管理,1993.09,1995.12
郭奎立,0000009902,学习,河南省委党校,,2003.10,2003.12
郭奎立,0000009902,研究生,河南省委党校,法律,2003.09,2006.06
郭普金,0000009908,,北京师范学院,,,
郭清和,0000009910,本科,中南林学院,林业,1982.09,1986.07
郭清和,0000009910,函授,中央党校,经济管理,1997.09,2000.07
郭清和,0000009910,研究生,中南林学院,生态学,2002.09,
郭清和,0000009910,博士,中南林学院,生态学,,2005.06
郭清和,0000009910,学习,中国人民大学、牛津大学公共管理课程班,,2004.05,2004.09
郭若定,0000009917,研究生,河北大学,经济学,,
郭山,0000009919,本科,云南工学院,制糖工程,1986.09,1990.07
郭省军,0000009923,本科,甘肃农业大学,,1987.09,1991.07
郭胜伟,0000009924,本科,湖南大学,采暖通风空调（建筑环境）,1984.09,1988.07
郭胜伟,0000009924,研究生,湖南大学,技术哲学,1988.09,1991.05
郭胜伟,0000009924,,以色列加里利大学,国际城市经济管理,1996.08,
郭胜伟,0000009924,,武汉市委党校,,1997.03,1997.07
郭胜伟,0000009924,博士,武汉大学,科学哲学,1997.09,
郭胜伟,0000009924,进修,华中科技大学,,1999.06,
郭胜伟,0000009924,访问学者,美国康涅狄格州中央州立大学,,,2000.09
郭维奇,0000009938,培训,广西区党校,政治,1983.10,1985.07
郭维奇,0000009938,本科,中央党校,经济管理,1992.08,1994.12
郭维奇,0000009938,研究生,广西大学,政治经济学,1994.09,1996.06
郭维奇,0000009938,进修,中央党校,,2003.09,2004.01
郭文良,0000009941,,河北大学,无机制备化学,1983.07,
郭文良,0000009941,研究生,河北省委党校,经济管理,2002.09,2005.07
郭小云,0000009946,,九江农校,农学,1986.09,1988.07
郭小云,0000009946,大专,中央党校,党政,1994.09,1997.06
郭小云,0000009946,本科,中央党校,法律,2000.08,2002.11
郭小云,0000009946,本科,江西师大,思想政治教育,2005.09,2007.06 
郭小云,0000009946,研究生,华中科技大学,软件工程,2009.09,2011.07
郭新耀,0000009953,本科,河北大学,图书馆学,1990.09,1994.09
郭新耀,0000009953,研究生,河北省委党校,法学,2006.09,2009.07
郭薪,0000009954,本科,中南工业大学,工业自动化,1986.08,1990.07
郭永峰,0000009962,本科,陕西省委党校,政治经济学,,
郭永航,0000009963,本科,武汉大学,中国历史,1985.09,1989.07
郭永航,0000009963,博士,武汉大学,行政管理,2005.09,2010.06
郭永航,0000009963,培训,深圳市委党校,,2012.03,2012.07
郭元强,0000009966,本科,华中师范大学,化学,1984.09,1988.07
郭元强,0000009966,研究生,中国科学院广州化学研究所,高分子化学与物理,1990.08,1993.07
郭元强,0000009966,,华南理工大学,材料学,1999.08,2002.06
郭元强,0000009966,,广东省公务员公共行政管理知识专题研究班,,2006.09,2006.12
郭云霄,0000009969,博士,,,,
郭泽兵,0000009970,学习,山西省委党校理论班,,1985.08,1987.06
郭占江,0000009974,,内蒙古自治区巴盟农牧学校,畜牧兽医专业,1985.09,1988.07
郭正勇,0000009982,,贵州遵义师范学校,,1986.09,1989.07
郭正勇,0000009982,,,,1994.10,1996.10
郭正勇,0000009982,大专,全国成人高等教育自学考试,政治经济,,
郭正勇,0000009982,本科,中央党校,经济管理,1999.09,2001.07
郭志英,0000009983,本科,中国矿业大学,选矿,1980.00,1984.00
郭智胜,0000009985,本科,北方大学,,1946.01,1947.00
郭智胜,0000009985,学习,太岳行署干校,,1946.01,1947.00
国承彦,0000009989,,曲阜师范大学,中文,1983.09,1985.07
国承彦,0000009989,本科,北京师范大学,政治教育,1988.09,1991.07
国承彦,0000009989,研究,山东省委党校,,1996.09,1998.06
国承彦,0000009989,,美国康涅狄格中央州立大学,,2005.04,2005.10
果果,0000009992,研究生,中央党校,中共党史,,
过剑飞,0000009993,本科,解放军外国语学院,国际政治学,,1999.00
过剑飞,0000009993,研究生,上海市委党校,行政管理,,2007.00
哈斯布和,0000009998,本科,通辽民族大学,,1988.07,1993.09
哈斯布和,0000009998,研究生,中央民族大学,蒙文,,
海依拉提·阿西克,0000010000,函授,中央党校,经济管理,,1996.12
韩冬梅,0000010004,本科,扬州师范学院,历史,1986.09,1990.08
韩冬梅,0000010004,研究生,江苏省委党校,场经济与党政管理,2002.09,2005.07
韩康平,0000010019,研究生,福建省委党校,政治与法律,,
韩昆山,0000010021,研究生,山东省委党校,,,
韩利学,0000010023,本科,莱阳农学院,果树,1981.09,1985.07
韩良会,0000010024,本科,中央党校,,,
韩伦红,0000010026,,南充教育学院,,1983.09,1986.08
韩伦红,0000010026,专科,南充教育学院,函授中文,1987.09,1990.07
韩伦红,0000010026,本科,四川省委党校,函授财经,1994.09,1996.12
韩伦红,0000010026,研究生,西南师范大学,,1999.09,2001.01
韩伦红,0000010026,研究生,四川省工商管理学院,工商管理,2003.09,2005.07
韩明生,0000010029,学习,甘肃省委党校,党政管理,1989.09,1991.08 
韩明生,0000010029,,甘肃省委党校,战略管理与应用哲学,2004.09,2007.06
韩明祝,0000010031,本科,成都地质学院,石油地质勘探,1988.09,1992.07 
韩明祝,0000010031,,四川省委二党校,,1993.10,1993.12
韩明祝,0000010031,,四川省经贸委地方电力企业厂长经理资格培训班,,1997.10,1997.11
韩明祝,0000010031,本科,四川省委党校,经济管理,1998.07,2000.12 
韩明祝,0000010031,培训,自贡市委党校,,2005.09,2005.12
韩明祝,0000010031,培训,四川省委党校,,2009.09,2009.12
韩明祝,0000010031,培训,清华大学,经济管理,2010.05,2010.06
韩树明,0000010043,本科,安徽淮北煤炭师范学院,基础数学,1982.07,1986.07
韩树明,0000010043,研究生,中央党校,党的学说和党建,1990.09,1993.07
韩向晖,0000010049,本科,青海师范大学,地理,1991.09,1995.07
韩晓杰,0000010052,本科,保定技工学校,机械制造,1984.08,1988.09 
韩晓杰,0000010052,大专,河北省委党校,经济管理,1995.09,1998.09
韩晓杰,0000010052,本科,河北省委党校,经济管理,2000.09,2002.12
韩幸福,0000010055,本科,山东农业大学,农业机械化,1988.08,1992.07
韩幸福,0000010055,研究生,山东省委党校,,1998.08,2000.06
韩幸福,0000010055,,南开大学,工商管理,2006.10,2008.12
韩雪海,0000010058,本科,黑龙江八一农垦大学,经济管理,1990.09,1994.07
韩雪海,0000010058,,北京航空航天大学,软件工程,2006.09,2009.07
韩雪海,0000010058,学习,黑龙江省委党校,,2009.09,2009.11
韩雪海,0000010058,学习,中央团校,,2010.05,2010.05
韩轶,0000010061,本科,华中理工大学电力系,,1981.09,1985.09
韩轶,0000010061,研究生,武汉工学院管理工程系,,1985.09,1988.06
韩治群,0000010068,本科,省委党校,,,
韩子荣,0000010069,本科,北京师范学院,历史系,1982.09,1986.07
韩子荣,0000010069,研究生,中国社会科学院,社会主义市场经济,1996.12,1998.11
韩子荣,0000010069,学习,朝阳区县局级领导干部进修班,,1998.05,1998.06
韩子荣,0000010069,学习,香港公开大学,工商管理,2000.10,2003.05
韩子荣,0000010069,学习,朝阳区县局级领导干部学习贯彻“三个代表”重要思想培训班,,2003.09,
韩子荣,0000010069,研究生,中国社会科学院,财政学,2004.09,2007.06
杭莺,0000010070,研究生,湖北省委党校,,,
郝爱龙,0000010071,大专,中央广播电视大学,乡镇管理,1998.09,2001.09
郝爱龙,0000010071,本科,中央党校,行政管理,2001.09,2003.12
郝爱龙,0000010071,学习,全国年轻干部党性修养学习班,,2012.09,2012.09
郝建国,0000010075,,河北广播电视大学,中文,1982.09,1985.07 
郝建国,0000010075,,河北政法管理干部学院,法律,1992.09,1995.06
郝晋升,0000010078,本科,,,,
郝俊愿,0000010080,本科,,,,
郝丽丹,0000010081,,辽宁省纺织工业学习,棉纺,1983.09,
郝丽丹,0000010081,本科,辽宁师范大学,政治教育,1994.09,1997.07
郝丽丹,0000010081,,北京师范大学,经济管理,1998.10,2000.10
郝鹏鸿,0000010085,研究生,山西农大,农业推广,,
郝铁川,0000010091,本科,河南大学,历史学,1978.00,
郝铁川,0000010091,研究生,河南大学,历史学,,1985.00
郝铁川,0000010091,博士,华东师范大学,历史学,1985.00,1988.00
郝铁川,0000010091,博士后,中国社会科学院,法学,2001.00,2003.00
郝卫东,0000010092,,衡水地区农校,畜牧兽医,1984.09,1986.11
郝卫东,0000010092,,河北电大,农学,1989.09,1992.07
郝卫东,0000010092,本科,河北省委党校,经济管理,1999.09,2001.12
郝拥军,0000010099,中专,新疆建筑工程学校,工民建,1986.09,
郝拥军,0000010099,,自治区高等教育自学考试新疆财经学院,经济管理,1990.01,1991.12
郝拥军,0000010099,本科,长安大学,工程管理,2001.01,2004.07
郝拥军,0000010099,学习,昌吉州党委党校,,2003.09,2003.12
郝玉良,0000010100,大专,辽宁省委党校,经济管理,,
郝忠祥,0000010104,本科,中国政法大学,,,1990.07
郝忠祥,0000010104,研究生,中央党校,,,
浩毕斯嘎拉图,0000010105,本科,中央党校函授学院,法律,1984.09,1986.07
何飚,0000010107,本科,重庆师范学院,历史,1983.09,1987.07
何冲龙,0000010110,学习,省委党校,,2003.05,2003.07
何德发,0000010113,研究生,福建省委党校,,,
何东真,0000010115,本科,湖南湘潭矿业学院,工业电气自动化,1986.09,1990.07
何东真,0000010115,研究生,广西自治区党委党校,政治经济,1998.08,2001.01
何锋,0000010119,本科,湘潭大学,环境工程,1992.09,1996.06 
何锋,0000010119,研究生,湘潭大学,环境工程,1996.09,1999.06 
何广延,0000010122,本科,中山大学,哲学,,
何贵,0000010123,,解放军总后干部学校,理论系,1974.08,1976.03
何宏年,0000010127,研究生,陕西省委党校,,,
何洪波,0000010128,,四川宣汉师范学校,,1983.09,1986.07
何洪波,0000010128,大专,四川师范大学,汉语言文学,1987.08,1989.07
何洪波,0000010128,本科,四川省委党校,经济管理,1993.09,1995.12
何洪波,0000010128,研究生,西华师范大学,教育思想与教育管理方向,2001.07,2003.07
何洪波,0000010128,研究生,四川省委党校,政治学,2002.08,2005.06
何洪波,0000010128,研究生,电子科技大学,工商管理,2007.12,2009.12
何洪波,0000010128,本科,西南财经大学,行政管理,2008.03,2010.01
何建新,0000010132,研究生,湖北大学,,1991.09,1994.05
何健升,0000010133,本科,,,,
何杰,0000010134,本科,西华大学,化学,1991.09,1994.07
何杰,0000010134,学习,省委二党校,,1995.10,1995.12
何军田,0000010135,本科,湖南师范大学,政教,1986.09,1990.07
何康林,0000010138,,甘孜州康定师范学校,,1979.09,1981.08
何康林,0000010138,,德阳市委党校,党政管理,1986.09,1988.07
何康林,0000010138,,甘孜州委党校,,1999.03,1999.06
何康林,0000010138,,四川省委党校,行政管理,2010.09,2012.06
何录春,0000010142,,湖南农业大学,,1991.09,1995.06
何明星,0000010144,,青海民族学院,中文,1982.09,1987.07
何清和,0000010146,本科,福建农学院,农机,,
何汝诚,0000010152,本科,中央党校,,,
何善锦,0000010153,,赣南师范学院,政教系,1986.09,1988.07 
何善锦,0000010153,函授,中央党校,党政管理,1998.08,2000.12
何少青,0000010154,本科,中央党校,经济管理,1993.09,1995.07
何少青,0000010154,研究生,省委党校,经济管理,1995.09,1998.08
何少青,0000010154,培训,省委党校,,2002.03,2002.07
何少青,0000010154,培训,美国哥伦比亚大学,,2006.07,2006.09
何少青,0000010154,研究生,中山大学,工商管理,,
何胜宝,0000010155,,呼伦贝尔学院,乡企管理,1996.03,1997.01
何胜宝,0000010155,函授,北京师范大学,行政管理,2003.09,2004.07
何诗标,0000010156,研究生,,,,
何树茂,0000010158,本科,延安大学,,1984.07,
何树茂,0000010158,学习,陕西省委党校,,1987.07,1988.02
何维楷,0000010162,函授,四川省干部函授学院,党政干部基础,1985.10,1988.08
何维楷,0000010162,本科,四川省委党校,经管,1999.09,2001.12
何伟青,0000010163,,韶关师专,中文,1984.09,1986.07
何文毅,0000010167,本科,四川师范大学,中文,1984.09,1988.09
何西庆,0000010168,,西北师范学院,中文系,1978.02,1982.01
何西庆,0000010168,研究生,中央党校,经济管理,1985.08,1988.07
何西庆,0000010168,,长江商学院,工商管理,2007.05,2009.10
何西庆,0000010168,,中央党校,,2012.09,2013.01
何宪卓,0000010171,本科,聊城师范学院,,1989.09,1993.07
何宪卓,0000010171,研究生,中央党校,,1998.09,2001.07
何小松,0000010174,本科,上海工业大学,电机工程,1978.07,1982.09 
何小松,0000010174,,北京市房山区挂职学习,,2000.10,2000.12
何小松,0000010174,,遵义市委党校,,1999.03,1999.06
何晓兵,0000010175,大专,省委党校,经济管理,1997.09,2000.07
何晓兵,0000010175,学习,州委党校,,2002.09,2003.01
何勋,0000010179,本科,西南财经大学,经济学,1986.09,1990.08 
何勋,0000010179,,西南财经大学,经济法,1998.09,2000.07
何野平,0000010182,学习,南洋理工大学,,2003.07 ,
何英禅,0000010184,,庆阳财校,财政,1989.09,1992.07
何英禅,0000010184,函授,中央广播电视大学,法律,1998.09,2001.07
何英禅,0000010184,本科,甘肃省委党校,行政管理,2001.09,2003.12
何英禅,0000010184,本科,兰州大学,法学,2007.09,2010.06
何玉柏,0000010187,,四川大学,经济系,,
何正军,0000010192,,甘肃酒泉师范学校,,1984.08,1987.08
何正军,0000010192,本科,西北师范大学,汉语言文学,1989.09,1991.08
何正军,0000010192,研究生,甘肃省委党校,经济学,1998.09,2001.06
何志光,0000010196,本科,湘潭大学,,1986.09,1990.07
何舟,0000010202,学习,北京政治学院,,,
何祖岳,0000010205,中学,邵阳三民中学,,1939.00,1941.00
何祖岳,0000010205,本科,桂林师范学院国文系,,1943.00,1947.00
何祖岳,0000010205,本科,贵阳师院,,1947.00,
和文全,0000010212,研究生,,,,
贺宝祥,0000010217,本科,中国矿业大学,电厂热能动力工程,1991.09,1995.06
贺宝祥,0000010217,研究生,南京大学,公共管理,2003.03,2005.12
贺大伟,0000010218,本科,长春邮电学院,电信工程,1986.09,1992.02
贺海钧,0000010219,博士,,,,
贺辉,0000010221,研究生,,,,
贺黎明,0000010222,学习,西藏农牧学院,农学,1993.10,
贺黎明,0000010222,学习,四川省工商管理学院,工商管理,2004.09,2007.07
贺黎明,0000010222,学习,中央党校,,2011.03,2011.07
贺利贵,0000010223,学习,陕西省商业学校,,1981.09,1983.07
贺利贵,0000010223,本科,中央党校,经济管理,1992.08,1994.12
贺明海,0000010225,学习,华中农业大学,,1983.09,1985.12
贺明海,0000010225,本科,湖北省委党校,经济管理,2002.09,2004.12
贺欣,0000010232,本科,云南大学,汉语言文学,1986.09,1990.07 
贺延峰,0000010234,大专,山西师范大学,,1982.09,1985.10
贺志亮,0000010237,本科,内蒙古农牧学院,农学,1991.09,1995.07 
贺志亮,0000010237,学习,巴彦淖尔盟党校,,2001.03,2001.06
贺志亮,0000010237,研究生,内蒙古农业大学,农业推广,2005.01,2008.01
贺志亮,0000010237,学习,内蒙古党校,,2006.09,2007.01
赫璞峰,0000010243,,临泉师范学校,,1980.09,1983.08
赫璞峰,0000010243,专科,省电大阜阳分校,党政干部管理,1985.09,1987.07
赫璞峰,0000010243,本科,中央党校,经济管理,1990.08,1992.12
赫璞峰,0000010243,研究生,省委党校,政治学,1999.09,2002.07
赫璞峰,0000010243,学习,省委党校,,2003.03,2003.12
赫璞峰,0000010243,EMBA,清华大学,EMBA,2006.03,2010.07
赫哲,0000010244,研究生,,,,
衡彤,0000010247,本科,成都科大,自动控制,1986.09,1990.07
衡彤,0000010247,专科,成都电子机械高等专科学校,,1990.07,1997.09
衡彤,0000010247,培训,四川大学,,1992.02,1992.07
衡彤,0000010247,学习,四川大学,,1997.09,2002.01
衡彤,0000010247,培训,四川大学,,1999.09,2000.07
衡彤,0000010247,培训,四川大学,,2001.02,2001.07
衡彤,0000010247,研究生,四川大学,计算机控制,1995.09,1998.07
衡彤,0000010247,培训,四川省委党校,,2002.03,2002.07
衡彤,0000010247,博士,四川大学,水文学和水资源,1999.09,2003.06
衡彤,0000010247,学习,四川省委党校,,2008.03,2008.07
洪文革,0000010260,本科,华东政法学院,经济法,1987.09,1991.07
洪文革,0000010260,研究生,武汉大学,金融学,1997.09,2000.12
洪文革,0000010260,博士,武汉理工大学,管理科学与工程,2007.09,
洪长平,0000010263,本科,福州大学,机械工程,,
洪自强,0000010264,本科,中央党校,,,
侯趁意,0000010266,大专,百泉农专,植保,1965.00,1968.00
侯川,0000010267,研究生,吉林省委党校,管理科学与工程,,
侯贵松,0000010269,学习,清华大学,,1996.09,2000.07
侯贵松,0000010269,研究生,清华大学,企业管理系,2001.09,2003.07 
侯桂兰,0000010270,大专,张家口地委党校,,1984.09,
侯桂兰,0000010270,培训,河北省委党校,,2001.02,2001.07
侯桂兰,0000010270,研究生,河北省委党校,经济管理,2000.09,2003.07
侯桂宁,0000010271,学习,衡水师范,,1979.10,1981.10 
侯桂宁,0000010271,学习,河北省委党校,,1985.09,1987.07 
侯桂宁,0000010271,研究生,河北省委党校,经济管理,2003.09,2006.07
侯俊生,0000010275,研究生,中央党校,,,
侯世超,0000010279,大专,中央党校,经济管理,1989.08,1992.06
侯世超,0000010279,学习,威海市委党校,,1999.04,1999.07
侯世超,0000010279,本科,山东省委党校,经济管理,1997.09,2000.01
侯世超,0000010279,学习,山东省委党校,,2006.02,2006.05
侯颖达,0000010289,,省财贸管理干部学院,企业管理,1983.07,1985.07
侯颖达,0000010289,,省电大,经济管理,1989.09,1993.06
侯颖达,0000010289,研修,黑龙江大学,,1995.09,1997.07
侯颖达,0000010289,本科,中央党校,经济管理,2003.08,2005.12
侯有民,0000010290,学习,河北大名师范学校,,1980.10,1982.09 
侯有民,0000010290,函授,邯郸地区教育学院,,1985.09,1988.07
侯有民,0000010290,函授,中央党校,经济管理,1995.08,1997.12
侯有民,0000010290,进修,河北大学,世界经济,1998.09,2000.09
侯有喜,0000010291,本科,中央党校,,,
侯志强,0000010295,学习,庆阳师专,,1981.07,1983.07
呼世杰,0000010300,学习,延安师范,,1981.07,1983.07
呼世杰,0000010300,学习,延安教育学院,,1984.09,1986.07
呼世杰,0000010300,本科,陕西师范大学,政教,1991.09,1994.06
胡秉忠,0000010303,学习,华东师范大学,政教,1971.09,1972.02
胡秉忠,0000010303,大专,上海教育学院,政治教育,1981.09,1984.07
胡秉忠,0000010303,学习,中央党校,,1992.09,1993.07
胡秉忠,0000010303,学习,市委党校,,1998.07,
胡秉忠,0000010303,学习,全国市长研究班,,2001.05,2001.06
胡成东,0000010306,研究生,内蒙古大学,公共管理,,
胡成东,0000010306,学习, 内蒙古自治区扎兰屯林校,林业,1989.09,1991.07
胡东胜,0000010309,学习,黑龙江省粮食学校,,1982.10,1984.08 
胡东胜,0000010309,学习,中央党校,,2001.09,2002.01 
胡光远,0000010311,学习,承德地区财贸学校,,1978.09,1980.09 
胡光远,0000010311,学习,河北电大,物资管理,1983.09,1986.08
胡光远,0000010311,学习,中国农业大学,经济管理,1997.11,1999.11
胡光远,0000010311,本科,中国农业大学,经济管理,2002.03,2005.01
胡光远,0000010311,研究生,河北省委党校,经济管理,2004.09,2007.07
胡国民,0000010313,学习,四川农业大学,林学,1995.00,
胡国民,0000010313,研究生,四川大学,刑法学,2001.11,2003.03
胡国民,0000010313,学习,眉山市委党校,,2002.07,2002.10
胡国民,0000010313,学习,四川省委党校,,2008.08,2008.10
胡国瑞,0000010315,本科,江西农业大学,农学,1981.09,1985.07
胡国瑞,0000010315,研究生,江西农业大学,农业系统工程,1985.07,1988.07
胡海军,0000010316,本科,华中科技大学,宏观经济管理学,1989.09,1993.06
胡红兵,0000010319,本科,安徽大学,法学,1987.09,1991.07
胡红兵,0000010319,学习,安徽省委党校,,2005.09,2005.11
胡红兵,0000010319,学习,安徽省第十二期中青年干部境外培训班,,2011.10,2011.12
胡佳武,0000010325,本科,湖南大学,贸易经济,1980.09,1984.07 
胡建斌,0000010328,本科,华东交通大学,机械工程系机械工艺与设备专业,1985.09,1989.07
胡建斌,0000010328,研究生,上海交通大学,机械工程系机械制造专业,1991.07,1994.03
胡建伟,0000010330,本科,西安冶金建筑学院,选矿工程,1987.09,1991.07 
胡建伟,0000010330,学习,甘肃省委党校,,2005.09,2006.01
胡建伟,0000010330,本科,北京大学,公共管理,2006.09,2009.07
胡剑飞,0000010331,本科,南昌大学,经济学,1990.09,1994.07
胡晶波,0000010337,本科,华中师范大学,教育,1989.09,1993.07
胡晶波,0000010337,研究生,广西师范大学,教育管理,1993.09,1996.07
胡晶波,0000010337,学习,自治区党委党校,,2007.04,2007.07
胡娟,0000010341,本科,武汉理工大学,经济法、会计学,1998.09,2002.07
胡娟,0000010341,研究生,中国人民大学,法律史,2002.07,2004.07
胡娟,0000010341,学习,湖北省委党校,,2011.04,2011.06
胡娟,0000010341,博士,中国人民大学,法学,2007.09,2011.06
胡娟,0000010341,学习,湖北省本级“年轻干部成长工程”党政综合类培训班,,2011.04,
胡克伟,0000010344,研究生,中央党校研究生院,,,
胡黎明,0000010346,本科,,,,
胡铭超,0000010355,学习,四川省绵阳师范高等专科学校,汉语言文学教育,1992.09,1995.07
胡瑞安,0000010359,本科,汉中师范学院,化学,1980.09,1984.08
胡斯平,0000010363,本科,华南农业大学,建筑系工业与民用建筑专业,1990.09,
胡斯平,0000010363,研究生,北京大学光华管理学院,工商管理专业,2006.04,2008.07
胡斯平,0000010363,博士,武汉大学,公共经济管理专业,2008.09,2011.06
胡先荣,0000010369,本科,湖南农学院,茶叶专业,,1987.07
胡小宁,0000010373,学习,湖南农学院衡阳分院,,1980.09,1983.07 
胡小宁,0000010373,培训,湖南省委党校,,1986.09,1988.08 
胡小宁,0000010373,学习,湖南农业大学,经济管理,1998.07,2000.07 
胡小勇,0000010374,学习,江西农业大学,,1979.09,1983.07
胡晓刚,0000010375,研究生,中国人民大学,工商管理,1996.09,1999.07
胡晓刚,0000010375,学习,山西省委党校,,2007.09,2008.01
胡晓海,0000010376,,江西省第一林业学校,林业,1983.09,1985.07
胡晓海,0000010376,大专,中国青.政治学院,行政管理,1990.09,1993.07
胡晓海,0000010376,本科,中央党校,经济管理,1993.08,1995.12
胡晓海,0000010376,研究生,江西省委党校,公共管理学,2012.09,2014.12
胡晓剑,0000010377,本科,华南工学院造船系,船舶内燃机专业,1979.09,1983.08
胡晓剑,0000010377,研究生,中南财经政法大学,中共党史专业,2001.03,2002.03
胡异冲,0000010386,本科,中国石油大学,石油加工,1986.07,1990.07
胡异冲,0000010386,研究生,英国考文垂大学,工商管理,2001.01,2002.02
胡银波,0000010387,专科,北安农校,农学,1978.09,1980.08
胡银波,0000010387,本科,哈尔滨师范大学,汉语言文学,1983.09,1985.08
胡银波,0000010387,研究生,东北农业大学,农业经济管理,1998.03,2000.03
胡银波,0000010387,研究生,省委党校,经济管理,2006.03,2009.01
胡银波,0000010387,研究生,黑龙江大学,民商法,2009.09,2011.07
胡玉华,0000010392,研究生,,,,
胡正昌,0000010398,研究生,华东师范大学,教育心理,1964.00,1968.00
胡志峰,0000010399,本科,山东师范大学电化教育系,电气化教育专业,1993.09,1997.07
胡志峰,0000010399,研究生,清华大学,环境工程专业,2000.09,2002.07
胡志峰,0000010399,博士,中国海洋大学,环境工程专业,2004.09,2007.06
胡忠威,0000010402,本科,湘潭大学,历史系,1986.09,1990.07
扈万泰,0000010405,本科,哈尔滨建筑工程学院,城市规划,1985.00,1989.00
扈万泰,0000010405,研究生,哈尔滨建筑工程学院,城市规划,1989.00,1991.00
扈万泰,0000010405,博士,哈尔滨建筑工程学院,建筑设计,1996.02,2000.12
华如军,0000010411,本科,安徽大学,光学专业,,
华如军,0000010411,学习,南京大学,情报学,1998.09,2000.06
滑志敏,0000010415,专科,固原师范专科学校,中文,1988.09,1991.07
黄安柱,0000010420,学习,牡丹江农业学校,农经,1980.10,1982.07
黄安柱,0000010420,大专,黑龙江省委党校,经济管理,1991.03,1994.03
黄安柱,0000010420,本科,黑龙江省委党校,经济管理,1994.03,1997.03
黄安柱,0000010420,研究生,黑龙江省委党校,经济管理,1998.03,2001.03
黄斌,0000010422,大专,辽宁刊授党校,经济管理,1994.01,1995.12 
黄斌,0000010422,本科,中央党校,法律,1999.08,2001.12 
黄炳峰,0000010424,研究生,,,,
黄波,0000010426,专科,贵州省安顺师范高等专科学校,政史,1993.09,1996.08
黄波,0000010426,学习,镇宁自治县委党校,,2000.09,2000.11
黄波,0000010426,本科,贵州省委党校,经济管理,1998.09,2001.07
黄波,0000010426,学习,安顺市委党校,,2005.03,2005.06
黄波,0000010426,学习,上海展望学院,,2008.07,2008.08
黄波,0000010426,学习,清华大学,,2009.06,
黄昌祥,0000010430,学习,凤冈师范,,1984.09,1987.07
黄昌祥,0000010430,学习,贵州师范大学,,1987.09,1991.07
黄成模,0000010434,大专,中山大学,哲学,1984.08,1988.12
黄成模,0000010434,进修,南京大学,,1997.09,1999.09
黄成模,0000010434,研究生,中共海南省委当心,经济管理,2001.05,2003.10
黄大生,0000010439,大专,湖南师院涟源分院,中文,1980.09,1983.07
黄大生,0000010439,本科,中央党校,政治,1992.12,1995.07
黄大生,0000010439,学习,湖南省委党校,,2003.03,2003.04
黄德泉,0000010441,本科,安徽师范大学,汉语言文学,1982.09,1986.07
黄德泉,0000010441,函授,中央党校,经管,1994.08,1996.12
黄德泉,0000010441,进修,安徽大学,经济管理,2000.09,2002.07
黄德泉,0000010441,培训,美国加州大学,经济管理,2002.11,2003.03
黄光发,0000010450,本科,广西民族学院民语系,壮文专业,1985.09,1989.07
黄光发,0000010450,培训,广西自治区党委党校第33期中青年干部培训班,,2015.08,2016.01
黄光江,0000010452,本科,贵州农学院,农业经济管理,1985.09,1989.08
黄光江,0000010452,学习,贵州省毕节地委党校,,2000.10,2001.01
黄光江,0000010452,进修,清华大学,马克思主义理论与思想政治教育,2001.09,2003.11
黄光江,0000010452,学习,北京大学光华管理学院、天津泰达集团培训,,2006.05,2006.06 
黄光江,0000010452,培训,深圳市经理进修学院,,2007.05,
黄国夫,0000010458,本科,中南民族学院,经济数学,1985.09,1989.07
黄国夫,0000010458,研究生,广西大学,政治经济学,1998.09,2000.06
黄国宏,0000010459,本科,贵州大学,哲学专业,1986.09,1990.07
黄国宏,0000010459,学习,贵州省委党校,行政管理,2005.09,2007.06
黄国璋,0000010462,本科,福州大学,土建系,1987.00,1991.08
黄河鸿,0000010469,本科,华南农业大学,昆虫专业,1984.09,1988.06
黄河鸿,0000010469,研究生,广东省社科院,经济学,1999.09,2002.07
黄河鸿,0000010469,学习,中山大学,工商管理,2007.04,2009.01
黄蘅,0000010471,学习,汕头农学院,果林专业,1979.09,
黄蘅,0000010471,本科,中央党校函授学院,经济管理专业,2001.08,2003.12
黄蘅,0000010471,学习,汕头市第21期中青班,,2004.03,2004.06
黄蕙,0000010477,学习,赣州师范学校,,1990.09,1993.07
黄蕙,0000010477,研究生,江西省委党校,,2003.09,2005.12 
黄蕙,0000010477,学习,赣州市委党校,,2005.11,2006.02
黄蕙,0000010477,学习,江西农业大学,农业推广,2006.09,2009.06
黄继成,0000010479,本科,中央党校函授学院,行政管理专业,,
黄继军,0000010480,本科,湖北师范学院,政治系,1992.09,1996.07 
黄继军,0000010480,培训,原随州市委党校领导干部进修班,,2000.04,
黄坚,0000010483,学习,广东民族学院,财会,1985.09,1987.07
黄坚,0000010483,研究生,海南省委党校,经济管理,2000.09,2003.05
黄建宏,0000010485,研究生,华中师范大学,经济学,,2000.01
黄建军,0000010486,本科,西北大学,自然地理学专业,1988.09,1995.07
黄建军,0000010486,博士,西北大学,构造地质学专业,1997.09,2002.07
黄建军,0000010486,学习,中共陕西省委党校中青班,,2008.09,2009.01
黄金刚,0000010491,函授,中央党校,法律,,
黄金忠,0000010492,本科,石河子农学院园林系,果蔬专业,1979.09,1983.08
黄金忠,0000010492,研究生,中央党校,经济管理专业,1999.09,2002.07
黄锦奎,0000010493,学习,中山大学,,,1983.00
黄进,0000010495,本科,四川省成都中医药大学,药理,1997.09,2002.09
黄进,0000010495,研究生,四川省委党校,法学,2004.09,2007.07
黄劲东,0000010499,本科,汕头大学,企业管理,1985.09,1989.07
黄劲东,0000010499,研究生,清华大学,企业管理,1998.09,2004.07
黄劲武,0000010501,研究生,福建省委党校,,,
黄俊钧,0000010508,大专,岳阳师专,,1982.09,1985.07
黄俊伟,0000010509,研究生,中央党校,经济学,,
黄开成,0000010510,学习,南方大学,,1949.00,
黄慕昌,0000010529,学习,中山大学,有机化学,1970.11,1973.12
黄慕昌,0000010529,学习,广东省委党校,,1992.06,1992.07
黄慕昌,0000010529,学习,广东省委党校,,1996.09,1996.11
黄霓,0000010531,学习,庆阳师范学校,,1988.09,1992.07 
黄霓,0000010531,大专,西北师范大学,,1993.09,1995.07
黄霓,0000010531,本科,兰州大学,秘书学,2000.04,2002.12
黄霓,0000010531,研究生,甘肃省委党校,经济社会发展与党的领导,2004.09,2007.06
黄棋泰,0000010534,研究生,华南农业大学,,2004.11,2006.11
黄巧,0000010535,本科,广西农学院,植物保护,1986.09,1990.07
黄巧,0000010535,培训,,,2000.09,2000.11
黄巧,0000010535,研究生,广西大学,政治经济学,1998.09,2001.06
黄巧,0000010535,研究生,广西大学,结构工程,2002.03,2004.03
黄卿,0000010536,学习,河南省化工学校,无机专业,1984.09,1986.08
黄卿,0000010536,研究生,河南省委党校,经济管理,2000.09,2003.06
黄卿,0000010536,学习,上海交通大学与新加坡南洋理工大学合办高级工商管理硕士学位教育项目,工商管理,2009.02,2011.07
黄球,0000010539,学习,广西钦州地区公安干部学校,,1989.03,1989.08
黄球,0000010539,大专,广西自治区党委党校函授大专班,政治专业,1992.09,1995.06
黄球,0000010539,本科,中央党校函授学院本科班,法律专业,1997.08,1999.12
黄球,0000010539,研究生,中央党校研究生院,经济学〈经济管理〉专业,2002.09,2005.07
黄球,0000010539,培训,广西自治区党委党校中青年领导干部培训班,,2010.04,2010.07
黄仁麟,0000010541,研究生,省委党校,,,
黄荣定,0000010542,本科,中央党校,,,
黄瑞琼,0000010545,研究生,中央党校,,,
黄诗燕,0000010551,研究生,湖南省委党校,,,
黄史昉,0000010552,研究生,,,,
黄世芳,0000010554,研究生,孟加拉人民共和国南北大学,工商管理专业,,
黄守玺,0000010558,学习,南京大学,经济系,,1988.06
黄寿龙,0000010559,学习,浙江省人民警察学校,,1981.09,1983.07
黄寿龙,0000010559,大专,浙江公安高等专科学校,,1987.09,1989.07
黄寿龙,0000010559,函授,中央党校,经济管理,1995.09,1997.12
黄寿龙,0000010559,进修,浙江大学,工商管理,1995.09,1997.12
黄寿龙,0000010559,培训,温州市委党校,,1995.10,1995.12
黄寿龙,0000010559,学习,澳门科技大学,工商管理,2004.06,2007.06
黄舜斌,0000010563,本科,中央党校,,,
黄涛,0000010566,,北京商业管理干部学院,供销合作经济管理,1984.08,1986.08
黄涛,0000010566,研究生,广西师范大学,投资经济,1996.09,1998.07
黄涛,0000010566,学习,广西区委党校,,2010.03,2010.07
黄天生,0000010569,专科,肇庆师范专科学校,中文,1988.09,1990.07
黄天生,0000010569,研究生,广东省委党校,经济学,1996.09,1999.07
黄万清,0000010572,学习,铜仁民族师范,普师,1988.09,1991.07
黄万清,0000010572,学习,铜仁卫电师专,中文,1993.09,1996.06
黄万清,0000010572,学习,贵州行政学院第四期县长培训班,,2003.09,2003.12
黄万清,0000010572,本科,贵州省党校,经济管理,2003.09,2005.12
黄万清,0000010572,学习,贵州省委组织部组织“城乡规划专题研讨赴美培训班”,,2012.09,2012.10
黄维群,0000010574,学习,安徽师范大学,地理系,1985.07,
黄维群,0000010574,进修,南京大学,行政管理,2000.09,
黄伟林,0000010575,本科,中南财经大学,统计学,1984.09,1988.07
黄伟林,0000010575,学习,华中科技大学,工业工程,2001.03,2004.11 
黄伟林,0000010575,研究生,中央党校,经济管理,2002.09,2005.00
黄伟林,0000010575,学习,中山大学,工商管理,2008.10,2010.12
黄伟闻,0000010577,中专,广州市警察学校,,1983.10,1985.10
黄伟闻,0000010577,研究生,广东省委党校,经济学,1994.09,1997.07
黄伟闻,0000010577,学习,中山大学,工商管理,,2010.10
黄伟雄,0000010578,中专,衡阳市农业学校,农业经济管理,1992.09,1996.07
黄伟雄,0000010578,本科,湘潭大学,秘书学,1999.07,2003.06
黄卫东,0000010579,研究生,,,,
黄卫国,0000010581,大专,武汉市委党校,行政管理,1980.10,1982.10
黄卫国,0000010581,学习,武汉市委党校,,1984.09,1985.07
黄卫国,0000010581,学习,武汉大学,金融贸易,1989.98,1991.07
黄卫国,0000010581,进修,武汉市委党校,,1992.03,1992.06
黄武海,0000010590,本科,广西南宁民族师范学校,师范,1984.09,1988.07
黄武海,0000010590,函授,中央党校,党政,1996.08,1998.12
黄武海,0000010590,研究生,中央党校,经济管理,2001.09,2004.07
黄武忠,0000010591,,贵州省商业学校,财会,1973.10,1975.11
黄武忠,0000010591,专修,中央农业管理干部学院,分院农业管理,1984.09,1986.09
黄武忠,0000010591,学习,贵州大学,政治学与行政学,2002.09,2004.07
黄晓东,0000010597,本科,中山大学,汉语言文学,1979.09,1983.07
黄晓东,0000010597,学习,广东省委党校,,1983.09,1983.11
黄晓东,0000010597,培训,中国科技大学,,1997.09,1997.12
黄晓东,0000010597,访问学者,美国纽约市立大学,城市管理,1998.02,1998.10
黄晓东,0000010597,学习,中山大学,行政管理,1998.09,2001.06
黄晓东,0000010597,培训,中央党校,,2002.03,2002.05
黄晓东,0000010597,博士,吉林大学,政治学,2005.09,2009.06
黄晓东,0000010597,学习,吉林省委党校,,2007.11,2007.12
黄晓玲,0000010598,学习,洛阳市师范学校,语文专业,1978.05,1980.05
黄晓玲,0000010598,学习,河南广播电视大学,中文专业,1982.09,1996.12
黄晓玲,0000010598,本科,河南省委党校,经济管理,1994.09,1996.12
黄晓舟,0000010599,研究生,福建师范大学,政治经济学,,1989.12
黄兴文,0000010601,本科,西南政法学院刑事司法系,劳动改造法专业,1989.09,1993.08
黄兴文,0000010601,学习,贵州省委党校民干班,,2003.09,2004.01
黄永才,0000010614,研究生,,,,
黄永鸿,0000010616,研究生,中央党校,,,
黄远良,0000010626,学习,遵义农业学校,农学专业,1979.08,1982.07
黄远良,0000010626,大专,中国政法大学,法律专业,1988.09,1990.07
黄远良,0000010626,研究生,贵州师范大学,马哲与市场经济专业,1999.09,2001.07
黄远良,0000010626,学习,省委党校,党政管理专业,2002.09,2005.01
黄远良,0000010626,研究生,中央党校,经济学〈经济管理〉专业,2005.09,2008.07
黄跃金,0000010629,,黑龙江省海林县密江“五七”干校,,1968.10,1968.12
黄跃金,0000010629,学习,同济大学,水泥专业,1972.03,1975.08
黄跃金,0000010629,学习,中央组织部和建设部举办的市长研修班,,1993.10,1994.00
黄峥嵘,0000010638,,衡阳幼师,幼教,1987.09,1990.07
黄峥嵘,0000010638,学习,省委党校,,1990.09,1990.10
黄峥嵘,0000010638,本科,中央党校,经济管理,1996.01,1998.12
黄峥嵘,0000010638,学习,市委党校,,2000.02,2000.04
黄峥嵘,0000010638,研究生,省委党校,经济管理,2005.09,2008.07
黄峥嵘,0000010638,学习,省委党校,,2006.09,2007.01
黄志伟,0000010646,大专,省电大,党政管理,,
黄志伟,0000010646,本科,中央党校,经济管理,,
黄志文,0000010647,学习,郴州教育学院,,1989.09,1991.07
黄忠勇,0000010648,本科,厦门大学,哲学系,1978.02,1982.02
黄忠勇,0000010648,研究生,中央党校,,1985.09,1988.07
黄宗林,0000010651,学习,巫山师范学校,,1981.07,1983.08
黄宗林,0000010651,本科,西南师范大学,历史系,1987.09,1992.07
惠朝旭,0000010653,博士,四川大学,政治经济学,,
惠新安,0000010656,本科,山东纺织工学院,电气自动化,1980.09,1984.07
惠新安,0000010656,研究生,青岛海洋大学,,1996.09,1998.07
惠新安,0000010656,学习,南开大学,,2005.10,2007.03
霍春利,0000010658,学习,河北省大中型企业后备干部培训办,,1992.10,1993.02 
霍春利,0000010658,函授,中央党校,经济管理,1993.08,1995.12
霍春利,0000010658,,河北省自学考试法律专业,,,2004.12
霍高原,0000010660,学习,山东广播电视大学,汉语言文学,1982.08,1985.07
霍高原,0000010660,研究生,山东省委党校,,1995.09,1997.09
霍辉,0000010662,学习,安徽机电学院,制造工艺及设备,1987.09,1989.07
霍辉,0000010662,学习,中央党校,经济管理,1993.08,1995.12
霍辉,0000010662,研究生,安徽省委党校,法学,2005.09,2008.07
霍锦炳,0000010664,本科,哲里木畜牧学院,兽医,1981.09,1985.07
霍巨燃,0000010666,本科,吉林大学,汉语言文学,1981.09,1985.07
吉凤德,0000010675,研究生,,,,
吉林,0000010676,研究生,中国人民大学,刑法专业,,
吉胜久,0000010678,本科,中央党校,经济管理,,
吉胜久,0000010678,研究生,中国社会科学院,商业经济,,
吉秀,0000010680,学习,庆阳师专,,1981.09,1983.07
吉秀,0000010680,本科,中央党校,经济管理,1998.09,2000.12
吉秀,0000010680,研究生,甘肃省委党校,政治经济学,2002.09,2005.06
吉兆民,0000010681,学习,清华大学,流体力学,1982.09,1987.07
吉珠平措,0000010682,学习,西藏农牧学校,牧医专业,1993.09,1996.07
吉珠平措,0000010682,学习,中共那曲地委党校中青班,,2001.04,
吉珠平措,0000010682,大专,中央农业广播电视学校函授大专班,农村经济管理专业,2003.09,
吉珠平措,0000010682,本科,中央党校函授学院本科班,经济管理专业,2006.08,
吉子俊,0000010683,大专,淮阴市师范专科学校,数学系,1978.09,1981.06
吉子俊,0000010683,本科,徐州师范学院,数学系,1982.05,1985.07
纪家栋,0000010692,学习,青岛教育学院,中文专业,1987.10,1989.06
纪家栋,0000010692,学习,中央党校,经济专业,1992.09,1995.01
纪家栋,0000010692,研究生,中央党校,经济专业,1996.09,1999.06
纪家栋,0000010692,博士,北京师范大学,自然地理,2002.09,2005.06
季涛,0000010704,本科,成都体育学院,运动训练,1986.09,1990.07 
季涛,0000010704,研究生,四川省工商管理学院,工商管理,2003.09,2005.07
冀晓东,0000010711,学习,张家口市工业交通学校,,1987.08,
加天山,0000010714,学习,北京师范大学和山西师范大学联合举办的行政管理研究生班,,1992.05,2001.08 
嘉央罗萨,0000010715,,马尔康民族师范学校,,1989.09,1992.07
嘉央罗萨,0000010715,本科,西南民族学院,藏语言文学,1994.09,1996.07
嘉央罗萨,0000010715,培训,阿坝州委党校,,2002.09,2003.01
嘉央罗萨,0000010715,学习,阿坝州委党校,,2004.09,2004.11
嘉央罗萨,0000010715,培训,中央统战部苏州分部,经济管理,2005.08,2005.09
贾建国,0000010729,本科,武汉化工学院,化工工艺,1985.09,1989.07
贾建国,0000010729,研究生,重庆大学,信息化,2002.09,2004.07
贾建国,0000010729,学习,重庆大学,工程专业,2005.01,2007.11
贾建国,0000010729,博士,重庆大学,工程专业,2008.09,2012.06
贾剑涛,0000010730,本科,齐齐哈尔轻工学院,自动化控制,1978.12,1982.08
贾剑涛,0000010730,研究生,黑龙江省委党校,行政管理,1987.09,1989.07
贾剑涛,0000010730,研究生,哈尔滨工业大学,高级管理人员工商管理,2003.11,2005.12
贾军,0000010733,研究生,,,,
贾瑞霭,0000010739,本科,吉林大学,法学专业,1987.09,1991.07
贾瑞霭,0000010739,研究生,山东省委党校,经济管理,2004.09,2007.06
贾瑞霭,0000010739,研究生,中国石油大学,企业管理,2006.09,2009.01
贾泰斌,0000010744,大专,,汉语言文学,1988.05,2000.06
贾泰斌,0000010744,函授,甘肃省委党校,工商管理,1999.09,2001.12
贾贤燕,0000010745,学习,安徽省妇女干部培训班,,2004.03,2004.04
贾贤燕,0000010745,学习,安徽省委党校,,2004.09,2005.01
贾迎战,0000010751,本科,,,,
贾志华,0000010758,专科,乐山财贸学校,统计,1979.09,1982.07
贾志华,0000010758,大专,中央党校,党政管理,1987.08,1990.06
贾志华,0000010758,本科,中央党校,法律,1996.09,1998.12
贾志华,0000010758,研究生,四川省委党校,行政管理,2000.09,2003.06
蹇骞,0000010764,研究生,,,,
蹇泽西,0000010765,本科,四川农业学院,土壤农化,1981.08,1985.07
蹇泽西,0000010765,学习,重庆市委党校,,2001.03,2002.01
蹇泽西,0000010765,研究生,重庆市委党校,行政管理,2001.03,2003.12
蹇泽西,0000010765,学习,新加坡南洋理工大学,管理经济学,2003.06,2004.06
江彬,0000010767,本科,西南农业大学,环境保护,1992.09,1996.07 
江彬,0000010767,研究生,西南农业大学,农业资源利用专业,2001.03,2004.06
江惠生,0000010776,本科,,,,
江菊莲,0000010778,大专,惠阳师范专科学校,物理系,1987.09,1990.07
江菊莲,0000010778,学习,广东省高校工委、高教厅在中山大学举办的思想政治教育研究生课程班,,1992.04,1992.12
江菊莲,0000010778,本科,中山大学,哲学专业,1994.06,1997.12
江菊莲,0000010778,研究生,中央党校,经济学专业,2004.09,2007.07
江林,0000010781,本科,山东省曲阜师范大学,心理学专业,1981.09,1985.06
江绍中,0000010783,学习,四川开县师范学校,,1972.05,1973.08
江绍中,0000010783,大专,四川省委二党校,政治经济,1983.09,1985.07
江绍中,0000010783,本科,重庆市委党校,法律,1998.07,2000.12
江伟斌,0000010785,本科,中国人民大学,生产布局,1991.09,1995.09
江伟斌,0000010785,研究生,南昌大学,公共管理,2005.03,2008.06
江先奎,0000010786,大专,云南省委党校,党政,,
江小忠,0000010787,本科,中央党校,经济管理,1994.08,1996.12
江娅,0000010789,本科,安徽财贸学院,商品学,,
江阳,0000010790,研究生,辽宁省委党校,,,
江征帆,0000010794,初中,瑞安中学,,,
姜宝东,0000010797,本科,内蒙古民族师范学院,汉语言文学,1983.09,1987.07
姜宝东,0000010797,研究生,中国人民大学,应用社会学,1996.09,1998.07
姜飞轮,0000010802,本科,中央党校,,,
姜宏,0000010806,本科,哲里木畜牧学院,畜牧,1989.09,1993.07
姜宏,0000010806,培训,内蒙古党校,,2004.03,2004.07
姜宏,0000010806,研究生,美国密苏里大学,,2008.05,2008.08
姜宏,0000010806,,北京大学,公共管理,2004.01,2007.07
姜虎权,0000010808,专科,吉林财贸学院,工业会计,1984.05,1990.06
姜虎权,0000010808,本科,中央党校,经济管理,1989.08,1992.06
姜虎权,0000010808,研究生,吉林省委党校,法律,2008.08,2011.07
姜景峰,0000010810,研究生,浙江省委党校,文化学,1999.07,2002.07
姜景峰,0000010810,学习,温州市委党校,,2004.03,2004.06
姜景峰,0000010810,学习,浙江省委党校,,2009.09,2009.12
姜军,0000010811,研究生,中央党校,,,
姜樑,0000010813,大专,,,,
姜灵春,0000010814,学习,贵州省农业干部管理学院,林业经济管理,1988.09,1990.07 
姜灵春,0000010814,学习,贵州省委党校,经济管理,1994.09,1997.07
姜灵春,0000010814,学习,贵州大学,,2005.07,2008.04
姜龙,0000010815,学习,无锡轻工业学院,纺织工程,1981.09,1985.07 
姜龙,0000010815,学习,南通市委党校,,1986.03,1986.07 
姜龙,0000010815,学习,苏州大学,,1995.05,1997.00
姜龙,0000010815,研究生,江苏省委党校,经济学,,2004.07
姜仕礼,0000010819,本科,山东农业大学,植物保护,1980.09,1984.07
姜天虎,0000010821,学习,哲里木畜牧学院,草原专业,1986.09,1990.08
姜天虎,0000010821,学习,兴安盟党校,,2001.03,2001.06
姜天虎,0000010821,研究生,吉林省委党校,经济管理,2003.08,2006.07
姜维东,0000010823,本科,中国人民大学,党史专业,,
姜伟,0000010824,本科,,,,
姜晓刚,0000010826,本科,哈尔滨师范大学,中文专业,,
姜晓龙,0000010827,学习,新疆生产建设兵团党委党校政工班,,1987.09,1989.12
姜晓龙,0000010827,研究生,中央党校研究生院,经济学专业,1997.09,2000.07
姜学东,0000010831,研究生,中央党校,,,
姜耀文,0000010832,学习,湖南省芷江师范学校,,1982.09,1984.07
姜耀文,0000010832,学习,湖南师范大学,汉语言文学,,1996.06
姜耀文,0000010832,学习,湘潭大学,行政管理,,2001.06
姜永华,0000010835,大专,江苏省委党校,行政管理,1991.09,1994.07
姜永华,0000010835,本科,中央党校,经济管理,1995.09,1998.07
姜永华,0000010835,研究生,中央党校,经济管理,2002.09,2005.07
姜永华,0000010835,学习,江苏省南通市农业学校,农学,1980.09,1984.07
姜宇峰,0000010839,研究生,,,,
蒋冰风,0000010843,培训,台州市委党校,,1996.09,1996.12
蒋冰风,0000010843,研究生,中央党校,经济学,2000.09,2003.07
蒋冰风,0000010843,学习,浙江省领导干部经济管理研究生班,,2004.08,2004.11
蒋炳穗,0000010844,研究生,,,,
蒋昌盛,0000010845,学习,淮南化工学校,化工机械,1978.10,1981.08
蒋昌盛,0000010845,学习,中央党校,经济管理,1998.07,2000.12
蒋昌盛,0000010845,研究生,安徽大学,经济管理,2001.07,2004.07
蒋达,0000010846,本科,西北轻工学院,自动化,1978.01,1982.01
蒋达,0000010846,研究生,南京理工大学,管理科学与工程,1997.09,1999.06
蒋峰,0000010848,本科,南京农业大学,,1991.09,1995.07
蒋刚,0000010849,,成都军区军医学校,,1981.09,1984.07
蒋刚,0000010849,大专,第三军医大学,医师,1987.09,1989.07
蒋刚,0000010849,本科,四川师范大学,经济管理,1993.07,1996.07
蒋刚,0000010849,研究生,四川省委党校,区域经济,2004.09,2007.06
蒋刚,0000010849,学习,四川省委党校,,2011.02,2011.05
蒋国平,0000010850,研究生,湖北省委党校,,,
蒋海航,0000010851,研究生,贵州省委党校,,,
蒋建民,0000010853,本科,西北民院,历史系,1990.08,1994.07 
蒋建民,0000010853,进修,西北师范大学,西北经济开发,2002.07,2004.09 
蒋建民,0000010853,研究生,甘肃省委党校,法学,2006.06,2009.08
蒋建平,0000010854,学习,南充市委党校,,1992.09,1992.11
蒋建平,0000010854,学习,四川省委党校,经济管理,1995.09,1997.12
蒋建平,0000010854,学习,南充市委党校,,1999.09,1999.11
蒋建平,0000010854,研究生,西南师范大学,行政管理,2001.09,2003.12
蒋建平,0000010854,研究生,中国人民大学,,2002.09,2004.12
蒋建平,0000010854,研究生,四川省委党校,县域经济,2005.08,
蒋凯,0000010857,本科,,,,
蒋丽华,0000010858,本科,中央党校,,,
蒋明浩,0000010861,本科,西藏民族学院,汉语言文学,1984.09,1988.09
蒋明浩,0000010861,培训,西藏自治区党委党校,,1992.09,1992.11
蒋明浩,0000010861,学习,西藏自治区山南地委党校,,1999.08,1999.12
蒋顺威,0000010864,学习,华南农学院,,1984.09,1986.07
蒋顺威,0000010864,研究生,广东省委党校,,1995.09,1998.07
蒋同根,0000010865,本科,中国地质大学,水文地质,1984.09,1988.06
蒋同根,0000010865,研究生,中国地质大学,水文地质与工程地质,1992.09,1993.06
蒋伟,0000010866,学习,常德师范专科学校,中文,1987.09,1990.07
蒋伟,0000010866,学习,湖南大学,,1998.04,2000.04
蒋效愚,0000010868,本科,北京师范学院,政教,,
蒋耀,0000010871,博士,上海交通大学,管理科学和工程,,
蒋叶贵,0000010872,研究生,安徽省委党校,,,
蒋一婷,0000010873,本科,中央党校,,,
蒋益民,0000010874,本科,中山大学,气象专业,1978.09,1982.07
蒋益民,0000010874,研究生,湖南大学,环境工程,1998.09,2001.07
蒋益民,0000010874,博士,湖南大学,环境工程,2001.09,2004.08
蒋迎娟,0000010875,学习,大兴安岭师范学校,,1985.09,1989.07
蒋迎娟,0000010875,大专,大兴安岭地区教育学院,中文,1991.08,1994.07
蒋迎娟,0000010875,本科,哈尔滨师范大学,汉语言,1994.07,1997.09
蒋迎娟,0000010875,研究生,黑龙江省委党校,经济管理,2002.03,2005.01
蒋迎娟,0000010875,学习,东北林业大学,农村与区域发展农业推广,2005.07,2008.01
蒋永刚,0000010876,研究生,,,,
蒋喻新,0000010879,本科,广东海洋大学,应用电子技术,1987.09,1991.06
蒋喻新,0000010879,函授,省委党校,法律,,1996.12
蒋喻新,0000010879,研修,四川大学,法学,,1999.12
蒋喻新,0000010879,学习,市委党校,,2000.10,2000.12
蒋喻新,0000010879,MBA,云南师范大学,工商管理,2012.09,2014.12
蒋志伦,0000010881,学习,贵阳市乌当师范学校,师范专业,1985.09,
蒋志伦,0000010881,大专,贵州教育学院,地理专业,1990.09,1992.07
蒋志伦,0000010881,学习,贵州省委党校,经济管理,1998.09,2001.05
蒋尊玉,0000010885,大专,解放军西安政治学校,哲学,1979.09,1981.08
蒋尊玉,0000010885,研究生,华中农业大学,土地资源管理,1997.03,1999.03
焦本强,0000010887,学习,山东北镇农业学校,农学专业,1981.07,
焦本强,0000010887,本科,中央党校函授学院本科班,经济管理专业,1991.08,
焦本强,0000010887,研究生,省委党校,经济管理专业,,1997.12
焦本强,0000010887,培训,市委党校第四期中青年干部培训班,,1998.07,1999.01
焦兰生,0000010891,本科,西安冶金建筑学院,工业与民用建筑,1978.09,1982.08
焦兰生,0000010891,函授,中央党校,经济管理,1993.08,1995.12
焦兰生,0000010891,学习,中山大学,工商管理,2002.12,2004.12
焦明启,0000010893,,解放军石家庄高级陆军学院,政治队政工,1985.09,1987.07
焦守桐,0000010894,学习,依安师范学校,普师,1984.09,1988.07
焦守桐,0000010894,学习,黑龙江省教育学院,汉语言文学,1993.09,1996.12
焦守桐,0000010894,本科,黑龙江省委党校,经济管理,1999.03,2002.01
焦守桐,0000010894,进修,黑龙江大学,行政管理,2001.09,2003.07
焦守桐,0000010894,培训,美国加州州立大学洛杉矶分校,宏观经济管理,2002.05,2002.07
焦守桐,0000010894,学习,清华大学,工商管理,2011.02,2011.11 
焦维忠,0000010895,学习,定西农校,,1985.07,1989.07
焦维忠,0000010895,学习,中央党校,经济管理,2000.08,2002.12
焦维忠,0000010895,学习,甘肃省委党校,战略管理与应用哲学,2004.09,2007.06
焦义朝,0000010899,学习,铜陵财经专科学校,计划统计,1984.09,1986.07 
焦义朝,0000010899,本科,中央党校,经济管理,1997.08,1999.12
焦义朝,0000010899,研究生,安徽省委党校,经济管理,2003.09,2006.07
焦知云,0000010901,学习,华中师范大学,中文系,,1966.00
觉昂扎西,0000010903,学习,辽宁抚顺城市建设学校,工民建,1983.09 ,
觉昂扎西,0000010903,函授,中央党校,行政管理,2001.09,2004.06
解杰昂,0000010907,培训,阜阳地委党校第1期优秀中青年干部培训班,,1992.09,1992.12
解杰昂,0000010907,研究生,省委党校在职研究生班,经济管理专业,2000.09,2003.07
解杰昂,0000010907,学习,省委党校县市长“加快县域经济发展”研讨班,,2005.11,2005.12
解杰昂,0000010907,培训,省委组织部第12期中青年干部境外培训班（美国）,,2011.09,2011.12
解廷师,0000010910,本科,山西师范大学中文系,汉语言文学专业,,1986.08
解晓勇,0000010911,本科,河北大学,政治经济学,1978.00,1982.00
解晓勇,0000010911,学习,新加坡南洋理工大学,经济学,1999.00,2000.00
金春山,0000010916,研究生,,,,
金广军,0000010918,本科,沈阳农业大学,,1986.09,1990.07
金广军,0000010918,学习,鄂尔多斯市党校,,2003.09,2003.12
金基德,0000010921,本科,东北林业大学,,1985.02,1988.08
金基德,0000010921,培训,延边州委党校,,1997.04,1997.07
金基德,0000010921,培训,延边州委党校,,1998.08,1999.04
金基德,0000010921,培训,中央党校,,2006.12,2007.01
金基德,0000010921,研究生,吉林大学,世界经济,,
金洁,0000010923,本科,南京大学,新闻,1986.09,1990.08
金洁,0000010923,研究生,南京大学,公共管理,2003.03,2005.12
金璟琳,0000010924,研究生,省委党校,,,
金久余,0000010925,学习,奉贤县光明中学师范班,,,1955.07
金三元,0000010938,学习,江西宜春师专,中文系,,
金三元,0000010938,本科,江西师范大学,思想政治,,
金三元,0000010938,研究生,江西省委党校,工商管理,2006.11,
金绍强,0000010939,本科,四川师范学院（现西华师范大学）,,1986.09,1990.07
金生平,0000010941,本科,宁夏广播电视大学,党政管理专业,1984.08,1986.07
金生平,0000010941,学习,中央党校函授学院,经济管理专业,1997.08,1999.12
金树东,0000010942,学习,北京交通大学,,,
金涛,0000010944,专科,安徽大学,哲学,1985.09,1989.07
金涛,0000010944,培训,市委党校,,2003.11,2004.02
金涛,0000010944,,省委党校,,2013.03,2013.07
金祥明,0000010947,学习,兰州工业专科学校,企业管理,1980.09,1983.07
金祥明,0000010947,,甘肃省自学考试经济管理专业,经济管理,1984.09,1987.09
金祥明,0000010947,学习,甘肃省委党校,马列主义哲学,1998.09,2001.06
金兴明,0000010949,学习,北京航空航天大学,可靠性工程,,
金志海,0000010957,本科,山东师范大学,化学,1982.09,1986.07
金志海,0000010957,研究生,清华大学,马克思主义理论与思想政治教育,2002.09,2005.01
金志生,0000010959,本科,辽宁省委党校,,,
晋美,0000010961,学习,西藏农牧学院,果林专业,1993.09 ,
靳春亮,0000010964,本科,内蒙古工业大学,,1985.09,1989.07
靳春亮,0000010964,研究生,中国社会科学院,市场经济,1996.12,1998.11
靳春亮,0000010964,研究生,内蒙古党校,经济管理,2005.09,2008.01
靳前斌,0000010968,中专,伊盟农牧学校,林学,1982.09,1985.07
靳前斌,0000010968,专科,中央党校,经济管理,1996.08,1999.06
靳前斌,0000010968,本科,中央党校,经济管理,1999.08,2001.12
靳前斌,0000010968,MBA,天津财经大学,MBA,2002.06,2004.06
荆汝大,0000010971,学习,河南省会计学校,,,
居来提·吐尔地,0000010980,本科,新疆大学,汉语,1988.09,1992.11
居来提·吐尔地,0000010980,学习,巴州党校,,1997.09,1997.12
居来提·吐尔地,0000010980,学习,巴州党校,,2003.09,2003.12
居来提·吐尔地,0000010980,学习,新疆大学,法律,1999.04,2002.12
鞠朝武,0000010983,学习,总后高级军械学院,导弹维修,1978.09,1980.07 
鞠朝武,0000010983,学习,河北大学,政治专业,1986.10,1990.10
鞠朝武,0000010983,函授,中央党校,经济管理,1992.08,1994.12
鞠志杰,0000010985,学习,沧州师范学校,,1981.09,1984.04
阚吉林,0000010993,本科,重庆师范学院,地理教育,1990.09,1994.07
阚吉林,0000010993,研究生,重庆大学,工业工程,2006.03,2010.06
阚吉林,0000010993,学习,中欧国际工商学院,中欧国际商务教育,2009.09,2010.04
阚吉林,0000010993,学习,中央党校,,2015.03,2015.07
康冠华,0000010995,培训,国家对外经济贸易大学,国际贸易,1990.07,1991.01
康冠华,0000010995,研究生,东北大学,科学技术哲学,1999.07,2001.05
康冠华,0000010995,研究生,法国南锡理工大学,,2005.03,2006.12
康光友,0000010996,高中,四川省甘孜州民族干部学校,,1983.08,1987.07
康光友,0000010996,大专,四川省委党校,经济管理,1989.09,1991.07
康光友,0000010996,本科,四川省委党校,经济管理,2000.09,2002.12
康克岩,0000011000,学习,武汉测绘学院,光仪专业,1980.09,1984.08
亢哲楠,0000011008,学习,洛阳师范专科学校,政教,1988.09,1990.07
亢哲楠,0000011008,本科,中央党校,经济管理,1993.08,1995.12
亢哲楠,0000011008,研究生,中央党校,党建,2000.09,2003.07
亢哲楠,0000011008,研究生,北京大学,公共管理,2006.03,2008.07
柯大成,0000011009,研究生,湖北省委党校,马克思主义哲学,1997.10,2000.07
柯德来,0000011010,学习,盐城工业专科学校,机械制造,1989.09,1992.07
柯德来,0000011010,研究生,江苏省委党校,政治经济学,2001.09,2004.07
柯昕野,0000011013,学习,台州师专,中文系,1982.09,1985.07
柯昕野,0000011013,本科,浙江教育学院,教育管理,1993.09,1996.07
柯昕野,0000011013,研究生,中央党校,经济学专业,1997.09,2000.09
柯昕野,0000011013,学习,美国加州州立大学洛杉矶分校,,2002.08,2002.12
柯岩松,0000011015,学习,江西省农垦学校,农机专业,1983.09,
柯岩松,0000011015,本科,中央党校函授学院,法律专业,,2004.10
柯尊勇,0000011019,学习,郧阳师专,政史系,1992.09,1995.06
柯尊勇,0000011019,本科,湖北大学,汉语言文学,1996.09,1998.06
柯尊勇,0000011019,研究生,华中师范大学,中国当代文学,1998.09,2002.01
柯尊勇,0000011019,学习,湖北省委党校,,2011.04,2011.06
柯尊玉,0000011020,学习,江西省粮食学校,财会,1984.09,1987.08 
柯尊玉,0000011020,学习,湖南大学,法学,2001.09,2004.09
孔保宝,0000011024,本科,中央党校,,,
孔凡新,0000011026,学习,南京炮兵学院,军事指挥,1983.09,1985.07
孔凡新,0000011026,大专,黄石广播电视大学,法律,1993.09,1995.06
孔凡新,0000011026,进修,黄石市委党校,,1995.03,1995.06
孔凡新,0000011026,学习,湖北省委党校,,1998.08,1998.12
孔凡新,0000011026,本科,中央党校,政法,1998.08,2000.12
孔凡新,0000011026,研究生,湖北省委党校,法学专业,2003.09,2005.07
孔贵华,0000011029,本科,云南大学,,1982.09,1986.07
库来西·玉素甫,0000011046,,新疆和田师专,化学,1984.09,1987.08
库来西·玉素甫,0000011046,函授,自治区党校,经济管理,1998.09,2001.07
库来西·玉素甫,0000011046,培训,天津大学,,2000.09,2001.07
库来西·玉素甫,0000011046,研究生,天津大学,企业管理,,
旷仁山,0000011052,研究生,中国人民银行研究生部,国际金融,1985.09,1988.08
拉科,0000011056,,海北州民族师范学校,,1978.07,1984.07
拉科,0000011056,预科,青海民族学院,,1984.09,1985.07
拉科,0000011056,本科,青海民族学院,,1985.07,1989.07
来华雄,0000011058,本科,湖北农学院,作物专业,1987.09,1991.07 
来华雄,0000011058,培训,中央农业干部管理学院华中分院,市场经济,1995.04,1995.05
来华雄,0000011058,培训,湖北省行政学院,,2009.11,2010.01
赖斌,0000011060,本科,中山大学,中文系,1978.09,1982.08 
赖斌,0000011060,学习,广东省委党校,,1995.09,1995.12 
赖斌,0000011060,研究生,广东省社会科学院,经济管理,1999.09,2002.07 
赖斌,0000011060,学习,广东省委党校,,2002.09,2002.10 
赖斌,0000011060,学习,广东省第三期高级公务员行政管理研修班,,2003.09,2003.12
赖斌,0000011060,学习,中山大学,行政管理,,
赖蛟,0000011065,本科,成都理工学院,勘察工程,1991.09,1995.07
赖蛟,0000011065,学习,新加坡南洋理工大学,管理经济学,2008.03,2009.03
赖俊,0000011066,本科,兰州大学,历史系,1984.09,1988.07
赖俊,0000011066,本科,四川省委党校,经济管理,1995.09,1997.12
赖俊,0000011066,学习,绵阳市委党校,,1999.03,1999.06 
赖俊,0000011066,研究生,四川省委党校,经济学专业,1998.09,2001.07
赖俊,0000011066,学习,四川大学,,2002.04,2002.07
赖联春,0000011067,学习,江西省樟树农校,,1987.09,1989.07　
赖联春,0000011067,本科,中央党校,,2002.08,2004.12
赖联春,0000011067,学习,赣州市第十八期离岗班,,2010.07,2010.09
赖文达,0000011070,本科,中央党校,,,
赖晓军,0000011071,本科,南方冶金学院,工程管理,1993.09,1997.07
赖晓军,0000011071,学习,江西理工大学,机械工程,2004.12,2007.12
赖晓庆,0000011073,学习,江西省司法学校,法律,1989.09,1991.08 
赖正文,0000011078,学习,全国法院干部业余法律大学,政法,1994.09,1997.07
赖正文,0000011078,函授,中央党校,法律,2001.08,2003.12
兰恩民,0000011081,学习,河南大学,管理与文秘,,
蓝飞宁,0000011085,学习,河池地区巴马民族师范学校,,,
蓝飞宁,0000011085,研究生,广西大学土木建筑工程学院,建筑工程专业,,
蓝锋杰,0000011086,研究生,广西自治区区委党校,党政管理,,
蓝杰北,0000011090,学习,福建省财政金融学校,,,1953.07
蓝明月,0000011092,学习,广西供销学校,梧州分校财会,1979.09,1981.07
蓝明月,0000011092,学习,广西经济管理干部学院,企业管理,1986.09,1988.07
蓝明月,0000011092,函授,中央党校,涉外经济,1995.08,1997.12
蓝明月,0000011092,研究生,广西师范大学,投资经济,1997.09,1999.07
蓝明月,0000011092,进修,广西自治区党校,,2004.03,2004.05
蓝明月,0000011092,进修,国家行政学院,,2008.05,2008.06
蓝明月,0000011092,学习,广西自治区党委党校,,2011.09,2012.01
蓝启章,0000011094,中专,广西都安瑶族自治县师范学校,,1986.09,1988.09
蓝启章,0000011094,学习,广西自治区党委党校,,1992.09,1994.08
蓝启章,0000011094,本科,中央党校,本科班党政,1995.09,1997.08
蓝启章,0000011094,研究生,广西区党校,党史党建,2005.09,2007.03
蓝瑞轩,0000011096,大专,广西河池地委党校,政治管理,1991.09,1993.07
蓝瑞轩,0000011096,本科,中央党校,党政,1996.09,1998.12
蓝瑞轩,0000011096,研究生,广西区党校,中共党史,2005.09,2007.12
蓝宗耿,0000011097,本科,广西南宁民族师范学校,,1987.09,1991.07
蓝宗耿,0000011097,函授,广西区党校,经济管理,1995.09,1998.07
蓝宗耿,0000011097,函授,中央党校,党政管理,1998.09,2000.12
蓝宗耿,0000011097,研究生,广西民族大学,行政管理,,2008.09
郎吉忠,0000011098,大专,中央党校,党政管理,1990.08,1993.06
郎吉忠,0000011098,本科,中央党校,经济管理,1993.08,1995.12
雷德才,0000011104,学习,首都经贸大学,贸易经济,,
雷高飞,0000011108,学习,湘潭大学,行政,1995.10,
雷高飞,0000011108,大专,湖南省委党校,党政管理,1991.09,1994.07 
雷高飞,0000011108,本科,中央党校,经济管理,1994.08,1996.12
雷高飞,0000011108,进修,中国人民大学,区域经济,1996.08,1998.08
雷高飞,0000011108,研究生,中央党校,经济管理,2004.09,2007.07
雷海良,0000011110,学习,广西南宁民族师范学校,,1980.09,1982.07
雷海良,0000011110,学习,广西自治区党委党校,,1994.02,1994.07
雷海良,0000011110,本科,广西大学,农业经济管理,1994.09,1997.08
雷海良,0000011110,研究生,中央党校,经济管理,1998.09,2001.07
雷建平,0000011113,学习,四川省党校,,2002.09,2002.12
雷建平,0000011113,大专,四川省委党校,行政管理,2003.09,2006.06
雷少华,0000011117,大专,广西农业大学,农副产品贮藏与加工师资,1990.09,1993.07
雷少华,0000011117,本科,中央党校,经济管理,1997.09,1999.12
雷少华,0000011117,研究生,中央党校,马克思主义哲学,2003.03,2005.01
雷双富,0000011119,本科,党校,,,
雷霞,0000011121,本科,电子科技大学,,1993.09,1997.07
雷霞,0000011121,研究生,电子科技大学,,1997.09,2000.04
雷霞,0000011121,博士,电子科技大学,,2000.09,2005.06
雷兴平,0000011122,专科,榆林师范专科学校,,1984.08,1987.07
雷兴平,0000011122,本科,中央党校,经济管理,1995.09,1997.12
雷云,0000011126,大专,四川省干函院,经济管理,1987.09,1990.07
雷云,0000011126,本科,四川省委党校,经济管理,1995.08,1997.12
雷云,0000011126,研究生,四川省委党校,经济学,2003.09,2006.06
雷中喜,0000011128,本科,中央党校,,,
黎春秋,0000011131,本科,湖南师范大学,汉语言文学,1989.09,1993.07
黎春秋,0000011131,研究生,中南大学,工商管理,2009.09,2011.11
黎明,0000011134,学习,四川师范学院,中文系,1988.09,1992.07
黎明,0000011134,学习,四川省委党校,,2001.05,2001.07
黎明,0000011134,研究生,四川省委党校,经济学,2003.09,2006.09
黎明,0000011134,学习,四川省委党校,,2005.09,2005.11
黎明,0000011134,学习,四川省社会主义学院,,2008.09,
黎明,0000011134,学习,四川省委党校,,2010.03,2010.05
黎平,0000011136,本科,贵阳师范学院,地理,1980.09,1984.07
黎平,0000011136,学习,贵州省委党校,,1997.03,1997.07
黎平,0000011136,培训,中纪委、国家监察部法规培训班,,1998.09,1998.10
黎平,0000011136,培训,中央党校,,2004.09,2005.01
黎平,0000011136,研究生,北京工商大学,企业管理,2000.04,2002.04
黎仁寅,0000011137,学习,湖南省邵阳师范学校,,1979.09,1981.08
黎仁寅,0000011137,大专, 湘潭大学,汉语言文学,1985.09,1987.07 
黎盛翔,0000011138,本科,天津南开大学,政治经济学,1978.09,1982.08
黎盛翔,0000011138,研究生,中国社会科学院,经济思想史,1984.07,1987.07
黎盛翔,0000011138,进修,贵州省委党校,,1997.03,1997.05
黎永益,0000011146,大专,广西梧州地区八步师范学校,中文,1979.09,1982.07
黎永益,0000011146,本科,中央党校,经济管理,1995.08,1997.12
黎永益,0000011146,研究生,广西自治区党委党校,国民经济学,2002.09,2005.01
黎永益,0000011146,学习,广西自治区党委党校,,2009.09,2010.01
黎云,0000011148,,广西梧州地区农业学校,畜牧兽医,1979.09,1981.07
黎云,0000011148,大专,广西自治区党委党校,政治,1991.09,1994.06
黎云,0000011148,本科,中央党校,行政管理,1999.08,2001.12
黎云,0000011148,研究生,广西自治区党委党校,国民经济学,2003.09,2006.01
黎云,0000011148,学习,广西自治区党委党校,,2007.09,2007.11
黎兆元,0000011150,学习,中山大学,法律,1982.09,1984.07 
黎兆元,0000011150,学习,中山大学,法律,1993.03,1996.03 
黎作凤,0000011151,本科,华中师范大学,政教,1988.09,1991.06
黎作凤,0000011151,学习,湖南大学,工商管理,2003.04,2004.12 
李宝宣,0000011159,大专,安徽大学,党政干部专业,,
李宝宣,0000011159,学习,安徽省委党校,行政管理,2002.08,2004.12
李宝宣,0000011159,学习,安徽省委党校,,2008.03,2008.07
李宝银,0000011160,培训,中共福建省委党校,,2004.09,2005.01
李保芳,0000011161,本科,贵州财经学院工业经济系,工业经济管理专业,1978.11,1982.07
李保芳,0000011161,研究生,中共贵州省委党校,行政学专业,2003.09,2006.06
李本强,0000011165,本科,贵州财经学院,,1978.11,1982.07
李彬,0000011166,本科,,,,
李昌道,0000011174,本科,浙江省委党校,,1985.09,1989.07 
李昌道,0000011174,研究生, 浙江省委党校,,1996.09,1998.12
李昌道,0000011174,学习,香港公开大学,,2004.10,2005.12
李朝曙,0000011180,大专,湖北省咸宁师范高等专科学校,历史,1989.09,1992.06
李朝曙,0000011180,本科,湖北省委党校,经济管理,1993.09,1996.07
李朝曙,0000011180,研究生,湖北省委党校,法学,2004.03,2006.07
李朝曙,0000011180,培训,湖北省委党校,,2004.03,2004.12
李朝曙,0000011180,学习,湖北省委党校,,2011.04,2011.06
李成辉,0000011184,专科,新疆八一农学院,农学,1985.09,1988.07
李成辉,0000011184,培训,昌吉州党委党校,,2000.07,2000.09
李成辉,0000011184,培训,福建省委党校,,2001.09,2002.07
李成辉,0000011184,,新疆自治区高等教育自学考试,农学,2001.09,2003.12
李成明,0000011185,中专,云南省建筑工程学校,,1986.09,1989.07
李成明,0000011185,大专,中央党校,党政管理,1998.09,2001.07
李成明,0000011185,本科,中央党校,法律,2001.09,2003.12
李成吾,0000011186,学习,上海交通大学,,1940.00,1942.08
李程,0000011191,培训,贵州省凯里县委党校,,1987.03,1982.02
李程,0000011191,大专,贵州省委党校,党政管理,1985.09,1987.07
李程,0000011191,本科,贵州省委党校,法律,1998.09,2001.07
李程,0000011191,学习,贵州省委党校,,2004.10,2004.12
李程,0000011191,研究生,贵州省委党校,公共管理,2006.09,2009.06
李春英,0000011205,本科,曲阜师范大学,汉语言文学,1988.09,1992.07
李德进,0000011214,学习,大名师范学校,,1980.09,1982.09
李德进,0000011214,函授,河北省委党校,经济,1985.09,1988.07
李德进,0000011214,函授,中央党校,经济,1992.08,1994.12
李德进,0000011214,学习,河北大学,经济学,1998.06,2000.06
李德秋,0000011215,大专,广东省委党校,,1985.03,1988.01
李定南,0000011224,学习,江苏省苏州中山体育专科学校,,1928.00,
李东风,0000011226,高中,新疆乌鲁木齐市第八中学,,1973.09,1977.07
李东风,0000011226,本科,吉林工业大学,农机,1978.03,1982.02
李恩波,0000011232,本科,海洋大学,,1981.09,1985.07
李发芽,0000011235,本科,江西农业大学,园艺专业,1984.09,1988.07
李发芽,0000011235,学习,吉安地委党校,,1999.03,1999.06
李发芽,0000011235,学习,江西行政学院,,2001.03,2001.06
李发芽,0000011235,学习,江西省委党校,,2006.08,2006.11
李发芽,0000011235,学习,国家会计学院(上海)参加江西省资本运作与项目管理领军人才培训班,,2008.08,2008.09
李逢友,0000011241,学习,西南财经大学,经济系,,1987.07
李凤刚,0000011242,函授,河北省委党校,党政,1985.09,1988.07
李凤刚,0000011242,研究生,中央党校,科学社会主义,1998.09,2001.07
李凤云,0000011245,本科,广西民族学院,汉语言文学,1983.09,1987.07
李凤云,0000011245,大专,全国法院干部业余法律大学,函授大专班法律,1995.02,1997.02
李凤云,0000011245,研修,中央党校,,2016.02,2016.04
李奉利,0000011246,本科,同济大学,民用建筑,1984.07,1988.07 
李奉利,0000011246,研究生,青岛海洋大学,港口海岸与近海工程,1997.09,2000.06 
李奉利,0000011246,学习,美国加州大学圣地亚哥分校,,2000.06,2000.12
李奉利,0000011246,博士,中国海洋大学,港口海岸与近海工程,2001.09,2006.06
李夫铁,0000011248,,犍为师范学校,,1978.10,1981.07
李夫铁,0000011248,,西南民族学院,彝汉双语,1985.09,1988.07
李夫铁,0000011248,,西南民族学院,彝汉双语,1994.09,1996.07
李夫铁,0000011248,研究生,省委党校,,2001.09,2004.06
李富民,0000011255,研究生,新加坡南洋理工大学,公共管理,,
李高峰,0000011258,本科,安徽农学院,农学,1981.09,1985.07
李高峰,0000011258,学习,黄山市委党校,,1993.10,1993.12
李广波,0000011271,本科,湖北省黄石师范学院,中文专业,1978.02,1982.01
李贵富,0000011277,学习,临洮师范学校,,1975.09,
李贵富,0000011277,学习,西北师范学院,汉语言文学,1980.08,
李贵增,0000011280,学习,武汉钢铁学院,选矿,1979.09,
李国辉,0000011286,大专,临夏州委党校,,1986.06,1988.07
李国辉,0000011286,本科,中央党校,经济管理,1991.09,1994.01
李国辉,0000011286,研究生,甘肃省委党校,,2002.09,2005.06
李国强,0000011289,学习,山西大学,,1984.09,1986.07
李国强,0000011289,本科,中央党校,经济管理,,
李海华,0000011299,学习,北京商业管理干部学院,经济管理,1986.09 ,1988.07
李海华,0000011299,学习,华中师范大学,,1996.09 ,1999.06 
李海华,0000011299,学习,中央党校,,2001.09 ,2002.01
李海文,0000011301,专科,轻工业部广州轻工业学校,塑料成型,1984.09,1987.01
李海文,0000011301,大专,广西区党校,经济管理,1992.09,1995.06
李海文,0000011301,本科,兰州大学,本科班行政管理,2002.03,2005.07
李浩楠,0000011306,本科,鞍山钢铁学院,,1987.09,1991.08
李恒俭,0000011311,学习,南阳农校,,1979.09,1982.12
李恒俭,0000011311,学习,河南农大,经济管理,1993.09,1995.06
李恒俭,0000011311,学习,河南农大,经济管理,1993.09,1995.06
李洪存,0000011322,大专,中央党校,经济,1992.08,1995.06
李洪存,0000011322,函授,中央党校,法律,1999.09,2001.12
李洪存,0000011322,研究生,辽宁省委党校,工商管理,2000.01,2002.01
李洪海,0000011323,学习,中国人民解放军济南陆军学校,通信,1983.09,1985.07
李洪海,0000011323,大专,中央党校,专科班经济管理,1992.08,1995.06
李洪海,0000011323,本科,省委党校,业余本科班经济管理,2001.09,2003.12
李洪海,0000011323,培训,市委党校,,1997.09,1998.03
李洪亮,0000011324,高中,农安师范学校,,1988.09,1992.07
李洪铭,0000011325,学习,哈尔滨科技大学,计算机应用,1986.09,1990.07
李洪铭,0000011325,学习,哈尔滨市委党校,,2003.03,2003.06 
李洪铭,0000011325,学习,美国公共危机管理培训学习,,2008.11,2008.12
李鸿儒,0000011329,学习,吴忠师范学校,,1980.08,1983.07
李吉斌,0000011345,本科,中央党校,,,
李继明,0000011354,进修,南开大学,,1999.01,2000.07
李家良,0000011360,学习,济宁农业学校,植物保护,1984.09,1987.07
李家良,0000011360,学习,山东农业大学,农学,1994.09,1997.07
李建春,0000011365,本科,成都农机学院,内燃机拖拉机制造与修理,1978.09,1982.09
李建春,0000011365,本科,重庆大学,管理工程,1991.09,1993.07
李建春,0000011365,研究生,重庆大学,工商管理,1997.09,2000.12
李建春,0000011365,博士,重庆大学,技术经济及管理,2001.09,2005.06
李建锋,0000011366,学习,玉林师范专科学校生物系,生物专业,1986.09,1989.07
李建锋,0000011366,本科,广西师范大学生物系,生物学专业,1990.09,1993.07
李建锋,0000011366,研究生,中央党校在职研究生班,经济学专业,2003.09,2006.07
李建锋,0000011366,培训,广西自治区党委党校第29期中青年干部培训班,,2013.08,2014.01
李建辉,0000011369,大专,福建省晋江地区师范,物理,1979.09,1981.07
李建辉,0000011369,本科,中央党校,涉外经济管理,1995.08,1997.12
李建辉,0000011369,研究生,福建省委党校,政法,2002.09,2005.01
李建平,0000011371,学习,江西冶金学院,政治理论,1985.09,
李剑铭,0000011376,本科,四川大学,日本语言文学,1978.09,1982.07 
李剑铭,0000011376,研究生,辽宁大学,世界经济,1984.09,1987.07
李剑铭,0000011376,博士,中国社会科学院,财政学,1996.09,1999.07
李晋宇,0000011385,学习,河北农业大学,农业电气化自动化,1988.09,1992.07 
李晋宇,0000011385,学习,河北农业大学,农业经济管理,1993.09,1996.07 
李晋宇,0000011385,博士,中国人民大学,财政学,2001.09,2004.06
李军杰,0000011395,本科,山东师范大学,汉语言文学,1992.09,1996.07
李军杰,0000011395,研究生,读天津财经学院,财经学,1999.09,2001.12
李军杰,0000011395,博士,中国社会科学院,国民经济学,2002.09,2005.07
李军政,0000011396,本科,中央党校,,,
李俊良,0000011400,研究生,中央党校,科学社会主义,,
李俊良,0000011400,函授,河北大学,汉语言文学,1983.08,1986.07 
李俊良,0000011400,函授,中央党校,党政,1995.08,1998.07
李隽瑜,0000011401,研究生,中央党校,科学社会主义,1998.09,2001.07
李开德,0000011402,本科,云南师范大学,,1987.09,1991.07
李来木,0000011409,学习,江西省第二林校,森保专业,1981.09,1983.09
李兰祥,0000011410,本科,山东农业大学,作物,1987.08,1991.07
李兰祥,0000011410,研究生,山东省委党校,,1999.09,2001.06
李兰祥,0000011410,研究生,中国海洋大学,项目管理,2006.03,2008.12
李理,0000011413,本科,内蒙古师范大学,政治教育,1989.09,1993.07
李理,0000011413,研究生,内蒙古师范大学,政治经济,1993.09,1996.07
李理,0000011413,学习,内蒙古自治区第六期中青年领导干部公共管理培训班,,2009.10,2010.01
李立知,0000011417,学习,天津南开中学,,,1930.00
李立知,0000011417,学习,济南齐鲁大学,,,
李丽珍,0000011418,本科,中央党校,行政管理,1998.08,2000.12
李丽珍,0000011418,学习,广西壮族自治区党校,,2009.09,2010.01
李丽珍,0000011418,学习,广西壮族自治区党校县处级女干部培训班,,2013.03,2013.05
李丽珍,0000011418,大专,江西财经管理干部学院,财务会计,1989.09,1991.07
李明清,0000011439,学习,四川省江津师范学校,,1980.09,1983.07 
李明清,0000011439,大专,中央电大,汉语言文学,1985.09,1988.07
李明清,0000011439,本科,西南师范大学,教育管理,1991.09,1994.07 
李明清,0000011439,大专,西南政法大学,法律,1996.09,1999.07 
李明清,0000011439,研究生,重庆市委党校,经济管理,1998.09,2001.07 
李明舟,0000011442,学习,四川大学,经济学专业,1998.09,2000.07
李明舟,0000011442,学习,眉山地委党校,,1998.10,1999.01 
李鹏军,0000011454,,浙江省绍兴市农校,蚕桑,1983.09,1985.07
李鹏远,0000011457,本科,,,,
李奇,0000011461,研究生,四川省委党校,区域经济学专业,,
李庆新,0000011473,学习,东莞师范,普师,1982.09,1985.07 
李庆新,0000011473,大专,广东省委党校,经济管理,1993.09,1996.08 
李庆新,0000011473,本科,广东省委党校,经济管理,1996.09,1998.12
李庆新,0000011473,研究生,广东省委党校,经济,1999.09,2002.07
李仁新,0000011482,大专,中央党校,经济管理,2000.08,2003.08
李仁新,0000011482,本科,中央党校,公共关系,2005.08,2007.12
李仁新,0000011482,研究生,中央党校,经济学,2010.09,2013.07
李日芳,0000011483,大专,华南农业大学,,1985.09,1987.08
李日芳,0000011483,学习,广东省林业学校,,1979.09,1981.08
李日芳,0000011483,研究生,华中科技大学,行政管理,2002.09,2004.02
李儒志,0000011487,学习,中央党校,经济管理,1996.08,1998.12
李儒志,0000011487,学习,湖北省委党校,,1997.03,1997.05
李儒志,0000011487,学习,中央党校,,2004.03,2004.07
李瑞,0000011490,大专,江南社会学院,国际政治,1996.09,1998.07
李瑞,0000011490,学习,贵阳市委党校,,1999.04,1999.07
李瑞,0000011490,本科,贵州省委党校,经济管理,1998.09,2001.07
李瑞,0000011490,学习,西南政法大学,刑法,2000.11,2002.11
李森,0000011494,本科,南京航空航天大学,计算机应用,1988.09,1992.03
李善昌,0000011496,研究生,中央党校,,,
李善君,0000011498,本科,,,,
李少杰,0000011502,研究生,中国社会科学院,财贸经济,,
李少杰,0000011502,学习,山西大学,政法,1983.08,1985.10
李建国,0000011503,本科,北京农业工程大学,农机,1989.09,1993.07
李绍海,0000011505,本科,,,,
李生文,0000011507,研究生,中国社会科学院,产业经济学,1998.09,2000.07
李胜利,0000011509,,济南师范学校,中师,1979.08,1981.07
李胜利,0000011509,专科,山东省高等教育自学考试专科班,汉语言文学,1984.04,1989.06
李胜利,0000011509,本科,中央党校,经济管理,1993.08,1995.12
李胜利,0000011509,进修,省委党校,,1993.09,1993.10
李胜利,0000011509,培训,省委党校,,1996.09,1997.07
李胜利,0000011509,研究生,中央党校,经济管理,1999.09,2002.07
李胜利,0000011509,EMBA,清华大学,工商管理,2005.09,2007.07
李诗,0000011512,研究生,湖北省委党校,,,
李时庄,0000011513,学习,省立第四职业学校,,,
李世峰,0000011518,学习,河南省商丘农业学校,农学,1978.03,1981.03 
李世贵,0000011519,中专,中央农业广播学校,农经,1981.07,1985.12
李世贵,0000011519,大专,中央党校,经济管理,1992.09,1995.07
李世贵,0000011519,本科,中央党校,党政管理,1995.07,1997.12
李世贵,0000011519,研究生,中央党校,,,
李世友,0000011522,学习,焦作工学院,企业管理,1999.09,2001.07
李世友,0000011522,函授,中央党校,法律,2004.08,2006.12
李守江,0000011524,研究生,山东省委党校,,,
李树存,0000011534,学习,大连理工大学,工商管理,,
李双会,0000011540,研究生,省委党校,,,
李松殿,0000011548,,南昌师范学校,普师,1985.09,1988.08
李韬放,0000011552,本科,齐齐哈尔轻工学院,工业分析,1988.09,1992.07
李韬放,0000011552,培训,齐齐哈尔市委党校,,2003.04,2003.07
李韬放,0000011552,培训,国家行政学院,,2005.03,2005.05
李韬放,0000011552,培训,省委党校,,2007.11,2007.12
李维国,0000011564,本科,宁夏党校,,,
李卫林,0000011571,学习,湖南怀化师专,化学,1988.09,1991.07 
李卫林,0000011571,学习,湖南省委党校,,1995.09,1997.07
李蔚,0000011572,大专,岳阳师范,体育,1984.09,1987.07
李蔚,0000011572,本科,湖南省委党校,,1988.09,1990.07
李蔚,0000011572,研究生,湖南大学,国际贸易,2004.09,2006.12
李文波,0000011576,本科,武汉水运工程学院,焊接工艺及设备,1986.09,1990.07 
李文阁,0000011578,学习,河北昌黎师范,,1981.09,1984.08 
李文阁,0000011578,学习,河北省委党校,,1987.09,1989.07 
李文阁,0000011578,学习,北京国际关系学院,国际经济,1992.09,1993.07
李文阁,0000011578,函授,中央党校,政法,1995.08,1997.12
李文阁,0000011578,研究生,河北省委党校,经济管理,1999.09,2001.12
李文龙,0000011580,学习,南京高级陆军学院,,1979.03,1980.07 
李文龙,0000011580,大专,惠州教育学院,政治专业,1986.01,1988.12 
李武发,0000011589,研究生,陕西省委党校,,,
李武好,0000011590,本科,北京科技大学,,,1990.00
李武好,0000011590,研究生,复旦大学,,,1997.00
李武好,0000011590,博士,中国人民大学,,,2000.00
李武好,0000011590,博士后,南开大学,,2000.00,
李喜安,0000011597,学习,河南省委党校,党政干部专业,1985.09,1988.07
李喜安,0000011597,学习,中央党校,经济管理,1995.08,1997.12
李喜荣,0000011598,小学,马蹄沟小学（私塾）,,,
李先忠,0000011600,学习,沈阳工业大学,,1989.09,1993.08
李献文,0000011608,本科,中央党校,,,
李晓春,0000011618,本科,南京大学哲学系,,,
李晓舸,0000011619,本科,青海民族学院,汉语言文学,1987.09,1991.07
李晓媛,0000011621,学习,西安市服务学校摄影班,,1981.09,1983.11
李晓媛,0000011621,大专,全国法律业余大学大专班,法律专业,1985.05,1988.07
李晓媛,0000011621,本科,西北政法学院本科班,法律专业,1989.09,1991.09
李勰,0000011623,学习,贵州省广播电视大学,法律,1995.09,1997.07
李勰,0000011623,本科,贵州省委党校,经济管理,1997.09,1999.07
李勰,0000011623,学习,深圳经理进修学院,,2000.09,2000.10
李勰,0000011623,学习,遵义市委党校,,2003.09,2003.12
李勰,0000011623,研究生,贵州省委党校,经济学,2006.09,2009.06
李勰,0000011623,学习,美国肯尼索州立大学,,2008.12,2009.01
李欣,0000011624,专科,广东公安高等专科学校,出入境管理,1996.09,1999.07
李欣,0000011624,本科,省委党校,政法,2000.09,2002.12
李欣,0000011624,本科,西南财经大学,金融学,2004.09,2006.07
李欣,0000011624,研究生,中山大学,工商管理,2006.09,2008.06
李欣,0000011624,博士,华南农业大学,农业经济管理,2009.09,2013.12
李新阁,0000011625,本科,山东工业大学,工用与民用建筑,1990.09,1994.07
李新阁,0000011625,研究生,武汉大学,公共管理,,2003.12
李新光,0000011626,学习,奇台师范学校,中师,1985.09,1988.08 
李新光,0000011626,学习,新疆广播电视师范大学,汉语言文学,1992.09,1995.08
李新光,0000011626,学习,昌吉州党委党校,,2002.04,2002.06
李新光,0000011626,研究生,新疆维吾尔自治区党校,经济学专业,2005.09,2008.07
李新红,0000011627,学习,河南信阳林校,经济林,1982.08,1986.07
李新红,0000011627,函授,河南省委党校,经济管理,1992.08,1995.07
李兴安,0000011630,学习,宝鸡农业学校,畜牧专业,1981.09,1984.07
李兴安,0000011630,学习,省委党校,党政管理专业,1991.09,1993.07
李兴安,0000011630,学习,中央党校函授学院,经济管理专业,1997.08,1999.12
李选民,0000011640,学习,广东广播电视大学,,1984.09,1987.11
李选民,0000011640,本科,广东省委党校,经济管理,1995.09,1997.12
李学春,0000011643,学习,兰州师范学校,,1980.09,1982.07
李学春,0000011643,本科,西北师范学院,汉语言文学,1983.09,1988.08
李学春,0000011643,研究生,兰州大学,经济法,1994.06,1997.06
李学春,0000011643,博士,兰州大学,民族社会学,2000.09,2003.06
李学春,0000011643,学习,中共中央党校,,2010.03,2011.01
李延斌,0000011651,研究生,省委党校,,,
李衍授,0000011654,学习,山西省立工业学校,,,
李琰,0000011655,研究生,,,,
李洋,0000011659,本科,省委党校,,,
李业明,0000011663,研究生,华南理工大学,管理工程,,1992.00
李烨,0000011665,中专,红河州农业学校,农学专业,1981.09,1984.07
李烨,0000011665,专科,云南民族学院干部专科部,经济管理专业,1995.09,1997.09
李烨,0000011665,本科,云南省委党校函授学院,法律,2004.09,2006.12
李逸浩,0000011675,研究生,江苏省委党校,,,
李英男,0000011683,学习,绥化师范专科学校,中文专业,1986.09,
李英男,0000011683,本科,中央党校,经济管理,2001.09,2004.07
李永奇,0000011692,学习,榆林学院,数学系,1981.09,1983.07
李永奇,0000011692,本科,中央党校,法律,1998.08,2000.12
李永奇,0000011692,学习,西北大学,,2005.08,2007.08
李友军,0000011698,学习,贵州省都匀民族师范学校,政治教育专业,1985.09,1988.08
李友军,0000011698,学习,贵州省黔南州教育学院政史系,,1991.09,1993.07
李友军,0000011698,培训,全省持续农业培训班,,1999.06,1999.08
李友军,0000011698,学习,贵州省委党校,法律专业,2000.09,2003.01
李友军,0000011698,研究生,复旦大学区域经济专业研究生专业课程班,区域经济专业,2001.06,2003.09
李友军,0000011698,学习,贵州省委党校中青班,,2009.03,2009.05
李友军,0000011698,培训,贵州行政学院县长培训班,,2010.03,2010.04
李有平,0000011700,学习,西藏民族学院,,1993.09,
李余良,0000011701,本科,兰州商学院,商业经济,1987.09,1991.07 
李余良,0000011701,研究生,西南财经大学,金融,,
李玉林,0000011705,,山西经济管理干部学院,政治理论,1988.09,1990.07
李玉林,0000011705,函授,中央党校,政治学,1991.06,1996.12
李玉山,0000011708,中专,吴忠师范学校,中师,1987.09,1991.07
李元兴,0000011719,,青海省商业学校,财会,1982.09,1984.07
李元兴,0000011719,大专,西北师范大学,财务会计,1995.09,1997.06
李元兴,0000011719,研究生,青海省委党校,"经济管
理",2007.10,2010.01
李跃飞,0000011722,研究生,,,,
李跃旗,0000011723,学习,上海师范专科学校,小学教育,1988.09,1990.07
李跃旗,0000011723,本科,华东师范大学,政教,1992.09,1995.07
李跃旗,0000011723,学习,上海市委党校,,2001.03,2001.07
李跃旗,0000011723,研究生,华东师范大学,经济学,1998.01,1999.12
李跃旗,0000011723,学习,上海市委党校,,2004.05,2004.06
李跃旗,0000011723,学习,复旦大学,工商管理,2005.12,2008.01
李跃旗,0000011723,学习,市委组织部、美国芝加哥大学主办的新经济、新业态研修班,,2010.09,2010.10
李跃旗,0000011723,研究生,上海海事大学,交通运输规划管理,2004.09,2011.06
李云川,0000011725,研究生,安徽省委党校,,,
李云峰,0000011726,学习,南昌师范学校,,1985.08,1988.08
李占朝,0000011734,学习,河南农学院,,,
李长胜,0000011739,研究生,山东省委党校,,,
李长涛,0000011741,学习,铁岭师范学校,中文,1978.12,1980.08 
李长涛,0000011741,研究生,东北师范大学,行政管理与法学,1999.07,2001.03
李正环,0000011748,本科,省委党校,经济管理专业,1997.09,1999.12
李志达,0000011751,,固原师范,小学教育,1986.09,1989.07
李志达,0000011751,大专,中央党校,党政管理,1993.08,1996.06
李志达,0000011751,本科,甘肃农业大学,现代园艺,2004.09,2007.06
李志锋,0000011753,学习,延安师范,,1984.09,1987.07
李志锋,0000011753,学习,中央党校,经济信息,1995.12,1998.12
李志锋,0000011753,研究生,陕西师范大学,,1999.07,2001.08
李志锋,0000011753,研究生,中央党校,经济管理,2004.09,2007.07
李志红,0000011754,本科,山东大学,光学专业,1985.09,1989.07
李志军,0000011756,学习,财政部财政科学研究所,财政理论与政策,,
李志强,0000011759,本科,西安交通大学,锻压,1982.09,1986.07
李志雄,0000011760,本科,西南政法学院,法律,1980.09,1984.07
李志雄,0000011760,学习,重庆市委党校,,1997.09,1998.01
李志雄,0000011760,,,,2001.07,2002.07
李智富,0000011762,学习,华东理工大学,水文地质和工程地质,1983.07,
李智富,0000011762,学习,江西省委党校,,1998.09,1999.01
李中华,0000011764,学习,六安农校,农学专业,1984.09,1987.07
李中华,0000011764,培训,省委党校中青年干部培训班,,2004.09,2004.12
李作勋,0000011784,本科,贵州大学,哲学专业,1989.09,1993.07
李作勋,0000011784,研究生,南京大学,中国哲学,1993.07,1996.03
李作勋,0000011784,博士,南京大学,中国哲学,1996.03,1999.04
李作勋,0000011784,学习,贵州省高级公务员赴美研修班在科罗拉多大学学习,,2002.10,2002.12
厉秀珍,0000011787,学习,浙江财政学校,财政学,1980.09,1982.08 
栗朝举,0000011789,研究生,河南农业大学,作物栽培,,
栗建华,0000011790,本科,东北重型机械学院,轧钢机械,1978.02,1982.01 
廉德禄,0000011798,大专,佳木斯师范学校,,1977.00,1979.07
廉德禄,0000011798,本科,哈尔滨师范大学,教育行政管理,1986.09,1989.09
廉德禄,0000011798,研究生,哈尔滨工业大学,高级工商管理,2007.07,2009.12
梁大盛,0000011814,大专,广东省党校,党政干部,1985.09,1987.07
梁大盛,0000011814,学习,亚洲（澳门）国际公开大学,,,
梁德铭,0000011815,本科,党校,,,
梁东雁,0000011817,学习,郑州建筑工程学校,,1983.09,1986.07
梁东雁,0000011817,本科,混拿大学,土木工程,1988.08,1992.06
梁东雁,0000011817,研究生,河南大学,经济学,1996.10,1998.12
梁积福,0000011829,本科,广东民族学院,汉语言文学,1982.09,1987.07
梁杰鸿,0000011836,学习,四川省供销学校,,1980.10,1982.07 
梁津华,0000011838,学习,四川师范大学,汉语言文学,,1988.07
梁津华,0000011838,本科,中央党校,政法,1996.09,1998.07
梁君,0000011843,研究生,,,,
梁磊,0000011844,学习,中国政法大学,公共管理,,
梁磊,0000011844,研究生,中央党校,经济管理,,
梁宁,0000011850,本科,广西民族学院,物理,1985.09,1989.07
梁宁,0000011850,研究生,广西大学,,2001.09,2003.09
梁宁,0000011850,培训,河池市委党校,,2003.07,2003.10
梁培,0000011851,学习,广东省财政学校,建筑工程,1980.09,1982.07
梁培,0000011851,大专,广东省委党校,,1988.09,1991.07
梁培,0000011851,研究生,广东省委党校,,1995.09,1998.05
梁平江,0000011853,,南宁地区第二师范学校,普师,1983.09,1986.07
梁平江,0000011853,学习,广西青年干部学院,少年工作理论,1990.09,1992.07
梁平江,0000011853,本科,中央党校,政法,1997.09,1999.12
梁平江,0000011853,学习,南宁市委党校,,2000.10,2000.12
梁平江,0000011853,研究生,中南民族大学,中国少数民族经济,2002.09,2004.06
梁平江,0000011853,培训,广西壮族自治区党委党校,,2014.09,2015.01
梁蓉兰,0000011854,学习,甘肃省财贸学校财经专业学习,,1981.09,1983.08
梁蓉兰,0000011854,本科,中央党校,经济管理,1993.08,1995.12
梁蓉兰,0000011854,学习,财政部科研所,,1998.09,2000.02
梁世刚,0000011856,学习,庆阳师范学校,,1981.09,1984.07
梁世刚,0000011856,大专,西北师范大学,,1988.09,1990.06
梁世刚,0000011856,本科,中央党校,党政管理,1997.08,1999.12
梁世刚,0000011856,研究生,甘肃省委党校,经济社会发展与党的领导,2007.09,2010.06
梁万里,0000011861,研究生,广东省委党校,经济学,1999.0,2002.07
梁伟,0000011864,函授,中国人民大学,工业经济管理,1984.00,1989.00
梁伟,0000011864,学习,一年制中青年培训班,,1997.00,1998.00
梁伟,0000011864,研究生,中央党校,经济管理,1997.00,2000.00
梁新民,0000011870,学习,漳州龙溪简师,,1936.00,
梁彦国,0000011874,本科,青海师范大学,数学,1980.09,1984.07
梁一波,0000011876,本科,徐州师范学院,化学教育,1988.09,1992.06
梁永泉,0000011880,学习,湖南省怀化师专,中文,1981.09,1984.07 
梁永泉,0000011880,学习,湘潭大学,马克思主义哲学,1998.09,2002.09
梁永泉,0000011880,学习,国防科技大学,法律,2000.09,2003.06
梁在明,0000011883,学习,广东省委党校哲学党建课程,,,1984.00
梁铮,0000011884,大专,贵州商业高等专科学校,工商行政管理,1996.09,1998.07 
梁铮,0000011884,学习,上海市委党校,,2002.08,2002.09
梁铮,0000011884,学习,中央党校,法律,2000.08,2002.12
梁铮,0000011884,学习,贵州省委党校,,2009.05,2009.06
廖桂生,0000011893,专修,广西自治区广播电视大学,党政管理干部基础专修科,1984.09,1986.07
廖桂生,0000011893,培训,北京对外经济贸易大学,,1989.09,1990.01
廖桂生,0000011893,研究生,广西师范大学,国民经济学,1998.10,2000.10
廖国璋,0000011894,本科,,,,
廖建华,0000011896,中专,湖南第一师范,,1981.09,1985.07
廖建华,0000011896,大专,湖南师范大学,汉语言,1986.10,1996.06
廖建华,0000011896,本科,湖南师范大学,新闻学,1995.09,1998.06
廖锦成,0000011898,研究生,,,,
廖军文,0000011900,研究生,华南理工大学,工商管理,1993.09,1996.03
廖俊波,0000011901,研究生,中央党校,,,
廖俊云,0000011902,研究生,,,,
廖凯,0000011903,本科,南充师范学院,汉语言文学,1984.09,1988.07 
廖克全,0000011904,学习,乐山师范学校,,1979.08,1981.07
廖克全,0000011904,大专,西南师范大学,教育行政管理,1981.09,1983.07
廖克全,0000011904,研究生,四川省委党校,经济学,2000.03,2002.01
廖立勇,0000011905,专科,桂林师范学校,普师,1986.09,1989.09
廖立勇,0000011905,本科,广西师范大学,政治教育,1989.09,1993.09
廖立勇,0000011905,研究生,广西师范大学,马克思主义哲学,1993.09,1996.08
廖立勇,0000011905,学习,广西自治区党委党校,,2005.09,2006.01
廖立勇,0000011905,研究生,广西自治区党委党校,研究生班党政管理,2005.09,2007.12
廖立勇,0000011905,培训,中央党校,,2011.03,2012.01
廖仁松,0000011909,学习,成都市温江卫校,,1978.09,1981.07
廖仁松,0000011909,大专,四川省委党校,经济管理,1989.09,1992.06
廖仁松,0000011909,本科,四川省委党校,经济管理,1994.09,1996.12
廖仁松,0000011909,学习,成都电子科技大学管理学院,,1998.09,2000.07
廖汝奋,0000011911,中专,广西钦州农业学校,农学,1982.09,1985.07
廖雪梅,0000011915,中专,四川省江油幼儿师范学校,,1984.09,1987.07
廖雪梅,0000011915,本科,四川师范学院,历史系,1987.07,1991.07
廖云东,0000011917,学习,龙南中学,,,1981.00
廖云东,0000011917,学习,江西农业大学,畜牧兽医,1983.00,
廖志刚,0000011918,研究生,中央党校,,,
林邦彦,0000011924,大专,广东建筑工程专科学校,,1975.09,
林邦彦,0000011924,学习,同济大学,,1985.06,1986.02
林邦彦,0000011924,学习,广东省委党校,,1995.03,1995.07
林北川,0000011926,学习,海南师专,中文系,1978.10,1978.10
林北川,0000011926,学习,吉林省教育学院,中文专业,1996.09,1999.08
林碧红,0000011927,大专,广东省梅州市嘉应师专,物理系,1978.10,1981.07
林碧红,0000011927,研究生,广东省委党校,经济管理,1996.09,1999.07
林崇中,0000011931,学习,江门市师范学校,,1970.09,1971.07
林楚欣,0000011932,研究生,广东省社科院,经济学,,
林飞鸣,0000011938,本科,中山大学,经济地理与城乡区域规划,1987.09,1991.08
林飞鸣,0000011938,研究生,中山大学,人文地理学,1999.10,2001.07
林飞鸣,0000011938,研究生,中山大学,人文地理学,2008.09,2011.12
林抚生,0000011941,本科,哈尔滨工业大学,热能工程,1980.09,1984.07
林抚生,0000011941,研究生,哈尔滨工业大学,热能工程,1984.07,1987.07
林抚生,0000011941,研究生,清华大学,工商管理,1998.02,2001.01
林刚,0000011942,本科,西南师范大学,经济地理与城乡规划,1989.09,1993.07
林刚,0000011942,博士,四川大学,政治经济学,2006.09,2010.12
林锦明,0000011961,学习,福建农学院,农经,,1983.00
林晶华,0000011963,中专,昭乌达蒙族师范专科学校,,1984.09,1987.07
林龙飞,0000011971,学习,南京大学,,,
林录印,0000011972,研究生,陕西省委党校,,,
林庆山,0000011978,中专,广西钦州地区合浦师范学校,普通中师,1981.09,1984.07
林庆山,0000011978,学习,广西钦州地区教育学院,政治,1987.09,1989.07
林庆山,0000011978,函授,中央党校,经济管理,1994.08,1996.12
林庆山,0000011978,研究生,广西师范大学,法学理论,2003.09,2005.09
林庆山,0000011978,培训,上海浦东干部学院,,2014.09,2014.11
林仁芳,0000011979,大专,厦门大学,政党基础管理,,
林荣取,0000011981,大专,中央党校,,1984.09,1986.07
林荣忠,0000011984,本科,福建省委党校,,,
林守钦,0000011992,,福州大学,,,
林双全,0000011995,本科,西南石油学院,计算机及应用,1992.09,1996.07
林涛,0000011999,本科,北京师范大学,经济学,1988.09,1992.07 
林涛,0000011999,研究生,北京师范大学,经济学,1995.09,1998.07
林涛,0000011999,博士,北京大学,经济学,1999.09,2002.07
林涛,0000011999,学习,外交学院,,2005.10,2006.01
林涛,0000011999,学习,美国哈佛大学肯尼迪政府学院高级公务员（SEF）培训班,,2006.10,2006.11
林涛,0000011999,学习,国家行政学院,,2007.09,2007.12 
林武民,0000012009,自考,广西大学,高等自考新闻,1988.09,1991.06
林武民,0000012009,本科,中央党校,行政管理,1997.08,1999.12
林武民,0000012009,研究生,广西区党校,行政管理,2002.09,2005.01
林锡波,0000012010,本科,省委党校业余大学,外向型经济管理专业,1993.09,1996.07
林锡波,0000012010,本科,中央党校函授学院广东分院本科班,行政管理专业,2002.08,2004.12
林喜洋,0000012012,学习,衡阳师范专科学校,政教,1987.09,1990.07 
林喜洋,0000012012,本科,中央党校,经济管理,1993.09,1995.12
林喜洋,0000012012,研究生,湖南省委党校,经济管理,2006.09,2009.07 
林先华,0000012013,本科,复旦大学,国际政治,1986.09,1990.07
林先华,0000012013,研究生,中央党校,经济学,2000.09,2003.07
林先华,0000012013,学习,美国肯恩大学,公共管理,2002.08,2003.08 
林贤,0000012014,研究生,福建省委党校,,,
林晓峰,0000012018,研究生,浙江省委党校,,,
林义铭,0000012025,本科,中央党校,,,
林亦俊,0000012026,学习,浙江省平阳县金乡区中学,,,1979.01
林亦俊,0000012026,学习,浙江省温州师范专科学校,,1979.00,
林奕斌,0000012027,学习,福建师范大学,政教系,1977.02,
林毅,0000012029,本科,中央党校,,,
林振光,0000012040,中专,广东电子技术学校,无线电技术,1980.09,1983.07
林振光,0000012040,大专,中山大学,中文,1985.05,1987.12
林振光,0000012040,大专,暨南大学,,1990.05,1992.12
林振光,0000012040,培训,茂名市委党校,,1995.11,1996.01
林振光,0000012040,研究生,省委党校,党建,1996.09,1999.07
林志坤,0000012043,学习,福建省经济管理干部学院,工业企业管理,1986.09,1988.07
林志坤,0000012043,学习,中国人民大学,工业经济专业,1995.10,1997.10
林志坤,0000012043,本科,中央党校,经济管理,1998.09,2000.12
林志坤,0000012043,学习,福建省委党校,,2001.04,2001.06
蔺红军,0000012047,学习,甘肃工业大学,工民建,1986.09,1990.06
蔺红军,0000012047,研究生,兰州大学,区域经济,2000.03,2002.03
蔺治斌,0000012050,本科,延安大学化学系,化工专业,1980.09,1984.07
蔺治斌,0000012050,学习,省委党校,,1987.06,1987.12
蔺治斌,0000012050,研究生,上海师大法商学院,行政管理,2001.09,2002.06
凌月明,0000012055,本科,南京化工学院,无机化工,1979.09,1983.08
凌月明,0000012055,研究生,福建师范大学,政治经济学,1999.09,2002.08
凌月明,0000012055,学习,中央党校,,2004.03,2005.01
凌月明,0000012055,学习,长江商学院,工商管理,2006.05,2008.09
刘宝芳,0000012061,学习,长春中医学院,,1989.08,1993.07 
刘本芳,0000012066,本科,中央党校,党政管理专业,,
刘本良,0000012067,,仪陇师范学校,,1978.09,1981.07
刘本良,0000012067,专科,西南大学,历史,1987.09,1989.07
刘本良,0000012067,本科,省委党校,经济管理,1995.09,1997.12
刘本良,0000012067,研究生,西南师大,区域经济,1998.06,2000.06
刘博夫,0000012073,专科,巢湖师范专科学校,中文,1988.09,1990.07
刘博夫,0000012073,研究生,上海师范大学,中国古代史,1994.09,1997.08
刘朝平,0000012078,研究生,中共中央党校,,,
刘冲,0000012083,本科,陕西省农林学校,畜牧专业,1980.09,1983.07
刘冲,0000012083,本科,中央党校函授学院,经济管理专业,1993.09,1995.12
刘冲,0000012083,研究生,西安交通大学研究生课程研修班,行政管理专业,2002.04,2004.03
刘传谨,0000012085,本科,聊城师范学院,物理专业,1983.09,1987.07
刘闯,0000012086,研究生,江西省委党校,,,
刘春,0000012087,本科,内蒙古民族师范学院,汉语言文学,1987.09,1991.07
刘春,0000012087,进修,吉林大学,马克思主义理论教育,1996.01,1998.04
刘春,0000012087,研究生,辽宁大学,工商管理硕士,2006.04,2008.06
刘春,0000012087,研究生,中国社会科学院,中国当代史,2009.09,2013.07
刘春,0000012087,博士,中国农业大学,农业经济史,2009.09,2014.07
刘春成,0000012088,本科,辽宁大学,工业经济,,1986.07
刘春成,0000012088,研究生,辽宁省委党校,,,
刘春华,0000012089,学习,南京林业大学,农业推广,2002.09,2005.03
刘春茂,0000012090,学习,商洛地区师范学校,,1980.09,1982.07
刘德力,0000012098,研究生,陕西省委党校,,,
刘定辉,0000012105,大专,赣州地委党校,,1986.09,1988.06
刘定青,0000012106,学习,湖南省供销学校,统计专业,1980.07,1982.07 
刘定青,0000012106,本科,湖南师范大学,汉语言文学,,1997.06
刘定青,0000012106,研究生,华中理工大学,文学,,2001.01
刘东波,0000012107,本科,山东财经学院,财政,,
刘东波,0000012107,研究生,山东省委党校,经济管理,,
刘福林,0000012120,,哈密农校,农业经济管理,1981.09,1984.07
刘福林,0000012120,,新疆大学,政治理论,1988.09,1991.07
刘福林,0000012120,研究生,自治区党校,经济管理,2001.07,2004.07
刘福志,0000012122,学习,北京市密云县冯家峪中学,,1969.01,1974.01
刘福志,0000012122,大专,北京市农业干部管理学院,,1994.07,1995.07
刘富祯,0000012124,本科,中央民族学院,民族学,1983.09,1987.09 
刘富祯,0000012124,学习,中央民族学院,民族学,1987.09,1990.07 
刘光明,0000012129,本科,华南师范大学,思想政治教育,1991.09,1995.06
刘光明,0000012129,研究生,广东省委党校,经济学,1997.09,2000.07
刘光明,0000012129,学习,广东省委党校,,2008.09,2008.12
刘光明,0000012129,研究生,暨南大学,行政管理,2008.09,2011.12
刘光明,0000012129,学习,新加坡国立大学,公共行政与管理,2011.03,2012.01
刘国会,0000012138,本科,黑龙江大学,中文,1980.07,1984.07
刘海红,0000012144,学习,江苏省淮阴市计划生育学校,会计,1990.09,1993.06
刘海红,0000012144,学习,江苏省南京市人口干部管理学院,,1995.09,1997.06
刘海红,0000012144,本科,江苏省自考法律专业,,2002.06,
刘海红,0000012144,学习,南京大学,法律,2004.02,2006.12
刘海军,0000012145,学习,武汉工业大学,硅酸盐工程,1986.09,1990.07
刘海军,0000012145,学习,湖北省建材培训中心中层干部岗位职务培训班,,1991.11,1991.12 
刘海军,0000012145,学习,宜昌市委党,,2000.02,2000.05 
刘海军,0000012145,学习,宜昌市委党校,,2004.04,2004.06
刘海军,0000012145,学习,中南财经政法大学,工商管理,2005.03,2007.06
刘海军,0000012145,学习,湖北省委党校,,2007.03,2007.04
刘海军,0000012145,学习,新加坡南洋理工大学,公共管理,2008.03,2009.02
刘恒咏,0000012152,学习,大冶师范学校,,1978.10,1980.07 
刘恒咏,0000012152,学习,武汉大学,新闻专业,1985.09,1987.06
刘恒咏,0000012152,学习,中央党校,经济管理,1995.08,1997.12
刘恒咏,0000012152,学习,湖北省委党校,,1998.03,1998.05 
刘恒咏,0000012152,学习,湖北省委党校,党的建设,1998.09,2001.07 
刘宏,0000012153,本科,吉林建工学院,资源环境与城乡规划管理,2002.09,2005.03
刘宏,0000012153,研究生,吉林省委党校,法律,2003.09,2006.07
刘宏葆,0000012154,学习,河南大学,理论物理,1982.09,1986.07
刘宏葆,0000012154,研究生,浙江大学,哲学专业,1991.08,1994.03
刘宏葆,0000012154,博士,上海大学,材料学,2005.09,2008.10
刘洪,0000012156,研究生,党校,,,
刘洪,0000012156,学习,江西行政学院,人武专业,1991.09,1993.06
刘洪飞,0000012157,本科,牡丹江师范学院,物理,1985.07,1987.07
刘洪飞,0000012157,学习,省委党校,经济管理,1998.09,2001.12
刘会军,0000012167,学习,河南工业大学,企业管理,1985.00,1987.00
刘会军,0000012167,研究生,新疆维吾尔自治区党委党校,工商管理,,
刘吉祥,0000012172,研究生,四川工商管理学院,工商管理,,
刘继承,0000012177,本科,中央党校,经济管理,2003.08,2005.12
刘继承,0000012177,大专,河北工业大学,经济管理,1997.09,1999.06
刘加才,0000012178,研究生,重庆大学,压力加工,1985.09,1988.07
刘金辉,0000012199,本科,,,,
刘金明,0000012200,学习,张家口农业专科学校,,1978.10,1981.07 
刘晋萍,0000012204,学习,太原理工大学,热能动力,1983.09,1987.07
刘晋萍,0000012204,学习,中央团校第十期团地市委书记副书记研究班,,1998.05,1998.07
刘晋萍,0000012204,学习,山西省委党校,,2000.09,2001.01
刘晋萍,0000012204,学习,华中科技大学,,2005.03,2005.09
刘晋萍,0000012204,学习,美国洛杉矶大学,,2005.09,2006.04
刘景堂,0000012207,学习,陕西省团校,,1984.09,1985.06
刘景堂,0000012207,学习,延安地区党校,经济管理,1993.07,1996.03
刘景堂,0000012207,本科,中央党校,经济管理,1996.08,1998.12
刘景堂,0000012207,学习,上海师范大学,行政管理,2000.09,2002.06
刘景新,0000012208,学习,黑龙江省委党校,经济管理,,
刘静,0000012212,本科,甘肃农业大学,林业,1989.09,1993.06 
刘静,0000012212,学习,甘肃省委党校,,2002.09,2003.01
刘静,0000012212,学习,定西市委第一期中青年干部培训班,,2006.03,2006.05
刘军芳,0000012213,学习,江西环境工程学院,林学专业,1983.09,1985.07
刘克胤,0000012223,本科,西北工业大学,,1984.09,1988.07
刘奎生,0000012225,本科,山西大学,经济系,,
刘兰芳,0000012227,本科,江西师范大学,中文系,1984.09,1988.07
刘兰芳,0000012227,学习,南昌大学,公共管理,2007.03,2010.01
刘力江,0000012231,学习,兰州大学,对外关系与经济贸易,1991.09,1994.07
刘力江,0000012231,本科,中央党校,法律,2001.08,2003.12
刘力江,0000012231,研究生,甘肃省委党校,国民经济学,2004.09,2007.06
刘立著,0000012236,专科,廊坊师范专科学校,中文,1978.01,1981.08
刘立著,0000012236,本科,河北大学,函授新闻学,1998.06,2001.07
刘丽,0000012237,本科,东北农学院,农学,1982.09,1986.07
刘丽,0000012237,研究生,东北农业大学,经济管理,1998.09,2000.07
刘丽,0000012237,研修,北京大学,,2000.09,2001.07
刘丽,0000012237,研究生,吉林大学,农村与区域发展,2009.12,2012.12
刘丽,0000012237,研究生,哈尔滨工业大学,高级管理人员工商管理,2010.09,2013.07
刘莉,0000012238,研究生,自治区党校,经济管理专业,,2008.07
刘林,0000012243,研究生,,,,
刘录江,0000012248,本科,中国青年政治学院,,1985.07,1987.08
刘敏,0000012252,研究生,中央党校,,,
刘泮英,0000012258,学习,山东师范大学,化学,1991.09,1993.07 
刘泮英,0000012258,学习,山东省委党校,经济管理,1995.09,1997.12
刘泮英,0000012258,学习,山东省委党校,经济管理,2001.09,2004.06
刘启波,0000012264,中专,辽阳师范学校,,,
刘启波,0000012264,本科,沈阳师范学院,政治教育专业,,
刘启华,0000012266,学习,华中师范大学,区域经济法学,,1999.06
刘钦海,0000012269,学习,泰安师范,,,1985.07
刘钦海,0000012269,学习,中央党校,经济管理专业,1992.07,1995.07
刘任远,0000012285,本科,西南交通大学,工民建,1986.08,1990.08
刘任远,0000012285,学习,西南交通大学,产业经济学,2001.09,2003.07
刘瑞红,0000012292,学习,许昌地区卫校,,1980.09,1983.07
刘瑞红,0000012292,学习,河南省医科大学,临床医学,1985.08,1988.08
刘瑞红,0000012292,学习,河南省委党校,经济管理,1993.09,1995.12
刘瑞红,0000012292,学习,河南省漯河市第8期县级干部培训班,,1998.03,1998.06
刘瑞红,0000012292,学习,河南省委党校,,2003.03,2003.06
刘瑞红,0000012292,学习,澳门（国际公开）大学,工商管理,2003.09,2005.09
刘润长,0000012294,本科,武汉钢铁学院,无机非金属材料,1992.09,1996.06
刘润长,0000012294,学习,潜江市委党校,,2000.05,2000.07
刘润长,0000012294,学习,潜江市委党校,,2001.05,2001.07
刘润长,0000012294,培训,潜江市委党校,,2002.09,2002.11
刘润长,0000012294,进修,湖北省委党校,,2008.09,2008.10
刘若尘,0000012295,本科,中央党校函授学院,法律专业,1997.09,1999.12
刘三民,0000012296,研究生,陕西省委党校,,,
刘圣珍,0000012308,本科,滨州医学院,医疗专业,1980.07 ,
刘圣珍,0000012308,学习,山东省第十期中青年干部培训班,,1999.08,2000.06
刘胜友,0000012310,本科,东北大学,工业工程,1994.09,1998.06
刘胜友,0000012310,研究生,桂林工学院,企业管理,2003.09,2007.09
刘胜友,0000012310,研究生,桂林理工大学,,2010.09,2012.06
刘盛发,0000012311,学习,韩山师专,中文系,1981.09,1984.07 
刘盛发,0000012311,学习,汕头市委第三期中青年干部培训班,,1985.11,1986.02
刘盛发,0000012311,研究生,广东省委党校,经济学,1999.09,2002.07
刘士武,0000012313,研究生,江苏省委党校,,,
刘守亮,0000012317,本科,,,,
刘淑秀,0000012320,本科,山东农学院,农学,1979.09,1983.07
刘淑秀,0000012320,研究生,山东省委党校,政治经济学,1997.09,2000.06
刘淑秀,0000012320,学习,临沂市委党校第10期中青年干部培训班,,2000.09,2001.01
刘树华,0000012321,学习,内乡师范学校,,1978.04,1980.04
刘树华,0000012321,学习,南阳地委党校培训班,,1983.12,1986.01 
刘四宏,0000012326,研究生,区委党校党员领导干部在职研究生班,经济管理专业,,2007.07
刘天才,0000012330,学习,陕西教育学院,教育系,1983.08,1984.07
刘天才,0000012330,本科,陕西教育学院,教育系,1988.08,1991.07
刘天东,0000012331,本科,济南联合大学,机械制造工艺及设备,1993.09,1997.07
刘天东,0000012331,学习,山东大学,管理科学与工程,2001.03,2004.06
刘天东,0000012331,博士,中南大学,管理科学与工程,2004.09,2007.06
刘铁健,0000012334,学习,湖南省水利水电学校,,1980.09,1983.07 
刘铁健,0000012334,本科,武汉水利电力大学,水利水电工程建设,1997.09,1997.09
刘维平,0000012340,学习,中央党校,经济管理,1995.08,1997.12
刘维平,0000012340,学习,陕西省委党校,马克思主义理论与思想教育,2001.09,2004.07
刘卫兵,0000012343,,常德供销学校,工业会计,1988.09,1990.07
刘卫兵,0000012343,大专,湖南省商学院,,1992.09,1994.07
刘卫兵,0000012343,本科,中共中央党校,经济管理,1996.09,1998.01
刘卫兵,0000012343,研究生,中共中央党校,经济管理,2003.09,2006.07
刘卫华,0000012345,研究生,中央党校,,,
刘蔚,0000012347,学习,西安基础大学,法律,1983.09,1986.07
刘蔚,0000012347,研究生,西北政法学院,民商法学,1990.09,1993.07
刘蔚,0000012347,博士,中国政法大学,民商法学,2004.09,2009.01
刘文华,0000012349,研究生,中央党校,,,
刘文杰,0000012350,,承德地区农业学校,果树,1978.01,1981.08
刘文杰,0000012350,,河北广播电视大学,文秘,1987.09,1990.07
刘文杰,0000012350,函授,中央党校,经济,1992.08,1994.12
刘文杰,0000012350,研究生,河北省委党校,在职研究生班经济管理,1999.09,2001.12
刘文龙,0000012353,中专,辽宁省粮食学校,,,
刘文龙,0000012353,研究生,辽宁省委党校,法律,,
刘文儒,0000012356,本科,福州大学,采矿工程,1981.09,1985.07
刘霞,0000012366,学习,西昌师专,中文系,1985.09 ,1988.07 
刘霞,0000012366,函授,四川省委党校,经管,1996.08,1998.12 
刘霞,0000012366,学习,四川大学,管理科学与工程,1999.04 ,2001.07 
刘霞,0000012366,学习,清华大学,公共管理,2003.09 ,2003.11 
刘霞,0000012366,学习,四川省人力资源开发与管理赴英国培训班,,2004.11 ,2004.12 
刘霞,0000012366,研究生,中央党校,经济管理,2003.09,2006.07 
刘先伟,0000012368,学习,西昌师范专科学校,数学专业,1984.09,1987.07
刘先伟,0000012368,学习,四川师范学院,政治历史,1994.09,1997.06
刘先伟,0000012368,研究生,四川省委党校,法学,2002.09,2005.07
刘乡,0000012372,本科,江西工业大学,精细化工,1986.09,1990.08
刘襄渝,0000012374,本科,东南大学,马克思主义基础理论,1988.09,1992.08
刘襄渝,0000012374,学习,四川大学,国民经济学,1996.07,2000.07
刘襄渝,0000012374,学习,四川省委党校,,2003.03,2003.07
刘襄渝,0000012374,研究生,南开大学,国际经贸,2004.01,2006.07
刘向松,0000012376,大专,兵团党委党校,经济管理专业,1992.09,1995.09
刘向松,0000012376,学习,兵团党委党校一年制中青班,,1991.09,1992.07
刘向松,0000012376,本科,中央党校函授,经济管理专业,1996.08,1998.12
刘向松,0000012376,学习,中央党校厅局级班,,1997.09,1998.01
刘向松,0000012376,研究生,中央党校研究生院,经济管理专业,1999.09,2002.08
刘向松,0000012376,学习,中央党校中青班,,2002.03,2003.01
刘小龙,0000012379,学习,中南林学院,林学,1978.09,1982.07
刘晓晨,0000012381,研究生,北京市委党校,经济管理,,
刘晓平,0000012383,本科,复旦大学,文学,,
刘筱柳,0000012385,本科,四川大学,哲学专业,1988.09,1992.07
刘筱柳,0000012385,研究生,四川大学,行政管理,1996.09,1999.06
刘筱柳,0000012385,博士,四川大学,政治经济学,2002.09,2008.06
刘旋,0000012395,学习,太原师范学校,教育专业,1986.09,1989.07
刘亚民,0000012405,研究生,党校,,,
刘亚洲,0000012408,本科,四川省委党校,法律,1995.09,1998.07
刘亚洲,0000012408,学习,四川省委党校,,2006.03,2006.04
刘亚洲,0000012408,研究生,中央党校,经济管理,2002.09,2005.07
刘宜,0000012416,本科,中南大学,公路专业,,
刘宜,0000012416,大专,河南大学,英语专业,1994.08,1997.07
刘宜,0000012416,本科,中央党校,经济管理,1999.08,2001.12
刘宜,0000012416,学习,中国人民大学,政府管理,2003.11,2006.06
刘宜星,0000012417,本科,曲阜师范大学体育系,,,1990.00
刘乙佑,0000012418,学习,山西重机学院,经济工业,,1996.06
刘乙佑,0000012418,函授,中央党校,经济管理,,2007.07
刘迎春,0000012424,学习,桂林冶金地质学院,,1985.09,1986.09
刘迎春,0000012424,学习,华中师范大学,思想政治教育,1986.09,1989.07
刘迎春,0000012424,学习,山东大学,哲学,1992.09,1994.07
刘迎春,0000012424,研究生,清华大学,公共管理,2006.09,2009.01
刘应安,0000012425,学习,西南政法大学,,,
刘永堂,0000012434,研究生,兰州大学,,,
刘永珍,0000012437,学习,湖南省司法学校,法律,1986.09,1988.07 
刘勇锋,0000012438,学习,乾县师范学校,,1981.09,1983.07
刘勇锋,0000012438,学习,咸阳教育学院,,1988.09,1991.09
刘勇锋,0000012438,本科,中央党校函授学院,经济管理专业,1999.08,2001.12
刘勇锋,0000012438,研究生,陕西省委党校,马克思主义理论与思想政治教育专业,2002.09,2005.07
刘勇会,0000012439,学习,湖南零陵师范高等专科学校,中文,,1992.09
刘勇会,0000012439,学习,湖南永州市委党校,,2002.03,2002.07
刘玉泉,0000012449,本科,北京理工大学,自动化,1983.07,1987.07 
刘玉泉,0000012449,研究生,北京理工大学,化学工程,1987.07,1990.04 
刘玉泉,0000012449,学习,成都市委组织部组织在美国菲尼克斯市为期3个月的培训,,2000.00,
刘玉泉,0000012449,学习,四川省委党校,,2004.02,2004.08
刘育生,0000012457,本科,中央党校,,,
刘裕斌,0000012458,本科,青岛海洋大学,应用电子技术,,
刘毓名,0000012460,学习,江西省吉安师范遂川分班,,1979.09,1981.07
刘毓名,0000012460,学习,江西省委党校,,2002.03,2002.06
刘毓名,0000012460,研究生,江西省委党校,党建专业,2001.09,2003.12
刘云成,0000012463,本科,贵州大学,哲学专业,1986.09,1990.07 
刘云建,0000012465,,州农业学校,,1978.09,1981.07
刘云建,0000012465,学习,省委党校,,1987.08,1989.08
刘云建,0000012465,本科,省委党校,经济管理,1997.09,1999.12
刘赞松,0000012471,本科,山东农业机械化学院,农机设计与制造,1980.09,1984.07
刘赞松,0000012471,研究生,山东省委党校,经济管理,1999.09,2002.06
刘泽宇,0000012474,研究生,江苏省委党校,,,
刘长民,0000012484,学习,德州农校,牧医专业,1978.10,1981.07
刘长民,0000012484,学习,山东师范大学,,1985.09,1987.07
刘长民,0000012484,学习,中央党校,经济专业,1991.06,1993.12
刘长民,0000012484,学习,新加坡南洋理工大学,管理经济,1999.07,2000.07
刘珍瑜,0000012489,本科,中国人民大学,伦理学,1988.09,1992.07
刘珍瑜,0000012489,研究生,湖南大学,国际金融,2000.03,2003.06
刘振兴,0000012499,学习,三明师专,,,
刘振学,0000012500,研究生,山东省委党校,,,
刘正平,0000012504,进修,选派日本农业研修,,1992.12,
刘志良,0000012508,学习,怀化地委党校,,1992.09,1993.01
刘志良,0000012508,学习,国防科大湖南省领导干部系统工程14期学习班,,1998.02,1998.07
刘志良,0000012508,学习,湖南省委党校,,2002.09,2003.01
刘志良,0000012508,本科,中央党校,经济管理,2000.07,2002.12
刘志良,0000012508,学习,湘潭大学,,1998.07,2000.07
刘忠诚,0000012514,学习,洪湖师范,普师,1988.09,1991.07 
刘忠诚,0000012514,学习,荆州教育学院,中文,1994.09,1996.06
刘忠诚,0000012514,学习,湖北大学,汉语言文学,1996.09,1998.06
刘忠诚,0000012514,研究生,华中师范大学,近代史,2001.09,2004.06
刘子维,0000012520,学习,漳州师范专科学校,中文专业,,
刘自强,0000012522,本科,西南交通大学,铁道电气化,1988.09,1992.07
刘自强,0000012522,研究生,清华大学,工商管理,1990.09,2001.07
刘作禄,0000012524,学习,四川省涪陵地区农校,,1974.11,1976.12 
刘作禄,0000012524,学习,四川省绵阳农业专科学校,农经,1982.10,1984.07
刘作禄,0000012524,学习,央农干院西南农大分院农业领导干部培训班,,1991.11,1992.01
刘作禄,0000012524,学习,四川省委党校,,1993.09,1993.12
刘作禄,0000012524,研究生,重庆市委党校,宪法学与行政法学,2001.09,2004.01
柳贵清,0000012527,本科,中央党校,,,
龙世洪,0000012547,,中南财经大学,工业经济,1984.04,1986.10
龙腾鑫,0000012549,本科,四川师范大学,思想政治教育,1989.09,1992.07
龙腾鑫,0000012549,研究生,西南师范大学,经济与现代管理,2001.08,2003.01
龙腾鑫,0000012549,博士,四川农业大学,经济管理,2009.07,2014.06
龙小艾,0000012553,本科,湖南长沙水利电力师范学院,英语,1989.09,1993.07
龙小艾,0000012553,学习,华南理工大学,企业管理,2001.07,2003.07
龙小艾,0000012553,研究生,中央党校,经济学专业,2006.09,2009.07
龙小艾,0000012553,学习,雷州市委党校,,2007.09,2007.12
龙小红,0000012554,本科,华中师范大学,广播电视新闻,1995.09,1999.06　
龙永胜,0000012556,专科,青海省人民警察学校,,1985.09,1988.07
龙勇,0000012557,学习,重庆工业管理学院,机械电子工程,1990.09,1994.06 
龙勇,0000012557,学习,省委第二党校选调生班,,1995.10,1995.12
龙勇,0000012557,学习,四川省行政学院第三期县处级选调生班,,1999.05,1999.06
龙勇,0000012557,研究生,四川省委党校,政治学,2000.09,2003.06
龙勇,0000012557,学习,清华大学,公共管理,2003.10,2003.11
龙勇,0000012557,学习,清华大学,公共管理,2009.02,2010.12 
龙兆学,0000012559,学习,西安矿业学院,政教师范,1987.09,1989.06 
龙兆学,0000012559,本科,西南师范大学,政教,1992.07,1995.06
龙兆学,0000012559,学习,广元市委党校,,2000.09,2000.12
龙兆学,0000012559,学习,四川省委党校,,2005.09,2005.12
龙兆学,0000012559,学习,中央团校,,2007.04,
龙兆学,0000012559,研究生,西南财经大学,公共管理,2005.09,2009.01
龙兆学,0000012559,学习,四川省委党校,,2008.03,2008.07
龙正才,0000012560,研究生,中南财经大学,经济学,1981.09,1988.06
龙志华,0000012563,学习,湖南省经济管理干部学院,,,
娄冰,0000012565,学习,贵州农学院,植保,,1991.07
娄冰,0000012565,研究生,新加坡南洋理工大学,公共管理,2010.02,2011.02
娄绍光,0000012567,大专,中央党校,经济管理,1993.09,1996.07
娄绍光,0000012567,本科,浙江省委党校,经济管理,2001.08,2003.12
卢春强,0000012576,本科,中央党校,经济管理,1999.08,2001.12
卢发兴,0000012580,研究生,,,,
卢和平,0000012583,大专,市委党校,,1986.09,1988.06
卢和平,0000012583,研究生,武汉大学,软件工程领域工程,,2009.06 
卢建辉,0000012586,本科,四川大学,国民经济计划与管理,1982.09 ,1986.09 
卢建辉,0000012586,研究生,四川大学,国民经济计划与管理,1986.09 ,1989.07 
卢建辉,0000012586,学习,重庆市委党校,,1995.03,1995.06
卢建辉,0000012586,学习,重庆市委党校第五期区县党政领导干部进修班,,2000.09,2000.12
卢鹏飞,0000012590,本科,华中师范大学,中国近现代史,1984.09,1988.07
卢鹏飞,0000012590,研究生,四川大学,中国近现代史,1988.09,1991.07
卢鹏飞,0000012590,本科,中央党校,经济管理,1994.08,1996.12 
卢泉昌,0000012595,学习,福州大学,无机物工学,1975.09,1978.08 
卢希望,0000012606,博士,,,,
卢向荣,0000012607,本科,武汉地质学院,金属物探,1981.09,1985.08
卢晓峰,0000012608,本科,塔里木农垦大学畜牧系,,1978.03,1982.03
卢晓峰,0000012608,研究生,中央党校,经济管理专业,1999.09,2002.08
卢晓峰,0000012608,学习,中央党校中青班,,2003.03,2004.01
卢彦,0000012611,学习, 北京商学院,企业管理,1980.09,1984.07 
卢一先,0000012612,本科,中国人民大学,计划经济系国民经济计划学专业,1988.09,
卢一先,0000012612,研究生,广东省委党校在职研究生班,经济学专业,1997.09,2000.07
卢一先,0000012612,研究生,中国人民大学研究生院国际政治学院,马克思主义理论教育（含世界政治经济与国际关系）专业,1997.09,1999.01
卢一先,0000012612,研究生,华南理工大学公共管理学院,行政管理专业,2007.09,2010.06
卢跃东,0000012615,研究生,美国芝加哥伊利诺依理工大学,,2004.09,2005.08
鲁红卫,0000012622,学习,贵州财经学院,经济专业,1979.09,1983.07 
鲁旭东,0000012628,本科,江西农业大学,林业,1981.09,1985.06
鲁勇,0000012630,研究生,北京大学,政治经济学,,
陆邦柱,0000012635,学习,陕西省化工学校,无机工艺,,1987.07
陆邦柱,0000012635,研究生,陕西省委党校,经济管理,,
陆桂弟,0000012637,研究生,广西师范大学,马克思主义理论与思想政治教育专业,,
陆卫东,0000012643,学习,南通师范学校,,1984.09,1987.08
陆卫东,0000012643,本科,江苏省委党校,,1988.09,1991.07
陆卫东,0000012643,研究生,江苏省委党校,政治经济学,2001.09,2004.07
陆祥红,0000012646,本科,广西民族学院,行政管理,1987.09,1990.07
陆祥红,0000012646,本科,中央党校,行政管理,1997.08,1999.12
陆祥红,0000012646,培训,中央团校,,2002.08,2002.09
陆祥红,0000012646,学习,广西区党校,,2003.03,2004.01
陆祥红,0000012646,研究生,广西自治区党委党校,党政管理,2003.03,2005.06
陆祥红,0000012646,本科,广西民族大学,经济学,2005.01,2007.07
陆晓声,0000012649,,泰兴师范学校,,1978.03,1980.01
陆晓声,0000012649,,扬州教育学院,,1981.09,1983.07
陆晓声,0000012649,本科,扬州师范学院,中文,1982.09,1985.09
陆燕朋,0000012653,本科,华南农业大学,作物遗传育种,1990.07,1994.06
陆燕朋,0000012653,研究生,华南农业大学,作物遗传育种,1994.07,1996.06
陆燕朋,0000012653,博士,华南农业大学,作物遗传育种,1996.07,1999.06
陆应平,0000012655,学习,池州师专历史系,,1987.09,1990.07
陆勇,0000012656,,文山州农业学校,,1986.09,1988.07
陆勇,0000012656,专科,中央党校,,1998.09,2001.07
陆勇,0000012656,本科,云南省委党校,,2001.09,2003.12
陆再义,0000012658,,贵州省黔东南州民族行政管理学校,行政管理,1986.09,1989.07
陆再义,0000012658,大专,贵州省委党校,经济管理,1994.09,1997.06
陆再义,0000012658,本科,贵州省委党校,法律,1997.09,2000.07
陆再义,0000012658,学习,贵州省黔东南州委党校,,2001.09,2001.12
陆再义,0000012658,学习,贵州省委党校,,2003.03,2003.07
陆再义,0000012658,研修,浙江大学,,2007.05,2007.11
陆再义,0000012658,研究生,贵州省委党校,区域经济学,2013.09,2016.06
陆志坚,0000012659,本科,中央党校,经济管理,1993.08,1995.12
陆智成,0000012662,,广西供销学校,物价,1980.09,1982.07
陆智成,0000012662,本科,中央党校,经济管理,1999.08,2001.12
陆智成,0000012662,研究生,广西区党校,,2007.09,2009.12
路百胜,0000012665,函授,北京刊大,中文,1985.01,1986.12
路百胜,0000012665,本科,黑龙江省教育学院,政治教育,1988.08,1991.01
路百胜,0000012665,研究生,中国农科院,农业技术推广,2007.09,2009.07
路军,0000012674,学习,安徽工学院,工业电气自动化,1984.09,1988.07
路立营,0000012675,本科,河北师范大学,马克思主义理论与思想政治教育,,
路伟,0000012677,研究生,重庆市委党校,,,
栾波,0000012681,大专,烟台市委党校,,1984.09,1987.06
栾波,0000012681,学习,山东经济学院,国际贸易,1993.09,1996.07 
栾波,0000012681,研究生,山东省委党校,经济管理,2004.09,2007.06 
栾娟,0000012684,,牡丹江农业学校,农学,1983.09,1986.07
栾娟,0000012684,本科,哈尔滨师范大学,汉语言文学教育,1994.12,1997.12
栾兴刚,0000012687,本科,山东大学,化学系,1988.98,1992.07
栾兴刚,0000012687,研究生,山东省委党校,,1997.09,1999.06
栾兴刚,0000012687,学习,比利时布鲁塞尔自由大学,,2001.10,2002.11
罗彪,0000012688,本科,广西师范大学,政治系政治教育专业,1988.09,1992.09
罗彪,0000012688,研究生,广西师范大学政治经济系,马克思主义哲学专业,1992.09,1995.07
罗古阿吉,0000012700,本科,,,,
罗汉杰,0000012706,专科,湛江农业专科学校牧医系,畜牧专业,1987.09,1990.07
罗汉杰,0000012706,本科,省委党校,经济管理专业,1995.09,1997.12
罗建,0000012711,本科,中央党校,经济管理,,
罗建君,0000012713,研究生,广东省委党校,政治经济学,,
罗建南,0000012714,学习,邵阳地区供销学校,,1980.09,1982.07 
罗建南,0000012714,本科,中央党校,法律,2003.08,2005.12
罗金水,0000012715,学习,福建农学院,,1984.09,1988.07
罗金水,0000012715,学习,福建省委党校,,1997.09,1999.01
罗金水,0000012715,研究生,福建农林大学,农业推广,2003.03,2005.12
罗金水,0000012715,研究生,中央党校,法学理论,2007.09,2010.07
罗军,0000012718,本科,西南师范大学,政教,1987.09,1991.07
罗军,0000012718,研究生,西南大学,课程与教学论<思政>,2004.07,2007.01
罗蒙,0000012727,研究生,四川省委党校,经济学,,
罗明远,0000012728,研修,四川大学,,1998.09,2000.07
罗明远,0000012728,本科,中央党校,法律,2006.08,2008.12
罗平,0000012730,本科,西南师范大学,教育管理,1988.09,1992.07
罗平,0000012730,研究生,省委党校,,2001.09,2004.06
罗青,0000012733,本科,北京师范大学,国际经济,1996.09,2000.07
罗青,0000012733,研究生,北京大学,统计系,2000.07,2002.07
罗青,0000012733,博士,北京大学,国民经济学,2002.07,2005.12
罗荣剑,0000012736,研究生,广西区党校,,,
罗荣莉,0000012737,研究生,广西区党校,,,
罗少挟,0000012739,学习,常德广播电视大学,会计,1989.09,1991.07
罗少挟,0000012739,本科,湖南师范大学,汉语言文学,1993.09,1996.06
罗胜壮,0000012740,本科,中国人民大学哲学系,,1986.09,1990.08
罗思源,0000012743,研究生,广东省委党校,国际经济与国际政治,1998.09,2001.07
罗万东,0000012748,研究生,省委党校,,,
罗万平,0000012749,研究生,省委党校,马克思主义理论与思想政治教育,,
罗伟,0000012750,,中南工业大学,机械,,1984.07
罗文江,0000012752,大专,江西省九江师专,生物,1989.09,1991.07
罗文江,0000012752,本科,中央党校,经济管理,1995.09,1997.12
罗文江,0000012752,本科,江西师范大学,法学,1999.05,2001.04
罗文江,0000012752,研究生,江西财经大学,工商管理,2007.03,2009.12
罗文江,0000012752,培训,省委党校,,2008.08,2008.12
罗先东,0000012753,大专,湖南林专,森林保护,1990.09,1993.07
罗先东,0000012753,研究生,湖南省委党校,经济管理,2004.09,2007.07
罗玉梅,0000012766,中专,邵阳师范学校,中师,,
罗玉梅,0000012766,研究生,湖南省委党校,经济管理,,
罗云,0000012768,本科,四川师范大学,汉语言文学,1982.09,1986.07
罗云,0000012768,培训,广元市委党校,,2000.03,2000.05
罗云,0000012768,培训,四川省委党校,,2004.03,2004.04
罗兆慈,0000012771,博士,北京科技大学,管理科学与工程,,
罗兆好,0000012772,大专,安徽省警校,公安,1983.09,1985.07
罗振华,0000012775,本科,西南民族学院,,1987.09,1992.07
罗振华,0000012775,研究生,四川省工商管理学院,工商管理,2003.09,2005.07
罗振华,0000012775,培训,中央党校,,2010.03,2011.01
罗振华,0000012775,博士,西南交通大学,工程组织管理,2011.09,
罗宗志,0000012783,中专,南京机械制造学校,金属热处理,1980.09,1983.08
罗宗志,0000012783,研究生,西安交通大学,金属材料及热处理,1989.09,1992.07
罗宗志,0000012783,培训,"""四川省管理干部""英语强化培训班",,1999.09,1999.12
罗宗志,0000012783,研修,香港工商专联及香港中华煤气公司,高级企业管理,2002.07,2003.06
洛桑平措,0000012788,,西藏自治区山南地区农牧学校,农牧,1979.09,1982.10
洛桑平措,0000012788,培训,中央党校,,2003.03,2005.01
骆传勇,0000012789,本科,湖北省委党校,经济管理,1996.09,1999.12
骆国清,0000012791,本科,空军雷达学院,雷达工程管理科学,,
骆效农,0000012795,研修,清华大,MPA,2002.07,2002.09
骆志勇,0000012800,研究生,,,,
雒凤翔,0000012802,大专,榆林林业学校,,1981.10,1984.07
雒凤翔,0000012802,本科,北京林业大学,林学,1987.09,1992.07
雒凤翔,0000012802,本科,中央党校,经济管理,1996.09,1998.12
雒凤翔,0000012802,研究生,省党校,马克思主义理论与思想政治教育,2001.09,2004.07
雒泽民,0000012803,大专,甘肃农业学校,农学,1983.09,1986.07
雒泽民,0000012803,学习,中央党校,党政管理,1995.08,1998.06
雒泽民,0000012803,学习,中央党校,党政管理,1998.08,2000.12
雒泽民,0000012803,进修,西北师范大学,,2002.04,2004.04
雒泽民,0000012803,研究生,甘肃省委党校,区域经济开发史,2008.09,2011.06
吕凡,0000012807,本科,,,,
吕方,0000012808,研究生,,,,
吕林邦,0000012821,学习,武威师范学校,普师,1981.09,1984.07
吕林邦,0000012821,大专,兰州大学,新闻,1985.10,1988.06
吕林邦,0000012821,本科,中央党校,经济管理,1989.08,1992.06
吕林邦,0000012821,进修,兰州大学,区域经济学,2000.08,2002.07
吕林邦,0000012821,培训,甘肃省委党校,,2006.09,2007.01
吕珊珊,0000012826,研究生,,,,
吕文平,0000012831,本科,,,,
吕跃龙,0000012837,本科,,,,
麻琦,0000012842,研究生,湖北省委党校,行政管理,,2001.01
马必钢,0000012848,本科,厦门大学,汉语言文学,1980.09,1984.07
马必钢,0000012848,研究生,清华大学,公共管理,2005.03,2007.01
马国中,0000012879,大专,贵州省社会主义学院,秘书,1985.09,1987.07
马国中,0000012879,本科,中共贵州省委党校,经济管理,1994.09,1997.06
马合木提·吾买尔江,0000012881,研究生,自治区党委党校,经济管理,,2010.07
马红军,0000012882,,昌吉农校,园林,1981.10,1984.08
马红军,0000012882,学习,昌吉州党校,,1998.08,1998.12
马红军,0000012882,本科,新疆自治区党校,行政管理,1999.09,2002.07
马红军,0000012882,研究生,新疆自治区党校,经济管理,2004.09,2007.07
马红军,0000012882,学习,中央党校,,2011.03,2011.07
马洪海,0000012885,本科,兰州商学院,商业经济,1987.09,1991.07
马焕龙,0000012886,研究生,,,,
马家庆,0000012891,中专,英德师范学校,中师,1978.08,1980.08
马家庆,0000012891,大专,韶关教育学院,,1982.09,1985.08
马家庆,0000012891,本科,广东教育学院,,1985.09,1987.08
马家庆,0000012891,研究生,中国社会科学院,,1989.01,1991.06
马家庆,0000012891,,阳山县参加农村社会主义教育,,1992.06,1992.11
马家庆,0000012891,培训,广东省委党校,,2004.03,2004.07
马家庆,0000012891,博士,英国温布尔大学,工商管理,2006.01,2008.03
马健强,0000012896,,怀化地区供销学校,,,1986.07
马俊昀,0000012901,本科,莱阳农学院,作物,1988.09,1992.07
马立新,0000012905,本科,中央民族大学,哲学,1985.09,1989.07
马立新,0000012905,研究生,中央党校,,1993.09,1996.02
马莉方,0000012906,研究生,中央党校,,,
马明远,0000012915,学习,中央党校函授学院,党政管理专业,,1992.06
马宁宇,0000012918,本科,清华大学,机械工程,1995.09,1998.07
马宁宇,0000012918,本科,清华大学,计算机工程,1995.09,1998.07
马宁宇,0000012918,研究生,清华大学,控制理论与控制工程,1998.08,2003.07
马宁宇,0000012918,博士,清华大学,控制理论与控制工程,1998.08,2003.07
马培生,0000012919,本科,四川师范大学,化学,1982.09,1986.07
马培生,0000012919,本科,四川省委党校,经济管理,1994.09,1996.12
马培生,0000012919,研究生,西南师范大学,区域经济规划,1996.10,1998.10
马培生,0000012919,培训,重庆市第一期青年干部培训班,,1997.09,1998.01
马培生,0000012919,研究生,重庆市委党校,党建研究,2001.09,2004.06
马培译,0000012920,本科,中央民族学院,法律,,
马强,0000012925,本科,,,,
马勤学,0000012926,研究生,中国人民大学,哲学,2002.03,2008.09
马庆林,0000012927,学习,西藏自治区农牧学校,畜牧兽医,1989.09,
马庆林,0000012927,研究生,中共西藏阿里地委党校,,1997.08,1997.11
马庆林,0000012927,学习,西藏民族学院,行政管理,1999.09,2001.07
马仁祥,0000012928,,鹤岗师范学校,政治,1978.04,1979.07
马仁祥,0000012928,专修,省委党校,,1985.09,1987.07
马仁祥,0000012928,本科,省委党校,经济管理,1993.03,1996.01
马仁祥,0000012928,研究生,省委党校,,2001.03,2004.01
马世林,0000012937,学习,甘肃电大,党政管理,1985.07,1987.09
马世生,0000012938,研究生,西北大学,工商管理,2001.06,2003.06
马世生,0000012938,研究生,陕西省委党校,经济管理,2006.09,2009.07
马顺圣,0000012941,研究生,,,,
马顺圣,0000012941,博士,,,,
马天民,0000012944,大专,中央党校,党政管理,1990.08,1993.06
马天民,0000012944,学习,中央党校,政法,1995.08,1997.12
马天民,0000012944,进修,兰州大学,经济法学,1998.07,2000.07
马廷贵,0000012947,,凉山州布拖师范学校,,1980.07,1982.07
马廷贵,0000012947,研究生,省委党校,,2004.09,2005.12
马维纲,0000012954,本科,西北民族学院,,1978.09,1982.07
马卫光,0000012957,本科,浙江农业大学,农学,,
马文刚,0000012958,本科,河北工业大学机械一系,,,1984.08
马文革,0000012959,本科,山西财经大学,企业管理,1983.09,1987.07
马文革,0000012959,研究生,中国社会科学院,投资经济管理,1996.04,1998.04
马文革,0000012959,培训,省委党校,,2005.09,2006.01
马文革,0000012959,培训,中组部组织的北京大学、美国哥伦比亚大学、英国伦敦政治经济学院、法国巴黎政治经济学院,公共管理,2011.06,2011.08
马文龙,0000012960,研究生,省委党校,,,
马晓旬,0000012971,大专,安康地委党校,,1987.09,1989.07
马晓旬,0000012971,函授,中央党校,领导干部函授班经济管理,1995.08,1997.12
马秀泉,0000012973,大专,百泉农专,畜牧兽医,1978.03,1980.12
马秀泉,0000012973,进修,河南师范大学,政治经济学,1999.09,2001.07
马延春,0000012976,研究生,,,,
马永安,0000012985,,西北民族学院,,1983.07,1987.07
马玉宏,0000012992,本科,安徽师范大学体育系,,,
马玉宏,0000012992,研究生,安徽大学,法律专业,,
马育德,0000012993,函授,中央党校,行政管理,,
马跃启,0000012994,研究生,省委党校,工商管理,,
马越垠,0000012995,研究生,甘肃省委党校,,,
马越垠,0000012995,学习,天水市委党校中青班,,2001.03,2001.06
马越垠,0000012995,学习,甘肃省委党校第24期中青班,,2003.09,2004.01
马在学,0000012999,学习,湖北省供销学校,企业管理,1984.09,1986.06
马在学,0000012999,学习,湖北电大,法律,1985.09,1988.06
马在学,0000012999,学习,北京商学院（现北京工商大学）,商业经济管理,1986.10,1987.01
马在学,0000012999,学习,中南政法学院,经济法,1987.09,1989.06
马在学,0000012999,研究生,湖北省委党校,行政管理,1996.09,1999.06
马在学,0000012999,培训,湖北省委党校,,1999.03,1999.06
马在学,0000012999,学习,武汉大学,MBA,2007.06,2008.06
马占国,0000013000,本科,,,,
马正其,0000013005,进修,江津师范,中文,1984.09,1986.06
马正其,0000013005,本科,四川省委党校,经济管理,1993.09,1995.12
马正其,0000013005,培训,中央党校,,1998.09,1999.07
马正其,0000013005,研究生,中央党校,法学理论,1998.09,2001.07
马志宏,0000013007,本科,中央党校,法律,2000.09,2002.12
马志宏,0000013007,研究生,中央党校,,2001.08,2007.07
马治东,0000013010,培训,榆林地委党校党政培训班,,1987.09,1989.07
马治东,0000013010,学习,中央党校函授学院,法律专业,1999.09,2002.01
买买提明·阿不拉,0000013021,专科,苏州蚕桑专科学校,,1984.09,1987.07
买买提明·阿不拉,0000013021,本科,自治区党校,经济管理,1998.09,2001.08
麦正华,0000013027,学习,广东省财贸管理干部学院,税务,1984.09,1987.07
麦正华,0000013027,本科,中央党校,经济管理,1995.08,1997.12
麦正华,0000013027,研究生,首都经济贸易大学,经济法,1998.07,2000.01
麦正华,0000013027,培训,海南省委党校,,1999.09,1999.11
麦正华,0000013027,研究生,澳门科技大学,行政管理,1999.09,2002.01
麦正华,0000013027,进修,国家行政学院,,2005.09,2005.12
麦正华,0000013027,培训,中央党校,,2007.03,2007.07
满都拉,0000013028,本科,内蒙古农牧学院,畜牧专业,1983.09,1986.07
满都拉,0000013028,研究生,内蒙古农业大学,,,
毛保祥,0000013031,,澜沧师范,,1978.09,1980.07
毛保祥,0000013031,学习,思茅地委党校,,1984.02,1985.08
毛保祥,0000013031,本科,云南省委党校,哲学,1985.08,1987.07
毛保祥,0000013031,培训,云南省委党校,,2000.09,2001.07
毛保祥,0000013031,研究生,云南省委党校,国民经济管理,2000.09,2003.07
毛端喜,0000013033,本科,成都理工大学,马列基础,1988.07,1992.07
毛端喜,0000013033,学习,四川省委党校,,2001.10,2001.12
毛端喜,0000013033,研究生,中央党校,经济管理,2003.09,2006.07
毛高良,0000013035,,福建省龙岩师专,中文,1980.09,1982.07
毛高良,0000013035,函授,中央党校,经济管理,1993.08,1995.12
毛高良,0000013035,研究生,中央党校,经济管理,2011.09,2004.07
毛华铭,0000013039,专科,菏泽师范专科学校,体育,1985.09,1987.09
毛华铭,0000013039,培训,,,1991.09,1992.01
毛华铭,0000013039,本科,中央党校,党政管理,1991.09,1993.12
毛华铭,0000013039,研究生,省委党校,经济管理,1999.09,2002.06
毛华铭,0000013039,培训,省委党校,,2012.09,2012.11
毛建国,0000013041,研究生,省委党校,,,
毛建桥,0000013042,研究生,党校,,,
毛江平,0000013043,研究生,北京大学,城市与环境系经济地理,,
毛君甫,0000013044,学习,四川省孝泉师范学校,,1978.09,1981.07
毛君甫,0000013044,进修,四川大学,新闻,1987.10,1988.02
毛君甫,0000013044,学习,四川省干部函授学院,汉语言,1985.09,1988.08
毛君甫,0000013044,学习,四川省委党校,经济管理,1993.09,1995.12
毛君甫,0000013044,研究生,四川省委党校,经济学,2000.03,2002.01
毛秋生,0000013045,研究生,中央党校,,,
毛仕诚,0000013047,,贵州省安龙民族师范,,1985.09,1988.07
毛仕诚,0000013047,大专,贵州大学,政治管理,1992.09,1994.07
毛仕诚,0000013047,学习,黔西南州委党校,,1998.09,1998.12
毛仕诚,0000013047,本科,中央党校,行政管理,1999.08,2001.12
毛文明,0000013048,本科,郑州大学,行政管理,1987.09,1991.06
毛溪浩,0000013049,专科,宁波师范专科学校,中文,1979.09,1982.07
毛溪浩,0000013049,学习,浙江师范学院,政教,1984.08,1987.08
毛溪浩,0000013049,研究生,浙江大学,,1996.09,1999.07
毛溪浩,0000013049,研修,美休斯顿大学,经济管理,2000.03,2000.11
毛溪浩,0000013049,研究生,中央党校,经济学,2002.09,2005.07
毛溪浩,0000013049,学习,浙江省委党校,,2007.09,2007.12
毛艳琼,0000013051,本科,广西师范大学,英语,1979.09,1983.07
毛艳琼,0000013051,进修,中山大学,,1985.02,1985.07
毛艳琼,0000013051,培训,广西区党校,,2004.03,2004.06
毛艳琼,0000013051,研究生,清华大学,公共管理,2006.01,2008.01
毛长军,0000013053,,沧州师范学校,,1979.09,1981.09
毛长军,0000013053,专科,沧州师范专科学校,物理,1986.09,1988.07
毛长军,0000013053,本科,中央党校,法律,2007.08,2009.12
毛知兵,0000013054,,岳阳高等师范专科学校（1999年改名为岳阳师范学院，2003年改名为湖南理工学院）,数学,,1987.07
毛知兵,0000013054,研究生,中山大学,,1992.09,1995.06
毛知兵,0000013054,博士,华南农业大学,经贸与贸易,1996.09,1999.06
毛宗保,0000013055,本科,,,,
茆斌,0000013057,研究生,安徽省委党校,经管,2003.09,2006.07
么永波,0000013058,大专,内蒙古化工学校,化工,1984.09,1986.08
么永波,0000013058,研修,中国人民大学,MBA,1999.09,2000.07
么永波,0000013058,函授,中央党校,经济管理,1999.08,2002.06
么永波,0000013058,进修,内蒙古党校,,2004.09,2004.11
么永波,0000013058,研究生,内蒙古党校,经济管理,2006.08,2009.01
梅方权,0000013060,本科,武汉大学,生物,,1962.00
梅辉太,0000013062,本科,西南师范学院,文学,1980.09,1984.07
梅辉太,0000013062,培训,地委党校,,1995.04,1995.07
梅辉太,0000013062,培训,新加坡南洋理工大学,,2003.11,2004.02
梅梅,0000013066,本科,中国青年政治学院,思想政治教育,1986.09,1990.07
梅梅,0000013066,培训,南昌市委党校,,1999.09,1999.12
梅梅,0000013066,本科,江西师大,法学,1999.05,2001.04
梅梅,0000013066,进修,南昌市委组织部江西财大,MBA,2002.06,2002.08
梅梅,0000013066,学习,南昌市委党校,,2002.03,2002.05
梅梅,0000013066,研究生,江西省委党校,公共管理,2003.09,2005.12
梅梅,0000013066,研究生,江西财经大学,产业经济学,2005.01,2007.06
梅梅,0000013066,培训,美国乔治亚大学,,2005.06,2005.12
梅梅,0000013066,培训,江西省委党校,,2007.08,2007.11
梅梅,0000013066,学习,南昌市委党校,,2009.09,2009.11
梅耐雪,0000013067,,宿松师范学校,,1983.09,1985.07
梅世彤,0000013068,学习,中国青年政治学院,思想政治教育,1988.09,1992.07
梅世彤,0000013068,研究生,河北大学,世界经济专,1995.10,1997.07
梅振学,0000013069,本科,省委党校,经济管理,,
门德白乙拉,0000013070,中专,科左后旗师范学校,普师,1983.09,1987.07
门德白乙拉,0000013070,本科,中央党校,经济管理,1998.08,2000.12
门德白乙拉,0000013070,MBA,中国人民大学,,2001.09,2002.07
蒙汉,0000013072,学习,黔阳师范学校,,1988.09,1989.07
蒙汉,0000013072,本科,中央民族大学,,1991.09,1993.07
孟端平,0000013079,研究生,省委党校,,,
孟凡刚,0000013080,本科,新疆大学,马列部思想政治教育,1990.09,1992.07
孟凡雄,0000013082,本科,河北财经学院金融系,,1987.09,1991.07
孟凡雄,0000013082,研究生,美国伊利诺大学,工商管理专业,2004.09,2005.09
孟和,0000013087,本科,,,,
孟和达来,0000013088,本科,内蒙古大学,蒙古语言文学,1985.09,1989.07
孟励,0000013092,大专,河南省政法学校,,1982.09,1984.07
孟励,0000013092,本科,郑州大学,法律,1989.01,1991.04
孟励,0000013092,本科,海南大学,经济法,1998.09,2001.12
孟令兴,0000013093,研究生,,,,
孟令兴,0000013093,博士,,,,
孟青,0000013094,学习,山东经济学院,经济管理,1988.09,1990.07
孟青,0000013094,学习,中央党校,经济管理,1993.09,1995.12
孟青,0000013094,研究生,中央党校,经济管理,2003.09,2006.06
孟武建,0000013101,大专,贵州广播电视大学黔南分校文科类党政干部专修科,,,1986.07
孟武建,0000013101,本科,贵州省委党校法律系,法律专业,1997.09,2000.07
孟祥全,0000013103,研究生,省委党校,行政管理,1987.09,1989.08
孟小金,0000013105,培训,甘肃省委党校,,1988.08,
孟晓冰,0000013106,专科,昭乌达蒙族师范专科学校,,1989.07,1991.09
孟晓冰,0000013106,研究生,中国人民大学,,2006.09,2010.07
孟兆臣,0000013110,研究生,省委党校,,,
孟中华,0000013112,本科,陕西省水利学校,农田水利,1983.08,1987.07
孟中华,0000013112,本科,中央党校,经济管理,1994.08,1996.12
孟中华,0000013112,研究生,陕西省委党校,马克思主义理论与思想政治教育,2002.09,2005.07
米次,0000013113,本科,中央民族大学,藏学,1992.09,1996.07
米次,0000013113,研究生,中央党校,行政管理,2009.03,2010.01
米亮,0000013114,学习,武胜师范校,,1988.08,1991.07
米亮,0000013114,大专,南充教育学院,汉语言文学,1992.08,1995.07
米亮,0000013114,本科,四川省委党校,法律,2000.08,2003.08
米亮,0000013114,研究生,中央党校,经济学,2010.09,2013.07
米志奇,0000013117,,石家庄地区正定师范学校,,1978.09,1980.09
米志奇,0000013117,函授,中央党校,经济管理,1992.08,1994.12
苗丰,0000013122,本科,陕西师范大学中文系,汉语言文学专业,1979.09,1983.07
苗丰,0000013122,学习,中共陕西省委党校中青班,,1998.09,1999.07
苗志忠,0000013128,学习,延安地区农机械化学校,,1985.09,1988.07
明国辉,0000013132,本科,在西南政法学院,哲学,1978.09,1982.07
明国辉,0000013132,培训,重庆市委党校,,1997.09,1997.12
缪承潮,0000013134,研究生,浙江省委党校,,,
莫东培,0000013137,,广西师范大学,政治教育,1988.09,1990.07
莫东培,0000013137,本科,中央党校,经济管理,1994.08,1996.12
莫合买提·尼亚孜,0000013139,大专,自治区党委党校政治理论专业大专班,,1987.09,1989.07
莫合买提·尼亚孜,0000013139,学习,哈密地委党校中青班,,1992.05,1992.07
莫合买提·尼亚孜,0000013139,本科,自治区党委党校函授 ,经济管理专业,1997.09,2000.08
莫合买提·尼亚孜,0000013139,学习,天津大学管理学院新疆班,,2001.09,2002.07
莫合买提·尼亚孜,0000013139,培训,大连理工大学人文社会科学院第十六期新疆企业干部培训班,,2003.09,2004.01
莫合买提·尼亚孜,0000013139,培训,中央党校新疆县处级民族干部培训班（64期）,,2012.09,2013.01
莫莲,0000013142,专科,广西柳州师范专科学校,,1989.09,1992.07
莫莲,0000013142,本科,中央党校,党政管理,1998.08,2000.12
莫莲,0000013142,学习,广西柳州地委党校,,2002.04,2002.07
莫莲,0000013142,研究生,中央党校,经济管理,2003.09,2006.07
莫荣新,0000013145,本科,广西大学,数学,1979.09,1983.07
莫荣新,0000013145,学习,广西玉林地委党校,,1994.09,1994.11
莫荣新,0000013145,研修,东南大学,,1997.09,1999.09
莫荣新,0000013145,研究生,东南大学,科学技术哲学,1999.09,2004.10
莫树周,0000013147,本科,中央党校,,,
牟海松,0000013155,学习,华南工学院,无机非金属材料科学与工程系胶凝材料,1983.09,1987.07
牟海松,0000013155,培训,贵州省委党校,,1995.09,1996.01
牟海松,0000013155,学习,浙江大学,工商管理,1999.09,2002.06
牟海松,0000013155,博士,北京大学,教育经济与管理,2004.09,
沐华平,0000013166,本科,南京工学院（今东南大学）,,1982.09,1986.09
沐华平,0000013166,研究生,清华大学,精密仪器,1988.09,1994.06
沐华平,0000013166,博士,清华大学,,1990.00,
沐华平,0000013166,访问学者,哈佛大学,,2006.01,2006.09
牧人,0000013167,本科,西北民族大学,汉语言文学,1985.09,1989.07
那仁满达,0000013172,大专,内蒙古大学,法律,1999.01,2001.07
那生巴图,0000013174,本科,新疆大学,经济管理专业,,1999.07
那胜巴图,0000013175,,内蒙古建筑技校,工民建,1986.09,1989.07
那胜巴图,0000013175,研究生,内蒙古党校,经济管理,,
南培,0000013182,本科,西北师范大学,物理,1990.09,1994.07
南阳,0000013184,,省委党校,,1988.08,1990.07
南振虎,0000013185,本科,,,,
南志中,0000013186,大专,山西省委党校,,,
尼玛吉村,0000013187,学习,西藏自治区财经学校,统计,,1986.09
尼玛吉村,0000013187,学习,中央党校,行政管理,2003.09,2006.06
尼玛扎西,0000013188,大专,青海广播电视大学,法律,1998.07,2005.04
尼玛扎西,0000013188,本科,中央党校函授学院,行政管理专业,2003.07,2005.12
倪斌,0000013189,研究生,北京大学,,,2000.07
倪斌,0000013189,博士,北京大学,政治学理论,2004.09,2012.07
倪建胜,0000013192,学习,芜湖中医学校,,1978.02,1980.11
倪建胜,0000013192,学习,华中科技大学,卫生管理,2001.09,2003.07
倪小兵,0000013194,大专,贵州省水利电力学校,农村水利发电,1977.04,1979.10
倪小兵,0000013194,学习,北京水利电力管理干部学院,计算机及应用,1990.09,1992.06
倪小兵,0000013194,研究生,贵州省委党校,经济学,2001.01,2004.06
倪欣,0000013195,学习,四川省达县师范学校,,1989.09,1992.08
倪欣,0000013195,大专,达县教育学院,汉语言文学,1996.09,1999.06
倪欣,0000013195,本科,中央党校,法律,1999.09,2001.12
倪欣,0000013195,研究生,四川省委党校,行政管理,2004.09,2007.06
聂党权,0000013200,本科,华南师范大学,物理,1974.09,1977.07
聂党权,0000013200,研究生,中央党校,国际政治,2003.03,2005.01
聂建军,0000013201,,山东农业大学,畜牧,1983.09,1987.07
聂建军,0000013201,研究生,中国石油大学,法学,,
聂利军,0000013203,,武汉体院,,1978.03,1981.12
聂仕雄,0000013207,本科,江西农业大学,农机,1980.00,1984.07
聂卫国,0000013208,本科,重庆大学,机械制造设备及工艺,1972.05,1975.10
聂卫国,0000013208,培训,中央党校,,1993.09,1994.07
聂卫国,0000013208,研究生,中央党校,政治经济学,1993.09,1996.04
聂玉藻,0000013209,研究生,,,,
聂玉藻,0000013209,博士,,农学,,
聂智胜,0000013212,本科,江西工学院,工业与民用建筑,1980.09,1984.08
聂智胜,0000013212,学习,中央党校,经济管理,1990.09,1993.08
聂智胜,0000013212,培训,江西省宜春地委党校,,1993.09,1993.10
聂智胜,0000013212,学习,江西省宜春地委党校,,1997.09,1997.10
聂智胜,0000013212,研究生,中国政法大学,民商法,2001.01,2003.09
聂智胜,0000013212,培训,江西省委党校,,2002.10,2003.01
聂智胜,0000013212,培训,江西省委党校,,2008.09,2008.12
聂仲秋,0000013213,研究生,,,,
聂仲秋,0000013213,博士,,管理学,,
宁虹雯,0000013218,学习,安徽省团校,政治理论,1984.07,1986.07
宁虹雯,0000013218,学习,中国青年政治学院,少年思想教育,1988.09,1992.07
宁虹雯,0000013218,进修,中南工业大学,工商管理,1993.06,1996.06
宁虹雯,0000013218,培训,美国密苏里州州立大学,公共行政管理,2004.03,2004.06
宁虹雯,0000013218,研究生,北京科技大学与美国德克萨斯大学阿灵顿分校,工商管理,2008.07,2010.05
宁小球,0000013220,本科,江西农业大学,牧医,1981.09,1985.08
牛颖建,0000013231,学习,邯郸地区财贸学校,财务会计,1985.09,1987.08
牛颖建,0000013231,培训,省委党校,,1999.03,2001.01
牛颖建,0000013231,函授,中央党校,政法,1996.08,1998.12
牛颖建,0000013231,研究生,省委党校,公共管理,2007.09,2010.06
牛有成,0000013232,研究生,市委党校,经济管理,,
牛玉全,0000013233,学习,双鸭山师范学校,,1987.09,1991.07
牛玉全,0000013233,函授,哈尔滨师范大学,企事业思想政治教育,1992.07,1995.06
牛玉全,0000013233,本科,中央党校,政法,1995.08,1997.12
牛玉全,0000013233,研究生,省委党校,经济管理,2002.03,2005.01
牛玉全,0000013233,研修,清华大学,现代公共管理,2002.09,2002.12
欧波,0000013238,本科,中央党校,涉外经济,1994.08,1996.12
欧波,0000013238,研究生,广西大学,政治经济学,1999.09,2001.08
欧皓,0000013241,大专,华南农学院,经济管理,,
欧阳德红,0000013248,本科,湖南师范大学,英语,1979.09,1983.07
欧阳德红,0000013248,研究生,西南政法学院,,1986.09,1988.07
欧阳德红,0000013248,培训,广东省委党校,,2000.08,2000.12
欧阳锋,0000013249,本科,湘潭大学,法律专业,,
欧阳卫民,0000013253,本科,湖南财经学院计划统计系,统计专业,1979.09,
欧阳卫民,0000013253,研究生,中南财经大学经济研究所,政治经济学专业,1983.09,
欧阳卫民,0000013253,博士,复旦大学经济系,中国经济思想史专业,1988.09,
欧阳卫民,0000013253,访学,英国警察学院,,2007.01,2007.04
欧阳永红,0000013254,本科,安徽师范大学,中文,,1981.12
欧珠达瓦,0000013259,学习,西藏民族学院,会计,1986.08,1989.08
帕珠,0000013264,本科,西藏自治区农牧学校,农学,1988.09,1992.07
帕珠,0000013264,大专,中央党校,党政,2003.03,2004.12
潘东旭,0000013270,本科,,,,
潘东旭,0000013270,研究生,,,,
潘东旭,0000013270,博士,,管理学,,
潘刚平,0000013271,本科,西藏自治区拉萨市师范学校,,1993.09,1997.07
潘刚平,0000013271,函授,中央党校,经济管理,1998.09,2001.06
潘建宁,0000013272,本科,宁夏林业学校,林业,1991.08,1995.08
潘建宁,0000013272,,宁夏农学院,农学,1997.09,2000.07
潘建宁,0000013272,函授,中央党校,经济管理,2004.08,2006.12
潘金生,0000013273,本科,内蒙古农牧学院园艺系,蔬菜专业,1985.09,1989.08
潘金生,0000013273,研究生,内蒙古党校研究生班,经济管理专业,2004.09,2007.01
潘琍,0000013275,学习,上饶师范专科学校,中文,1986.09,1988.07
潘琍,0000013275,本科,南昌大学,中文,1989.12,2000.12
潘琍,0000013275,进修,南昌大学,马列,2000.06,2001.12
潘琍,0000013275,培训,上海市委党校,,2004.10,2004.11
潘琍,0000013275,研究生,江西省委党校,公共管理,2008.09,2010.12
潘琍,0000013275,培训,江西省委党校,,2011.03,2011.07
潘利军,0000013277,研究生,省委党校,,,
潘闽生,0000013281,本科,,,,
潘敏,0000013282,研究生,,,,
潘明生,0000013283,大专,中央党校,大专班政治,1992.08,1995.06
潘明生,0000013283,学习,上海财经大学,,1999.03,1999.06
潘明生,0000013283,学习,省委党校,,2001.03,2001.12
潘奇志,0000013284,本科,中国人民大学,,1984.09,1988.07
潘启胜,0000013285,中专,湖北黄冈地区财贸学校,财务管理,1982.09,1984.07
潘启胜,0000013285,大专,中南财大,经济商业管理,1984.09,1987.12
潘启胜,0000013285,本科,湖北教育学院,经济管理,1995.09,1998.07
潘启胜,0000013285,培训,湖北省委党校,,1999.03,1999.06
潘启胜,0000013285,研究生,华中科技大学,马克思主义理论与思想政治教育,2001.04,2004.06
潘庆槠,0000013287,大专,市委党校,党政干部政治,,
潘秋琳,0000013288,中专,广西河池地区巴马民族师范学校,普师,1983.09,1987.07
潘秋琳,0000013288,大专,广西民族学院,政治,1990.09,1993.07
潘秋琳,0000013288,本科,中央党校,行政管理,1998.08,2000.12
潘秋琳,0000013288,研究生,广西大学,结构工程,2002.03,2004.03
潘万金,0000013291,,安徽蚌埠粮食学校,,1979.09,1981.07
潘万金,0000013291,学习,北京商业管理干部学院,粮食经济管理,1987.09,1989.07
潘万金,0000013291,函授,中央党校,经管,1994.09,1996.12
潘万金,0000013291,研究生,安徽工商管理学院,工商管理,1999.02,2001.05
潘贤掌,0000013293,研究生,厦门大学,经济,1993.09,1996.07
潘贤掌,0000013293,博士,厦门大学,财政金融,1996.09,1999.07
潘贤掌,0000013293,研究生,新加坡南洋理工大学,公共管理,2008.03,2009.01
潘潇,0000013295,本科,华南理工大学,,,
潘早云,0000013303,,江苏省青年管理干部学院,,1989.09,1991.09
潘志立,0000013304,本科,中央党校,,,
潘祖龙,0000013306,本科,中国地质大学,探矿工程,1982.09,1986.06
潘祖龙,0000013306,研究生,中国地质大学,,1986.06,1989.06
盘才万,0000013307,,中央民族学院,,,1956.00
庞红艳,0000013312,研究生,,,,
庞洪波,0000013313,本科,辽宁省广播电视大学,电子机械,1979.00,1982.00
庞洪波,0000013313,本科,沈阳机电学院,工业自动化,1979.00,1984.00
裴成敏,0000013317,学习,广东农垦通什师范学校,数学,1981.09,1983.07
裴成敏,0000013317,函授,广东省委党校,党政,1985.03,1988.03
裴成敏,0000013317,函授,中央党校,党政管理,1990.09,1992.12
裴成敏,0000013317,研究生,中央党校,济管理,1998.07,2000.06
裴承前,0000013318,学习,常州纺织学校,棉纺专业,1984.09,
裴承前,0000013318,大专,江苏广播电视大学,汉语言文学专业,1992.09,1995.07
裴承前,0000013318,本科,中央党校,行政管理专业,1998.08,2000.12
裴承前,0000013318,研究生,江苏省委党校,区域经济学专业,,2005.07
裴少飞,0000013323,本科,,,,
彭朝喜,0000013330,本科,华中师范学院,政教,,1962.00
彭承波,0000013331,学习,华中农学院郧阳分院,,1978.04,1981.01
彭聪恩,0000013333,学习,南海师范学校,,1984.09,1987.07
彭聪恩,0000013333,学习,华南师范大学,生物,1988.09,1990.06
彭聪恩,0000013333,本科,广东省委党校,行政管理,1991.09,1994.07
彭聪恩,0000013333,研究生,广东省委党校,政治经济,1995.09,1998.07
彭聪恩,0000013333,,中山大学及香港浸会大学,工商管理,2005.01,2006.03
彭洪辉,0000013340,本科,华南师范大学数学系,,1965.08,
彭健初,0000013345,本科,,,,
彭景东,0000013346,中专,广西钦州农业学校,农学,1982.09,1985.07
彭立华,0000013349,研究生,省委党校,经济学,2000.09,2004.07
彭丽敏,0000013350,研究生,,,,
彭孟雄,0000013352,大专,湖南省常德农校,植保,1979.09,1982.07
彭孟雄,0000013352,大专,湘潭大学,行政管理,1984.11,1993.12
彭孟雄,0000013352,本科,湖南文理学院,社会学,2003.09,2005.06
彭平安,0000013355,本科,中南民族学院,历史,1983.09,1987.07
彭巧娣,0000013357,研究生,,,,
彭瑞林,0000013360,本科,湖南大学公共管理学院,MPA(公共管理)专业,2004.01,
彭生智,0000013361,本科,湘潭大学,,1986.09,1990.06
彭崧,0000013362,研究生,上海交通大学,工商管理,,1999.00
彭维友,0000013364,,甘肃师大,中文,1973.09,
彭文华,0000013365,研究生,省委党校,,,
彭新军,0000013366,,湘潭农校,果茶,1980.09,1983.07
彭新军,0000013366,大专,湘潭大学,,1984.11,1986.12
彭新军,0000013366,本科,中央党校函授学院,经济管理,1995.08,1997.12
彭新军,0000013366,学习,中共株洲市委党校,,2001.05,2001.07
彭新军,0000013366,培训,中共株洲市委党校,,2001.09,2001.12
彭新军,0000013366,培训,中共湖南省委党校,,2003.11,2003.12
彭银贵,0000013370,本科,北京农业大学,,,1990.07
彭映梅,0000013372,本科,江西师范大学,,,2000.07
彭玉明,0000013374,本科,,,,
彭裕殿,0000013375,大专,韶州师范学校,,1990.09,1993.07
彭裕殿,0000013375,本科,中央党校,经济,1995.09,1997.12
彭裕殿,0000013375,研究生,省社科院,政治经济学,1999.09,2002.12
彭裕殿,0000013375,培训,市委党校,,2003.09,2003.12
彭裕殿,0000013375,培训,省委党校,,2006.09,2006.12
彭裕殿,0000013375,学习,共青团系统干部赴美国人力资源开发培训班,,2009.02,
彭正刚,0000013376,本科,湖南省委党校,,1988.08,1990.07
彭正刚,0000013376,研究生,湖南省委党校,,2002.07,2005.07
彭智勇,0000013377,研究生,西南师范学院,,,
彭智勇,0000013377,博士,,教育学,,
彭朱刚,0000013379,本科,北京对外贸易学院,,,
皮贵怀,0000013380,本科,贵州农学院,农业经济管理,1989.09,1993.07
皮贵怀,0000013380,研修,北京大学,高级经济,2003.10,2003.12
平措罗布,0000013381,本科,西藏农牧学校,兽医,1983.09,1987.07
平措罗布,0000013381,大专,中共党校,法律,2006.05,
蒲从双,0000013382,大专,德阳孝泉师范学校,,1981.09,1984.08
蒲从双,0000013382,研究生,省委党校,经济学,2003.09,2006.06
蒲信子,0000013384,本科,省委党校,,,
蒲永峰,0000013386,本科,中共四川省委党校,法律,2001.08,2003.12
蒲永峰,0000013386,研究生,四川省工商管理学院,工商管理,2002.09,2004.07
浦荣皋,0000013387,专修,江苏农学院,农学,1979.00,1982.00
浦荣皋,0000013387,本科,中央党校,经济管理,1996.08,1998.12
浦荣皋,0000013387,研究生,江苏省委党校,政治经济学,1999.09,2002.06
普呷,0000013389,,甘孜师范学校,藏文,1982.09,1984.07
普呷,0000013389,大专,四川省委党校,行政管理,1992.09,1994.07
普琼,0000013394,本科,四川省水利电力学校,,1988.09,1992.07
戚咏梅,0000013397,学习,南京海军军医学校,护理,1982.08,1985.07
戚咏梅,0000013397,大专,全国法院干部业余函授大学,政法,1991.09,1994.08
戚咏梅,0000013397,本科,南京大学,经济法,1994.09,1997.07
齐海斌,0000013405,学习,陕西省宝鸡农业学校,农学专业,1986.09,1990.08
齐海斌,0000013405,学习,西北大学,党政管理专业,1990.03,1992.12
齐海斌,0000013405,本科,陕西省委党校,经济理论专业,1995.09,1997.07
齐海斌,0000013405,研究生,陕西省委党校,经济学专业,2000.09,2003.07
齐家滨,0000013406,研究生,山东大学,电子工程,,1989.00
齐家滨,0000013406,博士,山东大学,,,
齐建文,0000013407,研究生,河北省委党校,经管,,
齐美次仁,0000013409,,西藏自治区那曲地委党校,法律,1995.10,1997.11
齐美次仁,0000013409,函授,中央党校,西藏分院法律,2005.04,2007.04
齐应海,0000013415,学习,自治区党校,,1998.07,1999.07
齐应海,0000013415,大专,自治区党校,,2000.08,2002.08
齐应海,0000013415,函授,中央党校,西藏分院公共管理,2007.09,2009.12
祁崇江,0000013419,本科,西安交通大学,,1985.09,1989.07
祁崇江,0000013419,研究生,新疆大学,政治经济学,1998.09,2000.07
祁崇江,0000013419,学习,中央党校,,2006.09,2007.01
祁海东,0000013421,,,,1982.07,1984.07
祁海东,0000013421,研究生,河北省委党校,经管,1999.09,2001.12
祁海东,0000013421,培训,中国浦东干部学院,,2012.05,
祁海龙,0000013422,研究生,省委党校,,,
祁永和,0000013426,本科,甘肃农业大学,植保,1987.09,1991.06
祁玉江,0000013427,学习,陕西延安农业学校,畜牧兽医,1978.02,1980.12
其米格,0000013429,本科,内蒙古师范大学,生物,1986.09,
其米格,0000013429,培训,巴州党委党校,,2001.03,2001.06
其米格,0000013429,本科,新疆师范大学,中国少数民族语言文学,2006.03,2009.06
奇·达楞太,0000013430,研究生,内蒙古党校,,1990.07,1992.03
岂凤桐,0000013432,研究生,中南财经政法大学,工商管理,,
钱桂芹,0000013434,研究生,省委党校,,,
钱国庆,0000013435,,沈阳刑警学院,刑事警察,1994.08,1996.05
钱国庆,0000013435,本科,中央党校,法律,2000.05,2002.12
钱国庆,0000013435,研究生,青海省社会科学院,数量经济管理,2001.08,2003.03
钱沙泉,0000013441,本科,安徽机电学院,机械制造,1978.09,1982.07
钱沙泉,0000013441,研修,中央团校,,1992.05,1992.07
钱沙泉,0000013441,研究生,中央党校,经济管理,1998.09,2001.07
钱沙泉,0000013441,进修,安徽省委党校,,2001.03,2001.06
钱万成,0000013442,大专,,,,
钱武华,0000013443,研究生,,,,
钱志福,0000013448,函授,自治区党委党校,经济管理,,2006.07
乔彩荣,0000013457,培训,广西自治区党校,,1996.09,1997.07
乔彩荣,0000013457,研究生,广西区党校,政治经济学宏观经济管理,1996.09,1999.01
乔向华,0000013467,专科,中国政法大学,专科法学,1994.07,1997.07
乔向华,0000013467,本科,中国政法大学,本科法学,1998.08,2001.07
乔晓峰,0000013468,本科,山西师范大学,,,1992.07
乔跃俭,0000013471,学习,甘肃省财贸,,1980.09,1982.07
乔跃俭,0000013471,大专,甘肃广播电视大学,经济管理,1984.09,1986.06
乔跃俭,0000013471,培训,甘肃省行政学院,,1993.03,1993.07
乔跃俭,0000013471,本科,中央党校,经济管理,2000.07,2002.12
乔跃俭,0000013471,研究生,西南农业大学,经济管理,2002.01,2003.06
乔跃俭,0000013471,进修,省委党校,,2015.09,2015.10
乔云,0000013472,本科,吕梁师专,,1984.09,1987.07
乔云,0000013472,研究生,中央党校,经济管理,,
钦代寿,0000013474,大专,湖南省委党校,行政管理,1991.09,1993.07
钦代寿,0000013474,本科,湖南广播电视大学,,2004.06,2006.09
钦代寿,0000013474,进修,华中科技大学,马克思主义哲学,2001.04,2004.06
秦彪,0000013475,学习,凉山州民族师范学校,,1986.09,1990.07
秦彪,0000013475,大专,四川自修大学,汉语言文学,1992.03,1995.03
秦彪,0000013475,本科,四川省委党校,经济管理,1995.08,1997.12
秦彪,0000013475,研究生,四川省工商管理学院,工商管理,2001.09,2003.08
秦斌,0000013476,学习,湖北省建始师范,,1983.09,1985.09
秦斌,0000013476,学习,湖北省郧阳师专,,1985.09,1987.07
秦方进,0000013478,本科,湖南农业大学,畜牧水产,1989.09,1993.07
秦方进,0000013478,研究生,中共湖南省委党校,经济管理,2004.09,2007.07
秦健,0000013483,本科,上海机械学院,,1986.07,1990.07
秦健,0000013483,研究生,上海财经大学,工商管理,1997.09,2000.06
秦金敏,0000013484,学习,广西师范学院中文系,汉语言文学专业,1981.09,1985.07
秦金敏,0000013484,本科,中央党校函授学院,经济管理专业,1996.08,1998.12
秦金敏,0000013484,研究生,广西师范大学法商学院,国民经济学专业,2000.10,2002.11
秦山成,0000013488,大专,零陵师专,物理,1990.09,1993.07
秦山成,0000013488,本科,中央党校,法律,2000.08,2002.12
秦文波,0000013491,学习,曲靖市农机化学校,企业管理专业,1986.09,1990.07
秦文波,0000013491,大专,云南省委党校函授,行政管理,1994.09,1997.07
秦文波,0000013491,本科,云南省委党校函授,行政管理,1997.09,1999.12
秦文波,0000013491,研究生,云南省委党校,法律专业,2008.09,2011.07
秦咏薪,0000013496,本科,扬州师范学院,中文,1988.09,1992.07
秦咏薪,0000013496,研究生,上海理工大学,管理科学与工程研究,1999.09,2001.07
秦咏薪,0000013496,培训,,,2008.03,2008.08
秦咏薪,0000013496,研究生,上海交通大学,高级管理人员工商管理,2010.08,2012.09
秦裕,0000013497,本科,华东师范大学,哲学,1981.00,
秦裕,0000013497,研究生,华东师范大学,伦理学,,1988.00
秦志军,0000013500,大专,零陵师范高等专科学校,英语,1992.09,1995.07
秦志军,0000013500,本科,中央党校,经济管理,2000.08,2002.12
秦志军,0000013500,研究生,湖南大学,法律,2009.04,2012.06
丘树宏,0000013507,大专,广东惠阳师范专科学校,,1978.10,1981.07
丘毅,0000013509,研究生,中央党校,,,
邱初开,0000013510,大专,衡阳师范专科学校,中文,1981.09,1984.08
邱初开,0000013510,专科,衡阳师范专科学校,,1987.01,1987.12
邱初开,0000013510,本科,中央党校,经济管理,1995.08,1997.12
邱东林,0000013511,本科,四川省畜牧兽医学院,兽医,1981.09,1985.07
邱东林,0000013511,培训,市委党校,,1996.03,1996.07
邱东林,0000013511,研究生,西南师范大学,,2000.09,2002.06
邱虹,0000013513,本科,南开大学,,,1993.00
邱虹,0000013513,研究生,湖南大学,工商管理,,
邱辉盛,0000013514,研究生,省社科院,经济学,,
邱建军,0000013517,大专,宁都师范学校,,1984.09,1989.07
邱建军,0000013517,本科,江西省委党校,党政管理,1991.08,1993.07
邱鹏,0000013521,研究生,,,,
邱荣,0000013522,本科,,,,
邱士明,0000013523,本科,浙江林业学校宁波分校,林学,,
邱廷彦,0000013526,自考,东北财经大学,税务,1986.09,1989.07
邱廷彦,0000013526,本科,中央党校,经济管理,1999.09,2001.12
邱文博,0000013527,本科,内蒙古大学,,1983.09,1987.09
屈广臣,0000013535,本科,中央党校函授学院,经济管理专业,2001.00,2003.00
屈振年,0000013537,,内蒙古呼盟教育学院,,1988.09,1990.07
屈振年,0000013537,研究生,,,,
瞿为民,0000013541,本科,,,,
瞿为民,0000013541,研究生,,,,
瞿为民,0000013541,博士,,,,
曲俊安,0000013548,本科,,,,
全可文,0000013556,本科,中山大学,图书情报,1986.09,1990.07
全可文,0000013556,大专,华中科技大学,城市规划,1996.09,2000.07
全可文,0000013556,培训,广东省委党校,,2009.09,2009.12
冉登祥,0000013560,本科,重庆大学,钢铁冶金,1982.09,1986.07
冉登祥,0000013560,研究生,中央党校,经济管理,2003.09,2006.07
冉华章,0000013562,学习,四川省酉阳自治县教师进修校,,1986.08,1988.08
冉华章,0000013562,大专,四川教育学院,英语,1989.08,1991.07
冉华章,0000013562,本科,重庆市委党校,经济管理,1995.09,1997.12
冉华章,0000013562,研究生,重庆市委党校,党史党建,1998.08,2001.06
冉华章,0000013562,研修,美国加州大学洛杉矶分校,工商管理,2005.05,2005.08
冉华章,0000013562,培训,重庆市委党校,,2009.03,2009.12
冉贤俊,0000013565,本科,贵州省农学院,,1983.07,1987.07
饶清华,0000013567,本科,大连理工大学,,1986.09,1990.07
饶清华,0000013567,学习,上饶地委党校,,1995.09,1995.12
饶清华,0000013567,研修,中国人民大学,经济管理,1997.07,1999.07
热夏提·木沙江,0000013574,本科,伊犁州财贸学校,财会,1994.09,1998.00
热夏提·木沙江,0000013574,函授,自治区党委党校,经济管理,1998.09,2001.05
热夏提·木沙江,0000013574,函授,中央党校,法律,2001.08,2003.12
热夏提·木沙江,0000013574,研究生,自治区党委党校,经济管理,2006.09,2009.07
任礎军,0000013579,本科,中南大学,有色冶金,1987.06,1991.07
任广鹏,0000013581,函授,区委党校,函授政治经济管理,1994.09,1995.08
任广鹏,0000013581,,新疆电大阿勒泰分校,法律,1996.09,1999.07
任广鹏,0000013581,本科,中央电大阿勒泰分校,法学,2001.03,2003.06
任厚明,0000013584,学习,四川省水利水电学校,水工建筑,1988.00,1992.00
任建新,0000013586,学习,延安农业学校,,1981.08,1984.07
任建新,0000013586,进修,美国怀俄明州迈格纳兄弟有限公司,,1990.05,1993.06
任建新,0000013586,本科,陕西省委党校,经济管理,1994.09,1996.07
任建新,0000013586,研究生,西北农林科技大学,经济学,1998.10,2000.06
任立军,0000013591,学习,辽宁埠新矿业学院,,1984.10,
任茂林,0000013594,本科,中央党校,党政管理,1996.08,1998.12
任茂林,0000013594,学习,兵团党委党校,,1997.10,1998.07
任明,0000013595,本科,四川师范大学,中文,1983.09,1987.07
任明,0000013595,进修,四川省社科院,经管,1996.03,1997.08
任明,0000013595,学习,省委党校,,2005.05,2005.06
任宁虎,0000013596,本科,中央党校,,,
任庆虎,0000013599,本科,山东工业大学,锻压工艺及设备,1992.09,1996.06
任生,0000013604,,安徽建筑工程学校,城市建设,1991.09,1994.07
任生,0000013604,函授,同济大学,建筑工程,1995.09,2000.12
任生,0000013604,研究生,省委党校,,2008.09,2011.07
任万伦,0000013607,学习,江陵师范,,1983.09,1985.09
任万伦,0000013607,研究生,湖北省委党校,行政管理,,2000.07
任晓华,0000013609,本科,山西财经大学,财政金融,1990.09,1994.03
任晓华,0000013609,研究生,中央党校,,,
任秀铎,0000013611,学习,睢县县立中学师范班,,,
任秀铎,0000013611,学习,商丘师资训练班,,1935.00,1936.00
任秀铎,0000013611,学习,冀鲁豫陆军中学,,1941.10,
任秀铎,0000013611,学习,中共中央党校,,1956.07,1958.01
任秀铎,0000013611,学习,中央高级党校,,1957.00,
任宇江,0000013615,本科,内蒙古农牧学院,农牧业经济管理,1989.09,1993.07
任宇江,0000013615,,内蒙古农业大学,农业推广,2009.03,2011.12
荣华,0000013622,本科,北京工业大学,,1972.04,1985.09
荣华,0000013622,研究生,中共北京市委党校,经济管理,,
荣全,0000013623,本科,西南大学（原西南农业大学）,淡水渔业,1985.09,1989.07
荣全,0000013623,学习,省委党校,,2006.08,2006.10
荣全,0000013623,研究生,四川省委党校,经济学,2001.09,2004.06
阮永兴,0000013632,本科,中央党校,,,
若曼·塔吾汗,0000013635,本科,中央民族大学,哈萨克语言文学,1991.09,1996.07
若曼·塔吾汗,0000013635,学习,伊犁州党校,,2000.03,2000.06
若曼·塔吾汗,0000013635,进修,新疆自治区党校,,2006.11,2007.01
若曼·塔吾汗,0000013635,培训,中石油北京石油干部管理学院,,2008.03,2008.04
赛娜,0000013640,本科,内蒙古工商行政管理学校,,1986.09,1989.01
赛娜,0000013640,函授,首都经贸大学,函授工商行政管理,1993.07,1996.07
赛青克,0000013641,本科,中央党校,政法,1997.08,1999.12
赛青克,0000013641,函授,中国政法大学,函授法学,2000.09,2003.07
赛青克,0000013641,研究生,内蒙古大学,行政管理,2004.09,2007.06
桑建业,0000013645,学习,河南广播电视大学,汉语言文学专业,1986.09,1988.07
桑建业,0000013645,学习,河南省委党校,法律专业,2003.09,2006.07
桑珠次仁,0000013648,大专,江苏句容学校,牧医,1989.09,
桑珠次仁,0000013648,,中央党校,行政管理,2001.08,2004.06
色音图,0000013650,本科,内蒙古农牧学院,草原专业,,
沙启峰,0000013655,本科,,,,
沙伟风,0000013656,本科,武汉水利电力学院,,1984.12,1986.12
沙伟风,0000013656,学习,新加坡南洋理工大学,,2006.03,2006.05
沙文明,0000013659,学习,辽宁省大连陆军学院,,1979.08,1981.06
莎茹,0000013663,本科,中央党校,行政管理,2000.08,2002.12
莎茹,0000013663,培训,自治区党校,,2003.09,2003.12
莎茹,0000013663,学习,自治区党委党校,,2009.10,2010.01
商拉批,0000013665,本科,,,,
商友江,0000013667,本科,贵州大学,哲学,1987.09,1991.07
商振江,0000013669,研究生,省委党校,,,
尚东红,0000013672,本科,中国地质大学,会计学,2003.01,2006.01
尚志强,0000013676,研究生,内蒙古大学,历史系,1982.09,1986.07
邵文波,0000013693,本科,四川农业大学,人力资源管理,2003.03,2005.02
申君明,0000013704,本科,甘肃农业大学,农业经济管理,1987.09,1989.07
申君明,0000013704,函授,中央党校,行政管理,1999.08,2001.12
申君明,0000013704,研究生,兰州大学,区域经济学,2003.09,2005.07
申振东,0000013711,本科,南开大学,中国史,1978.08,1982.07
申振东,0000013711,进修,中央党校,,1998.09,1999.01
申振东,0000013711,研究生,中央党校,经济学,1999.09,2002.07
申振东,0000013711,培训,中国浦东干部学院,,2006.06,2006.10
申振东,0000013711,博士,昆明理工大学,管理科学与工程,2003.09,2007.05
申志海,0000013712,本科,中央党校,,,
沈宝昌,0000013713,研究生,,,,
沈国芳,0000013716,研究生,党校,,,
沈红星,0000013717,本科,,,,
沈红星,0000013717,研究生,中央党校,,,
沈慧琪,0000013718,本科,,,,
沈健,0000013723,本科,贵州大学,哲学,1978.03,1982.02
沈健,0000013723,进修,国家行政学院,,1997.09,1997.12
沈健,0000013723,研究生,中国人民大学,,1998.07,2001.07
沈健,0000013723,研究生,中央党校,经济管理,2002.07,2005.09
沈军,0000013725,,重庆文理学院（原重庆师范专科学校）,数学,1984.09,1987.07
沈军,0000013725,培训,中央团校,,1989.09,1989.10
沈军,0000013725,本科,西南师范大学,政治教育,1989.09,1992.07
沈军,0000013725,学习,宜宾市委党校,,1998.03,1998.07
沈军,0000013725,研究生,省委党校,经济学,1998.09,2001.07
沈军,0000013725,学习,省委组织部组织的赴英国“现代管理与人力资源开发培训班”,,2004.08,2004.09
沈军,0000013725,研究生,电子科技大学,工商管理,2006.07,2008.06
沈军,0000013725,研究生,西南财经大学,公共管理,2006.04,2009.01
沈骏,0000013726,研究生,,,,
沈文祥,0000013735,学习,庆阳师范,,1981.09,1984.07
沈文祥,0000013735,大专,全国高等教育自学考试,汉语言文学,1984.08,1986.11
沈文祥,0000013735,函授,中央党校,经济管理,1992.09,1994.11
沈晓春,0000013737,大专,毕节地委党校,,1983.09,1985.07
沈晓春,0000013737,函授,贵州省委党校,党政管理,1997.09,2000.07
沈晓红,0000013738,本科,浙江水产学院,淡水渔业,1984.09,1986.07
沈晓明,0000013739,本科,浙江省温州医学院,儿科,1979.09,1984.07
沈晓明,0000013739,研究生,浙江省温州医学院,儿科,1984.09,1987.07
沈晓明,0000013739,博士,上海第二医科大学,儿科,1988.01,1991.01
沈晓明,0000013739,博士后,美国纽约爱因斯坦医学院,,1994.03,1996.03
沈新国,0000013740,,浙江省黄岩师范学校,普师,1985.09,1988.08
沈新国,0000013740,专科,全国高等教育自考,法律,1992.01,1995.06
沈阳,0000013742,本科,中央党校,,,
沈毅,0000013744,,塔里木农垦大学,作物,1985.09,1987.07
沈毅,0000013744,研究生,大连理工大学,管理科学与工程,1997.09,1998.07
沈毅,0000013744,函授,中央党校,经济管理,1994.08,1996.12
沈志定,0000013746,大专,湖南省物资学校,财会,1988.09,1990.07
沈志定,0000013746,研究生,中央党校,经济管理,2005.09,2008.12
盛福江,0000013749,本科,,,,
盛庆功,0000013753,本科,天津师范大学,历史,1981.09,1985.09
盛庆功,0000013753,进修,河北大学,,1996.09,1998.07
盛秋平,0000013754,本科,上海应用技术学院,化工分析,1986.09,1989.07
盛秋平,0000013754,研究生,美国肯恩大学,公共管理,2001.03,2002.08
盛勇军,0000013755,本科,嘉兴农校,农学,1986.09,1990.08
盛勇军,0000013755,研究生,省委党校,,,
盛阅春,0000013756,本科,浙江农业大学,环境保护,1986.09,1990.08
盛阅春,0000013756,本科,浙江工业大学,工业管理,1992.09,1994.07
盛阅春,0000013756,研究生,浙江大学,思想政治教育,1997.07,1999.05
盛阅春,0000013756,进修,杭州市委党校,,2001.09,2001.01
盛阅春,0000013756,研修,浙江省委党校,,2002.05,2002.08
盛阅春,0000013756,学习,美国加州州立大学,,2002.08,2002.12
盛阅春,0000013756,研究生,清华大学,,2005.03,2007.07
师勇,0000013762,大专,信阳师院,数学,1975.07,1978.08
施美红,0000013771,研究生,省委党校,,,
施瑞昶,0000013773,大专,四川电大,汉语言文学,,1985.07
施瑞昶,0000013773,培训,省行政干部管理学院,,2001.09,2001.12
施文学,0000013775,本科,内蒙古工学院,,1988.07,1993.06
施文学,0000013775,,内蒙古工业大学,工商管理,1997.09,1999.07
施文学,0000013775,培训,内蒙古党校,,2003.09,2004.01
施文学,0000013775,进修,,公共管理硕士,2005.01,2008.03
施小琳,0000013776,本科,上海大学,电气技术,1989.06,1990.00
施小琳,0000013776,研究生,同济大学,工商管理,1997.00,2001.00
施兴忠,0000013777,研究生,中央党校,,,
石必成,0000013781,本科,湖北师范学院,英语教育,1994.09,1998.07
石必成,0000013781,培训,市委党校,,1999.09,1999.10
石必成,0000013781,培训,市委党校,,2000.03,2000.07
石必成,0000013781,培训,省委党校,,2002.09,2002.11
石必成,0000013781,学习,市委党校,,2006.09,2006.10
石必成,0000013781,学习,省委组织部第七期中青年干部出国培训班英国班,,2008.04,2008.07
石必成,0000013781,学习,伯明翰大学,公共管理和经济管理,2009.01,2009.03
石必成,0000013781,学习,湖北省年轻干部成长工程党务班,,2012.03,2012.07
石芳飞,0000013786,大专,华中工学院动力系,热机专业,1975.10,1978.09
石国文,0000013788,本科,西南师范大学政治系,政治教育专业,,1982.01
石继东,0000013789,本科,哈尔滨船舶工程学院,工民建,1985.09,1989.07
石继东,0000013789,培训,重庆市委第二期年轻干部培训班,,1998.09,1999.01
石继东,0000013789,研究生,重庆工商管理硕士学院,工商管理,2001.03,2003.10
石继东,0000013789,研究生,重庆大学,工业工程,2003.03,2005.06
石镜如,0000013792,学习,甘肃教育学院,汉语言文学,1980.07,1982.07
石镜如,0000013792,研究生,甘肃省委党校,哲学,1998.09,2001.07
石明全,0000013796,学习,贵州省水城特区师范学校,中师,1975.09,1977.07
石明全,0000013796,本科,贵州省委党校,法律,1998.09,2001.07
石明全,0000013796,进修,中央民族大学,政治经济学,2000.09,2002.06
石全华,0000013799,大专,南充师范学校（现西华师范大学南充初等教育学院）,,1979.09,1982.08
石全华,0000013799,大专,四川教育学院,历史,1987.09,1989.07
石全华,0000013799,本科,中央党校,经济管理,1992.09,1995.07
石显银,0000013805,本科,华中农业大学,兽医,,
石鑫,0000013807,研究生,党校,,,
石迎军,0000013808,本科,北京大学,国民经济管理,1986.09,1990.07
石迎军,0000013808,研究生,武汉大学,国民经济,1998.07,2000.06
石迎军,0000013808,培训,中央党校,,2013.03,2014.01
石玉琳,0000013809,本科,中南民族学院政治系,政治专业,,
石云峰,0000013814,本科,北京大学心理学系,,1988.09,
石云峰,0000013814,研究生,清华大学公共管理学院,公共管理专业,2009.03,2012.01
石章健,0000013815,中专,四川省蚕丝学校,蚕桑,1991.09,1995.07
石章健,0000013815,本科,四川省委党校,法律,1998.09,2000.12
石兆旭,0000013817,本科,河北工学院,公路与城市道路,1981.09,1985.07
石治平,0000013819,本科,贵州师范大学,政治教育专业,1982.09,1986.07
时晓军,0000013821,,贵州省政法干院,法律,1986.09,1988.08
史超,0000013824,本科,青海工农学院,无机化工,1980.09,1984.07
史超,0000013824,研究生,青海省委党校,经济管理,2000.03,2002.07
史来顺,0000013836,研究生,,,,
史长现,0000013848,本科,郑州大学,行政管理,1985.09,1989.07
史长友,0000013849,研究生,,,,
舒成坤,0000013852,学习,中国人民公安大学,公安管理,1992.03,1995.06
舒成坤,0000013852,函授,中央党校,经济管理,2006.07,2009.03
舒勇,0000013856,本科,贵州大学,,1982.09,1986.07
束学龙,0000013858,学习,六安农校,植保专业,1979.09,1982.07
束学龙,0000013858,本科,中央党校函授学院本科班,党政管理专业,1997.09,1999.12
束学龙,0000013858,研究生,中央党校研究生院在职领导干部研究生班,经济学专业,2001.09,2004.07
司炳春,0000013861,专科,巴彦县技工学校,车间核算,1984.09,1986.08
宋彪,0000013884,中学,,,,
宋建明,0000013900,研究生,,,,
宋建伟,0000013901,本科,江苏徐州师范学院,数学,1980.09,1984.06
宋建伟,0000013901,学习,南京河海大学,应用经济,1997.08,1999.07
宋建伟,0000013901,培训,江苏省委党校,,1999.03,1999.07
宋军,0000013903,本科,上海纺织工学院（中国纺织大学）,,1974.00,1977.00
宋军,0000013903,研究生,河大,中国现代文学,1995.00,1999.00
宋开慧,0000013906,大专,绵阳师范专科学校,数学,1983.09,1986.07
宋开慧,0000013906,研究生,电子科技大学,工商管理,2001.07,
宋乐伟,0000013909,本科,,,,
宋乐伟,0000013909,研究生,,,,
宋乐伟,0000013909,博士,,,,
宋霖,0000013912,本科,贵州财经学院,财政,1982.09,1986.07
宋庆林,0000013915,本科,,,,
宋日正,0000013918,大专,广西大学,经济管理,1986.09,1989.07
宋日正,0000013918,本科,中央党校,行政管理,1999.09,2001.12
宋日正,0000013918,研究生,湖南师范大学,产业经济学,2003.09,2005.09
宋日正,0000013918,研究生,广西民族大学,政法,2006.09,2009.09
宋少华,0000013922,本科,北京农业大学,农业经营管理,1984.09,1988.07
宋树红,0000013929,本科,中央党校,经济管理,1997.08,1999.12
宋树红,0000013929,研究生,西北师范大学,人文地理区域经济,2001.09,2003.08
宋彤宇,0000013932,研究生,广西大学,政治经济学专业,,
宋亚平,0000013935,研究生,武汉大学,历史,,1986.00
宋亚平,0000013935,博士,华中师范大学,历史,,1993.00
宋云文,0000013941,本科,,,,
宋泽刚,0000013942,本科,黑龙江大学,国民经济管理,1987.09,1991.07
宋泽刚,0000013942,学习,澳门国际公开大学,工商管理,2005.07,2008.07
宋泽刚,0000013942,研究生,东北农业大学,农村与区域发展,2009.05,2012.01
宋泽江,0000013943,本科,黑龙江省伊春市职工大学,中国语言文学,1980.10,1984.04
宋泽江,0000013943,培训,中央党校,,1995.09,1996.01
宋泽江,0000013943,研究生,华中理工大学,应用社会学,1993.09,1996.05
宋振波,0000013946,,山东省滨州师专,化学,1982.09,1984.07
宋震寰,0000013947,学习,太原重型机械学院,机械制造工艺与设备专业,1988.09,1992.07
宋震寰,0000013947,进修,日本福冈县,工模具专业,1998.10,1999.04
宋震寰,0000013947,学习,美国辛辛那提大学,,2002.04,2002.10
宋震寰,0000013947,本科,广西师范大学,文化与旅游学院经济史专业,2004.07,2006.09
宋震寰,0000013947,培训,广西自治区党委党校第20期中青年干部培训班,,2009.03,2009.07
宋子云,0000013951,学习,福建省委党校,,1958.00,
苏斌如,0000013953,本科,山西农业大学,,,
苏德明,0000013956,本科,广西民族学院,政治系专业,,1987.07
苏德明,0000013956,研究生,广西师范大学政法学院,,,2000.10
苏东曲,0000013957,本科,青海民族学院,化学,1986.09,1990.07
苏刚,0000013959,大专,四川省交通学校,公路与桥梁,1985.09,1988.01
苏刚,0000013959,学习,四川省交通学校,公路与桥梁,1994.09,1998.01
苏刚,0000013959,大专,重庆交通学院,公路与桥梁工程,1999.08,2001.12
苏刚,0000013959,本科,四川省委党校,行政管理,2000.01,2002.07
苏刚,0000013959,本科,重庆交通学院,土木工程,2001.08,2004.07
苏贵宏,0000013963,学习,锦州农业机械化学校,,,
苏建国,0000013968,本科,,,,
苏景文,0000013970,学习,石家庄铁路运输学校,行车,1981.10,1983.08
苏景文,0000013970,函授,河北省委党校,党政,1991.09,1994.07
苏均,0000013971,中专,绵阳农业学校,农学,1989.08,1993.07
苏均,0000013971,本科,四川省委党校,本科班行政管理,1998.09,2000.12
苏均,0000013971,学习,州委党校,,2001.05,2001.08
苏磊红,0000013976,本科,青海民族学院汉语文系,汉语言文学专业,1985.08,1989.08
苏力,0000013977,研究生,广东省委党校,,,
苏连根,0000013979,研究生,山西省委党校,,2000.07,2003.07
苏庆赐,0000013986,大专,龙岩师专,,1979.10,1981.07
苏庆赐,0000013986,研究生,厦门大学,,1996.09,1998.12
苏庆赐,0000013986,本科,中央党校,,2001.07,2004.12
苏少敏,0000013987,研究生,省委党校,法学专业,2004.09,2007.07
苏万通,0000013990,本科,天津南开大学,社会学,1984.09,1988.07
苏小康,0000013991,本科,湖南大学,环境工程,1998.06,
苏小康,0000013991,研究生,湖南大学,环境工程,2000.09,2003.06
苏晓梅,0000013993,学习,解放军西安政治学院,法律,1989.09,1991.07
苏晓梅,0000013993,本科,西北大学,经济管理,1994.07,1997.06
苏醒仁,0000013995,本科,延安大学,,1982.09,1986.07
苏醒仁,0000013995,培训,陕西省委党校,,1998.09,1998.12
苏醒仁,0000013995,学习,比利时安特卫普大学,国际经济与政府公共行政管理,2001.01,2001.10
苏醒仁,0000013995,研究生,陕西省委党校,马克思主义理论与思想政治教育,2002.09,2005.07
苏秀瑞,0000013996,本科,中央党校,,,
苏玉均,0000014000,,高州农业技术学校,土化,1980.09,1983.07
苏玉均,0000014000,大专,中山大学,汉语言文学,,1987.02
苏玉均,0000014000,本科,广东省委党校,经济管理,1996.09,1998.12
苏玉均,0000014000,研究生,广东省委党校,经济学,1999.09,2002.07
苏正清,0000014002,本科,四川省农业大学,果树专业,,
苏志超,0000014003,研究生,,,,
苏志宏,0000014004,,解放军南京陆军学校,军事指挥,1979.01,1981.07
苏志宏,0000014004,大专,北京人文函授大学,,1985.05,1987.12
苏志宏,0000014004,本科,中央党校,函授本科班行政管理,1997.08,1999.12
苏志宏,0000014004,研究生,北京师范大学,行政管理,2002.06,2004.06
苏志宏,0000014004,研究生,广西区党校,研究生班公共管理,2008.09,2010.12
隋建波,0000014009,,荣成县教师进修学校,,1981.08,1984.07
隋建波,0000014009,研究生,省委党校,,,
隋维钧,0000014011,本科,内蒙古农牧学院,农田水利专业,1983.09,1987.07
隋显利,0000014012,,辽宁青年干部管理学院,政治,1983.08,1985.08
隋显利,0000014012,本科,辽宁省委党校,法律,1993.03,1995.01
隋显利,0000014012,研究生,吉林大学,世界经济,1997.09,1999.09
隋显利,0000014012,研究生,法国南锡国立高等工程师学院,工业现代化,2000.05,2001.11
孙宝祥,0000014018,学习,西藏民族学院,文秘,1989.10,
孙宝祥,0000014018,学习,北京外交学院,外交,1998.10,
孙宝祥,0000014018,研究生,四川大学,工商管理,2002.06,2005.07
孙朝辉,0000014023,本科,江西农业大学,园艺,1994.09,1998.07
孙朝辉,0000014023,研究生,江西农业大学,农业推广,2007.12,
孙栋,0000014028,本科,中央党校,经济管理,,
孙光辉,0000014035,本科,中山大学中文系,汉语言文学专业,1981.09,
孙光辉,0000014035,研究生,广东省委党校在职研究生班,经济学专业,1995.09,1998.07
孙光辉,0000014035,进修,长江商学院,高级管理人员工商管理专业,2004.04,2006.03
孙光辉,0000014035,进修,中央党校第13期中青二班,,2013.03,2014.01
孙广东,0000014036,本科,皖南农学院,经济林专门化,1984.09,1988.07
孙恒义,0000014038,本科,,,,
孙恒义,0000014038,研究生,,,,
孙红章,0000014039,函授,中央党校,经济管理,1999.09,2001.12
孙宏,0000014040,研究生,,,,
孙洪君,0000014041,研究生,吉林大学,工商管理,,
孙继洲,0000014046,本科,吉林工业大学,铸造,1985.09,1989.07
孙嘉丰,0000014049,本科,浙江师范大学,,,1989.08
孙嘉丰,0000014049,本科,华东师范大学,,,1998.07
孙建华,0000014050,本科,,,,
孙金淼,0000014055,研究生, 华东师范大学,哲学,1986.09,1989.07
孙劲涛,0000014057,,安徽财贸学院,财政学,1992.09,1993.09
孙劲涛,0000014057,,江西财经大学,财政学,1993.09,1996.07
孙劲涛,0000014057,研究生,江西财经大学,经济学,,2007.01
孙京民,0000014058,研究生,山西省委党校,,,
孙敬虎,0000014063,本科,西北工业大学,无线电技术,1984.09,1988.07
孙敬虎,0000014063,研究生,西北工业大学,电磁场微波,1988.07,1991.02
孙立杰,0000014073,本科,山东工业大学,工业自动化,1981.09,1985.07
孙立杰,0000014073,进修,青岛海洋大学,工商企业管理,1996.02,1998.07
孙立明,0000014074,本科,辽宁阜新矿业学院,,1991.09,1995.07
孙立明,0000014074,研究生,北京大学,国际金融,1997.09,2000.06
孙立明,0000014074,博士,北京大学,金融学,2000.06,2003.07
孙立荣,0000014075,专科,吉林省伊通师范学校,,1979.09,1981.07
孙立荀,0000014076,本科,,农学,,
孙连昌,0000014077,本科,哈尔滨师范大学,,1990.09,1994.07
孙连昌,0000014077,研究生,哈尔滨工业大学,工商管理,2008.07,2010.08
孙明瑞,0000014083,本科,哈尔滨师范大学,汉语言文学,1991.08,1995.08
孙明瑞,0000014083,大专,中央财经大学,会计学,1996.09,1999.07
孙明瑞,0000014083,研究生,哈尔滨师范大学,教育管理,2002.10,2005.12
孙乾贵,0000014089,大专,江苏省镇江市师范专科学校,,1982.09,1985.06
孙乾贵,0000014089,研究生,,,,
孙荣乾,0000014094,研究生,省委党校,工商管理,,
孙睿君,0000014096,本科,清华大学,,2001.09,2005.07
孙睿君,0000014096,博士,清华大学,应用经济学,2005.09,2010.07
孙睿君,0000014096,访问学者,美国布朗大学,,2008.02,2008.08
孙守洋,0000014103,本科,西安交通大学,机械工程,1982.09,1986.07
孙树林,0000014106,高中,,,,
孙伟,0000014113,本科,清华大学,机械设计制造及其自动化,1996.08,2000.07
孙伟,0000014113,研究生,清华大学,企业管理,2002.09,2004.08
孙伟,0000014113,研究生,清华大学,,2004.09,2005.07
孙伟,0000014113,博士,清华大学,技术经济与管理,2004.09,2008.12
孙伟,0000014113,研究生,清华大学,,2005.07,2006.11
孙文欣,0000014119,本科,中国政法大学,法律,1997.09,2000.07
孙文欣,0000014119,研究生,河北省委党校,经济管理,2004.09,2007.07
孙逊,0000014132,职校,贵州省黔南民族行政管理学校,行政管理,1986.09,1989.08
孙逊,0000014132,大专,中央党校,党政管理,1995.09,1999.07
孙逊,0000014132,学习,贵州省委党校,法律,1999.09,2002.06
孙逊,0000014132,研究生,中国人民大学,行政管理,2004.11,2006.06
孙延文,0000014133,本科,四川建筑材料工业学院,机电,1982.09,1986.07
孙艳峰,0000014135,本科,中央党校大学,,,
孙耀灿,0000014137,大专,江苏省扬州市工业专科学校,机械制造,1978.08,1981.06
孙耀灿,0000014137,培训,国家科委新加坡国际高级经济管理干部培训班,,1990.03,1990.05
孙耀灿,0000014137,培训,江苏省扬州市委党校,,1995.03,1995.09
孙耀灿,0000014137,培训,江苏省委党校,,1997.02,1997.07
孙业宝,0000014138,研究生,,,,
孙毅,0000014140,本科,中央党校,政法,1996.08,1998.12
孙毅,0000014140,专科,南昌市委党校,普师,1999.09,1999.12
孙银生,0000014141,大专,怀化师专,政教,1984.07,1987.07
孙银生,0000014141,学习,湖南省委党校,中共党史,1993.09,1995.07
孙永红,0000014145,本科,山东省莱阳农学院,,1987.09,1991.07
孙云峰,0000014160,专修,陕西省电大,,1984.08,1986.06
孙志诚,0000014165,本科,湘潭大学,,1988.10,1992.08
孙忠,0000014170,大专,原达县师范专科学校,汉语言文学,1982.09,1985.07
孙忠礼,0000014171,研究生,,,,
孙宗会,0000014178,大专,洛阳师范高等专科学校,,1977.12,1980.12
孙宗会,0000014178,本科,中央党校,经济管理,1993.08,1995.12
索朗次仁,0000014180,本科,西藏大学,生物学,1987.09,1990.07
索朗嘎瓦,0000014182,本科,中国刑警学院,侦查,1992.09,1996.06
索朗嘎瓦,0000014182,研究生,中央党校,经济管理,2007.09,2010.07
索南多,0000014186,本科,,,,
索曙辉,0000014187,大专,内蒙古大学,法律,1992.05,1996.06
谈柏元,0000014190,大专,,,,
谈绪祥,0000014192,本科,同济大学,城市规划,,
覃昌德,0000014193,本科,重庆师范学院,数学教育,1995.09,1999.07
覃昌德,0000014193,学习,重庆市委党校,行政管理,2002.09,2005.06
覃昌德,0000014193,研究生,武汉大学,工商管理,2009.03,2011.06
覃康平,0000014195,本科,北京农业大学畜牧系,动物遗传育种专业,1986.09,1990.07
覃黎魁,0000014196,大专,广西右江民族师范专科学校,化学,1984.09,1987.07
覃黎魁,0000014196,本科,中央党校,经济管理,1993.09,1995.12
覃黎魁,0000014196,进修,中央民族大学,民族经济,1996.06,1998.06
覃黎魁,0000014196,培训,广西区党校,,1998.09,1999.07
覃黎魁,0000014196,研究生,广西区党校,政治经济学,1998.09,2001.01
覃黎魁,0000014196,研究生,广西大学,结构工程,2002.03,2004.01
覃黎魁,0000014196,本科,广西大学,法学,2002.09,2005.06
覃生贤,0000014200,本科,中央党校,经济管理,1999.09,2001.12
覃生贤,0000014200,研究生,广西区党校,行政管理,2004.09,2006.12
谭本仲,0000014203,专修,湖南省广播电视大学,,1984.09,1986.08
谭灯耀,0000014206,本科,,文学,,
谭赣明,0000014207,本科,南昌大学,法学,1992.09,1996.07
谭赣明,0000014207,进修,江西省委党校,,2003.10,2003.12
谭岗,0000014208,本科,四川师范学院(现西华师范大学),政治与教育管理,,1992.07
谭海,0000014209,本科,西南师范大学,,1987.09,1991.07
谭海,0000014209,培训,上海复旦大学,经济管理,2003.10,2003.12
谭海,0000014209,培训,市委党校,,2005.09,2005.11
谭建华,0000014211,本科,湖南农学院,农学,1984.09,1988.07
谭建上,0000014212,专科,湖南三师,中师,1986.09,1989.07
谭建上,0000014212,专科,衡阳教育学院,英语,1990.09,1993.07
谭建上,0000014212,本科,中央党校,党政管理,1994.08,1996.12
谭建上,0000014212,研究生,湖南师范大学,行政管理,2008.09,2010.12
谭剑锋,0000014213,大专,雷州师范专科学校,中文,1982.00,1985.00
谭剑锋,0000014213,本科,广东省委党校,经济,1989.00,1991.00
谭剑锋,0000014213,研究生,广东省委党校,经济学,1996.00,1999.00
谭精益,0000014214,学习,娄底农校,农作,1979.08,1982.08
谭精益,0000014214,大专,湘潭大学,行政管理,1987.03,1990.10
谭精益,0000014214,培训,中共邵阳市委党校,,1993.09,1994.01
谭精益,0000014214,研究生,中国社科院,企业管理,1996.09,1998.07
谭玫瑰,0000014218,本科,广西区委党校,,,
谭丕创,0000014219,研究生,广西大学,哲学,,
谭润洪,0000014221,培训,湖南省委党校,,2013.03,2013.06
谭润洪,0000014221,研究生,,,,
谭维克,0000014225,高中,福建省周宁县第一中学,,1970.02,1973.03
谭维克,0000014225,本科,北京大学,哲学,1978.10,1982.09
谭维克,0000014225,研究生,中国人民大学,伦理学,1982.09,1985.07
谭伟平,0000014226,大专,北京人文函授大学,涉外工业企业管理,1989.01,1991.07
谭文骄,0000014228,本科,湖北省财政金融学校,财政专业,,
谭文忠,0000014229,专科,黔南师范专科学校,中文,1982.09,1984.07
谭文忠,0000014229,本科,贵州大学,行政管理,1993.09,1996.07
谭相海,0000014230,学习,中山大学,地质学,1986.09,1990.07
谭相海,0000014230,研究生,省委党校,党政管理,1996.09,1998.07
谭相海,0000014230,学习,美国康涅狄格州立大学,,2007.06,2007.12
谭小平,0000014231,本科,江西农业大学,植保,1982.09,1986.07
谭学忠,0000014233,学习,赣州市委党校,,2004.07,2004.10
谭学忠,0000014233,本科,江西农业大学,植保,,1986.07
谭焰,0000014234,函授,吉林外交学院,,1992.09,1994.09
谭焰,0000014234,本科,中共四川省委党校,经济管理,1996.08,1998.12
谭志国,0000014239,本科,,,,
汤才勇,0000014242,学习,南充财贸校,企业管理,1984.09,1986.06
汤才勇,0000014242,大专,中央党校,政治,1991.08,1994.06
汤才勇,0000014242,本科,四川省委党校,法律,2000.09,2002.12
汤方栋,0000014243,研究生,,,,
汤方栋,0000014243,博士,,,,
汤如军,0000014246,函授,江苏省委党校,行政管理,1989.09,1992.07
汤如军,0000014246,函授,中央党校,经济管理,1995.09,1997.12
汤跃武,0000014248,大专,湖南省建筑学校,城市规划,1985.09,1987.08
汤梓军,0000014249,大专,湖北省荆州师范学院,政史,1991.09,1994.07
汤梓军,0000014249,研究生,西南民族大学,旅游,2000.09,2003.07
汤梓军,0000014249,博士,四川大学,,2003.09,2006.07
唐波文,0000014253,研究生,北京大学研究生院,城市与环境学系区域经济专业,,
唐川,0000014256,培训,四川省委第二党校,,1982.09,1985.07
唐川,0000014256,培训,重庆市委党校,,1986.09,1986.11
唐川,0000014256,本科,四川省委党校,经济管理,1993.09,1993.11
唐川,0000014256,研究生,中央党校,政治学理论,1994.09,1996.12
唐川,0000014256,学习,美国加州大学,,1999.09,2002.06
唐德荣,0000014258,本科,湖南师范大学,历史,1991.09,1995.09
唐德荣,0000014258,研究生,湖南师范大学,历史,1995.09,1998.06
唐德祥,0000014259,大专,四川省绵阳农业专科学校,农经,1981.09,1984.07
唐德祥,0000014259,本科,四川大学,经济管理,1989.10,1991.12
唐德祥,0000014259,培训,重庆市委党校,,1998.11,1999.03
唐德祥,0000014259,研究生,市委党校,区域经济学,1998.09,2001.06
唐德祥,0000014259,培训,中共重庆市委党校,,2010.09,2011.01
唐棣邦,0000014260,本科,广东省委党校,公共管理,,
唐光普,0000014264,本科,重庆大学,工程力学,1995.09,1999.06
唐光普,0000014264,研究生,重庆大学,固体力学,1999.07,2002.06
唐光普,0000014264,博士,清华大学,土木工程,2002.07,2007.01
唐光普,0000014264,研修,清华大学,,2004.00,
唐广辉,0000014266,研究生,,,,
唐华,0000014268,本科,南京理工大学（原华东工学院）,系统工程,1988.09,1992.07
唐华,0000014268,研究生,西南财经大学,工商管理,1998.03,2000.06
唐华,0000014268,博士,四川大学,经济学,2001.09,2004.12
唐华,0000014268,学习,美国亚利桑那州立大学,科技与公共政策,2005.01,2005.12
唐汇诰,0000014270,大专,常德师专,史地,1980.09,1983.08
唐汇诰,0000014270,研究生,湖南省委党校,,1986.09,1988.07
唐建华,0000014271,本科,兰州大学,中文,1979.09,1983.07
唐建华,0000014271,培训,重庆市委党校,,1995.03,1995.06
唐建华,0000014271,进修,西南政法大学,刑法,1998.02,2000.02
唐建华,0000014271,研究生,新加坡南洋理工大学,管理经济学,2001.07,2002.07
唐剑光,0000014273,学习,海南大学,医疗,1981.09,1984.08
唐剑光,0000014273,学习,中央党校,政治,1991.08,1993.12
唐剑光,0000014273,研究生,天津大学,工商管理,1992.02,1994.12
唐剑光,0000014273,研究生,日本JICA大阪中心,国家知识产权,2002.04,2002.08
唐剑光,0000014273,博士,天津大学,管理科学与工程,1999.09,2003.08
唐剑光,0000014273,培训,中央党校,,2006.09,2007.01
唐杰,0000014274,研究生,,,,
唐敬,0000014275,研究生,省委党校,,,
唐开荣,0000014277,研究生,省委党校,,,
唐立浩,0000014279,本科,山西农业大学,农学,1978.03,1982.01
唐立浩,0000014279,学习,山西经济管理干部学院,经济管理,1992.09,1993.12
唐立浩,0000014279,进修,吉林大学,世界经济,2004.09,2005.01
唐满平,0000014283,学习,湖南省图书情报学校,情报专业,1987.09,1990.07
唐满平,0000014283,本科,中央党校函授学院,法律专业,1999.08,2001.12
唐强,0000014285,,威州师范学校,普师,1981.09,1983.07
唐强,0000014285,学习,中央政法管理干部学院,法律,1989.09,1991.07
唐强,0000014285,本科,西南政法大学,法律,1993.09,1996.07
唐世海,0000014288,研究生,,,,
唐铁生,0000014291,研究生,,,,
唐廷教,0000014292,学习,四川省农机学校,,1987.09,1991.08
唐廷教,0000014292,本科,四川省委党校,法律,1997.09,1999.12
唐廷教,0000014292,研究生,四川省委党校,行政管理,2004.09,2007.06
唐文辉,0000014293,本科,电子科技大学,应用化学,1989.09,1993.07
唐文辉,0000014293,进修,电子科技大学,国际投资,1995.03,1997.07
唐文辉,0000014293,研究生,电子科技大学,材料学,1997.09,1999.09
唐先程,0000014296,,中央民族学院,哲学,1981.09,1985.07
唐先程,0000014296,研究生,中国社会科学院,商业经济,1996.04,1998.04
唐咸兴,0000014297,研究生,广西大学商学院,政治经济学专业,,
唐小若,0000014298,本科,中央民族大学民族学系,民族理论与民族政策专业,,
唐小若,0000014298,研究生,英国伍斯特大学,,,
唐新成,0000014299,大专,安康教育学院,中文,,
唐兴伦,0000014300,学习,北京理工大学,材料加工工程,1998.09,2001.03
唐兴伦,0000014300,学习,北京理工大学,机械制造与自动化,2001.03,2004.03
唐兴伦,0000014300,博士后,清华大学,,2004.03,2006.03
唐英瑜,0000014303,本科,西南财经大学,经济学,,
唐渊,0000014311,本科,,,,
唐远益,0000014312,大专,四川省商贸学校,文秘,1991.07,1994.07
唐远益,0000014312,学习,中央广播电视大学,法律,1998.09,2001.12
唐远益,0000014312,本科,华北电力大学,工商管理,2004.02,2007.01
唐云凯,0000014313,研究生,,,,
陶方启,0000014316,学习,安庆农校,农学,1979.09,1981.07
陶钢,0000014317,本科,西南政法大学,国际经济法,1993.09,1997.07
陶钢,0000014317,研究生,四川大学,民商法,2000.09,2003.07
陶继清,0000014320,,德宏州师范学校,,1990.09,1993.07
陶继清,0000014320,大专,云南教育学院自考,美术,,1997.10
陶继清,0000014320,本科,云南省委党校,,2002.09,2004.12
陶军锋,0000014322,学习,西安邮电学院,邮电管理工程,1990.09,1994.07
陶军锋,0000014322,研究生,西北大学,经济管理,1996.09,1999.07
陶军锋,0000014322,博士,中国社会科学院,西方经济学,2000.09,2003.07
陶军锋,0000014322,博士后,中国社会科学院,,2003.07,2004.11
陶启业,0000014325,本科,,,,
陶荣铅,0000014326,本科,清华大学,热能工程,1978.10,1983.08
陶晔,0000014330,研究生,浙江大学,,,
陶毅,0000014331,研究生,,,,
滕祁源,0000014337,本科,,,,
滕昭义,0000014341,本科,贵州师范大学外语系,英语专业,1988.09,1992.07
滕昭义,0000014341,学习,贵州省委党校中青年班,,2001.05,2001.08
田安平,0000014343,本科,山西省委党校,经济管理,1993.09,1995.06
田安平,0000014343,研究生,山西省委党校,经济管理,2004.09,2007.07
田德荣,0000014344,研究生,中央党校,经济,1998.09,2001.07
田和友,0000014349,研究生,省委党校,,,
田洪光,0000014350,本科,湖北农学院,作物,1987.09,1991.07
田洪光,0000014350,研究生,中共湖北省委党校,法学,2005.09,2008.01
田辉,0000014351,本科,南昌航空学院,环境工程,1988.09,1992.08
田辉,0000014351,研究生,江西省委党校,经管,2000.09,2002.12
田来锁,0000014356,研究生,省委党校,,,
田理明,0000014357,学习,河北自考公安大学,公安管理,1991.06,1994.06
田理明,0000014357,学习,河北电大,工商企业管理,1995.07,1998.07
田理明,0000014357,学习,省委党校,经管,2002.07,2005.07
田丽霞,0000014359,本科,中国政法大学,经济法,1987.09,1991.07
田丽霞,0000014359,培训,中国社会科学院,,1995.03,1996.02
田丽霞,0000014359,学习,海南省委党校,经济管理,1999.09,2002.08
田丽霞,0000014359,研究生,清华大学与美国天普大学,法律,2002.08,2003.10
田丽霞,0000014359,博士,中国人民大学,诉讼法,2010.09,
田庆盈,0000014362,本科,山东农业大学,农副产品加工,1986.08,
田庆盈,0000014362,研究生,省委党校,经济管理,,
田文静,0000014372,本科,湖南师范大学,汉语言文学,1983.09,1987.07
田晓川,0000014376,研究生,内蒙古党校,研究生班经济管理,2004.09,2007.01
田昕,0000014377,学习,安徽省合肥工业大学,,1993.09,1997.08
田昕,0000014377,进修,安徽省委党校,,2007.03,2007.05
田艺彬,0000014380,研究生,,,,
田中俊,0000014391,本科,山东建筑工程学院（现山东建筑大学）,机械,1979.07,1983.07
田忠敏,0000014392,学习,浙江大学,物理,1979.10,1983.07
田忠敏,0000014392,研究生,清华大学,企业管理,1999.09,2002.02
田忠敏,0000014392,进修,广东省委党校,,2002.02,2002.06
仝孟蛟,0000014398,研究生,,,,
佟宝刚,0000014399,大专,省委党校,,1994.07,1997.08
佟宝刚,0000014399,,省行政干部管理学院,中文,1998.02,2001.09
佟宝刚,0000014399,研究生,黑龙江大学,经济学,1998.04,2000.05
佟布林,0000014400,研究生,吉林省委党校,,,
童国祥,0000014406,本科,中央党校,行政管理,1997.08,1999.12
童国祥,0000014406,研究生,中央党校,政治学理论,1999.09,2002.07
童怀德,0000014407,中专,汕头专区供销学校,,,
吐尔洪·阿帕尔,0000014416,本科,大连理工大学,,,
吐尔逊江·阿不都力木,0000014418,本科,吉林大学法学院,法学专业,1989.09,1993.06
吐尔逊江·阿不都力木,0000014418,学习,巴州党委党校中青班,,2005.09,2005.11
万大宁,0000014425,研究生,上海大学,管理工程,,1996.00
万冬梅,0000014426,学习,中国妇女管理干部学院,妇女运动理论,1986.09,1988.07
万冬梅,0000014426,本科,中央党校,经济管理,1997.08,1999.12
万冬梅,0000014426,研究生,,企业管理,2000.09,2002.06
万建忠,0000014429,博士,,管理学,,
万建忠,0000014429,大专,南京航务工程专科学校,港口工程,1978.10,1981.08
万玲玲,0000014432,本科,湖北大学,新闻学,1998.09,2002.07
万瑞健,0000014433,本科,安徽大学,,1986.09,1990.07
万英,0000014439,本科,,,,
万志琼,0000014441,本科,四川农业大学,农牧业经济管理,1988.09,1992.07
汪德满,0000014444,本科,无锡轻工业学院,食品发酵工程,1984.09,1988.07
汪德满,0000014444,研究生,美国伊利诺理工大学,公共行政管理,2004.09,2005.08
汪冬,0000014445,大专,安徽省六安师范学校,美术教育,1989.09,1991.09
汪冬,0000014445,培训,安徽省委党校,,2002.03,2002.12
汪耿东,0000014448,本科,中南工业大学（现中南大学）,管理工程,1985.09,1989.07
汪耿东,0000014448,研究生,中山大学,经济法,2002.09,2005.06
汪耿东,0000014448,博士,中山大学,法学理论,2006.09,2012.06
汪洪溟,0000014453,本科,,,,
汪军,0000014457,学习,益阳教育学院,,1986.09,1989.07
汪军,0000014457,研究生,国防科大,公共管理,2006.07,2011.12
汪侃,0000014458,研究生,安徽省委党校,法学,1999.09,2002.07
汪夔万,0000014459,学习,重庆建筑工程学院,建筑学,1989.09,1992.08
汪夔万,0000014459,研究生,重庆大学,建筑历史与理论,1996.09,1999.09
汪夔万,0000014459,博士,重庆大学,城市规划与设计,1999.09,2002.11
汪夔万,0000014459,培训,中央党校,,2010.03,2011.01
汪先永,0000014473,本科,北京师范大学,教育管理,1985.09,1989.07
汪先永,0000014473,研究生,中国人民大学,法理学,1994.09,1998.06
汪先永,0000014473,博士,北京工业大学,管理科学与工程,2003.09,2006.07
汪尧中,0000014475,中专,孝感地区农业学校,农学,1980.09,1982.07
汪尧中,0000014475,大专,湖北大学,中文,1985.03,1988.01
汪莹纯,0000014476,本科,安徽农学院（现安徽农业大学）,,,
汪莹纯,0000014476,研究生,中央党校,,,
汪源来,0000014479,本科,中央党校,行政管理,2000.09,2002.12
汪泽宇,0000014480,本科,江西冶金学院,工学,1978.09,1982.09
王安,0000014485,本科,国防科技大学,,1985.09,1989.07
王安,0000014485,研究生,中国人民大学,经济学,1996.01,1999.01
王柏仲,0000014490,研究生,,,,
王保旺,0000014495,本科,河南大学,政教,1978.03,1982.01
王保旺,0000014495,研究生,中央党校,,1985.09,1988.08
王碧辉,0000014498,本科,西北农学院,兽医,1978.00,1982.00
王飚,0000014500,学习,二重技校,,1983.09,1985.08
王飚,0000014500,大专,,法律,1986.10,1988.10
王飚,0000014500,本科,省委党校,法律,1995.09,1997.12
王飚,0000014500,研究生,四川省工商管理学院,工商管理,2003.09,2005.07
王炳松,0000014503,本科,中央党校,,,
王彩莲,0000014507,学习, 浙江省温州师范学院,政教系,1993.09,1995.07
王彩莲,0000014507,本科,浙江教育学院,政史,1996.09,1999.06
王彩莲,0000014507,研究生,中央党校,行政管理,2007.09,2010.06
王成兵,0000014514,函授,中央党校,法律,2000.08,2002.12
王成兵,0000014514,研究生,江西财大与澳大利亚南澳大学,工商管理,2007.05,2009.03
王成国,0000014516,本科,中国政法大学,法律,,
王成国,0000014516,博士,中国社会科学院,马克思主义哲学,,
王成军,0000014517,本科,山西农业大学,农学,1980.09,1984.07
王成长,0000014521,本科,,,,
王成长,0000014521,研究生,省委党校,,,
王春光,0000014528,本科,浙江大学,哲学系,1981.00,1985.00
王春光,0000014528,研究生,南开大学,社会学系,1985.00,1988.00
王春光,0000014528,博士,中国社会科学院,,1991.00,1994.00
王春华,0000014529,本科,,,,
王聪著,0000014531,学习,河北师大张家口地区师资班,物理,1978.09,
王聪著,0000014531,培训,张家口地委党校中青年干部培训班,,1991.09,1991.12
王大睿,0000014534,本科, 甘肃工业大学,石油矿场机械,1979.00,1983.00
王道明,0000014540,大专,四川省干部函授学院,经管,1988.09,1991.09
王道明,0000014540,本科,四川省委党校,法律,1997.09,2000.06
王道明,0000014540,研究生,四川省工商管理学院,工商管理,2003.09,2005.07
王德启,0000014552,研究生,,,,
王德启,0000014552,学习,新乡师范学校,,,
王德周,0000014556,学习,河南省汲县师范学校,,1978.04,1980.05
王德周,0000014556,研究生,中央党校,法学理论,2004.03,2006.01
王殿忠,0000014559,研究生,河北教育学院,汉语言文学教育,1990.09,1992.08
王顶峰,0000014560,本科,西藏大学,,1993.09,
王东,0000014561,本科,中国人民公安大学,政工,1986.09,1990.07
王冬生,0000014566,本科,,,,
王法立,0000014569,本科,,,,
王方红,0000014574,,中南工业大学,应用电子技术,1995.09,1998.07
王方红,0000014574,学习,中南大学,马克思主义理论与思想政治教育,2001.09,2003.07
王方红,0000014574,博士,中南大学,管理科学与工程,2004.09,2007.06
王方红,0000014574,博士后,中国人民大学,,2008.09,2010.06
王凤萍,0000014582,研究生,省委党校,,,
王纲根,0000014595,学习, 六安师专,生物,1983.09,1985.07
王纲根,0000014595,本科,中央党校,经济,1992.08,1994.12
王纲根,0000014595,研究生,合肥工业大学,经济学,2000.09,2002.10
王纲根,0000014595,培训,省委党校中青年干部培训班,,2003.03,2003.07
王根元,0000014596,学习,省委党校,,1985.09,1987.06
王根元,0000014596,本科,,,,
王光华,0000014602,培训,市委党校“十一五”规划第一期青年领导干部培训班,,2006.02,2006.05
王光华,0000014602,研究生,中共中央党校研究生院,经济学专业,2007.09,2010.07
王光柱,0000014608,大专,四川广播电视大学,汉语文学,1985.09,1988.07
王光柱,0000014608,本科,省委党校,行政管理,1994.08,1996.12
王广权,0000014610,本科,,,,
王桂鹏,0000014621,,山东经济学院,会计,1982.04,1983.03
王桂鹏,0000014621,,河北电大,商企管理,1986.09,1989.07
王桂鹏,0000014621,函授,中央党校,经济管理,1993.08,1995.12
王国太,0000014624,专科,贵州省黔南民族师范专科学校,干部专修科中文,1982.10,1984.08
王国太,0000014624,学习,贵州省委党校,,1993.03,1993.07
王国太,0000014624,学习,贵州省委党校,经济管理,1994.09,1997.07
王国太,0000014624,研究生,中央党校,法学理论,2004.03,2006.01
王国玺,0000014625,研究生,,,,
王海臣,0000014629,高中,北京市顺义县北小营中学,,1981.09,1983.07
王海臣,0000014629,本科,北京师范学院,政治教育,1983.07,1987.07
王海臣,0000014629,进修,首都经济贸易大学,行政管理,2001.10,2003.10
王海臣,0000014629,培训,北京市第22期中青年干部培训班,,2003.03,2003.06
王海臣,0000014629,研究生,北京大学,公共管理,2009.02,2011.07
王海臣,0000014629,培训,中共中央党校厅局级干部进修班,,2011.03,2011.04
王海东,0000014630,本科,哈尔滨工业大学,热能工程,,
王海峰,0000014631,大专,张掖农校农学,,1980.09,1983.08
王海峰,0000014631,培训,张掖市委党校中青年干部政治理论培训班,,1989.08,1989.12 
王海峰,0000014631,大专,中央党校,政治,1991.08,1994.06
王海峰,0000014631,本科,中央党校,党政管理,1994.08,1996.12
王海峰,0000014631,进修,西北师范大学,人文地理学,2000.07,2002.07
王海峰,0000014631,培训,甘肃省委党校第33期中青年干部培训班,,2008.09,2009.01
王汉桥,0000014635,大专,华中农学院,,1978.03,1981.12
王汉桥,0000014635,培训,全国市长培训中心,,2003.10,2003.11
王合清,0000014638,大专,四川省开县师范学校,,1982.03,1985.08
王合清,0000014638,大专,重庆青年管理干部学院,行政管理,1989.09,1991.07
王合清,0000014638,本科,四川省委党校,法律,1994.09,1996.12
王合清,0000014638,研究生,重庆市委党校,区域经济,2001.09,2004.06
王河山,0000014640,大专,河南百泉农业专科学校,农学系,1979.09,1982.07
王河山,0000014640,研究生,河南大学,行政管理,1992.01,1993.12
王河山,0000014640,本科,河南省委党校,经济管理,1993.09,1995.12
王河山,0000014640,研究生,河南大学,政治经济,1996.10,1998.12
王河山,0000014640,进修,中国人民大学,工商管理,2001.12,2003.12 
王恒来,0000014642,专科,徽州师范专科学校,中文,1987.09,1989.07
王恒来,0000014642,函授,中央党校,经管,1994.08,1996.12
王宏希,0000014643,大专, 平顶山市干校,,1990.09,1993.06
王宏希,0000014643,博士,中国地质大学,经济学,,2007.06
王洪全,0000014646,学习,贵州省织金县师范学校,,1976.09,1978.08
王洪全,0000014646,大专,贵州省毕节地委党校,,1985.09,1987.07
王洪全,0000014646,本科,贵州省委党校,经济管理,1994.09,1997.07
王洪霞,0000014649,研究生,,,,
王槐峰,0000014655,学习,解放军炮兵学院,指挥系,1983.09,
王槐峰,0000014655,本科,广东省委党校,法学,2005.02,2008.01
王惠明,0000014657,本科,内蒙古林学院,林机,1980.08,1984.08
王惠明,0000014657,研究生,中央党校,政治学,1999.09,2002.07
王惠忠,0000014660,学习,集宁师专,政教系,1981.09,1983.07
王惠忠,0000014660,培训,内蒙古党校青干班,,1983.07,1984.01
王惠忠,0000014660,培训,内蒙党校组织干部培训班,,1990.03,1990.04
王惠忠,0000014660,培训,中共北京市委党校首届内蒙古旗县中青年干部培训班,,1997.05,1997.07
王惠忠,0000014660,培训,内蒙古党校第十四期中青年干部培训班,,2008.03,2008.07
王吉敏,0000014666,研究生,中央党校,,,
王吉泰,0000014667,本科,北京大学,东方语言系,1970.07,
王继亮,0000014670,学习,中央党校领导干部函授班,经济管理专业,1996.08,1998.12
王继亮,0000014670,进修,中央党校进修二班,,1998.09,1999.01
王继亮,0000014670,培训,中央党校一年制中青年干部培训班,,2003.03,2004.01
王继平,0000014672,本科,内蒙古大学,内蒙古地方史志,1994.04,1999.12
王继平,0000014672,研究生,内蒙古党校,经济管理,2001.08,2003.12
王继松,0000014673,研究生,省委党校,,,
王建,0000014684,培训,江苏省粮食学校,,1978.05,1978.07
王建,0000014684,大专,江苏商业管理干部学院,人事管理,1985.09,1987.07
王建,0000014684,培训,扬州市委党校,,1992.09,1992.12
王建,0000014684,本科,中央党校,经济管理,1998.08,2000.12
王建,0000014684,研究生,苏州大学,社会学,1997.12,1999.12
王建,0000014684,培训,省委党校,,2005.09,2005.12
王建,0000014684,培训,美国马里兰大学,经济与行政管理,2009.01,2009.11
王建鹏,0000014686,本科,,,,
王建毅,0000014691,本科,广西师范学院,政治教育,1983.09,1987.07
王建毅,0000014691,培训,广西区委党校,,1996.03,1996.07
王建毅,0000014691,研究生,广西师范大学,马克思主义哲学,1999.10,2001.10
王建毅,0000014691,学习,广西区委党校,,2004.03,2004.05
王建毅,0000014691,学习,广西区党校,,2008.09,2009.01
王建勇,0000014692,本科, 湖南省委党校党政干部培训班,行政管理,1999.09,2001.07
王建勇,0000014692,研究生,党校,,,
王剑锋,0000014693,本科,江苏省常州市机械学校,机械制造,1982.09,1986.06
王剑锋,0000014693,大专,,经济管理,1993.12,
王剑锋,0000014693,本科,中央党校,经济管理,1997.08,1999.12
王剑锋,0000014693,研究生,中央党校,法学理论,2006.09,2009.07
王金刚,0000014701,本科,河北师范大学,物理,1979.08,1983.07
王进,0000014709,大专, 安徽省屯溪茶校,茶叶,1979.09,1981.07
王进,0000014709,大专,中央团校,,1985.09,1987.07
王进,0000014709,本科,中央党校,经济,1993.08,1995.12
王进,0000014709,培训,省委党校中青年干部培训班,,1999.09,1999.12
王进,0000014709,研究生,中央党校,经济管理,2001.09,2004.07
王晋峰,0000014711,本科,,,,
王京生,0000014712,本科,北京师范大学,历史学,1979.09,1983.09
王京生,0000014712,研究生,共青团中央学校,,1986.07,1988.08
王京文,0000014713,本科,南开大学,经济管理,,
王景顺,0000014717,大专,省农干院,畜牧,1985.09,1987.07
王静恩,0000014722,本科,中央党校,,,
王镜铭,0000014724,本科, 黑龙江大学,国民经济管理,1982.09,1986.07
王镜铭,0000014724,研究生,天津大学,管理科学与工程,1996.09,1999.01
王久军,0000014726,本科,莱阳农学院,莱阳农学院,1983.09,1987.07
王久军,0000014726,研修,山东省委党校,政治学,1997.09,2000.06
王久军,0000014726,研究生,,,,
王炬,0000014730,本科,,,,
王科健,0000014740,学习,武威师范学校,政文,1980.09,1982.07
王科健,0000014740,大专,甘肃广播电视大学,汉语言文学,1987.09,1990.11
王科健,0000014740,本科,中央党校,政治,1993.08,1995.12
王科健,0000014740,培训,省委党校中青年干部培训班,,1999.03,1999.07
王科健,0000014740,研究生,中央党校,经济管理,1999.09,2002.07
王科健,0000014740,培训,甘肃省委党校中青年干部培训班,,2007.03,2007.07
王克华,0000014745,大专,贵州省公安干部学院,刑事侦察,1987.09,1989.07
王克华,0000014745,本科,中央党校,法律,1999.08,2001.12
王克华,0000014745,培训,黔西南州委党校,,2007.09,2007.11
王坤,0000014750,研究生,省委党校,,,
王黎明,0000014754,中专,山西省政法干部学校,,1979.09,1981.01
王黎明,0000014754,大专,忻州师专,,1985.09,1987.07
王黎明,0000014754,本科,中国人民公安大学,公安管理,1998.01,2001.06
王黎明,0000014754,研究生,中央党校,马克思主义哲学,2005.09,2008.07
王立,0000014755,研究生,,经济学,,
王立奇,0000014759,本科,清华大学,建设工程管理,1995.09,2000.08
王立奇,0000014759,研究生,清华大学,管理科学与工程,2000.09,2003.08
王立权,0000014760,研究生,,,,
王丽,0000014764,本科, 贵州农学院,土壤农化,1979.10,1983.07
王良春,0000014770,大专,省委党校,,,
王林虎,0000014771,本科,青海师范大学,政治教育,1987.09,1990.07
王林虎,0000014771,学习,青海省委党校,,2006.09,2006.12
王林虎,0000014771,研究生,青海省委党校,经济管理,2005.09,2008.01
王林云,0000014773,本科,江西大学,新闻,1983.09,1987.07
王琳玺,0000014774,研究生,甘肃省委党校,,,
王琳玉,0000014775,研究生,省委党校,,,
王隆生,0000014776,学习,四川省重庆市农业学校,,1973.00,1975.00
王隆生,0000014776,大专,四川省委二党校,政治,1985.09,1987.06
王幂生,0000014781,本科,内蒙古农牧学院,,,
王宁岗,0000014794,本科,宝鸡师范学院数学系,数学专业,1985.09,1989.07
王芃,0000014797,研究生,河北省党校理论教育干部班,,1992.09,
王勤光,0000014810,大专,山东省章丘师范学校,中师,1981.09,1984.07
王勤光,0000014810,本科,山东干部函授大学,经济管理,1993.07,1996.06
王勤光,0000014810,培训,济南市委党校第十期中青班,,1999.09,2000.03
王勤光,0000014810,研究生,省委党校,经济管理,2000.09,2003.06
王勤光,0000014810,大专,山东广播电视大学,法学,2003.09,2006.07
王勤光,0000014810,培训,济南市“双高人才”第五期出国培训班,,2007.07,2007.12
王青峰,0000014811,研究生,,,,
王青西,0000014813,大专,广东佛山兽医专科学校,农学,1978.09,1981.07
王青西,0000014813,研究生,广东省委党校,经济学,1999.09,2002.07
王庆武,0000014819,本科,安徽师范大学,思想政治教育,1988.09,1992.07
王庆武,0000014819,,安徽省委党校,,2002.03,2002.12
王琼龙,0000014821,学习,广东民族学院,经济数学,1984.09,1986.07
王琼龙,0000014821,进修,中国人民大学,经济管理,1991.04,1992.07
王琼龙,0000014821,研究生,吉林大学,数量经济学,1996.09,1998.03
王琼龙,0000014821,研究生,中央党校,经济管理,1998.09,2001.07
王秋杰,0000014823,本科,洛阳高等农业专科学校,农学专业,,1983.07
王秋杰,0000014823,研究生,中国农业大学,植物营养专业,,1996.07
王秋杰,0000014823,博士,中国农业大学,植物营养专业,,1999.07
王荣新,0000014832,本科,,,,
王善平,0000014834,大专,四川省干部函授学院,党政干部基础,1985.09,1988.08
王善平,0000014834,培训,四川省委第二党校青干班,,1995.03,1995.04
王善平,0000014834,培训,四川省委第二党校县干班,,1997.03,1997.07
王善平,0000014834,进修,中国社会科学院,商业经济,1996.09,1998.07
王善平,0000014834,本科,四川省委党校,法律,1997.08,1999.12
王善平,0000014834,培训,四川省委党校青干班,,2001.09,2002.01
王善平,0000014834,培训,四川省委党校中青年干部培训班,,2004.03,2004.07
王善平,0000014834,研究生,四川省委党校,区域经济,2004.09,2005.12
王善平,0000014834,研修,中组部调训的全国第三期县委书记研修班,,2015.05,2015.07
王少峰,0000014837,本科,北京大学,考古,1990.07,1994.07
王少峰,0000014837,研究生,北京大学,法律史,,
王少荣,0000014839,本科,广西师范大学政治系,思想政治教育专业,1988.08,1990.07
王少荣,0000014839,培训,广西桂林市第二期中青年干部培训班,,2000.09,2000.12
王士金,0000014852,本科,,,,
王世顶,0000014854,大专,省委党校,,1986.03,1989.03
王世顶,0000014854,研究生,省社科院,经济管理,1999.03,2002.07
王世雄,0000014866,学习,宁德师专,中文系,1983.09,1985.07
王世雄,0000014866,本科,中央党校,涉外经济,1995.08,1997.12
王仕斌,0000014869,,自治区供销学校,文秘,1985.09,1987.10
王仕斌,0000014869,函授,新疆自治区党委党校,,1988.10,1991.08
王仕斌,0000014869,函授,中央党校,,1994.08,1996.12
王书伟,0000014880,大专,齐齐哈尔农学院,财会,1994.09,1997.06
王书伟,0000014880,大专,黑龙江省农业广播电视学校,会计统计与审计,1993.09,1996.06
王书伟,0000014880,本科,哈尔滨师范大学,汉语言文学,1995.12,1999.12
王书伟,0000014880,培训,齐齐哈尔市委党校第16期中青年干部培训班,,2000.09,2001.01
王书伟,0000014880,研究生,哈尔滨师范大学,经济管理,2001.09,2003.07
王书伟,0000014880,研究生,黑龙江省委党校,经济管理,2011.03,2014.01
王书祥,0000014882,研究生,省委党校,,2004.09,2007.06
王四华,0000014895,本科,江西师大,政教,1986.09,1990.07
王四华,0000014895,MBA,江西财经大学,产业经济,2002.03,2004.09
王崧,0000014896,本科,西安交通大学,制冷技术与低温工程,1988.09,1992.09
王崧,0000014896,研究生,西安交通大学,工程热物理,1992.09,1995.07
王崧,0000014896,博士,清华大学,工程热物理,1995.07,2000.05
王太晖,0000014901,研究生,,,,
王体刚,0000014904,,四川农业大学,,1983.09,
王体刚,0000014904,研究生,省社科院,工业经济与企业管理,1996.03,1997.08
王体刚,0000014904,研究生,省委党校,经济管理,2000.09,2003.06
王铁立,0000014908,本科,哈尔滨工业大学,工业电气自动化,1980.09,1984.01
王皖岭,0000014916,本科, 西藏农牧学院,农学,1978.12,
王为人,0000014920,本科,,,,
王为人,0000014920,博士,,,,
王伟华,0000014925,本科,中央党校,,,
王卫国,0000014926,研究生,河北理工大学,防灾减灾工程及防护工程,2002.09,2005.06
王位任,0000014927,学习 ,中央政法干校,,1952.05,
王文国,0000014930,专科,本溪师专,中文专业,1986.09,
王文旭,0000014934,大专,贵州省黔南民族农业学校,植保,1983.10,1986.08
王文旭,0000014934,专科,贵州省委党校,经济管理,1993.09,1996.07
王文旭,0000014934,本科,贵州省委党校,法律,1999.09,2002.06
王文旭,0000014934,研修,清华大学,,2004.09,2004.10
王文旭,0000014934,研究生,贵州省委党校,政治学,2003.09,2006.01
王玺玮,0000014945,本科,海南大学,金融,1999.09,2003.06
王玺玮,0000014945,研究生,复旦大学,政治经济学,2003.09,2006.06
王显刚,0000014950,大专,四川省江津地区农业学校,农业经济,1979.00,1981.00
王显刚,0000014950,本科,西南农业大学,农业经济管理,1982.09,1987.06
王显刚,0000014950,研究生,中央党校,经济学,2002.03,2005.01
王显刚,0000014950,进修,中央党校县委书记进修班,,2004.09,2004.12
王现敏,0000014951,,长治农业学校,乡镇企业管理,1988.09,1992.07
王向红,0000014953,大专,江苏电大,无机化工,1984.09,1987.06
王向红,0000014953,本科,中央党校,经济管理,1997.08,1999.12
王逍霄,0000014956,研究生,,,,
王小辉,0000014958,本科,郑州雕塑艺术专业学校,雕塑专业,1997.00,
王小辉,0000014958,研究生,省委党校,,,
王晓栋,0000014963,本科,西南交通大学,航地系,,1992.00
王晓栋,0000014963,研究生,西南交通大学,测量工程,,1995.00
王晓栋,0000014963,博士,中国科学院,,,1999.00
王晓栋,0000014963,博士后,清华大学,,1999.00,2001.00
王晓宁,0000014967,学习, 西北师范大学,汉语言文学,1992.09,1994.07
王晓平,0000014968,本科,中央党校,党政管理,1997.08,1999.12
王晓平,0000014968,研究生,中共甘肃省委党校,人口资源与环境经济,2002.08,2005.06
王晓平,0000014968,培训,中共甘肃省委党校第33期中青班,,2008.09,2009.01
王晓平,0000014968,MBA,兰州商学院,,2012.08,
王晓旭,0000014969,大专,贵州大学,汉语言文学,2001.09,2004.07
王孝东,0000014971,本科,武汉地质学院,探工系,1978.03,1982.02
王效力,0000014974,大专,陕西省团校,,1985.09,1987.07
王效力,0000014974,本科,中央党校,经济管理,1998.09,2000.07
王效力,0000014974,研修,美国密苏里州立大学,,2004.03,2004.07
王昕,0000014976,本科,,,,
王新民,0000014981,,新疆石河子电大,经济管理,1993.09,1995.07
王新民,0000014981,函授,中央党校,函授分院政治,1996.08,1998.12
王新整,0000014986,本科,暨南大学工商管理系,,,1946.00
王兴武,0000014990,研究生,黑龙江八一农垦大学,,,
王秀国,0000014992,本科,长春师范学院,政治系,,1984.00
王秀国,0000014992,研究生,东北林业大学,农业推广,,2004.00
王煦杰,0000014998,进修,中共中央党,经济,1996.08,1998.12
王煦杰,0000014998,研究生,中共中央党校,法学理论,2008.09,2011.07
王学杰,0000014999,大专,驻马店师范,化学,1978.03,1981.03
王学杰,0000014999,研究生,中央党校,经济学,1998.09,2001.07
王学勤,0000015002,本科,南京工学院,社会科学系,1978.00,
王学勤,0000015002,研究生,南京工学院,社会科学系,,
王学勤,0000015002,博士,北京师范大学,,1989.00,
王学胜,0000015004,本科,郑州工学院,土建系,1984.09,1988.07
王学胜,0000015004,进修,在同济大学,建筑管理,1995.02,1997.07
王学武,0000015005,本科,湖南农业大学,土壤与农业化学,1990.09,1994.06
王学武,0000015005,研究生,湖南农业大学,食品科学,1999.10,2001.06 
王学武,0000015005,博士,湖南农业大学,植物学,2002.09,2007.12
王沿民,0000015010,本科,哈尔滨建筑工程学院,管理工程系,,
王沿民,0000015010,研究生,哈尔滨建筑大学,,,
王砚,0000015013,大专,天水师专,中文系,,1982.07
王砚,0000015013,学习,西北师大,中文系,1984.08,1986.07
王砚,0000015013,培训,陕西师范大学西北干训班,,1993.03,1993.05
王砚,0000015013,研究生,甘肃省委党校,哲学,2000.09,2003.07
王砚,0000015013,培训,甘肃省委党校中青班,,2007.03,2007.07
王艳茹,0000015017,研究生,东北石油大学,化工过程机械,,
王燕,0000015019,,新疆林业学校,林学,1984.09,1987.07
王燕,0000015019,学习,北京林业大学,文秘,1990.09,1993.06
王燕,0000015019,学习,昌吉州党校,,1998.09,1998.12
王燕,0000015019,研究生,新疆自治区党校,经济学<经济管理>,2008.09,2011.07
王燕铭,0000015020,本科,中央党校大学,,,
王扬俊,0000015021,大专,华南热作学院,橡胶栽培,1975.08,1978.07
王扬俊,0000015021,培训,广东省委党校中青年党政干部培训班,,1987.09,1988.07
王扬俊,0000015021,进修,吉林大学,数量经济学,1996.09,1998.07
王扬泽,0000015022,本科,北京大学中文系,文学专业,1978.09,
王飏,0000015023,本科,南京师范大学,教育,1986.09,1990.07
王飏,0000015023,研究生,苏州大学,行政管理,1998.09,2001.06
王飏,0000015023,博士,苏州大学,政治学理论,2003.09,2006.06
王一兵,0000015028,博士,,,,
王毅,0000015035,本科,武汉大学,中文,1974.09,1977.09
王毅,0000015035,研究生,中国社会科学院,研究生院商业经济,1994.07,1996.07
王毅,0000015035,博士,南开大学,经济研究所政治经济学,1997.09,2002.06
王应才,0000015042,学习,中央民族学院,,1985.12,1987.07
王永贵,0000015046,本科,西南民院,畜牧兽医专业,1992.09,1996.08
王永贵,0000015046,培训,四川省委党校选调生培训班,,2002.07,2002.09
王永贵,0000015046,学习,清华大学高级公共管理班,,2004.05,2004.06
王永征,0000015055,研究生,,,,
王勇勇,0000015057,本科,安徽大学,汉语言文学,,
王勇勇,0000015057,研究生,合肥工业大学,电子政务与行政管理,,
王勇勇,0000015057,进修,华东师范大学,政治学,1995.03,
王勇勇,0000015057,培训,省委党校中青年干部培训班,,1998.09,1998.12
王勇智,0000015058,学习,喀什农校,植保专业,1980.01,
王勇智,0000015058,学习,新疆八一农学院农经系,,1987.08,
王羽强,0000015067,本科,内蒙古师范大学,数学专业,1997.07,2000.06
王羽强,0000015067,研究生,北京大学公共管理学院,,2005.06,2008.07
王羽强,0000015067,博士,内蒙古大学公共管理学院,,2009.05,2013.06
王玉福,0000015072,专科,张掖师专,汉语言文学,1977.09,1980.07
王玉福,0000015072,本科,西北师范大学,汉语言文学,1985.09,1987.07
王玉福,0000015072,研究生,甘肃省委党校,政治教育,2000.09,2003.06
王玉福,0000015072,进修,北京师范大学,,1980.09,1981.07
王玉福,0000015072,访问学者,中共中央党校,,1999.09,2000.07
王玉军,0000015075,本科,新疆振华职业专科学校,化工专业,1986.09,1988.07
王玉军,0000015075,研究生,新疆财经学院,金融学专业,,
王育选,0000015082,本科,,,,
王源,0000015085,研究生,,,,
王远东,0000015087,本科,中央党校,,,
王跃录,0000015092,学习,富锦师范学院,,,1976.00
王跃录,0000015092,研究生,省委党校,经济管理专业,,2007.10
王再华,0000015097,研究生,中国地质大学,测绘工程,2002.09,2006.06
王再华,0000015097,博士,暨南大学,专门史,2008.09,2011.06
王章,0000015109,本科,内蒙古农牧学院,,,
王长魁,0000015110,本科,河南农学院,植保,1960.00,1964.00
王长魁,0000015110,培训,省委第一期中青年干部培训班,,1981.00,1982.00
王长连,0000015111,大专,,党政干部基础,,
王长连,0000015111,,北京军区司令部陆军学校机要训练大队,,1966.06,1969.02
王长连,0000015111,进修,中国社会科学院,经济法,1991.01,1993.01
王长泰,0000015112,本科,哈尔滨师范大学,汉语言文学,1998.03,2001.04
王长泰,0000015112,研修,北京大学,,2003.09,2004.01
王兆成,0000015119,大专,东北农业大学,农学,1992.09,1995.08
王兆成,0000015119,本科,黑龙江省委党校,经济管理,1998.03,2001.01
王兆成,0000015119,研究生,黑龙江省委党校,经济管理,2004.03,2007.01
王肇晟,0000015121,大专,内蒙古大学,,1995.09,1998.07
王肇晟,0000015121,本科,内蒙古大学,,1998.01,2001.01
王肇晟,0000015121,培训,内蒙古党校,政治理论,2003.09,2004.01
王肇晟,0000015121,研究生,内蒙古农业大学,,2003.03,2006.01
王哲,0000015122,本科, 郑州大学,政治经济学,1979.09,1983.07
王哲,0000015122,研究生,河南大学,经济学,1991.07,1993.06
王正英,0000015130,研究生,省委党校,,,
王志东,0000015132,本科,山西财经大学,劳动经济,1995.09,1999.07
王志东,0000015132,研究生,山西财经大学,经济法,,
王志峰,0000015133,本科,,,,
王中苏,0000015148,本科,,,,
王忠想,0000015154,本科,山东工业大学,水利水电工程建筑,1985.09,1989.07
王仲儒,0000015157,,六安地委党校,,1998.09,1998.12
王壮,0000015164,本科,,,,
王子联,0000015168,本科,四平师院,政治系,1990.07,1993.07
王子联,0000015168,研究生, 省委党校,经济管理,1999.10,2001.10
王作安,0000015173,本科,青岛建筑工程学院,工业与民用建筑,1982.09,1986.07
王作安,0000015173,研究生,山东省委党校,经济学,1995.09,1997.12
王作安,0000015173,培训,山东省委党校中青班,,1999.09,2000.06
王作安,0000015173,博士,南开大学,政治经济学,2001.09,2004.06
王作安,0000015173,博士后,中国社会科学院,财贸,2004.09,2007.09
旺娜,0000015176,本科,西南民族学院民族语言文学系,,1987.09,1992.07
旺娜,0000015176,研究生,四川省委党校,经济管理专业,2000.09,2003.06
韦朝永,0000015181,专科,广西民族学院,政治教育,1986.04,1989.10
韦朝永,0000015181,大专,广西河池地委党校,政治,1988.09,1990.06
韦朝永,0000015181,本科,中央党校,政法,1996.08,1998.12
韦朝永,0000015181,研究生,东南大学,科技经济与决策管理,2000.09,2002.07
韦朝永,0000015181,培训,广西区党校,,2003.03,2003.05
韦朝永,0000015181,研究生,广西师范大学,经济史,2004.02,2006.01
韦朝永,0000015181,培训,广西区党校,,2010.03,2010.07
韦宏,0000015184,大专,广西农学院,果树,1986.09,1988.07
韦宏,0000015184,本科,中央党校,经济管理,1995.08,1997.12
韦宏,0000015184,研究生,广西大学,,2002.03,2004.02
韦加和,0000015185,学习,自治区经济管理干部学院,,1982.03,1982.07
韦加和,0000015185,,广西民族学院,干训部政治理论,1984.08,1986.07
韦加和,0000015185,研究生,广西师范大学,中国近现代经济研究,1997.09,1999.07
韦开泉,0000015186,本科,贵州大学中文系,汉语言文学专业,,1977.09
韦丽坤,0000015187,大专,汕头教育学院,政治,1983.01,1986.01
韦丽坤,0000015187,本科,广东省委党校,经济管理,1995.09,1997.12
韦丽坤,0000015187,研究生,广东省委党校,经济学,1999.09,2002.07
韦敏宏,0000015190,研究生,广西区党校,,,
韦绍艺,0000015192,,桂林民族师范学校,,1982.09,1986.07
韦绍艺,0000015192,,广西桂林市教育学院,物理,1988.09,1990.07
韦绍艺,0000015192,自考,广西大学,自考法律,1993.10,1995.12
韦绍艺,0000015192,本科,武汉大学,法学,1995.09,1998.07
韦绍艺,0000015192,研究生,广西师范大学,马克思主义哲学,2001.10,2004.10
韦永福,0000015196,本科,中央党校函授学院本科班,行政管理专业,1999.08,2001.12
韦志鹏,0000015197,本科,中央党校,党政管理,1998.08,2000.12
韦志鹏,0000015197,研究生,广西大学,行政管理,2005.09,2007.07
韦祖乾,0000015199,大专,广西区党校,政治,1989.09,1992.06
韦祖乾,0000015199,本科,中央党校,经济管理,1995.08,1997.12
韦祖乾,0000015199,研究生,广西壮族自治区党委党校,党政管理,2003.03,2005.06
卫东,0000015201,大专,新疆警官高等专科学校,法律,,
卫东,0000015201,本科,清华大学,远程教育政法法律,,
卫岗,0000015202,本科,云南民族学院,德宏傣语,1985.09,1989.07
卫明喜,0000015203,学习,省直机关处级干部第82期轮训班,,2000.11,2002.01
卫明喜,0000015203,研究生,天津财经大学,,2010.12,2012.12
卫明喜,0000015203,进修,中央党校第一期县委书记研修班,,2014.11,2015.01
魏东,0000015214,研究生,,,,
魏凤君,0000015216,本科,辽宁阜新矿业学院,矿山测量,1981.09,1985.08
魏凤君,0000015216,研究生,武汉测绘科技大学,工程测量,1993.08,1995.07
魏和胜,0000015220,研究生,,,,
魏晋文,0000015224,本科,西北师范大学,地理系,1984.09,1988.07
魏晋文,0000015224,研究生,省委党校,,,
魏伟,0000015236,大专,黑龙江广播电视大学,中文,1982.07,1985.07
魏伟,0000015236,本科,黑龙江省委党校,经济管理,1989.03,1992.02
魏伟,0000015236,研究生,哈尔滨建筑大学,建筑经济与管理,1992.09,1994.09
魏伟,0000015236,研究生,哈尔滨工业大学,工商管理,2002.00,2005.00
魏文生,0000015237,本科,云南民族学院,少数民族语言文学系,1989.09,1993.06
魏湘江,0000015238,,零陵师范学校,,1979.07,1981.07
魏湘江,0000015238,大专,零陵学院,法律,2002.09,2004.06
魏雪生,0000015243,本科,,,,
魏益章,0000015245,研究生,中央党校,,,
魏毅,0000015246,,新疆自治区党委党校,政治管理,1989.09,1990.07
魏毅,0000015246,函授,中央党校,经济管理,1999.08,2001.12
魏毅,0000015246,,中央党校,,2008.09,2009.01
魏跃平,0000015249,大专,,,,
温桂安,0000015256,专科,广东省湛江农业专科学校,,1982.09,1985.07
温桂彪,0000015257,学习,岳池师范学校,,1981.09,1983.08
温桂彪,0000015257,大专,南充教育学院,中文,1988.09,1990.07
温桂彪,0000015257,本科,中共四川省委党校,经管,1995.09,1997.12
温桂彪,0000015257,研究生,中共四川省委党校,经管,2000.09,2003.07
温江城,0000015262,,中共政法大学,法律,1988.09,1990.07
温江城,0000015262,本科,中共党校,经济管理,1997.08,1999.12
温伟文,0000015264,研究生,,,,
温向芳,0000015265,研究生,广东省社科院,,,
文阁,0000015274,中专,四川省达县师专,中文,1991.09,1994.07
文阁,0000015274,大专,四川大学,行政管理,,1995.06
文阁,0000015274,本科,四川师范大学,汉语言文学,,1998.12
文阁,0000015274,研究生,四川省委党校,行政管理,2004.09,2007.06
文建刚,0000015275,本科,贵州师范大学,,1982.00,
文建中,0000015277,大专,广西自治区党委党校,政治管理,1987.09,1990.07
文建中,0000015277,本科,中央党校,经济管理,1999.08,2001.12
文建中,0000015277,研究生,湖南师范大学,法学理论,2001.09,2003.08
文建中,0000015277,研究生,广西自治区党委党校,党政管理,2001.09,2004.07
文建中,0000015277,培训,广西自治区党委党校,,2002.03,2003.01
文元旦,0000015284,本科,,,,
文媛,0000015285,大专,湖北省经济管理干部学院,工业企业管理,1993.09,1995.07
文媛,0000015285,本科,湖北省委党校,经济管理,1999.09,2001.12
文媛,0000015285,研修,中国政法大学,,2000.09,2002.06
翁明亮,0000015292,本科,,,,
翁晔,0000015294,大专,孝感师范高等专科学校,中文系,1986.09,1988.07 
翁晔,0000015294,培训,孝感地委党校青干班,,1992.09,1993.01 
翁晔,0000015294,本科,中央党校,经管,1993.08,1995.12
翁晔,0000015294,培训,孝感党校青干班,,2000.09,2001.01 
翁晔,0000015294,培训,省委办公厅、省委组织部举办的华中师范大学处干班,,2005.09,2005.12 
沃岭生,0000015296,进修,中央民族大学,法律,1980.08,1981.08
沃岭生,0000015296,大专,黑龙江广播电视大学,中文,1983.08,1985.08
沃岭生,0000015296,研究生,哈尔滨师范大学,经济管理,1998.03,2000.03
乌玛尔江·努合曼,0000015299,,博州师范学校,汉语言翻译,1985.09,
乌玛尔江·努合曼,0000015299,,新疆高等教育自学考试,汉语言翻译,1996.12,
乌玛尔江·努合曼,0000015299,培训,自治州党委党校,,2000.09,2000.11
乌玛尔江·努合曼,0000015299,学习,中央党校,,2013.09,2014.01
邬凌云,0000015301,本科,长沙工程兵学院,,1992.08,1996.08
邬凌云,0000015301,研究生,中南大学,行政管理,,
巫敏,0000015303,本科,四川大学,汉语言文学,1982.09,1986.07
巫敏,0000015303,研究生,四川大学,文艺理论,1986.07,1989.07 
吴爱国,0000015312,本科,安徽农学院,农业经济管理,1982.09,1986.07
吴爱国,0000015312,进修,省委党校县干进修班,,2001.03,2001.05
吴爱国,0000015312,培训,省委党校青干班培训,,2006.03,2006.06
吴本辉,0000015315,研究生,,,,
吴炳芳,0000015317,中专,浙江粮食工业学校,粮食加工,1985.09,
吴炳芳,0000015317,本科,,,,
吴才敏,0000015318,研究生,中央党校,,,
吴聪聪,0000015329,,延安农校,,1984.09,1988.07
吴聪聪,0000015329,函授,中国人民大学,行政管理,1989.09,1991.07
吴聪聪,0000015329,函授,中央党校,经济管理,1992.08,1994.12
吴聪聪,0000015329,研究生,陕西省委党校,,1995.09,1998.07
吴从江,0000015330,本科,中央函授学院,经济管理,1992.08,1994.12
吴德华,0000015334,进修,国防科大,系统工程研究,2001.02,2001.07
吴德华,0000015334,本科,北京师范大学,中文系,,
吴德华,0000015334,研究生,大连理工大学,公共管理,,
吴德林,0000015336,本科,安徽财贸学院,商业会计,1982.09,1986.07
吴德林,0000015336,研究生,安徽财贸学院,会计学,1986.07,1988.10
吴德林,0000015336,研究生,日本神户大学,经营学,1988.10,1992.04
吴德林,0000015336,博士,日本神户大学,经营学,1992.04,1995.04
吴德林,0000015336,博士后,厦门大学,应用经济学,2002.11,2005.03
吴福林,0000015341,本科,,,,
吴高波,0000015344,本科, 四川大学,历史系,1985.09,1989.07 
吴高波,0000015344,进修,复旦大学,新闻系,1994.09,1995.07
吴高波,0000015344,培训,贵州省委党校第21期中青班,,2002.02,2002.07
吴国峻,0000015348,学习,甘肃省水利学校,,1985.09,1987.12 
吴国峻,0000015348,本科,甘肃省农业大学,水利工程系,2003.06,2006.06
吴国升,0000015350,本科,浙江农业大学,兽医,1980.10,1984.08
吴国升,0000015350,研究生,浙江省委党校,政治经济,1994.10,1996.12
吴国升,0000015350,研修,浙江省领导干部经济管理研究班,,1998.11,1999.06
吴国升,0000015350,进修,中央党校进修三班,,2004.09,2005.01
吴国升,0000015350,EMBA,香港理工大学,,2004.03,2005.12
吴国雄,0000015351,培训,湛江处级领导干部培训班,,2004.03,2004.04
吴国雄,0000015351,培训,湛江处级领导干部培训班,,2007.09,2007.10
吴国雄,0000015351,培训,广东省委党校中青班,,2010.09,2010.12
吴国雄,0000015351,研究生,,,,
吴海东,0000015353,本科,内蒙古工学院,化工机械,1980.09,1984.07
吴宏,0000015358,大专,乐山师专,生物系,1987.09,1990.07
吴宏,0000015358,本科,四川师范,经济管理,1991.09,1993.07
吴宏,0000015358,研究生,四川省委党校,政治学,2003.09,2006.06
吴怀玉,0000015367,研究生,省委党校,,,
吴火权,0000015368,研究生,中央党校,经济管理,,
吴继华,0000015373,研究生,辽宁省委党校,,,
吴江平,0000015381,研究生,,教育管理,,
吴井光,0000015388,本科,华南热带作物学院,热作栽培,1977.03,1980.01
吴井光,0000015388,进修,中国人民大学,,1984.09,1985.07
吴君,0000015390,本科,,,,
吴克,0000015394,学习,贵州省麻江师范学校,普师专业,1981.09,1984.07
吴磊,0000015396,,全国法院干部业余法律大学,,1988.09,1991.07
吴磊,0000015396,,山东省政法管理干部学院,法律,1992.09,1994.07
吴磊,0000015396,研究生,山东省委党校,在职干部研究生班经济管理,2001.09,2004.06
吴磊,0000015396,研究生,清华大学,高级管理人员工商管理硕士,2008.06,2010.07
吴立刚,0000015398,本科,河南大学,中文,1980.09,1984.07
吴龙强,0000015401,本科,中央党校,,,
吴龙强,0000015401,研究生,,,,
吴明,0000015404,本科,贵州省委党校,经济管理专业,,
吴明益,0000015406,研究生,市委党校,,,
吴宁春,0000015407,本科,中央党校,,,
吴启煌,0000015412,学习,黔东南州财贸学校,供销会计专业,1979.09,1981.07
吴启煌,0000015412,大专,贵州广播电视大学,汉语言文学专业,1982.09,1985.12
吴启煌,0000015412,本科,贵州省委党校,经济管理专业,1998.09,2001.07
吴启煌,0000015412,学习,贵州省委党校中青班,,1998.03,1998.07
吴启煌,0000015412,研究生,贵州大学法律系,民商法专业,2001.09,2003.07
吴起,0000015413,本科,贵州省委党校,行政学,2003.09,2006.06
吴起,0000015413,研修,清华大学县域经济高级研修班,,2008.09,2010.07
吴勤武,0000015415,大专,中山大学,经济管理,1989.09,1992.07
吴勤武,0000015415,研究生,社会科学院,经济学,1995.09,1998.09
吴琼,0000015419,研究生,中央党校,,,
吴琼,0000015419,本科,,历史,,
吴群忠,0000015420,本科,湛江市广播电视大学,财务会计专业,1986.08,
吴群忠,0000015420,研究生,广东省委党校,经济学专业,1995.09,1998.07
吴三九,0000015428,研究生,中央党校,经济管理,2000.09,2003.07
吴三九,0000015428,培训,省委党校,,2003.03,2003.12
吴善积,0000015430,学习,北京中共中央第五中级党,,,
吴善平,0000015431,大专,广东河源师范,,1980.09,1983.07
吴善平,0000015431,学习,惠州教育学院,,1984.09,1986.08
吴善平,0000015431,培训,广东省委党校中青年干部培训班,,2000.09,2010.01
吴善平,0000015431,研究生,省社科院,,,
吴深生,0000015433,研究生,,哲学,,
吴胜武,0000015436,研究生,清华大学,法学,,1986.00
吴胜武,0000015436,博士,,管理学,,
吴世民,0000015438,研究生,辽宁省委党校,,,
吴树强,0000015440,学习,广东省人民警察学校,公安专业,1988.09,1990.07
吴天晓,0000015445,研究生,省委党校,,,
吴伟鹏,0000015450,本科,中山大学,汉语言文学,1982.00,1986.00
吴伟鹏,0000015450,研究生,中山大学,世界经济,1996.09,1998.07
吴伟鹏,0000015450,培训,省委党校中青年干部培训一班,,2004.03,2004.07
吴伟鹏,0000015450,博士,武汉大学,宪法学与行政法学,2006.09,2008.12
吴卫东,0000015451,研究生,省委党校,,,
吴卫红,0000015452,本科,厦门大学,历史学,1983.09,1987.07
吴文凯,0000015453,研究生,美国伊利诺伊大学,工商管理专业,,
吴文胜,0000015455,本科,,,,
吴向必,0000015460,初中,,,,
吴小华,0000015461,研究生,,,,
吴晓斌,0000015462,本科,中央党校,,,
吴晓东,0000015463,本科,中国矿业学院,矿山建筑,1983.09,1987.09
吴晓东,0000015463,研究生,中国矿业大学,矿井建设,1987.09,1989.12
吴晓东,0000015463,研究生,复旦大学,高级管理人员工商管理,2005.06,2007.06
吴晓丽,0000015464,大专,广西民族学院,文秘档案,1992.09,1995.07
吴晓丽,0000015464,进修,中央党校,党政管理,1997.07,1999.12
吴晓丽,0000015464,研究生,广西师范大学,中国近现代史,1998.07,2000.10
吴晓丽,0000015464,本科,广西大学文化与传播学院,汉语言文学,2002.09,2005.06
吴晓丽,0000015464,研究生,华中科技大学,公共管理,2005.05,2007.06
吴晓丽,0000015464,培训,自治区党校第20期中青年干部培训班,,2009.03,2009.07
吴晓勇,0000015465,大专,省委党校,政经,1989.09,1991.07
吴晓勇,0000015465,本科,省委党校,行政管理,2001.09,2003.06
吴晓勇,0000015465,研究生,省委党校,行政管理,2004.09,2007.06
吴晓勇,0000015465,培训,,,2009.10,2009.12
吴秀永,0000015469,大专,广西农学院,农业经济管理,1986.09,
吴秀永,0000015469,本科,广西壮族自治区党委党校,行政管理,1996.09,
吴旭,0000015470,专科,南通师范专科学校,,1978.12,1980.12
吴旭,0000015470,本科,江苏省委党校,行政管理专业,1988.09,1991.07
吴旭,0000015470,研究生,中央党校,经济管理专业,2002.09,2005.07
吴旭,0000015470,研究生,同济大学经济管理学院,EMBA专业,2005.06,2007.11
吴亚,0000015473,研究生,中央党校,经济学,,
吴洋富,0000015477,学习,贵州省松桃民族师范学校,,1979.09,1981.08
吴洋富,0000015477,大专,贵州省铜仁教育学院,中文,1985.09,1987.07
吴洋富,0000015477,本科,中央党校,党政管理,1998.08,2000.12
吴宜文,0000015481,本科,江西省交通学校,路桥,1982.09,1986.08
吴宜文,0000015481,本科, 同济大学,道路工程,1990.09,1995.12
吴宜文,0000015481,培训,省交通厅党校青干班,,1996.03,1996.06
吴宜文,0000015481,研究生,中央党校,经济学,2003.09,2006.06
吴宜文,0000015481,培训,省委党校中青班,,2006.03,2006.06
吴义煌,0000015482,研究生,华中师范大学,行政管理,,
吴永佩,0000015484,培训,湖北省委党校中青班,,2002.03,2002.12
吴永佩,0000015484,研究生,华中师范大学,中共党史,,1998.12
吴允明,0000015492,本科,,,,
吴志强,0000015494,,呼和浩特市职工大学,汉语言文学,1984.09,1987.01
吴志强,0000015494,本科,中央党校,经济管理,1989.08,1992.06
吴志强,0000015494,研究生,中央党校,经济管理,2001.09,2004.07
吴志强,0000015494,学习,内蒙古党校,,2006.03,2006.07
吴志强,0000015494,,大连理工大学,高级管理人员工商管理,2008.04,2010.12
吴智华,0000015496,本科,广东师范学院,中文系,1972.08,
吴智民,0000015497,本科,中央党校,,,
吴仲林,0000015499,本科,党校,,,
吴自胜,0000015502,研究生,,,,
伍备战,0000015505,本科,中共湖南省委党校,,1988.08,1990.08
伍斌,0000015506,本科,福建师范大学,政治教育,,
伍昌军,0000015507,本科,湖北师范学院,文学,1989.09,1993.07
伍定,0000015509,大专,温江农校（现成都农业科技职业学院,,1982.09,1986.06
伍定,0000015509,本科,乐山教育学院,中文,1990.09,1992.07
伍定,0000015509,本科,四川省委党校,经济管理,1994.08,1996.12
伍定,0000015509,学习,四川省委党校,,2003.03,2003.07
伍定,0000015509,研究生,四川省委党校,行政管理,2000.09,2003.07
伍启汉,0000015512,本科,广东省委党校,经济管理,,
伍文超,0000015517,本科,山东师范大学,美术系,,
伍学云,0000015519,本科,,文学,,
伍宇雄,0000015520,大专,五邑大学,计算机及应用,,1992.00
伍宇雄,0000015520,本科,五邑大学,计算机科学与技术,2002.00,2005.00
伍宇雄,0000015520,MBA,加拿大皇家大学,,,2008.06
武斌,0000015523,本科,辽宁南开大学,,,
武高山,0000015528,本科,北京钢铁学院,选矿系,1978.02,1982.01
武高山,0000015528,研究生,北京市委党校,国民经济管理,1985.09,1987.09
武高山,0000015528,培训,北京市委组织部组织的领导干部境外培训班,,2001.06,2001.10
武和谦,0000015531,中专,甘肃省交通学校,道路与桥梁,1986.09,1990.07
武和谦,0000015531,大专,重庆交通学院,公路与桥梁工程,1994.09,1996.06 
武和谦,0000015531,研究生,长安大学,桥梁与隧道工程,1999.09,2003.07
武胜军,0000015541,本科,,,,
武十周,0000015542,学习,河北大学,政工班,1989.05,1990.09
武十周,0000015542,培训,河北行政学院县长培训班,,1992.09,1992.12
武十周,0000015542,本科,中央党校,涉外经济管理,1994.08,1996.12
武十周,0000015542,进修,河北大学,世界经济,1996.09,1998.07
武十周,0000015542,培训,省委党校中青年干部培训班,,2001.02,2001.07
武十周,0000015542,培训,省委组织部组织的中国人民大学“河北省中青年干部执政能力建设”培训班,,2005.07,2005.09
武维东,0000015545,本科,宁夏工学院,工业与民用建筑,1988.09,1991.07
武伟,0000015546,本科,青海师范大学,,1989.09,1993.07
武晓花,0000015548,本科,,,,
武雪,0000015552,本科,,,,
武勇超,0000015554,本科,,,,
武跃飞,0000015558,本科,西安交通大学,制冷,1986.09,1990.07
武跃飞,0000015558,研究生,中央党校,经济学,2006.09,2009.07
武志杰,0000015561,学习,内蒙古财政学校,,1980.09,
武志杰,0000015561,本科,哈尔滨师大,,,
西热,0000015563,,青海省果洛州民族师范学校,普通师范,1984.09,1987.07
西热,0000015563,大专,中央党校,行政管理,2000.05,2003.07
西热,0000015563,本科,中央党校,行政管理,2003.08,2005.12
习覃,0000015568,本科,,,,
习玉跃,0000015570,学习,贵州农学院农学系,农学专业,1978.10,1982.08
习玉跃,0000015570,学习,省委党校中青班,,1994.03,1994.07
习玉跃,0000015570,学习,省委党校局干班,,2000.00,2000.12
夏光宏,0000015575,本科,武汉大学,行政管理,1995.06,1997.06
夏光宏,0000015575,培训,石首市委党校青年干部班,,1997.09,1997.10
夏光宏,0000015575,研究生,湖北省委党校,经济管理,2001.09,2004.07
夏光宏,0000015575,进修,湖北省委党校乡镇党委书记进修班,,2005.03,2005.04
夏光宏,0000015575,培训,荆州市委党校中青班,,2003.03,2003.07
夏光宏,0000015575,培训,湖北省行政学院县处班,,2011.05,2011.07
夏景涛,0000015579,研究生,,,,
夏开益,0000015580,研究生,中国社会科学院,,,
夏科家,0000015581,本科,,理学,,
夏科家,0000015581,博士,,管理学,,
夏林茂,0000015583,本科,清华大学,水利系,1993.00,
夏林茂,0000015583,研究生,清华大学,土木系,1998.00,
夏林茂,0000015583,博士,清华大学,建筑学,2005.00,
夏伦平,0000015585,本科,中央党校,本科班经管,1993.08,1995.12
夏茂军,0000015586,本科,,,,
夏先义,0000015596,本科,四川省委党校,经济管理,1996.09,1998.12
夏彦,0000015597,大专,中央党校,西藏分院那曲学区法律,2003.07,2005.07
夏占义,0000015601,研究生,,,,
鲜光鹏,0000015605,本科,重庆大学,机械工程二系铸造,1983.09,1987.07 
鲜光鹏,0000015605,研究生,四川省委党校,经济学,2001.09,2004.06
霰景亮,0000015610,本科,曲阜师范大学,,1988.08,1992.07
霰景亮,0000015610,研究生,,,,
向恒林,0000015616,大专,永顺民师,师范,1987.09,1990.07
向继辉,0000015618,本科,西安电子科技大学,工业管理工程,1986.09,1990.07
向继辉,0000015618,研究生,上海财经大学,工商管理,2000.03,2002.12
向建平,0000015619,研究生,四川省委党校,经济管理,2004.09,2007.06
向建平,0000015619,培训,四川省委党校第7期中青班,,2009.03,2009.06
向敏,0000015621,本科,湘潭大学,思想政治教育,1986.09,1990.07
向前进,0000015622,本科,中南民族学院,政治,1983.09,1987.07
向前进,0000015622,研究生,中央党校,,,
向秀亮,0000015627,学习,黔阳师范,,1986.09,1989.07
向业顺,0000015630,大专,四川省涪陵师范专科学校,汉语言文学,1991.09,1994.07
向业顺,0000015630,本科,重庆市委党校,经济管理,1998.09,2000.12
向业顺,0000015630,研究生,重庆市委党校,区域经济学,2002.09,2005.06
向业顺,0000015630,学习,重庆市委党校,,2010.09,2011.01
向业顺,0000015630,研究生,西南大学,农业推广,2009.09,2013.06
向永东,0000015631,大专,苍溪师范学校,,1982.09,1985.07
向永东,0000015631,本科,四川农业大学、四川省委党校函授学院,,,
向子琨,0000015633,大专,贵州广播电视学校,广播电视技术,1995.09,1997.07
向子琨,0000015633,大专,贵州教育学院,行政管理,1997.09,2000.07
向子琨,0000015633,本科,贵州大学,行政管理,2001.09,2004.07
项晓峰,0000015637,学习, 湖北省广播电视大学,农业师资,1990.09,1992.08 
项晓峰,0000015637,本科,湖北省委党校,行政管理,1996.09,1998.12
项晓峰,0000015637,研究生,湖北省委党校,科学社会主义,2000.09,2003.07
项晓峰,0000015637,本科,武汉大学,,2008.12,
肖斐杰,0000015642,大专, 宁都师范,普师,1993.09,1996.07
肖斐杰,0000015642,进修,江西师范大学,三沟通”中文,1996.07,1998.10
肖斐杰,0000015642,本科,中央党校,法律,2006.08,2008.12
肖汉辉,0000015645,大专,,,,
肖华,0000015646,本科,,,,
肖金城,0000015649,学习,贵州省畜牧兽医学校,,1988.09,1992.07
肖金城,0000015649,本科,贵州省委党校,经济管理专业,1994.09,1997.07
肖金城,0000015649,学习,黔东南州委党校中青班,,2002.03,2002.06
肖林,0000015654,学习,“贵阳市五·七干校,,1975.00,1976.00
肖林,0000015654,培训,贵阳师专,,1981.00,1982.00
肖林,0000015654,学习,贵阳师范学院,政教系,1983.09,1987.07
肖林,0000015654,培训,省委党校WTO县长培训班,,,
肖林,0000015654,培训,省委党校33期地厅班,,,2007.00
肖林,0000015654,培训,省委党校34期地厅班,,,2008.00
肖凌秋,0000015655,研究生,中央党校,,,
肖胜利,0000015665,本科,,,,
肖伟华,0000015668,大专,广安师范学校,,1983.09,1986.08
肖伟华,0000015668,本科,四川省委第二党校,经济管理,1995.05,1997.12
肖伟华,0000015668,研究生,重庆大学,,2002.09,2004.09
肖卫华,0000015670,本科,,,,
肖文浩,0000015671,培训,广东省第1期领导干部区域经济发展专题培训班“法国班,,2008.09,2008.10
肖文浩,0000015671,研究生,广东省委党校,,,
肖霞,0000015672,本科,成都理工学院,工业分析,1992.09,1996.07
肖霞,0000015672,研究生,成都理工学院,应用化学,1996.09,1999.07
肖霞,0000015672,博士,成都理工学院,地球化学,,2016.06
肖徐,0000015674,本科,大理医学院,临床医学,1984.09,1990.07
肖亚非,0000015675,本科,中山大学,,1984.09,1988.07
肖亚非,0000015675,研究生,中山大学,世界经济,1990.09,1993.04
肖拥军,0000015680,大专,邵阳农校,农学,1984.09,1987.07
肖拥军,0000015680,本科,湖南省委党校,行政管理,1989.09,1991.07
肖占瑞,0000015683,初中,,,,
肖长根,0000015684,本科,清华大学,机械工程系,1979.09,1984.07
肖长根,0000015684,进修,中华全国律师函授中心,法律,1985.00,1987.00
谢柏清,0000015699,研究生,,,,
谢柏清,0000015699,学习,省委党校,,2007.03,2007.06
谢春,0000015702,大专,邵阳高等专科学校,机械工程系标准化管理,1991.09,1994.06
谢春,0000015702,本科,湘潭大学,文秘,1996.09,1999.07
谢春,0000015702,研究生,湘潭大学,公共管理,2005.09,2007.07
谢春,0000015702,博士,中南大学,理科学与工程,2008.09,2011.06
谢峰,0000015706,本科,上海科技大学,应用化学,1987.09,1991.07
谢峰,0000015706,培训,上海市委党校第17期中青年干部培训班,,1999.03,1999.07
谢峰,0000015706,研究生,上海海运学院管理学院,工商管理,1999.03,2001.10
谢峰,0000015706,培训,上海市委党校第55期局级领导干部培训班,,2004.05,2004.06
谢峰,0000015706,培训,第二期上海高级管理人员赴美国宾夕法尼亚大学沃顿商学院,,2005.10,2005.11
谢峰,0000015706,培训,中国浦东干部学院第4期市长发展研究班,,2006.10,2006.11
谢高进,0000015709,学习,湘潭大学,秘书,1987.06,1989.07
谢高进,0000015709,培训,湖南省委党校县干班,,1996.04,1996.06
谢高进,0000015709,进修,中国政法大学,经济学,2000.04,2002.04
谢高进,0000015709,培训,湖南省委党校中青班,,2002.03,2002.07
谢高进,0000015709,本科,中央党校,法律,2003.08,2005.12
谢高明,0000015710,学习,暨南文学院教育系,,,1942.00
谢冠森,0000015712,本科, 江西师范大学,,1981.09 ,1985.07 
谢冠森,0000015712,研究生,上海交通大学,工业管理工程,1988.09,1990.01
谢红心,0000015714,本科,,法学,,
谢继先,0000015717,研究生,华中师范大学,区域经济学,,
谢剑锋,0000015720,本科,,,,
谢景林,0000015721,本科,中央党校函授学院,涉外经管专业,1995.08,1997.12
谢明中,0000015728,研究生,中央党校,,,
谢胜扬,0000015736,研究生,,,,
谢卫东,0000015743,研究生,沈阳建筑大学,信息管理,2007.06,2009.06
谢学龙,0000015746,,娄底地区资江煤矿子弟学校,,1989.07,1991.03
谢延明,0000015747,中专,延安地区技工学校,机械加工,1979.09,1981.09
谢延明,0000015747,大专,陕西省团校,,1983.03,1985.03
谢延明,0000015747,本科,中央党校,经济管理,1995.08,1997.12
谢泽生,0000015753,研究生,省委党校,经济学,1995.09,1998.07
谢泽生,0000015753,研究生,长江商学院,高级管理人员工商管理硕士,2009.10,2011.09
谢志云,0000015758,本科,中共广东省委党校,经济管理,1998.09,2000.12
谢子超,0000015759,本科,华南师范大学,体育,,
辛海生,0000015762,本科,甘肃农业大学,农学专业,1978.03,
辛舒,0000015763,研究生,内蒙古党校,经济管理专业,,
辛耀峰,0000015765,中专,陕西省化工学校,仪表自动化,1978.09,1981.07
辛耀峰,0000015765,本科,中央党校,,,
邢书印,0000015777,大专,承德农校,兽医,1979.09,1981.07
邢书印,0000015777,本科,河北农业大学,城镇经济与管理,,
邢树君,0000015778,大专,吉林省白城农校,,1980.08,1983.08
邢树君,0000015778,研究生,吉林省委党校,,,
邢文杰,0000015780,本科,中央党校,经济管理,,
邢至康,0000015785,学习,上海市女子师范学校,,1946.00,
邢至康,0000015785,学习,中共上海市委党校,,,
邢至康,0000015785,学习,中共中央第3中级党校,,1955.00,
邢至康,0000015785,学习,中共中央党校,,1980.10,1981.01
邢志广,0000015786,研究生,哈尔滨工程大学,管理科学与工程专业,,
熊安台,0000015787,本科,江西景德镇陶筑学院,陶瓷制造,1980.09,1984.07
熊超群,0000015789,学习,中共湖南省委党校选调生班,,2002.09,
熊超群,0000015789,本科,国防科学技术大学,政治,2000.09,2003.06
熊赤锋,0000015791,本科,昆明工学院,选矿,1979.09,1983.07
熊赤锋,0000015791,研究生,亚洲(澳门)国际公开大学,工商管理,2003.09,2005.12
熊德威,0000015793,本科,贵州财经学院,工业经济,1979.08,1983.08
熊德威,0000015793,培训,贵州省委党校局干班,,1996.09,1996.11
熊德威,0000015793,研究生,贵州省委党校,经济学,2005.09,2008.06
熊登赞,0000015794,大专,湖北省林业学校,森保,1978.02,1980.08
熊登赞,0000015794,学习,湖北大学,法学监察学,1993.09,1996.07
熊登赞,0000015794,学习,省委党校,,2008.02,2008.04
熊良霄,0000015799,本科,,,,
熊启权,0000015801,学习,四川省水利机电校,,1978.10,1981.09
熊启权,0000015801,大专,北京社会函授大学,工业企业经营管理,1994.12,1996.09
熊启权,0000015801,大专,四川省委党校,经济管理,1997.08,2000.06
熊启权,0000015801,本科,四川省委党校,法律,2000.08,2002.12
熊启权,0000015801,进修,四川省委党校,,2003.05,2003.07
熊启权,0000015801,研究生,西南师范大学,政治经济学,2002.01,2004.01
熊启权,0000015801,研究生,四川省工商管理学院,工商管理,2003.09,2005.07
熊世明,0000015802,中专,贵州省毕节地区师范学校,,1982.09,1985.09
熊世明,0000015802,本科,贵州师范大学,历史系,1988.09,1992.07
熊世明,0000015802,本科,西南政法大学,法律系,1992.07,1994.07
熊新文,0000015803,中专,咸宁地区农校,,,1981.07
熊新文,0000015803,进修,中南财经大学,工业经济系,1986.09,1988.07
熊新文,0000015803,培训,省委党校中青班,,2002.03,2002.12
熊新文,0000015803,研究生,武汉大学,中共党史,2001.09,2005.06
熊新文,0000015803,培训,省委党校县处级干部培训班,,2008.03,2008.05
熊旭明,0000015804,本科,省委党校党政管理专业,,,
熊运浪,0000015807,大专,南昌职业技术师范学院,应用化学系化学兼生物,1986.09,1989.07
熊运浪,0000015807,本科,中央党校,经济管理,1994.08,1996.12
熊运浪,0000015807,研究生,江西财经大学,国际贸易学,2002.09,2004.07
熊运浪,0000015807,研究生,江西省委党校,政治学理论,2003.09,2005.12
熊哲文,0000015808,中专,桃源师范学校,,1983.09,1986.07
熊哲文,0000015808,本科,湖南师范大学,美术系,1989.09,1993.07
徐兵,0000015816,,赣州农业学校,农学,1987.09,1989.07
徐兵,0000015816,大专,辽宁刊授党校,经济管理,1995.01,1996.12
徐兵,0000015816,本科,中央党校,本科班经济管理,1999.08,2001.12
徐德,0000015818,大专,江苏农学院,,1984.09,1987.06
徐德,0000015818,研究生,江苏省委党校,,,
徐迪克,0000015821,大专,广西河池师专,中文,1988.09,1991.07
徐迪克,0000015821,本科,中央党校,党政管理,1997.08,1999.12
徐迪克,0000015821,研究生,中国政法大学,民商法,2004.09,2006.07
徐东海,0000015822,大专,江西省宁都师范学校,,1986.09,1989.08
徐东海,0000015822,本科,江西省委党校,经济管理,1993.09,1995.07
徐东海,0000015822,研究生,江苏省委党校,科学社会主义,2001.09,2004.07
徐东海,0000015822,研究生,江苏省委党校,区域经济学,2005.09,2008.07
徐东海,0000015822,研究生,江西财经大学,公共管理,2013.04,2015.06
徐锋,0000015825,本科,南京大学,分子合成材料,1983.09,1987.07
徐锋,0000015825,研究生,江苏省委党校,政治经济学,2001.01,2002.12 
徐锋,0000015825,研修,江苏省高级管理人才第七期赴美经济研修班,,2003.09,2003.12
徐光勇,0000015833,学习,四川省委二党校,,1995.05,1995.06
徐光勇,0000015833,培训,德阳市委党校,,1997.09,1997.12
徐光勇,0000015833,大专,四川省委党校,行政管理,1994.09,1997.06
徐光勇,0000015833,本科,四川省委党校,行政管理,1997.09,1999.12
徐光勇,0000015833,研究生,四川省工商管理学院,工商管理,2003.09,2005.07
徐海宁,0000015838,本科,宁夏煤碳工业学校,采矿工程,1993.07,1997.07
徐海宁,0000015838,本科,清华大学,经济学,2000.09,2005.01
徐海宁,0000015838,研究生,宁夏党校,经济管理,2007.09,2010.07
徐海荣,0000015839,本科,四川工业学院,金材系铸,1981.00,1985.00
徐海荣,0000015839,培训,四川省委二党校青干班,,1986.09,1986.11
徐海荣,0000015839,培训,重庆市委党校第6期厅局长培训班,,2001.09,2001.12
徐海荣,0000015839,EMBA,长江商学院,,2003.08,2005.08
徐汉添,0000015841,大专,广州市委党校,政论班,1983.09,
徐华明,0000015842,本科,,,,
徐华明,0000015842,研究生,,,,
徐华勤,0000015843,研究生,省委党校,,,
徐会良,0000015846,研究生,,,,
徐惠民,0000015847,中专,江苏省洛社师范吴江分校,,1979.09,1981.06
徐惠民,0000015847,本科,江苏省省高等教育自学考试,党政干部基础,1986.00,
徐惠民,0000015847,本科,南京河海大学,行政管理,1997.09,2000.06
徐惠民,0000015847,研究生,中央党校,政治学理论,1990.09,2002.07
徐继祥,0000015848,研究生,省委党校,,,
徐健,0000015853,本科,同济大学,工业企业管理,1993.09,1998.09
徐江,0000015854,本科,西南财经大学,工业经济,1983.09,1987.07
徐江,0000015854,研究生,西南农业大学,农业经济管理,1997.09,1999.07
徐江,0000015854,博士,西南大学,经济管理,1999.09,2007.12
徐江,0000015854,培训,重庆市委党校中青班,,2009.03,2009.12
徐开萍,0000015859,大专,江西省吉安师专,数学系,1983.09,1986.07
徐开萍,0000015859,学习,中共江西省吉安地委组织部,,1999.05,2000.07
徐开萍,0000015859,培训,省委党校中青班,,2007.09,2007.11
徐克俭,0000015860,中专, 泰兴师范学校,,1982.09,1985.08
徐克俭,0000015860,大专,南京师范大学,汉语言文学,1983.09,1986.12
徐克俭,0000015860,本科,南京师范大学,中文系,1988.09,1991.12
徐克俭,0000015860,研究生,省委党校,国民经济,2004.09,2007.07
徐利刃,0000015866,学习,黑龙江大学,经济管理专业,,
徐利刃,0000015866,大专,牡丹江广播电视大学自,动化控制专业,1989.09,1992.05
徐利刃,0000015866,本科,黑龙江大学,经济管理专业,1999.09,2001.05
徐利刃,0000015866,研究生,东北师范大学,经济管理专业,2007.09,2010.01
徐炼英,0000015868,大专,内江师范专科学校,地理,1992.09,1995.07
徐炼英,0000015868,培训,四川省委二党校,,1996.10,1996.12
徐炼英,0000015868,学习,内江市委党校,,1999.10,1999.12
徐炼英,0000015868,本科,四川省委党校,法律,1996.09,1998.12
徐炼英,0000015868,研究生,四川省委党校,区域经济学,2002.09,2005.06
徐炼英,0000015868,培训,四川省委党校,,2010.09,2010.11
徐琳,0000015871,本科,四川大学,精密仪器,1992.09,1996.07
徐麟,0000015872,本科,上海师范学院,,1982.10,
徐麟,0000015872,本科,解放军南京政治学院,经济管理,2001.00,
徐麟,0000015872,研究生,中欧国际工商学院,工商管理,2006.00,
徐勤忠,0000015885,本科,江苏省无锡市轻工业学院,粮油工程,1989.09,1991.08
徐勤忠,0000015885,研究生,省委党校,,,
徐清学,0000015887,学习,陆军桂林步校,参谋系,1978.02,1979.06
徐清学,0000015887,学习,南京高级步校,指挥部,1980.00,1981.00
徐清学,0000015887,学习,石家庄高级陆军学院,,1983.00,1984.00
徐清学,0000015887,,海南大学,中文系,1984.08,1986.09
徐清学,0000015887,本科,海南大学,经济管理,1988.07,1991.07
徐仁标,0000015888,研究生,中央党校,,,
徐儒华,0000015890,中学,中山大学附属中学,,1933.00,
徐儒华,0000015890,本科,中山大学社会系,,1935.00,
徐儒华,0000015890,学习,民运干部训练班,,1937.00,
徐绍文,0000015891,本科,,,,
徐曙海,0000015894,博士,,,,
徐涛,0000015895,本科,上海财经大学,统计学,1986.07,1990.07
徐涛,0000015895,学习,市委党校,,2001.03,2001.07
徐铁骏,0000015897,博士,福建师范大学,经济学,,
徐伟南,0000015898,本科,中央党校,经济管理,,1998.12
徐文泊,0000015901,本科,江西大学,新闻学,1988.09,1992.08
徐文泊,0000015901,研究生,江西省委党校,党建,2000.09,2003.01
徐文泊,0000015901,研究生,南昌大学,公共管理,2004.10,2007.10
徐文泊,0000015901,培训,中国浦东干部学院,,2014.10,2014.10
徐文光,0000015902,大专,绍兴高专,秘书,1987.09,1990.07
徐文光,0000015902,研究生,,,,
徐晓明,0000015906,本科,安徽师范大学,汉语言文学,,
徐秀芝,0000015909,学习,石河子农学院,水利专业,1987.09,1991.07
徐秀芝,0000015909,本科,华中师范大学,思想政治教育专业,1994.08,1996.06
徐亚谦,0000015914,本科,,,,
徐耀纯,0000015919,大专, 省委党校,,1996.06,1999.06 
徐耀纯,0000015919,培训, 参加市委党校青干班,,1999.08,2000.01
徐耀纯,0000015919,本科,中大党校,法律,2000.08,2002.12
徐烨,0000015920,本科,,,,
徐宇平,0000015923,研究生,省委党校,,,
徐玉琼,0000015925,本科,湖北医学院,,1979.09,1984.07
徐毓贤,0000015926,学习,重庆煤炭学校,,1985.09,1986.08
徐毓贤,0000015926,进修,贵州工学院,工业企业管理,1986.08,1988.07
徐毓贤,0000015926,本科,贵州省委党校,经济管理,1996.09,1999.07
徐张艳,0000015931,本科,,,,
徐长元,0000015932,,大连管理干部学院,,,1984.09
徐芝文,0000015935,专科,康定民族师范专科学校,经济管理,1993.09,1996.07
徐芝文,0000015935,专科,康定民族师范专科学校,,1996.07,1999.11
徐芝文,0000015935,本科,四川省教育学院,,2000.07,2003.07
徐芝文,0000015935,研究生,省委党校,,2003.09,2006.06
徐志彪,0000015936,大专,重庆建筑工程学院,机电系自动化,1974.08,1977.10
徐志彪,0000015936,研究生,中山大学,世界经济,1995.09,1998.07
徐志彪,0000015936,培训,美国加州大学萨克拉门托分校,,1999.12,2000.12
徐志彪,0000015936,博士,华南理工大学,通讯与信息系统,2001.09,2004.07
徐志彪,0000015936,进修,加国防大学国防动员进修班,,2003.02,2003.04
徐志彪,0000015936,培训,中央党校地厅级干部进修班,,2004.09,2005.01
徐志彪,0000015936,学习,中组部第三期“信息化与现代管理专题研究班”赴英国、芬兰学习,,2006.11,
许爱莲,0000015946,学习,内蒙古自治区哲里木盟教育学院,中文,1990.09,1992.07
许春声,0000015951,中专,廊坊工校,,1978.10,
许春声,0000015951,大专,,,,
许德森,0000015954,大专,中山大学,中文系,1984.06,1986.12
许德森,0000015954,研究生,广东省社会科学院,经济管理,,
许刚,0000015956,本科,安徽师范大学,,1984.09,1988.07
许刚,0000015956,研究生,中国科学院,,1988.09,
许刚,0000015956,进修,德国汉诺威大学,,1998.01,1999.01
许刚,0000015956,博士,中国科学院,南京地理与湖泊研究所自然地理学,2001.09,2005.07
许国,0000015959,研究生, 湖南师范大学,历史学,1989.09,1992.08
许国,0000015959,研修,中国浦东干部学院“地市党政领导干部城市发展研究班,,2007.09,2007.10
许国,0000015959,研修,广东省第1期领导干部经济管理专题研究班,,2008.06,2008.07
许国斌,0000015961,本科,四川省委党校,经济管理,1996.09,1998.12
许国斌,0000015961,研究生,西南师范大学,公共事业管理,1998.08,2000.10
许国斌,0000015961,研究生,四川省委党校,经济学,2002.03,2004.07
许国斌,0000015961,研究生,四川师范大学,教育管理,2008.07,2010.12
许洪江,0000015962,本科, 武汉城市建设学院,城市规划,1982.09,1986.07 
许洪江,0000015962,研究生, 黑龙江大学,民商法学,2004.09,2007.06 
许家福,0000015964,本科,,,,
许建平,0000015965,,厦门水产学院,海水养殖,1984.09,1986.07
许建平,0000015965,本科,中央学校,党政管理,1997.07,1999.12
许健,0000015966,研究生,河北工业大学,工商管理,,
许军峰,0000015969,本科,河南信阳师范学院,思想政治教育,1995.09,1999.07
许军峰,0000015969,学习,南省第五期选调生班,,2008.09,2008.11
许军峰,0000015969,学习,同济大学,,2009.09,2009.10
许军峰,0000015969,培训,,,2015.09,2015.12
许木咏,0000015973,研究生,广东省委党,经济管理,1995.00,1998.00
许萍乡,0000015975,中专,江西省波阳师范,普师,1979.09,1981.07
许萍乡,0000015975,大专,江西师大,马列,1986.09,1989.06
许萍乡,0000015975,本科,中央党校,经管,1996.09,1998.12
许锐,0000015980,本科,兰州大学,自然地理,1987.09,1991.08
许锐,0000015980,研究生,江西财经大学,经济学,2006.12,2009.06
许胜高,0000015982,本科,洛阳工学院,铸造,1984.09,1988.08
许伟明,0000015986,大专, 佛山兽医专科学校,园艺,1989.09,1992.07 
许伟明,0000015986,本科,广东行政学院,,1996.09,1998.07
许小波,0000015991,本科,苏州大学,法律,1985.09,1989.07
许小波,0000015991,研究生,党校,,,
许永良,0000015995,大专,福建师范大学,档案,1988.09,
许永良,0000015995,本科,中央党校,经济管理,1998.08,2000.12
许志辉,0000015998,本科,江西省赣南师范学院,中文系,1989.10,1993.07
许志勋,0000015999,大专,四川省资阳师范学校,,1981.09,1984.08
薛东晓,0000016010,,郑州工学院,铸造,1980.09,1984.07
薛东晓,0000016010,研究生,南开大学,高级管理人员工商管理硕士,2008.11,2010.12
薛凤奎,0000016012,本科,沈阳农业大学,农业经济系,1984.07,1988.07
薛凤奎,0000016012,研究生,山西农业大学,农业推广,2005.05,2007.06
薛根生,0000016014,本科,山西农业大学,兽医,1978.09,1982.07
薛鸿雁,0000016018,,河北大学,汉语言文学,1964.09,1969.07
薛明耀,0000016027,研究生,,,,
薛楠,0000016028,本科,西安电子科技大学,光电子,1984.09,1988.07
薛楠,0000016028,研究生,,,,
薛强,0000016029,大专,江西冶金学院,,1995.09,1997.07
薛强,0000016029,本科,中央党校,政法,1998.08,2000.12
薛青松,0000016030,学习,省委党校党政干部函授班,经济管理专业,1995.09,1997.12
薛青松,0000016030,学习,中央党校函授学院,政法专业,1998.08,2000.12
薛青松,0000016030,研究生,省委党校研究生班,经济管理专业,2001.09,2004.07
薛盛堂,0000016033,研究生,党校,,,
薛维海,0000016034,本科,清华大学,光学仪器,1980.09,1985.08
薛维海,0000016034,研究生,哈尔滨工业大学,精密仪器,1985.08,1986.08
薛学深,0000016035,本科,四川农业大学,农学,1990.09,1994.07
薛志伟,0000016039,培训,省委党校青年干部培训班,,1985.02,1985.05
薛志伟,0000016039,本科,哈师大,经济管理,1988.07,1991.07
雪松,0000016044,本科,,,,
牙韩高,0000016045,学习,广西艺术学院音乐系,师范专业,1988.09,1992.07
牙韩高,0000016045,研究生,广西大学社会科学与管理学院,政治经济学专业,1998.09,2001.06
牙韩高,0000016045,培训,广西区委党校县（处）级领导干部培训班,,2006.11,2007.01
牙韩高,0000016045,本科,西南交通大学经济管理学院,管理科学与工程专业,2004.12,2008.11
牙韩高,0000016045,进修,广西区委党校金融工作研讨班,,2009.03,
牙韩高,0000016045,进修,中组部、财政部举办的财政改革与发展高级研讨班,,2009.05,
闫永春,0000016057,本科,内蒙古工业大学,机械制造,1991.09,1993.07
闫永春,0000016057,,北京工商大学,会计,2004.09,2006.09
严汉平,0000016060,本科,西北大学,经济学,1995.00,2003.09
严汉平,0000016060,研究生,西北大学,经济学,1991.00,2001.00
严汉平,0000016060,博士,西北大学,经济学,2001.00,2004.00
严华,0000016061,中专,威州师范学校,,1981.09,1983.07
严华,0000016061,学习,阿坝州委党校,,1997.05,1997.07
严华,0000016061,大专,省委党校,大专班经济管理,1996.09,1999.07
严华,0000016061,本科,省委党校,本科班行政管理,1999.09,2001.12
严华,0000016061,MBA,四川大学,,2002.01,2002.03
严金官,0000016062,研究生,省委党校,,,
严盛平,0000016068,本科,江西农业大学,,1984.09,1988.06
严盛平,0000016068,研究生,江西农业大学,,1998.09,2002.12
严水石,0000016070,,南昌陆军学校,机要,1982.09,1984.07
严水石,0000016070,学习,辽宁刊授学校,经济管理,1996.01,1997.12
严水石,0000016070,本科,中央党校,本科班经济管理,1999.08,2001.12
严小康,0000016072,大专,韶关师范专科学校,中文,1981.09,1984.07
严小康,0000016072,本科,中央党校,经济管理,1995.08,1997.12
岩拉,0000016078,,西双版纳州农校,畜牧兽医,1983.09,1987.08
岩拉,0000016078,大专,云南省委党校,农村经济管理,1997.09,2000.07
岩拉,0000016078,本科,云南大学,区域经济管理,2003.08,2005.12
阎安,0000016082,大专,甘肃省建工学院,,1984.10,1987.10
阎安,0000016082,研究生,兰州大学,企业管理,1997.09,1999.07
阎安,0000016082,研究生,省委党校,社会学,2005.09,2008.06
阎利军,0000016092,,大连工学院,海洋石油建筑工程,1979.09,1983.08
阎利军,0000016092,研究生,大连理工大学,工商管理,1994.09,1997.04
阎利军,0000016092,博士,大连理工大学,港口海岸及近海工程,2000.09,2006.07
阎晓辉,0000016097,本科,西北师范学院,历史,1981.09,1985.06
阎晓辉,0000016097,进修,中央党校,经济管理,1989.08,1992.06
阎晓辉,0000016097,培训,中央党校县委书记培训班,,2003.03,2003.06
阎晓辉,0000016097,研究生,甘肃省委党校,政治经济学,2002.09,2005.06
阎中洋,0000016102,本科,郑州大学,汉语言文学,,1985.07
颜长文,0000016111,本科,,,,
晏金星,0000016113,本科,安徽农学院,,1982.09,
燕振诚,0000016117,大专,北镇农校,林果,1982.08,1985.07
燕振诚,0000016117,本科,山东师范大学,汉语言文学,1988.10,1993.06
燕振诚,0000016117,进修,省农干院,乡镇企业管理,1989.09,1992.07
燕振诚,0000016117,进修,中共山东省委党校,经济管理,1995.09,1997.12
燕振诚,0000016117,研究生,山东农业大学,农业经济,1999.09,2002.06
央中卓嘎,0000016118,本科,西藏大学,经济管理,1990.09 ,
央中卓嘎,0000016118,培训,中央党校一年制西藏民族培训班,,2008.03,2009.01
秧励,0000016119,学习,湖南农学院,兽医,1983.09,1984.08
秧励,0000016119,学习,中南工业大学,政教,1984.09,1987.06
秧励,0000016119,研究生, 中央党校,经济管理,1997.09,2000.07
羊维达,0000016120,研究生,党校,,,
阳晓华,0000016123,研究生,,,,
杨安虎,0000016128,本科,,,,
杨白冰,0000016131,学习,陕北公学,,,
杨白冰,0000016131,本科,中国人民抗日军政大学,,,
杨白冰,0000016131,学习,中国人民解放军政治学院,,,
杨白冰,0000016131,学习,延安中央党校,,1943.11,
杨白冰,0000016131,学习,中国人民解放军政治学院哲学班,,1958.00,1959.00
杨炳拓,0000016136,大专,陕西农林学校,,1978.09,1981.08
杨炳拓,0000016136,进修,陕西电大,党政管理,1984.09,1986.08
杨炳拓,0000016136,本科,中央党校,法律,1999.08,2001.12
杨博理,0000016138,中专,武冈师范学校,,1985.09,1988.07
杨博理,0000016138,大专,湘潭大学,法律,1989.04,1991.06
杨博理,0000016138,本科,湘潭大学,法律,1996.04,2000.06
杨曹明,0000016140,大专, 南京师范学院,历史系,1983.09,1985.08
杨曹明,0000016140,本科,江苏省委党校,外经,1988.09,1991.07
杨曹明,0000016140,研究生,江苏省委党校,政治经济学,2001.09,2004.07
杨昌彪,0000016141,学习,贵州社会主义学院,,1985.09,1987.07
杨成林,0000016146,大专,甘肃省兰州农校,果树蔬菜,1983.09,1986.07
杨成林,0000016146,大专,甘肃农业大学,农学,1990.09,1992.10
杨成林,0000016146,本科,中央党校,党政管理,1995.08,1997.12
杨成林,0000016146,进修,西北师范大学,人文地理学区域管理与政策方向,2000.07,2002.07
杨成林,0000016146,本科,兰州大学,管理,2010.01,2011.12
杨德振,0000016165,本科, 贵州民族学院,汉语言文学,1985.09,1989.09
杨东平,0000016170,,陕西省延安农业学校,,1981.09,
杨东平,0000016170,本科,中央党校,经济管理,1993.08,1995.12
杨东平,0000016170,研究生,陕西省委党校,思想政治,2000.07,2003.07
杨东坡,0000016171,中专,安徽省轻工业学校,轻工机械,1978.09,1981.07
杨东坡,0000016171,大专, 合肥工业大学,管理工程系,1987.09,1989.07
杨东坡,0000016171,本科,中央党校,经济,1993.08,1995.12
杨东坡,0000016171,培训,滁州市委党校第7期科局级干部轮训班,,1997.03,1997.04
杨东坡,0000016171,培训,上海财经大学“滁州市第3期中青年干部经济管理班,,2000.10,2001.01
杨东坡,0000016171,研究生,中央党校,经济管理,2001.09,2004.07
杨二喜,0000016174,本科,,,,
杨福林,0000016177,进修,甘肃师范大学,,1980.09,1981.09
杨福林,0000016177,大专,北京人文函授大学,,1985.05,1987.12
杨光林,0000016181,中专,石家庄第一铁道兵学校,铁路工程,1960.07,
杨广亭,0000016185,培训,西安市委党校第12期中青干部培训班,,1996.03,1996.07
杨广亭,0000016185,MBA,西北大学,,1998.09,2001.07
杨广亭,0000016185,研究生,西北工业大学,马克思主义理论与思想政治教育,2001.09,2004.04
杨海龙,0000016191,学习,青海省教育学院,中文专业,1987.08,1989.07
杨海龙,0000016191,本科,中央广播电视大学,汉语言专业,2006.03,2008.01
杨海龙,0000016191,学习,青海省委党校中青班,,2008.09,2008.12
杨红兵,0000016196,本科,湖北省武汉大学,涉外会计,1989.09,
杨红旗,0000016197,本科,山西大学,政治经济,,
杨宏兰,0000016198,本科,延安大学中文系,汉语言文学专业,1985.09,1989.07
杨宏寿,0000016199,研究生,电子科技大学,高级管理人员工商管理,2005.09,2013.06
杨洪峰,0000016200,本科,武汉水利电力大学,动力工程,1989.09,1993.06
杨洪旭,0000016201,研究生,中共中央党校,,,
杨华林,0000016203,本科,中南财经政法大学,治安管理专业,,2000.06
杨华祥,0000016204,,广东国际金融学校,国际金融,1995.09,1998.07
杨华祥,0000016204,大专,贵州省高等教育自学考试,会计,1996.10,1998.12
杨华祥,0000016204,本科,贵州省高等教育自学考试,会计,1999.01,2002.06
杨华祥,0000016204,学习,中南民族大学,,2010.07,2010.08
杨怀智,0000016206,学习,榆林师范,,1980.09,1982.07
杨怀智,0000016206,大专,陕西广 播电视大学,,1984.07,1986.07
杨怀智,0000016206,本科,中央党校函授学院,经济管理,1993.08,1995.12
杨怀智,0000016206,研究生,陕西省委党校,马克思主义理论与思想政治教育,2001.09,2004.07
杨记明,0000016209,中专,汉中师范学校,,1983.09,1986.07
杨记明,0000016209,大专,中央党校,党政管理,1990.08,1993.06
杨记明,0000016209,本科,中央党校,经济管理,1995.09,1997.12
杨记明,0000016209,研究生,陕西省委党校,思想政治教育,2000.09,2003.07
杨建城,0000016215,本科,中山大学,经济学系,1978.03,
杨建城,0000016215,研究生,中央党校,经济管理,1997.09,2000.07
杨建城,0000016215,培训,广东省委党校中青年干部班,,1998.08,1998.12
杨建城,0000016215,进修,中央党校进修部进修三班,,2004.09,2005.01
杨剑波,0000016222,本科,东北农学院农业工程系,,1983.07,1987.07
杨杰东,0000016224,本科,中南政法学院,法学,1992.09,
杨杰东,0000016224,研究生,华南理工大学,法律,2008.03,2010.12
杨杰东,0000016224,培训,广东省委党校中青年领导干部培训二班,,2011.03,2011.07
杨洁,0000016225,,,河北省高等教育自学考试中文,1986.04,1989.12
杨洁,0000016225,研究生,河北省委党校,在职研究生班经济管理,2000.09,2003.07
杨洁,0000016225,,,河北省高等教育自学考试汉语言文学,2001.06,2003.06
杨劲松,0000016230,,江西建筑工程学校,工业与民用建筑,1988.09,1990.07
杨劲松,0000016230,大专,中央党校,思想政治,1992.08,1995.06
杨劲松,0000016230,本科,中央党校,经济管理,1995.08,1997.12
杨劲松,0000016230,培训,市委党校,,1999.04,1999.06
杨劲松,0000016230,培训,省委党校,,2007.03,2007.06
杨俊民,0000016239,研究生,省委党校,,,
杨珺,0000016240,本科,,,,
杨克忠,0000016245,大专,西北农业大学,农业经济管理,1985.09,1987.07
杨克忠,0000016245,培训,省委党校十二期中青年干部培训班,,1996.09,1997.01
杨克忠,0000016245,培训,省委组织部县级领导干部农业经济培训班,,1998.05,1998.07
杨克忠,0000016245,本科,中央党校,,1995.09,1997.12
杨克忠,0000016245,研究生,中央党校,经济管理,1998.09,2001.07
杨克忠,0000016245,培训,中央党校县委书记班,,2004.03,2004.07
杨昆,0000016246,大专,北京电子科技学院,,1991.07,1994.07 
杨昆,0000016246,本科,湘潭大学,文秘,1997.09,1999.06
杨昆,0000016246,培训,省委党校第31期中青班,,2006.09,2007.03
杨昆,0000016246,研究生,湖南省委党校,工商管理,2006.09,2009.07
杨朗樵,0000016248,,灵宝县简易乡村师范学校,,1937.08,
杨礼文,0000016250,本科,西南政法学院,法律,1981.09,1985.07 
杨立中,0000016254,本科, 福州大学,工业管理工程,1985.09,1989.08
杨立中,0000016254,进修,南开大学国际经济研究所世界经济研究生进修班,,1999.08,2001.06
杨利民,0000016256,研究生,中央民族大学,,,
杨良锋,0000016258,研究生,湖北省委党校,,,
杨陵俐,0000016260,本科,,,,
杨柳荫,0000016261,本科,北京外国语学院,英语,,
杨龙金,0000016262,中专,湖南省人民警察学校,公安,1981.09,1983.07
杨龙金,0000016262,大专,湘潭大学,法律,1987.01,1989.12
杨龙金,0000016262,本科, 中央党校,政法,1996.08,1998.12
杨龙金,0000016262,研究生,省委党校,法学,2005.09,2007.06
杨龙政,0000016263,学习,贵州省六盘水市农校,牧医,1978.03,1980.08
杨龙政,0000016263,进修,贵州省农干院,农业管理,1984.09,1986.07
杨龙政,0000016263,本科,贵州省委党校,法律,1999.09,2001.07
杨龙政,0000016263,培训,延安干部学院第一期县委书记培训班,,2008.05,2008.06
杨美乐,0000016265,研究生,省委党校,,,
杨敏,0000016266,本科,中国纺织大学,棉纺织,1984.09,1988.07
杨敏,0000016266,研究生,北京大学,人文地理学,1998.09,2002.07
杨乃文,0000016269,研究生,辽宁财经学院,基建财务与信用,1981.07,
杨培钦,0000016270,本科,,,,
杨培苏,0000016271,本科,河北农业大学,植物保护,1989.09,1993.09
杨培苏,0000016271,研究生,中国农业大学,农药学,1993.09,1996.01
杨琦明,0000016275,本科,中央党校,法律,2000.08,2002.12
杨清江,0000016278,本科,锦西海军飞行学院,,1961.08,
杨全胜,0000016282,大专,黑龙江水利专科学校,工程地质与水文地质,1985.09,1988.07
杨全意,0000016283,中专,黄冈地区农业学校,,1983.09,1987.07
杨全意,0000016283,学习,武汉大学,经济学,1996.09,1998.07
杨全意,0000016283,培训,省委党校中青班,,2008.03,2008.09
杨全意,0000016283,研究生,省委党校,经济管理,2006.09,2009.07
杨伸,0000016295,本科,辽宁师范大学,化学,,
杨士法,0000016300,本科,北平大学农学院农学系,,1936.09,
杨士法,0000016300,学习,中共山东分局高级党校,,1940.12,1941.09
杨士法,0000016300,学习,中央高级党校,,1956.09,1957.05
杨树岷,0000016305,本科,中央党校,政治,1991.08,1994.01 
杨树岷,0000016305,学习,南京大学,行政管理,1999.09,2001.07
杨树岷,0000016305,学习,美国威斯康星国际大学乌克兰分校,工商管理,2000.09,2002.11
杨思情,0000016307,本科,中央党校,,,
杨思远,0000016308,大专,苏州铁道师范学院中文系干部专修大专班,,1985.00,
杨淞,0000016309,研究生,,,,
杨天生,0000016312,学习,常德农校,农学,1983.09,1986.07
杨天生,0000016312,大专,湖南财院统计专业大专自考学习,统计,1987.04,1988.12
杨天生,0000016312,本科,中央党校,经管,2000.08,2002.12
杨万勤,0000016318,学习,靖远县第一中学,农学,1980.09,1984.07
杨万勤,0000016318,本科,甘肃农业大学,,,
杨万勤,0000016318,学习,甘肃省委党校,,,
杨万勤,0000016318,研究生,兰州大学,,,
杨维,0000016320,本科,武汉水利电力学院,,1986.09,1990.08 
杨维,0000016320,学习,湖南省委党校,,2009.11,2010.01
杨文,0000016325,本科,中国农业大学,植物保护,1995.09,1999.07
杨文,0000016325,研究生,西北农林科技大学,植物学,,2004.01
杨文,0000016325,研究生,西北农林科技大学,,,2008.12
杨文,0000016325,博士,西北农林科技大学,管理学,,2008.12
杨文,0000016325,学习,中央党校,,2012.03,2013.01
杨文斌,0000016326,学习,江西中医学院,药学专业,,1986.09 
杨文平,0000016329,本科,广东民族学院,中文专业,1980.09,1984.07
杨文生,0000016330,学习,河南大学,,1985.00,1987.00
杨文生,0000016330,学习,河南省委党校,,1995.00,1996.00
杨文生,0000016330,本科,河南省委党校,经济管理,1993.00,1995.00
杨文生,0000016330,研究生,河南省委党校,政治学,,
杨文章,0000016331,本科,中央党校,行政管理,1998.08,2000.12
杨武民,0000016332,学习,大荔师范学校,,1985.09,1988.07
杨武民,0000016332,学习,陕西省教育学院,中文系,1991.07,1993.07
杨武民,0000016332,研究生,西北五省区党校,社会主义经济,1993.07,1995.07
杨向宏,0000016336,本科,省委党校,,,
杨向喜,0000016337,本科,陕西师范大学,历史学,1988.09,1992.07
杨向喜,0000016337,研究生,陕西省委党校,政治学,1999.09,2002.07
杨向喜,0000016337,学习,西北工业大学,公共管理,2010.03,2013.03
杨晓涛,0000016342,本科,西南政法大学,刑事司法,1993.09,1997.07
杨晓涛,0000016342,学习,四川省工商管理学院,,2003.09,2005.07
杨晓涛,0000016342,研究生,四川省委党校,经济管理,2003.09,2006.07
杨晓勇,0000016343,学习,成都体育学院教育系,,1991.09,1995.07
杨晓勇,0000016343,研究生,四川省委党校,行政管理专业,2002.09,2004.06
杨新坚,0000016347,研究生,中央党校,,,
杨兴光,0000016348,学习,贵州省六盘水市委党校,经济管理,1983.09,1985.08
杨兴光,0000016348,本科,贵州省委党校,经济管理,1995.09,1998.07
杨兴品,0000016351,中专,雅安师范学校,中文专业,1981.09,1983.07
杨兴品,0000016351,大专,雅安教育学院,汉语言文学,1985.09,1988.06
杨兴品,0000016351,本科,四川省委党校,经济管理,1995.09,1997.12
杨学国,0000016357,研究生,安徽省委党校,经济管理,,
杨雪峰,0000016359,学习,扬州大学,商业经济,1988.09,1992.07 
杨亚洲,0000016363,本科,大连工学院,海洋工程,1980.09,1984.07
杨亚洲,0000016363,,大连理工大学,,1989.09,1996.04
杨亚洲,0000016363,培训,大连外国语学院,,1993.01,1993.05
杨亚洲,0000016363,研究生,大连理工大学,岩土工程,1997.09,2001.06
杨亚洲,0000016363,研究生,大连理工大学,工商管理,1999.11,2002.01
杨亚洲,0000016363,访问学者,英国爱丁堡大学,,2002.06,2002.12
杨彦芳,0000016364,,中央民族学院,法律,1988.09,1990.06
杨彦芳,0000016364,本科,中央党校,,,
杨义,0000016369,本科,武汉建筑材料工业学院,胶凝材料及制品,1981.09,1985.07
杨义,0000016369,研究生,中国人民大学,投资经济,1993.09,1996.06
杨义,0000016369,学习,广西区委党校,,2010.09,2011.01
杨易,0000016371,学习,湖南农学院常德分院,农学,1980.09,1983.07
杨易,0000016371,本科,湖南省委党校,党务,1986.11,1988.07
杨懿文,0000016372,大专,长沙大学,新闻专业,1984.09,1987.08
杨懿文,0000016372,本科,湖南师范大学,新闻专业,1994.07,1997.07
杨懿文,0000016372,研究生,武汉大学,经济管理,,2007.06
杨永,0000016374,大专,肇庆市农校,农学,1978.10,1981.08
杨永飞,0000016376,本科,赣南师范学院,汉语言文学,1988.09,1992.07
杨永华,0000016377,学习,中央财经大学,财政,1995.09,1997.07
杨永华,0000016377,函授,中央党校,经济管理,1998.09,2001.07
杨永华,0000016377,研究生,中央党校,经济管理,2002.09,2005.12
杨有智,0000016384,本科,青海师范大学,,1987.09,1991.07
杨有智,0000016384,学习,中国人民大学,企业管理,2000.11,2002.07
杨有智,0000016384,研究生,青海省委党校,社会学,2004.09,2007.01
杨玉平,0000016386,专科,江西省宜春师专,物理,1981.09,1984.08
杨玉平,0000016386,函授,中央学校,经济管理,1994.09,1996.12
杨玉平,0000016386,研究生,中国社会科学院,行政管理,2001.09,2003.07
杨玉平,0000016386,学习,江西省委党校,,2003.09,2004.01
杨原田,0000016392,本科,武汉食品工业学院,,1992.09,1996.07 
杨原田,0000016392,进修,山东大学,政治经济学,1999.08,2001.10
杨志,0000016413,研究生,江西省委党校,,,
杨志华,0000016414,研究生,,,,
杨志慧,0000016415,大专,吉首大学,经济管理,1994.09,1997.07
杨志慧,0000016415,本科,中央党校,函授本科党政管理,1998.08,2000.12
杨志慧,0000016415,研究生,湖南省委党校,经济管理,2006.09,2009.07
杨志先,0000016416,学习,榆林师范学校,普教,1980.09,1982.07
杨志先,0000016416,大专,陕西省工业管理干部学院,企业管理,1988.09,1990.07
杨志先,0000016416,本科,中央党校,经济管理,1999.08,2001.12
杨筑萍,0000016422,本科,贵州农学院,农学,1978.04,1982.02
杨筑萍,0000016422,培训,西南农业大学,,1987.03,1987.06
杨筑萍,0000016422,学习,贵州省委党校,,1989.11,1990.05
杨筑萍,0000016422,研究生,中国社会科学院,国民经济学,2000.12,2002.12
杨筑萍,0000016422,学习,贵州省委党校,,2006.09,2006.11
杨自明,0000016424,本科,太原工学院,内燃机设计与制造,1979.09,1983.08
杨自明,0000016424,学习,山西大学,企业管理,1999.04,2001.12
杨祖斌,0000016426,本科,四川农业大学,经济林专业,1993.09,1997.07
杨祖斌,0000016426,学习,四川行政学院,,1998.09,1998.11
杨祖斌,0000016426,研究生,四川农业大学,农业推广,2004.09,2008.07
杨祖斌,0000016426,学习,四川省委党校,,2009.09,2009.11
姚斌,0000016434,本科,重庆大学,锻压专业,1981.08,1986.07
姚斌,0000016434,学习,重庆大学党校,,1988.09,1988.11
姚斌,0000016434,研究生,重庆大学,工商管理,1998.03,2000.12
姚海同,0000016439,研究生,中欧国际工商学院,工商管理,,
姚虎,0000016442,本科,省委党校,党政,1992.09,1994.09
姚林荣,0000016447,学习,无锡机械制造学校,热处理专业,1980.00,1982.00
姚林荣,0000016447,学习,苏州大学,经贸管理,1993.00,1995.00
姚林荣,0000016447,大专,江苏省高等教育自学考试经济管理专业,经济管理,,1995.00
姚林荣,0000016447,本科,中央党校,对外经济管理,1996.00,1998.00
姚龙其,0000016448,本科,兰州大学,历史系,,
姚龙其,0000016448,学习,河南省委党校,,2002.09,2003.01
姚龙其,0000016448,学习,河南省委党校,,2006.02,2006.05
姚森隆,0000016451,研究生,中山大学,行政管理,,
姚喜心,0000016453,本科,广西南宁民族师范学校,师范,1982.09,1986.07
姚喜心,0000016453,大专,广西团校,少年工作,1991.08,1993.06
姚喜心,0000016453,本科,中央党校,行政管理,1997.09,1999.12
姚喜心,0000016453,研究生,广西师范大学,技术经济与管理,2000.09,2002.09
姚喜心,0000016453,研究生,华中师范大学,经济法学,2001.11,2004.12
姚勇,0000016458,本科,党校,,,
姚振华,0000016465,本科,山西师范大学,中文系,1980.09,1984.07
姚志,0000016466,专科,滁州师范专科学院,英语,1983.09,1985.07
姚志,0000016466,学习,上海财经大学,财政,1990.09,1992.07 
姚志,0000016466,培训,滁州市委党校,,2001.03,2001.06
姚志,0000016466,进修,滁州市委党校,,2005.09,2005.10 
姚自敏,0000016470,函授,中国人民大学,土地管理,1989.05,1991.05
姚自敏,0000016470,函授,中央党校,经济管理,1994.08,1996.12
姚自敏,0000016470,研究生,河北省委党校,经济管理,1999.09,2001.12
叶常浓,0000016473,本科,中央党校,经济管理,1996.08,1998.12
叶尔江·卡孜木,0000016478,本科,新疆八一农学院,农学,1985.09,1990.07
叶尔江·卡孜木,0000016478,培训,新疆农业大学,经济管理,2003.03,2004.01
叶建强,0000016486,本科,中南政法学院,法律专业,1990.09,1994.07
叶剑鸣,0000016487,学习,宁波师范学院,,1983.09,1986.07
叶剑鸣,0000016487,学习,中央党校函授学院,政治专业,1992.08,1995.06
叶剑鸣,0000016487,学习,中央党校函授学院,党政管理专业,1995.08,1997.12
叶珺,0000016489,本科,中央党校,经济管理专业,1998.00,2001.00
叶珺,0000016489,研究生,陕西省委党校,经济管理专业,2005.08,
叶霖,0000016490,,贵州大学,行政管理,1994.09,1996.07
叶霖,0000016490,,贵州省委党校,经济管理,1997.09,2000.07
叶霖,0000016490,研究生,贵州省委党校,经济学,2009.09,2012.06
叶美峰,0000016491,研究生,浙江省委党校,,,
叶山,0000016496,,广西钦州地区农机学校,农机修理,1978.09,1980.11
叶山,0000016496,本科,武汉大学,行政管理,1993.09,1996.06
叶山,0000016496,研究生,广西自治区党委党校,党政管理,2003.03,2005.06
叶盛,0000016499,学习,四川省南充农业学校,土化专业,1986.09,1990.07
叶盛,0000016499,本科,四川省委党校,经管,1997.09,1999.12
叶盛,0000016499,研究生,四川省委党校,经济学,2005.09,2008.07
叶维园,0000016504,学习,嘉应师专,中文专业,1981.09,1984.07 
叶维园,0000016504,学习,广东省委党校,经济管理,1994.08,1996.12 
叶维园,0000016504,研究生,广东省委党校,经济管理,1997.09,2000.09 
叶维园,0000016504,学习,广东省高级公务员培训班赴英国牛津大学学习,,2003.05,2003.07 
叶稳太,0000016506,研究生,北京科技大学,,,
叶月坚,0000016511,学习,华南师范学院,中文系,1964.09,
伊才波,0000016516,,依兰师范学校,普师,1986.08,1988.09
伊才波,0000016516,本科,中央党校,经济管理,1992.08,1994.12
依当措,0000016524,自考,四川师范大学,社会工作与管理,2010.09,2012.06
义战鹰,0000016526,研究生,甘肃省委党校,,,
易素之,0000016529,中学,南通中学,,,1941.07
殷梅英,0000016535,本科,山东医科大学,药学专业,1988.09,1992.08
殷梅英,0000016535,研究生,上海交通大学,工商管理,1999.02,2001.09
殷梅英,0000016535,博士,东北大学,管理科学与工程,2001.09,2004.09
殷强,0000016536,研究生,江苏省委党校,,,
尹宝林,0000016542,研究生,黑龙江省委党校,经济管理,2002.03,2005.01
尹承云,0000016545,,五常师范学校,普教,1985.07,1986.07
尹光明,0000016548,学习,宜宾农业学校,,1981.09,1984.08 
尹光明,0000016548,大专,四川师范大学,汉语言文学,1989.06,
尹光明,0000016548,本科,西南农业大学,农学专业,1993.06,
尹光明,0000016548,本科,中央党校,政法,1996.09,1998.12
尹光明,0000016548,研究生,四川工商管理学院,工商管理,2003.09,2005.07
尹广泰,0000016549,本科,河北师范大学,中文,1984.07,1991.06
尹恒斌,0000016551,本科,南京大学,哲学,1989.09,1993.09
尹恒斌,0000016551,培训,盐城市委党校,,1998.10,1999.01
尹恒斌,0000016551,研究生,江苏省委党校,社会学,2005.09,2008.07
尹弘,0000016552,学习,上海工业大学,金相专业,1981.09,1985.07
尹弘,0000016552,本科,上海交通大学,社会科学及工程系,1986.09,1988.07
尹弘,0000016552,访问学者,美国宾夕法尼亚大学,,1993.09,1994.09 
尹弘,0000016552,访问学者,南伊利诺伊大学,,1993.09,1994.09 
尹弘,0000016552,学习,上海大学,,1994.09,1994.10
尹江涛,0000016556,本科,西南工学院,地质工程,1995.09,1999.07
尹江涛,0000016556,研究生,西南科技大学,矿产普查与勘探,2009.09,2005.07
尹江涛,0000016556,博士,成都理工大学,地球探测与信息技术,2006.09,2009.06
尹黎明,0000016559,专科,高等教育自学考试,汉语言文学,1988.04,1991.04
尹黎明,0000016559,培训,,,1999.05,1999.08
尹黎明,0000016559,本科,四川省委二党校,经济管理,1995.08,1997.12
尹黎明,0000016559,进修,四川省委党校,,2010.05,2010.06
尹黎明,0000016559,研究生,中央党校,经济学,2010.09,2013.07
尹维真,0000016563,大专,武汉大学,历史专业,1984.09,1987.06
尹维真,0000016563,研究生,中南财经大学,马克思主义哲学,1989.10,1991.06
尹维真,0000016563,本科,海军工程学院,管理工程,1992.09,1995.06
尹维真,0000016563,学习,中央党校,,1999.09,2000.01
尹维真,0000016563,博士,华中师范大学,科学社会主义与国际共产主义运动,1999.09,2002.06
尹卫东,0000016564,本科,苏州大学,,1985.09,1989.06
尹卫东,0000016564,研究生,苏州大学,管理哲学,1989.09,1992.07
尹卫东,0000016564,博士,苏州大学,管理哲学,1999.09,2002.07
尹卫东,0000016564,博士后,复旦大学,经济,,
尹卫江,0000016565,,,,1985.07,1989.07
雍桂英,0000016575,本科,青海民族学院,汉语言文学,1979.09,1983.07 
雍桂英,0000016575,学习,甘肃行政学院,,2005.09,2005.11
尤兰田,0000016579,研究生,中央党校,,,
尤力瓦斯·巴吐尔,0000016580,,新疆伊犁农业学校,农业,1981.09,
尤力瓦斯·巴吐尔,0000016580,本科,新疆自治区党委党校,经济管理,2000.09,2002.12
尤力瓦斯·巴吐尔,0000016580,培训,新疆科技干部培训中心,,2006.06,2006.07
尤力瓦斯·巴吐尔,0000016580,学习,新疆自治区党委党校,,2010.03,2010.07
尤天拴,0000016582,本科,中央大学,,,
尤占军,0000016584,本科,南京农业大学,土地经济与管理专业,,1998.09
尤镇城,0000016585,本科,湖南大学,财政学,2001.09,2004.11
油晓峰,0000016587,本科,山西财经大学,,,
油晓峰,0000016587,研究生,山西财经大学,,,
油晓峰,0000016587,博士,上海交通大学,,,
游广斌,0000016590,研究生,中国人民大学,管理学,,
游宁丰,0000016591,本科,南京林学院,木材制浆,1962.00,1966.00
游宁丰,0000016591,进修,中央党校,,1993.02,"1993,07"
游宁丰,0000016591,学习,国家行政学院,,1998.03,1998.03
游宁丰,0000016591,学习,国防大学,,1998.08,1998.10
于翠利,0000016602,学习,浑江师范学校,普通师范,1982.08,1986.09
于翠利,0000016602,学习,浑江师范学校,汉语言文学,1988.09,1990.07
于翠利,0000016602,研究生,吉林大学,行政管理,2001.06,2004.06
于军,0000016620,学习,贵州省六盘水市盘县特区第四中学,,1982.09,1983.09
于军,0000016620,本科,北京航空学院,飞行器制造工程,1983.09,1987.07
于军,0000016620,研究生,北京航空航天大学,管理工程,1994.09,1997.03
于军,0000016620,博士,北京航空航天大学,管理科学与工程,1999.09,2006.07
于立辉,0000016625,本科,中央党校,法律,,
于沐琳,0000016627,研究生,哈尔滨工业大学,工商管理,,
于庆伟,0000016631,本科,大连轻工业学院,制浆造纸,1980.08,1984.08
于仁礼,0000016633,本科,辽宁大学,工业经济,1989.08,1993.07
于仁礼,0000016633,培训,辽宁省委党校,,1993.07,1993.08
于仁礼,0000016633,学习,铁岭市委党校,,1994.09,1994.12
于仁礼,0000016633,培训,,,1995.04,1995.05
于仁礼,0000016633,研究生,东北大学,公共管理,2001.07,2004.12
于伟东,0000016638,本科,内蒙古林学院,森林保护,1985.09,1989.07
于伟东,0000016638,研究生,中央党校,经济管理,2004.09,2007.07
于新凡,0000016643,研究生,湖南省委党校,经济管理,,
余成林,0000016660,本科,安徽大学,法律,1986.09,1990.07 
余德辉,0000016663,研究生,中央党校,,,
余红星,0000016670,,荆州地区技校,,1978.06,1980.07
余红星,0000016670,研究生,省委党校,中共党史,1997.09,2000.07
余继志,0000016673,大专,新疆生产建设兵团党委党校函授学院,经管专业,,
余继志,0000016673,学习,新疆生产建设兵团农七师125团“五七”农校,,1977.01,1979.12
余珂,0000016679,本科,华中农业大学,土壤与农业化学,1994.09,1998.07
余珂,0000016679,学习,湖北省委党校,,2003.09,2003.11
余珂,0000016679,研究生,湖北省委党校,法学,2006.09,2009.07
余泠,0000016681,本科,贵州工学院,电厂及电力系统,1979.09,1983.08
余泠,0000016681,学习,贵州省委党校,,1999.09,1999.11
余泠,0000016681,研究生,中央党校,法学理论,2004.09,2006.07
余其豹,0000016683,本科,汕头大学,经济,1984.09,1988.07
余其豹,0000016683,研究生,广东省委党校,,,
余庆创,0000016684,本科,华南师范大学,汉语言文学,1990.09,1994.07
余庆创,0000016684,研究生,兰州大学,行政管理,2008.09,2011.06
余胜能,0000016687,本科,华中师范大学,政治教育,1984.09,1988.07
余胜能,0000016687,本科,西藏自治区党委党校,本科班法律,1997.08,1999.12
余胜能,0000016687,培训,中央党校,,2012.03,2012.07
余胜祥,0000016688,大专,云南省广播电视大学,,1985.07,1987.07
余胜祥,0000016688,本科,中央党校,,1993.07,1996.07
余胜祥,0000016688,研究生,云南省委党校,,2003.09,2006.07
余世平,0000016689,学习,华中工学院汉口分院,机械系,1981.09,1984.07
余世平,0000016689,研究生,湖北省委党校,,,
余新国,0000016694,本科,武汉科技大学,数理,1978.00,1982.00
余新国,0000016694,研究生,华中科技大学,计算机,1984.00,1987.00
余新国,0000016694,研究生,新加坡南洋理工大学,应用科学,1994.00,1996.00
余新国,0000016694,博士,新加坡国立大学,计算机,1999.00,2004.00
余兴国,0000016696,本科,中南财经大学,市场营销,1990.09,1994.07
余学明,0000016697,学习,江西教育学院,汉语言文学,1989.09,1991.07 
余勋伟,0000016699,研究生,,,,
余业伟,0000016700,本科,武汉水利电力大学,计算机应用,1996.09,2000.07
余业伟,0000016700,研究生,江西省委党校,党建,2002.09,2004.12
余玉龙,0000016703,中专,红河州农业学校,农学,1992.09,1996.07
余玉龙,0000016703,本科,云南省委党校,经济管理,2000.09,2002.12
余玉龙,0000016703,研究生,云南省委党校,经济管理,2006.09,2009.07
余长明,0000016705,学习,绵阳农业专科学校,果树专业,1981.09,1984.07
余长明,0000016705,研究生,西南农业大学,农业经济管理,1997.07,1999.06
余长明,0000016705,博士,西南农业大学,土壤学,2000.09,2004.06
余志柏,0000016706,本科,,,,
俞东来,0000016711,专修,浙江省电大,党政干部专修科,1985.09,1988.07
俞东来,0000016711,研修,浙江大学,行政管理,1998.03,1999.07
俞东来,0000016711,本科,中央党校,经济管理,1999.08,2001.12
俞东来,0000016711,学习,浙江省委党校,,2002.03,2002.07
俞敬东,0000016717,学习,甘肃广播电视大学,汉语言文学,1982.09,1985.12 
俞敬东,0000016717,学习,中央党校,经济管理,1996.09,1998.12 
俞敬东,0000016717,研究生,中国社会科学院,经济系技术经济与管理,1997.07,2001.06 
俞敬东,0000016717,学习,兰州大学,工商管理,2000.09,2002.07 
俞太尉,0000016719,学习,中国农业大学,兽医专业,,1986.07
俞太尉,0000016719,研究生,中国兽药监察所,,,1988.09
俞太尉,0000016719,研究生,新加坡国立大学和美国哈佛大学,,2002.00,2003.12
俞太尉,0000016719,博士,中国农业大学,,,2006.00
俞杏楠,0000016721,学习,江苏师范学院苏州地区,中文系,1979.00,
俞杏楠,0000016721,本科,中央党校,经济管理,1998.09,2000.12
俞杏楠,0000016721,学习,江苏省第二十五期县处级中青年干部培训班,,2005.09,2005.12
玉荣,0000016729,大专,云南省委党校,行政管理,1996.09,1998.07
玉荣,0000016729,本科,云南省委党校,行政管理,1998.09,2000.12
玉荣,0000016729,研究生,云南省委党校,经济管理,2008.09,2011.07
郁杉,0000016733,研究生,,,,
喻文,0000016735,学习,湖南岳阳师范专科学校,中文系,1986.07,1989.07
喻文,0000016735,本科,湖南湘潭大学,文秘专业,,2003.06
贠笑冬,0000016736,本科,武汉大学,考古学,1984.09,1988.08
袁秉和,0000016737,,固原农校,农学,1979.09,1982.07
袁秉和,0000016737,,西北农业大学,,1987.09,1989.07
袁秉和,0000016737,,陕西师范大学,,1996.09,1999.07
袁秉和,0000016737,研究生,西北农林科技大学,,2002.10,2006.06
袁方,0000016738,本科,哈尔滨工业大学,信息处理显示与识别,1987.09,1991.07
袁方,0000016738,研究生,中央党校,经济管理,1998.09,2001.07
袁飞,0000016740,本科,厦门大学,半导体物理,,
袁飞,0000016740,学习,南京炮兵学院,军事指挥,,
袁海平,0000016741,研究生,暨南大学,经济学,,
袁海平,0000016741,学习,英国波尔顿大学,工商管理,,
袁洪,0000016744,研究生,,,,
袁力,0000016749,本科,辽宁师范大学,中文专业,,
袁力,0000016749,研究生,辽宁省委党校,经济管理,,
袁略文,0000016752,大专,暨南大学,国家统计,1989.06,
袁略文,0000016752,学习,广东省委党校,,1997.03,1997.07
袁略文,0000016752,研究生,广东省社会科学院,政治经济学,1997.09,2000.16
袁略文,0000016752,学习,广东省委党校,,2002.09,2003.01
袁明,0000016753,本科,中国人民大学,社会学,,1992.07
袁明,0000016753,研究生,四川省委党校,经济学,,2000.06
袁晴超,0000016757,大专,河南农业大学,农经系,,
袁汝稳,0000016758,本科,华南农学院,农学专业,1965.09,1969.09
袁卫祥,0000016762,学习,衡阳师专中文系,,1983.09,1986.07
袁卫祥,0000016762,研究生,华中师大法商学院,政治经济专业,1993.09,1995.08
袁文林,0000016763,本科,中共四川省委党校,经济管理专业,1994.09,1996.12
袁玉华,0000016768,大专,邵阳市委党校,行政管理,1993.09,1995.12 
袁玉华,0000016768,本科,中央党校,经济管理,1996.08,1998.12 
袁玉华,0000016768,研究生,湖南省委党校,经济管理,2004.09,2007.07 
袁玉华,0000016768,本科,湖南师范大学,经济法,2007.09,2009.07 
原光辉,0000016778,本科,山西农业大学,农学专业,1983.09,
原永胜,0000016783,本科,郑州大学,政治,1984.09,1988.07
原永胜,0000016783,研究生,郑州大学,科学社会主义,1988.09,1991.07 
原永胜,0000016783,博士,华中科技大学,经济学,2001.09,2004.07
原永胜,0000016783,学习,美国马里兰大学,,2003.06,2003.12
原永胜,0000016783,学习,中央党校,,2009.03,2010.01
远义彬,0000016785,本科,莱阳农学院,园艺系,,
远义彬,0000016785,研究生,山东省委党校,,,
苑国有,0000016788,研究生,黑龙江省八一农垦大学,农学专业,,
岳金林,0000016792,学习,庆阳师专,中文专业,1981.09,
岳金林,0000016792,,甘肃省委党校,,1989.09,1990.08
岳金林,0000016792,学习,兰州大学,区域经济,1999.09,2001.07
岳金林,0000016792,本科,央广播电视大学,汉语言文学,2004.09,2008.01
岳金林,0000016792,本科,甘肃省委党校,行政管理,2006.09,2008.12
岳军芝,0000016793,本科,安徽师范大学,物理,1987.9,1991.7 
岳鹏,0000016798,学习,北京市东城区财税局培训,,1981.07,1982.11
岳鹏,0000016798,研究生,北京市委党校,行政管理,,
岳中焕,0000016803,学习,涪陵地委党校,,1985.04,1987.06
岳中焕,0000016803,学习,四川省委党校,,1992.02,1992.08
岳中焕,0000016803,学习,四川省委党校,,1995.03,1995.06
云海,0000016809,函授,中央党校,经济管理,,1999.00
云海,0000016809,博士,北京师范大学,公共管理,,2008.00
云卫东,0000016813,,内蒙古广播电视大学伊克昭盟分校,财政,1983.06,1986.07
云卫东,0000016813,本科,中央党校,经济管理,1998.09,2000.12
云卫东,0000016813,研究生,首都经济贸易大学,产业经济学（贸易经济）,2000.12,2002.01
云卫东,0000016813,研究生,华中科技大学,高级管理人员工商管理,2006.01,2009.06
云玉明,0000016815,本科,高等教育自学考试政治教育专业,,,
昝宏仓,0000016818,本科,河北省委党校,经济管理,,
臧建中,0000016820,本科,中央党校,经济管理,,1998.12
泽尔登,0000016824,本科,阿坝州马尔康民族师范学校,藏语文专业,1984.09,1987.07
泽尔登,0000016824,大专,四川省委党校函授学院,经济管理专业,1993.09,1995.07
泽尔登,0000016824,本科,四川省委党校函授学院,法律专业,2001.09,2003.12
泽尔登,0000016824,培训,四川省委党校四行政学院第28期县委书记培训班,,2003.05,2003.07
泽尔登,0000016824,培训,中纪委、监察部北戴河培训中心第91期培训班,,2004.05,
泽尔登,0000016824,培训,四川省委党校第36期县委书记班,,2005.11,2006.01
泽仁顿珠,0000016826,学习,西藏自治区财经学校,,1984.09,
泽仁顿珠,0000016826,学习,中央民族大学,,1991.09,1993.07
泽仁顿珠,0000016826,学习,中央党校,,2007.03,2009.01
泽小勇,0000016828,学习,西南民院,经管专业,1992.09,1996.01
泽小勇,0000016828,培训,四川行政学院第四十期民族干部培训班,,2005.12,2006.01
泽小勇,0000016828,研究生,四川工商管理学院,工商管理专业,2003.09,2005.07
扎多,0000016829,学习,西藏日喀则地区江孜农牧学校,农学,1979.09,
扎西达杰,0000016835,学习,中央党校,,1999.03,1999.07
扎西达杰,0000016835,学习,中央党校,,1999.08,2001.12
扎西达杰,0000016835,学习,西藏自治区党委党校,,2005.08,2008.12
翟军,0000016842,专科,山东广播电视大学,财会,1991.09,1994.07
翟军,0000016842,本科,省委党校,经济管理,1998.09,2000.12
翟军,0000016842,研究生,北京师范大学,行政管理,2001.04,2003.04
翟军,0000016842,学习,市委党校,,2009.03,2009.07
翟军,0000016842,研究生,省委党校,经济管理,2009.09,2012.06
翟晓声,0000016846,本科,江苏省委党校,,,
翟玉龙,0000016848,博士,,,,
詹才红,0000016850,大专,湖北函授大学,企业管理,1987.09,1990.07
詹才红,0000016850,本科,中央党校,经济管理,1996.08,1998.12
詹红运,0000016852,本科,湖北师范学院,,1993.09,1997.07
詹立风,0000016854,,南京师范大学,音乐,1985.08,1986.05
詹立风,0000016854,本科,江苏省委党校,行政管理,1996.09,1999.06
詹立风,0000016854,研究生,江苏省委党校,政治经济学,2002.09,2004.01
詹小东,0000016857,大专,惠阳农校,农业,1978.11,
詹小东,0000016857,本科,广东省委党校,经济管理,1996.09,1998.12
詹勇,0000016860,研究生,四川省委党校,经济管理,1997.09,1999.12
詹宇扬,0000016861,研究生,,,,
张爱平,0000016863,本科,南昌大学,历史学,1991.09,1995.07
张爱平,0000016863,研究生,南昌大学,中国现当代文学,1999.09,2002.07
张安文,0000016867,研究生,山西省委党校,公共管理,,
张宝才,0000016871,研究生,吉林省委党校,,,
张宝亮,0000016872,学习,滨州师专,汉语言文学,1991.09,1993.07 
张宝亮,0000016872,学习,山东经济管理干部学院,经济管理,1995.09,1998.07
张宝亮,0000016872,学习,山东省委党校,经济管理,2004.09,2007.06 
张宝伟,0000016874,本科,东北农学院,农田水利,,1987.07
张宝伟,0000016874,研究生,大连理工大学,软件工程,,2008.01
张秉舜,0000016884,学习,河北医学院邯郸分院,,1980.11,1983.08 
张秉舜,0000016884,学习,河北职工医学院,,1985.08,1988.07 
张秉舜,0000016884,学习,中央党校,,1992.08,1994.12 
张秉舜,0000016884,研究生,中央党校,,1999.09,2002.07 
张秉舜,0000016884,学习,河北职工医学院,管理,1985.08,1988.07 
张承新,0000016894,学习,贵阳师范学院,中文专业,1978.04,1979.10
张承新,0000016894,学习,贵阳市委党校,,1983.09,1984.09
张承新,0000016894,学习,贵州省委党校,党政,1983.09,1985.07
张承新,0000016894,学习,贵州省委党校,经济管理,1994.09,1997.07
张承新,0000016894,研究生,厦门大学,行政管理学,1990.10,2001.10
张承新,0000016894,学习,贵州省委党校,,2006.09,2006.11
张冲林,0000016900,本科,扬州师范学院,政法,1991.09,1995.06
张冲林,0000016900,研究生,江苏省委党校,政治经济学,2000.03,2002.12
张传忠,0000016903,学习,日照师范,,1986.09,1989.07
张传忠,0000016903,本科,山东师范大学,政治教育,1989.09,1993.07
张传忠,0000016903,研究生,中央党校,经济管理,2003.09,2006.01
张春,0000016904,研究生,山西省委党校,,,
张大伟,0000016914,本科,黑龙江省委党校,经济管理,1991.07,1994.07 
张大伟,0000016914,研究生,黑龙江省委党校,经济管理,1998.08,2001.08
张代令,0000016915,学习,莱阳师范学校,普通教育,1982.09,1985.07
张代令,0000016915,学习,烟台师范学院,中文系,1985.07,1987.07
张代令,0000016915,函授,中央党校,经济管理,1993.08,1995.12
张代令,0000016915,研究生,山东省委党校,经济管理,1999.09,2002.06
张德发,0000016917,,阿坝师专,,1993.09,1994.09
张德发,0000016917,大专,阿坝师专,汉语言文学教育,1994.09,1997.07
张德发,0000016917,本科,省委党校,本科行政管理,1998.09,2000.12
张德发,0000016917,研究生,四川省委党校,办公共管理,2007.09,2010.08
张德平,0000016920,研究生,吉林工业大学汽车工程学院,内燃机计算机辅助设计专业,1986.07,
张定成,0000016927,学习,西藏民族学院,文秘专业,1993.09,1996.07
张定成,0000016927,本科,中央党校,法律,1999.08,2001.12
张福杰,0000016944,本科,河北经贸大学,,1994.09,1998.06
张福龙,0000016945,学习,山东水利学校,农田水利,1980.09,1982.07
张福龙,0000016945,学习,山东广播电视大学,党政管理,1984.09,1986.07
张福庆,0000016946,本科,江西财经学院,企业管理,1986.09,1990.10
张福庆,0000016946,学习,江西直工委党校,,1998.09,1998.12
张福庆,0000016946,学习,江西省委党校,,2002.03,2002.06
张福庆,0000016946,博士,中南林业科技大学,生态学,2004.09,2007.12
张光彦,0000016954,研究生,党校,,,
张广渊,0000016955,大专,贵阳师专,教育行政管理专业,1987.09,1989.01
张广渊,0000016955,本科,贵州省委党校,经济管理专业,1997.09,2000.07
张贵金,0000016956,学习,廊坊财贸学校,,1982.09,1984.07
张贵金,0000016956,本科,中央财经大学,行政管理,1994.09,1998.07
张贵金,0000016956,研究生,中央党校,,1998.09,2001.07
张桂伟,0000016959,研究生,山东省委党校,经济管理,,
张国宏,0000016960,本科,河南省自考中文专业,,1993.00,1997.00
张国宏,0000016960,研究生,郑州大学,新闻传播,1997.09,2000.06
张国宏,0000016960,研究生,郑州大学,法学经济,1998.09,2002.06
张国宏,0000016960,博士,华中科技大学,管理学院,2003.00,2005.00
张国瑜,0000016967,研究生,省委党校,,,
张国洲,0000016969,学习,聊城师范学院,中文系,1987.09,1991.07
张国洲,0000016969,研究生,山东省委党校,经济管理,1999.09,2002.06
张海建,0000016970,学习,陕西省绥德师范学校,,1984.09,1985.01
张海建,0000016970,学习,陕西省凤翔师范学校,,1985.02,1987.07
张海建,0000016970,函授,中央党校,经济管理,1994.09,1996.12
张海建,0000016970,学习,陕西省委党校,,1998.09,1999.07
张海建,0000016970,研究生,中央党校,经济管理,1999.09,2002.07
张海建,0000016970,学习,团中央选拔赴美培训学习,,2005.10,2005.12
张海清,0000016972,中专,马尔康民族师范学校,,1978.09,1981.08
张海清,0000016972,本科,四川大学,函授法学,1994.09,1997.05
张海清,0000016972,研究生,四川大学,,1997.09,1999.07
张海清,0000016972,研究生,省委党校,区域经济,2004.09,2005.12
张恒芳,0000016984,本科,中央党校,法律专业,,
张恒芳,0000016984,研究生,东北林业大学,农林推广专业,,
张红旗,0000016985,本科,曲阜师范大学,,,
张宏军,0000016987,本科,西南政法大学,法律,1985.09,1989.08
张宏伟,0000016988,学习,山东省莱阳农学院,经济管理,1990.09,1992.07
张宏伟,0000016988,本科,中央党校,经济管理,1993.08,1996.04
张宏伟,0000016988,研究生,山东省委党校,经济管理,2000.09,2003.06
张宏伟,0000016988,研究生,大连理工大学,软件工程,2006.09,2009.01
张洪国,0000016992,研究生,浙江省委党校,,,
张洪军,0000016993,研究生,吉林省委党校,,,
张会春,0000017013,学习,张家口农业专科学校,农学,1981.09,1984.08 
张会春,0000017013,学习,河北科技师范学院,法学,2007.01,2009.01 
张惠强,0000017017,研究生,广西大学,政治经济学,1998.09,2000.09
张惠强,0000017017,培训,广西自治区党委党校,,2013.08,2014.01
张纪元,0000017022,,青海省湟源畜牧学校,畜牧兽医,1979.08,1982.08
张纪元,0000017022,大专,青海畜牧兽医学院,,1995.09,1997.07
张纪元,0000017022,本科,中央党校,行政管理,1998.08,2000.12
张纪元,0000017022,研究生,青海省委党校,经济管理,2002.09,2005.01
张季頫,0000017024,学习,泸州师范学校,,1982.09,1985.07
张季頫,0000017024,本科,西南师范大学,政治教育,1986.09,1989.06
张季頫,0000017024,学习,泸州市委党校,,1991.09,1991.12
张季頫,0000017024,学习,四川省委党校,,2000.09,2001.01
张季頫,0000017024,学习,清华大学,经济管理,2001.10,2001.12
张季頫,0000017024,研究生,四川省委党校,经济学,1999.09,2002.06
张霁,0000017030,本科,西北政法学院,法律,1979.09,1983.07
张加波,0000017032,本科,清华大学,国民经济管理,1983.09,1988.07
张家良,0000017035,,江西大学,政治学,1986.09,1988.07
张家良,0000017035,培训,江西省宜春地委党校,,1997.09,1997.11
张家良,0000017035,本科,江西师大,思想政治,1999.05,2001.04
张家良,0000017035,研究生,华中科技大学,管理科学与工程,1999.03,2000.12
张家良,0000017035,培训,江西省宜春市委党校,,2000.11,2001.01
张家良,0000017035,学习,江西省委党校,,2003.03,2003.06
张家良,0000017035,学习,江西省委党校,,2007.09,2007.11
张建彬,0000017037,本科,,,,
张建元,0000017044,研究生,中央党校,,,
张江徽,0000017046,博士,,,,
张金锐,0000017053,本科,新疆八一农学院,林业,1985.09,1989.07
张金锐,0000017053,函授,中央党校,政工管理,1997.08,1999.12
张金锐,0000017053,研究生,新疆大学,国土资源管理,1997.09,1999.09
张锦明,0000017055,研究生,,,,
张谨,0000017056,研究生,,,,
张京学,0000017058,研究生,,,,
张景霖,0000017064,本科,江西大学,汉语言文学,1987.09,1991.07 
张景霖,0000017064,学习,赣州市委党校,,2001.05,2001.07 
张靖,0000017072,研究生,,,,
张俊杰,0000017082,研究生,安徽省委党校,,,
张俊勇,0000017085,博士,华中科技大学,结构工程,,
张克强,0000017093,学习,甘肃省委党校,经济管理,1996.09,1998.12
张克强,0000017093,研究生,中央财经大学,财政,2000.09,2002.12
张礼祥,0000017102,学习,盐城市师范专科学校,化学,1978.12,1981.09
张礼祥,0000017102,学习,江苏省委党校,,2000.02,2000.07
张礼祥,0000017102,研究生,中央党校,,2001.09,2004.06
张礼祥,0000017102,学习,中央党校,,2008.03,2008.04
张礼祥,0000017102,学习,延安干部学院,,2008.11,2008.12
张礼祥,0000017102,学习,美国马里兰大学,,2009.11,2010.11
张立军,0000017103,本科,河海大学,,1990.06,1994.06
张利锋,0000017112,本科,东北大学,工商管理,1991.09,1995.07 
张利锋,0000017112,学习,山西省委党校,,2010.03,2010.06
张连科,0000017115,学习,山西省委党校,,1950.00,
张亮文,0000017117,学习,宁乡师范,,1983.09,1985.07
张龙杰,0000017125,学习,杭州商学院,,1987.09,1991.07
张敏周,0000017127,研究生,省委党校,在职研究生班经济管理,2005.09,2008.06
张明,0000017129,学习,安徽省电大淮北分校,工业企业管理,1986.09,1989.07
张明,0000017129,学习,安徽省电大淮北分校,汉语言文学,1989.09,1992.07
张明,0000017129,研究生,中国社会科学院,,1996.09,1998.07
张明,0000017129,函授,淮北煤师院,法学,2002.07,2005.07
张明,0000017129,学习,安徽省委党校,,2003.03,2003.12
张明,0000017129,研究生,安徽省委党校,经济管理,2004.09,2007.06
张明明,0000017131,本科,中南财经大学,国民经济计划学,1988.09,1992.08
张明明,0000017131,研究生,西南师范大学,经济与现代管理,2000.04,2002.04
张明明,0000017131,研修,选派清华大学,,2005.08,2005.12
张明生,0000017134,学习,四川省万县农学院,农学系,1978.09,1981.08
张明生,0000017134,研究生,北京师范大学,行政管理,1998.08,2000.08
张明生,0000017134,学习,重庆市委党校,经济管理,2003.09,2005.12
张鸣,0000017136,本科,武汉大学,历史学,1978.10,1982.08
张鸣,0000017136,学习,中央党校,,2006.03,2007.01
张培云,0000017145,培训,州委党校,,1995.06,1995.08
张培云,0000017145,本科,省委党校,本科班行政管理,1996.09,1998.12
张平亮,0000017148,学习,江西省吉安师专,中文系,1979.09,1982.07
张平亮,0000017148,本科,中央党校,政法,1998.08,2000.12
张平森,0000017149,本科,西南民族学院,兽医,1981.09,1985.07
张平森,0000017149,学习,甘孜州委党校,,1994.09,1994.12
张平森,0000017149,研究生,西南民族学院,,2000.09,2002.07
张平森,0000017149,学习,四川省委党校,,2002.03,2002.07
张平森,0000017149,研究生,四川省工商管理学院,工商管理,2002.09,2004.07
张平森,0000017149,学习,四川省委党校,,2009.08,2009.10
张平阳,0000017150,学习,四川师范大学,,,1986.07
张祺,0000017156,学习,苏联莫斯科列宁学院,,1934.00,
张启胜,0000017161,专科,广西右江民族师专,英语,1983.09,1986.07
张启胜,0000017161,学习,广西师大,思想政治教育,1988.09,1990.07
张启胜,0000017161,培训,华中师范大学,,1995.09,1995.12
张启胜,0000017161,研究生,广西师范大学,马克思主义理论与思想教育,1998.10,2000.10
张青山,0000017170,大专,惠州教育学院,,1982.09,1985.12
张青山,0000017170,研究生,广东省委党校,经济学,1996.09,1999.12
张清河,0000017172,学习,忻州师专,英语专业,,1982.07
张清河,0000017172,学习,中央党校(函授),经济管理专业,,1995.12
张清河,0000017172,培训,山西省委党校中青年干部培训班,,1995.09,1996.07
张庆红,0000017174,大专,长沙市职工大学,中文秘书,1986.09,1989.06
张庆红,0000017174,本科,中央党校,经济管理,1995.08,1997.12
张庆红,0000017174,研究生,中央党校,经济管理,2001.09,2004.07
张庆一,0000017177,本科,河南师范大学,,,
张仁庵,0000017182,学习,泰安县师范讲习所,,,1930.00
张仁良,0000017185,本科,东北工学院,冶金机械,1978.08,1982.08
张仁良,0000017185,学习,上海市委党校,,,1997.10
张仁良,0000017185,学习,上海市管理干部高级培训班,,2000.03,2001.03
张仁良,0000017185,进修,美国路易斯安那州新奥尔良市杜兰大学,,2000.09,2001.03
张如文,0000017195,学习,饶平县农科所,,1974.08,
张如文,0000017195,学习,华南农业大学,,1985.09,
张如文,0000017195,研究生,广东省委党校,经济管理,1995.09,1998.07
张尚华,0000017201,本科,西南石油学院,石油地质,1982.09,1986.07
张尚华,0000017201,本科,西南师范大学,思想政治教育,1990.09,1992.07
张尚华,0000017201,博士,西南石油学院,矿产普查勘探,1999.09,2002.06
张圣,0000017210,研究生,山西大学,,,
张胜明,0000017213,学习,兖州师范学校,,1982.08,1985.07
张胜明,0000017213,学习,泰安教育学院,,1985.07,1986.07
张胜明,0000017213,大专,山东教育学院,地理,1986.07,1989.07
张胜明,0000017213,本科,曲阜师范大学,政治,1988.07,1994.07
张史才,0000017216,本科,上海大夏大学,,1929.00,
张史才,0000017216,学习,燕塘军校,,,
张史才,0000017216,学习,桂林陆军大学将校班,,1943.00,
张世汉,0000017222,本科,甘肃农业大学农学系,果蔬专业,1962.09,
张世炜,0000017226,技校,四川省内江铁路技术学校,铁道信号,1978.09,1981.08
张世炜,0000017226,大专,四川省团校,,1987.09,1989.06
张世炜,0000017226,本科,四川省委党校,法律,1994.09,1996.12
张世炜,0000017226,研究生,中央党校,经济管理,2001.09,2004.06
张世忠,0000017228,学习,四川省绵阳师范高等专科学校,政史教育,1993.09,1996.07 
张世忠,0000017228,大专,四川省建筑职工大学,工民建,1997.09,2001.01
张世忠,0000017228,研究生,四川省委党校,法学,1998.09,2001.06
张世忠,0000017228,学习,四川省委党校,,2002.07,2002.10
张世忠,0000017228,学习,清华大学,现代公共管理,2004.05,2004.06
张世忠,0000017228,本科,四川大学,行政管理,2006.09,2009.01
张世忠,0000017228,研究生,中国农业大学,农业推广,2009.03,2011.12
张寿于,0000017233,研究生,,,1999.10,2001.10
张寿于,0000017233,研究生,四川省委党校,区域经济学,2003.09,2006.08
张顺,0000017245,学习,砺青学社专修班,,,
张顺,0000017245,学习,南侨中学,,1938.00,
张硕,0000017246,学习,四川行政财贸干部管理学院,会计专业,1988.09,1990.06
张思扬,0000017247,研究生,中央党校,经济管理,2002.09,2005.07
张铁明,0000017254,大专,吉林省公安高等专科学校,刑侦专业,1997.10,
张汪尤,0000017260,本科,运城地区教育学院,,,
张文,0000017265,本科,江西理工大学（原南方冶金学院）,工业电气自动化专业,1987.09,
张文,0000017265,培训,美国哥伦比亚大学公共管理学院,,2005.07,2005.09
张文,0000017265,研究生,长江商学院,高级管理人员工商管理专业,2006.05,2008.09
张文斌,0000017267,本科,中央党校,,,
张文强,0000017274,本科,西南政法学院经济法系,经济法专业,1987.09,1991.07
张文强,0000017274,研究生,贵州大学法学院,民商法专业,2000.09,2003.06
张武,0000017282,本科,安徽教育学院,,1991.00,1993.00
张武,0000017282,研究生,西南政法大学,,1994.00,1997.00
张武,0000017282,博士,西南政法大学,,2000.00,2003.00
张武,0000017282,学习,浙江富阳挂职,,2007.04,2007.06
张习庆,0000017286,专科,吉林省委党校,党政管理专业,1987.08,1990.07
张习庆,0000017286,本科,吉林省委党校,经济管理专业,1993.08,1996.02
张夏林,0000017290,,池州农校,农学,1978.09,1981.07
张夏林,0000017290,大专,省委党校,函授经管,1989.09,1992.07
张夏林,0000017290,培训,省委党校,,1996.09,1997.06
张夏林,0000017290,本科,中央党校,经管,1997.08,1999.12
张夏林,0000017290,研究生,中央党校,经管,2001.09,2004.06
张向福,0000017293,本科,四川省委党校,法律,1997.08,1999.12
张小平,0000017297,本科,西北农业大学,农产品贮运与加工,1991.09,1995.07
张小平,0000017297,进修,西北农林科技大学,粮油与植物蛋白工程,1998.09,2001.07
张小平,0000017297,博士,西北农林科技大学,食品科学,2002.09,2006.07
张晓伟,0000017300,研究生,江苏省委党校,,,
张笑,0000017306,学习,江苏省淮阴市师范专科学校,中文系,1988.09,1990.06
张笑,0000017306,本科,中央党校,经济管理,1995.08,1997.12
张笑,0000017306,研究生,江苏省委党校,区域经济学,2003.09,2006.07
张效林,0000017307,本科,甘肃农业大学,兽医专业,1979.09,1983.07　
张效林,0000017307,学习,甘肃省委党校,,1983.07,1983.10
张效林,0000017307,本科,中央党校,涉外经济,1994.08,1996.12
张效林,0000017307,研究生,兰州大学,区域经济,2001.09,2003.07
张效林,0000017307,学习,甘肃省委党校,,2003.09,2003.12
张效林,0000017307,学习,井冈山干部学院,,2006.05,2006.05
张效林,0000017307,学习,甘肃省委党校,,2010.03,2010.07
张星吉,0000017316,学习,郑州大学,,,
张兴斌,0000017317,,石嘴山师范学院,,1980.07,1983.07
张兴华,0000017320,本科,,,,
张秀武,0000017324,学习,山西经济管理学院,国际贸易,1993.09 ,
张秀武,0000017324,学习,山西大学,马克思主义哲学,1998.09,2000.07
张秀武,0000017324,博士,山西大学,科技哲学,2004.09,2008.07
张轩,0000017328,研究生,北京大学,,2002.09,2005.07
张学营,0000017331,专科,郑州专科师范学校,,1979.09,
张学勇,0000017332,学习,张掖师范学校,,1982.09,1985.07 
张学勇,0000017332,大专,兰州大学,汉语言文学,1987.12,1998.12
张学勇,0000017332,本科,中央党校,经济管理,1995.08,1997.12
张学勇,0000017332,学习,甘肃省委党校,,2001.03,2001.07
张学勇,0000017332,学习,西北师范大学,区域管理与政策研究,2002.04,2004.04
张学勇,0000017332,学习,甘肃省委党校,,2004.09,2004.12
张亚忠,0000017335,本科,,,,
张燕生,0000017341,大专,市委党校,,,
张燕生,0000017341,研究生,中国社会科学院研究生院,城市经济专业,,
张扬,0000017343,本科,中南财经大学,财政金融,1983.09,1987.08
张扬,0000017343,研究生,河南大学,经济学,,1997.00
张扬,0000017343,学习,清华大学,公共管理,2009.07,
张阳,0000017345,学习,常德师专中文系,,1989.09,1992.07
张阳,0000017345,本科,中央党校函授学院,经管专业,1995.08,1997.12
张毅恭,0000017358,本科,福建农学院,农学专业,1986.09,1990.07
张银军,0000017360,研究生,安徽省委党校,经管,,
张映桥,0000017369,研究生,中央党校,,,
张永潮,0000017371,本科,合肥炮兵学院,地炮军事指挥,1983.09,1987.07
张永宁,0000017373,本科,福建师范大学,物理系,1985.09,1989.08
张余松,0000017383,学习,四川省新津师范学校,,1983.09,1986.07
张余松,0000017383,函授,都江堰教育学院,中文专业,1988.09,1991.06
张余松,0000017383,本科,四川省委党校,经济管理,1993.08,1995.12
张余松,0000017383,研究生,四川省委党校,政治学,1999.09,2002.06
张余松,0000017383,学习,成都市委党校,,2004.09,2004.12
张玉斌,0000017386,学习,山西农业大学,果树专业,1979.09,
张玉斌,0000017386,研究生,山西农业大学,农业推广,,
张玉斌,0000017386,研究生,山西省委党校,,,
张玉宏,0000017388,本科,中央党校,,1991.07,1993.12
张玉宏,0000017388,研究生,中央党校,经济管理,2000.07,2003.08
张玉林,0000017391,学习,国务院“三西”地区干部培训班,,1995.01,
张玉林,0000017391,大专,中央党校,党政管理,1994.09,1996.12
张玉林,0000017391,本科,中央党校,党政管理,1996.09,1998.12
张玉林,0000017391,学习,甘肃省委党校,,1999.03,1999.07
张玉林,0000017391,研究生,甘肃省委党校,专门史专业,1999.09,2002.07
张育林,0000017396,大专,江苏省委党校,,1989.09,1992.07
张育林,0000017396,本科,中央党校,经济管理,1997.08,1999.12
张育英,0000017397,本科,华中农业大学,食品科学与工程,1992.09,1996.07
张育英,0000017397,研究生,华中科技大学,,2001.09,2003.07
张钰祥,0000017399,研究生,山西省委党校,,,
张元明,0000017402,本科,中央党校,经济管理,,2000.12
张远松,0000017403,本科,北京师范大学,中文,1993.09,1996.10
张云,0000017408,本科,广西机械工业学校,机制,1978.08,1982.07
张云,0000017408,学习,中南财经大学,工业经济,1985.09,1990.08
张云,0000017408,研究生,广西师范大学,国民经济学,1998.10,2000.10
张云,0000017408,研究生,广西大学,城市规划与建设管理,2002.03,2004.02
张占霖,0000017419,专科,伊盟财校,财税,1986.09,1988.07
张占霖,0000017419,本科,中央财经大学,会计学,1995.09,1998.07
张占霖,0000017419,研究生,中国人民大学,公共管理,2003.11,2006.06
张祯祥,0000017425,学习,上饶师专,中文系,1979.09,1982.08
张祯祥,0000017425,本科,江西省委党校,马列主义理论,1985.09,1987.07
张振丰,0000017426,研究生,中央党校,,,
张正雄,0000017438,,庆阳师专,,1981.09,1983.07
张正雄,0000017438,研究生,甘肃省委党校,科学社会主义,1995.03,1997.01
张政能,0000017441,,金昌师范学校,,1985.09,1988.07
张政能,0000017441,本科,中央党校,经济管理,1993.08,1995.12
张政能,0000017441,研究生,省委党校,国民经济学,2004.09,2007.06
张志,0000017444,大专,中山大学,经济管理,1984.08,1986.07
张志宏,0000017447,本科,安徽大学,政治经济学,1983.09,1987.07
张志南,0000017451,学习,福建省龙岩师范专科学校,中文系,1979.09,1981.07
张志南,0000017451,本科,中央党校,经济管理,1993.08,1995.12
张志年,0000017452,学习,四川大学,政治经济,1974.10,1977.10
张志祥,0000017457,大专,六盘水市委党校,党政管理,1983.09,1985.07
张志祥,0000017457,学习,贵州省委党校,,1994.03,1994.07
张志祥,0000017457,本科,贵州省委党校,经济管理,1994.08,1997.06
张志祥,0000017457,学习,上海经济管理学院,,1995.03,1995.05
张志祥,0000017457,研究生,贵州省委党校,法学,2005.09,2008.07
张智萍,0000017463,学习,宜春师范学校,普师,1982.09,1985.08 
张智萍,0000017463,函授,江西教育学院,政教,1986.09,1989.07 
张中于,0000017467,本科,党校,,,
张子建,0000017479,大专,上饶师范专科学校,,1991.09,1994.08
张子建,0000017479,函授,中央党校,经济管理,1995.08,1997.12
张子建,0000017479,研究生,江西省委党校,工商管理,2003.08,2005.12
张子通,0000017481,学习,黑龙江省广播电视大学,,1985.09,1987.09　
张作荣,0000017493,学习,吉林省延边师范学校,,1978.09,1980.07
张作荣,0000017493,研究生,东北师范大学,地理系,1987.09,1990.07
张作荣,0000017493,博士,东北师范大学,经济地理,1993.09,1996.07
张作荣,0000017493,学习,吉林省委党校,,1995.03,1996.03
张作荣,0000017493,博士后,大连理工大学,,1997.09,1999.03
张作荣,0000017493,博士后,中国社会科学院,,2002.08,
章根明,0000017495,专科,温州师范专科学校,,1980.09,1983.07
章根明,0000017495,本科,杭州大学,教育,1989.09,1991.08
章剑,0000017496,本科,中央党校,经济管理,1993.08,1995.12
章剑,0000017496,研究生,浙江省委党校,社会发展,1999.09,2002.07
章剑,0000017496,学习,浙江省春季中青年干部培训班,,2004.03,2004.06
章勇武,0000017499,本科,重庆大学,采矿工程,1986.09,1990.07 
章勇武,0000017499,研究生,重庆大学,采矿工程,1990.07,1993.07 
章勇武,0000017499,博士,同济大学,管理科学与工程管理,2002.09,2006.01
章勇武,0000017499,学习,美国斯坦福大学,,2007.05,2007.10
章勇武,0000017499,学习,重庆市委党校,,2009.09,2010.01
招炳德,0000017503,学习,肇庆地委党校,,1991.10,1992.01
招炳德,0000017503,研究生,广东省社科院,政治经济学,1995.09,1998.07
招炳德,0000017503,学习,中央党校,,2003.03,2003.07
招展,0000017504,本科,广西师范大学,化学,1987.09,1991.07
招展,0000017504,研究生,广西大学,结构工程,2002.03,2004.03
招展,0000017504,学习,美国肯塔基州西肯塔基大学,公共管理,2004.02,2005.01
赵昌林,0000017511,大专,四川省委党校,经济管理,1998.09,2001.06
赵昌林,0000017511,本科,四川省委党校,法律,2002.08,2004.12
赵崇亮,0000017515,学习, 四川省重庆市第二农校,农作,1974.11,1976.11 
赵崇亮,0000017515,本科,重庆市委党校,经济管理,1998.09,2000.12
赵春淦,0000017517,博士,西南财经大学,经济学,,
赵得国,0000017520,大专,中央党校函授学院,党政管理专业,1993.06,
赵德智,0000017524,研究生,首都经济贸易大学,经济法,,2003.03
赵丁夫,0000017526,学习,济南正谊中学,,,
赵丁夫,0000017526,学习,曲阜山东省立第二师范学校,,,
赵东花,0000017527,学习,中南林学院,机械采伐运输,1976.00,1979.00
赵东花,0000017527,研究生,吉林大学,国民经济计划与管理,1993.09,1997.06
赵东花,0000017527,学习,中央党校,,1998.09,1999.01
赵东花,0000017527,学习,中央党校,,2006.03,2007.01
赵东花,0000017527,学习,中央党校,,2010.09,2010.11
赵冬,0000017528,本科,党校,,,
赵冬梅,0000017529,本科,云南民族学院,德宏傣语,1985.09,1989.07
赵福禧,0000017534,本科,上海师范大学,政治教育,,
赵贵坤,0000017542,大专,广西团校,公关与文秘,1993.08,1995.07
赵贵坤,0000017542,学习,柳州地委党校,,1997.05,1997.07
赵贵坤,0000017542,本科,中央党校,党政管理,1997.08,1999.12
赵贵坤,0000017542,学习,柳州地委党校,,2000.05,2000.07
赵贵坤,0000017542,进修,来宾市委党校,,2003.09,2003.11
赵贵坤,0000017542,培训,广西区党校,,2004.05,2004.07
赵贵坤,0000017542,研究生,广西区党校,行政管理,2004.09,2006.12
赵桂兰,0000017543,大专,广西百色地委党校,党政管理,1987.08,1989.07
赵桂兰,0000017543,本科,中央党校,行政管理,1997.08,1999.12
赵桂兰,0000017543,研究生,广西区党校,,2003.03,2005.07
赵桂兰,0000017543,研究生,广西大学,政治经济学,2002.09,2005.10
赵洪山,0000017551,学习,邯郸地区农校,经济作物,1986.09,1990.09
赵洪山,0000017551,大专,河北省委党校,经济管理,1993.09,1996.07
赵洪山,0000017551,学习,中央党校,政法,1997.08,1999.12
赵洪山,0000017551,研究生,河北师大,国际政治与经济贸易,1998.09,2000.11
赵惠民,0000017555,,山西师范学院,数学,1978.11,1981.12
赵惠民,0000017555,研究生,省委党校,,,
赵继锋,0000017557,本科,西北轻工学院,钟表机械,1983.09,1987.07
赵继锋,0000017557,学习,贵州省科协,,1991.02,1991.09
赵继锋,0000017557,学习,上海经济管理干部学院,,1992.02,1992.11
赵继红,0000017558,学习,贵州省气象学校,气象专业,1982.09,1985.07 
赵继红,0000017558,学习,贵州省委党校,,1991.11,1992.01
赵继红,0000017558,大专,贵州大学,英语,1992.09,1994.06
赵继红,0000017558,研究生,贵州省委党校,政治学,1999.09,2002.06
赵继红,0000017558,学习,美国普渡大学,公共管理和工商管理,2005.12,2006.06
赵继红,0000017558,研究生,贵州大学,工商管理,2005.09,2007.06
赵家骐,0000017560,研究生,中央党校,,,
赵甲宏,0000017562,本科,中央党校,,,
赵孑兑生,0000017565,研究生,中央党校,,,
赵金波,0000017567,研究生,省委党校,,,
赵立群,0000017582,大专,徐州师范学院,中文系,1985.09,1988.06
赵立群,0000017582,本科,中央党校,涉外经济,1995.08,1997.12
赵立群,0000017582,研究生,江苏省委党校,区域发展与社会管理,2006.09,2009.07
赵丽娟,0000017583,本科,西南政法大学,法律,,1992.00
赵丽娟,0000017583,研究生,新加坡南洋理工大学,管理经济学,,2001.00
赵麟斌,0000017587,本科,福建师范大学,中文系,,1980.00
赵麟斌,0000017587,研究生,福建师范大学,经济学,,1998.00
赵麟斌,0000017587,博士,福建师范大学,经济学,,2002.00
赵龙,0000017588,研究生,英国斯泰福厦大学,工商管理专业,,
赵略,0000017591,学习,雷州师范学校,,,1968.00
赵满柱,0000017592,研究生,中央党校,政治学,,
赵满柱,0000017592,学习,宣化示范学校,,1982.09,1985.07
赵明非,0000017595,本科,西南政法学院,,1978.00,1982.00
赵牧,0000017597,学习,贵州农学院,农业经营管理,1984.10,1986.07
赵牧,0000017597,学习,贵州省委党校,经济管理,1997.09,2000.06
赵牧,0000017597,学习,贵州省委党校,,1999.03,1999.05
赵培军,0000017599,学习,甘肃省广播电视大学,党政管理,1983.09,1986.07
赵培军,0000017599,研究生,北京师范大学,马克思主义哲学,2001.09,2004.03
赵世庆,0000017616,学习,重庆钢铁工业学校,电气自动化,1979.09,1982.07
赵世庆,0000017616,本科,中央党校,经济,1991.08,1993.12
赵世庆,0000017616,研究生,重庆大学,信息技术与管理,2001.07,2003.07
赵拴文,0000017618,学习,石家庄师范专科学校,中文系,1979.06,1981.06
赵拴文,0000017618,研究生,中国社会科学院,民商法,2001.09,2003.06
赵拴文,0000017618,学习,华中科技大学,计算机应用,1999.09,2002.06
赵拴文,0000017618,学习,河北省高等教育自学考试人力资源管理专业学习,,2003.08,2005.12
赵涛,0000017621,本科,清华大学,远程教育法律,2001.09,2005.03
赵腾云,0000017622,学习,中共北方分局,,1940.03,1941.01
赵天武,0000017623,学习,西藏民族学院,行政管理,1993.09 ,
赵天武,0000017623,本科,中央党校,经济管理,2001.08,2003.12
赵万先,0000017626,学习,南江县师范学校,,1980.09,1983.07
赵万先,0000017626,专科,达县地区教育学院,中文专业,1986.08,1988.06
赵万先,0000017626,本科,省委党校,经济管理专业,1993.09,1995.12
赵文纪,0000017631,大专,,,,
赵险峰,0000017637,研究生,辽宁大学,法律,,
赵翔,0000017643,本科,广西师范学院,政治教育,1981.09,1985.07
赵翔,0000017643,研究生,广西师范大学,马克思主义哲学,2001.10,2003.10
赵小轻,0000017645,大专,四川师范大学,汉文专业,,1990.06
赵小轻,0000017645,本科, 西华师范大学,经济管理,1994.09,1997.06
赵小轻,0000017645,学习,南充市委党校,,1996.03,1996.06
赵小轻,0000017645,学习,南充市第三期新任县级领导干部任职培训班,,2003.03,
赵小轻,0000017645,研究生,四川省委党校,区域经济,2005.09,2008.06 
赵小轻,0000017645,学习,四川省委党校,,2006.03,2006.04
赵晓东,0000017647,本科,宁夏大学,计算机及应用,1993.09,1997.06
赵晓晖,0000017648,本科,曲阜师范大学,汉语言文学,1985.09,1989.07 
赵晓晖,0000017648,研究生,山东省委党校,经济管理,2000.09,2003.06
赵晓晖,0000017648,学习,北京航空航天大学,公共管理,2008.03,2010.07
赵兴友,0000017653,,江苏省人民警察学校,徐州班治安,1981.01,1983.08
赵兴友,0000017653,专科,江苏公安专科学校,治安,1985.08,1989.08
赵兴友,0000017653,本科,中央党校,本科班法律,2002.08,2004.12
赵绪春,0000017657,研究生,省委党校,,,
赵阳,0000017663,本科,辽宁财经学院,物资经济管理,1980.07,1984.07
赵阳,0000017663,研究生,东北财经大学,统计学,1999.09,2002.12
赵叶,0000017664,本科,省委党校,,,
赵义,0000017666,研究生,中央党校,,,
赵迎春,0000017672,本科,成都电子科技大学,电子工程,1988.09,1992.07 
赵宇,0000017680,学习,湖南省经济干部管理学院,经济管理专业,1989.07,1992.07
赵云海,0000017685,本科,中央党校,经济管理,1997.09,1999.12
赵长勇,0000017692,本科,中国政法大学,法律专业,1989.09,1993.06
赵长勇,0000017692,本科,中央党校函院,,1999.08,2001.12
赵振宇,0000017697,,牡丹江商业学校,电视机检修,1980.09,1982.11
赵振宇,0000017697,大专,黑龙江广播电视大学,,1984.09,1987.09
赵振宇,0000017697,本科,黑龙江省委党校,经济管理,1989.03,1992.02
赵振宇,0000017697,研究生,黑龙江省委党校,经济管理,2002.03,2005.01
赵振宇,0000017697,研究生,哈尔滨工业大学,工商管理,2011.07,2013.07
赵中三,0000017704,学习,东北重型机械学院,工程基础部力学专业,1979.07,
赵中社,0000017705,本科,郑州大学,政治经济学,1978.03,1982.01
赵中社,0000017705,访问学者,复旦大学,,1988.09,1989.07
赵中社,0000017705,学习,中央党校,,2001.09,2002.01
赵中生,0000017706,学习,周口师范专科学校,中文专业,1978.09,1981.07
赵中生,0000017706,学习,河南省委党校,经济管理专业,1992.09,1994.07
郑柏安,0000017716,学习,中山大学,物理系,1981.09,1982.03
郑柏安,0000017716,学习,中国赴日本留学生预备学校,,1982.03,1983.03
郑柏安,0000017716,本科,日本东京水产大学,食品工学,1983.03,1987.03
郑柏安,0000017716,研究生,日本东京水产大学,食品工学,1987.03,1989.03
郑柏安,0000017716,博士,日本京都大学,食品工学,1989.03,1992.03
郑柏安,0000017716,博士后,日本食粮科学研究所,,1992.03,1993.03
郑柏安,0000017716,博士后,日本QP株式会社中央研究所,,1993.03,1993.10
郑柏安,0000017716,学习,海南省第六期中青年干部培训班,,2001.09,2002.01
郑邦利,0000017717,学习,北京农业机械化学院,,,1970.00
郑备,0000017721,本科,四川大学,国民经济管理,1988.09,1992.07
郑备,0000017721,学习,四川大学,,1995.07,1997.07
郑斌,0000017722,研究生,安徽省委党校,,,
郑步电,0000017724,本科,中央党校,法律,,
郑灿儒,0000017725,研究生,党校,,,
郑成芳,0000017726,学习,贵州省商业学校,计划统计,1980.09,1983.07
郑成芳,0000017726,大专,贵州省毕节地委党校,党政,1986.09,1988.08
郑成芳,0000017726,本科,贵州省委党校,理论专业,1991.09,1993.07
郑成芳,0000017726,研究生,贵州省委党校,经济学,2001.09,2004.06
郑春洪,0000017727,本科,中央党校,,,
郑大泉,0000017730,研究生,齐齐哈尔师范学院,政治,,
郑德安,0000017732,学习,西安工业学院,电子盘算机及利用,,1987.06
郑德安,0000017732,研究生,南洋理工大学,管理经济学,2008.03,2009.03
郑东涛,0000017738,学习,山西大学,社科,1984.09,1988.07 
郑东涛,0000017738,研究生,中央党校,经济管理,2000.09,2003.06
郑光泉,0000017741,本科,江西农业大学,园艺系,1985.09,1989.07
郑光泉,0000017741,研究生,江西省委党校,党建,1998.09,2001.12
郑加贵,0000017750,本科,山东农学院,土壤农业化学,1978.09,1982.07
郑加贵,0000017750,学习,山东省委组织部选派美国进修,,2004.06,2004.12
郑加清,0000017751,本科,中央党校函授学院本科班,经济管理专业,1993.08,1995.12
郑加清,0000017751,研究生,中央党校研究生院,,2007.09,2010.07
郑开国,0000017759,学习,湖北省恩施师范专科学校,数学系,1980.09,1983.06
郑连胜,0000017760,本科,郯南劳动大学,农学,1979.09,1981.07
郑连胜,0000017760,专修,山东农业管理干部学院,干部专修科农业管理,1985.08,1987.07
郑连胜,0000017760,学习,中央党校,经济管理,1993.08,1995.12
郑连胜,0000017760,研究生,山东大学,政治经济学,1999.08,2001.01
郑连胜,0000017760,研究生,山东省委党校,经济管理,2005.09,2008.06
郑灵,0000017761,学习,福州大学,食品工程,,1988.08
郑灵,0000017761,学习,香港公开大学,工商管理,1999.10,2002.12
郑灵,0000017761,学习,福建省委党校,,2003.02,2003.07
郑梦英,0000017763,本科,,,,
郑民生,0000017764,本科,中央党校,,,
郑鹏程,0000017770,本科,南充师范学院,中文系,1984.09,1988.07 
郑声宝,0000017781,本科,江西农业大学,林学,1979.09,1983.08
郑天强,0000017788,本科,西南民族学院,历史,1979.09,1983.07
郑天强,0000017788,学习,西南师范大学,,1984.09,1985.07
郑天强,0000017788,本科,四川省委党校,经济管理,1993.09,1995.12
郑天强,0000017788,学习,四川省甘孜州委党校,,1996.03,1996.06
郑维国,0000017791,中专,凤翔师范学校,,1985.09,1988.07
郑维国,0000017791,,宝鸡师范学院,,1988.09,1991.07
郑维国,0000017791,研究生,中央党校,经济管理,1995.08,1997.12
郑香元,0000017796,本科,中央党校,,,
郑香元,0000017796,学习,华中农学院荆州分院,,1979.09,1982.07 
郑晓春,0000017798,研究生,江西省委党校,经济学,1999.09,2001.12
郑亚木,0000017800,本科,中央党校,,,
郑余良,0000017810,本科,中央党校,,,
郑远平,0000017812,大专,华南师范大学,哲学研究所政治,1984.09,1986.07
郑远平,0000017812,本科,华南理工大学,行政管理,2003.09,2005.07
郑岳林,0000017813,本科,中山大学,哲学系,1982.09,1990.03 
郑岳林,0000017813,本科,厦门大学,政治经济学,1982.09,1990.03 
郑子龙,0000017821,学习,中共河南省委党校,,1949.06,
职伟,0000017824,学习,郑州农业机械化学校,农机专业,1979.09,1981.07 
职伟,0000017824,大专,河南省委党校,行政管理,1985.09,1988.07
职伟,0000017824,本科,中央党校,经济管理,1994.08,1996.12
职伟,0000017824,学习,北京师范大学,经济管理,1998.09,2000.07
郅书安,0000017827,大专,省委党校,,,
智建伟,0000017828,研究生,哈尔滨师范大学,中国古代文学,2004.09,2007.06
钟碧珍,0000017832,本科,北京国际关系学院,汉语言文学,1988.09,1992.07
钟碧珍,0000017832,研究生,广西大学,政治经济学,1998.09,2000.10
钟碧珍,0000017832,培训,广西自治区党委党校,,2005.09,2006.01
钟碧珍,0000017832,研究生,广西自治区党委党校,党政管理,2005.09,2007.12
钟碧珍,0000017832,研究生,清华大学,公共管理,2009.03,2011.01
钟碧珍,0000017832,研修,广西自治区党委党校,,2014.02,2014.05
钟波,0000017835,本科,新疆工学院,工业民用建筑,1978.09,1982.07
钟波,0000017835,进修,新疆生产建设兵团党委党校,,1994.03,1994.05
钟波,0000017835,进修,新疆生产建设兵团党委党校,,1998.04,1998.07
钟波,0000017835,进修,中央党校,,1999.09,2000.01
钟波,0000017835,研究生,新疆大学,政治经济学,1998.09,2000.07
钟关华,0000017839,研究生,浙江省委党校,,,
钟建龙,0000017842,研究生,甘肃省委党校,,,
钟军,0000017844,本科,华东理工大学,高分子化工,1979.09,1983.08
钟军,0000017844,MBA,亚洲（澳门）国际公开大学,,2000.10,2002.10
钟军,0000017844,研究生,中山大学,高级管理人员工商管理,2008.03,2010.06
钟明森,0000017849,本科,中南民族学院语文系,,1968.00,
钟维钦,0000017854,学习,乐山财贸学校,统计,1979.09,1982.07 
钟维钦,0000017854,大专,四川大学,,1985.07,1986.12
钟维钦,0000017854,学习,眉山地委党校,,1998.09,1998.12
钟维钦,0000017854,本科,四川省委党校,法律,1997.09,1999.12
钟维钦,0000017854,学习,清华大学,经济管理,2001.10,2001.11
钟维钦,0000017854,研究生,四川省委党校,行政管理,2000.09,2003.06
钟伟,0000017855,本科,,,,
钟兴国,0000017860,本科,厦门大学,英语,,1982.00
钟兴国,0000017860,访问学者,澳大利亚国立大学,,1988.00,1989.00
钟燕群,0000017862,学习,上海建筑材料工业专科学校,机械专业,1972.12,1974.12
钟燕群,0000017862,自考,华东师范大学,中文,1982.10,1985.05
钟燕群,0000017862,本科,上海第二教育学院,政教管理,1987.09,1989.09
钟燕群,0000017862,学习,上海市委党校,,1991.03,1991.08
钟燕群,0000017862,学习,中央党校,,1994.09,1995.01
钟燕群,0000017862,研究生,上海大学,管理工程,1994.09,1997.10
钟燕群,0000017862,学习,中组部第五期领导干部英语强化班,,2005.00,
钟勇强,0000017866,学习,厦门集美水产学校,,1983.07,1986.07 
钟勇强,0000017866,大专,中央党校函授学院,经济管理,1996.08,1999.06
钟正萌,0000017870,本科,桂林电子科技大学,计算机,1990.09,1994.07
钟正萌,0000017870,学习,天津大学,公共管理,,
周辰良,0000017882,专科,河南百泉农业专科学校,农学,1983.08,1986.07
周辰良,0000017882,本科,河南省委党校,经济,1993.08,1996.01
周成林,0000017883,研究生,安徽大学研究生课程进修班,诉讼法专业,1999.09,2001.01
周成林,0000017883,学习,蚌埠市委党校县干班,,2001.09,2001.12
周成林,0000017883,研究生,安徽省委党校在职研究班,法学专业,1999.09,2002.07
周崇凝,0000017885,本科,,,,
周传航,0000017886,本科,四川省委二党校,经济管理,,
周道富,0000017890,大专,成都电子科技大学,应用物理,1985.09 ,1987.07 
周东柯,0000017894,学习,洛阳大学,计算机应用,1995.09,1998.07
周东柯,0000017894,自考,北京大学,,1998.09,2000.06
周东柯,0000017894,学习,河南科技大学,工商管理,2012.09,2015.01
周高明,0000017899,学习,海南琼台师范学校,中师,1982.09,1986.07
周高明,0000017899,函授,海南教育学院,数学,1986.09,1989.08
周高明,0000017899,本科,中央党校,经济管理,1993.08,1995.12
周高明,0000017899,研究生,海南省委党校,经济管理,2000.09,2003.05
周耕,0000017900,学习,武汉水利电力学院,机电排灌,1986.09,1990.07 
周耕,0000017900,研究生,武汉大学,水利水电工程,2001.01,2004.06
周耕,0000017900,学习,武汉市赴新西兰都市农业发展战略专题研讨班,,2004.11,2004.12
周公卒,0000017902,学习,华中农学院,农机修造,1978.03,1981.12
周光明,0000017904,本科,广东农林学院,植物保护,1972.09,1976.01
周贺,0000017912,本科,吉林工业大学,机械系,1989.09,1993.07 
周贺,0000017912,研究生,吉林工业大学,经济管理,1993.09,1996.03 
周贺,0000017912,博士,吉林大学,政治学理论,1998.00,
周贺,0000017912,学习,美国伊利诺州立大学,工商管理,2003.11,
周华永,0000017916,学习,佛堂大成中学,,1956.00,
周华永,0000017916,学习,天目林学院,林学系,1962.00,1966.05
周继军,0000017923,本科,兰州商学院,审计学,1988.09,1992.07
周继军,0000017923,研究生,厦门大学,会计,1997.11,2003.09
周建,0000017925,学习,衡阳市工商行政管理局集中培训班,,1984.04,1984.08
周建,0000017925,大专,湘潭大学,,1985.04,1987.12 
周建,0000017925,本科,中央党校,政法,1995.08,1997.12 
周建,0000017925,研究生,湖南大学,经济管理,1996.10,1998.10 
周金龙,0000017933,学习,空军电讯工程学院,,1981.09,1984.07
周金星,0000017934,研究生,,,,
周景祥,0000017937,研究生,陕西省委党校,,,
周开龙,0000017942,本科,,,,
周乐彬,0000017946,学习,湖南教育学院,政治系,1984.08,1986.06
周乐彬,0000017946,本科,湖南教育学院,高师,1987.09,1990.06
周力,0000017948,研究生,湖北省委党校,政治经济学,1995.09,1998.09
周立志,0000017949,本科,湘潭大学,历史系,1996.09,2000.07 
周立志,0000017949,研究生,武汉大学,教育与经济,2004.09,2006.06 
周良洛,0000017951,本科,清华大学,高电压技术与设备,1978.06,1983.07
周良洛,0000017951,本科,清华大学,思想政治教育,1984.08,1986.07
周良洛,0000017951,博士,中国科学院,管理科学与工程,2003.03,2006.07
周林祥,0000017953,学习,广东广播电视大学,党政管理,1985.09,1988.07 
周林祥,0000017953,本科,广东省委党校,经济管理,1997.09,1999.12 
周琳,0000017954,学习,安县师范学校中师,,1986.07,
周琳,0000017954,大专,西华师范大学,政治专业,1990.12,
周琳,0000017954,本科,中共四川省委党校,经济管理专业,1995.12,
周琳,0000017954,研究生,中共四川省委党校,经济学专业,2001.12,
周洛,0000017956,本科,,,,
周茂非,0000017958,本科,长春邮电学院,无线电通信,1982.09,1986.08
周茂非,0000017958,学习,美国马里兰大学,,2000.01,
周茂非,0000017958,学习,中国矿业大学,管理科学与工程,,
周明德,0000017960,学习,乐山师范学院,汉语言文学,,
周培芝,0000017964,专科,贵州省黔东南民族师范专科学校,数学科数学,1978.09,1981.08
周培芝,0000017964,本科,贵州省委党校,经济管理,1998.09,2001.07
周庆荣,0000017967,本科,武汉水利电力大学,水利系,1994.08,
周庆荣,0000017967,研究生,武汉水利电力大学,水利系,,2000.06
周权茂,0000017969,本科,贵州大学,哲学系,1984.09,1988.06
周思源,0000017977,本科,西南师范大学,历史系,1979.09,1983.07
周思源,0000017977,研究生,北京师范大学,行政管理,1983.07,1986.07
周思源,0000017977,进修,中国社会科学院,,1987.09,1988.07
周思源,0000017977,学习,清华大学,公共管理,2001.10,2001.12
周思源,0000017977,博士,四川大学,中国文化思想史,1998.09,2005.06
周涛,0000017980,本科,重庆大学,机械设计及制造专业,1986.09,1990.07
周涛,0000017980,研究生,河海大学,技术经济专业,1995.09,1998.03
周涛,0000017980,学习,市委党校县干班,,1998.04,1998.06
周天龙,0000017981,学习,南阳师专中文系,,1984.09,1987.07
周天龙,0000017981,本科,郑州大学,法律专业,2001.06,
周天佑,0000017983,学习,甘肃师范大学,政治历史,1975.09,1977.12 
周天佑,0000017983,学习,甘肃省中青年干部培训班,,1988.09,1989.01
周天佑,0000017983,学习,甘肃省委党校,,1992.03,1992.07
周天佑,0000017983,研究生,中央党校,经济管理,2002.03,2005.01
周廷喜,0000017984,大专,云南省委党校,经济管理,1996.09,1999.09
周廷喜,0000017984,本科,云南省委党校,,2002.09,2005.06
周蔚芬,0000017987,,大冶师范学校,,1979.09,1981.09
周蔚芬,0000017987,研究生,华中师范大学,行政管理,1996.09,1999.12
周蔚芬,0000017987,培训,省委党校,,2001.03,2001.05
周蔚芬,0000017987,学习,中央党校,,2007.03,2007.07
周文高,0000017988,学习,广东省委党校,经济管理学专业,1991.07,
周文高,0000017988,学习,惠阳师专中文系,,1987.09,
周文高,0000017988,学习,全国法院干部业余法律大学,,1991.09,1993.07
周文高,0000017988,本科,中央党校,经济管理专业,1995.08,1998.07
周文高,0000017988,研究生,广东省委党校,经济学专业,1999.10,2002.01
周先毅,0000017994,学习,成都市工业学校,机制,1982.09,1985.07
周先毅,0000017994,学习,西南财经大学,统计,1985.09,1990.09
周先毅,0000017994,研究生,四川省委党校,党建,1996.09,1999.06
周详,0000017996,研究生,,,,
周晓理,0000017998,研究生,中国政法大学,经济法,2000.04,2002.04
周新,0000018001,专科,四川大学,党政干部基础科,1987.09,1990.04
周新,0000018001,本科,中央党校,经济管理,1993.08,1995.12
周新,0000018001,研究生,,,1996.09,1998.07
周新,0000018001,研究生,四川省工商管理学院,,2002.09,2004.07
周新辉,0000018002,研究生,中央党校,研究生院经济管理,2003.09,2006.07
周新全,0000018003,,解放军南京政治学校,,1980.03,1981.07
周新全,0000018003,大专,汕头教育学院,中文,1983.01,1986.01
周新全,0000018003,本科,中央党校,本科班经济管理,1994.08,1996.12
周新全,0000018003,研究生,省委党校,经济学,1999.09,2002.07
周新全,0000018003,进修,中央党校,,2001.02,2001.07
周旭东,0000018004,本科,东南大学,无线电技术,1982.09,1986.07
周旭东,0000018004,研究生,苏州大学,无线电物理与无线电电子学,1986.07,1989.07
周旭东,0000018004,访问学者,英国Sussex大学,,1995.09,1996.09
周学海,0000018005,访学,美国杜克大学桑佛公共管理学院,,2006.01,2006.05
周雪军,0000018008,本科,北京财贸学院,工商行政管理,1986.09,1990.07
周旬,0000018009,本科,重庆师范学院,,1978.09,1982.08
周旬,0000018009,本科,西南师范大学,,1985.09,1987.07
周旬,0000018009,博士,东北师范大学,区域经济学,2002.09,2008.03
周旬,0000018009,培训,中央党校,,2007.03,2008.03
周永鑫,0000018016,函授,陕西教育学院,地理,1986.09,1989.08
周永鑫,0000018016,本科,中央党校,经济管理,1994.08,1996.12
周宇松,0000018018,本科,中国青年政治学院青少年工作系,思想政治教育专业,1992.09,1996.07
周宇松,0000018018,研究生,北京大学政府管理学院,行政管理专业,2001.09,2004.06
周玉梅,0000018020,本科,湘潭大学,图书情报,1986.09,1990.07
周玉梅,0000018020,培训,中共湖南省委党校,,2003.02,2003.07
周玉梅,0000018020,培训,湖南省委党校,,2011.02,2011.07
周玉梅,0000018020,研究生,湘潭大学,工商管理,,2008.12
周镇松,0000018029,大专,韩山师范学院,政治历史,1986.09,1989.07
周镇松,0000018029,培训,广东省委党校,,2002.03,2002.07
周镇松,0000018029,本科,湖南大学,法学,2001.05,2004.11
周政治,0000018032,研究生,省委党校,经济管理,,
周志红,0000018033,研究生,华中师范大学,经济法,1995.09,1999.06
周忠武,0000018036,学习,辽宁熊岳农业学校,,,
周忠武,0000018036,学习,中国社科院,货币银行学,,
周忠武,0000018036,学习,中国政法大学,法律,,
朱爱民,0000018040,学习,宿县地区农校,果林,1978.02,1980.07
朱爱民,0000018040,研究生,,,,
朱柏兴,0000018042,本科,中央党校,行政管理,1997.09,1999.12
朱财斌,0000018046,本科,西北农林科技大学（原西北农业大学）,土地规划与利用专业,,
朱昌贤,0000018048,本科,,,,
朱成帮,0000018050,本科,内蒙古大学,语言文学,1992.09,1996.07
朱成帮,0000018050,培训,内蒙古自治区党校,,1996.07,1996.09
朱成帮,0000018050,培训,乌兰浩特市委党校,,1998.05,1998.06
朱成帮,0000018050,培训,兴安盟委党校,,2006.04,2006.06
朱成帮,0000018050,研究生,吉林省委党校,经济管理,2007.08,2010.07
朱崇敏,0000018052,专科,浙江粮食学校,粮食经营与管理,1987.09,1989.08
朱崇敏,0000018052,学习,台州市委党校,,2001.09,2001.12
朱崇敏,0000018052,学习,浙江省委党校,,2010.08,2010.12
朱东铁,0000018060,本科,武汉水利电力学院,农田水利,1987.09,1991.07
朱东铁,0000018060,研究生,中南大学,概率论及数理统计,2000.09,2003.06
朱东铁,0000018060,研究生,国防科大,公共管理,2002.03,2004.06
朱东铁,0000018060,博士,中南大学,物流工程,2006.09,2009.12
朱福俊,0000018064,研究生,,,,
朱光洪,0000018067,本科,华中师范大学,政治教育,1988.09,1992.07
朱广平,0000018069,本科,郑州大学,中文,1978.02,1982.01
朱广平,0000018069,研究生,武汉汽车工业大学,管理工程,1992.04,1997.06
朱桂云,0000018070,大专,第三砂轮厂技校,磨料磨具工艺制造,1981.09,1984.07
朱桂云,0000018070,学习,贵州广播电视大学,经济管理,1986.09,1988.07
朱桂云,0000018070,进修,厦门大学,行政管理,1999.10,2001.10
朱桂云,0000018070,学习,贵州省委党校,行政管理,1995.09,1998.06
朱桂云,0000018070,研究生,贵州大学与加拿大魁北克大学,项目管理,2004.04,2006.03
朱桂云,0000018070,研究生,中央党校,经济管理,2007.09,2010.07
朱国兵,0000018071,研究生,省委党校,,,
朱海平,0000018073,大专,浙江省委党校,行政管理,1988.09,1990.08
朱红方,0000018075,本科,山东工业大学,动力,1981.09,1985.07
朱红方,0000018075,研究生,,公共管理,,
朱加云,0000018078,专科,聊城师范专科学校,中文,1981.08,1983.07
朱加云,0000018078,本科,中央党校,涉外经济管理,1998.08,2000.12
朱加云,0000018078,培训,聊大经济法学院,公共管理MPA,2003.08,2004.09
朱建国,0000018080,本科,内蒙古农业大学,农学,1985.09,1989.08
朱建国,0000018080,研究生,内蒙古农业大学,农业推广,,
朱建军,0000018081,大专,浙江水产学校,淡水养殖,1986.09,1989.07
朱建军,0000018081,大专,中央党校,经济学,1992.08,1995.06
朱建军,0000018081,本科,中央党校,经济管理,1998.08,2000.12
朱建军,0000018081,研究生,浙江省委党校,经济学,2003.03,2006.01
朱兰玺,0000018087,本科,山东工业大学,工业与民用建筑,1988.09,1992.07
朱兰玺,0000018087,培训,潍坊市委党校,,2001.03,2001.07
朱兰玺,0000018087,培训,潍坊市首批青年干部赴德国培训班,,2001.09,2001.12
朱兰玺,0000018087,研究生,山东省委党校,经济管理,2000.09,2003.06
朱立凡,0000018089,本科,中国人民大学,统计,1989.00,1993.00
朱立凡,0000018089,研究生,南京大学,企业管理,1999.00,2001.00
朱立凡,0000018089,培训,江苏省委党校,,2003.00,2006.00
朱立凡,0000018089,培训,苏州市第九期青年干部培训班,,2005.00,2005.00
朱琳,0000018091,中专,阜阳农校,农学,1980.09,1983.07
朱茂,0000018095,本科,重庆师范学院,历史,1987.09,1991.07
朱茂,0000018095,本科,西南政法学院,法学,1993.09,1996.07
朱茂,0000018095,研究生,中国社会科学院,经济学,1998.07,2000.05
朱苗,0000018096,本科,,,,
朱明泉,0000018098,研究生,,,,
朱谋俊,0000018101,本科,江西农业大学,农机,1981.09,1985.07
朱乃振,0000018102,,黑龙江省财政干校,,1983.06,1986.07
朱乃振,0000018102,研究生,黑龙江省委党校,经济管理,2003.03,2006.01
朱沙一,0000018113,学习,贵阳中学,,1935.00,
朱沙一,0000018113,本科,延安抗大,,1938.10,
朱挺青,0000018119,大专,惠阳师专,中文秘书专业,1985.09,1988.07
朱挺青,0000018119,研究生,省委党校,经济学专业,1995.09,1998.07
朱晞颜,0000018124,本科,上海海运学院,英语,1979.09,1983.07
朱晞颜,0000018124,研究生,上海海运学院,国际经济法,1985.09,1987.07
朱晞颜,0000018124,博士,哈尔滨工业大学,管理科学与工程,1997.03,2002.07
朱晞颜,0000018124,博士后,北京大学,应用经济学,2002.11,2004.12
朱晞颜,0000018124,进修,中央党校,,2005.10,2006.01
朱晞颜,0000018124,研修,国家行政学院,依法行政,2007.10,2008.01
朱晓波,0000018127,研究生,东北财经大学,经济学,,1988.00
朱晓东,0000018128,研究生,天津财经学院,国际贸易专业,1997.10,1999.06
朱晓东,0000018128,学习,南开大学商学院,工商管理专业,2008.11,2010.07
朱兴波,0000018130,研究生,省委党校,,,
朱毅,0000018140,研究生,,,,
朱用文,0000018144,本科,湖南大学,,1987.09,1990.06
朱战民,0000018149,大专,全国高等教育自学考试,汉语言文学,1994.10,1996.10
朱战民,0000018149,本科,中央党校,行政管理,1997.09,1999.12
朱战民,0000018149,研究生,省委学校,科学社会主义,2000.09,2002.12
朱芝松,0000018152,研究生,哈尔滨工业大学,机械制造,,1989.00
朱志华,0000018153,本科,,,,
祝宏根,0000018166,本科,中央党校,涉外经济,1994.08,1996.12
祝宏根,0000018166,研究生,江西省委党校,区域经济,2005.08,2007.12
祝宏根,0000018166,研究生,江西省委党校,法学,2007.08,2009.12
祝天姝,0000018168,大专,呼兰师专,中文,1989.09,1993.07
祝天姝,0000018168,本科,哈师大,中文,1992.07,1995.12
祝晓农,0000018170,研究生,省委党校,,,
祝永安,0000018173,本科,,,,
庄继艳,0000018175,,浙江海洋学院,中文,1996.09,1999.07
庄木弟,0000018177,研究生,中央党校,,,
庄少勤,0000018178,博士,同济大学,,,1995.09
庄绍徐,0000018179,大专,,,,
庄晓东,0000018180,本科,中山大学,历史学,1989.09,1993.07
庄晓东,0000018180,研究生,中国对外经济贸易大学,国际贸易,1997.04,1999.07
庄晓东,0000018180,培训,珠海市委党校,,1999.09,1999.12
庄晓东,0000018180,培训,美国加州西南学院,,2001.05,2002.09
庄晓东,0000018180,培训,广东省委党校,,2004.09,2004.12
庄晓东,0000018180,博士,中山大学,社会学,2003.07,2007.12
卓传计,0000018184,本科,,,,
卓飞,0000018185,学习,清镇师范学校,,1984.09,1987.07
卓飞,0000018185,大专,贵州大学,行政管理,1992.09,1994.07
卓飞,0000018185,学习,贵州省委党校,经济管理,1994.08,1997.07
卓晓銮,0000018192,大专,福州幼师,学习,1985.09,1988.07
卓晓銮,0000018192,函授,福建师范大学,音乐,1990.07,1993.06
卓晓銮,0000018192,培训,福建省委党校,,1997.09,1999.07
卓晓銮,0000018192,研究生,福建省委党校,政治经济学,2000.09,2003.01
卓雪梅,0000018193,专科,西昌师专,数学,1983.09,1986.07
卓雪梅,0000018193,学习,州委党校,,1996.07,1996.09
卓雪梅,0000018193,学习,省委党校,,2003.03,2003.07
子克拉格,0000018194,专科,,,1985.09,1988.07
子克拉格,0000018194,研究生,西南师范大学,,1998.09,2000.07
子克拉格,0000018194,研究生,四川工商管理学院,工商管理,2004.07,2006.07
字德海,0000018197,本科,,,,
宗国明,0000018200,本科,,,,
宗家桢,0000018201,本科,开封大学,,1988.09,1991.07
宗家桢,0000018201,研究生,中国人民大学,区域经济学,2003.09,2005.01
宗明,0000018202,博士,上海大学,,,
宗玉红,0000018203,本科,河南广播电视大学,法律,1985.06,1988.07
宗玉红,0000018203,函授,中央党校,经济管理,1996.08,1998.12
邹成燕,0000018206,,安康学院,中文,,1983.00
邹成燕,0000018206,研究生,西北大学,,,
邹凤彦,0000018207,本科,辽宁师范大学,中文,1985.09,1989.07
邹凤彦,0000018207,,沈阳建筑大学-美国班尼迪克大学,信息管理,2006.07,2008.03
邹河,0000018208,本科,安徽医科大学,医疗,1979.09,1984.08
邹河,0000018208,培训,美国马里兰国立大学,,1997.08,1998.08
邹河,0000018208,研究生,安徽工商管理学院,,1999.02,2001.05
邹洪,0000018209,本科,郑州大学,中文,1979.09,1983.07
邹洪,0000018209,研究生,河南省委党校,经济管理,1998.09,2001.07
邹继刚,0000018212,本科,哈尔滨工程大学,自动控制,1993.09,1997.09
邹继刚,0000018212,研究生,哈尔滨工程大学,机电控制及自动化,1997.09,1998.09
邹继刚,0000018212,博士,哈尔滨工程大学,控制理论与控制工程,1998.09,2002.05
邹俊杰,0000018216,研究生,,,,
邹士辉,0000018224,本科,无锡市城建职工大学,工民建专业,1981.09,
邹树琦,0000018225,学习,山西省委党校,,1994.09,1996.07
邹树琦,0000018225,研究生,,工商管理,,
邹学军,0000018229,本科,中山大学,哲学,1970.00,1973.08
邹永松,0000018231,大专,华南师范大学,政治,1984.09,1986.07
邹永松,0000018231,研究生,广东省社科院,经济学,1998.09,2001.07
邹致和,0000018234,本科,南京大学,政治经济学,1983.09,1987.08
邹致和,0000018234,学习,中共湖南省委党校,,2009.09,2009.11
祖爱民,0000018235,本科,,,,
左怀理,0000018236,,延安地区农业机械化学校,,1981.10,1983.07
左怀理,0000018236,本科,中共延安市委党校,经济管理,1999.08,2001.12
左怀理,0000018236,研究生,陕西师范大学,政治经济学,2003.09,2005.07
左俊勇,0000018238,学习,河北经济管理学院,审计,1986.08,1988.07
左俊勇,0000018238,研究生,省委党校,经济管理,2002.09,2005.07
左延,0000018242,本科,江西师大,,,
左耀锋,0000018243,本科,,,,
张学忠,0000018247,大专,甘肃省兰州市师范学校,,1958.08,1961.07
张学忠,0000018247,本科,兰州大学,汉语言文学,1964.09,1966.06
秦昆,0000018259,学习,广西工商行政管理学校,工商管理,1986.09,1988.07
秦昆,0000018259,大专,广西青年干部学院,青年工作,1990.09,1992.07
秦昆,0000018259,学习,广西师范大学,中国近现代史,1998.10,2000.10
秦昆,0000018259,研究生,广西大学,结构工程,2002.03,2004.10
秦仲鑫,0000018260,本科,安徽大学,,,
丘德奎,0000018262,学习,广西博白县师范学校,,1981.09,1984.08
丘德奎,0000018262,学习,广西教育学院,政治教育,1985.09,1988.07
丘德奎,0000018262,培训,广西大学,宏观经济管理,1995.09,1997.06
丘德奎,0000018262,培训,自治区党委党校,,2005.09,2005.12
丘广钟,0000018263,高中,,,,1969.01
丘广钟,0000018263,大专,福建农学院,农学,1972.11,1975.08
王龙,0000018264,大专,省委党校,政治管理,1991.09,1994.07
王龙,0000018264,本科,中央党校,涉外经济,1995.09,1997.12
王龙,0000018264,,福建工艺美术学校,绘画,1979.09,1982.07
朱汉桥,0000018265,,中国人民解放军坦克学院,,1979.11,1982.10
朱汉桥,0000018265,,中国人民解放军装甲兵学院,,1984.09,1985.09
朱汉桥,0000018265,学习,中央党校,经济管理,1997.08,1999.12
朱汉桥,0000018265,研究生,华中科技大学,工商管理,2002.10,2005.11
朱贺星,0000018267,本科,河北农业大学,农学,1973.09,1975.10
朱宏伟,0000018269,研究生,,,,
朱华,0000018271,学习,杭州师范学院政治系,,1987.09,1991.08
朱华,0000018271,研究生,杭州大学哲学社会学系,马克思主义哲学专业,1993.09,1996.08
朱华,0000018272,本科,西南农业大学,土壤农化,1988.09,1992.07
朱华,0000018272,学习,四川省委党校,,2003.03,2003.05
周勇,0000018273,本科,合肥工业大学,农水,1982.09,1986.07
周勇,0000018273,研究生,合肥工业大学,水文及水资源,1986.07,1989.09
朱江华,0000018275,学习,黔东南州农业机械化学校,农业机械化专业,1979.09,1981.09
朱江华,0000018275,学习,贵州省经济管理干部学院,工业企业管理专业,1985.09,1987.07
朱江华,0000018275,学习,贵州省委党校民族干部班,,1993.09,1993.11
朱江华,0000018275,学习,贵州省委党校中青班,,1996.09,1997.01
朱江华,0000018275,学习,贵州省委党校,经济管理专业,1996.09,1999.07
朱江华,0000018275,进修,中央党校进修班,,2003.03,2003.06
朱金雄,0000018277,学习,韶关师专,,1984.09,1986.07
朱金雄,0000018277,研究生,省委党校,经济学,1996.09,1999.07
周章新,0000018280,大专,嘉应教育学院,政治,1985.09,1987.07
周章新,0000018280,本科,华南师范大学,政治教育,1988.09,1991.07
周章新,0000018280,研究生,广东省委党校,经济学,1996.09,1999.07
周章新,0000018280,培训,广东省委党校,,2004.09,2004.12
朱丽霞,0000018283,本科,州农学院,植保,1980.09,1984.08
朱丽霞,0000018283,进修,中国社会科学院,金融学,1999.11,2001.11
朱丽霞,0000018283,研究生,中央党校,经济学,2005.03,2008.07
朱良才,0000018284,,河南省西华师范学校,,1989.09,1992.07
朱良才,0000018284,学习,河南大学,市场经济,1993.08,1995.07
朱良才,0000018284,学习,中央党校,经济管理,1997.08,1999.12
朱良才,0000018284,研究生,河南省委党校,经济管理,2004.09,2007.06
朱良才,0000018284,学习,河南农业大学,经济作物栽培,2007.09,2010.06
朱启平,0000018295,本科,,,,
朱东亚,0000018299,学习,河南省人民警察学校,公安,1986.09,1988.07
朱东亚,0000018299,研究生,中南财经政法大学,法律,1997.09,2000.07
朱善璐,0000018301,高中,黑龙江省拜泉县第一中学,,1965.07,1968.09
朱善璐,0000018301,本科,北京大学,哲学,1979.09,1982.08
朱善璐,0000018301,进修,中共中央党校,,1995.09,1996.01
朱善璐,0000018301,培训,中共中央党校,,2005.09,2006.01
朱绍伦,0000018302,学习,贵州省委党校,经济管理,1996.09,1999.07
朱绍伦,0000018302,本科,贵州省委党校,法律,2000.09,2003.04
朱深寿,0000018303,培训,广东省委党校,,1999.08,1999.11
朱深寿,0000018303,本科,广东省委党校,经济管理,2000.09,2003.07
朱汉东,0000018305,本科,,,,1998.12
孙喆,0000018307,本科,东北财经大学,经济管理,1988.09,1992.07
孙喆,0000018307,研究生,复旦大学,世界经济,1996.07,1999.09
孙喆,0000018307,培训,中央党校,,2008.09,2009.01
孙喆,0000018307,学习,长江商学院,EMBA,2010.04,2012.11
唐庆明,0000018308,本科,安徽农业大学,,,
唐庆明,0000018308,研究生,中国科技大学,,,
王波,0000018309,研究生,,,,
王宏林,0000018313,研究生,甘肃省委党校,工商管理,,
王宏斌,0000018314,研究生,,,,
吴平,0000018319,学习,四川工商管理学院,工商管理,2010.09,2012.07
吴健彦,0000018322,大专,韩山师专（现韩山师范学院）,汉语言文学,1981.09,1984.08
吴健彦,0000018322,本科,广东省委党校,,,
吴强,0000018323,本科,广西大学,果树,1980.09,1984.07
吴强,0000018323,研究生,中共中央党校,经济管理,2002.09,2005.07
吴清,0000018327,博士,,经济学,,
吴胜华,0000018333,本科,贵州农学院农学系,农学专业,1984.09,1988.08
吴胜华,0000018333,研究生,湖北大学哲学院,伦理学专业,2004.09,2007.06
吴亮平,0000018341,高中,南洋中学,,1919.00,
吴亮平,0000018341,本科,莫斯科中山大学,,1925.11,
张国栋,0000018354,大专,蓟县师范学校,政文,1973.09,1975.09
张国栋,0000018354,函授,河北大学,中文,1983.09,1986.07
张国栋,0000018354,学习,省委党校,,1988.03,1988.06
张学军,0000018356,本科,郑州大学,文秘,1985.09,1988.06
张学军,0000018356,函授,中央党校,经济管理,1994.08,1996.12
张学军,0000018356,研究生,河南大学,汉语言文学,1996.09,1998.07
张学军,0000018356,进修,河南省委党校,,2002.03,2002.06
赵勇,0000018359,,河南省安阳农业学校,牧医,1990.09,1994.08
赵勇,0000018359,本科,中共河南省委党校,经济管理,1994.09,1996.12
赵勇,0000018359,研究生,中共中央党校,政治学理论,2004.09,2007.07
李波,0000018446,本科,陕西师范大学,,1990.09,1994.07
李波,0000018446,研究生,西安交通大学,,2004.08,2006.12
许斌,0000018466,本科,中南林学院,森林保护,1994.09,1998.06
陈苏厚,0000018472,进修,中央党校,,1983.08,1985.07
董永芳,0000018477,学习,甘肃省委党校,党政管理,1988.09,1990.07
董永芳,0000018477,本科,中央党校,政治,1993.08,1995.12
蓝英思,0000018489,研究生,,,,
李巨峰,0000018491,大专,信阳农业学校,畜牧兽医,1980.09,1983.08
王刚,0000018502,研究生,,,,
盛娅农,0000018509,研究生,重庆工商管理硕士学院,工商管理,2000.03,2003.06
李兵,0000018517,本科,广西师范学院,地理,1985.09,1989.07
李兵,0000018517,培训,广西南宁市委党校,,1997.09,1997.12
李兵,0000018517,学习,南宁市委党政副处级领导干部中青班,,2000.04,2000.06
李兵,0000018517,研究生,广西师范大学,国民经济学,2003.09,2005.09
李毅,0000018523,研究生,省委党校,,,
王洪斌,0000018524,大专,哈尔滨师范大学,汉语言文学,1981.05,1984.05
王洪斌,0000018524,本科,黑龙江矿业学院,采矿工程,1984.09,1989.12
王洪斌,0000018524,进修,黑龙江省社会科学院,经济管理,1993.06,1995.07
王洪斌,0000018524,大专,湖南农学院,农学,1984.09,1987.07
王洪斌,0000018524,本科,中央党校,经济管理,2000.08,2002.12
王继军,0000018525,本科,郑州大学,法律系,1982.09,1986.07
王继军,0000018525,研究生,中国人民大学,,1994.09,1996.07
伍培进,0000018526,大专,省委党校,经济管理,1997.09,2000.07
伍培进,0000018526,本科,省委党校,经济管理,2000.09,2002.12
谢烈鹏,0000018528,进修,韩山师专,,1984.09,1986.07
谢烈鹏,0000018528,本科,省委党校,行政管理,1985.09,1997.12
陈勇,0000018530,大专,贵州省安顺农校,农学,1982.09,1985.08
陈勇,0000018530,大专,贵州省委党校,党政管理,1989.09,1991.07
陈勇,0000018530,培训,贵州省委党校,,1996.03,1996.05
陈勇,0000018530,函授,贵州省委党校,经济管理,1996.09,1999.07
陈勇,0000018530,研修,贵州大学,经济管理,1998.09,2000.07
陈勇,0000018530,研究生,武汉大学,软件工程,2005.09,2007.06
余伟良,0000018534,研究生,中国人民大学,经济法,,
张海波,0000018536,本科,中央民族大学,历史学,1990.09,1994.07
张海波,0000018536,研究生,中央民族大学,中国古代史,1995.09,1998.07
张海波,0000018536,培训,省委党校,,2002.09,2003.01
张海波,0000018536,培训,省委党校,,2007.09,2007.11
曾明全,0000018538,本科,重庆大学,采矿,1981.09,1985.07 
李斌,0000018549,本科,上海交通大学,船舶与海洋工程系船舶工程专业,1985.09,1989.07
李斌,0000018549,研究生,大连理工大学,土木系结构工程专业,1989.07,1992.07
顾掌权,0000018551,学习,贵州省委党校,,2003.03,2003.07
顾掌权,0000018551,,清华大学,公共管理,2006.09,2006.12
哈斯巴雅尔,0000018552,本科,,,,
李军,0000018558,学习,河南省委党校,经管专业,1993.09,1995.12
李军,0000018558,本科,武汉大学,文学,1978.10,1982.09 
李军,0000018558,研究生,武汉大学,古典文献,1982.09,1985.08
李军,0000018558,博士,武汉大学,政治经济学,1995.09,2000.06
李军,0000018558,博士后,北京大学,应用经济学,2001.01,2002.12
李军,0000018558,培训,中央党校,,2003.03,2003.07
李军,0000018558,研究生,省委党校,,,
李平,0000018564,进修,安徽省委党校,,1994.09,1994.01
李平,0000018564,本科,中央党校,经济管理,1995.08,1997.12
李平,0000018564,研究生,中央党校,经济管理,2001.09,2004.07
李平,0000018564,培训,安徽省委党校,,2005.09,2005.12
刘平,0000018575,专科,宜春师范专科学校,汉语言文学,1981.09,1984.08
刘平,0000018575,大专,江西省宜春地委党校,,1997.09,1997.11
刘平,0000018575,,华中农业大学,农业经济管理,1999.09,2002.06
左军,0000018582,大专,四川省行政财贸管理干部学院,文秘,1989.10,1991.07
左军,0000018582,本科,重庆市委党校,经济管理,1996.09,1998.07
左军,0000018582,研究生,重庆市委党校,法学,2000.09,2003.07
左军,0000018582,培训,重庆市委党校,,2009.03,2009.09
张立新,0000018583,学习,成县师范,,1981.08,1984.07 
张立新,0000018583,学习,甘肃教育学院,汉语言文学,1988.08,1990.07　
张立新,0000018583,本科,高等教育自学考试,汉语言文学,1989.10,1995.12
张立新,0000018583,学习,甘肃省委党校,经济发展与党的领导,2004.09,2007.06
赵建军,0000018584,大专,开封师范学院,体育,1976.09,1978.12
刘耀辉,0000018586,专科,省委党校,,1986.03,1989.02
刘耀辉,0000018586,学习,青岛海洋大学,渔业环境保护管理,1990.09,1991.07
刘耀辉,0000018586,本科,中央党校,政法,1998.09,2000.12
刘耀辉,0000018586,进修,湛江市委党校,,2005.09,2005.11
刘耀辉,0000018586,,惠阳地区师范学校,,1973.09,1975.09
刘耀辉,0000018586,培训,省委党校,,1989.09,1990.01
刘耀辉,0000018586,培训,省委党校,,1990.09,
刘耀辉,0000018586,研究生,中山大学,哲学,,
刘耀辉,0000018586,研修,中共中央宣传部,,1998.09,1999.01
彭勇,0000018588,本科,四川师范大学,汉语言文学,,
王兵,0000018590,大专,天水师专,中文,1978.09,1980.09
王兵,0000018591,本科,中央党校,党政管理,1998.09,2000.12
肖志钢,0000018591,大专,中南财经学院,院工业企业,1979.00,1982.00
肖志钢,0000018591,进修,华中工学院,,1982.00,
肖志钢,0000018591,研究生,中央党校,经济管理,1993.00,1996.00
杨斌,0000018592,,北京建筑工程学院,给排水,,
杨斌,0000018592,博士,中国人民大学,产业经济,,
王兵,0000018592,研究生, 西北师范大学,区域管理与政策,2000.09,2002.07
王兵,0000018593,进修,中央党校,,2004.09,2005.01
王兵,0000018594,培训,甘肃省委党校,,2006.09,2007.01
张智明,0000018597,函授,中央党校,经济管理,1993.09,1995.12
张智明,0000018597,研究生,甘肃省委党校,,2000.09,2003.07
张子玉,0000018609,本科,,,,
林湘,0000018613,专科,成都师范专科学校,,1991.09,1994.07
林湘,0000018613,研修,?四川大学,知识经济管理,1999.09,2001.06
林湘,0000018613,学习,?四川省委党校,法律,1999.09,2001.12 
林湘,0000018613,培训,成都市委党校,,2002.03,2002.07 
林湘,0000018613,研究生,四川省委党校,行政管理,2003.09,2006.06
林湘,0000018613,研究生,四川农业大学,农村与区域发展,,
刘臣,0000018614,中专,黑龙江水利工程学校,水电站自动化,1979.02,1982.01
刘臣,0000018614,本科,黑龙江大学,经济管理,1993.05,1995.11
刘臣,0000018614,培训,省委党校,,2001.03,2001.07
刘臣,0000018614,研究生,省委党校,经济管理,2001.03,2004.01
刘臣,0000018614,培训,国家行政学院,,2005.09,2005.12
刘臣,0000018614,研究生,哈工大,高级工商管理,2004.06,2006.06
刘臣,0000018614,培训,省委党校,,2006.10,2006.12
刘亮,0000018616,本科,西藏农牧学院,,1994.07,1997.07
刘亮,0000018616,本科,中央党校,法律,2001.08,2003.12
周斌,0000018622,本科,南京东南大学,环境工程,1985.09,1989.06
周斌,0000018622,研究生,东南大学,工程,2003.04,
占堆,0000018625,本科,西藏农牧学院,财会,1978.09,1981.07
占堆,0000018625,培训,西藏自治区山南地委党校,,1985.07,1987.07
占堆,0000018625,培训,中央党校,,1999.03,1999.07
占堆,0000018625,学习,中央党校函授学院西藏分院,行政管理,1999.08,2002.06
占堆,0000018625,培训,中央党校,,2006.03,2007.01
王俊强,0000018653,本科,昆明工学院,自动化控制系,1981.09,1985.08
王俊强,0000018653,研究生,中南工业大学,自动化系,1986.08,1988.08
麦成柱,0000018921,,中南民族学院,国民经济管理,1993.09,1997.07
麦成柱,0000018921,研究生,广西师范大学,经济史,2007.09,2009.09
李刚,0000018950,,河南省人民警察学校,,1980.09,1982.07
李刚,0000018950,函授,郑州大学,法律,1985.09,1988.07
李刚,0000018950,本科,河南省委党校,函授夜大本科班经济管理,1993.03,1995.12
李刚,0000018950,,中国公安大学,公安管理,1997.03,2001.12
李刚,0000018950,研究生,河南省委党校,领导干部在职研究生班行政管理,2000.09,2003.06
李刚,0000018950,研修,河南省委党校,,2008.03,2008.06
陈勇,0000019098,专科,江苏省盐城师范专科学校,,1983.09,1986.07
陈勇,0000019098,研究生,南京林业大学,林产化学加工,1988.09,1991.07
陈勇,0000019098,博士,南京林业大学,生态学,2001.09,2003.07
陈勇,0000019098,博士后,南京大学,,2005.01,2008.01
李杰,0000019219,大专,临汝师范学校,,1984.09,1987.07
李杰,0000019219,自考,河南大学,汉语言文学,1988.10,1990.11
李杰,0000019219,函授,中央党校,经济管理,1998.05,2000.12
李杰,0000019219,培训,市委党校,,2008.03,2008.06
郭延红,0000019256,研究生,湖南大学,工业与民用建筑,,
穆鹏,0000019266,本科,重庆建筑工程学院,地下建筑,1984.07,1988.07
李为军,0000019274,研究生,中央党校,法学,2004.09,2007.07
李杰,0000019275,本科,中央党校,经济管理,,
李杰,0000019275,研究生,河北大学,世界经济,,
冯素伟,0000019277,本科,河北师范大学,,1985.09,1987.06
王涛,0000019280,研究生,河北大学,政治经济学,2004.09,2007.06
王涛,0000019280,博士,南开大学,经济史,2008.09,2011.06
彭晓明,0000019288,专科,滦县师范学校,,1986.09,1989.08
彭晓明,0000019288,学习,河北教育学院,汉语言文学,1992.09,1995.08
彭晓明,0000019288,函授,中央党校,法律,2000.09,2002.12
彭晓明,0000019288,研究生,天津师范大学,研究生课程进修班科学社会主义,2000.10,2002.12
彭晓明,0000019288,学习,河北科技师范学院,法学,2006.03,2008.01
韩国强,0000019297,专科,河北滦县师范学校,中师,1984.09,1987.08
韩国强,0000019297,函授,省委党校,,1994.09,1997.07
韩国强,0000019297,函授,省委党校,经济管理,2000.09,2002.12
刘宝岐,0000019301,本科,河北大学,化学,1986.09,1990.07
刘宝岐,0000019301,研究生,河北大学,世界经济,1996.09,1999.06
刘宝岐,0000019301,博士,河北大学,教育史,2003.09,2010.06
陈秋华,0000019302,本科,湖南财经学院,统计,1984.07,1988.07
陈秋华,0000019302,研究生,,在财政部财政科学研究所财政学,1988.07,1991.07
陈秋华,0000019302,博士,,在财政部财政科学研究所财政学,1999.09,2002.07
陈秋华,0000019302,进修,中央党校,,2005.10,2006.01
赵青英,0000019303,本科,中国青.政治学院,社会工作与管理,1994.09,1998.07
赵青英,0000019303,研究生,河北大学,诉讼法,2001.09,2003.06
焦大伟,0000019305,本科,山西晋中学院,,2002.09,2007.07
殷社林,0000019313,大专,大名师范学校,,1981.09,1984.08
殷社林,0000019313,函授,省委党校,,1985.09,1988.07
殷社林,0000019313,研究生,南开大学,,1999.11,2001.10
殷社林,0000019313,本科,中央党校,本科法律,2005.08,2007.12
殷社林,0000019313,研究生,河北省委党校,法学,2009.09,2012.06
薛洪志,0000019314,专科,江苏淮阴粮食学校,饲料加工,1985.08,1987.08
薛洪志,0000019314,学习,邯郸市教育学院,,1989.06,1992.06
薛洪志,0000019314,本科,参加河北大学,自学考试法律,1996.06,2000.12
薛洪志,0000019314,研究生,参加河北省委党校,经济管理,2001.09,2004.07
李小平,0000019331,本科,河北师范大学,地理,1987.09,1991.07
李小平,0000019331,研究生,河北省委党校,研究生班经济管理,1997.01,2000.01
李小平,0000019331,研究生,河北大学,新闻,2008.09,2010.06
刘彦涛,0000019333,本科,河北工学院,建筑学,1988.09,1992.07
刘彦涛,0000019333,研究生,河北师范大学,中国近现代史,2000.00,2003.04
崔建民,0000019342,本科,华东师范大学,,1982.09,1986.07
崔建民,0000019342,研究生,北京大学,,1997.09,2000.07
刘志刚,0000019350,专科,河北省保定师范学校,,1988.09,
刘志刚,0000019350,函授,河北省委党校,经管,1994.09,1997.07
刘志刚,0000019350,函授,中央党校,法律,1999.08,2001.12
刘志刚,0000019350,研究生,河北省委党校,法学,2003.09,2006.07
王江,0000019356,学习,河北省张家口地区农机学校,农机,1978.09,1981.09
王江,0000019356,大专,河北省委党校,,1994.09,1997.07
王江,0000019356,学习,河北省委党校,,1995.05,1995.07
王江,0000019356,函授,中央党校,经济管理,1997.08,1999.12
王江,0000019356,研究生,中央党校,法学理论,2006.09,2009.07
冯祥利,0000019357,本科,河北省张家口地区农机学校,农业经济管理,1987.08,1991.10
冯祥利,0000019357,学习,中国农业大学,经济管理,2000.09,2002.07
李建龙,0000019366,研究生,省委党校,经济管理,,
李建龙,0000019366,研究生,河北林学院,森林保护,,
张志友,0000019367,专科,柴沟堡师范学校,,1985.09,1988.07
张志友,0000019367,本科,中央党校,经济管理,1993.03,1995.12
张志友,0000019367,研究生,省委党校,经济管理,1999.09,2001.12
赵振清,0000019374,研究生,中央民族大学,政治经济学,,2010.07
于山,0000019379,本科,兰州铁道学院,给排水工程,1979.09,1983.07
于山,0000019379,研究生,天津大学,研究生院环境工程,1986.08,1989.04
于山,0000019379,培训,河北省委党校,,2000.09,2001.01
于山,0000019379,培训,河北省委党校,,2002.09,2003.01
于山,0000019379,博士,天津大学,管理科学与工程,2000.04,2006.03
张立庄,0000019392,本科,河北师范大学,教育管理,,
宋忠秋,0000019396,本科,河北大学,经济学,1986.09,1990.07
刘雪松,0000019406,本科,廊坊工业学校,会计,1987.09,1991.07
刘雪松,0000019406,学习,河北广播电视大学,文秘,1992.09,1995.07
刘雪松,0000019406,函授,中央党校,政法,1995.08,1997.12
刘雪松,0000019406,研究生,省委党校,经济管理,1999.09,2001.12
刘新营,0000019412,本科,河北师范大学,政治教育,1984.09,1988.06
刘新营,0000019412,在职研究生,省委党校,在职研究生班经济管理,2000.09,2003.07
陈业鹏,0000019421,专科,保定师范学校,,1981.07,1984.09
陈业鹏,0000019421,学习,河北广播电视大学,中文,1985.07,1988.07
陈业鹏,0000019421,本科,中央党校,本科班经济管理,1995.07,1997.12
陈业鹏,0000019421,研究生,河北省委党校,法学,2003.09,2006.07
王建峰,0000019429,本科,山西大学,,1995.09,1999.07
王建峰,0000019429,研究生,山西财经大学,,2006.08,2008.07
李树忠,0000019431,研究生,中央党校,,,
张韬,0000019433,研究生,山西大学,经济学,2005.06,
李继忠,0000019434,本科,中央党校,政治,1991.08,1993.12
李继忠,0000019434,研究生,吉林大学,马克思主义与思想政治教育,2003.09,2006.07
李继忠,0000019434,博士,吉林大学,思想政治教育,2006.09,2011.06
李继忠,0000019434,进修,大同市委党校,,2015.09,2015.10
任希杰,0000019438,研究生,北京大学,地球物理,,
李纬,0000019439,研究生,天津大学,化学工程,2003.09,2006.07
李纬,0000019439,博士,南开大学,政治经济学,2006.09,2009.07
李纬,0000019439,博士后,北京大学,,2010.07,2012.07
李纬,0000019439,进修,市委党校,,2013.10,2013.12
李纬,0000019439,培训,省委党校,,2014.09,2014.12
邓志蓉,0000019440,本科,山西大学,企业管理,1989.09,1993.07
邓志蓉,0000019440,研究生,山西大学,经济法,2001.09,2003.09
邓志蓉,0000019440,学习,山西省委党校,,2012.09,2012.12
王建江,0000019442,,德宏农机化学校,农机化,1979.09,1981.08
王建江,0000019442,大专,云南师范大学,企业管理,,
李军,0000019448,中专,,,1985.09,1987.07
李军,0000019448,本科,吉首大学,经济法,2001.07,2003.07
王明厚,0000019452,本科,太原重型机械学院,,1991.09,1995.07
王明厚,0000019452,研究生,西安交通大学,,2001.03,2003.12
王明厚,0000019452,培训,国家行政学院,,2010.09,2011.07
申济,0000019453,本科,山西大学,经济管理,1984.09,1988.07
张其光,0000019454,本科,清华大学,水利水电建筑工程,1995.09,2000.07
张其光,0000019454,研究生,清华大学,土木工程岩土工程,2000.07,2004.04
张其光,0000019454,博士,清华大学,,2004.04,2007.01
杨隽,0000019457,,民政部天津民政学校,行政管理,1987.09,1989.07
张晋伟,0000019458,本科,山西农业大学,,1986.09,1990.07
翟卫华,0000019460,本科,山西农业大学,,1988.09,1992.07
王文全,0000019466,学习,晋东南工业学校,机械制造,1984.09,1986.07
王文全,0000019466,学习,北京大学,纪检,1990.04,1991.09
王文全,0000019466,函授,山西大学,文秘,1988.09,1991.07
侯贵宝,0000019467,本科,中国农业大学,,1984.09,1988.07
王志坚,0000019471,函授,中央党校,政治,1994.09,1996.12
徐军,0000019477,本科,兰州大学,行政管理,1987.09,
徐军,0000019477,研究生,安徽省委党校,政治学,1997.09,2000.06
黄亚平,0000019483,,运城地区会计学校,,1994.09,1996.07
黄亚平,0000019483,专科,山西广播电视大学,,2002.08,2004.07
黄亚平,0000019483,本科,中央党校,法律,2005.08,2007.12
黄亚平,0000019483,研究生,山西省委党校,公共管理,2010.09,2013.07
解芳,0000019485,大专,山西省委党校,经济管理,1994.09,1997.09
解芳,0000019485,本科,中央党校,本科班经济管理,2003.08,2005.12
徐志英,0000019491,本科,中央党校,经济管理,,
崔向松,0000019495,专科,五寨师范学校,,1980.09,1982.08
崔向松,0000019495,本科,中央党校,法律,1999.08,2001.12
崔向松,0000019495,研究生,山西省委党校,经济管理,2002.09,2005.07
张生明,0000019496,进修,对外经济贸易大学,,1993.01,1993.07
孟宏斌,0000019499,大专,雁北师范学院,数学,1992.10,1995.07
孟宏斌,0000019499,本科,中央党校,法律,1997.10,1999.12
孟宏斌,0000019499,研究生,省委党校,哲学,2000.09,2002.07
孟宏斌,0000019499,研究生,山西农业大学,农村与区域发展,2010.03,2012.06
韩斌,0000019501,专科,五寨师范,,1981.09,1984.08
杨述平,0000019502,本科,太原机械学院,测控技术与仪器,1987.09,1991.07
杨述平,0000019502,研究生,华北工学院,统工程,1994.09,1997.03
杨述平,0000019502,博士,中北大学,测试计量技术与仪器,2002.09,2005.10
马志强,0000019503,专科,忻州地区工业学校,采煤,1991.09,1993.07
马志强,0000019503,专科,山西大学,法律,,1994.06
马志强,0000019503,本科,山西大学,法律,,1998.06
马志强,0000019503,研究生,中央党校,法学理论,2006.09,2009.09
高永贤,0000019506,本科,东北财经大学,,,
廉海平,0000019512,本科,中央党校,经济管理,2004.08,2006.12
杨建军,0000019514,本科,中央党校,,,
王金龙,0000019515,研究生,山西农业大学,农业推广,,2006.12
陈浩,0000019522,本科,首都师范大学,,1985.09,1989.07
王锦锋,0000019524,专科,吕梁师专,,1981.09,1984.08
李溢涛,0000019525,学习,山西省委党校,,1987.09,1989.06
李溢涛,0000019525,本科,中央党校,,1992.08,1994.12
李溢涛,0000019525,进修,中国社科院,,1996.12,1998.11
霍慧文,0000019526,本科,西北工业大学,工程力学,1988.09,1992.07
霍慧文,0000019526,研究生,中央党校,法学理论,2010.09,2012.10
云新明,0000019527,函授,中央党校,法律,1999.08,2001.12
云新明,0000019527,研究生,大连理工大学,工商管理,2009.05,2011.07
范志忠,0000019528,本科,内蒙古哲里木畜牧学院,,1987.09,1991.07
范志忠,0000019528,研究生,内蒙古农业大学,农业经济管理,2003.09,2006.10
云鉴,0000019530,自考,内蒙古大学,自考新闻,2006.04,2008.04
云鉴,0000019530,研究生,中国政法大学,公共管理,2007.07,2009.07
云忠厚,0000019532,培训,市委党校,,1995.04,1995.07
云忠厚,0000019532,培训,市委党校,,1997.09,1997.12
云忠厚,0000019532,培训,中央党校,,2002.06,2002.07
高勇,0000019542,本科,天津大学,基本有机合成,1975.10,1978.10
高勇,0000019542,,天津市委党校,党政领导与管理,1983.10,1985.07
高勇,0000019542,研究生,中央党校,法学,1995.09,1998.01
张永文,0000019543,本科,山西矿业学院,,,
贾庆东,0000019544,本科,内蒙古大学,,1986.09,1990.07
王勇,0000019546,专科,昭乌达盟蒙族师范专科学校,化学,1988.09,1990.07
付守利,0000019550,专科,新惠师范学校,普师,1989.09,1992.07
付守利,0000019550,,中共中央党校,法律,1999.08,2001.12
何志伟,0000019555,本科,内蒙古民族大学,数学,1984.09,1986.07
何志伟,0000019555,MBA,中国人民大学,MBA,,
刘兴涛,0000019556,学习,北京电子工业干部管理学院,工业经济,1987.08,1989.08
刘兴涛,0000019556,函授,中央党校,法律,2000.08,2002.12
刘兴涛,0000019556,研究生,东北大学,工商管理,2011.08,2014.01
额尔敦夫,0000019558,本科,哈尔滨师范大学,政治教育,1995.12,1999.12
额尔敦夫,0000019558,研究生,内蒙古党校,研究生班经济管理,2005.09,2008.01
额尔敦夫,0000019558,研修,参加清华大学,,2006.10,2006.12
额尔敦夫,0000019558,培训,,,2007.06,2007.07
于新芳,0000019561,专科,伊克昭盟师范学校,普师,1982.09,1985.07
于新芳,0000019561,大专,内蒙古教育学院,,1987.09,1989.07
于新芳,0000019561,本科,内蒙古大学,行政管理,1998.11,2002.12
于新芳,0000019561,研究生,中国人民大学,公共管理,2003.02,2005.06
王美斌,0000019562,专科,伊克昭盟财经学校,,1986.09,1989.08
王美斌,0000019562,大专,中央党校,经济管理,1997.08,2000.06
王美斌,0000019562,本科,中央党校,法律,2000.08,2002.12
王美斌,0000019562,研究生,内蒙古党校,研究生院经济管理,2008.08,2011.01
马玉清,0000019563,本科,山西矿业学院,采矿工程,1988.09,1992.07
王兵,0000019564,本科,内蒙古扎兰屯林业学校,,1990.09,1994.07
王兵,0000019564,大专,内蒙古师范大学,汉语言文学,1994.10,1999.12
王兵,0000019564,本科,内蒙古大学,行政管理,2000.04,2002.12
王兵,0000019564,研究生,内蒙古党校,研究生院经济管理,2005.09,2008.01
王兵,0000019564,研究生,清华-澳国立管理硕士项目,管理,2010.07,2012.07
李冬,0000019569,本科,内蒙古大学,动物学,1987.09,1991.07
李冬,0000019569,研究生,内蒙古党校,经济管理,2006.08,2009.06
李冬,0000019569,研究生,内蒙古大学,工商管理,2010.01,2012.01
杨国宏,0000019571,本科,北京师范大学,历史,1983.09,1987.07
赵达夫,0000019574,学习,中央民族学院,化学,1987.09,1989.07
赵达夫,0000019574,函授,中央党校,经济管理,1995.08,1997.12
赵达夫,0000019574,学习,呼伦贝尔学院,乡镇企业管理,1999.03,1999.12
赵达夫,0000019574,研究生,内蒙古党校,研究生班经济管理,2004.09,2007.01
娜日斯,0000019576,学习,内蒙古团校,,1984.09,1986.07
娜日斯,0000019576,函授,中央党校,经济管理,1997.07,1999.12
陈立新,0000019577,专科,扎兰屯师范学校,中文,1979.08,1981.08
陈立新,0000019577,本科,内蒙古广播电视大学,党政管理,1984.09,1986.08
陈立新,0000019577,研究生,内蒙古党校,研究生班法律,2006.08,2009.01
王文起,0000019578,专科,包头师专,物理,1988.09,1990.07
王文起,0000019578,函授,中央党校,法律,1995.08,1997.12
王文起,0000019578,培训,内蒙古第28期中青年干部培训班,,2015.03,2015.07
孙恒波,0000019579,本科,内蒙古大学,经济管理,1987.09,1991.07
孙恒波,0000019579,研究生,中央民族大学,中国少数民族经济,2010.09,2013.06
樊东亮,0000019581,本科,内蒙古大学,数学,1980.09,1984.07
樊东亮,0000019581,学习,内蒙古党委组织部青干班,,1984.07,1984.12
樊东亮,0000019581,研究生,中央民族大学,少数民族经济,2006.09,2009.06
张广明,0000019584,本科,内蒙古师范大学,,1987.09,1991.07
朝格达来,0000019585,本科,内蒙古大学,蒙古语言文学,,
付海青,0000019588,大专,东北林业学院,野生植物资源,1988.09,1990.07
付海青,0000019588,本科,中央广播电视大学,法学,2005.09,2007.07
王晓军,0000019589,本科,南京师范大学,政治教育,1986.09,1990.07
王晓军,0000019589,研究生,中央党校,院经济管理,2005.09,2008.07
李英,0000019590,专科,乌兰察布师范专科学校,,1991.09,1993.07
李英,0000019590,函授,中央党校,经济管理,1996.08,1998.12
李英,0000019590,研究生,中央党校,经济管理,2007.09,2010.07
李建军,0000019591,研究生,内蒙古党校,公共管理,2005.09,2008.01
李建军,0000019591,学习,乌兰察布市委党校,,2008.06,2008.09
李建军,0000019591,培训,井冈山江西干部学院,,2011.10,2011.11
李建军,0000019591,学习,内蒙古党校,,2013.03,2013.07
高永斌,0000019595,本科,内蒙古师范大学,,,
王英杰,0000019597,进修,美国哈佛大学,,1991.00,1992.00
李振林,0000019598,本科,哈尔滨工业大学,微特电机及控制电器,1991.09,1995.08
李振林,0000019598,培训,广西南宁市委党校,,1999.10,1999.12
李振林,0000019598,研究生,美国纽黑文大学,公共管理,2002.09,2003.07
郭堂,0000019599,本科,内蒙古林学院,采伐与运输,1987.09,1991.07
白云海,0000019600,学习,兴安盟委党校,,2000.03,2000.06
白云海,0000019600,本科,中央党校,行政管理,1997.08,1999.12
白云海,0000019600,研究生,中共吉林省委党校,经济管理,2005.08,2008.07
赵田喜,0000019601,中专,内蒙古劳改工作干部学校,改造学,1984.09,1986.07
赵田喜,0000019601,专科,内蒙古大学,行政管理,1995.04,"
1997.10"
赵田喜,0000019601,本科,中央党校,法律,2001.08,"
2003.12"
赵田喜,0000019601,学习,兴安盟委党校,,2003.03,2003.07
赵田喜,0000019601,研究生,吉林省委党校,"经济管
理",2004.08,2007.07
田永,0000019603,大专,内蒙古管理干部学院,行政管理,1988.09,1990.07
田永,0000019603,大专,内蒙古干部管理学院,行政管理,1988.09,1990.07
田永,0000019603,本科,中央党校,经济管理,1995.09,1997.12
田永,0000019603,研究生,内蒙古党校,,2002.09,2004.12
刘志平,0000019604,,西北第二民族学院,法律,1989.09,1992.07
刘志平,0000019604,函授,中央党校,经济,1993.08,1995.12
刘志平,0000019604,本科,西北第二民族学院,法律,1998.12,2004.12
刘志平,0000019604,研究生,天津财经学院,统计学,2000.01,2001.10
刘志平,0000019604,研究生,中央党校,政治学理论,2003.03,2006.01
刘志平,0000019604,学习,内蒙古党校,,2011.03,2011.07
郭轶杰,0000019605,本科,内蒙古农牧学院,,1992.09,1996.07
郭轶杰,0000019605,研究生,内蒙古农业大学,,2003.03,2005.03
好毕斯哈拉图,0000019607,专科,内蒙古锡林浩特牧业学校,畜牧业,1985.09,1988.07
苏鹏,0000019608,本科,兰州大学,哲学,1985.09,1989.07
苏鹏,0000019608,研究生,内蒙古党校,经济管理,2005.09,2008.01
刘建军,0000019610,专科,内蒙古哲里木畜牧学院,牧业机械,1992.09,1995.08
王旺盛,0000019611,专科,赤峰学院,,1991.09,1994.08
容长贵,0000019614,专科,江西省修水师范,,1985.09,1988.07
容长贵,0000019614,本科,江西省委党校,经管,1994.09,1996.07
容长贵,0000019614,研究生,武汉大学,软件工程,2005.09,2007.06
容长贵,0000019614,学习,江西省委党校,经济管理,2014.03,2014.06
陈弘,0000019617,本科,黑龙江商学院,制冷,1981.00,1985.00
陈弘,0000019617,学习,清华大学,供热供暖,1991.00,1994.00
陈弘,0000019617,学习,英国考文垂大学,工商管理,2000.00,2001.00
李宏德,0000019623,MBA,澳大利亚拉筹伯大学,MBA,1999.03,2000.03
王欢苗,0000019626,本科,哈尔滨电工学院,,1985.09,1989.07
王欢苗,0000019626,研究生,沈阳工业大学,机械学,1989.09,
王欢苗,0000019626,MBA,澳大利亚查尔斯·斯德特大学,工商管理,1999.07,2000.08
王欢苗,0000019626,博士,辽宁大学,企业管理,2003.10,2008.10
张世坤,0000019636,本科,大连理工大学,,1978.10,1982.08
张世坤,0000019636,博士,大连理工大学,,2001.04,2005.05
王强,0000019637,本科,辽宁省东北财经大学,国际贸易,1994.09,1998.07
王强,0000019637,研究生,中国人民大学,经济法,2000.09,2003.09
王强,0000019637,博士,中国人民大学,经济法,2003.09,2006.07
刘广新,0000019653,本科,东北财经大学,投资管理,,
孙鹏宇,0000019655,研究生,沈阳工业大学,金属材料及热处理,,
栾奎杰,0000019667,本科,鞍山钢铁学院,冶金机械,1989.09,1993.09
李友,0000019668,本科,郑州航空管理学院,,1982.00,1986.00
谭云鹏,0000019671,本科,沈阳建筑工程学院,工民建,1988.09,1992.08
谭云鹏,0000019671,研究生,沈阳建筑大学,城市规划与设计,2003.04,2006.04
宁国军,0000019672,本科,天津大学,,1994.09,1998.08
宁国军,0000019672,研究生,省委组织部选派赴英国斯泰福厦大学,工商管理,2006.09,2007.09
姜乃东,0000019676,本科,沈阳工业学院,工业外贸,1989.09,1993.07
姜乃东,0000019676,研究生,北京师范大学,经济管理,2000.01,2001.12
王心宇,0000019688,本科,内蒙古财经学院,计划统计,1987.09,1991.07
王心宇,0000019688,研究生,南开大学,攻读工商管理,2001.03,2003.09
王心宇,0000019688,学习,自治区党校,,2010.09,2011.01
姜宇翔,0000019697,专科,阜新师范专科学校,中文,1987.09,1990.07
姜宇翔,0000019697,研究生,辽宁工程技术大学,管理科学与工程,2001.04,2003.03
崔广龙,0000019708,大专,抚顺师范专科学校,体育,,
崔广龙,0000019708,研究生,省委党校,,,
崔广龙,0000019708,,辽宁省委党校,经济管理,,
高雪松,0000019715,本科,北京戏曲艺术学校,,1992.00,1996.00
高雪松,0000019715,进修,北京电影学院,进修影视剧作,1997.00,2007.00
韩平,0000019720,本科,贵州工学院,地质地勘,1982.09,1986.08
韩平,0000019720,这种,贵州省委党校,,2000.03,2000.07
韩平,0000019720,研究生,清华大学,经济学,2002.09,2004.02
张秀军,0000019731,专科,辽宁省朝阳市第二师范学校,普师,1984.09,
张秀军,0000019731,大专,辽宁省朝阳市教育学院,数学,1986.09,1989.07
张秀军,0000019731,本科,中央党校,经管,1996.04,1998.05
张秀军,0000019731,研究生,北京师范大学,经济管理,1998.10,2000.10
郭天玺,0000019733,,朝阳商业学校,财会,1982.09,
郭天玺,0000019733,大专,东北财经大学,会计学,1984.09,1989.12
郭天玺,0000019733,本科,中央党校,经济管理,1991.08,1993.12
郭天玺,0000019733,研究生,辽宁师范大学,科学社会主义与国际共产主义运动,1999.06,2001.07
郭天玺,0000019733,大专,东北财经大学,会计学,1984.09,1989.12
郭天玺,0000019733,函授,中央党校,经济管理,1991.08,1993.12
郭天玺,0000019733,研究生,辽宁师范大学,科学社会主义与国际共产主义运动,1999.06,2001.07
薛文革?,0000019747,本科,西北工业大学,工业管理工程,1985.07,1989.08
薛文革?,0000019747,MBA,吉林大学,,1998.11,2001.11
高中会,0000019750,本科,九台师范学校,,1981.09,1985.07
曾范涛,0000019762,专科,四平师范学院,生物教育,1988.09,1990.08
曾范涛,0000019762,本科,吉林工业大学,管理工程,1995.08,1998.07
曾范涛,0000019762,研究生,中央党校,经济管理,2002.09,2005.07
孙志刚,0000019764,专科,东北水利水电专科学校,农田水利工程,1987.09,1991.08
曾海洋,0000019767,研究生,吉林省委党校,经济管理,2001.08,2004.07
杨明,0000019771,本科,长春理工大学,贸易经济,1998.09,2002.07
杨明,0000019771,研究生,长春理工大学,产业经济学,2002.09,2005.04
初洪波,0000019779,专科,吉林公安高等专科学校,刑事侦查,1988.07,1991.07
初洪波,0000019779,本科,吉林大学,国际经济与贸易,2004.00,2006.12
高飞,0000019781,专科,延边师范专科学校,中文,1992.09,1994.07
高飞,0000019781,本科,延边大学,法律,1994.09,1997.07
高飞,0000019781,研究生,延边大学,马克思主义理论与思想政治教育,2005.09,2008.06
包春晖,0000019788,本科,东北师范大学,汉语言文学,1988.09,1992.07
包春晖,0000019788,研究生,吉林工学院,管理科学与工程,1999.11,2001.11
包春晖,0000019788,研究生,吉林省委党校,经济管理,2003.08,2006.07
包春晖,0000019788,研究生,东北师大,行政管理,2013.09,2016.06
刘英杰,0000019791,,朝阳坡乡中学,,1981.09,1984.07
刘英杰,0000019791,,公主岭市二中,,1984.09,1987.07
刘英杰,0000019791,本科,吉林师范大学,,1987.09,1991.07
李军,0000019793,大专,湖南省广播电视大学,经济法,1988.07,1990.07
李军,0000019793,本科,中央党校,法律,1997.08,1999.12
刘振兴?,0000019795,,通榆师范学校,,1985.09,1989.07
刘振兴?,0000019795,,吉林工程技术师范学院,,1989.09,1992.07
刘振兴?,0000019795,,东北师范大学,,1994.09,1997.07
刘振兴?,0000019795,研究生,天津财经大学,,2004.09,2007.07
纪纲,0000019796,,吉林省工业美术学校,,,1997.07
纪纲,0000019796,本科,吉林省委党校,经济管理,,1999.02
赵彦峰,0000019797,,新加坡南洋理工大学,,2005.01,2006.01
尹成龙,0000019801,研究生,延边大学,朝鲜问题研究所世界经济,1994.08,1997.02
肖彬,0000019809,本科, 东北农学院,经济管理,1989.09,1993.06
肖彬,0000019809,研究生,东北农业大学,,1993.07,1996.06
宋博岩,0000019811,本科,哈尔滨工业大学,工业电气自动化,1988.09,1992.07
宋博岩,0000019811,研究生,哈尔滨工业大学,工业自动化,1992.07,1995.03
宋博岩,0000019811,博士,哈尔滨工业大学,机械制造及其自动化,1995.03,2001.02
宋博岩,0000019811,,东京工业大学,电气电子,1998.10,1999.09
宋博岩,0000019811,博士后,哈尔滨工业大学,,2001.11,2004.08
刘晶,0000019813,进修,内蒙古大学,,1982.08,1984.09
刘晶,0000019813,研究生,中央党校,,2005.09,2007.12
刘晶,0000019813,MBA,大连理工大学,,2008.01,2010.07
谭乐伟,0000019814,研究生,东北林业大学,农业推广,2005.12,2008.03
于传勇,0000019816,学习,市委党校,财会,1996.01,1999.01
于传勇,0000019816,本科,东北农大成人教育学院,会计学,2000.07,2003.07
于传勇,0000019816,研究生,哈师大,教育经济与管理,2002.07,2004.07
于传勇,0000019816,学习,澳门国际公开大学,,2006.10,2008.04
牟宏峰,0000019817,本科,中国青年政治学院,思政教育,1992.09,1996.07
牟宏峰,0000019817,研究生,黑龙江大学,马克思主义哲学,1995.02,1999.12
牟宏峰,0000019817,,哈尔滨工程大学,工商管理,2000.09,2003.06
牟宏峰,0000019817,研究生,哈尔滨工业大学,公共管理,2002.03,2005.07
牟宏峰,0000019817,博士,黑龙江大学,马克思主义哲学,2005.09,2010.06
张建华,0000019819,本科,鹤岗师范学校,,1983.09,1987.08
张建华,0000019819,学习,黑龙江大学,,1993.05,1998.03
任延辉,0000019822,本科,哈尔滨师范大学,地理,1985.07,1989.07
董绍涛,0000019823,专科,呼兰师专,,1985.09,1987.07
刘志成,0000019828,本科,吉林大学,哲学,1984.09,1988.07
刘志成,0000019828,研究生,哈尔滨工业大学,,2004.03,2007.03
谢广全,0000019832,专科,依安师范学校,普师,1983.09,1987.07
谢广全,0000019832,本科,黑龙江省经济管理干部学院,经济管理,1997.03,2000.01
谢广全,0000019832,培训,黑龙江省齐齐哈尔市委党校,,2007.09,2007.11
谢广全,0000019832,学习,黑龙江省齐齐哈尔市委党校,,2009.04,2009.06
谢广全,0000019832,,依安师范学校,普师,1983.09,1987.07
谢广全,0000019832,本科,黑龙江省经济管理干部学院,经济管理,1997.03,2000.01
谢广全,0000019832,培训,黑龙江省齐齐哈尔市委党校,,2007.09,2007.11
谢广全,0000019832,学习,黑龙江省齐齐哈尔市委党校,,2009.04,2009.06
刘凤德,0000019833,,依安师范学校,普师,1985.09,1989.07
刘凤德,0000019833,,黑龙江省委党校,经济管理,1994.03,1997.01
刘凤德,0000019833,研究生,黑龙江省委党校,公共管理,2004.03,2007.01
刘凤德,0000019833,培训,国家教育行政学院,,2009.11,2009.12
宋阳,0000019834,本科,哈尔滨工业大学,工业会计,1987.09,1991.07
任广才,0000019835,专科,佳木斯农校,农学,1987.09,1989.06
任广才,0000019835,学习,哈尔滨工程大学,经济管理,1995.06,1998.06
任广才,0000019835,本科,齐齐哈尔大学,行政管理,1999.09,2002.04
任广才,0000019835,培训,齐齐哈尔市委党校,,2005.09,2005.12
任广才,0000019835,进修,齐齐哈尔市委党校,,2009.09,2009.12
常兴海,0000019836,本科,中央民族大学,政治经济学,1985.09,1989.06
周长友,0000019837,专科,克山师范专科学校,,1995.09,1998.07
周长友,0000019837,研究生,黑龙江省委党校,,2003.08,2006.05
周长友,0000019837,学习,齐齐哈尔市委党校,,2004.04,2004.06
周长友,0000019837,学习,齐齐哈尔市委党校,,2008.04,2008.07
周长友,0000019837,EMBA,哈尔滨工程大学,,2012.07,
吴昊,0000019838,专科,齐齐哈尔医学专科学校,公共卫生,1978.09,1981.08
吴昊,0000019838,专科,省电大,中文,1983.09,1985.07
吴昊,0000019838,本科,哈尔滨师范大学,汉语言文学,1995.10,1999.10
陈立军,0000019840,专科,镇江船艇学院,舰艇指挥,1991.09,1994.07
丁泉宁,0000019842,专科,克山师范专科学校,,1987.09,1989.07
吴煜,0000019843,专科,克山师范专科学校,音乐,1980.09,1983.07
吴煜,0000019843,大专,省广播电视大学,汉语言文学,1985.08,1988.08
吴煜,0000019843,本科,省委党校,经济管理,1996.03,1999.01
吴煜,0000019843,研究生,省委党校,班公共管理,2003.03,2006.01
陈宝柱,0000019845,本科,哈尔滨师范大学,中文,1995.08,1998.10
温和,0000019846,本科,哈尔滨师范大学,生物学,1986.09,1990.07
温和,0000019846,本科,哈尔滨师范大学,汉语言文学教育,1995.12,1998.12
温和,0000019846,研究生,哈尔滨工业大学,政治经济学,1996.10,1999.08
温和,0000019846,博士,北京师范大学与菲律宾共和国太历国立大学联合办学,公共管理,2009.05,2011.11
魏殿富,0000019847,,鸡西市师范学校,中师,1987.08,1991.07
魏殿富,0000019847,大专,哈尔滨师范大学,汉语言文学,1991.04,1997.12
魏殿富,0000019847,本科,哈尔滨师范大学,汉语言文学,2000.09,2003.12
魏殿富,0000019847,研究生,东北林业大学,农村与区域发展,2006.07,2008.12
齐明达,0000019848,大专,鸡西大学,文秘,1991.09,1993.07
齐明达,0000019848,大专,鸡西市职工大学,行政管理,1993.09,1996.07
齐明达,0000019848,研究生,黑龙江省委党校,经济管理,1996.09,1999.09
孔令宝,0000019849,本科,黑龙江大学,财税,,
付明波,0000019854,研究生,黑龙江省委党校,经济管理,,
董鹏翔,0000019858,大专,山西省委党校,,1983.09,1985.07
高运禄,0000019862,,鸡西市师范学校,普师,1989.09,1993.07
高运禄,0000019862,大专,哈尔滨师范大学,中文,2000.06,2002.02
高运禄,0000019862,本科,黑龙江大学,法律,2003.01,2007.06
宋彦俊,0000019865,本科,八一农垦大学,系政治教育,,
李思勇,0000019875,专科,鹤岗市广播电视大学,统计,1990.09,1992.07
郭伟,0000019877,专科,双鸭山市广播电视大学,财会,1990.09,1993.07
郭伟,0000019877,本科,省委党校,法律,2000.03,2002.07
郭伟,0000019877,研究生,省委党校,经济管理,2014.01,2016.11
周传来,0000019880,大专,齐齐哈尔轻工学院,检测技术与产品质量监控,1988.09,1990.06
周传来,0000019880,本科,省委党校,法律,1998.03,2001.01
周传来,0000019880,研究生,省委党校,经济管理,2007.03,2010.01
李凯,0000019881,,双鸭山市师范学校,,1983.09,1987.07
李凯,0000019881,自考,黑龙江大学,法律,2006.04,2008.06
蔡纯意,0000019883,专科,佳木斯师范专科学校,政治教育,1990.09,1993.07
蔡纯意,0000019883,本科,东北师范大学,汉语言文学,1998.09,2000.06
蔡纯意,0000019883,本科,中央党校,法律,2002.08,2004.12
蔡纯意,0000019883,研究生,黑龙江八一农垦大学,农业推广,2008.07,2011.06
周勇,0000019885,,安徽省屯溪茶业学校,,1979.09,1981.07
周勇,0000019885,研究生,,企业管理,1996.12,1998.11
丁喜富,0000019887,专科,黑龙江省水利专科学校,水利,1982.07,1985.07
丁喜富,0000019887,,中国社会科学院,,1996.09,1998.07
郑振新,0000019888,本科,齐齐哈尔大学,经济管理,1995.00,1998.07
郑振新,0000019888,研究生,黑龙江省委党校,经济管理,2002.03,2005.01
王崇廷,0000019894,,杜尔伯特蒙古族自治县广播电视大学,,1985.09,1987.07
徐东伟,0000019896,本科,肇东师范学校,普师,1986.09,1990.07
迟维喜,0000019898,本科,哈尔滨师范大学,学校教育,,
张延杰,0000019905,专科,黑龙江省森工管理干部学院,林业经济管理,1988.08,1990.07
张延杰,0000019905,本科,中央党校,经济管理,2004.08,2006.12
吴伊森,0000019906,专科,省宣传文教管理干部学院,新闻,1985.09,1987.09
吴伊森,0000019906,本科,黑龙江大学,政教,1987.09,1989.07
吴伊森,0000019906,研究生,省委党校,经济管理,1999.06,2002.01
吴伊森,0000019906,研究生,,东林农业推广,2006.06,2008.12
张玉宝,0000019915,研究生,省委党校,经济管理,,
张巍,0000019918,专科,鸡西矿务局职工工学院,采煤,1990.09,1993.07
张巍,0000019918,学习,中央党校,经济管理,2001.08,2003.12
王向立,0000019920,研究生,省委党校,经济管理,,
刘剑铭,0000019921,,伊春市林产工业技工学校,,1982.09,1986.09
印岩,0000019923,本科,哈尔滨工业大学,经济管理,,
赵励军,0000019931,专科,黑龙江省冶金工业学校,企业管理,1987.10,1989.08
徐凤军,0000019936,本科,依兰师范学校,,1987.09,1991.07
徐凤军,0000019936,本科,齐齐哈尔师范学院,,1991.07,1995.07
宫玉和,0000019938,研究生,黑龙江省委党校,经济管理,,
赵子君,0000019940,,黑龙江省畜牧兽医学校,草原饲料,1986.09,1988.08
赵子君,0000019940,本科,吉林农业大学,动物科学,2001.06,2004.06
王峰,0000019941,本科,黑龙江省中医药大学,,1989.09,1994.07
王峰,0000019941,研究生,至今黑龙江省中医药大学,,2013.09,
王峰,0000019941,,至今黑龙江省中医药科学院,"
黑龙江省中医药学会外科分会理事
黑龙江省男科学会委员
黑龙江省中医药学会皮肤性病",1994.09,
时林,0000019942,本科,省委党校,会计学,,
李东军,0000019943,,黑龙江省农业机械化学校,财会,1988.09,1991.07
李东军,0000019943,本科,黑龙江大学,财税,2000.10,2003.12
申奥,0000019945,,大庆师范学院,,,1998.00
申奥,0000019945,研究生,黑龙江大学,公共管理,,
吴庆兰,0000019946,大专,黑龙江省委党校,,1987.09,1990.07
吴庆兰,0000019946,本科,黑龙江省委党校,经济管理,1995.07,1998.07
吴庆兰,0000019946,研究生,黑龙江省委党校,经济管理,2003.03,2006.01
吴庆兰,0000019946,大专,黑龙江省委党校,,1987.09,1990.07
吴庆兰,0000019946,本科,黑龙江省委党校,经济管理,1995.07,1998.07
吴庆兰,0000019946,研究生,黑龙江省委党校,经济管理,2003.03,2006.01
杨健,0000019948,本科,江西大学,,1980.00,1984.00
杨健,0000019948,研究生,中央党校,,1999.00,2002.00
金银华,0000019950,本科,黑龙江大学,历史学,1983.09,1987.07
周强,0000019953,本科,黑龙江省委党校,经济管理,1997.03,2000.01
周强,0000019953,研究生,黑龙江省委党校,经济管理,2002.03,2005.01
徐峪,0000019954,本科,哈尔滨师范大学,中文,1989.09,1993.07
袁强,0000019955,本科,北京大学,物理,1987.09,1991.07
袁强,0000019955,研究生,东北林业大学,,2007.07,2009.12
徐钢,0000019956,培训,,,2007.10,2007.12
徐钢,0000019956,培训,黑龙省委组织部全省40岁以下.轻处级干部新加波南洋理工大学,,2008.10,2010.01
徐钢,0000019956,培训,,,2015.11,2016.01
冯云,0000019957,研究生,东北林业大学,农业推广,2007.07,2009.12
王玉涛,0000019958,本科,黑龙江八一农垦大学,植保,1988.09,1992.07
李延春,0000019960,本科,黑龙江省委党校,行政管理,1989.03,1991.01
孙金峰,0000019966,本科,黑龙江省委党校,经济管理,1998.03,2001.01
孙金峰,0000019966,研究生,省委党校,经济管理,2007.03,2010.01
姚占军,0000019969,本科,省委党校,经济管理,,
黄志富,0000019973,本科,哈尔滨师范大学,汉语言文学,,
胡卫国,0000019985,本科,上海农学院,农村经济管理,1983.09,1987.07
胡卫国,0000019985,培训,上海市委党校,,2002.09,2003.01
穆耕林,0000019989,本科,南京中医学院,,1983.09,1987.06
穆耕林,0000019989,研究生,南京中医学院,中医外科,1989.09,1992.06
黄河,0000019995,本科,南京大学,计算机,1980.09,1984.07
祁豫玮,0000019996,,南京大学,,1987.09,1991.07
祁豫玮,0000019996,硕士,中国科学院,南京地理与湖泊研究所人文地理,1991.09,1994.07
薛凤冠,0000019999,大专,南京师范大学,历史,1991.09,1993.07
王进健,0000020001,研究生,江苏省委党校,行政管理,2004.09,2006.07
王进健,0000020001,本科,苏州大学,财政学,1992.09,1996.07
王进健,0000020001,研究生,江苏省委党校,行政管理,2004.09,2006.07
封晓春,0000020002,研究生,江苏省委党校,政治经济学,2003.09,2006.07
徐劼,0000020003,大专,无锡广播电视大学,文秘,1985.09,1988.07
徐劼,0000020003,函授,中央党校,经济管理,1996.08,1998.12
徐劼,0000020003,研究生,南京大学,投资经济,1999.09,2001.06
徐劼,0000020003,研究生,江苏省委党校,政治经济学,2003.02,2004.07
徐劼,0000020003,研究生,中欧国际工商学院,工商管理,2009.08,2011.09
徐劼,0000020003,专科,无锡技工学校,钟表制造,1979.09,
徐劼,0000020003,大专,无锡广播电视大学,文秘,1985.09,1988.07
徐劼,0000020003,本科,中央党校,经济管理,1996.08,1998.12
徐劼,0000020003,研修,南京大学,投资经济,1999.09,2001.06
徐劼,0000020003,研究生,江苏省委党校,政治经济,2003.02,2004.07
徐劼,0000020003,研究生,中欧国际工商学院,工商管理,2009.08,2011.09
唐健,0000020014,本科,徐州师范学院,汉语言文学教育,1990.09,1994.08
赵正斌,0000020015,,江苏省盐城商业学校,,1981.09,
赵正斌,0000020015,本科,江苏省委党校,行政管理,1985.09,
赵正斌,0000020015,研究生,江苏省委党校,政治经济学,2003.09,2006.07
董彩凤,0000020016,,江苏省常州师范学校,普师,1986.09,
董彩凤,0000020016,研究生,上海对外贸易学院,国际贸易学、国际工商管理,2000.01,2002.01
陈正春,0000020017,本科,四川大学,,1984.09,1988.06
陈正春,0000020017,学习,江苏省委党校,科学社会主义与国际共产主义运动,2000.03,2002.12
史志军,0000020018,本科,中央党校,经济管理,1996.08,1999.06
史志军,0000020018,本科,中央党校,法律,2000.08,2002.12
史志军,0000020018,学习,江苏省委党校,,2005.09,2005.12
沈东,0000020020,中专,湖北航天工业学校,电子技术,1994.09,1996.07
沈东,0000020020,大专,湖北函授大学,计算机应用,1995.09,1998.07
沈东,0000020020,本科,江苏省委党校,经济管理,2000.03,2003.03
沈东,0000020020,研究生,江苏省委党校,社会学,2004.09,2007.07
徐美健,0000020021,本科,苏州大学,,1980.09,1983.07
徐美健,0000020021,研究生,苏州大学,金融学,1995.09,1997.07
徐美健,0000020021,本科,中央党校,政治法律,1998.08,2000.12
徐美健,0000020021,研究生,江苏省委党校,政治经济学,2003.09,2006.07
吴新明,0000020022,本科,南京航空学院,无线通信,,1992.07
吴新明,0000020022,研究生,江苏省委党校,政治经济学,1999.09,2002.06
吴新明,0000020022,学习,苏州市第11期青干班,,2010.08,2010.10
唐晓东,0000020023,本科,复旦大学,国际政治,1987.09,1991.08
唐晓东,0000020023,研究生,中央党校,法学理论,2006.09,2009.07
陈嵘,0000020024,本科,南京大学,考古,1983.09,1987.07
李铭,0000020028,本科,西安交通大学,机械制造工艺设备及自动化,,
周勤第,0000020029,学习,苏州农业学校,农村经济管理,1987.09,1990.08
周勤第,0000020029,大专,中央党校,经济,1993.08,1995.06
周勤第,0000020029,本科,中央党校,经济管理,1996.08,1998.12
周勤第,0000020029,培训,江苏省委党校,,2001.02,2002.01
周勤第,0000020029,研究生,江苏省委党校,经济管理,2002.02,2003.07
黄戟,0000020030,专科,苏州市职业大学,计划统计,1982.00,1985.00
黄戟,0000020030,本科,江苏省委党校,行政管理,1988.00,1991.00
黄戟,0000020030,研究生,苏州大学,政治学理论（行政管理）,1995.00,1997.00
钱锁梅,0000020032,本科,南京师范大学,,1990.09,1994.08
凌屹,0000020033,本科,华东师范大学,数理统计,1987.09,1991.07
王晓斌,0000020036,,扬州师范学院,,1988.09,
何益军,0000020037,本科,扬州大学,植保,1990.09,1994.06
何益军,0000020037,本科,南京大学,自学考试经济管理,1995.04,1998.12
何益军,0000020037,研究生,扬州大学,农业推广,2003.04,2005.12
郭晓敏,0000020038,本科,华东工学院,科技情报,1988.07,
郭晓敏,0000020038,研修,南京师范大学,市场经济与经济管理,1996.07,1998.06
郭晓敏,0000020038,研究生,南京理工大学,工商管理,2004.03,2007.01
陈勇,0000020039,本科,山东大学,物理,1984.09,1988.07
陈勇,0000020039,本科,同济大学,建筑管理工程,1990.02,1992.06
陈勇,0000020039,研究生,山东大学,政治经济学,1999.10,2001.10
万闻华,0000020041,本科,南京化工大学,高分子材料,1992.09,1996.06
施恩佩,0000020044,专科,淮阴师专,,1983.09,
施恩佩,0000020044,本科,中央党校,经济管理,1992.09,1994.12
施恩佩,0000020044,研究生,省委党校,科学社会主义,2001.09,2004.07
梁三元,0000020049,本科,东南大学,工程管理,1985.09,1989.06
梁三元,0000020049,研究生,参加东南大学,,2003.03,2006.03
徐亚平,0000020050,专科,淮阴农校,农学,1980.09,
徐亚平,0000020050,大专,,农学,1988.04,
徐亚平,0000020050,本科,,法律,2002.06,
徐亚平,0000020050,研究生,江苏省委党校,区域经济学,2003.09,2006.07
张宏春,0000020051,专科,盐城工业专科学校,,1982.09,1985.07
王旭东,0000020053,专科,江苏商业学校,商业机械,1981.09,1983.07
王荣,0000020054,本科,南京农学院,农业经济管理,1978.00,1982.00
王荣,0000020054,研究生,南京农学院,农业经济管理,1982.00,1985.00
王荣,0000020054,博士,南京农业大学,农业经济管理,1985.00,1988.00
王荣,0000020054,进修,荷兰Tilburg大学,,1991.10,1992.06
潘群,0000020069,本科,南京师范大学,国际经济与贸易专业、经济学,,2000.07
殷其国,0000020073,本科,北京大学,考古学,1992.09,1997.07
彭伟,0000020074,研究生,江苏省委党校,,,
马伟,0000020075,本科,淮阴师范专科学校,中文,1985.09,1989.06
马伟,0000020075,研究生,江苏省委党校,政治经济学,2003.06,2006.07
李爱华,0000020076,本科,吉林工业大学,工业经济管理和计算机软件,1992.09,1997.06
李涛,0000020079,专科,贵州省毕节地区财贸学校,财务会计,1991.09,1993.07
李涛,0000020079,,贵州省毕节地区财贸学校,财务会计,1991.09,1993.07
章燕,0000020081,专科,绍兴师范专科学校,中文,1989.09,1991.08
谢启龙,0000020082,研究生,江西省委党校,行政管理,2000.07,2002.09
周林,0000020085,,浙江兰溪岩山中学,,1982.09,1984.07
周林,0000020085,大专,北京人文函授大学,法律,1987.06,1989.08
周林,0000020085,中专,武警南昌指挥学校,,1990.02,1992.01
周林,0000020085,大专,中央党校,,1992.08,1995.06
周林,0000020085,本科,武汉大学,经济管理,1993.09,1996.06
周林,0000020085,研究生,江西省委党校,法律,2001.02,2003.12
李勇,0000020086,本科,中国青年政治学院,青年思想教育,1987.09,1991.07
李勇,0000020086,研究生,湖南省委党校,经济管理,2007.09,2010.06
董毓民,0000020087,专科,湖州师范专科学校,政史教育,1989.09,1991.08
董毓民,0000020087,培训,富阳市委党校,,1997.09,1997.10
董毓民,0000020087,本科,中央党校,政工,1999.08,2001.12
董毓民,0000020087,学习,杭州市委党校,,2003.09,2003.12
董毓民,0000020087,本科,中国人民大学,公共事业管理,2004.09,2009.01
吴玉凤,0000020090,,杭州大学,政史,1990.09,1992.08
吴玉凤,0000020090,研究生,省委党校,,,
骆安全,0000020091,,浙江粮食学校,粮食财务与会计,1988.09,1990.08
骆安全,0000020091,大专,中央党校,经济管理,1995.08,1998.06
骆安全,0000020091,本科,中央党校,企管政工,1998.08,2000.12
骆安全,0000020091,学习,杭州市委党校,,2008.10,2008.12
骆安全,0000020091,学习,浙江省委党校,,2014.09,2014.12
刘兵,0000020097,,濮阳师范学校,,1991.09,1994.07
刘兵,0000020097,专科,河南省委党校,经济管理,1996.09,1999.07
刘兵,0000020097,本科,中央党校,法律,1999.08,2001.12
刘兵,0000020097,研究生,河南省委党校,经济学,2004.09,2007.06
刘军,0000020103,专科, 邵阳师专,,1991.09,1994.07
刘军,0000020103,本科,中央党校,经济管理,1997.08,1999.12
胡晓东,0000020104,,温州大学,中文秘书,1991.09,1994.08
胡晓东,0000020104,,中央党校,经济管理,2000.08,2002.12
胡晓东,0000020104,本科,北京大学,法学,2002.09,2005.07
胡晓东,0000020104,研究生,中央党校,经济管理,2009.07,2012.07
林霞,0000020110,本科,浙江林学院,经济林,1989.09,1993.08
林万乐,0000020111,学习,温州市委党校,,2001.09,2002.01
刘勇,0000020112,专科,宁都师范学校,,1978.09,1980.07
刘勇,0000020112,学习,江西广播电视大学,汉语言文学,1982.09,1985.07
刘勇,0000020112,本科,中央党校,经济管理,1994.08,1996.12
刘勇,0000020112,学习,赣州市委党校,,2000.03,2000.04
刘勇,0000020112,学习,上海市委党校,,2002.11,
陈永光,0000020114,本科,杭州大学,气象,1987.09,1991.08
陈永光,0000020114,研究生,中央党校,经济管理,2009.09,2012.07
章寿禹,0000020117,专科,温州师范学院,政史,1989.05,1991.08
章寿禹,0000020117,本科,中央党校,经济管理,1994.08,1996.12
章寿禹,0000020117,研究生,浙江省委党校,政治学,2002.03,2005.01
章寿禹,0000020117,培训,温州市委党校,,2002.09,2002.12
章寿禹,0000020117,本科,山东大学,法学,2007.07,2009.07
章寿禹,0000020117,学习,香港理工大学,高级工商管理,2010.10,2012.10
夏兴,0000020131,,九江师范,,1978.09,1980.07
夏兴,0000020131,,江西教育学院,,1984.09,1986.07
夏兴,0000020131,本科,江西教育学院,汉语言文学,1989.09,1992.07
夏兴,0000020131,研究生,武汉大学,,2005.09,2007.06
由翠玉,0000020136,,西南农业大学,会计,1985.09,1987.06
由翠玉,0000020136,本科,山东省委党校,涉外经济管理,1994.09,1996.12
由翠玉,0000020136,培训,,,2000.02,2000.07
由翠玉,0000020136,研究生,山东省委党校,经济管理,1999.09,2002.06
由翠玉,0000020136,MBA,南开大学,,2004.06,2005.10
杨卫东,0000020137,大专,嘉兴农业学校,,1984.09,1987.07
肖忠万,0000020138,大专,云南大学,法律,1994.11,1996.12
肖忠万,0000020138,本科,云南大学,法律,1997.05,2002.06
杨中校,0000020139,大专,嘉兴农校,农学,1983.09,1986.07
方庆建,0000020157,本科,中央党校,行政管理,1997.01,1999.12
方庆建,0000020157,本科,中央党校,行政管理,1997.01,1999.12
方庆建,0000020157,学习,浙江省中青年干部培训班,,2011.03,2011.06
方庆建,0000020157,培训,浙江省中青年干部培训班,,2011.03,2011.06
朱素芳,0000020158,,宁波商校,,1994.09,
朱素芳,0000020158,培训,衢州市中青年干部培训班,,2002.04,
朱素芳,0000020158,专科,浙江广播电视大学,法律,1998.09,2002.07
朱素芳,0000020158,本科,中央党校,法律,2002.08,2004.12
朱素芳,0000020158,研究生,浙江省委党校,政治理论学,2008.09,2011.07
侯富光,0000020164,进修,市委党校,,2007.09,2007.11
侯富光,0000020164,研究生,新加坡国立大学,公共行政与管理,2010.03,2010.12
周国岭,0000020167,研究生,浙江大学,,1996.07,1998.07
周国岭,0000020167,研究生,浙江师范大学,,2010.05,2011.12
周国岭,0000020167,研修,浙江大学,,1996.07,1998.07
周国岭,0000020167,研究生,浙江师范大学,教育管理,2010.05,2011.12
方敏,0000020169,本科,重庆大学,精密仪器及机械,1985.09,1990.07
陈挺晨,0000020171,本科,上海海洋大学,渔业资源与渔政管理,1993.09,1997.07
叶帮锐,0000020174,专科,浙江省公安高等专科学校,,1994.09,1997.08
吴才平,0000020175,本科,杭州大学,,1987.09,1991.07
吴才平,0000020175,研究生,美国伊利诺斯理工学院,,2004.09,2005.08
潘军明,0000020179,专科,温岭职业技术学院,信息统计,1989.09,1991.07
蔡永波,0000020185,本科,浙江师范大学,,1990.09,1994.07
蔡永波,0000020185,学习,共青团浙江省委学校,,2000.08,2001.11
张红军,0000020188,大专,合肥联合大学,模具设计与制造,1991.09,1994.08
张红军,0000020188,本科,安徽省委党校,行政管理,1996.09,1998.12
张红军,0000020188,研究生,安徽省委党校,行政管理,2003.09,2006.07
许华为,0000020195,,合肥市职教中心,机械制造工艺及设备,1986.09,1989.09
许华为,0000020195,大专,中央党校,政治,1993.08,1996.06
许华为,0000020195,本科,中央党校,经管,1998.08,2000.12
许华为,0000020195,研究生,安徽大学,经济法,2001.03,2002.12
许华为,0000020195,研究生,安徽省委党校,法学,2001.03,2003.10
许华为,0000020195,学习,合肥市委党校,,2003.12,2004.03
许华为,0000020195,本科,中国石油大学,行政管理,2004.02,2007.01
张生,0000020197,研究生,中央党校,经济管理,2008.09,2010.09
欧冬林,0000020198,本科,安徽大学,新闻,1996.09,2000.07
欧冬林,0000020198,学习,省委党校,,2009.09,2010.01
欧冬林,0000020198,学习,省委党校,,2015.09,2016.01
韦秀芳,0000020201,本科,安徽师范大学,汉语言文学教育,1996.09,2000.07
韦秀芳,0000020201,研究生,安徽师范大学,中国古代文学,2000.09,2003.07
潘君齐,0000020202,本科,合肥工业大学,机械电子工程,1997.09,
潘君齐,0000020202,研究生,合肥工业大学,机械电子工程,2001.10,
潘君齐,0000020202,博士,合肥工业大学,机械电子工程,2001.10,
朱克华,0000020205,专科,安徽大学,党政干部基础,1986.05,1990.06
朱克华,0000020205,本科,中央党校,经济管理,1995.08,1997.12
朱克华,0000020205,培训,蚌埠市委党校,,1996.03,1996.06
朱克华,0000020205,研修,南京大学,情报学,1998.09,2000.06
马瑞,0000020206,本科,唐山师范学院,马克思主义理论与思想政治教育,2001.09,2005.07
张海虹,0000020211,本科,南开大学,化学,1986.09,1990.07
张海虹,0000020211,研究生,上海财经大学,工商管理,1997.09,2000.06
张海虹,0000020211,,美国加州州立大学,,2002.12,2003.03
朱来友,0000020215,研究生,省委党校,经济管理,2000.09,2003.07
左年文,0000020217,,合肥农机学校,,1985.09,
吴瑞新,0000020219,专科,芜湖师范专科学校,,1987.09,1989.07
吴瑞新,0000020219,本科,中央党校,涉外经济,1994.08,1996.12
吴瑞新,0000020219,培训,马鞍山市委党校,,2003.03,2003.06
吴瑞新,0000020219,研究生,安徽省委党校,经济管理,2003.09,2006.07
吴瑞新,0000020219,进修,马鞍山市委党校,,2008.03,2008.06
夏迎锋,0000020220,本科,安徽大学,法律,1998.10,2001.12
夏迎锋,0000020220,研究生,中国科技大学,公共管理,2003.03,2005.12
刘斌,0000020221,,安徽师范大学,电教,1988.09,
周无事,0000020223,本科,安徽建工学院,建筑工程,1991.09,1995.07
周无事,0000020223,研修,美国马里兰大学,,2016.11,2016.12
姜颖,0000020224,,安徽大学,秘书,1988.09,1990.07
姜颖,0000020224,本科,中央党校,党政管理,1995.08,1997.12
姜颖,0000020224,研究生,省委党校,行政管理,2004.07,2007.07
姜颖,0000020224,进修,安徽省委党校,,2009.09,2009.10
张力,0000020226,本科,江西财经学院,,1982.09,1986.07
郭海磊,0000020227,,安徽省团校,青年干部管理,1992.09,1994.08
郭海磊,0000020227,学习,中国青年政治学院,文秘,1995.09,1998.07
郭海磊,0000020227,本科,中央党校,本科班法律,1997.08,1999.12
郭海磊,0000020227,研究生,安徽省委党校,政治学,2000.09,2003.07
郭海磊,0000020227,学习,安徽省委党校,社会管理,2009.09,2009.11
郭海磊,0000020227,本科,对外经贸大学,本科班工商管理,2010.02,2012.07
姚贵平,0000020229,本科,华东化工学院,无机化工,1986.09,1990.07
姚贵平,0000020229,研究生,安徽大学,公共管理,2008.03,2010.12
刘亚东,0000020231,,安庆师院,政教,1984.09,1986.07
章洪海,0000020232,,上海海运学院,船舶驾驶,1990.09,1993.07
章洪海,0000020232,研究生,云南民族大学,,2001.09,2004.06
章洪海,0000020232,博士,中国人民大学,国民经济学,2004.09,2007.06
尹志军,0000020233,,安庆市委党校,党政管理,1988.03,1990.07
尹志军,0000020233,研究生,安徽省委党校,法学,2008.09,2011.07
潘功发,0000020234,本科,安徽大学,历史学,1991.09,
潘功发,0000020234,研究生,安徽大学,公共管理,,2013.06
江善良,0000020238,大专,安徽省委党校,经济管理,1995.08,1998.06
江善良,0000020238,本科,中央党校,经济管理,1999.08,2001.12
江善良,0000020238,学习,黄山市委党校,,2007.09,2007.11
江善良,0000020238,进修,黄山市委党校,,2015.09,2015.11
吴旭光,0000020239,,休宁县第一高级职业中学,工业与民用建筑,1986.09,1989.08
吴旭光,0000020239,本科,中央党校,行政管理,2002.08,2004.12
李忠,0000020240,,徽州师范学校,普师,1981.09,1984.07
李忠,0000020240,大专,安徽大学,法律,1987.04,1990.06
李忠,0000020240,本科,安徽省教育学院,,1989.09,1992.07
李忠,0000020240,学习,市委党校,,1997.09,1998.06
李忠,0000020240,研修,安徽财贸学院,,2001.01,2003.07
李忠,0000020240,学习,省委党校,,2003.03,2003.12
吴云忠,0000020241,,安徽省行知中学,财会,1988.09,1991.07
吴云忠,0000020241,大专,安徽省委党校,经济管理,1997.09,2000.07
吴云忠,0000020241,学习,黄山市委党校,,2001.09,2002.01
吴云忠,0000020241,本科,安徽省委党校,经济管理,2000.08,2002.12
吴云忠,0000020241,学习,黄山市委党校,,2013.03,2013.05
卢邦生,0000020242,,安徽省团校,政治理论,1986.09,1988.08
卢邦生,0000020242,专科,安徽大学,行政管理,1989.09,1994.12
卢邦生,0000020242,本科,中央党校,法律,1998.08,2000.12
卢邦生,0000020242,学习,市委党校,,2005.09,2005.12
卢邦生,0000020242,研究生,安徽省委党校,法学,2005.09,2008.07
周冬梅,0000020243,本科,安徽师范大学,政教,1987.09,1991.07
姚志江,0000020244,研究生,中国社科院,企业管理,1996.12,1998.12
姚志江,0000020244,学习,上海财经大学滁州市中青年干部经济管理培训班,,2001.09,2002.01
杨文萍,0000020246,本科,安徽省物资学校,财会,1990.09,1994.07
王珏,0000020249,专科,安徽省凤阳农机校,农机管理,1984.09,1987.07
王珏,0000020249,专科,北京人文函授大学,法律,1988.02,1990.07
王珏,0000020249,专科,安徽财贸学院,财会,1990.09,1993.07
王珏,0000020249,本科,中央党校,法律,1997.08,1999.12
王珏,0000020249,研究生,安徽省委党校,法学,2001.09,2004.07
王珏,0000020249,本科,安徽科技学院,法学,2002.09,2005.07
邹军,0000020250,本科,合肥工业大学,土建结构,1986.09,1990.07
徐广友,0000020251,研究生,上海水产大学,农业推广,2001.06,2004.06
罗圣权,0000020252,本科,安徽大学,档案,1992.09,1996.07
罗圣权,0000020252,研修,参加滁州市“复旦大学,,2007.05,2007.06
曾超,0000020255,,安徽大学,社会工作与管理,1989.09,1991.07
曾超,0000020255,研究生,安徽省委党校,,,
梁国金,0000020258,本科,中央党校,经济管理,,
熊国洪,0000020260,本科,参加中央党校,本科班经济管理,1994.08,1996.12
孔祥永,0000020261,,安徽建筑工业学院,城建,1989.09,1991.07
周密,0000020271,本科,中国科技大学,物理化学,1997.09,2001.09
周密,0000020271,博士,中国科技大学,物理化学,2001.09,2006.07
周密,0000020271,博士后,北京大学,,2008.03,2011.03
孙立志,0000020272,本科,安徽大学,法学,1987.09,1991.07
孙立志,0000020272,研究生,参加安徽大学,课程进修班经济管理,2000.09,2002.09
何田,0000020274,专科,宣城师范学校,普师,1990.09,1993.08
何田,0000020274,大专,安徽省委党校,经济管理,1995.09,1998.07
何田,0000020274,本科,安徽省委党校,法律,2001.08,2003.12
何田,0000020274,研究生,安徽省委党校,经济管理,2007.09,2010.07
张定锋,0000020282,本科,中央党校,党政管理,1993.08,1995.12
郑立敏,0000020286,本科,厦门大学,化学,,1998.08
郑立敏,0000020286,研究生,厦门大学,科学社会主义与国际共产主义运动,1998.08,2000.06
许用贵,0000020289,,复旦大学,工业合作经济,1990.09,1992.06
许用贵,0000020289,本科,复旦大学,法学,1996.09,1999.07
许用贵,0000020289,研修,香港公开大学,,2002.10,2004.12
陈忠霖,0000020290,研究生,福建农林大学,农村与区域发展,2009.05,2012.12
张帆,0000020293,本科,上海同济大学,给排水,1989.09,1993.08
王进足,0000020294,培训,参加泉州市委党校,,2004.09,2004.12
王进足,0000020294,本科,参加武汉理工大学,土木工程,2004.09,2007.06
夏长文,0000020297,本科,厦门大学,经济学,1985.09,1989.07
孟芊,0000020299,本科,清华大学,化学、环境工程、法学,1993.09,1999.07
孟芊,0000020299,研究生,清华大学,,1999.09,2001.12
林文生,0000020300,本科,厦门大学,计统,1986.00,
林文生,0000020300,研究生,厦门大学,工商管理,,
吴文恩,0000020306,专科,莆田华桥师范学校,普师,1987.09,1990.07
吴文恩,0000020306,学习,中央政法管理干部学院,法律,1996.03,1998.07
吴文恩,0000020306,本科,江西财经大学,财政学,2001.09,2004.06
王文才,0000020307,,福建省集美水产学校,海水养殖,1991.09,
柯金国,0000020309,本科,上海交通大学,机械工艺及设备,,1989.08
柯金国,0000020309,研究生,澳大利亚拉筹伯大学,工商管理,2001.09,2003.07
张昌平,0000020312,专科,武汉钢铁学院,,1973.09,1976.10
张昌平,0000020312,学习,湖南省经济管理学院,,1980.09,1983.07
张昌平,0000020312,研究生,湖南大学,工业外贸,1993.07,1996.01
王胜文,0000020326,大专,厦门大学,行政管理,,
王胜文,0000020326,本科,中央党校,行政管理,2001.08,2003.12
王胜文,0000020326,学习,三明市委党校,,2006.09,2006.12
王胜文,0000020326,学习,福建省委党校,,2015.09,2016.01
刘德旺,0000020339,本科,北京军事测绘学院,航空摄影测量,1965.08,1969.08
刘德旺,0000020339,学习,中央党校,,1988.08,1989.01
王永辉,0000020341,本科,中国科技大学,,1994.09,1998.07
王永辉,0000020341,研究生,中国科技大学,化学,1998.09,2000.07
王永辉,0000020341,博士,中国科技大学,化学,2000.09,
吴洪池,0000020344,大专,福建省云霄师范学校,,1986.09,1989.08
朱真,0000020352,大专,泉州供销学校,,1989.09,1992.08
朱真,0000020352,研究生,中央党校,经济学,2010.09,2013.07
何明星,0000020362,本科,安徽工学院,工业电气自动化,1986.09,1990.07
沈晓文,0000020366,博士,清华大学,,,
张行书,0000020371,专科,福建司法学校,法律,1987.09,1989.07
何明华,0000020378,本科,西安交通大学,,,1994.00
何明华,0000020378,研究生,西安交通大学,,,1997.00
何明华,0000020378,博士,新加坡国立大学,,,2003.00
何明华,0000020378,博士后,新加坡南洋理工大学,,2003.00,2005.00
陈金龙,0000020379,,福建省漳州市农业学校,农学,1989.09,1993.07
陈金龙,0000020379,大专,中央党校,经管,1995.08,1998.06
陈金龙,0000020379,本科,中央党校,行政管理,1999.08,2001.12
陈金龙,0000020379,研究生,中央党校,经济管理,2010.09,2013.07
陈荣水,0000020383,本科,中央党校,,2002.09,2004.12
吕素梅,0000020386,,福建省第二轻工业学校,财会,1989.09,1992.07
吕素梅,0000020386,大专,中央党校,经管,1997.08,2000.06
吕素梅,0000020386,大专,福建师范大学,汉语言文学,1997.10,1999.10
吕素梅,0000020386,本科,福建师范大学,汉语言文学,1999.10,2005.04
吕素梅,0000020386,研究生,福建省委党校,马克思主义哲学,2007.09,2010.01
张成慧,0000020390,专科,福建省宁德师专,政教,1987.09,
张成慧,0000020390,本科,中央党校,政法,1998.09,2000.12
袁华军,0000020398,本科,福建师范大学,经济学,1995.09,1999.07
袁华军,0000020398,研究生,福建师范大学,政治经济学,1999.09,2002.07
吴江辉,0000020402,本科,江西工业大学,工民建,1987.09,1991.08
吴江辉,0000020402,函授,中央党校,法律,1999.08,2001.12
陈翔,0000020406,本科,江西财经学院,工业经济,1988.09,1992.07
陈翔,0000020406,学习,南昌市委党校,,2001.10,2002.01
彭开先,0000020408,专科,江西万年师范学校,,1985.09,
彭开先,0000020408,大专,江西教育学院,政教,1991.09,
彭开先,0000020408,研究生,南昌大学,中国哲学,1994.09,
黄万林,0000020418,本科,江西师范大学,汉语言文学,1987.09,1991.08
黄万林,0000020418,研究生,华中理工大学,马克思主义哲学,1997.01,1999.11
黄万林,0000020418,研修,延安干部学院,年轻干部党性教育专题,2014.07,2014.07
杨博,0000020420,专科,萍乡高专,政史,1992.09,1995.07
杨博,0000020420,本科,自考中国人民公安大学,,1997.04,2003.12
杨博,0000020420,研究生,省委党校,法学,2007.09,2009.12
赵和平,0000020429,专科,海会师范,普师,1984.09,1987.08
赵和平,0000020429,专科,江西师范大学,,1989.07,1991.12
赵和平,0000020429,本科,中央党校,政法,1995.07,1997.12
赵和平,0000020429,研究生,江西省委党校,经济管理,2001.07,2003.12
赵和平,0000020429,学习,九江市委党校,,2006.09,2006.11
郑绍,0000020433,专科,中央广播电视大学,,1999.09,2002.06
郑绍,0000020433,研究生,江西省委党校,工商管理,2003.09,2005.12
周三连,0000020435,本科,江西农业大学,,1991.09,1994.07
周三连,0000020435,研究生,省委党校,公共管理,2002.12,2003.06
钟有林,0000020436,本科,江西农业大学,,1992.06,1996.07
钟有林,0000020436,研究生,江西农业大学,,1999.09,2003.07
钟有林,0000020436,博士,东华大学,管理科学与工程,2005.07,2009.12
钟有林,0000020436,学习,九江市委党校,,2014.04,2014.06
邵九思,0000020439,专科,修水师范,,1990.09,1993.07
邵九思,0000020439,进修,九江教育学院,,1995.09,1997.07
邵九思,0000020439,本科,中央党校,法律,1999.09,2001.12
江训开,0000020440,本科,江西农业大学,林产化工,1993.09,1996.07
江训开,0000020440,研究生,江西省委党校,农业推广,,
王丰鹏,0000020441,专科,九江师范,普师,1982.09,1985.08
王丰鹏,0000020441,大专,江西大学,高等教育自学考试汉语言文学,1985.09,1987.12
王丰鹏,0000020441,学习,江西省委党校,经济管理,1990.09,1992.07
王丰鹏,0000020441,研究生,江西省委党校,经济管理,2001.09,2003.12
何慕良,0000020443,专科,江西省畜牧水产学校,畜牧,1981.09,1983.08
何慕良,0000020443,培训,新余市农干校,,1985.09,1985.11
何慕良,0000020443,学习,江西行政学院,行政管理,1990.09,1992.07
何慕良,0000020443,本科,中央党校,政法,1998.08,2000.12
何慕良,0000020443,研究生,江西省委党校,党史,2001.09,2003.12
刘文华,0000020447,本科,江西财经学院,金融学,1986.09,1990.10
刘文华,0000020447,学习,江西省委党校,,2003.09,2003.12
刘文华,0000020447,学习,中央党校,,2012.03,2013.01
刘文华,0000020447,学习,中央党校,经济管理,2012.03,2015.01
连天浪,0000020448,大专,龙南师范学校,,1984.08,1987.07
连天浪,0000020448,学习,江西省广播电视大学,文秘,1990.09,1993.08
连天浪,0000020448,函授,中央党校,,1997.08,1999.12
钟旭辉,0000020450,本科,南京陆军指挥学院,"
思想政治",1997.09,2000.06
钟旭辉,0000020450,本科,中央党校,经济管理,1998.08,2000.12
钟旭辉,0000020450,培训,中共赣州市委党校,,2003.04,2003.07
钟旭辉,0000020450,培训,赣州市委党校,,2005.11,2006.02
钟旭辉,0000020450,研修,清华大学,,2009.07,2010.12
邱凌,0000020451,本科,南昌大学,行政管理,2000.09,2004.07
邱凌,0000020451,培训,,,2009.05,2009.07
邱凌,0000020451,研究生,南昌大学,公共管理,2009.03,2011.12
缪兰英,0000020453,,江西财经学院,会计,1985.03,1987.04
缪兰英,0000020453,本科,参加中央党校,经济管理,1998.08,2000.12
缪兰英,0000020453,研究生,参加南昌大学,产业经济学,1999.06,2001.01
缪兰英,0000020453,培训,江西省赣州市委党校,,2004.10,2005.01
缪兰英,0000020453,培训,江西省赣州市委党校,,2007.03,2007.06
余钟华,0000020455,,宁都师范,,1987.09,1990.08
余钟华,0000020455,大专,南昌大学,行政管理,,
余钟华,0000020455,本科,中央党校,行政管理,,
温扬汉,0000020456,本科,南昌大学,食品化学,1993.09,1997.08
温扬汉,0000020456,培训,赣州市委党校,,2004.10,2005.01
陈黎,0000020457,,天津市运输工程学院,,1991.09,1993.07
邹卫梅,0000020459,大专,中央党校,政法,1998.08,2001.06
邹卫梅,0000020459,本科,中央党校,行政管理,2001.08,2003.12
邹卫梅,0000020459,研究生,江西省委党校,公共管理,2003.08,2005.12
郑军平,0000020462,本科,中国人民大学,,1998.09,2002.07
曾亮,0000020463,,江西省政法干部学校,法律,1992.09,1994.07
曾亮,0000020463,本科,南昌大学,,,1996.10
曾亮,0000020463,学习,江西省委党校,经济法,2001.09,2004.03
娄致文,0000020464,专科,吉安市农校,植保,1983.09,1985.08
娄致文,0000020464,本科,中央党校,党政管理,1990.08,1993.06
娄致文,0000020464,本科,中央党校,政法,1996.08,1998.12
邓永翔,0000020466,本科,南昌航空工业学院,焊接工艺与设备,1994.09,1998.07
邓永翔,0000020466,研究生,华南理工大学,材料加工工程,1998.09,2001.07
邓永翔,0000020466,博士,南昌大学,管理科学与工程,2003.09,2008.06
王玮,0000020468,本科,江西农业大学,会计,1993.09,1997.07
贺利华,0000020469,大专,江西大学,法律,,1992.12
贺利华,0000020469,本科,中央党校,政法,1995.08,1997.12
贺利华,0000020469,本科,中央广播电视大学,工商管理,2002.09,2005.01
贺利华,0000020469,研究生,江西财经大学,工商管理,2006.04,2008.12
李晓楚,0000020473,大专,宜春农专,,1988.09,1991.07
胡海洋,0000020478,本科,江西师范大学,,1999.09,2003.08
解鸳,0000020481,大专,高安师范,,1993.09,1996.07
严旭辉,0000020482,本科,江西师范大学,历史,1990.09,1994.07
罗光荣,0000020483,研究生,江西省委党校,产业经济,2002.09,2004.07
黄玉剑,0000020488,本科,江西医学院,医学,1979.09,1984.07
黄玉剑,0000020488,学习,江西省委党校,,1998.09,1999.01
黄玉剑,0000020488,研究生,江西省委党校,法律,1998.09,2000.12
黄玉剑,0000020488,培训,法国普瓦提埃大学,,2007.05,2007.06
黄玉剑,0000020488,培训,美国乔治亚大学,,2010.11,2010.12
董东明,0000020491,,抚州师范专科学校,,,1983.07
曾春,0000020503,,北京大学,,1993.07,1995.07
曾春,0000020503,研究生,中央党校,经济管理,2007.09,2010.07
何党生,0000020505,本科,江西农业大学,,1993.09,1997.09
何党生,0000020505,,江西省委党校,经济管理,2000.08,2002.12
郑华森,0000020506,大专,上饶师院,物理,1984.09,1987.07
郑华森,0000020506,,华东师范大学,物理,1987.08,1988.07
郑华森,0000020506,研究生,南昌大学,马列主义政治思想教育,2000.09,2001.03
徐树斌,0000020507,本科,北京农业大学,作物栽培,1990.09,1994.09
周金明,0000020509,专科,江西省鹰潭师范学校,,1982.09,1985.08
危岩,0000020510,专科,上饶师专,中文,1982.09,1985.08
危岩,0000020510,本科,江西师范大学,中国语言文学,1987.09,1990.07
危岩,0000020510,研究生,中国社科院,经济管理,1999.09,2001.09
陈敏,0000020511,本科,南昌大学土木工程学院专业学习,给水排水工程,1996.09,2000.07
陈敏,0000020511,研究生,华中科技大学,西方经济学,2003.07,2005.10
陈敏,0000020511,博士,武汉理工大学,产业经济学,2007.09,2010.12
吴树俭,0000020512,本科,安徽大学,,1987.09,1991.09
吴云飞,0000020514,大专,鹰潭师范学校,,1982.09,1985.07
吴云飞,0000020514,本科,中央党校,行政管理,1998.08,2000.12
郭峰,0000020516,专科,萍乡高等专科学校,工艺美术,1997.09,2000.09
郭峰,0000020516,本科,中央党校,法律,2002.08,2004.12
郭峰,0000020516,研究生,江西省委党校,中共党史,2008.09,2010.12
焦卫星,0000020525,,山东广播电视大学,审计,1990.09,1992.11
焦卫星,0000020525,本科,省委党校,经济管理,1994.09,1996.12
焦卫星,0000020525,研究生,东北大学,科技哲学,2000.04,2002.07
焦卫星,0000020525,研究生,省委党校,经济管理,2005.09,2008.06
王义朴,0000020541,,淄博师专,,1987.09,1989.08
邵士官,0000020556,,枣庄师专,汉语言文学,,
马保文,0000020560,本科,山东大学,汉语言文学,1990.09,1994.07
刘斯杰,0000020561,本科,曲阜师范大学,化学教育,1989.09,1993.07
刘斯杰,0000020561,研究生,中国石油大学,马克思主义理论与思想政治教育,2004.09,2007.01
张晓彬,0000020562,,天津商学院,食品工程,1993.07,1995.09
张晓彬,0000020562,本科,中国计量学院,质量工程管理,1997.07,2002.05
张晓彬,0000020562,研究生,山东省委党校,经济管理,2008.09,2011.06
张晓彬,0000020562,研究生,山东师范大学,公共管理,2010.09,2013.06
张晓彬,0000020562,培训,山东省委党校,,2013.09,2014.01
贺业增,0000020575,,山东省烟台地区二轻工业学校,轻工机械制造,1980.09,
贺业增,0000020575,,烟台大学,企业管理,1993.09,1996.07
杨晓辉,0000020583,本科,山东省委党校,经济管理,1999.09,2001.12
杨晓辉,0000020583,,东北大学,软件工程,2008.08,2012.01
扈洪波,0000020586,本科,山东工业大学,电机,1986.09,1990.07
扈洪波,0000020586,研究生,大连理工大学,工商管理,2002.07,2004.07
鞠立强,0000020590,专科,潍坊职业大学,中文秘书,1987.08,1989.07
杜建华,0000020592,学习,山东广播电视大学,法律,1988.09,1991.10
杜建华,0000020592,学习,中央党校,经济管理,1993.08,1995.12
杜建华,0000020592,研究生,山东省委党校,研究生班经济管理,2001.09,2004.06
王骁,0000020595,本科,曲阜师范大学,数学教育,1991.09,1995.07
王骁,0000020595,培训,济宁市委党校,,2000.03,
王骁,0000020595,进修,省委党校,,2004.09,2004.11
王骁,0000020595,研究生,曲阜师范大学,应用数学,2005.09,
王爱新,0000020606,专科,泰安师范专科学校,汉语言文学,1989.09,1991.07
王爱新,0000020606,本科,中央党校,经济管理,1993.08,1995.12
王爱新,0000020606,研究生,山东省委党校,经济管理,2005.09,2008.06
王爱新,0000020606,培训,泰安市委党校,,2007.03,2007.07
林恒,0000020616,本科,烟台大学,机械设计与制造,1992.09,1996.07
刘昌松,0000020617,本科,山东工业大学,电厂热能动力工程,1992.09,1996.07
周兵,0000020618,本科,济宁医学院,临床医学,2001.09,2006.07
周兵,0000020618,研究生,中国人民解放军第一军医大学,骨外科,2006.09,2009.07
周兵,0000020618,博士,中山大学,骨外科,2000.09,2012.07
宫本杲,0000020619,本科,山东大学,,1992.09,1996.07
牟伟,0000020622,中专,重庆机器制造学校,企业管理,1983.09,1986.07
牟伟,0000020622,大专,西南财经大学,工业经济,,
牟伟,0000020622,本科,中央党校,经济管理,1997.09,1999.12
费立志,0000020625,,日照师范,,1983.09,1986.07
费立志,0000020625,大专,曲阜师范大学,,1986.09,1989.06
费立志,0000020625,本科,省委党校,,1996.03,1999.01
沈如茂,0000020629,本科,山东经济学院,工业经济,1988.09,1992.07
沈如茂,0000020629,学习,山东省委党校,经济管理,2004.09,2007.06
刘凯,0000020630,本科,山东大学,,,
孙德士,0000020634,本科,山东工业大学,机械设计及制造,1991.09,1995.07
孙伟,0000020637,本科,北京大学,经济地理-区域与城市规划,1979.09,1983.08
郇恒赛,0000020642,本科,山东师范大学,汉语言文学,,
王洪林,0000020645,本科,聊城师范学院,历史,1989.07,1993.07
沙淑红,0000020649,研究生,新加坡南洋理工大学,管理经济学,2000.07,2001.07
孙洪昌,0000020651,本科,山东师范大学,,1985.09,1989.07
孙洪昌,0000020651,研究生,上海体育学院,,1989.09,1992.06
朱恩鹤,0000020657,大专,山东经济学院,财政,1990.05,1992.06
朱恩鹤,0000020657,自考,山东经济学院,财政,1992.11,1997.06
朱恩鹤,0000020657,研究生,山东省委党校,经济管理,2001.09,2004.06
滕海强,0000020661,本科,山东工业大学,,1987.09,1991.07
滕海强,0000020661,研究生,中国人民大学,经济,1996.09,2000.01
马广朋,0000020668,本科,山东大学,汉语言文学,1985.09,1989.07
马广朋,0000020668,研究生,中共党校,区域经济学,2011.09,2014.07
崔新乐,0000020669,本科,聊城师范学院,汉语言文学,1989.09,1993.07
张瑞杰,0000020673,本科,潍坊医学院,卫生事业管理,1994.09,1999.07
姜凌刚,0000020680,本科,中国人民公安大学,思想政治教育,1993.09,1997.07
张伟,0000020683,本科,天津体育学院,体育,1985.09,1989.07
张伟,0000020683,培训,天津市委党校,,2008.09,2009.01
张伟,0000020683,研究生,河北工业大学,工商管理,2010.03,2012.06
张泽中,0000020685,本科,聊城师范学院,汉语言文学,1989.09,1993.07
张泽中,0000020685,本科,中国政法大学,法学,1995.09,1997.07
崔学民,0000020690,本科,长春地质学院,矿产勘查,,
张炳江,0000020700,专科,天津市宁河县师范学校,,1984.09,1986.07
张炳江,0000020700,函授,中央党校,经济管理,1994.08,1996.12
张炳江,0000020700,研究生,中央党校,经济学,1999.09,2002.07
马志峰,0000020706,本科,郑州轻工业学院,电气自动化,1987.09,1991.08
马志峰,0000020706,研究生,中南财经大学,工业经济,1995.09,1998.06
马志峰,0000020706,博士,中南财经政法大学,产业经济,2001.09,2004.07
邵爱香,0000020708,,兰考县谷营乡袁寨学校,,1981.09,1991.04
邵爱香,0000020708,本科,河南省委党校,法律,2001.09,2003.12
柳波,0000020709,,河南农业大学,经济学,1999.09,2003.06
柳波,0000020709,研究生,郑州大学,马克思哲学,2003.09,2006.06
柳波,0000020709,培训,上海复旦大学,,2015.03,2015.04
李明俊,0000020712,专科,汲县师范学校,普师,1985.08,1988.07
巴永山,0000020716,本科,中南民族学院,数学,1981.09,1985.07
陈英杰,0000020735,本科,河南财经学院,国民经济计划,1986.09,1990.06
陈英杰,0000020735,研究生,河南省委党校,社会学,2004.09,2007.07
陈英杰,0000020735,学习,河南省委党校,,2005.09,2006.01
陈英杰,0000020735,,清华大学,,2008.09,2011.01
陈英杰,0000020735,学习,河南省委党校,,2012.09,2012.12
陈英杰,0000020735,本科,河南财经学院,国民经济计划,1986.09,1990.06
陈英杰,0000020735,研究生,河南省委党校,社会学,2004.09,2007.07
陈英杰,0000020735,学习,河南省委党校,,2005.09,2006.01
陈英杰,0000020735,,清华大学,,2008.09,2011.01
赵军伟,0000020745,本科,郑州大学,国际金融,1993.09,1997.07
牛晓辉,0000020746,,平原大学,工程技术,1986.09,1989.07
牛晓辉,0000020746,本科,中央党校,经济,1992.08,1994.12
王献臣,0000020750,本科,郑州大学,历史,1984.09,1988.07
秦保建,0000020751,本科,中原石油学校,,1988.09,1992.07
秦保建,0000020751,学习,河南师范大学,计算机与自动化,1996.09,1999.07
秦保建,0000020751,函授,中央党校,经济管理,2001.08,2003.12
秦保建,0000020751,研究生,北京师范大学,行政管理,2001.09,2003.07
董红倜,0000020756,专科,河南省医药学校,经营管理,1985.09,1987.07
董红倜,0000020756,本科,河南大学,汉语言文学,1990.10,1994.06
李涛,0000020782,,豫西师范,,1983.09,1986.08
李涛,0000020782,大专,河南大学,中文,1992.12,
李涛,0000020782,研修,中国政法大学,,2002.06,2004.09
李涛,0000020782,本科,中央党校,公共管理,2007.08,2009.12
杨跃民,0000020783,专科,豫西师范,,1985.09,1988.08
杨跃民,0000020783,本科,中央党校,经济管理,1995.08,1997.12
杨跃民,0000020783,,河南大学,中文,1989.05,1991.06
杨跃民,0000020783,研究生,中国政法大学,,2002.06,2004.09
骆玉峰,0000020785,专科,豫西师范,,1981.09,1983.07
骆玉峰,0000020785,,河南财经学院,统计,1985.06,1989.12
骆玉峰,0000020785,函授,北京人文大学,财政税收,1989.01,1991.07
骆玉峰,0000020785,函授,中央党校,经济管理,1993.08,1995.12
骆玉峰,0000020785,研究生,中科院,市场经济学,1996.11,1998.11
王清华,0000020786,专科,豫西师范,,1984.10,1987.06
王清华,0000020786,专科,河南大学,汉语言文学,1988.09,1990.12
王清华,0000020786,本科,河南大学,汉语言文学,1991.04,1994.06
王峻,0000020787,本科,同济大学,建筑管理,1995.07,1998.07
王峻,0000020787,MBA,浙江大学,工商管理,1999.09,2002.03
王峻,0000020787,学习,浙江省委党校,,2005.09,2005.10
王峻,0000020787,学习,浙江省委党校,,2008.03,2008.06
冯勇,0000020788,,河南省永城师范,,1984.09,1987.07
冯勇,0000020788,研究生,华中科技大学,,,2007.06
邓俊峰,0000020792,本科,中南财经大学,工业经济管理,1989.09,1993.08
方明洋,0000020794,专科,河南省城建高等专科学校,,1994.09,1997.08
方明洋,0000020794,函授,中央党校,法律,2001.08,2003.12
方明洋,0000020794,函授,任河南省委党校,经济管理,2008.07,2011.06
周华锋,0000020796,本科,河南农业大学,,1990.09,1994.07
周华锋,0000020796,研究生,河南农业大学,区域经济,2006.09,2008.07
夏明夫,0000020809,本科,郑州大学,经济学,1985.09,1989.07
王毅,0000020816,本科,湖南医学院,,1981.09,1986.07
魏华伟,0000020827,研究生,清华大学,,,2008.00
吴松平,0000020829,专科,丽水师范专科学校,汉语言文学,1996.09,1999.07
吴松平,0000020829,本科,省委党校,经济管理,2001.08,2003.12
吴松平,0000020829,学习,市委党校,,2007.09,2007.12
吴松平,0000020829,学习,江苏省委党校,,2010.03,2010.07
吴松平,0000020829,研究生,浙江省委党校,区域经济学,2009.09,2012.06
杨泽发,0000020839,本科,华中理工大学,锻压工艺与设备,1984.09,1988.07
杨泽发,0000020839,研究生,江西工业大学,压力加工,1988.07,1991.07
杨泽发,0000020839,博士,华中理工大学,金属塑性成形,1991.07,1995.07
杨泽发,0000020839,学习,武汉市委党校,,1998.09,1999.01
杨泽发,0000020839,培训,华中理工大学出国人员英语强化培训班,,1999.06,2000.02
杨泽发,0000020839,培训,武汉市赴英国国际金融与投资培训班,,2001.04,2001.10
杨泽发,0000020839,进修,武汉市委党校,,2006.03,2006.03
彭浩,0000020842,本科,武汉水利水电学院,工业与民用建筑,1980.09,1984.02
彭浩,0000020842,培训,武汉市委城建工委党校,,1992.02,1992.06
彭浩,0000020842,学习,武汉市委党校,,1997.09,1998.01
彭浩,0000020842,研究生,华中理工大学,,1998.09,2000.07
彭浩,0000020842,培训,湖北省委党校,,2002.09,2002.11
彭浩,0000020842,进修,湖北省武汉市委党校,,2005.09,2005.10
彭浩,0000020842,学习,华中科技大学出国人员英语强化培训班,,2008.10,2008.11
彭浩,0000020842,学习,湖北省武汉市赴美国西北理工大学科技创新与高新技术产业发展专题研讨班,,2008.11,2008.12
周军,0000020846,本科,湖北师范学院,汉语言文学教育,1994.09,1998.06
王建华,0000020849,本科,湖北师范学院,思想政治教育,1989.09,1993.07
王建华,0000020849,学习,黄石市委党校,,2001.09,2002.01
王建华,0000020849,学习,湖北省委党校,,2004.03,2004.12
王建华,0000020849,研究生,湖北省委党校,,2004.03,2006.07
明进华,0000020850,本科,湖北工学院,机械制造,1990.09,1994.07
明进华,0000020850,研究生,华中科技大学,工商管理,2001.09,2003.06
袁卫东,0000020858,本科,武汉化工学院,化工机械,1978.09,1982.08
袁卫东,0000020858,培训,中石化总公司石油化工管理干部学院,,1997.09,1998.01
周正英,0000020859,中专,湖北省宜都师范学校,,1981.09,1984.08
周正英,0000020859,专科,宜昌师范专科学校,,1985.09,1988.07
周正英,0000020859,研究生,湖北省委党校,行政管理,1996.09,1999.07
吴康年,0000020860,中专,秭归县师范学校,,1981.09,1983.07
吴康年,0000020860,专修,宜昌师专,,1985.09,1987.07
吴康年,0000020860,学习,中央党校,经济管理,1997.09,1999.12
吴康年,0000020860,研究生,湖北省委党校,政治经济,1999.09,2002.07
刘学甫,0000020861,本科,武汉师范学院,历史,1978.10,1982.08
刘学甫,0000020861,研究生,华中科技大学,,1998.07,1999.12
高杰,0000020862,本科,湖北大学,政工,1991.09,1995.06
高杰,0000020862,学习,湖北省委党校,,1997.04,1997.07
高杰,0000020862,,新加坡南洋理工大学,公共行政管理,2008.03,2009.01
张鹏,0000020863,专科,宜昌师范专科学校,,1981.09,1984.07
张鹏,0000020863,研究生,武汉水利电力大学,,1995.09,1997.07
张鹏,0000020863,本科,湖北农学院,,1998.09,2001.07
张鹏,0000020863,研究生,湖北省委党校,公共管理,2008.09,2011.07
吴刚,0000020864,本科,成都科学技术大学,工业与民用建筑,1986.09,1990.07
汪元程,0000020866,专科,湖北省宜昌县师范学校,,1984.09,1987.07
汪元程,0000020866,大专,湖北省委党校,行政管理,1988.09,1991.07
汪元程,0000020866,本科,中南财经政法大学,经济管理,1995.09,2000.06
蔡建国,0000020867,,宜昌地区财贸学校,,1979.10,1981.09
蔡建国,0000020867,大专,武汉大学,,1989.08,1992.10
蔡建国,0000020867,本科,中央党校,,1996.08,1998.12
周青,0000020868,中专,宜昌地区农业学校,农学,1981.09,1983.08
周青,0000020868,大专,湖北省团校,,1985.09,1987.07
周青,0000020868,学习,中央党校,经济管理,1995.08,1997.12
周青,0000020868,研究生,华中科技大学,经济学,1999.07,2000.12
王均成,0000020869,本科,华中工学院,工业自动化,1981.09,1985.07
王均成,0000020869,,宜昌市委党校,,1995.09,1995.12
王均成,0000020869,研究生,华中科技大学,经济学,1999.07,2000.12
王均成,0000020869,进修,国家行政学院,,2008.09,2008.09
任蔚,0000020871,本科,湖北省档案学校,,1993.09,1997.06
任蔚,0000020871,学习,湖北农学院,,1995.09,1998.07
任蔚,0000020871,学习,湖北大学,秘书学,1998.09,2002.06
任蔚,0000020871,学习,中国政法大学,法律,2000.03,2002.03
汪小波,0000020873,专科,宜昌师专,化学,1990.09,1993.07
汪小波,0000020873,本科,湖北师范学院,,1994.07,1997.06
汪小波,0000020873,研究生,华中科技大学,西方经济学,2000.09,2002.07
谭业明,0000020874,专科,宜昌地区农机学校,机械化（电气）,1981.09,1983.12
罗毅,0000020875,专科,湖北省委党校,党政管理,1985.08,1988.06
熊伟,0000020877,,湖北省宜昌农机学校,,1979.09,1981.06
熊伟,0000020877,大专,湖北省宜昌地委党校,,1985.09,1987.08
熊伟,0000020877,学习,湖北省委党校,,1998.09,1998.12
熊伟,0000020877,研究生,湖北省委党校,,1996.09,1999.07
熊伟,0000020877,学习,湖北省委党校,,2010.11,2011.01
刘洪福,0000020879,专科,湖北省人民警察学校,,1982.09,1984.07
刘洪福,0000020879,本科,湖北省委党校,,1998.02,2000.07
刘洪福,0000020879,研究生,湖北省委党校,,1999.09,2002.05
张立新,0000020882,大专,武汉工业大学,工民建,1987.10,1991.12
张立新,0000020882,本科,武汉工业大学,工民建,1995.09,1998.06
张立新,0000020882,学习,宜昌市委党校,,1998.09,1998.12
张立新,0000020882,学习,宜昌市委党校,,2000.02,2000.04
张立新,0000020882,研究生,华中科技大学,经济学,2000.05,2001.09
苏海涛,0000020884,研究生,武汉大学,传播学,2004.09,2006.07
苏海涛,0000020884,博士,武汉大学,社会保障,2010.09,2013.12
杨勇,0000020885,本科,华中农业大学,园艺,1991.09,1995.07
杨勇,0000020885,研究生,湖北大学,公共管理,2008.04,2010.12
刘晓华,0000020888,学习,新加坡南洋理工大学,公共管理,2007.02,2008.01
蔚盛斌,0000020890,专科,湖北省襄阳师范学校,,1983.09,1986.08
蔚盛斌,0000020890,本科,华中师范大学,汉语言文学,1988.07,1991.07
蔚盛斌,0000020890,研究生,湖北省委党校,党的建设,2002.09,2005.07
丁庆荣,0000020892,进修,湖北省行政学院,,2011.09,2011.10
朱青林,0000020893,进修,湖北省委党校,,2010.05,2010.07
柴普军,0000020894,专科,华中农业大学,,1994.09,1997.05
柴普军,0000020894,本科,华中农业大学,,1997.03,2000.09
柴普军,0000020894,研究生,湖北省委党校,党的建设,2001.09,2004.07
柴普军,0000020894,进修,省行政学院,,2010.03,2010.04
黄克立,0000020896,,咸宁地区农校,茶果,1984.09,1987.06
黄克立,0000020896,大专,襄阳师范专科学校,,1990.07,1993.07
黄克立,0000020896,本科,湖北省委党校,行政管理,1996.09,1998.12
彭波,0000020902,本科,华中农业大学,农业资源与环境,1999.09,2003.07
彭波,0000020902,研究生,武汉大学,土地资源管理,2004.09,2006.07
彭波,0000020902,进修,省委党校,,2009.05,2009.07
周俊杰,0000020906,专科,湖北省计划管理干部学院,,1987.09,1989.07
周俊杰,0000020906,本科,湖北大学,经济学,2001.07,2003.06
伍应彪,0000020907,研究生,湖北省委党校,经济管理,2006.09,2009.07
魏明超,0000020908,本科,中南政法学院,法律,1986.09,1990.07
袁华江,0000020911,专科,孝感师范专科学校,化学,1981.09,1984.07
袁华江,0000020911,函授,中央党校,经济管理,1997.08,1999.12
余海群,0000020913,本科,华中科技大学,,2000.09,2004.06
徐长斌,0000020916,本科,湖北省孝感市农业学校,农学,1990.09,1994.07
徐长斌,0000020916,本科,中央党校,,1995.08,1997.12
徐长斌,0000020916,研究生,华中师范大学,马克思主义理论与思想政治教育,1998.09,2001.06
徐长斌,0000020916,研究生,湖北省委党校,法学,2005.09,2007.07
胡明刚,0000020917,专科,汉川师范,普师,1989.09,1992.07
胡明刚,0000020917,本科,湖北大学,生物教育,1992.09,1996.06
胡明刚,0000020917,研究生,湖北省委党校,行政管理,2004.09,2006.07
杨运春,0000020919,中专,松滋县师范学校,,1984.09,1987.08
杨运春,0000020919,大专,武汉大学,行政管理,1990.09,1992.06
杨运春,0000020919,本科,中央党校,经济管理,1998.08,2000.12
杨运春,0000020919,培训,湖北省委党校,,2005.09,2005.11
杨运春,0000020919,研究生,湖北省委党校,法学,2008.09,2011.07
杨运春,0000020919,进修,湖北省行政学院,,2011.09,2011.10
黄祥龙,0000020920,本科,中南财经大学,国民经济计划,1983.09,1987.07
黄祥龙,0000020920,学习,荆州市委党校,,2000.03,2000.07
黄祥龙,0000020920,研究生,武汉大学,公共管理,2001.09,2004.07
韩旭,0000020921,本科,河南师范大学化学专业本科毕业,,1999.09,2003.07
韩旭,0000020921,博士,中国科学技术大学,物理化学（含化学物理）,2003.09,2008.07
韩旭,0000020921,培训,濮阳市委党校,,,2011.09
张远梅,0000020922,专科,湖北松滋师范学校,,1987.09,1990.08
沈先武,0000020923,本科,华中农业大学,机械设计与制造,1992.09,1996.07
何永红,0000020925,,黄梅县农技学校,,1983.07,1985.07
何永红,0000020925,专科,湖北大学,文秘,1989.08,1992.12
何永红,0000020925,本科,中央党校,法律,1999.09,2001.12
郝爱芳,0000020927,专科,黄梅师范学校,,1986.09,1989.07
付宇,0000020929,专科,黄冈师范高等专科学校,汉语言文学,1995.09,1998.06
付宇,0000020929,本科,湖北大学,汉语言文学,1996.03,2000.06
屈凯军,0000020930,专科,黄冈师范专科学校,数学,1987.09,1989.07
屈凯军,0000020930,本科,中央党校,经济管理,1996.08,1999.12
屈凯军,0000020930,研究生,武汉大学,工业工程,2006.09,2008.06
盛文军,0000020933,专科,咸宁师专,中文,1986.09,1988.07
盛文军,0000020933,函授,中央党校,政法,1996.09,1998.09
胡春雷,0000020934,专科,荆州师专,政治教育,1985.09,1988.06
胡春雷,0000020934,函授,湖北省委党校,经济管理,1993.09,1996.07
胡春雷,0000020934,研究生,湖北省委党校,法学,2006.09,2009.07
石玉华,0000020938,中专,武汉市农校,畜牧,1983.09,1988.07
石玉华,0000020938,大专,华中师范大学,政治教育,1989.07,1992.12
石玉华,0000020938,函授,中央党校,经济管理,1995.08,1997.12
石玉华,0000020938,研究生,湖北省委党校,中共党史,2000.09,2003.07
石玉华,0000020938,培训,湖北省行政学院,,2004.03,2004.05
何运平,0000020940,,襄阳农校,农学,1983.09,1987.07
何运平,0000020940,专科,华中农业大学,农业经济管理,1989.10,1992.06
何运平,0000020940,本科,中央党校,经济管理,1996.08,1998.12
田涛,0000020941,本科,四川大学,历史学,1986.09,1990.07
田涛,0000020941,进修,随州市委党校,,2008.03,2008.05
沙玉山,0000020942,本科,中南民族学院,,1986.09,1990.07
张渊平,0000020943,,鄂西财校,行政管理,1990.10,
龚定荣,0000020949,大专,华中师范大学,政治教育,1989.06,1992.10
龚定荣,0000020949,培训,荆门市委党校,,1992.09,1992.12
龚定荣,0000020949,本科,湖北省委党校,行政管理,1996.09,1998.12
龚定荣,0000020949,培训,国家行政学院,,2003.03,2003.05
龚定荣,0000020949,培训,湖北省委党校,,2009.09,2009.10
刘启俊,0000020950,大专,北京电子科技学院,计算机通信,1991.07,1994.07
周春晖,0000020951,中专,宁乡县师范学校,,1991.09,1994.07
周春晖,0000020951,大专,湖南省高等教育自学考试,文秘,1993.07,1995.06
周春晖,0000020951,本科,中央党校,经济管理,1999.08,2001.12
周春晖,0000020951,研究生,湖南省委党校,经济管理,2004.09,2007.07
刘汇,0000020953,,湖南第一师范学校,,1983.09,1987.08
刘汇,0000020953,本科,湖南师范大学,地理教育,1987.09,1991.06
刘拥兵,0000020955,本科,湖南农业大学,水产,1993.09,1997.07
张敏,0000020956,大专,湖南省机电工程学校,食品加工机械,1986.09,1989.06
张敏,0000020956,本科,中央党校,政法,1995.08,1997.12
刘素月,0000020957,博士,湖南大学,国际贸易学,1986.09,1989.07
张作林,0000020960,本科,湖南师范大学,历史,1989.09,1993.07
张作林,0000020960,在职研究生,湖南省委党校,公共管理,2006.09,2009.07
王雄文,0000020961,中专,湖南省化学工业学校,化学工艺,1992.09,1996.06
王雄文,0000020961,本科,中央党校,法律,2000.09,2002.12
王雄文,0000020961,研究生,湖南大学,经济学,2001.09,2003.06
王雄文,0000020961,研究生,中央党校,法理学,2004.09,2007.07
吴新伟,0000020962,本科,华中理工大学,金属材料,1988.09,1992.07
吴新伟,0000020962,研究生,华中理工大学,金属材料,1992.09,1994.02
吴新伟,0000020962,博士,华中理工大学,金属材料,1994.03,1997.06
吴新伟,0000020962,培训,省委组织部第二批中青年干部赴美培训班,,2002.09,2003.03
罗琼,0000020964,本科,华东交通大学,工业自动化,1995.09,1999.08
罗琼,0000020964,研究生,武汉大学,软件工程,2003.06,2005.06
罗琼,0000020964,培训,湖南省委党校,,2007.03,2007.04
罗琼,0000020964,学习,湖南省委党校,,2009.02,2009.07
罗琼,0000020964,培训,美国加州圣荷塞大学,,2010.09,2010.12
罗琼,0000020964,学习,湖南省委党校,,2012.09,2012.11
罗琼,0000020964,培训,英国诺丁汉大学,,2013.07,2013.08
罗琼,0000020964,博士,中南大学,管理科学与工程,2012.09,2016.11
杨晓江,0000020965,本科,西南政法大学,劳动改造法,1989.09,1993.07
杨晓江,0000020965,研究生,西南政法大学,法学理论,1995.09,1998.07
杨晓江,0000020965,培训,省委党校,,2006.09,2006.11
杨晓江,0000020965,学习,市委党校,,2009.04,2009.06
张建勇,0000020966,,株洲工学院,中文秘书,1988.09,1990.07
张建勇,0000020966,本科,中央党校,经济管理,1995.09,1997.07
张建勇,0000020966,研修,北京大学,,2000.09,2002.07
张建勇,0000020966,学习,株洲市委党校,,2003.09,2004.01
张建勇,0000020966,研究室,武汉大学,软件工程,2006.09,2008.06
周建光,0000020968,研修,中南大学,管理工程,1999.09,2001.05
陈爱民,0000020973,本科,湘潭大学,汉语言文学,1992.09,1996.07
陈爱民,0000020973,研究生,海南大学,公共管理,2005.07,2008.12
刘桢干,0000020977,本科,西安交通大学,锅炉,1986.09,1990.07
刘诗真,0000020978,专科,零陵师范专科学校,,1988.09,1991.07
刘诗真,0000020978,本科,中央党校,政法,1997.08,1999.12
田奇,0000020982,研究生,长沙交通学院,管理工程,,
唐浩然,0000020983,本科,湖南师范大学,汉语言文学,1990.09,1994.07
唐浩然,0000020983,研究生,中央党校,法学理论,2004.09,2007.07
刘浪,0000020984,,南京理工大学,会计电算化,1997.09,2000.07
刘浪,0000020984,,西南民族大学,行政管理,2004.01,2005.12
黄辉,0000020985,大专,湖南师范大学,电化教育,1996.09,1999.07
黄辉,0000020985,本科,中央党校,法律,2001.08,2003.12
黄辉,0000020985,研究生,中共湖南省委党校,公共管理,2009.09,2012.06
周法清,0000020986,本科,中央党校,经济管理,1992.08,1994.12
袁谷平,0000020987,,中南工学院,经济管理,1993.09,1995.07
袁谷平,0000020987,本科,湖南省委党校,法律,2001.09,2003.12
曾建华,0000020989,大专,湖南省委党校,经济管理,1997.09,2000.06
曾建华,0000020989,本科,中央党校,法律,2001.08,2003.12
徐志毅,0000020993,本科,湘潭大学,文秘,1997.04,1999.06
徐志毅,0000020993,学习,中共衡阳市委组织部跟班,,1997.05,1997.10
徐志毅,0000020993,研究生,湖南省委党校,经济管理,2004.07,2007.07
吴伟生,0000020994,,湖南农学院,农学,1982.09,1985.07
吴伟生,0000020994,研究生,河南农业大学,植物学,1988.08,1990.06
胡果雄,0000020995,本科,湖南师范大学,新闻学,1995.09,1999.06
胡果雄,0000020995,研究生,湖南大学,工商管理,2005.04,2007.03
胡果雄,0000020995,博士,湖南大学,中国哲学,2008.09,2013.06
杜登峰,0000020996,本科,北京电子科技学院,计算机通信,1990.09,1993.07
杜登峰,0000020996,学习,湖南省委直属机关党校,,1997.09,1997.12
唐学石,0000020997,本科,湖南农学院,机化,1981.09,1985.09
唐学石,0000020997,研究生,浙江农业大学,农业机械化,1985.09,1988.07
刘革生,0000020998,专科,湖南城市建设专科学校,城市规划,1985.08,1988.08
刘革生,0000020998,本科,南京大学,城乡规划与国土管理,1997.09,2000.00
刘革生,0000020998,研究生,湖南省委党校,经济管理,2005.09,2008.07
蒋云良,0000021000,专科,湖南省衡阳卫校,公卫,1978.10,1981.10
蒋云良,0000021000,大专,中央党校,经济管理,1987.08,1990.06
蒋云良,0000021000,本科,中央党校,党政管理,1992.08,1994.12
吴乐胜,0000021001,本科,西安交通大学,工程力学,,1992.07
黄艳娥,0000021002,研究生,湖南师范大学,教育管理,2003.09,2005.06
刘贻银,0000021003,大专,邵阳市委党校,经济管理,1993.09,1996.05
刘贻银,0000021003,本科,中共党校,经济管理,2004.08,2006.12
周玉凡,0000021004,专科,邵阳师专,数学,1987.09,1990.07
周玉凡,0000021004,研究生,湖南大学,工商管理,1998.05,2000.05
周玉凡,0000021004,本科,湖南广播电视大学,法学,2006.09,2009.01
陈历贤,0000021005,大专,湖南大学,生物,1984.09,1987.07
陈历贤,0000021005,研修,山东大学,政治经济学,1999.01,2000.12
唐克俭,0000021006,专科,邵阳市工业高等专科学校,发酵工程,1989.09,1992.07
唐克俭,0000021006,研究生,湖南省委党校,经济学,2005.09,2008.07
黄建文,0000021007,大专,长沙大学,新闻,1984.09,1987.07
黄建文,0000021007,本科,湘潭大学,行政管理,1993.09,1996.09
汪灿,0000021011,本科,湘潭大学,思想政治教育,1991.09,1995.08
汪灿,0000021011,研究生,湘潭大学,国际贸易,1993.09,1995.06
汪灿,0000021011,研究生,湖南大学,政治经济,1999.09,2002.12
李镇江,0000021012,专科,岳阳农校,庭院经济,1990.09,1993.07
李镇江,0000021012,大专,岳阳市委党校,经济管理,1995.09,1997.12
李镇江,0000021012,本科,中央党校,党政管理,1998.08,2000.12
朱平波,0000021013,,湖南第一师范,,1985.09,1989.06
朱平波,0000021013,专科,岳阳师专,中文,1991.05,1994.06
朱平波,0000021013,本科,中央党校,党政,1996.09,1998.12
朱平波,0000021013,研究生,湖南省委党校,经济管理,2004.09,2007.07
廖可元,0000021016,本科,华中工学院,新闻,1986.09,1990.07
蒋颖群,0000021023,研究生,华中科技大学,文学,,2009.12
汤祚国,0000021024,专科,常德师专,中文,1982.09,1985.07
汤祚国,0000021024,本科,湖南教育学院,汉语言文学,1991.07,1994.06
陈章杰,0000021027,中专,湖南长岭石油学校,,1995.09,1999.06
陈章杰,0000021027,大专,湖南师范学院,,1999.12,2002.12
陈章杰,0000021027,本科,湖南师范大学,,2004.12,2007.06
祝云武,0000021028,专科,邵阳师专,中文,1989.10,1992.06
朱法栋,0000021029,本科,湖南农业大学,农业经济管理,1992.09,1996.07
朱法栋,0000021029,研究生,湖南农业大学,农村与区域发展,2007.07,2010.12
郑小胡,0000021030,本科,太原理工大学,科技英语,1998.09,2002.07
郑小胡,0000021030,研究生,浙江大学,金融学,2002.07,2005.03
高靖生,0000021031,,湖南宁乡师范学校,,1992.09,1995.07
高靖生,0000021031,大专,湘潭大学,文秘,1993.07,1995.06
高靖生,0000021031,,湖南师大,汉语言文学,1998.09,2000.06
高靖生,0000021031,研究生,湘潭师范学院,文艺学,2000.09,2003.02
高靖生,0000021031,博士,浙江大学,外国哲学,2003.02,2005.12
高靖生,0000021031,博士后,清华大学,,2005.12,2007.11
马文才,0000021033,专科,湖南省轻工业学校,工业审计,1989.09,1992.07
马文才,0000021033,大专,湖南省委党校,经济管理,1994.09,1996.07
马文才,0000021033,本科,湘潭大学,文秘,1997.09,2000.07
马文才,0000021033,本科,中央党校,法律,2000.09,2003.07
马文才,0000021033,研究生,湖南省委党校,经济学,2009.09,2012.06
黄育文,0000021035,,益阳师专,,1986.09,1989.07
黄育文,0000021035,本科,湖南省委党校,法律,2001.09,2003.12
黄育文,0000021035,研究生,湖南省委党校,法学理论,2005.09,2008.07
杨智勇,0000021038,本科,湖南师范大学,,1993.09,1997.07
杨智勇,0000021038,研究生,湖南师范大学,中国近代史,2000.09,2003.06
杨智勇,0000021038,博士,湖南师范大学,中国近代史,2005.09,2010.01
陶德保,0000021040,大专,湖南省益阳市委党校,经管,1996.07,1998.01
张润槐,0000021046,,吉首大学,历史教育,1995.09,1998.06
张润槐,0000021046,本科,湘潭大学,秘书,2000.10,2003.12
张润槐,0000021046,研究生,湖南师范大学,公共管理,2009.09,2013.06
刘朝晖,0000021047,,湘潭农业学校,园艺,1988.09,1991.07
刘朝晖,0000021047,本科,中央党校,经济管理,1997.09,1999.12
张万冬,0000021048,专科,岳阳师专,政治教育,1985.09,1988.08
张万冬,0000021048,本科,中央党校,经济管理,1995.08,1997.12
吴恢才,0000021053,,湖南省常德市农机化学校,机械制造,1988.09,1992.08
吴恢才,0000021053,大专,中共永州市委党校,经济管理,1995.09,1997.12
吴恢才,0000021053,本科,中共湖南省委党校,法律,2000.09,2002.12
吴恢才,0000021053,研究生,中共湖南省委党校,法学理论,2007.09,2010.06
金彪,0000021054,函授,中央党校,经济管理,1998.08,2000.12
金彪,0000021054,研究生,湖南省委党校,法学理论,2005.09,2008.07
龙向洋,0000021055,本科,中国人民大学,,1988.09,1992.07
龙向洋,0000021055,研究生,湖南大学,法律,2006.07,2010.12
肖质彬,0000021056,研究生,湖南省委党校,经济管理,2007.09,2010.06
李天明,0000021057,,零陵师专,中文,1990.09,1993.08
李天明,0000021057,本科,中央党校,法律,1999.09,2001.12
唐何,0000021059,本科,湖南财经学院,会计,1995.09,1999.07
唐何,0000021059,研究生,湖南大学,,2009.09,2012.07
谢商成,0000021063,专科,怀化师范专科学校,政教,1984.09,1987.07
谢商成,0000021063,函授,湖南省教育学院,政治,1988.09,1991.07
李仕忠,0000021064,,庆阳地区农校,农学,1981.09,
王海涛,0000021065,研究生,华中科技大学,马克思主义哲学,2005.00,2006.00
王海涛,0000021065,,省委党校,,2007.10,2007.11
王海涛,0000021065,,省委党校,,2010.08,2011.01
田连钊,0000021066,专科,怀化师专,政史,1990.09,1993.07
田连钊,0000021066,本科,北京师范大学,教育管理,1994.09,1997.07
田连钊,0000021066,研究生,湖南省委党校,,2005.09,2008.07
杨秀芳,0000021067,本科,湖南农学院,农学,1981.09,1985.07
张龚,0000021068,研究生,湖南大学,环境工程,2001.09,2004.09
张龚,0000021068,博士,湖南大学,环境工程,2004.09,2006.12
胡扬帆,0000021069,本科,湘潭大学,中共党史,1990.09,1995.07
胡扬帆,0000021069,博士,中南林业科技大学,,2007.09,2012.06
彭石清,0000021071,,湖南省建材工业学校,财务会计,1986.09,1988.07
彭石清,0000021071,专科,湖南财经学院,财务会计,1993.10,
彭石清,0000021071,学习,湖南省委党校,,1999.09,2001.07
彭石清,0000021071,学习,湖南省第三期赴日本新型工业化专题研究班,,2009.11,
左志锋,0000021072,专科,湖南财政经济学院,经济法,1995.09,1998.07
左志锋,0000021072,本科,中南财经政法大学,会计学,1999.09,2002.06
左志锋,0000021072,MBA,湖南大学,MBA,2002.09,2004.12
左志锋,0000021072,博士,湖南大学,金融企业管理与风险管理方向企业管理,2005.09,2009.06
朱前明,0000021073,大专,湘潭大学,党政干部,1985.05,1987.03
朱前明,0000021073,本科,中央党校,政法,1996.08,1998.12
曾伯怡,0000021075,学习,省委党校,,2006.10,2006.11
曾伯怡,0000021075,学习,省委党校,,2015.09,2016.01
刘杰,0000021076,本科,湖南农业大学,,1979.09,1983.07
李诗兴,0000021077,本科,湖南大学,,1993.09,1996.07
李诗兴,0000021077,研究生,省委党校,经济管理,2006.09,2009.07
周云,0000021078,,湘西自治州商业学校,财会,1978.09,1981.08
周云,0000021078,培训,吉首大学,经济管理,1986.08,1988.06
周云,0000021078,函授,中央党校,党政管理,1995.08,1997.12
周云,0000021078,本科,中央党校,党政管理,1995.08,1997.12
周云,0000021078,学习,湖南省委党校,,2001.09,2001.11
周云,0000021078,研究生,湖南省委党校,工商管理,2006.09,2009.07
危伟汉,0000021080,学习,中国人民解放军空军第二航空预备学校,,1983.06,1984.03
危伟汉,0000021080,学习,中国人民解放军空军第八航空学校,,1984.03,1985.01
马正勇,0000021083,学习,石家庄陆军学院,,1991.09,1992.07
马正勇,0000021083,本科,北京大学,哲学,1992.09,1995.07
马正勇,0000021083,研究生,北京大学,民商法学,1996.09,1999.07
陈加猛,0000021084,本科,昆明理工大学,,1988.09,1992.07
陈加猛,0000021084,研究生,昆明理工大学,,1992.09,1994.07
陈加猛,0000021084,博士,华南理工大学,,1994.09,1997.07
叶志良,0000021088,本科,中山大学,经济学,1991.09,1995.07
叶志良,0000021088,研修,中山大学,企业管理,1999.09,2001.07
叶志良,0000021088,研究生,中山大学,工商管理,2008.10,2010.11
蔡朝林,0000021090,,上海海运学院,交通运输管理工程,1987.09,
蔡朝林,0000021090,研究生,华南理工大学,工商管理,1999.03,2001.11
蔡朝林,0000021090,进修,广东省委党校,,2006.10,2006.12
蔡朝林,0000021090,学习,“新时期企业党建与企业文化建设”专题研讨班,,2012.04,2012.09
郑伟平,0000021091,本科,汕头大学,,1996.09,2000.07
刘祥锋,0000021092,,韶关卫生学校,医士,1985.09,1988.02
刘祥锋,0000021092,大专,中山大学,行政管理,1993.10,2005.12
刘祥锋,0000021092,本科,中央党校,行政管理,2002.12,2004.12
伍文,0000021094,专科,韶关师专,体育,1986.09,1988.07
伍文,0000021094,本科,广东省委党校,行政管理,1996.09,1998.12
高冬瑞,0000021095,本科,华南农业大学,植物遗传育种,1988.09,1992.07
周小明,0000021098,本科,参加中央党校,法律,2003.08,2005.12
陈来安,0000021099,专科,广东韶州师范学校,,1981.09,1984.07
陈来安,0000021099,大专,中山大学,中文,1986.09,1989.06
钟沛东,0000021100,本科,四川大学,计算机及应用,1986.09,1990.07
钟沛东,0000021100,研究生,参加省委党校,经济学,1994.09,1997.07
钟沛东,0000021100,研究生,参加中山大学,法律,2013.03,2015.12
高圣元,0000021105,本科,中南财经大学,财政,1984.09,1988.07
高圣元,0000021105,研究生,中南财经大学,财政,1994.09,1997.12
高圣元,0000021105,学习,广东省委党校,,2002.02,2002.07
曾湃,0000021106,本科,深圳大学,国际贸易,1990.09,1994.06
曾湃,0000021106,博士,西安交通大学,管理科学与工程,2003.02,2008.09
田夫,0000021107,本科,湖北轻工业学院,轻工自动化,1980.09,1984.07
田夫,0000021107,学习,广东省委党校,经济学,1995.09,1998.07
田夫,0000021107,研究生,长江商学院,高级管理人员工商管理,2011.10,2013.10
郭子平,0000021108,本科,武汉大学,经国际法,1987.09,1991.07
郭子平,0000021108,研究生,武汉大学,国际经济法,1991.09,1994.07
郭子平,0000021108,进修,被深圳市委组织部选派到澳大利亚新南威尔士大学,,2002.02,2003.02
郭子平,0000021108,博士,武汉大学,行政管理,2008.09,2012.12
张勇,0000021109,本科,湖南大学,交通土建工程,1991.09,1995.07
张勇,0000021109,研究生,湖南大学,建筑与土木工程,2000.12,2003.10
戴斌,0000021110,本科,郑州航空工业管理学院,工业企业财务会计（含审计）,1987.09,1991.07
戴斌,0000021110,研究生,同济大学,工商管理,1994.09,1997.09
戴斌,0000021110,培训,深圳市委党校,,2003.09,2003.12
戴斌,0000021110,培训,深圳市委党校,,2006.06,2006.08
戴斌,0000021110,本科,郑州航空工业管理学院,工业企业财务会计（含审计）,1987.09,1991.07
戴斌,0000021110,研究生,同济大学,工商管理,1994.09,1997.09
戴斌,0000021110,培训,深圳市委党校,,2003.09,2003.12
颜洪,0000021111,本科,武汉地质学院,金属物理,1981.09,1985.07
颜洪,0000021111,研究生,华南理工大学,自然辩证法（科学技术哲学）,1988.09,1991.07
颜洪,0000021111,培训,美国加州西南学院,,2002.05,2003.07
马洪胜,0000021112,本科,中国青年政治学院,青年思想教育,1987.09,1991.07
赵伟媛,0000021113,本科,黑龙江大学,会计统计,1991.09,1995.07
赵伟媛,0000021113,研究生,华南理工大学,工商管理,1998.09,2002.07
赵伟媛,0000021113,学习,广东省委党校,,2008.09,2008.12
阳化冰,0000021114,本科,江西财经学院,经济信息管理,1989.09,1993.07
阳化冰,0000021114,研究生,中山大学,行政管理,2007.09,2010.06
杨焕新,0000021120,本科,汕头大学,计算机软件,1989.09,1993.07
杨焕新,0000021120,研究生,省委党校,经济学,1999.09,2002.07
杨焕新,0000021120,学习,省委党校,,2006.03,2006.07
黄志豪,0000021121,本科,中山大学,经济法,1989.09,1993.07
黄志豪,0000021121,研究生,中山大学,经济法,1998.09,2001.06
黄志豪,0000021121,博士,暨南大学,金融学,2003.09,2007.01
顾耀辉,0000021122,本科,西北建筑工程学院,城市规划,1987.09,1991.07
顾耀辉,0000021122,研究生,华中科技大学,建筑与城市规划,2003.00,2007.06
郭文海,0000021123,专科,佛山市农牧高等专科学校,农学师范,1986.09,1989.06
郭文海,0000021123,研究生,武汉大学,软件工程,2007.09,2009.06
黄福洪,0000021124,研究生,广东省委党校,经济学,1996.09,1999.07
胡学骏,0000021125,本科,成都电讯工程学院,电子工程,1982.09,1986.07
胡学骏,0000021125,研究生,成都电子科技大学,统,1986.09,1989.01
胡学骏,0000021125,博士,华中理工大学,计算机器件与设备,1991.09,1995.01
梁耀斌,0000021127,研究生,中山大学,考古及博物馆学,2008.09,2011.06
李欣立,0000021128,本科,华南理工大学,工业管理工程,1992.09,1996.07
汤惠红,0000021129,本科,中山大学,财政学,1988.09,1992.08
彭章瑞,0000021130,本科,哈尔滨工业大学,应用数学师资班,1982.09,1986.09
彭章瑞,0000021130,研究生,哈尔滨工业大学,计算数学,1986.09,1989.01
李惠文,0000021133,大专,惠州教育学院,政史,1987.09,1989.06
李惠文,0000021133,,汕尾市广播电视大学,,1992.11,1994.11
李惠文,0000021133,本科,华南师范大学,政治教育,1992.09,1995.07
李惠文,0000021133,学习,广东省委党校,,2004.03,2004.07
李惠文,0000021133,学习,广东省委党校,,2015.09,2015.12
林贤进,0000021136,,广东省民政学校,民政,1986.09,1988.07
林贤进,0000021136,大专,五邑大学,经济管理,1995.09,1998.05
林贤进,0000021136,本科,北京航空航天大学,行政管理,2000.09,2003.07
刘兵,0000021138,,安徽省肥东师范,,1988.09,1991.08
刘兵,0000021138,,合肥教育学院,汉语言文学,1992.09,1994.07
刘兵,0000021138,,安徽教育学院,英语,1994.09,1996.09
刘兵,0000021138,研究生,中国人民大学法学院,经济法学,1996.09,1999.07
骆华庆,0000021139,专科,广东省遂溪师范学校,普师,1984.09,1987.07
骆华庆,0000021139,学习,湛江教育学院,生化,1990.09,1992.07
陈恩才,0000021140,,连云港化学矿业专科学校,计算机及应用,1988.09,
陈恩才,0000021140,本科,广东省委党校,现代经济管理,1999.09,2002.07
陈恩才,0000021140,研究生,中央党校,经济管理,2006.09,2009.07
谢伍,0000021141,大专,雷州师范专科学校,政治历史,1988.07,1991.07
谢伍,0000021141,本科,中央党校,政法,1997.08,1999.12
谢伍,0000021141,学习,广东省委党校,,2004.09,2004.12
谢伍,0000021141,学习,湛江市委党校,,2009.09,2009.11
陈景泰,0000021142,中专,湛江农业机械学校,内燃机维修,1985.09,1988.01
陈景泰,0000021142,本科,中共广东省委党校,经济,1989.09,1991.07
陈景泰,0000021142,研究生,广东省委党校,经济学,1995.09,1998.07
陈景泰,0000021142,培训,湛江市委党校,,2007.04,2007.07
符贤,0000021143,大专,华南师范大学,工商企业管理,1994.09,1996.07
符贤,0000021143,本科,中央党校,经济管理,2001.08,2003.12
符贤,0000021143,,中央党校,经济管理,2006.09,2009.07
吴康秀,0000021145,大专,湛江农业专科学校,农学,1986.09,1989.07
吴康秀,0000021145,大专,参加中山大学,汉语言文学,1991.04,1992.06
吴康秀,0000021145,本科,参加中山大学,汉语言文学,1998.04,2000.06
吴康秀,0000021145,研究生,参加广东海洋大学,,2006.04,2008.06
梁亚雄,0000021146,本科,广东工学院,工业分析,1986.09,1990.07
李雄光,0000021147,本科,广州体育学院,体育,1987.12,1991.07
李雄光,0000021147,大专,广东成人财经学院,财税,1994.09,1996.07
李雄光,0000021147,研究生,中央党校,经济学,2008.09,2011.07
黄晨光,0000021150,研究生,中央党校,经济学,2007.09,2010.07
朱春保,0000021151,大专,广东青年干部学院,,1994.09,1996.07
朱春保,0000021151,研究生,广东省社科院,政治经济学,1996.11,1999.12
朱春保,0000021151,学习,共青团茂名市委学校,,2000.04,2001.10
丁少波,0000021154,本科,华南农业大学,,,
丁少波,0000021154,研究生,中央党校,,,
陈小锋,0000021155,本科,中山大学,图书馆学,1992.09,1996.08
陈小锋,0000021155,研究生,中山大学,行政管理,2004.09,2007.07
陈小锋,0000021155,学习,广东省委党校,,2005.09,2006.01
黎沛荣,0000021157,,西江大学,中文,1990.09,1992.06
黎沛荣,0000021157,研究生,广东省社科院,经济管理,2000.09,2003.07
谢桂坤,0000021158,本科,中山大学,水资源与环境,1988.09,1992.07
谢桂坤,0000021158,研究生,英国波尓顿大学,工商管理,2002.09,2003.09
陈宇航,0000021159,本科,北京大学,,1997.00,2001.00
陈宇航,0000021159,研究生,清华大学,比较文学,2001.00,2004.00
陈宇航,0000021159,博士,清华大学,中国现当代文学,2005.00,2008.00
陈元,0000021163,中专,广西桂林兴安师范,,1985.09,1988.07
陈元,0000021163,,广西师范大学,政治教育,1988.09,1992.07
黎晓华,0000021164,本科,吉林大学,经济学,1990.09,1994.07
黎晓华,0000021164,研究生,清华大学,公共管理,2011.03,2014.01
江栋才,0000021165,大专,肇庆市教育学院,英语,1987.09,1989.07
江栋才,0000021165,大专,广东教育学院,英语,1992.09,1994.06
江栋才,0000021165,研究生,英国波尔顿大学,,2003.09,2004.09
江栋才,0000021165,大专,肇庆市教育学院,英语,1987.09,1989.07
江栋才,0000021165,本科,广东教育学院,英语,1992.09,1994.06
江栋才,0000021165,研究生,英国波尔顿大学,工商管理,2003.09,2004.09
陈国煌,0000021169,本科,中山大学,财政学,1988.09,1992.07
陈国煌,0000021169,研究生,参加中央党校,经济学,2009.09,2012.07
魏荣君,0000021170,大专,广东省广播电视大学,经济管理,1993.09,1996.07
魏荣君,0000021170,本科,中央党校,经济管理,2001.08,2003.12
魏荣君,0000021170,研究生,华南农业大学,农业推广,,2008.06
郭武飘,0000021171,本科,中山大学,餐旅企业管理,1988.09,
郭武飘,0000021171,研究生,中山大学,世界经济,2000.10,2002.07
郭武飘,0000021171,研究生,中山大学,工商管理,2008.12,2010.12
段致辉,0000021172,本科,河南大学,经济地理与城乡区域规划,1994.09,
段致辉,0000021172,研究生,华南师范大学,自然地理,1998.09,
段致辉,0000021172,培训,国家行政学院,,2014.03,2014.12
朱国城,0000021174,中专,广东省五华师范学校,,1982.09,1985.07
朱国城,0000021174,大专,嘉应教育学院,中文,1985.09,1987.07
朱国城,0000021174,研究生,广东省委党校,经济学,1995.09,1998.07
朱国城,0000021174,本科,哈尔滨工业大学,公共管理,2005.09,2007.07
朱国城,0000021174,本科,华南师范大学,汉语言文学教育,2006.03,2008.08
熊锋松,0000021176,中专,梅州市农业学校,农学,1989.09,1993.08
熊锋松,0000021176,大专,中山大学,行政管理,1994.09,1997.07
熊锋松,0000021176,研究生,广东省委党校,经济学,1997.09,2000.07
刘彩波,0000021180,大专,韶关师范专科学校,,,1988.07
刘彩波,0000021180,研究生,广东省社科院,政治经济,1999.08,2002.07
丘孝东,0000021181,大专,暨南大学,经济管理,1997.08,1999.07
丘孝东,0000021181,本科,中央党校,经济管理,2000.09,2003.12
罗光钊,0000021182,专科,惠阳师范专科学校,数学,1986.09,1988.07
罗光钊,0000021182,研究生,省委党校,经济学,1995.09,1998.07
郑俊雄,0000021183,大专,函授省委党校,行政管理,1998.09,2001.07
郑俊雄,0000021183,大专,中央广播电视大学,行政管理,2009.09,2012.01
郑俊雄,0000021183,本科,中央广播电视大学,行政管理,2012.09,2014.07
陈壮勇,0000021184,专科,惠阳师专,政治与历史,1988.09,1991.06
陈壮勇,0000021184,研究生,广东省社科院,政治经济学,1999.09,2002.07
陈壮勇,0000021184,本科,广东省委党校,经济管理,2001.09,2003.12
杨利华,0000021187,本科,重庆大学,,1994.09,1998.09
赖小卫,0000021189,本科,北京大学,植物学,1987.09,1991.07
赖小卫,0000021189,研究生,广东省社科院研究生部,经济学,1995.09,1999.07
赖小卫,0000021189,研究生,中山大学,高级工商行政管理,2008.03,2010.06
王巍,0000021190,本科,中山大学,行政管理,2003.09,2008.06
骆世文,0000021191,本科,华南理工大学,汽车,1990.09,1994.07
骆世文,0000021191,,香港理工大学,工程软件,1994.07,1997.11
骆世文,0000021191,学习,市委党校,,2002.06,2002.08
骆世文,0000021191,培训,加拿大不列颠哥伦比亚大学,,2003.09,2004.09
骆世文,0000021191,学习,广东委党校,,2009.05,2009.07
骆世文,0000021191,学习,广东省委党校,,2011.08,2011.12
陈贤亮,0000021192,本科,天津轻工业学院,无机化工,1993.09,1997.07
陈贤亮,0000021192,学习,阳江市委党校,,2002.09,2002.11
陈贤亮,0000021192,学习,广东省委党校,,2012.03,2012.07
陈贤亮,0000021192,学习,复旦大学、美国耶鲁大学健康城市建设专题研讨班,,2016.04,2016.05
陈基文,0000021193,专科,广东省民族学院,中英文秘书,1989.09,1991.07
陈基文,0000021193,本科,中央广播电视大学,法学,2004.09,2006.12
谭忠健,0000021194,本科,华南师范大学,政治,1990.09,1994.07
谭忠健,0000021194,研究生,广东省委党校,经济学,1996.09,1999.07
谭忠健,0000021194,培训,广东省委党校,,2004.09,2004.12
谭忠健,0000021194,研究生,中山大学,马克思主义哲学,2006.09,2009.12
陈里焱,0000021195,,广东省高州农业学校,,1994.09,1997.08
陈里焱,0000021195,大专,省委党校,经济管理,1999.09,2002.06
陈里焱,0000021195,本科,省委党校,行政管理,2002.09,2005.06
何国森,0000021197,本科,华南师范大学,思想政治教育,1987.09,1991.07
余爱国,0000021200,本科,湖南教育学院,政治,1991.09,1994.07
余爱国,0000021200,研究生,香港大学,,2001.11,2004.10
唐金文,0000021204,专科,贵州省修文县师范学校,,1983.09,1986.08
肖勇科,0000021205,大专,广东省韶关大学,工商企业管理,1992.09,1994.07
肖勇科,0000021205,本科,广东省委党校,,1998.09,2000.07
林小群,0000021209,本科,暨南大学,数学科学,1980.09,
林小群,0000021209,学习,省委党校,,2009.09,2009.12
陈跃庆,0000021210,大专,中国人民公安大学,公安管理,1996.06,
陈跃庆,0000021210,本科,省委党校,行政管理,1997.09,1999.12
江林生,0000021212,本科,华南师范大学,经济管理,1989.09,1993.07
江林生,0000021212,MBA,华南理工大学,,2008.10,2010.12
方烽,0000021213,大专,中山大学,经济法,1996.09,1998.07
姚继新,0000021217,,汕头教育学院,中文,1982.09,1985.12
姚继新,0000021217,本科,中央党校,行政管理,2001.08,2003.12
姚继新,0000021217,学习,省委党校,,2005.09,2005.12
姚继新,0000021217,研究生,中央党校,法学理论,2006.09,2009.07
张时义,0000021219,本科,华南工学院,基本有机化工,1979.09,1983.09
张时义,0000021219,研究生,华南理工大学,有机化工,1987.09,1990.01
林钢捷,0000021220,大专,汕头大学,,1990.09,1992.08
林钢捷,0000021220,学习,广东省委党校,行政管理,1996.09,1998.12
林钢捷,0000021220,研究生,中央党校,法学理论,2005.09,2008.07
林钢捷,0000021220,学习,广东省委党校,,2009.03,2009.07
梁海卫,0000021223,本科,武汉大学,经济学,1988.09,1992.07
梁海卫,0000021223,研究生,中山大学,世界经济学,2001.09,2003.07
梁海卫,0000021223,研究生,中山大学,高级管理人员工商管理,2007.04,2008.12
韩新锋,0000021226,大专,西江大学,行政管理,1995.00,1997.00
韩新锋,0000021226,函授,函授中央党校,法律,2002.00,2004.00
穆贤清,0000021235,本科,华南农业大学,蚕学,1990.09,1994.07
穆贤清,0000021235,研究生,贵州大学,,1998.09,2001.06
穆贤清,0000021235,博士,浙江大学,农业经济管理,2001.09,2005.03
穆贤清,0000021235,进修,广西自治区党委党校,,2008.03,2008.05
王轶,0000021239,,南京理工大学,国际金融,1996.09,1998.07
王轶,0000021239,研究生,广西师范大学,国民经济学,1998.10,2000.10
王轶,0000021239,本科,湖南大学,法学,2001.09,2005.07
余瑞军,0000021241,本科,中国人民大学,工业经济管理,1985.09,1989.07
邝驱,0000021242,本科,北京物资学院,物资管理,1988.09,1992.07
陈文敏,0000021243,大专,广东汕头教育学院,政治,1982.09,1985.12
陈文敏,0000021243,研究生,西南政法大学,民商法,1999.09,2001.09
陈宏,0000021244,大专,广西电大,,1990.09,1993.07
陈宏,0000021244,本科,中央党校,经济管理,1996.09,1998.10
陈宏,0000021244,研究生,广西大学,市场经济与管理,1999.10,2001.10
马空,0000021245,专科,广西广播电视大学,汉语言文学教育,1995.09,1998.06
马空,0000021245,本科,广西民族学院,法学,2002.07,2005.06
马空,0000021245,研究生,广西大学,公共管理,2009.09,2011.07
吴乐,0000021246,专科,柳州师范高等专科学校,英语,1991.09,1994.07
吴乐,0000021246,本科,广西民族学院,法学,2002.09,2004.08
郑平,0000021248,研究生,广西师范大学,法学,,
李绍政,0000021250,研究生,广西师范大学,政治与公共学院哲学,,
蒋春华,0000021251,本科,西南财经大学,市场营销学,,1991.07
周春涌,0000021252,本科,山东财政学院,经济信息管理,,
吴永合,0000021256,本科,中南民族学院,历史学,1986.09,1990.07
谭玉成,0000021257,研究生,广西师范大学,马克思主义与思想政治教育,2000.10,2002.10
李玉清,0000021259,本科,广西师范大学,汉语言文学,1987.09,1991.07
李玉清,0000021259,研究生,广西师范大学,国民经济,2001.05,2003.12
李玉清,0000021259,进修,广西区委党校,,2012.03,2012.06
黄枝君,0000021260,本科,中央党校,法律,2000.08,2002.12
李广勇,0000021269,访问学者,新加坡国立大学,,2000.00,2001.00
裴相春,0000021271,本科,华中农业大学,土地规划与管理,1990.09,1994.07
杨成连,0000021272,本科,西南交通大学,铁道运输,1984.09,1988.07
杨成连,0000021272,研究生,西南交通大学,运输管理工程,1988.07,1991.04
李安洪,0000021275,,广西司法学校,法律,1988.09,1990.07
李安洪,0000021275,,广西大学,法律,1993.02,1995.05
李安洪,0000021275,,中央广播电视大学,法学,2003.09,2005.10
黎家迎,0000021277,本科,广西农业大学,农业经济管理师资,1992.09,1996.07
黎家迎,0000021277,研究生,广西师范大学,统,1999.10,2001.10
覃森,0000021281,本科,广西大学,法学,1986.09,1990.07
李遥,0000021284,大专,广西师范学院,化学,1990.09,1993.07
李遥,0000021284,本科,中央党校,函授学　　院本科班涉外经济管理,1995.08,1997.12
李遥,0000021284,培训,钦州市党委党校,,2003.03,2003.06
李遥,0000021284,研究生,广西师范大学,法学,2003.09,2005.09
李遥,0000021284,培训,广西区委党校,,2007.03,2007.04
谢立品,0000021285,本科,华东师范大学,经济学,,
黄英梅,0000021289,大专,广西区党校,行政管理,1998.09,2001.06
钟畅姿,0000021293,本科,广西师范大学,汉语言文学,1988.09,1992.09
钟畅姿,0000021293,研究生,广西师范大学,少数民族语言文学,1992.09,1995.07
钟畅姿,0000021293,培训,广西自治区党委党校,,2008.09,2009.01
刘启,0000021297,本科,清华大学,,2000.09,2001.07
刘启,0000021297,本科,清华大学,,2001.07,2004.07
刘启,0000021297,博士,清华大学,数量经济学,2004.07,2009.07
陆金学,0000021301,专科,柳州市师范学校,普师,1984.09,1987.07
陆金学,0000021301,大专,广西区委党校,政治,1992.09,1995.07
陆金学,0000021301,本科,广西区委党校,行政管理,1996.09,1998.12
陆金学,0000021301,研究生,中央党校,经济管理,2004.09,2007.07
杨世爵,0000021305,本科,广西百色民族师范学校,普师,1992.09,1996.06
黄文明,0000021308,本科,广西师范大学,政治教育,1988.09,1992.07
孙环志,0000021309,本科,徐州师范大学,思想政治教育,1998.09,2002.08
孙环志,0000021309,研究生,上海交通大学,公共管理,2005.09,2008.07
陆兰碧,0000021310,大专,广西民族学院,汉语言文学,2000.07,2003.06
陆兰碧,0000021310,本科,广西民族大学,汉语言文学,2004.01,2007.01
陆兰碧,0000021310,研究生,广西区党校,经济管理,2008.09,2010.12
莫庸,0000021312,,广西百色地区农机校,机械化,1991.09,1998.07
莫庸,0000021312,,广西广播电视大学,文秘,1998.09,2000.09
莫庸,0000021312,,中央党校,行政管理,2000.09,2002.12
莫庸,0000021312,培训,广西区党校,,2004.05,2004.07
莫庸,0000021312,研究生,广西区党校,国民经济管理,2004.08,2006.12
莫庸,0000021312,培训,百色市2011年青年干部培训班,,2011.11,
莫庸,0000021312,培训,全国第三期县委组织部任职培训班,,2011.11,
莫庸,0000021312,研修,清华大学,,2012.04,
李荣能,0000021313,本科,广西师范大学,中文,1985.09,1989.07
李荣能,0000021313,研究生,广西大学,技术经济,2003.09,2005.12
方志高,0000021314,专科,广西百色地区田东师范学校,普通师范,1983.09,1986.07
方志高,0000021314,大专,广西区团校,,1991.09,1993.07
方志高,0000021314,本科,中央党校,政法,1996.08,1998.12
方志高,0000021314,研究生,广西区委党校,,2004.09,2006.12
黄慧,0000021315,大专,广西农学院,果树,1986.07,1989.07
黄慧,0000021315,本科,中央党校,行政管理,1999.09,2002.02
黄慧,0000021315,研究生,广西区委党校,中共党史,2006.09,2008.12
欧阳可爽,0000021316,,广西农业大学,土地管理,1993.09,1995.08
欧阳可爽,0000021316,本科,广西民族学院,行政管理,2002.08,2005.08
欧阳可爽,0000021316,研究生,广西大学,项目管理,2005.10,2007.07
邓少华,0000021319,,广西桂林地区教育学院,政史,1988.09,1991.08
邓少华,0000021319,本科,广西师范大学,政治教育,1997.08,2000.07
陈书莹,0000021320,专科,广西二轻工业管理学校,统计与会计,1990.09,1994.07
陈书莹,0000021320,大专,广西电大,财务会计,1994.09,1997.12
陈书莹,0000021320,本科,参加广西师范学院,财务会计,2004.09,2007.06
陈书莹,0000021320,研究生,参加广西区委党校,国民经济学,2005.09,2007.12
陈书莹,0000021320,研究生,参加广西师范大学,,2011.01,2013.12
曾朝伦,0000021321,专科,广西河池师范专科学校,政治,1984.09,1987.07
曾朝伦,0000021321,本科,中央党校,经济管理,1996.08,1998.12
曾朝伦,0000021321,研究生,广西区党校,公共管理,2008.09,2010.12
陆嵘,0000021324,大专,广西师范学院,汉语言文学,1990.09,1993.07
陆嵘,0000021324,本科,中央党校,广西分院政法,1997.09,1999.12
陆嵘,0000021324,本科,广西师范学院,政治教育,1999.09,2002.07
陆嵘,0000021324,研究生,广西大学,科学技术哲学,1999.09,2001.06
蓝如帅,0000021326,本科,广西民族学院,历史,1992.09,1996.07
韦萧强,0000021328,本科,广西大学,农业经济管理,1993.09,1997.07
罗君钰,0000021332,本科,桂林民族师范学校,普通师范,1989.09,1993.07
罗君钰,0000021332,本科,广西区委党校,函授本科班行政管理,1996.09,1999.03
罗君钰,0000021332,研究生,广西师范大学,在职研究生班中国近现代史,1998.10,2000.10
邓应文,0000021333,专科,广西农学院,畜牧,1986.09,1988.07
邓应文,0000021333,本科,中央党校,本科班经济管理,1994.09,1997.06
吴孝斌,0000021334,本科,广西农学院,果树,1986.09,1990.07
吴孝斌,0000021334,进修,广西区委党校,,2010.09,2010.11
兰向东,0000021335,大专,广西区党校,民族大专班政治,1990.08,1992.07
兰向东,0000021335,研究生,华中科技大学,统工程,2001.04,2004.10
兰向东,0000021335,研修,北京航空航天大学,,2001.09,2001.10
孙国梁,0000021337,,洛阳师范高等专科学校,,1994.09,1996.07
孙国梁,0000021337,研究生,广西师范大学,,2000.09,2003.06
孙国梁,0000021337,博士,中国人民大学,,2003.09,2006.06
孙国梁,0000021337,进修,广西自治区党校,,2009.03,2009.05
孙国梁,0000021337,培训,广西区党校,,2011.09,2012.01
孙国梁,0000021337,研修,赴美国参加广西高层次紧缺人才产业集群培育与管理专题研修班,,2013.09,2013.12
钟磊,0000021339,,广西玉林市师范学校,,1987.09,1990.06
钟磊,0000021339,,广西师范大学,思想政治教育,1990.09,1994.07
钟磊,0000021339,研究生,广西师范大学,法学理论,2005.09,2010.09
武晓辉,0000021342,本科,南京理工大学,投资经济,1998.09,2002.06
武晓辉,0000021342,研究生,南京理工大学,产业经济,2002.06,2004.06
武晓辉,0000021342,博士,南京理工大学,管理科学与工程,2004.06,2007.07
王耀雷,0000021343,专科,广西南宁地区第二师范学校,,1986.09,1989.07
王耀雷,0000021343,大专,广西广播电视大学,中文,1994.09,1997.07
王耀雷,0000021343,本科,中央党校,行政管理,2000.08,2002.12
王耀雷,0000021343,培训,,,2008.05,2008.08
王耀雷,0000021343,研究生,广西区党校,公共管理,2010.05,2012.12
王业天,0000021345,专科,海南大学,经济管理,1991.09,1993.07
王业天,0000021345,本科,中央党校,经济,1995.09,1997.12
王业天,0000021345,研究生,北京大学,行政管理,1999.06,2001.03
郭刚,0000021346,本科,中国人民警官大学,汉语言文学,1989.09,1993.07
冯琳,0000021350,本科,华中理工大学,,1990.09,1994.07
冯琳,0000021350,研究生,中国人民大学,政治,1996.09,1998.04
冯琳,0000021350,研究生,天津大学,管理科学与工程,2008.09,2010.09
符平,0000021351,学习,廊坊中国人民武装警察学院,,1985.09,1987.07
符平,0000021351,本科,中央党校,领导干部函授本科班经济管理,1998.08,2000.12
符平,0000021351,,中国人民解放军西安政治学院,,1998.08,2001.07
钟鸣明,0000021352,本科,华东交通大学,工业与民用建筑,1988.09,1991.07
钟鸣明,0000021352,研究生,中国社会科学院,研究生院经济管理,1995.09,1997.12
钟鸣明,0000021352,培训,海南省委党校,,2001.09,2002.01
钟鸣明,0000021352,博士,江西财经大学,财政学,2006.09,2009.06
钟鸣明,0000021352,培训,中央党校,,2016.09,2017.01
刘登山,0000021354,本科,新疆大学,政治,1980.09,1984.07
刘登山,0000021354,研究生,中国政法大学,研究生院法学理论,1984.07,1987.07
刘登山,0000021354,,中国政法大学,,1987.07,1990.05
铁刚,0000021355,本科,辽宁大学,汉语言文学,1986.09,1990.07
铁刚,0000021355,研究生,辽宁大学,国民经济计划与管理,1995.09,1998.07
铁刚,0000021355,博士,东北大学,管理科学与工程,2003.09,2011.04
司迺超,0000021357,本科,北京航空航天大学,计算机科学与工程,1993.09,1997.07
司迺超,0000021357,学习,英国基尔大学,工商管理,2002.09,2003.09
林谟谐,0000021359,研究生,中国人民大学,中国古代史,1990.09,1993.09
黄金城,0000021360,本科,华南热带作物学院,热带作物栽培,1979.09,1983.07
黄金城,0000021360,研究生,南京农业大学,果树学,1986.09,1989.08
黄金城,0000021360,博士,中国林业科学研究院,森林培育,2003.09,2006.07
吴川祝,0000021361,本科,华南师范大学,物理,1981.09,1985.07
吴川祝,0000021361,研究生,参加中国社会科学院,国际贸易,1996.09,1998.09
吴川祝,0000021361,研究生,参加美国北弗吉尼亚大学,工商管理硕士,2007.07,2008.07
吴川祝,0000021361,博士,参加瑞士维多利亚大学,工商管理博士,2007.09,2009.09
李永群,0000021362,本科,广东民族学院,汉语言文学,1985.09,1989.06
李永群,0000021362,研究生,南京大学,行政管理,2000.09,2002.07
李锋,0000021363,,海南师范学院,教育管理,1992.09,1995.07
李锋,0000021363,本科,中央党校,行政管理,1997.08,1999.12
李锋,0000021363,研究生,海南省委党校,经济管理,2001.09,2003.12
王昱正,0000021364,本科,中国人民警官大学,公安外事,1984.09,1988.07
王昱正,0000021364,本科,中央党校,党政管理,1993.08,1995.12
王昱正,0000021364,研究生,山东大学,民商法学,1998.09,2000.08
种及灵,0000021366,本科,西南财经大学,经济学,1982.09,1986.07
种及灵,0000021366,博士,西南政法大学,经济法,1997.04,2001.07
李维超,0000021369,本科,重庆师范学院,历史学,1981.09,1985.07
李维超,0000021369,进修,重庆市委党校,,1995.03,1995.05
常斌,0000021370,本科,西南师范大学,汉语言文学教育,1991.09,1995.07
常斌,0000021370,研究生,西南大学,教育经济与管理,2003.09,2006.07
刘小强,0000021371,中专,四川省涪陵师范学校,,1986.09,1989.07
刘小强,0000021371,大专,四川省干部管理学院,经济管理,1993.09,1996.09
刘小强,0000021371,硕士,重庆工商管理硕士学院,工商管理,2003.09,2006.07
刘小强,0000021371,研究生,中央党校,经济学,2009.09,2012.07
刘小强,0000021371,学习,中央党校,,2014.03,2014.08
胡奕,0000021372,本科,西南师范大学,政治教育,1985.09,1989.07
胡奕,0000021372,研究生,西南师范大学,思想政治,1995.12,1997.09
胡奕,0000021372,研究生,重庆市委党校,区域经济学,2004.09,2007.06
胡奕,0000021372,培训,清华大学,,2013.08,2013.09
胡奕,0000021372,博士,西南大学,思想政治教育,2012.09,2016.06
周旭,0000021374,本科,渝州大学,工业自动化,1979.09,1983.08
周旭,0000021374,研究生,中国科技大学,,1985.08,1987.09
周旭,0000021374,培训,中国工业科技管理大连培训中心,,1988.08,1988.11
周旭,0000021374,学习,四川省委二党校,,1992.09,1992.12
周旭,0000021374,博士,重庆大学,技术经济与管理,2004.07,2007.12
周旭,0000021374,培训,中组部第七期哈佛大学,,2009.04,2009.06
周旭,0000021374,培训,中央党校,,2016.09,2017.01
黄宗华,0000021375,中专,重庆市水利电力学校,电力网与水电站,1980.09,1984.08
黄宗华,0000021375,大专,,西南财大工业经济,1986.09,1989.06
黄宗华,0000021375,学习,重庆市委党校,,1995.01,1995.07
黄宗华,0000021375,研究生,重庆市委党校,党建,1996.09,1998.06
黄宗华,0000021375,研究生,西南农业大学,,2002.03,2004.05
黄宗华,0000021375,学习,中央党校,,2007.09,2008.01
黄宗华,0000021375,博士,北京师范大学,管理哲学,2010.07,2012.12
何庆,0000021376,大专,重庆师范专科学校,政史,1986.09,1989.07
何庆,0000021376,学习,重庆市委党校,经济管理,1995.07,1997.12
何庆,0000021376,研究生,重庆市委党校,宪法学与行政法学,2003.09,2006.07
何庆,0000021376,研究生,重庆师范大学,教育经济与管理,2005.02,2008.06
姜天波,0000021378,本科,河南师范大学,,1985.09,1989.07
姜天波,0000021378,研究生,中国政法大学,法学,1990.07,1992.07
姜天波,0000021378,研究生,公派英国伦敦大学,银行与金融法学,1999.07,2000.08
姜天波,0000021378,学习,参家行政学院,,2012.03,2012.04
姜天波,0000021378,培训,中央党校,,2015.09,2016.01
卢勇,0000021379,专科,四川省宣汉师范学校,,1987.09,1990.09
卢勇,0000021379,本科,重庆师范学院,汉语言文学,1990.09,1994.07
卢勇,0000021379,研究生,重庆市委党校,区域经济学,1997.07,2000.06
卢勇,0000021379,学习,重庆市委党校,,2011.03,2011.07
何友生,0000021380,本科,西南师范大学,思想政治教育,1984.09,1988.07
何友生,0000021380,培训,中国有色金属管理干部学院,,1997.03,1997.06
何友生,0000021380,研究生,重庆市委党校,宪法学与行政法学,1999.09,2002.07
何友生,0000021380,培训,重庆市委党校,,2001.03,2002.01
何友生,0000021380,研究生,长江商学院,高级管理人员工商管理,2008.11,2011.09
巴川江,0000021381,大专,四川省重庆职工大学,汉语言文学,1986.09,1988.07
巴川江,0000021381,本科,西南师范大学,现代文学,1996.08,1998.10
巴川江,0000021381,研究生,中国社科院,投资管理,1996.09,1998.11
巴川江,0000021381,本科,重庆市委党校,法律,2001.09,2003.12
巴川江,0000021381,这种,重庆市委党校,,2002.03,2002.12
巴川江,0000021381,研究生,重庆市委党校,宪法学与行政法学,2002.09,2005.06
巴川江,0000021381,研究生,重庆大学,高级管理人员工商管理,2005.02,2008.12
谭庆,0000021382,本科,江西财经学院,经济学,1987.09,1991.08
谭庆,0000021382,进修,中国社科院,经济管理,2000.09,2002.06
谭庆,0000021382,研究生,重庆大学,工商管理,2005.09,2008.06
程志毅,0000021383,本科,重庆交通学院,桥梁与隧道,1979.09,1983.07
程志毅,0000021383,研究生,香港理工大学,工程项目管理,1998.12,2001.02
徐万忠,0000021384,本科,重庆第一师范学校,,1982.09,1986.07
徐万忠,0000021384,大专,四川师范大学,汉语言,1987.04,1990.04
徐万忠,0000021384,本科,重庆师范学院,中文,1993.09,1995.04
徐万忠,0000021384,研究生,重庆市委党校,区域经济学,2002.09,2005.06
滕宏伟,0000021385,本科,重庆交通学院,桥梁,1982.09,1986.07
滕宏伟,0000021385,研究生,重庆大学,矿业工程,2000.02,2002.06
滕宏伟,0000021385,培训,重庆市委党校,,2002.01,2002.12
滕宏伟,0000021385,学习,中央党校,,2006.03,2006.09
滕宏伟,0000021385,博士,重庆大学,安全技术及工程,2005.03,2008.12
罗清泉,0000021386,本科,西南师范大学,区域地理学,1984.09,1988.07
罗清泉,0000021386,研究生,西南师范大学,区域地理学中国经济地理,1988.07,1991.07
罗清泉,0000021386,研修,韩国大学,,1998.03,1998.06
罗清泉,0000021386,博士,重庆大学,采矿工程,1999.09,2005.06
张兴益,0000021387,专科,四川省奉节师范学校,,1980.08,1983.08
张兴益,0000021387,大专,四川师范大学,汉语言文学,1990.08,1993.12
张兴益,0000021387,本科,重庆市委党校,法律,1997.09,1999.12
张兴益,0000021387,研究生,中央党校,经济管理,2002.03,2005.01
秦文敏,0000021389,本科,四川大学,历史,1984.09,1988.07
秦文敏,0000021389,研究生,西南师范大学,政治经济学,2001.06,2003.06
秦文敏,0000021389,研究生,武汉大学,高级管理人员工商管理,2009.03,2011.06
唐小平,0000021390,,四川省万县农业学校,,1984.09,1988.07
唐小平,0000021390,研究生,重庆市委党校,区域经济学,2000.09,2003.06
唐小平,0000021390,研究生,重庆大学,高级管理人员工商管理,2007.09,2009.06
王志杰,0000021391,本科,重庆大学,汽车,1989.09,1993.09
王志杰,0000021391,研究生,重庆大学,机械制造及自动化,1993.09,1996.09
王志杰,0000021391,研究生,重庆大学,机械制造及自动化,1996.09,1999.07
王志杰,0000021391,博士后,重庆大学,,1999.11,2001.11
王志杰,0000021391,进修,中央党校,,2009.11,2010.01
王志杰,0000021391,博士后,北京大学,,2011.10,2013.10
曾菁华,0000021392,专科,四川省丰都师范学校,,1981.09,1984.07
曾菁华,0000021392,,重庆师范学院,新闻秘书,1987.09,1989.07
曾菁华,0000021392,学习,中共涪陵地委党校,,1996.04,1996.07
曾菁华,0000021392,本科,中央党校,本科班经济管理,1996.09,1998.12
曾菁华,0000021392,研究生,中央党校,在职研究生班经济管理,1999.09,2002.07
曾菁华,0000021392,学习,中央党校,,2005.09,2006.01
李中武,0000021393,本科,四川农业大学,作物,1989.09,1993.07
李中武,0000021393,研究生,中央党校,经济管理,1998.09,2001.07
蒲继承,0000021395,,四川省云阳师范学校,,1981.09,1984.08
蒲继承,0000021395,本科,西南师范大学,,1987.09,1990.06
蒲继承,0000021395,学习,万县市委党校,,1996.10,1997.01
蒲继承,0000021395,研究生,中央党校,经济学,2002.03,2005.01
蒲继承,0000021395,学习,市委党校,,2010.09,2011.01
蒲彬彬,0000021396,中专,四川省宜宾农业学校,茶叶,1981.09,1984.08
蒲彬彬,0000021396,大专,四川大学,党政,1986.10,1989.04
蒲彬彬,0000021396,本科,重庆市委党校,法律,1997.09,1999.12
卢红,0000021397,本科,四川大学,法律,1985.09,1989.07
卢红,0000021397,研究生,重庆大学,工商管理,2000.04,2002.12
卢红,0000021397,学习,清华大学,,2009.03,2009.07
江夏,0000021398,中专,重庆第一师范学校,,1986.09,1990.07
江夏,0000021398,大专,西南政法学院,法律,,1994.06
江夏,0000021398,本科,中央党校,经济管理,1996.08,1998.12
江夏,0000021398,研究生,重庆市委党校,行政管理学,2000.09,2003.06
江夏,0000021398,研究生,重庆大学,高级管理人员工商管理硕士,2012.03,2013.12
刘义全,0000021399,大专,重庆高等师范专科学校,,1990.09,1993.07
刘义全,0000021399,专科,重庆高等师范专科学校,,1993.07,1994.08
刘义全,0000021399,本科,重庆行政学院,区域经济,1997.09,2000.07
刘义全,0000021399,研究生,重庆市委党校,区域经济,2001.09,2004.07
刘义全,0000021399,研究生,重庆大学,高级管理人员工商管理,2008.09,2011.06
杨树海,0000021400,本科,重庆师范学院,汉语言文学,1984.09,1989.06
杨树海,0000021400,学习,重庆市委党校,,2002.03,2002.12
杨树海,0000021400,研究生,重庆大学,高级管理人员工商管理硕士,2007.07,2009.12
祁美文,0000021401,大专,四川省开县师范学校,,1987.07,1990.07
祁美文,0000021401,本科,西南师范大学,,1993.09,1996.05
祁美文,0000021401,研究生,北京航空航天大学,,2010.09,2013.01
李成群,0000021402,中专,四川省涪陵农业学校,,1981.09,1984.07
李成群,0000021402,大专,四川省委党校,法律,1994.09,1997.07
李成群,0000021402,本科,重庆市委党校,法律,1997.03,1999.12
李成群,0000021402,研究生,西南师范大学,人文地理学,1998.09,2000.06
石强,0000021403,大专,四川省广播电视大学,法律,1989.09,1992.06
石强,0000021403,本科,重庆市委党校,行政管理,1998.09,2000.09
石强,0000021403,学习,重庆市委党校,,2002.03,2002.12
石强,0000021403,研究生,重庆市委党校,中共党史党建,2001.09,2004.06
方存好,0000021404,本科,浙江大学,计算机科学与工程,1994.09,1998.07
方存好,0000021404,研究生,浙江大学,计算机科学与工程,1998.07,2001.07
方存好,0000021404,博士,清华大学,计算机科学与技术,2001.07,2004.07
方存好,0000021404,博士后,清华大学,,2004.07,2006.07
王乾,0000021405,本科,西南民族学院,法律,1987.09,1991.07
王乾,0000021405,研究生,电子科技大学,,1999.09,2001.07
蒲发友,0000021407,中专,泸州师范学校,,1983.09,1986.09
蒲发友,0000021407,本科,西南师范大学,教育,1986.09,1990.07
蒲发友,0000021407,研究生,西南财经大学,政治经济学,1999.09,2001.09
杜海波,0000021408,本科,中国青年政治学院,思想教育,1989.09,1993.08
杜海波,0000021408,研究生,西南财经大学,经济学,1999.04,2003.06
张胜,0000021409,专科,四川省绵阳师专,中文,1991.09,1994.07
张胜,0000021409,本科,四川大学,函授新闻学,1995.06,1998.05
池勇,0000021410,本科,西南师范大学,经济地理学与城乡区域规划,1996.09,2000.07
池勇,0000021410,研究生,四川省委党校,经济学,2004.09,2007.06
陈晓霖,0000021411,本科,北京师范大学,政教,1987.09,1991.07
陈晓霖,0000021411,研究生,,,2002.09,2004.07
陈晓霖,0000021411,,盐亭师范学校,,1987.09,1990.08
陈晓霖,0000021411,,四川大学,财务会计,1993.09,1995.06
陈晓霖,0000021411,本科,四川省委党校,经济管理,1996.09,1998.12
陈晓霖,0000021411,学习,市委党校,,2006.03,2006.05
许兴国,0000021412,本科,南京航空航天大学,精密机械与仪器制造,1989.09,1993.07
许兴国,0000021412,学习,成都市委党校,,1999.09,1999.12
许兴国,0000021412,研究生,西北工业大学,,1997.07,2002.07
陈志勇,0000021414,本科,武汉钢铁学院,冶金机械,1987.09,1991.07
陈志勇,0000021414,研究生,中共四川省委党校,区域经济,2005.09,2008.06
曾洪扬,0000021415,本科,上海交通大学,,1990.09,1994.07
曾洪扬,0000021415,研修,四川联合大学,国民经济计划与管理,1995.09,1998.01
曾洪扬,0000021415,研究生,四川省委党校,法学,1998.09,2001.07
杨东升,0000021416,本科,四川农业大学,,1982.09,1986.07
杨东升,0000021416,研究生,四川农业大学,,1988.09,1991.07
杨东升,0000021416,博士,西南财经大学,,1995.09,1998.00
刘印勇,0000021417,本科,成都科技大学,陆地水文,1986.09,1990.07
刘印勇,0000021417,研修,四川大学,,1997.09,1999.07
刘印勇,0000021417,学习,成都市委党校,,2002.03,2002.07
刘印勇,0000021417,研究生,电子科技大学,高级管理人员工商管理,2003.10,2005.06
廖暾,0000021418,函授,四川省干部函授学院,成都分院行政管理,1991.09,1994.06
廖暾,0000021418,本科,中共四川省委党校,法律,1997.09,1999.12
廖暾,0000021418,研修,成都电子科技大学,,2000.09,2002.07
廖暾,0000021418,研究生,四川省工商管理学院,工商管理,2004.09,2006.07
钟静远,0000021419,本科,中国青年政治学院,,1992.09,1996.07
钟静远,0000021419,研究生,四川大学,国民经济管理,1997.09,2000.12
卢胜,0000021420,本科,武汉大学,法国文学,1982.09,1986.06
卢胜,0000021420,,武汉大学,,1986.06,1989.07
卢胜,0000021420,博士,四川大学,政治经济学,2002.09,2006.06
易恩弟,0000021421,本科,北京师范大学,生物化学,1986.09,1991.09
易恩弟,0000021421,研究生,四川联合大学,生物化学,1991.09,1994.07
易恩弟,0000021421,研究生,四川大学,,2000.03,2003.12
郑小清,0000021428,专科,四川省商业高等专科学校,商业企业经营与管理,1992.09,1995.07
郑小清,0000021428,本科,重庆市委党校,法律,1996.09,1998.12
郑小清,0000021428,研究生,四川省委党校,经济学,2001.09,2004.06
郑小清,0000021428,本科,四川大学,法学,2004.02,2007.01
王岩辞,0000021432,,中国青年政治学院,思想政治,1993.09,1997.07
谭兴忠,0000021433,,内江师专,数学,1986.09,1989.07
谭兴忠,0000021433,学习,市委党校,,1997.04,1997.06
谭兴忠,0000021433,本科,四川省委党校,财会,1994.09,1996.12
谭兴忠,0000021433,研究生,四川省委党校,经济学,2004.09,2007.06
谭荣兵,0000021435,大专,湖北民族学院,新闻,1996.09,1999.09
谭荣兵,0000021435,,华中科技大学,新闻学,1999.09,2005.12
谭荣兵,0000021435,进修,恩施州委党校,,2007.03,2007.05
谭荣兵,0000021435,研究生,湖北省委党校,法学,2006.09,2009.07
谭荣兵,0000021435,培训,恩施州委党校,,2008.03,2008.07
谭荣兵,0000021435,学习,泸州市委党校,,2011.11,2011.12
谭荣兵,0000021435,培训,四川省委党校,,2014.04,2014.05
谭荣兵,0000021435,学习,清华大学,,2015.11,2015.12
谭荣兵,0000021435,研究生,复旦大学,软件工程,2013.09,2016.01
刘光明,0000021436,本科,西南政法大学,法律,1981.09,1985.07
靳地胜,0000021437,本科,四川农业大学,农学,1995.09,1999.07
靳地胜,0000021437,培训,四川行政学院,,2000.09,2000.12
靳地胜,0000021437,研究生,省委党校,区域经济学,2003.09,2006.06
靳地胜,0000021437,培训,泸州市委党校,,2008.03,2008.05
靳地胜,0000021437,培训,省委党校,,2013.10,2014.01
肖刚,0000021438,,成都中医药大学,中医,1994.09,1997.07
肖刚,0000021438,函授,西南政法大学,法学,1999.09,2002.07
肖刚,0000021438,函授,中央党校,经济管理,2000.08,2002.12
肖刚,0000021438,研究生,北京师范大学,公共管理,2004.04,2006.06
肖刚,0000021438,学习,省委党校,,2011.02,2011.05
肖刚,0000021438,博士,西南财经大学,产业经济学,2009.09,2010.10
陈天航,0000021440,专科,二重技校,电工,1987.09,1989.08
陈天航,0000021440,大专,四川省干部函授学校,经济管理,1994.09,1997.06
陈天航,0000021440,本科,四川省委党校,法律,2003.09,2005.12
李栋,0000021441,本科,空军第一航空学院,电子工程,1997.09,2001.07
李栋,0000021441,研究生,电子科技大学,电子与通信工程,2004.09,2006.12
李栋,0000021441,培训,四川省优秀年轻干部和人才递进培养计划第三期培训班,,2014.09,2014.12
卿伟,0000021444,本科,电子科技大学,电子仪器及测量技术,1992.09,1996.07
卿伟,0000021444,培训,四川行政学院,,1997.10,1997.12
卿伟,0000021444,研究生,四川省委党校,经济学,2001.09,2004.06
卿伟,0000021444,研修,清华大学,,2006.06,2006.07
邹远骏,0000021445,,四川农业大学,工商行政管理,1992.09,1994.08
邹远骏,0000021445,本科,西南政法大学,法律,1997.09,2001.12
邹远骏,0000021445,研究生,四川大学,工商企业管理,2001.09,2003.07
郑志恒,0000021446,本科,葛洲坝水电工程学院,水工建筑工程,1986.09,1990.07
姚永红,0000021447,本科,西南财经大学,农业经济,1988.09,1992.07
姚永红,0000021447,学习,省委第二党校,,1993.04,1993.06
姚永红,0000021447,培训,市委党校,,1999.11,
姚永红,0000021447,研究生,四川大学,行政管理,2006.09,2008.07
吴明禹,0000021449,本科,重庆师范学院,历史教育,1992.09,1996.07
吴明禹,0000021449,研究生,四川大学,公共管理学行政管理,2009.06,2011.06
吴明禹,0000021449,培训,,,2013.10,2014.01
向赟,0000021451,本科,电子科技大学,微电子科学与工程学,1995.09,1999.07
向赟,0000021451,研究生,四川大学,行政管理,2002.03,2004.01
向赟,0000021451,研究生,电子科技大学,软件工程,2010.03,2012.06
贺旺,0000021452,研究生,清华大学,城市规划管理,,2003.00
柳江,0000021454,本科,电子科技大学,电子工程,1986.09,1990.07
柳江,0000021454,进修,四川大学,行政管理,2002.03,2004.01
柳江,0000021454,研究生,成都理工大学,地图制图学与地理信息工程,2003.09,2006.06
余飞宇,0000021455,本科,四川师范大学,汉语言文学,1990.09,1994.07
韩麟,0000021456,本科,中国青年政治学院,青年思想教育,1988.09,1992.07
韩麟,0000021456,学习,美国波尔大学,,2003.02,2003.04
韩麟,0000021456,研究生,浙江大学,公共管理,2009.03,2011.06
管昭,0000021457,本科,济南大学,机械设计及制造,1997.09,2001.07
管昭,0000021457,研究生,北京工业大学,固体力学,2001.09,2004.07
邓斌,0000021458,,四川省遂宁师范学校,,1982.09,1985.07
邓斌,0000021458,大专,西南财经大学,,,1990.06
邓斌,0000021458,本科,四川省委党校,法律,1995.08,1997.12
邓斌,0000021458,研究生,四川省委党校,区域经济学,2004.09,2007.06
兰徐,0000021460,本科,四川大学,工商行政管理,1989.09,1993.07
兰徐,0000021460,研修,西南师范大学,区域经济开发与管理,2000.09,2002.06
兰徐,0000021460,研究生,四川省委党校,经济学,2008.09,2011.06
康厚林,0000021462,专科,内江财贸学校,,1989.09,1992.07
康厚林,0000021462,专科,,会计,1991.04,1994.06
康厚林,0000021462,本科,中央党校,政法,1998.09,2000.12
康厚林,0000021462,学习,内江市委党校,,1999.09,1999.12
康厚林,0000021462,研究生,四川省委党校,公共管理,2006.09,2009.06
马炬,0000021463,本科,重庆大学,土木工程(城市道路与桥梁工程方向),1999.09,2003.06
毕胜,0000021465,专科,内江工业学校,机械制造,1988.09,1992.08
毕胜,0000021465,大专,西南财经大学,工业经济管理,,1994.12
毕胜,0000021465,本科,省委党校,法律,1995.08,1997.12
毕胜,0000021465,研究生,省委党校,区域经济,2002.07,2005.06
袁月,0000021472,本科,兰州大学,经济管理,1986.09,1990.07
袁月,0000021472,研究生,四川省委党校,区域经济,2003.09,2006.06
袁月,0000021472,培训,四川省优秀干部人才递进培养第五期培训班,,2015.09,2015.12
龚德勤,0000021473,本科,四川师范大学,历史,1986.09,1990.07
龚德勤,0000021473,研究生,四川省委党校,经济学,1998.09,2001.12
龚德勤,0000021473,研究生,于清华大学,,2012.09,2015.01
余斌,0000021474,本科,重庆师范学院,汉语言文学,1989.09,1993.07
余斌,0000021474,研究生,四川省委党校,法学,2006.09,2009.06
沙万强,0000021476,研究生,四川省委党校,法学,2002.09,2005.06
刘松,0000021478,本科,西安二炮工程兵学院,,1986.09,1990.07
陈泽斌,0000021479,本科,四川师范学院,,1986.09,1990.07
陈泽斌,0000021479,学习,西南师范大学,政治,1993.09,1995.07
廖伦志,0000021482,专科,四川省达县农业学校,,1980.09,1983.08
廖伦志,0000021482,大专,四川省委党校,,1989.09,1991.07
廖伦志,0000021482,本科,四川省委党校,法律,1997.09,1999.12
廖伦志,0000021482,研究生,四川省委党校,经济学,2001.09,2004.06
蒲国,0000021485,大专,西南农业大学,,1987.09,1990.07
蒲国,0000021485,本科,四川省委党校,法律,1997.09,1999.12
蒲国,0000021485,研究生,四川省委党校,行政管理,2002.09,2005.06
崔竹君,0000021486,专科,西充师范学校,,1988.09,1991.08
崔竹君,0000021486,专科,四川省干部函授学院,法律,1994.09,1997.06
崔竹君,0000021486,本科,四川省委党校,行政管理,1999.08,2001.12
崔竹君,0000021486,研究生,四川省委党校,区域经济学,2004.09,2007.06
郭宗海,0000021487,,西南石油学院,,1989.09,1992.07
郭宗海,0000021487,研究生,西南石油学院,,1996.09,1999.07
孙骏,0000021489,本科,石油大学（北京）,市场营销,1992.09,1996.07
孙骏,0000021489,研究生,西南石油学院,管理科学与工程,2001.09,2003.07
张斌,0000021490,本科,四川师范学院（现西华师范大学）,,1988.09,1990.08
张斌,0000021490,,中央党校,经济管理,1992.09,1994.12
张斌,0000021490,研究生,四川大学,工商管理,2003.09,2005.06
杨德宇,0000021491,本科,西南师范大学,历史学,1988.09,1992.07
杨德宇,0000021491,研究生,四川师范学院,,2002.09,2004.07
宋骥,0000021492,本科,四川师范大学,历史,1990.09,1994.07
宋骥,0000021492,本科,四川省委党校,法律,1998.09,2000.12
宋骥,0000021492,学习,眉山市委党校,,2001.10,2002.01
宋骥,0000021492,研究生,四川省委党校,经济学,2006.09,2009.06
宋良勇,0000021494,专科,仁寿师范,,1990.09,1993.07
宋良勇,0000021494,本科,四川省委党校,法律,1997.09,1999.12
宋良勇,0000021494,研究生,四川省委党校,现代管理,2001.09,2004.06
肖巍,0000021496,专科,乐山市供销学校,财务会计,1986.09,1988.07
何永宏,0000021498,研究生,省委党校,经济学,2003.09,2006.06
刘海昌,0000021499,本科,太原重型机械学院,流体传动及控制,1995.09,1999.07
刘海昌,0000021499,研究生,昆明理工大学,机械制造及自动化,2001.09,2004.02
刘海昌,0000021499,博士,哈尔滨工业大学,机械电子工程,2004.02,2008.08
刘海昌,0000021499,学习,省委党校,,2012.08,2012.11
朱莉,0000021500,本科,西华大学,食品工程,1991.09,1995.07
朱莉,0000021500,研究生,西南师范大学,基础心理学,2000.07,2002.01
朱莉,0000021500,培训,四川行政学院,,2003.09,2003.11
朱莉,0000021500,研究生,新加坡南洋理工大学,公共管理,2010.03,2011.04
朱莉,0000021500,培训,四川省委党校,,2013.10,2014.01
徐创军,0000021503,本科,西南大学,水土保持,1995.09,1999.07
徐创军,0000021503,本科,西南交通大学,,2001.09,2004.06
徐创军,0000021503,博士,西南交通大学,,2004.09,2007.10
石进,0000021505,大专,南京林业大学,林业多种经营,1993.09,1996.06
石进,0000021505,本科,四川省委党校,经济管理,1998.08,2000.12
石进,0000021505,培训,市委党校,,2006.03,2006.06
石进,0000021505,研究生,四川省委党校,,2006.09,2009.07
谭云,0000021506,本科,四川美术学院,,1978.03,1982.02
谢洋波,0000021507,本科,重庆三峡学院,计算数学及应用软件,1996.09,2000.07
谢洋波,0000021507,研究生,四川农业大学,农业推广（区域经济方向）硕士,2007.09,2010.12
周建平,0000021509,本科,重庆师范大学,应用微生物及生物化学,1989.09,1993.07
周建平,0000021509,学习,省委党校,,1994.09,1994.12
周建平,0000021509,培训,四川省优秀年轻干部和人才递进培养计划第三期培训班,,2014.09,2014.12
李志超,0000021510,学习,重庆工业管理学院,劳动经济,1990.09,1992.07
李志超,0000021510,培训,达川地委党校,,1997.04,1997.07
李志超,0000021510,本科,西南科技大学,工商管理,2002.03,2004.06
李志超,0000021510,培训,达州市委党校,,2006.10,2006.12
李志超,0000021510,研究生,北京师范大学,公共管理,2005.03,2008.01
李志超,0000021510,培训,达州市优秀干部和人才递进第三期培养班,,2015.06,2015.09
李志超,0000021510,,重庆工业管理学院,劳动经济,1990.09,1992.07
李志超,0000021510,学习,达川地委党校,,1997.04,1997.07
李志超,0000021510,本科,西南科技大学,工商管理,2002.03,2004.06
李志超,0000021510,研究生,北京师范大学,公共管理,2005.03,2008.01
王飞虎,0000021511,学习,达州市市委党校,,2000.09,2000.11
王飞虎,0000021511,研究生,四川省委党校,行政管理学,2004.09,2007.06
罗刚,0000021512,本科,成都理工大学,石油地质勘探,1990.09,1994.07
余力,0000021513,本科,华北水利水电学院,动力系热能动力工程,1992.09,1996.07
余力,0000021513,学习,水利部第五期青年干部培训班暨河海大学管理工程第二学位班,,1996.07,1997.08
余力,0000021513,学习,中央党校,,1996.07,1996.08
李蓉,0000021514,本科,四川师范大学,学校教育,1988.09,1992.07
李蓉,0000021514,学习,雅安教育学院,英语,1999.09,2001.06
冯俊涛,0000021516,本科,雅安师范学校,,1987.09,1990.07
冯俊涛,0000021516,专科,雅安教育学院,中文,1992.09,1995.07
冯俊涛,0000021516,本科,四川省委党校,法律,1995.09,1997.12
冯俊涛,0000021516,研究生,四川省委党校,经济,2002.09,2005.07
郑胡勇,0000021517,中专,雅安财贸学校,财会,1995.09,1997.06
郑胡勇,0000021517,本科,西南政法大学,法学,2005.03,2008.01
戴华强,0000021518,大专,四川农业大学,农经管理,1990.11,1993.12
戴华强,0000021518,本科,四川省委党校,经济管理,1994.08,1996.12
戴华强,0000021518,研究生,四川省工商管理学院,工商管理,2003.09,2005.07
孙辉,0000021520,本科,四川省农业机械化学校,财会,1983.09,1987.07
罗道坤,0000021522,本科,中央党校,经济管理,1992.06,1995.12
王世伟,0000021526,本科,清华大学,,1998.08,2002.07
王世伟,0000021526,研究生,清华大学,建筑与土木工程,2002.07,2005.07
罗智波,0000021527,本科,四川大学,国际贸易,1997.09,2001.08
罗智波,0000021527,研究生,四川大学,世界经济,2002.09,2005.07
罗智波,0000021527,博士,四川大学,世界经济,2005.09,2009.12
姚奇杰,0000021529,本科,徐州师范大学,物理教育,1996.09,2000.06
姚奇杰,0000021529,研究生,西南师范大学,课程与教学论,2000.09,2003.07
陈宝华,0000021530,专科,四川省警校,,1989.00,1991.07
陈宝华,0000021530,大专,中央广播电视大学,法律,2000.09,2002.07
陈宝华,0000021530,研究生,四川省委党校,公共管理,2006.09,2009.06
祝邦文,0000021534,,康定民族师范高等专科学校,政治历史教育,1993.09,1996.07
祝邦文,0000021534,,四川省委党校,经济管理,1997.08,1999.12
祝邦文,0000021534,研究生,四川省委党校,区域经济,2010.09,2013.06
袁明光,0000021540,本科,西南民族学院,藏文,1984.09,1988.07
郑显峰,0000021542,专科,甘孜州农校,畜牧兽医,1984.09,1988.07
郑显峰,0000021542,学习,四川畜牧兽医学院,,1989.12,1990.01
郑显峰,0000021542,本科,西南政法大学,法律,1995.07,1998.07
郑显峰,0000021542,学习,四川农业大学,网络教育法学,2004.04,2006.07
环江红,0000021549,本科,西安地质学院,水文地质与工程地质,1986.09,1990.08
环江红,0000021549,研究生,四川工商管理学院,工商管理,2001.09,2003.07
李德强,0000021552,,山东广播电视大学,电子,1979.12,
黎平,0000021554,大专,省委党校,行政管理,2000.09,2003.06
黎平,0000021554,本科,省委党校,法律,2003.09,2005.12
黎平,0000021554,学习,州委党校,,2005.09,2005.12
黎平,0000021554,研究生,省委党校,经济学,2010.09,2014.06
刘俊文,0000021555,,湖北省仙桃市师范学校,,1984.07,1987.07
杨腾斌,0000021557,本科,四川农业大学,农业技术与管理,2002.09,2004.06
朱刚,0000021558,本科,贵州大学,计算机及应用,1996.09,2000.07
朱刚,0000021558,研究生,贵州大学,法律,2006.05,2009.01
朱刚,0000021558,学习,市委党校,,2010.09,2010.12
梅俊,0000021559,本科,电子科技大学,电子仪器及测量技术,1987.09,1991.08
邹杰,0000021560,本科,贵州大学,汉语言文学,1994.09,1998.07
李仕勇,0000021561,本科,贵州民族学院,历史学,1991.09,1995.07
李仕勇,0000021561,本科,贵州省委党校,经济管理,1997.09,2000.07
李仕勇,0000021561,培训,,,2006.02,2006.04
李仕勇,0000021561,研究生,西南大学,农村区域发展与管理,2007.10,2010.12
李仕勇,0000021561,研究生,贵州省委党校,政治学,2004.09,2007.06
孙华忠,0000021563,,桂林陆军学校,,1983.09,1985.11
孙华忠,0000021563,中专,中国人民解放军桂林陆军学校,炮兵排长,1983.09,1985.07
孙华忠,0000021563,大专,昆明工学院,党政干部大专,1988.09,1990.09
孙华忠,0000021563,本科,中央党校,经济管理,1994.08,1996.12
孙华忠,0000021563,研究生,贵州大学,民商法学,2004.09,2006.07
孙绍雪,0000021565,学习,贵州省财政学校,投资管理,1996.09,1998.07
孙绍雪,0000021565,专科,贵州省委党校,经济管理,1999.09,2002.07
孙绍雪,0000021565,函授,贵州省委党校,法律,2002.09,2005.01
孙绍雪,0000021565,学习,贵阳市委党校,,2010.09,2010.12
孙绍雪,0000021565,培训,国家行政学院,,2014.03,2014.12
王赟,0000021566,,贵州省委党校,经济管理,1995.09,1998.07
王赟,0000021566,,贵州省委党校,法律,1998.09,2001.07
杨昌显,0000021568,学习,贵州省农业干部管理学院,,1992.09,1992.12
杨昌显,0000021568,学习,贵州省民族学院,行政管理,1994.03,1995.03
杨昌显,0000021568,本科,贵州省委党校,法律,2001.09,2003.12
李令波,0000021569,本科,贵州大学,行政管理学,1989.09,1993.07
李令波,0000021569,研究生,贵州大学,公共管理,2009.09,2012.12
游劲松,0000021570,本科,湖南大学,采暖通风及空气调节,1990.09,1994.06
管礼伦,0000021571,专科,贵州省遵义财贸学校,,1982.09,1984.07
管礼伦,0000021571,学习,贵州广播电视大学,,1986.09,1988.07
管礼伦,0000021571,学习,遵义地委党校,,1992.09,1993.07
管礼伦,0000021571,本科,中央党校,党政管理,1994.08,1996.12
肖光强,0000021573,,贵州广播电视学校,新闻,1991.09,1993.07
肖光强,0000021573,学习,贵州广播电视大学,汉语言,1997.09,1999.07
肖光强,0000021573,培训,全市乡镇领导干部培训班,,2002.06,2002.07
肖光强,0000021573,学习,遵义市委党校,,2003.03,2003.06
龙斌,0000021574,专科,贵州省遵义农校,农学,1987.09,1991.07
龙斌,0000021574,学习,遵义市委党校,,2004.09,2004.11
龙斌,0000021574,学习,省委党校,,2011.03,2011.06
龙斌,0000021574,本科,贵州民族学院,行政管理,,
余航海,0000021575,专科,江西省九江师范专科学校,,1995.09,1998.07
余航海,0000021575,研究生,贵州大学,中国古代文学,2000.09,2003.07
余航海,0000021575,培训,贵州大学,,2002.04,2002.06
刘兆武,0000021576,本科,贵州大学,,1990.09,1994.07
杨润民,0000021577,本科,贵州省商业学校,市场营销,1995.09,1999.08
石茂彪,0000021578,本科,贵州民族学院,历史,1986.09,1990.07
石茂彪,0000021578,学习,武汉大学,政务,2005.09,2007.06
郭伟谊,0000021581,本科,贵州工学院,机械制造工艺及设备,1990.09,1994.07
郭伟谊,0000021581,学习,贵州广播电视大学,法律,1997.10,1999.07
郭伟谊,0000021581,研究生,贵州工业大学,工商管理硕士,2001.10,2004.07
陈天一,0000021582,本科,重庆建筑大学,计算机及应用,1991.09,1995.08
陈天一,0000021582,研究生,贵州省委党校,经济学,2004.09,2007.06
陈天一,0000021582,学习,贵州省委党校,,2006.09,2007.01
芦忠于,0000021583,本科,温州师范学院,数学,,
韦朝虎,0000021585,大专,贵州黔西南民族行政管理学校,行政管理,1993.03,1996.07
陈萍,0000021587,函授,中央党校,党政管理,1996.08,1998.12
陈萍,0000021587,学习,贵州省毕节地委党校,,2004.09,2004.12
陈萍,0000021587,研究生,中国人民大学,行政管理,2005.12,2007.12
陈萍,0000021587,学习,贵州省毕节地委党校,,2009.09,2009.11
杨桦,0000021589,学习,贵州省公安干部学院,公管理,1987.09,1989.07
杨桦,0000021589,函授,人民日报社新闻函授部第四期,,1992.04,1993.03
杨桦,0000021589,学习,毕节地委党校,,2001.03,2001.05
杨桦,0000021589,本科,贵州省委党校,经济管理,2001.09,2004.01
杨桦,0000021589,研究生,中国人民大学,行政管理,2004.11,2006.11
杨桦,0000021589,研修,清华大学,,2006.09,2006.11
潘发勇,0000021590,本科,天津大学,化学工艺,1994.09,1998.07
潘发勇,0000021590,研究生,天津大学,化工工艺,2000.09,2002.12
潘发勇,0000021590,博士,天津大学,化工,2003.03,2006.12
许晓鹏,0000021591,专科,贵州省毕节师范专科学校,体育,1989.09,1991.07
许晓鹏,0000021591,本科,中央党校,涉外经济,1995.08,1997.12
许晓鹏,0000021591,研究生,中国人民大学,行政管理,2003.05,2005.08
胡海,0000021593,专科,贵州省贵阳市卫生学校,公卫医士,1987.09,1990.07
胡海,0000021593,函授,中央党校,党政管理,1996.08,1998.12
胡海,0000021593,大专,贵州省高等教育自学考试,汉语言文学,1992.04,2003.12
胡海,0000021593,学习,贵州省毕节地委党校,,2004.03,2004.05
胡海,0000021593,研究生,中国人民大学,行政管理,2005.09,2007.12
胡海,0000021593,研修,清华大学,,2006.09,2006.11
黄洪州,0000021594,,铜仁师范高等专科学校,,1987.09,1990.07
黄洪州,0000021594,,贵州教育学院,汉语言文学,1995.09,1997.09
杨云,0000021595,本科,贵州民族学院,政治,1978.09,1982.07
杨云,0000021595,研究生,贵州省委党校,,1989.11,1990.05
杨云,0000021595,学习,贵州省委党校,,1999.08,1999.11
杨云,0000021595,学习,贵州省委党校,,2003.08,2003.09
杨云,0000021595,研究生,中央党校,政治经济学,2000.09,2003.07
田运栋,0000021596,专科,贵州省水利电力学校,水利水电工程建筑,1988.09,1992.07
田运栋,0000021596,大专,贵州省委党校,经济管理,1994.09,1996.06
田运栋,0000021596,本科,贵州省委党校,法律,1997.09,2000.07
田运栋,0000021596,学习,铜仁地委党校,,2003.08,2003.11
田运栋,0000021596,研究生,贵州省委党校,经济学,2004.09,2007.06
席龙海,0000021597,专科,贵州省铜仁财校,企财,1987.09,1989.07
席龙海,0000021597,本科,贵州省委党校,经管,1994.09,1997.07
席龙海,0000021597,本科,贵州省委党校,经管,1999.09,2002.06
田艳　,0000021598,本科,贵阳中医学院,针灸,1985.09,1990.07
田艳　,0000021598,学习,贵州省铜仁市委党校,,1998.10,1998.12
田艳　,0000021598,学习,贵州省委党校,,2005.09,2006.01
田艳　,0000021598,研究生,贵州省委党校,政治学,2002.09,2005.06
田艳　,0000021598,学习,贵州省委党校,,2014.10,2014.12
秦智坤,0000021599,,贵州省黔东南民族行政管理学校,行政管理,1986.09,1989.07
秦智坤,0000021599,大专,省委党校,行政管理,1996.09,1999.07
秦智坤,0000021599,本科,省委党校,法律,2000.09,2003.01
秦智坤,0000021599,学习,贵州省委党校,,2007.09,2008.01
茹捷,0000021605,大专,贵州工业大学,建筑工程,1993.09,1995.07
茹捷,0000021605,大专,贵州省高等教育自学考试,法律,1998.10,2000.06
茹捷,0000021605,学习,贵州省黔东南州委党校,,2006.04,2006.06
茹捷,0000021605,本科,贵州大学,土木工程,2006.03,2009.01
吴绍东,0000021606,专科,贵州民族学院,少数民族语言文学,1991.09,1994.07
吴绍东,0000021606,本科,贵州省委党校,法律,2000.09,2003.01
吴绍东,0000021606,学习,贵州省黔东南州委党校,,2005.09,2005.12
吴绍东,0000021606,培训,上海浦东新区区委党校,,2007.01,2007.02
吴绍东,0000021606,进修,浙江省杭州市党校,,2014.03,2014.05
刘明波,0000021607,,贵州省黔东南民族师范高等专科学校,中文,1990.09,1993.07
刘明波,0000021607,本科,贵州教育学院,汉语言文学,1995.07,1998.06
刘明波,0000021607,学习,贵州省委党校,,2005.09,2006.01
侯美彪,0000021608,本科,华东政法学院,国际经济法,1994.09,1998.07
侯美彪,0000021608,研究生,贵州省委党校,公共管理,2005.09,2008.06
侯美彪,0000021608,研修,清华大学,,2010.09,2010.10
侯美彪,0000021608,学习,贵州省黔东南州委党校,,2012.09,2012.12
涂刚,0000021609,专科,贵州省商业学校,商业企业管理,1984.09,1986.07
涂刚,0000021609,大专,安徽商业管理干部学院,商业经济管理,1988.10,1990.07
涂刚,0000021609,大专,中国行政函授大学,行政管理,1986.05,1988.06
涂刚,0000021609,本科,贵州省委党校,经济管理,1996.07,1999.07
涂刚,0000021609,研究生,贵州大学,经济管理,2002.09,2004.07
涂刚,0000021609,研究生,贵州省委党校,公共管理,2005.09,2008.06
涂刚,0000021609,研修,清华大学,,2007.10,2007.11
徐刘蔚,0000021612,本科,中国人民大学,社会学,1999.09,2003.08
徐刘蔚,0000021612,研究生,中国人民大学,区域经济与城市管理研究所区域经济学,2003.09,2005.08
邓忠学,0000021613,本科,贵州大学,哲学,1987.09,1991.08
邓忠学,0000021613,学习,贵州省委党校,,2008.03,2008.07
黄桂林,0000021614,专科,贵州省贵定师范学校,普师,1988.09,1991.08
黄桂林,0000021614,大专,贵州省黔南州教育学院,中文,1994.08,1995.08
黄桂林,0000021614,本科,贵州教育学院,汉语言文学,1995.09,1997.07
莫君锋,0000021615,,贵州无线电工业学校,无线电,1988.09,1990.07
莫君锋,0000021615,大专,贵州省公安干部学院,治安管理,1994.09,1996.09
莫君锋,0000021615,本科,贵州省委党校,经济管理,1997.09,2000.06
朱奉余,0000021616,专科,黔南民族师范专科学校,历史,1988.09,1991.09
朱奉余,0000021616,本科,"贵州教育
学院",思想政治教育,1994.09,1996.07
朱奉余,0000021616,研修,贵州大学,,2009.08,2009.11
朱奉余,0000021616,MBA,"
美国加州圣何塞州立大学",,2010.01,2010.07
朱奉余,0000021616,研究生,贵州省委党校,公共管理,2004.09,"
2007.06"
朱奉余,0000021616,硕士,贵州大学,席库提米分校合办项目管理,2013.04,2015.06
李康,0000021629,研究生,广西民族学院,汉语言文学,1978.00,1982.00
李康,0000021629,研究生,广西师范大学,经济史,2004.00,2006.00
应亥宗,0000021630,专科,宁波师范学院,汉语言文学,1992.09,1994.08
应亥宗,0000021630,本科,中央党校,党政管理,1996.08,1998.12
应亥宗,0000021630,研究生,浙江省委党校,社会发展,2002.09,2005.07
应亥宗,0000021630,学习,宁波市委党校,,2009.10,2010.01
范永光,0000021650,,西北大学,,,1993.00
范永光,0000021650,研究生,省委党校,经济管理,,
赵碧原,0000021660,本科,昆明理工大学,环境工程,1992.09,1996.07
胡其武,0000021674,,云南省畜牧兽医学校,,1988.09,1992.07
吴世雄,0000021698,中专,红河州民族师范学校,普师,1986.09,1989.07
庞俊,0000021699,中专,云南省财贸学校,家用电器,1985.09,1989.07
庞俊,0000021699,大专,云南省委党校,经济管理,1995.09,1998.07
庞俊,0000021699,本科,中央党校,行政管理,1999.08,2001.12
龚卿,0000021707,本科,云南大学,法律,1994.09,1998.07
龚卿,0000021707,学习,云南大学,,1998.09,2001.07
龚卿,0000021707,学习,云南大学,,2004.09,2008.06
王荣聪,0000021712,专科,云南省热带作物学校,,1989.09,1993.08
王荣聪,0000021712,大专,云南大学,行政管理,1996.05,2003.12
木崇根,0000021714,,云南财经学校,税务,1983.09,1985.08
木崇根,0000021714,本科,中央党校,经济管理,1998.09,2000.12
木崇根,0000021714,研究生,云南省委党校,经济管理,2007.09,2010.07
白玲,0000021715,专科,云南省水利水电学校,工程建筑,1985.09,1988.02
李郁华,0000021722,本科,云南师范大学,思想政治教育,1985.09,1989.07
段红丽,0000021724,专科,云南省大理州师范学校,音乐,1997.09,2000.07
段红丽,0000021724,大专,全国高等教育自学考试,中文,2000.09,2003.12
段红丽,0000021724,本科,云南师范大学,汉语言文学,2005.02,2008.02
段红丽,0000021724,研究生,云南省委党校,经济管理,2009.09,2012.07
谢大鹏,0000021725,本科,四川大学,哲学,1986.09,1990.07
毛晓,0000021726,大专,昆明陆军学院,,1996.09,1999.07
岩补,0000021729,本科,云南师范大学,思想政治教育,1993.09,1997.07
岩补,0000021729,研究生,四川省委党校,区域经济学,2008.09,2011.06
李金儒,0000021732,大专,云南省委党校,经济管理,1999.09,2002.06
李金儒,0000021732,本科,省委党校,经济管理,2002.09,2004.12
格桑纳杰,0000021736,,云南财贸学院,,1986.09,1991.08
杜江,0000021738,本科,西南农业大学,经济（国土、企业）管理,1997.09,2001.07
杜江,0000021738,研究生,四川大学,工商管理,2003.09,2006.07
杜江,0000021738,研究生,电子科技大学,软件工程,2004.09,2008.06
杜江,0000021738,博士,四川大学,藏族历史经济与社会发展,2009.09,2012.06
彭飞跃,0000021742,专科,四川省高县师范学校,师范,1981.10,1983.07
彭飞跃,0000021742,培训,中央党校,,2007.03,2009.01
张干,0000021744,本科,中国人民解放军外国语学院,英语,1999.09,2003.06
张干,0000021744,本科,中国人民公安大学,法学,2003.06,2005.07
春新,0000021745,,中央农业广播电视学校,农村经济管理,2003.09,2005.11
春新,0000021745,,四川省工商管理学院,工商管理,2007.09,2009.07
姚常雨,0000021747,本科,新疆师范大学,历史,1986.09,1990.07
郭光成,0000021761,培训,中央党校,,2016.03,2016.07
杨玉斌,0000021763,大专,西藏民族学院,新闻,1997.09,2000.07
其珠多吉,0000021765,本科,西藏农牧学院,林学,1995.09,1999.08
其珠多吉,0000021765,研究生,中央党校,研究生院党的学说与党的建设,2004.07,2006.07
夏冰,0000021770,专科,四川省自贡师范高等专科学院,政治,1990.09,1992.07
尼玛次仁,0000021773,本科,南京气象学院,气象,1982.09,1986.07
尼玛次仁,0000021773,研究生,中央党校,研究生院党建,2000.03,2002.12
康爱民,0000021775,本科,西藏自治区农牧学校,农学,1985.07,1989.06
牛堃,0000021777,学习,西藏大学,经济管理,1995.09,1998.07
牛堃,0000021777,学习,湖北经贸学院,国民经济管理,2001.09,2003.07
牛堃,0000021777,培训,西藏自治区党委党校,,2007.03,2007.06
拉巴次仁,0000021794,本科,中央民族学院,藏语,1979.09,1983.07
拉巴次仁,0000021794,培训,中央党校,,1997.03,1997.07
才旺尼玛,0000021802,小学,昌都地区左贡县小学,,1980.09,1985.07
才旺尼玛,0000021802,中学,河北示范学院,,1985.09,1989.07
才旺尼玛,0000021802,中专,湖北沙市财经学校,,1989.09,1992.06
边巴,0000021806,,辽宁省公安司法学校,公安行管,1992.09,1993.07
边巴,0000021806,大专,山南地委党校,,2000.08,2003.06
胡文平,0000021808,,西藏民族学院,成教部文秘,1995.09,1998.07
梁晚晴,0000021810,本科, 陕西师范大学,中国汉语言文学,1984.09,1988.09
梁晚晴,0000021810,研究生, 陕西师范大学,中国汉语言文学,1988.09,1991.07
陈顺利,0000021812,函授,西安中华会计函授学校,财务会计,1990.09,1993.09
陈顺利,0000021812,大专,中央党校,大专班经济管理,2000.08,2003.06
陈顺利,0000021812,学习,陕西省委党校,经济管理,2004.09,2007.07
景耀平,0000021820,本科,陕西省农林学校,农作,1982.09,1986.07
景耀平,0000021820,研究生,陕西省委党校,经济管理,2001.09,2004.07
齐军建,0000021823,,西北政法学院,法律,1986.09,1990.07
单舒平,0000021828,本科,西安理工大学,材料科学与工程学院材料成型,1996.00,2000.00
单舒平,0000021828,博士,西安交通大学,,,2008.00
单舒平,0000021828,本科,西安理工大学,材料成型,1996.00,2000.00
单舒平,0000021828,博士,西安交通大学,,,2008.00
焦志鹏,0000021832,,咸阳师专,,1987.09,1989.07
林梅,0000021834,专科,咸阳师范学院,外语,1995.09,1997.09
林梅,0000021834,专科,宝鸡文理学院,英语,1997.09,1999.07
林梅,0000021834,学习,美国杨伯翰大学,行政管理,2004.06,2005.06
贺建权,0000021835,专科,陕西省财政专科学校,财政,1987.09,1990.07
贺建权,0000021835,本科,西安交通大学,会计学,1990.11,2002.06
贺建权,0000021835,学习,陕西省委党校,经济管理,2002.09,2005.07
白晓林,0000021839,本科,中央党校,法律,1999.08,2001.12
白晓林,0000021839,,西北大学,经济管理,1996.09,1999.06
白晓林,0000021839,研修,陕西师范大学,政治学理论,2005.02,2007.03
薛清军,0000021840,,蒲城师范学校,,1985.09,1988.07
薛清军,0000021840,,陕西师范大学,政治教育,1990.09,1993.06
薛清军,0000021840,,西北大学,工商管理,2001.09,2003.09
薛清军,0000021840,研修,陕西师范大学,政治学理论,2006.06,2008.05
薛清军,0000021840,研修,清华长三角研究院县域经济发展高级研修班,,2012.01,2012.11
褚锦锋,0000021852,,渭南师范专科学校,数学,1984.09,1987.07
褚锦锋,0000021852,培训,国家统计培训学院,工商管理,2000.10,2002.12
褚锦锋,0000021852,,中央党校,经济管理,2004.09,2007.07
赖春忠,0000021854,专科,广西梧州地区贺县师范学校,师范,1986.09,1989.07
赖春忠,0000021854,本科,广西区党校,行政管理,1996.08,1998.12
赖春忠,0000021854,本科,广西师范大学,汉语言文学,2001.09,2004.07
杜鹏,0000021855,本科,北京大学,,1998.09,2002.08
杜鹏,0000021855,研究生,北京大学,,2002.09,2005.07
曹林虎,0000021856,本科,西北农业大学,,1988.09,1992.07
曹林虎,0000021856,研究生,陕西省委党校,,2000.09,2003.07
宋满红,0000021857,本科,陕西省延安大学,,1985.09,1989.07
曹振宇,0000021858,本科,西北农业大学,畜牧兽医,1989.09,1994.07
李炜,0000021861,,西安市农业学校,,1985.09,1989.06
李炜,0000021861,学习,中央党校,经济管理,1993.08,1995.09
朱建军,0000021863,专科,广西贺州师范学校,,1986.07,1989.07
朱建军,0000021863,,广西经济管理干部学院,财政,1995.09,1997.07
朱建军,0000021863,本科,中央党校,经济管理,1997.08,1999.12
王云祥,0000021864,本科,延安大学,,1996.09,2000.07
王云祥,0000021864,研究生,延安大学,马克思主义哲学,2005.09,2008.07
张继东,0000021865,本科,延安大学,政教,1987.07,1991.07
杨成林,0000021873,专科,陕西省广播电视大学,,1988.09,1991.07
杨成林,0000021873,本科,中央党校,党政,1998.08,2000.12
杜寿平,0000021874,本科,陕西师范大学,化学,1983.09,1987.07
杜寿平,0000021874,,北京科技大学,思想政治教育,1989.09,1991.07
杜寿平,0000021874,,北京大学,公共管理,2004.04,2006.07
贺湘如,0000021875,本科,延安大学,,1989.09,1993.07
贺湘如,0000021875,研究生,省委党校,经济管理,2008.08,2011.07
焦利民,0000021876,,榆林师范学校,,1983.08,1986.06
焦利民,0000021876,大专,,汉语言文学,,
焦利民,0000021876,本科,中央党校,经济管理,1993.12,1995.12
焦利民,0000021876,研究生,陕西省委党校,,2003.12,2005.12
王国忠,0000021878,本科,东北电力学院,热能动力工程,1986.09,1990.07
郭宝成,0000021882,本科,陕西师范大学,,1984.09,1987.07
陈红星,0000021888,,西安市农业学校,产品储藏加工,1986.09,1990.07
陈红星,0000021888,大专,中央党校,大专班经济管理,1993.09,1996.06
陈红星,0000021888,本科,中央党校,本科法律,2000.08,2002.12
陈红星,0000021888,研究生,陕西省委党校,研究生班公共管理,2004.09,2007.07
高文阳,0000021897,专科,兰州师范专科学校,政史,1990.09,1993.07
高文阳,0000021897,本科,兰州大学,行政管理,2003.03,2005.08
高文阳,0000021897,学习,甘肃省委党校,人口、资源环境经济学,2005.09,2008.06
赵同庆,0000021898,本科,榆中师范学校,,1986.09,1990.07
赵同庆,0000021898,函授,中央党校,经济管理,1993.08,1996.12
赵同庆,0000021898,函授,中央党校,行政管理,1999.08,2001.12
李荣,0000021900,本科,甘肃政法学院,法学,1995.09,1999.07
李荣,0000021900,研究生,甘肃省委党校,公共管理,2006.09,2009.07
周益民,0000021901,本科,中国地质大学,矿床地质学,1985.09,1989.07
秦俊山,0000021904,本科,陇西师范学校,普师,1984.09,1988.07
秦俊山,0000021904,学习,白银团市委学校,,1992.12,1996.11
秦俊山,0000021904,大专,中央党校,大专班经济管理,1993.08,1996.06
秦俊山,0000021904,本科,中央党校,本科班经济管理,1996.08,1998.12
秦俊山,0000021904,研究生,兰州大学,区域经济学,2003.09,2005.07
李作璧,0000021905,研究生,参加工作，党校,,1985.08,1998.01
刘文玺,0000021906,函授,建设部干部学院,城市规划管理,1991.06,1992.05
刘文玺,0000021906,函授,甘肃省委党校,函授经济管理,1998.09,2003.12
刘文玺,0000021906,学习,甘肃省委党校,经济管理,2001.09,2003.12
刘文玺,0000021906,研究生,兰州大学,,2002.09,2004.07
刘文玺,0000021906,,甘肃省煤炭工业学校,工业与民用建筑,1985.08,1988.08
刘文玺,0000021906,本科,建设部干部学院,城市规划管理,1991.06,1992.05
刘文玺,0000021906,,甘肃省委党校,经济管理,1998.09,2003.12
刘文玺,0000021906,,甘肃省委党校,经济管理,2001.09,2003.12
刘文玺,0000021906,研究生,兰州大学,经济法,2002.09,2004.07
马世友,0000021908,本科,兰州农业学校,农经,1991.09,1995.07
马世友,0000021908,大专,兰州大学,工业企业管理,1993.04,1996.12
马世友,0000021908,本科,甘肃省委党校,法律,2002.09,2004.12
马世友,0000021908,研究生,甘肃省委党校,经济社会发展与党的领导,2007.09,2010.06
余锋,0000021909,专科,张掖师范学校,,1978.08,1980.08
余锋,0000021909,,张掖地委党校,,1993.09,1993.11
余锋,0000021909,本科,中央党校,经济管理,1994.08,1996.12
余锋,0000021909,培训,甘肃省委党校,,2008.03,2008.07
白勇,0000021911,学习,张掖市委党校,,2003.03,2003.07
白勇,0000021911,大专,甘肃农业大学,农业推广,1997.04,2001.12
白勇,0000021911,本科,甘肃省委党校,经济管理,2001.09,2003.09
李作明,0000021912,,平凉农校,农学,1990.09,1994.08
李作明,0000021912,本科,甘肃农业大学,农业经济管理,2006.09,2009.06
李作明,0000021912,进修,甘肃省委党校,,2007.09,2007.12
李作明,0000021912,研究生,甘肃农业大学,农村与区域发展,2009.06,2012.06
刘伟红,0000021913,专科,张掖师专,汉语言文学,1991.08,1993.08
刘伟红,0000021913,本科,中央党校,经管,1996.08,1998.12
刘伟红,0000021913,培训,甘肃省委党校,,2002.09,2002.12
刘伟红,0000021913,研究生,甘肃省委党校,专门史,2001.09,2004.06
王锦,0000021914,,平凉农校,植保,1983.09,1986.07
王晋婷,0000021915,本科,西北师范学院,数学,1984.09,1988.07
王晋婷,0000021915,研究生,北京师范大学,区域经济学,2002.10,2004.10
图门吉尔格勒,0000021916,本科,西北民族大学,,1989.09,1992.06
哈里别克,0000021918,本科,甘肃省西北民族学院,历史学,1991.09,1996.07
哈里别克,0000021918,培训,甘肃省行政学院,,2007.03,2007.06
哈里别克,0000021918,培训,中央民族干部学院,,2007.09,2007.10
张小强,0000021920,专科,宁县师范,,1984.08,1988.06
张小强,0000021920,本科,甘肃省委党校,行政管理,2000.08,2003.12
杨永贵,0000021921,专科,甘肃省林业学校,林业,1984.09,1986.07
杨永贵,0000021921,本科,兰州大学,法律,1991.10,1999.12
杨永贵,0000021921,本科,中央党校,法律本科,2000.08,2002.12
杨永贵,0000021921,研究生,甘肃省委党校,经济社会发展与党的领导,2004.09,2007.06
马志祥,0000021922,大专,兰州商学院,财会,1997.09,2000.06
马志祥,0000021922,本科,省委党校,经济管理,2000.09,2002.12
马志祥,0000021922,研究生,省委党校,政治经济,2002.09,2005.12
张自贤,0000021923,,临夏州民族学校,文秘教育,1985.09,1987.07
张自贤,0000021923,研究生,中共甘肃省委党校,哲学,2001.04,2004.04
严和平,0000021925,本科,中央党校,经济管理,1995.09,1998.07
严和平,0000021925,学习,甘肃省委党校,人口资源与环境经济学,2005.09,2008.06
李志坚,0000021926,本科,中南工业大学,,1986.09,1990.07
李志坚,0000021926,博士,中南大学,管理科学与工程,2003.09,2012.01
李志坚,0000021926,培训,湖南中青年干部赴美培训班加州大学,,2005.01,2005.07
靳力,0000021932,本科,清华大学,计算机科学与技术,1999.09,2003.07
靳力,0000021932,研究生,清华大学,计算机科学与技术,2003.09,2008.07
韩华,0000021938,学习,青海省委党校,,1993.09,1995.07
桑本,0000021941,本科,西南民族大学,汉语言文学,1997.09,2001.07
桑本,0000021941,研究生,青海民族大学,中国少数民族经济,2008.09,2011.06
刘泽军,0000021942,,青海省建工建材学校,工民建,1983.09,1987.09
刘泽军,0000021942,,西北建筑工程学院,工民建,1987.09,1991.07
刘泽军,0000021942,研究生,中国人民大学,统计学,2001.09,2003.09
刘正伟,0000021943,专科,青海省海南州民族师范学校,,1985.09,1988.07
利加,0000021945,专科,青海省人民警察学校,公安管理,1984.09,1987.07
利加,0000021945,大专,青海省委党校,法律,2000.09,2002.06
利加,0000021945,本科,青海省委党校,法律,2002.09,2004.12
罗保卫,0000021950,研究生,青海省委党校,社会学,2004.09,2006.12
罗保卫,0000021950,学习,青海省委党校,,2010.09,2010.12
焦胜章,0000021952,本科,西北林学院,林学,1985.09,1989.07
马自忠,0000021961,大专,宁夏农学院,生理学,1987.09,1990.07
谭兴玲,0000021966,本科,宁夏大学,,1984.00,1988.00
丁炜,0000021967,,宁夏农学院,农学,1989.09,
张国彦,0000021968,大专,银川市委党校,经济管理,1996.09,1999.07
张国彦,0000021968,本科,中央党校,行政管理,1999.08,2001.12
张立君,0000021971,,固原农校,,1984.09,1987.08
张立君,0000021971,,宁夏大学,经济信息自动化管理,1993.09,1995.09
张立君,0000021971,本科,中央党校,行政管理,1998.08,2000.12
张立君,0000021971,研究生,宁夏党校,公共管理,2009.09,2012.07
童刚,0000021972,本科,上海复旦大学,,1978.00,1982.00
童刚,0000021972,培训,中央党校,,2001.00,2002.00
童刚,0000021972,研究生,中央党校,经济管理,2001.00,2004.00
乔泉,0000021977,大专,西安陆军学院,人武,1991.09,1994.07
乔泉,0000021977,学习,乌鲁木齐市委党校,,1993.03,1993.07
乔泉,0000021977,函授,中央党校,党政管理,1996.08,1998.12
乔泉,0000021977,研究生,大连理工大学,管理科学与工程,1997.09,1999.08
郝建民,0000021980,,新疆建筑工程学校,工民建,,
冯述江,0000021984,本科,西安交通大学,管理工程,,
冯述江,0000021984,研究生,新疆大学,政治经济学,,1999.07
张峰,0000021991,本科,西北大学,地质学,1987.09,1991.07
张峰,0000021991,培训,中国石油天然气集团公司党校,,2006.04,2006.07
张峰,0000021991,学习,西南石油大学,油气田开发工程,2009.09,2013.01
张峰,0000021991,进修,中国石油天然气集团公司党校,,2011.09,2011.12
阿曼·买买提,0000022001,,西北民族大学,,1994.09,1996.07
阿曼·买买提,0000022001,,兰州大学,放射化学,1996.07,2000.07
阿克然木·玉努斯,0000022002,专科,新疆交通学校,财会,1982.09,1984.07
阿克然木·玉努斯,0000022002,专修,兰州大学,,1988.09,1990.06
阿克然木·玉努斯,0000022002,培训,大连理工大学,,1996.09,1997.06
阿克然木·玉努斯,0000022002,培训,,,1999.04,1999.05
阿克然木·玉努斯,0000022002,函授,自治区党校,经济管理,2000.09,2002.12
阿克然木·玉努斯,0000022002,学习,广东省委党校,,2002.09,2002.12
阿克然木·玉努斯,0000022002,培训,自治区党校,,2005.11,2006.01
阿克然木·玉努斯,0000022002,学习,自治区党校,,2011.03,2011.06
赵强,0000022004,本科,北京电影学院,,1998.00,2002.00
张辉,0000022005,,山东经济学院,货币银行学,1998.09,2002.07
马旭东,0000022006,,新疆昌吉州财贸学校,计划,1990.09,1992.07
马旭东,0000022006,学习,杭州商学院,企业管理,1994.09,1996.01
马旭东,0000022006,本科,中央党校,党政管理,1996.08,1998.12
马旭东,0000022006,学习,西北农林科技大学,农业经济管理,1998.09,2000.07
马旭东,0000022006,学习,大连理工大学,企业管理,2003.03,2003.06
马旭东,0000022006,研修,浙江大学,,2003.10,2006.04
吴峻,0000022007,,喀什师范学院,历史,1992.09,1995.07
吴峻,0000022007,研究生,新疆农业大学,农业经济管理,2001.09,2003.07
吾尔肯,0000022008,专科,昌吉师范专科学校,,1989.09,1992.08
吾尔肯,0000022008,,新疆大学,汉语言,1997.07,1999.10
吾尔肯,0000022008,学习,大连理工大学,,2004.09,2005.01
阿西克特,0000022009,,博州党委党校,,1997.03,1997.05
阿西克特,0000022009,培训,博州党委党校,,2003.03,2003.05
狄永江,0000022010,函授,自治区党委党校,政治管理,1991.09,1994.08
狄永江,0000022010,培训,博州党委党校,,1999.04,1999.05
狄永江,0000022010,函授,中央党校,经济管理,1998.08,2000.12
狄永江,0000022010,培训,湖北省委党校,,2006.03,2006.05
狄永江,0000022010,,新疆农机学校,财会,1986.09,
狄永江,0000022010,,自治区党委党校,政治管理,1991.09,1994.08
狄永江,0000022010,学习,博州党委党校,,1999.04,1999.05
狄永江,0000022010,本科,中央党校,经济管理,1998.08,2000.12
狄永江,0000022010,学习,湖北省委党校,,2006.03,2006.05
阿力木·肉孜,0000022011,研究生,中央党校,经济管理,2003.09,2006.07
阿力木·肉孜,0000022011,本科,新疆师范大学,思想政治,1990.09,1994.09
阿力木·肉孜,0000022011,学习,中央党校,,2013.09,2014.01
黄希别克·努尔旦,0000022012,专科,新疆石河子师范学校,汉语言翻译,1996.08,
黄希别克·努尔旦,0000022012,培训,湖北省委党校,,2012.09,2012.12
黄希别克·努尔旦,0000022012,,新疆石河子师范学校,汉语言翻译,1996.08,
黄希别克·努尔旦,0000022012,,新疆高等教育自学考试,汉语言翻译,,2004.12
黄希别克·努尔旦,0000022012,,自治区党委组织部组织处跟班,学习,2005.11,2006.01
黄希别克·努尔旦,0000022012,,新疆高等教育自学考试,汉语言翻译,,2005.12
黄希别克·努尔旦,0000022012,培训,湖北省委党校,,2012.09,2012.12
黄希别克·努尔旦,0000022012,,新疆高等教育自学考试,法律,,2015.12
苏卡,0000022015,研究生,自治区党委党校,经济管理,,2013.07
陈升,0000022016,,新疆大学,政治理论,1985.09,
陈升,0000022016,学习,巴州党校,,1994.10,1994.12
陈升,0000022016,,中央党校,党政管理,1998.03,2000.12
陈升,0000022016,培训,自治区党校,,1999.03,1999.06
陈升,0000022016,培训,自治区党校,,2003.03,2003.06
陈升,0000022016,研究生,自治区党校,经济管理,2003.09,2006.07
陈升,0000022016,培训,自治区党校,,2004.10,2004.12
艾山江?阿不都拉,0000022021,本科,北方民族大学,汉语言文学,,1997.07
艾尔肯·阿不力提甫,0000022023,研修,北京工商大学,产业经济,,2003.03
徐卫东,0000022024,研究生,自治区党校,经济管理,,2010.07
徐卫东,0000022024,,阿克苏地委党校,行政管理,1994.10,
吾拉木江·热依木,0000022029,培训,国家检察官学院,,2001.10,2001.12
吾拉木江·热依木,0000022029,培训,阿克苏地委党校,,2004.09,2004.11
吾拉木江·热依木,0000022029,培训,新疆自治区党委党校,,2012.09,2013.01
阿不都卡德尔·毛尼亚孜,0000022032,本科,新疆八一农学院,农田水利,1984.09,1989.07
艾合买提·买买提,0000022035,本科,新疆八一农学院,农机制造,1984.09,1989.09
吾布力喀斯木·买吐送,0000022036,大专,乌鲁木齐职业大学,市场营销,1994.09,1997.07
吾布力喀斯木·买吐送,0000022036,本科,新疆大学,行政管理,2003.09,2006.06
吾布力喀斯木·买吐送,0000022036,培训,西北民族大学,,2008.04,2008.07
木特来甫·阿不都热合曼,0000022038,,新疆大学,汉语,,2000.12
哈力别提?买买提吐尔干,0000022040,本科,新疆工学院,工业电气自动化,,1990.07
努尔夏提·铁来西,0000022041,,西北民族学院,汉语言翻译,1994.09,1996.07
努尔夏提·铁来西,0000022041,,,自治区高等教育自学考试汉语言翻译,1997.09,1999.12
努尔夏提·铁来西,0000022041,培训,自治区党校,,2006.05,2006.07
努尔夏提·铁来西,0000022041,研修,清华大学,,2007.03,2007.06
努尔夏提·铁来西,0000022041,,自治区党委党校,,2010.09,2010.12
王宏旭,0000022042,进修,新疆教育学院,,1993.09,1995.07
葛标,0000022046,,新疆自治区高等教育自学考试,中文,1988.07,1991.07
葛标,0000022046,,中央党校,行政与法律,1995.07,1997.12
葛标,0000022046,研究生,中央党校,经济管理,2003.09,2006.07
葛标,0000022046,,新疆自治区高等教育自学考试,中文,1988.07,1991.07
葛标,0000022046,,中央党校,行政与法律,1995.07,1997.12
葛标,0000022046,研究生,中央党校,经济管理,2003.09,2006.07
李新军,0000022053,,新疆伊犁州财贸学校,工商企业财务会计,1982.02,1984.01
李新军,0000022053,学习,新疆伊犁地委党校,,1994.11,1994.12
李新军,0000022053,研究生,新疆农业大学,农业经济管理,1999.03,2000.12
王沛昭,0000022058,本科,中央党校,经济管理,,1996.12
侯得录,0000022061,本科,中央党校,经济管理,,1999.07
努尔波拉提·木哈米亚,0000022065,,自治区高等教育自学考试,汉语言翻译,,1995.07
徐亚民,0000022066,本科,中央党校,行政管理,,2002.12
巴哈提努尔·博拉提拜,0000022068,,新疆大学,城乡规划与房产管理,,2004.07
木拉提·巴依霍加,0000022071,本科,中央党校,党政管理,,2000.12
木合塔尔·卡里木别克,0000022077,,伊犁教育学院,汉语言,,1996.07
张治军,0000022081,本科,中央党校,法律,,
张军剑,0000022083,,自治区党校,经济管理,1996.09,1998.07
张军剑,0000022083,,自治区党校,经济学,1998.09,2000.07
张军剑,0000022083,学习,自治区党校,经济管理,1996.09,1998.07
张军剑,0000022083,学习,自治区党校,经济学,1998.09,2000.07
简庭卫,0000022086,专科,新疆供销学校,财会,1985.07,1987.08
盛焉江,0000022090,本科,石河子农学院,农业机械化,1982.09,1986.07
盛焉江,0000022090,培训,新疆生产建设兵团党委党校,,2001.03,2001.08
盛焉江,0000022090,研究生,新加坡国立大学,公共行政与管理,2010.03,2012.12
姚新民,0000022091,学习,新疆生产建设兵团党委,,1986.09,1988.07
姚新民,0000022091,本科,中央党校,经济管理,1998.08,2000.12
姚新民,0000022091,研修,石河子大学,农经管理,1999.02,2001.02
姚新民,0000022091,培训,中央党校,,2007.09,2008.01
杨秀理,0000022092,研究生,石河子大学,农业技术推广,2002.09,2004.07
杨秀理,0000022092,培训,兵团党委党校,,2008.09,2009.01
庄建武,0000022093,进修,国家行政学院,,2001.03,2001.06
庄建武,0000022093,研究生,中央党校,经济管理,1999.09,2002.08
庄建武,0000022093,培训,中央党校,,2009.03,2010.01
姚小钦,0000022094,培训,上海市委党校,,1996.09,1996.10
姚小钦,0000022094,学习,中央党校,经济管理,1997.08,1999.12
姚小钦,0000022094,学习,兵团党委党校,,2001.09,2002.01
姚小钦,0000022094,,中华全国律师函授中心,法律,1985.07,1987.09
姚小钦,0000022094,培训,上海市委党校,,1996.09,1996.10
姚小钦,0000022094,,中央党校,经济管理,1997.08,1999.12
姚小钦,0000022094,学习,兵团党委党校,,2001.09,2002.01
鲁旭平,0000022095,专科,阿勒泰地区师范学校,理科,1981.09,1983.08
齐新平,0000022096,中专,农二师党委党校,党政管理,1987.09,1989.08
齐新平,0000022096,大专,乌鲁木齐市委党校,经济管理,1994.12,1995.12
齐新平,0000022096,本科,中央党校,领导干部函授本科班经济管理,1997.08,1999.12
齐新平,0000022096,研究生,华中科技大学,研究生进修班企业管理,2001.09,2004.06
齐新平,0000022096,,兵团党委党校,,2002.09,2003.01
齐新平,0000022096,进修,兵团党校,,2008.03,2008.05
齐新平,0000022096,进修,中央党校,,2012.03,2012.04
冯杰,0000022097,本科,天津大学,染料中间体,1978.10,1982.09
冯杰,0000022097,研究生,兰州大学,工商管理,2000.07,2002.10
徐生才,0000022098,大专,新疆自学考试,政治理论,1986.09,1988.07
徐生才,0000022098,培训,农业部华南农垦干部培训中心,,1991.09,1991.11
徐生才,0000022098,本科,中央党校,领导干部函授本科班经济管理,1996.08,1998.08
徐生才,0000022098,培训,兵团党校,,2010.09,2011.01
陈芳,0000022099,,巴州财贸学校,企业财务,1979.09,1982.08
陈芳,0000022099,,兵团党委党校,经济管理,1993.09,1996.07
陈芳,0000022099,本科,中央党校,党政,1997.08,1999.12
陈芳,0000022099,培训,兵团党委党校,,2001.03,2001.06
陈芳,0000022099,研究生,兵团党委党校,政治学,1999.08,2002.07
丁憬,0000022100,专科,江苏省广播电视大学,镇江分校档案,1985.09,1988.11
丁憬,0000022100,本科,中央党校,行政管理,1998.08,2000.12
丁憬,0000022100,研究生,中央党校,经济学,1999.09,2002.07
付爱琴,0000022101,,新疆生产建设兵团兵团电大,中文,1985.09,1988.07
付爱琴,0000022101,培训,中央党校,,2009.03,2010.01
吴彬,0000022102,研究生,中国科学院,新疆理化技术研究所有机化学,2004.09,2006.07
吴彬,0000022102,博士,北京理工大学,材料学,2006.09,2010.07
吴彬,0000022102,博士后,天业（集团）公司、浙江大学,,2012.05,2014.09
