province,province_cn,year,hydro_monthly_observations,hydro_monthly_mean_100m_kwh,hydro_monthly_sd_100m_kwh,hydro_monthly_cv,nuclear_monthly_observations,nuclear_monthly_mean_100m_kwh,nuclear_monthly_sd_100m_kwh,nuclear_monthly_cv,solar_monthly_observations,solar_monthly_mean_100m_kwh,solar_monthly_sd_100m_kwh,solar_monthly_cv,thermal_monthly_observations,thermal_monthly_mean_100m_kwh,thermal_monthly_sd_100m_kwh,thermal_monthly_cv,wind_monthly_observations,wind_monthly_mean_100m_kwh,wind_monthly_sd_100m_kwh,wind_monthly_cv,windsolar_monthly_observations,windsolar_monthly_mean_100m_kwh,windsolar_monthly_sd_100m_kwh,windsolar_monthly_cv,observed_source_monthly_observations,observed_source_monthly_mean_100m_kwh,observed_source_monthly_sd_100m_kwh,observed_source_monthly_cv,therm_month_n,therm_month_cv,windsolar_month_n,windsolar_month_cv,allsrc_month_n,allsrc_month_cv
Anhui,安徽,2000,12,0.38166666666666665,0.26294947089207893,0.6889505787565388,0,,,,0,,,,12,29.239166666666666,3.7056969859279048,0.1267374350361526,0,,,,0,,,,12,29.620833333333337,3.7563750861540433,0.1268153074520988,12,0.1267374350361526,0,,12,0.1268153074520988
Anhui,安徽,2001,12,0.5225,0.2849601248021778,0.5453782292864647,0,,,,0,,,,12,31.768333333333334,3.9448812249278085,0.12417652457671083,0,,,,0,,,,12,32.29083333333333,4.061136111379618,0.12576746067396685,12,0.12417652457671083,0,,12,0.12576746067396685
Anhui,安徽,2002,12,0.8758333333333334,0.6027883441796034,0.6882454928787098,0,,,,0,,,,12,37.92916666666667,6.166739905379992,0.16258569452830915,0,,,,0,,,,12,38.805,6.268428105122597,0.16153660881645657,12,0.16258569452830915,0,,12,0.16153660881645657
Anhui,安徽,2003,11,1.0472727272727271,0.6649524931766314,0.6349372764707418,0,,,,0,,,,12,44.69416666666667,5.3717941108811145,0.12019004965333539,0,,,,0,,,,12,45.65416666666667,5.373513254563512,0.11770039071782812,12,0.12019004965333539,0,,12,0.11770039071782812
Anhui,安徽,2004,12,0.7291666666666666,0.47525033275935613,0.651771884927117,0,,,,0,,,,12,49.8425,3.96690886069883,0.07958888219288418,0,,,,0,,,,12,50.57166666666666,4.080371715093284,0.08068493652756717,12,0.07958888219288418,0,,12,0.08068493652756717
Anhui,安徽,2005,12,0.9058333333333333,0.28046903356320596,0.30962542803665793,0,,,,0,,,,12,52.905,5.8026819817924045,0.10968116400703912,0,,,,0,,,,12,53.81083333333333,5.922561574695586,0.1100626250853252,12,0.10968116400703912,0,,12,0.1100626250853252
Anhui,安徽,2006,12,1.0224999999999997,0.31626010583925146,0.309300837006603,0,,,,0,,,,12,59.70416666666667,8.62658729355551,0.14448886526996454,0,,,,0,,,,12,60.72666666666667,8.616305191409783,0.14188668116274755,12,0.14448886526996454,0,,12,0.14188668116274755
Anhui,安徽,2007,12,1.2216666666666667,0.6542564597705666,0.5355441689799999,0,,,,0,,,,12,69.41416666666667,11.114944451121433,0.16012501460251533,0,,,,0,,,,12,70.63583333333334,11.469981737588167,0.16238191292315987,12,0.16012501460251533,0,,12,0.16238191292315987
Anhui,安徽,2008,12,1.2416666666666667,0.6823733093647006,0.5495623968037857,0,,,,0,,,,12,89.1275,7.826639967560671,0.08781397399860505,0,,,,0,,,,12,90.36916666666667,8.308553597274784,0.09194013736921461,12,0.08781397399860505,0,,12,0.09194013736921461
Anhui,安徽,2009,12,1.3658341666666667,0.5328734250841178,0.39014503963142266,0,,,,0,,,,12,108.35372633333333,14.422233243374981,0.13310325109638807,0,,,,0,,,,12,109.71956049999999,14.664088817276689,0.13365063394759671,12,0.13310325109638807,0,,12,0.13365063394759671
Anhui,安徽,2010,12,1.5709959999999998,0.6230216373448179,0.39657748163892076,0,,,,0,,,,12,118.34834291666668,15.734581778853483,0.13295143295696812,0,,,,0,,,,12,119.91933891666667,15.971590761771632,0.1331861141501995,12,0.13295143295696812,0,,12,0.1331861141501995
Anhui,安徽,2011,12,1.490864,1.0910619771233725,0.7318319961601947,0,,,,0,,,,12,133.94544491666667,11.817275610548085,0.08822454259568237,0,,,,0,,,,12,135.43630891666666,12.20417973851739,0.09011010294164591,12,0.08822454259568237,0,,12,0.09011010294164591
Anhui,安徽,2012,12,1.6351280833333337,0.839566220521424,0.5134559360083304,0,,,,0,,,,12,137.4563359166667,24.079113942857,0.175176457180228,0,,,,0,,,,12,139.09146400000003,24.558609182269514,0.17656445964411957,12,0.175176457180228,0,,12,0.17656445964411957
Anhui,安徽,2013,10,2.2179900000000004,1.1587579369978684,0.5224360511083767,0,,,,0,,,,10,163.30401999999998,22.235066895024698,0.13615749872553473,10,0.52,0.3084008934992103,0.5930786413446352,10,0.52,0.3084008934992103,0.5930786413446352,10,166.04201,22.7443060410708,0.13697922616734645,10,0.13615749872553473,10,0.5930786413446352,10,0.13697922616734645
Anhui,安徽,2014,10,2.5149999999999997,0.9579752954365091,0.3809046900343973,0,,,,0,,,,10,161.01100000000002,16.297257063008427,0.10121828361421532,10,0.8400000000000001,0.4195235392680606,0.4994327848429292,10,0.8400000000000001,0.4195235392680606,0.4994327848429292,10,164.36600000000004,16.102075918616496,0.09796476107355835,10,0.10121828361421532,10,0.4994327848429292,10,0.09796476107355835
Anhui,安徽,2015,12,2.57595,0.7725141805112118,0.29989486617023303,0,,,,0,,,,12,162.89404166666665,16.765443794004494,0.10292238821301983,10,1.3199999999999998,0.5750362307426083,0.43563350813833973,10,1.3199999999999998,0.5750362307426083,0.43563350813833973,12,166.56999166666668,16.925840967986208,0.10161398700107721,12,0.10292238821301983,10,0.43563350813833973,12,0.10161398700107721
Anhui,安徽,2016,10,3.7699999999999996,1.4166078419159545,0.37575804825356884,0,,,,6,1.4155,1.060625044018856,0.7492935669507991,10,177.17000000000002,23.232498789411363,0.13113111017334403,10,2.1100000000000003,0.314289321768618,0.14895228519839715,10,2.9593,0.9946939238892636,0.3361247335144337,10,183.89929999999998,23.12469085443811,0.12574648655235834,10,0.13113111017334403,10,0.3361247335144337,10,0.12574648655235834
Anhui,安徽,2017,10,3.56,0.8758487946621328,0.24602494232082384,0,,,,10,2.8856,1.447689465627518,0.5016944363832541,10,194.89,31.439834958571648,0.16132092441157397,10,3.1899999999999995,0.47946729699624857,0.15030322789851056,10,6.0756,1.4320499331766015,0.2357051045454937,10,204.52559999999997,31.07352406989306,0.15192975387869814,10,0.16132092441157397,10,0.2357051045454937,10,0.15192975387869814
Anhui,安徽,2018,10,3.0500000000000003,0.49497474683058323,0.16228680223953548,0,,,,10,4.555249999999999,1.83599225080064,0.4030497230230263,10,208.54000000000002,27.4780801528944,0.13176407477171956,10,3.7300000000000004,0.5696977756280571,0.15273398810403674,10,8.285250000000001,2.179356630470971,0.2630405395698344,10,219.87525000000005,28.626240619219367,0.13019310094801193,10,0.13176407477171956,10,0.2630405395698344,10,0.13019310094801193
Anhui,安徽,2019,9,2.711111111111111,0.5754225500544026,0.21224602256105016,0,,,,10,5.50954,1.0771248593671323,0.19550177680298758,10,220.32,28.538192732624825,0.1295306496578832,10,3.69,0.5724217559340898,0.1551278471366097,10,9.199540000000002,0.7488576236137569,0.08140163786599729,10,231.95953999999998,29.273392928019437,0.126200426712432,10,0.1295306496578832,10,0.08140163786599729,10,0.126200426712432
Anhui,安徽,2020,10,3.6400000000000006,1.7933209417167912,0.4926705883837338,0,,,,10,6.000539999999999,0.9503103694173943,0.15837080819682803,10,216.68,33.10796480204323,0.15279658852705938,10,3.91,0.8949860334105774,0.22889668373672054,10,9.910540000000001,1.485308803807029,0.14987163200058007,10,230.23054000000002,33.66724571149565,0.14623275309824513,10,0.15279658852705938,10,0.14987163200058007,10,0.14623275309824513
Anhui,安徽,2021,10,4.61,0.9421606374003678,0.2043732402169995,0,,,,10,6.96363,0.5429985472663177,0.07797636394614844,10,225.67000000000002,22.14422673695746,0.09812658632940781,10,7.369999999999999,2.2400644831988408,0.30394362051544654,10,14.33363,2.3241807350118013,0.16214878820032338,10,244.61363,23.88237745656603,0.09763306098914451,10,0.09812658632940781,10,0.16214878820032338,10,0.09763306098914451
Anhui,安徽,2022,10,4.449999999999999,0.5681353516353104,0.12767086553602483,0,,,,10,8.766299999999998,1.8168583605284752,0.20725486927534714,10,239.11999999999998,43.18196125441475,0.18058699085988106,10,8.8,1.1699952516522836,0.13295400586957767,10,17.566300000000002,2.060866288185085,0.11731931529036194,10,261.1363,43.21602021462771,0.1654921978086835,10,0.18058699085988106,10,0.11731931529036194,10,0.1654921978086835
Anhui,安徽,2023,10,5.66,0.6552353266829662,0.11576595877790923,0,,,,10,9.55839,1.267998097133169,0.13265812517936276,10,257.52000000000004,34.78677270968889,0.1350837710068689,10,10.370000000000001,2.483299776059626,0.2394696023201182,10,19.92839,2.2238861523868034,0.11159386946897383,10,283.10839,34.83748983585387,0.1230535408571038,10,0.1350837710068689,10,0.11159386946897383,10,0.1230535408571038
Beijing,北京,2000,12,0.7200000000000001,0.15521246435421696,0.21557286715863463,0,,,,0,,,,12,11.385,2.0573305740471293,0.18070536443101706,0,,,,0,,,,12,12.104999999999999,2.0058210742282525,0.16570186486809194,12,0.18070536443101706,0,,12,0.16570186486809194
Beijing,北京,2001,12,0.12416666666666666,0.16188988026845078,1.3038111162559796,0,,,,0,,,,12,10.862499999999999,2.534701434811673,0.2333442057364026,0,,,,0,,,,12,10.986666666666666,2.614137554053945,0.2379372773714149,12,0.2333442057364026,0,,12,0.2379372773714149
Beijing,北京,2002,12,0.3416666666666666,0.297866148503388,0.8718033614733308,0,,,,0,,,,12,11.348333333333334,1.7670717088568941,0.15571200254283102,0,,,,0,,,,12,11.69,1.885109111864977,0.161258264488022,12,0.15571200254283102,0,,12,0.161258264488022
Beijing,北京,2003,11,0.5754545454545454,0.1478082295654498,0.25685474332068686,0,,,,0,,,,11,16.964545454545455,18.802805835106824,1.1083589528223303,0,,,,0,,,,11,17.54,18.83044396715064,1.0735714918557948,11,1.1083589528223303,0,,11,1.0735714918557948
Beijing,北京,2004,11,0.3981818181818182,0.39232176034011124,0.9852829597582702,0,,,,0,,,,12,12.0775,1.9450268752525117,0.16104548749762052,0,,,,0,,,,12,12.442500000000003,2.196526700373695,0.17653419331916373,12,0.16104548749762052,0,,12,0.17653419331916373
Beijing,北京,2005,12,0.38083333333333336,0.2329829620510062,0.6117714539632547,0,,,,0,,,,12,16.7375,1.747820070831091,0.10442539631552447,0,,,,0,,,,12,17.118333333333336,1.920770836424951,0.11220548163323633,12,0.10442539631552447,0,,12,0.11220548163323633
Beijing,北京,2006,12,0.36083333333333334,0.1705850005839975,0.47275288845449653,0,,,,0,,,,12,15.958333333333334,2.276867199119053,0.1426757513808284,0,,,,0,,,,12,16.319166666666668,2.383421750849866,0.1460504570811336,12,0.1426757513808284,0,,12,0.1460504570811336
Beijing,北京,2007,12,0.4025,0.06482493908421923,0.16105574927756328,0,,,,0,,,,12,18.586666666666666,1.730818688752041,0.09312152199168083,0,,,,0,,,,12,18.989166666666666,1.7670286221550435,0.0930545638559728,12,0.09312152199168083,0,,12,0.0930545638559728
Beijing,北京,2008,12,0.008333333333333333,0.007177405625652735,0.8612886750783282,0,,,,0,,,,12,20.223333333333333,4.290787877075791,0.2121701603960338,0,,,,0,,,,12,20.23166666666667,4.291411790019121,0.21211360688783856,12,0.2121701603960338,0,,12,0.21211360688783856
Beijing,北京,2009,12,0.019298916666666666,0.011538969076830937,0.5979076067394596,0,,,,0,,,,12,20.083933749999996,6.245987151669399,0.3109942120611407,0,,,,0,,,,12,20.103232666666663,6.245526628691043,0.3106727525989789,12,0.3109942120611407,0,,12,0.3106727525989789
Beijing,北京,2010,12,0.35289883333333333,0.3007162306511915,0.8521315522943304,0,,,,0,,,,12,21.816282666666666,6.245643699688407,0.286283588965007,0,,,,0,,,,12,22.169181499999997,6.306999400732713,0.2844940125882732,12,0.286283588965007,0,,12,0.2844940125882732
Beijing,北京,2011,12,0.3600350833333333,0.12489240630854173,0.34688954518610593,0,,,,0,,,,12,21.294439833333332,6.082907922961992,0.2856570997204674,0,,,,0,,,,12,21.65447491666667,6.1329715547790356,0.28321959218040005,12,0.2856570997204674,0,,12,0.28321959218040005
Beijing,北京,2012,12,0.35110483333333337,0.11140223319928506,0.31729051446444073,0,,,,0,,,,12,23.599016916666667,7.36037010388834,0.31189308138891675,0,,,,0,,,,12,23.950121749999997,7.431588712638815,0.3102944022670288,12,0.31189308138891675,0,,12,0.3102944022670288
Beijing,北京,2013,10,0.37278999999999995,0.16972807303972368,0.4552913786306599,0,,,,0,,,,10,26.19997,7.0571983745597615,0.26935902501261494,10,0.26,0.10749676997731394,0.41344911529736134,10,0.26,0.10749676997731394,0.41344911529736134,10,26.832759999999997,7.157530654135471,0.26674597224197105,10,0.26935902501261494,10,0.41344911529736134,10,0.26674597224197105
Beijing,北京,2014,10,0.5599999999999999,0.10974718422102887,0.1959771146804087,0,,,,0,,,,10,26.061,7.701788320470338,0.29552927057558565,10,0.22999999999999998,0.14944341180973258,0.6497539643901418,10,0.22999999999999998,0.14944341180973258,0.6497539643901418,10,26.851000000000006,7.75952955332273,0.288984751157228,10,0.29552927057558565,10,0.6497539643901418,10,0.288984751157228
Beijing,北京,2015,12,0.5437083333333333,0.19335198923834288,0.35561711561960524,0,,,,0,,,,12,33.9932,9.725459586149045,0.2861001490341905,10,0.2,0.09428090415820646,0.4714045207910323,10,0.2,0.09428090415820646,0.4714045207910323,12,34.703574999999994,9.8806600045585,0.28471591196464635,12,0.2861001490341905,10,0.4714045207910323,12,0.28471591196464635
Beijing,北京,2016,10,0.9800000000000001,0.2658320271650251,0.2712571705765562,0,,,,7,0.08312857142857144,0.11046359452003052,1.3288282550957442,10,32.87,10.870863197863669,0.33072294486959747,10,0.24,0.11737877907772669,0.48907824615719453,10,0.29818999999999996,0.15205736819444893,0.509934498790868,10,34.14819,10.77352569438931,0.31549331587967944,10,0.33072294486959747,10,0.509934498790868,10,0.31549331587967944
Beijing,北京,2017,10,0.9099999999999999,0.1370320319406298,0.15058465048420858,0,,,,10,0.08321,0.014216144968935062,0.17084659258424542,10,28.839999999999996,7.769198442853965,0.2693896824845342,10,0.27,0.1567021236472421,0.5803782357305263,10,0.35320999999999997,0.15309579027523912,0.4334412680140402,10,30.103210000000008,7.865574605618815,0.2612869061345555,10,0.2693896824845342,10,0.4334412680140402,10,0.2612869061345555
Beijing,北京,2018,10,0.7700000000000001,0.1159501808728408,0.1505846504842088,0,,,,10,0.07737,0.01127495257442601,0.14572770549859132,10,34.45,8.724072698255355,0.25323868500015545,10,0.25,0.1269295517643985,0.507718207057594,10,0.32737,0.121469758925147,0.37104731320874546,10,35.54737,8.812153010479966,0.2478988743887372,10,0.25323868500015545,10,0.37104731320874546,10,0.2478988743887372
Beijing,北京,2019,10,0.8300000000000001,0.13374935098492569,0.16114379636738033,0,,,,9,0.08844444444444445,0.03616120542484414,0.40885785028090105,10,33.13,7.760877670870876,0.234255287379139,9,0.1111111111111111,0.16914819275153697,1.5223337347638328,10,0.1796,0.1814268263883082,1.010171639133119,10,34.1396,7.712074956701192,0.225898222495319,10,0.234255287379139,10,1.010171639133119,10,0.225898222495319
Beijing,北京,2020,10,0.9,0.1414213562373095,0.15713484026367722,0,,,,10,0.10872,0.00942346951911969,0.08667650403899642,10,34.53,9.922034961527691,0.2873453507537704,10,0.0,0.0,,10,0.10872,0.00942346951911969,0.08667650403899642,10,35.53872,9.984888066005883,0.2809580104743751,10,0.2873453507537704,10,0.08667650403899642,10,0.2809580104743751
Beijing,北京,2021,10,1.0500000000000003,0.11785113019775804,0.1122391716169124,0,,,,10,0.1237,0.02356499286842432,0.1905011549589678,10,35.09,8.231167056445347,0.23457301386279128,10,0.01,0.03162277660168379,3.162277660168379,10,0.1337,0.028553614287667502,0.21356480394665295,10,36.273700000000005,8.296572771532436,0.22872143650999027,10,0.23457301386279128,10,0.21356480394665295,10,0.22872143650999027
Beijing,北京,2022,10,0.65,0.6433419688539594,0.9897568751599376,0,,,,10,0.15604,0.03317298767236848,0.2125928458880318,10,34.74,9.460702346490399,0.27232879523576276,10,0.01,0.03162277660168379,3.162277660168379,10,0.16604000000000002,0.030652213985652405,0.18460740776711876,10,35.556039999999996,9.761989460396324,0.27455221279974723,10,0.27232879523576276,10,0.18460740776711876,10,0.27455221279974723
Beijing,北京,2023,10,0.5800000000000001,0.24855135843076334,0.4285368248806264,0,,,,10,0.16785,0.035994883895724236,0.21444673158012653,10,35.370000000000005,9.678619047501906,0.27363921536618335,10,0.10999999999999999,0.07378647873726217,0.6707861703387471,10,0.27784999999999993,0.06177979263301048,0.2223494426237556,10,36.227850000000004,9.751349995912248,0.2691672289664511,10,0.27363921536618335,10,0.2223494426237556,10,0.2691672289664511
Chongqing,重庆,2000,12,3.185,1.2985201367150787,0.40769863005183005,0,,,,0,,,,12,10.806666666666667,1.5191046007035813,0.1405710611385177,0,,,,0,,,,12,13.991666666666667,1.5968482214738655,0.11412852089152106,12,0.1405710611385177,0,,12,0.11412852089152106
Chongqing,重庆,2001,11,4.338181818181818,4.995253383326652,1.1514624311943247,0,,,,0,,,,11,20.061818181818182,29.10211601178918,1.450622059677728,0,,,,0,,,,11,24.400000000000002,34.04197438457411,1.395162884613693,11,1.450622059677728,0,,11,1.395162884613693
Chongqing,重庆,2002,12,3.123333333333333,1.3693484405056124,0.43842532780329113,0,,,,0,,,,12,12.2725,2.6399832127565466,0.21511372684917876,0,,,,0,,,,12,15.395833333333336,1.83655536427863,0.11928911703027636,12,0.21511372684917876,0,,12,0.11928911703027636
Chongqing,重庆,2003,12,2.6616666666666666,1.3119301071553342,0.49289797388428336,0,,,,0,,,,12,13.058333333333332,3.241808791774159,0.2482559381065087,0,,,,0,,,,12,15.72,2.369173235156477,0.15071076559519572,12,0.2482559381065087,0,,12,0.15071076559519572
Chongqing,重庆,2004,12,4.113333333333333,3.2708584731710952,0.7951843938017249,0,,,,0,,,,12,14.124166666666667,5.432348325847057,0.38461372299347857,0,,,,0,,,,12,18.2375,6.0161904663393715,0.32988021748262486,12,0.38461372299347857,0,,12,0.32988021748262486
Chongqing,重庆,2005,12,4.369166666666667,1.7948940628821788,0.410809245748353,0,,,,0,,,,12,15.133333333333333,3.6059681169702618,0.23827983151785873,0,,,,0,,,,12,19.5025,3.2906206239718805,0.16872814377499706,12,0.23827983151785873,0,,12,0.16872814377499706
Chongqing,重庆,2006,12,3.4166666666666665,1.7326455511906078,0.5071157710801779,0,,,,0,,,,12,19.536666666666665,3.967111001342121,0.20305976802638395,0,,,,0,,,,12,22.953333333333333,3.802913556097682,0.16568023044282668,12,0.20305976802638395,0,,12,0.16568023044282668
Chongqing,重庆,2007,12,5.096666666666667,3.7735715740187605,0.7403999164196391,0,,,,0,,,,12,24.224166666666665,4.873746847481243,0.20119358137457402,0,,,,0,,,,12,29.320833333333336,5.928347091932478,0.20218890181381194,12,0.20119358137457402,0,,12,0.20218890181381194
Chongqing,重庆,2008,12,8.74,3.5247901291488906,0.40329406512001037,0,,,,0,,,,12,23.628333333333334,4.759369387817783,0.2014263689561028,0,,,,0,,,,12,32.36833333333333,4.077875635299555,0.12598349112711668,12,0.2014263689561028,0,,12,0.12598349112711668
Chongqing,重庆,2009,12,10.014170916666666,4.871851905495829,0.48649578143184735,0,,,,0,,,,12,25.603890583333335,4.213430985631767,0.16456213839526673,0,,,,0,,,,12,35.618061499999996,4.597568632112639,0.12907969829050467,12,0.16456213839526673,0,,12,0.12907969829050467
Chongqing,重庆,2010,12,10.1927965,5.3705078080884325,0.5268924782407294,0,,,,0,,,,12,27.759285916666666,5.088802777316295,0.1833189366827689,0,,,,0,,,,12,37.95208241666667,2.9127322992898304,0.07674762789856039,12,0.1833189366827689,0,,12,0.07674762789856039
Chongqing,重庆,2011,12,10.977496166666667,3.852828460838533,0.35097515884703334,0,,,,0,,,,12,32.78891408333333,3.6444547381786947,0.1111489916657892,0,,,,0,,,,12,43.76641025,4.841846942652598,0.1106292911617671,12,0.1111489916657892,0,,12,0.1106292911617671
Chongqing,重庆,2012,12,15.299895333333332,7.697909139323075,0.5031347582196799,0,,,,0,,,,12,28.2309135,7.126047305760483,0.25242000425386457,0,,,,0,,,,12,43.53080883333333,5.1180929254780265,0.11757403693264004,12,0.25242000425386457,0,,12,0.11757403693264004
Chongqing,重庆,2013,10,13.6818,6.693594380699603,0.4892334620225119,0,,,,0,,,,10,35.773129999999995,7.619722069304396,0.21300126853044163,10,0.09,0.05676462121975466,0.6307180135528295,10,0.09,0.05676462121975466,0.6307180135528295,10,49.54493,3.8357309522291687,0.07741924253862441,10,0.21300126853044163,10,0.6307180135528295,10,0.07741924253862441
Chongqing,重庆,2014,10,19.908,6.823972124470873,0.34277537293906335,0,,,,0,,,,10,34.397999999999996,9.29252124620175,0.2701471378045744,10,0.16999999999999998,0.06749485577105527,0.39702856335914866,10,0.16999999999999998,0.06749485577105527,0.39702856335914866,10,54.476,5.4285115619088185,0.09964959912454693,10,0.2701471378045744,10,0.39702856335914866,10,0.09964959912454693
Chongqing,重庆,2015,12,16.258408333333332,6.197562048603297,0.3811911917538031,0,,,,0,,,,12,36.663525,10.337806203192864,0.28196432839430646,10,0.19,0.08755950357709129,0.46083949251100675,10,0.19,0.08755950357709129,0.46083949251100675,12,53.08026666666667,9.953934166981727,0.1875260768656348,12,0.28196432839430646,10,0.46083949251100675,12,0.1875260768656348
Chongqing,重庆,2016,10,19.44,7.68869299686234,0.3955088990155524,0,,,,0,,,,10,36.45,7.943585812185558,0.21793102365392475,10,0.41999999999999993,0.07888106377466157,0.1878120566063371,10,0.41999999999999993,0.07888106377466157,0.1878120566063371,10,56.31,8.272773282145339,0.14691481587897956,10,0.21793102365392475,10,0.1878120566063371,10,0.14691481587897956
Chongqing,重庆,2017,10,20.009999999999998,6.624944444211504,0.3310816813698903,0,,,,0,,,,10,38.790000000000006,11.890748037398183,0.30654158384630525,10,0.52,0.225092573548455,0.4328703337470288,10,0.52,0.225092573548455,0.4328703337470288,10,59.32000000000001,11.634508059122128,0.1961312889265362,10,0.30654158384630525,10,0.4328703337470288,10,0.1961312889265362
Chongqing,重庆,2018,10,18.99,5.310670600048757,0.27965616640593777,0,,,,0,,,,10,42.74,10.773032174008502,0.25205971394498133,10,0.67,0.2002775851439974,0.2989217688716379,10,0.67,0.2002775851439974,0.2989217688716379,10,62.4,9.696391081221927,0.15539088271188986,10,0.25205971394498133,10,0.2989217688716379,10,0.15539088271188986
Chongqing,重庆,2019,10,17.94,6.215786354114817,0.3464763854021637,0,,,,0,,,,10,44.760000000000005,10.616674515957339,0.23719111965945794,10,0.75,0.15811388300841903,0.21081851067789203,10,0.75,0.15811388300841903,0.21081851067789203,10,63.45,9.340860060329932,0.14721607660094455,10,0.23719111965945794,10,0.21081851067789203,10,0.14721607660094455
Chongqing,重庆,2020,10,19.800000000000004,6.336490441175703,0.3200247697563485,0,,,,0,,,,10,44.86,15.059600112737247,0.3357021870873216,10,1.21,0.4677368680976279,0.38655939512200654,10,1.21,0.4677368680976279,0.38655939512200654,10,65.87,11.573441819768036,0.1757012573215126,10,0.3357021870873216,10,0.38655939512200654,10,0.1757012573215126
Chongqing,重庆,2021,10,20.92,7.821167858233617,0.37386079628267765,0,,,,0,,,,10,54.589999999999996,8.794625884279792,0.16110324023227318,10,1.8599999999999999,0.6883151732874829,0.3700619211223027,10,1.8599999999999999,0.6883151732874829,0.3700619211223027,10,77.36999999999999,7.491335736109478,0.09682481240932504,10,0.16110324023227318,10,0.3700619211223027,10,0.09682481240932504
Chongqing,重庆,2022,10,14.810000000000002,8.510966781485847,0.5746770277843245,0,,,,0,,,,10,62.379999999999995,17.545673730770975,0.2812708196660945,10,2.62,0.8534895690308372,0.3257593774926859,10,2.62,0.8534895690308372,0.3257593774926859,10,79.81,15.650378057201475,0.19609545241450288,10,0.2812708196660945,10,0.3257593774926859,10,0.19609545241450288
Chongqing,重庆,2023,10,15.530000000000001,5.061631269769768,0.3259260315370101,0,,,,0,,,,10,69.53999999999999,11.16215829388645,0.16051421187642292,10,3.3900000000000006,0.5445691467165168,0.16063986628805801,10,3.3900000000000006,0.5445691467165168,0.16063986628805801,10,88.46000000000001,10.197407077836566,0.11527704135017595,10,0.16051421187642292,10,0.16063986628805801,10,0.11527704135017595
Fujian,福建,2000,11,17.922727272727272,8.922131013282753,0.4978110126609703,11,0.0,0.0,,0,,,,12,17.370833333333334,3.327828826272421,0.19157565802479756,0,,,,0,,,,12,33.800000000000004,11.785653836917001,0.34868798334073964,12,0.19157565802479756,0,,12,0.34868798334073964
Fujian,福建,2001,12,19.530000000000005,8.248078564126311,0.42232865151696414,9,0.0,0.0,,0,,,,12,17.641666666666666,5.87701506384032,0.3331326441477744,0,,,,0,,,,12,37.17166666666667,7.552031434513414,0.20316633908927267,12,0.3331326441477744,0,,12,0.20316633908927267
Fujian,福建,2002,12,18.695833333333333,5.073568689041694,0.2713743002830413,0,,,,0,,,,12,25.708333333333332,3.6865500830927953,0.1433990307848089,0,,,,0,,,,12,44.40416666666667,6.371247142554992,0.14348309225984782,12,0.1433990307848089,0,,12,0.14348309225984782
Fujian,福建,2003,12,15.749166666666667,7.60428761630668,0.48283745910196385,0,,,,0,,,,12,35.12166666666666,8.7471105185794,0.24905169226724436,0,,,,0,,,,12,50.87083333333334,5.941466697302231,0.11679515172025026,12,0.24905169226724436,0,,12,0.11679515172025026
Fujian,福建,2004,11,14.525454545454545,6.239835516480165,0.4295793633826625,0,,,,0,,,,12,42.07333333333333,10.56349746948796,0.2510734622758983,0,,,,0,,,,12,55.38833333333333,15.457027724003272,0.2790664891644439,12,0.2510734622758983,0,,12,0.2790664891644439
Fujian,福建,2005,12,24.25,11.45657730896814,0.4724361776894078,1,0.0,,,0,,,,12,40.57333333333333,8.094475482286262,0.19950235332614843,0,,,,0,,,,12,64.82333333333334,8.80315473755479,0.13580225336897397,12,0.19950235332614843,0,,12,0.13580225336897397
Fujian,福建,2006,12,28.901666666666667,14.07705278641503,0.4870671629000068,0,,,,0,,,,12,46.31666666666666,12.018222779923772,0.2594794410922729,0,,,,0,,,,12,75.21833333333332,9.798447774411962,0.130266749344069,12,0.2594794410922729,0,,12,0.130266749344069
Fujian,福建,2007,12,25.965833333333332,9.982424972587243,0.3844446216856989,0,,,,0,,,,12,60.3025,11.612780674756587,0.192575443385541,0,,,,0,,,,12,86.26833333333332,11.37737774016598,0.13188359274549544,12,0.192575443385541,0,,12,0.13188359274549544
Fujian,福建,2008,12,27.633333333333336,11.284945187230102,0.40838161111809773,0,,,,0,,,,12,62.14666666666667,29.271127050181693,0.47100075708294936,0,,,,0,,,,12,89.78000000000002,28.977859259661102,0.32276519558544325,12,0.47100075708294936,0,,12,0.32276519558544325
Fujian,福建,2009,12,22.993333333333336,9.393617467266333,0.40853656714698455,0,,,,0,,,,12,73.52499999999999,12.158433612364528,0.16536461900529792,0,,,,0,,,,12,96.51833333333333,15.880436471581572,0.16453285011394975,12,0.16536461900529792,0,,12,0.16453285011394975
Fujian,福建,2010,12,37.8075,15.915275285140945,0.42095550578961705,0,,,,0,,,,12,74.2025,21.37546821203307,0.2880693805738765,0,,,,0,,,,12,112.00999999999999,15.675789904934188,0.139949914337418,12,0.2880693805738765,0,,12,0.139949914337418
Fujian,福建,2011,12,23.768333333333334,7.375157610930129,0.31029342728827414,0,,,,0,,,,12,105.97833333333334,16.634676952041726,0.15696299827362567,0,,,,0,,,,12,129.74666666666667,14.992013115433615,0.11554834895257642,12,0.15696299827362567,0,,12,0.11554834895257642
Fujian,福建,2012,11,46.43794627272727,31.986214486125103,0.6887947692232552,0,,,,0,,,,12,93.19083333333333,27.534897037850588,0.2954678701000698,0,,,,0,,,,12,135.75895075,54.606283707294246,0.40222971233662286,12,0.2954678701000698,0,,12,0.40222971233662286
Fujian,福建,2013,10,23.275249999999996,7.666514713168057,0.3293848492784421,7,7.978571428571429,0.5367938329075869,0.06727944190426335,0,,,,10,108.52934999999998,17.512900698960937,0.16136557252909872,10,2.63,0.9922477289243627,0.3772805052944345,10,2.63,0.9922477289243627,0.3772805052944345,10,140.01959999999997,16.463298759496652,0.11757853014504152,10,0.16136557252909872,10,0.3772805052944345,10,0.11757853014504152
Fujian,福建,2014,10,28.049,9.826960025019602,0.3503497459809477,10,13.395,8.422046795299952,0.6287455614259017,0,,,,10,106.01400000000001,11.475466778208968,0.10824482406294421,10,2.92,1.0891382934330336,0.3729925662441896,10,2.92,1.0891382934330336,0.3729925662441896,10,150.37800000000001,11.780014902839097,0.07833602590032515,10,0.10824482406294421,10,0.3729925662441896,10,0.07833602590032515
Fujian,福建,2015,12,27.54404166666667,8.503561745469668,0.30872599774493276,10,24.914210000000004,4.72897332396555,0.1898102859358394,0,,,,12,90.10521666666666,14.526734355777728,0.16121968175846713,10,3.7600000000000002,1.0751744044572493,0.28595063948331095,10,3.7600000000000002,1.0751744044572493,0.28595063948331095,12,141.54443333333333,22.81319107208623,0.16117335408282557,12,0.16121968175846713,10,0.28595063948331095,12,0.16117335408282557
Fujian,福建,2016,10,38.02,8.730762980531667,0.2296360594563826,10,36.36,8.632522484444769,0.23741811013324446,6,0.27948333333333336,0.09322880277396386,0.33357553619403846,10,78.95,13.326102205821487,0.16879166821813155,10,4.199999999999999,1.6586473739499636,0.3949160414166581,10,4.36769,1.7539277917798606,0.40156874498415884,10,157.69769000000002,15.228599885628228,0.09656831298941808,10,0.16879166821813155,10,0.40156874498415884,10,0.09656831298941808
Fujian,福建,2017,10,27.459999999999997,9.791288645185238,0.35656550055299485,10,48.370000000000005,7.040525548565253,0.14555562432427646,9,0.08585555555555555,0.09103466525328567,1.0603235243685403,10,97.97999999999999,21.267335412682886,0.2170579241955796,10,4.65,2.4144242469881805,0.5192310208576731,10,4.72727,2.40837664415496,0.5094645840315786,10,178.53726999999998,21.926309890025834,0.1228108276217388,10,0.2170579241955796,10,0.5094645840315786,10,0.1228108276217388
Fujian,福建,2018,10,22.369999999999997,4.486783059411525,0.20057143761338964,10,55.82000000000001,5.350140185079256,0.09584629496738185,10,0.28670999999999996,0.1538428451374974,0.5365799767622247,10,117.89000000000001,17.563184348074394,0.14897942444714896,10,5.17,2.2096002655080693,0.42738883278686063,10,5.456709999999999,2.1389430045131057,0.39198399851066046,10,201.53671,17.082229878473147,0.08475989252019221,10,0.14897942444714896,10,0.39198399851066046,10,0.08475989252019221
Fujian,福建,2019,10,26.660000000000004,12.53547853981739,0.47019799474183754,10,53.510000000000005,7.191885859927307,0.1344026510918951,10,0.29552999999999996,0.06581384606094175,0.22269768233662152,10,121.23000000000002,19.5845205313902,0.1615484659852363,10,6.480000000000001,1.5746604572273855,0.24300315697953476,10,6.775530000000001,1.5755730936533687,0.2325387229712463,10,208.17553000000004,19.25144639634182,0.09247698995334282,10,0.1615484659852363,10,0.2325387229712463,10,0.09247698995334282
Fujian,福建,2020,10,18.23,7.116030416523591,0.3903472526891712,10,57.55,5.583557209441954,0.09702097670620251,10,0.28866,0.052355243820992256,0.1813733936845848,10,138.40000000000003,28.528114787579867,0.2061279970200857,10,9.67,4.883088731075399,0.5049729814969389,10,9.958659999999998,4.86081069648995,0.48809887037914246,10,224.13866000000002,29.799122861147744,0.13294950037243794,10,0.2061279970200857,10,0.48809887037914246,10,0.13294950037243794
Fujian,福建,2021,10,16.199999999999996,8.089636717567869,0.49936029120789327,10,66.72999999999999,3.235239987663621,0.04848254140062373,10,0.33140000000000003,0.050776503752556,0.15321817668242604,10,148.25,23.78240479383398,0.1604209429600943,10,11.250000000000002,3.9573419811226263,0.3517637316553445,10,11.581400000000002,3.935800981305387,0.33983810086046473,10,242.76140000000004,26.0842816106218,0.10744822533822015,10,0.1604209429600943,10,0.33983810086046473,10,0.10744822533822015
Fujian,福建,2022,10,21.35,11.08244357330799,0.5190840081174701,10,72.31,7.451987057900141,0.10305610645692354,10,0.31554,0.07939664420560298,0.2516214876263009,10,137.69,34.39972383610078,0.24983458374682826,10,17.36,7.192465193211264,0.41431251112968115,10,17.67554,7.164728470035228,0.4053470768098303,10,249.02554000000003,31.75707719276304,0.12752538230722454,10,0.24983458374682826,10,0.4053470768098303,10,0.12752538230722454
Fujian,福建,2023,10,19.57,6.139498712797689,0.31371991378628966,10,71.83000000000001,4.01083255419342,0.055837847058240554,10,0.45154999999999995,0.08783556923150343,0.19452014003211923,10,159.03,25.0809378701125,0.15771199063140603,10,16.43,5.387444250807195,0.3279028758860131,10,16.881549999999997,5.359816184503589,0.3174955015684928,10,267.31155,25.272409276576248,0.09454290050907357,10,0.15771199063140603,10,0.3174955015684928,10,0.09454290050907357
Gansu,甘肃,2000,12,8.545,3.6724589235898253,0.4297786920526419,0,,,,0,,,,11,13.73272727272727,5.330688681416478,0.3881740731866892,0,,,,0,,,,12,21.133333333333336,7.542148636867746,0.35688400489910466,11,0.3881740731866892,0,,12,0.35688400489910466
Gansu,甘肃,2001,12,8.426666666666668,2.312095992554781,0.27437848012912747,0,,,,0,,,,12,15.344166666666666,8.605022273842952,0.5608008867979983,0,,,,0,,,,12,23.770833333333332,8.614872402720282,0.3624135629540522,12,0.5608008867979983,0,,12,0.3624135629540522
Gansu,甘肃,2002,12,8.811666666666666,3.1926074647915037,0.362315959688841,0,,,,0,,,,12,19.521666666666665,4.946017375504039,0.2533604051312579,0,,,,0,,,,12,28.33333333333333,4.269269329295188,0.1506800939751243,12,0.2533604051312579,0,,12,0.1506800939751243
Gansu,甘肃,2003,12,9.005833333333333,5.677727551716016,0.6304499918626093,0,,,,0,,,,12,24.662499999999998,8.867209384734705,0.35954219502218776,0,,,,0,,,,12,33.66833333333333,13.190628100927174,0.3917814395602349,12,0.35954219502218776,0,,12,0.3917814395602349
Gansu,甘肃,2004,12,10.065833333333334,3.873465580854001,0.3848132044891796,0,,,,0,,,,12,27.834999999999997,7.504886287067791,0.269620488128895,0,,,,0,,,,12,37.90083333333333,10.554907052115045,0.27848746647035144,12,0.269620488128895,0,,12,0.27848746647035144
Gansu,甘肃,2005,12,12.094166666666666,4.484440693479324,0.370793690634272,0,,,,0,,,,12,28.308333333333334,6.073005596053479,0.2145306657422483,0,,,,0,,,,12,40.402499999999996,4.145321842971677,0.10260062726246341,12,0.2145306657422483,0,,12,0.10260062726246341
Gansu,甘肃,2006,12,13.9275,3.985930084229231,0.2861913541001063,0,,,,0,,,,12,29.7325,5.930453186730342,0.19946029384445782,0,,,,0,,,,12,43.660000000000004,6.844327445543374,0.15676425665468102,12,0.19946029384445782,0,,12,0.15676425665468102
Gansu,甘肃,2007,12,15.325833333333334,6.303954687096801,0.41132867296591596,0,,,,0,,,,12,35.36416666666667,6.234489784961381,0.1762939826555519,0,,,,0,,,,12,50.69,5.007029603921413,0.09877746308781639,12,0.1762939826555519,0,,12,0.09877746308781639
Gansu,甘肃,2008,12,16.546666666666667,5.949681937004293,0.35956981891645606,0,,,,0,,,,12,38.850833333333334,7.92408005366993,0.20396164956573037,0,,,,0,,,,12,55.3975,6.171944035862458,0.11141195967078762,12,0.20396164956573037,0,,12,0.11141195967078762
Gansu,甘肃,2009,12,19.764800333333334,6.649469660193884,0.3364298929435454,0,,,,0,,,,12,36.03710891666667,7.855268662303358,0.21797721566588832,0,,,,0,,,,12,55.801909249999994,8.124794915850405,0.14560066178829545,12,0.21797721566588832,0,,12,0.14560066178829545
Gansu,甘肃,2010,12,21.09213108333333,8.01656560415112,0.380073761749266,0,,,,0,,,,12,41.8572995,10.085860847153882,0.24095823112415268,0,,,,0,,,,12,62.94943058333333,4.44994669948548,0.07069081734734008,12,0.24095823112415268,0,,12,0.07069081734734008
Gansu,甘肃,2011,12,19.72076816666667,7.301399631207004,0.3702391088166792,0,,,,0,,,,12,59.1594735,7.343108029126141,0.12412395842444644,0,,,,0,,,,12,78.88024166666666,6.8961400943323925,0.08742544328748646,12,0.12412395842444644,0,,12,0.08742544328748646
Gansu,甘肃,2012,12,22.904553916666668,9.337638079884401,0.4076760505294015,0,,,,0,,,,12,59.7928365,11.564675349492768,0.19341238894884621,0,,,,0,,,,12,82.69739041666668,8.54264808332012,0.10330009254558595,12,0.19341238894884621,0,,12,0.10330009254558595
Gansu,甘肃,2013,10,26.101350000000004,7.9251745443449595,0.3036308292231995,0,,,,0,,,,10,59.481489999999994,17.24209941396348,0.2898733608381949,10,9.76,2.016156960380041,0.20657345905533206,10,9.76,2.016156960380041,0.20657345905533206,10,95.34284,10.368711812756672,0.10875186655606936,10,0.2898733608381949,10,0.20657345905533206,10,0.10875186655606936
Gansu,甘肃,2014,10,24.993999999999996,7.096703773192485,0.2839362956386527,0,,,,0,,,,10,57.916999999999994,12.19933973623164,0.21063486948964277,10,9.37,2.435866261608886,0.2599643822421437,10,9.37,2.435866261608886,0.2599643822421437,10,92.28099999999999,6.89775076061434,0.07474724765243485,10,0.21063486948964277,10,0.2599643822421437,10,0.07474724765243485
Gansu,甘肃,2015,12,22.58020833333333,7.59823643204112,0.33649983737415123,0,,,,0,,,,12,59.88751666666667,13.900306333500422,0.23210690820374788,10,8.989999999999998,2.085105912577745,0.23193614155481038,10,8.989999999999998,2.085105912577745,0.23193614155481038,12,89.95939166666666,9.57054808238259,0.1063874255380146,12,0.23210690820374788,10,0.23193614155481038,12,0.1063874255380146
Gansu,甘肃,2016,10,23.25,5.888831236615065,0.25328306394043293,0,,,,0,,,,10,56.30999999999999,10.669942205404238,0.18948574330321863,10,11.03,1.9270299542156681,0.1747080647521005,10,11.03,1.9270299542156681,0.1747080647521005,10,90.59,6.991812672293538,0.07718084415822428,10,0.18948574330321863,10,0.1747080647521005,10,0.07718084415822428
Gansu,甘肃,2017,10,26.279999999999994,8.741446613054892,0.33262734448458503,0,,,,0,,,,10,56.8,12.854398296130224,0.22630982915722225,10,16.33,2.2075879245104666,0.13518603334418045,10,16.33,2.2075879245104666,0.13518603334418045,10,99.41,8.93624952402044,0.08989286313268725,10,0.22630982915722225,10,0.13518603334418045,10,0.08989286313268725
Gansu,甘肃,2018,10,31.97,11.225669987429113,0.35113137276913087,0,,,,0,,,,10,60.85,16.50738891796301,0.27128001508566985,10,18.970000000000002,2.521044756974114,0.13289640258166124,10,18.970000000000002,2.521044756974114,0.13289640258166124,10,111.78999999999999,11.799477389556957,0.10555038366183879,10,0.27128001508566985,10,0.13289640258166124,10,0.10555038366183879
Gansu,甘肃,2019,10,34.89,10.101754523073927,0.28953151398893456,0,,,,0,,,,10,60.839999999999996,20.86949927525812,0.3430226705334997,10,19.53,3.238329473320736,0.16581308107121023,10,19.53,3.238329473320736,0.16581308107121023,10,115.25999999999999,12.227946134435912,0.10609011048443444,10,0.3430226705334997,10,0.16581308107121023,10,0.10609011048443444
Gansu,甘肃,2020,10,34.93,9.838930610363887,0.2816756544621783,0,,,,0,,,,10,70.3,22.67509647168011,0.3225476027266019,10,21.23,3.511584004722399,0.16540668887057933,10,21.23,3.511584004722399,0.16540668887057933,10,126.46,14.654100677512307,0.11587933478975414,10,0.3225476027266019,10,0.16540668887057933,10,0.11587933478975414
Gansu,甘肃,2021,10,29.640000000000004,6.284761110990785,0.21203647472978354,0,,,,0,,,,10,80.33,13.650970661458468,0.16993614666324497,10,23.549999999999997,3.3317496237796096,0.14147556788873078,10,23.549999999999997,3.3317496237796096,0.14147556788873078,10,133.52,8.86150225538662,0.06636835122368648,10,0.16993614666324497,10,0.14147556788873078,10,0.06636835122368648
Gansu,甘肃,2022,10,25.979999999999997,5.62549750886286,0.2165318517653141,0,,,,0,,,,10,85.82000000000001,12.965492663219564,0.1510777518436211,10,30.689999999999998,4.177306415489395,0.13611294934797638,10,30.689999999999998,4.177306415489395,0.13611294934797638,10,142.49,13.727624217856002,0.09634096580711629,10,0.1510777518436211,10,0.13611294934797638,10,0.09634096580711629
Gansu,甘肃,2023,10,26.590000000000003,7.728080112306173,0.2906385901581862,0,,,,0,,,,10,84.16,17.182626884928457,0.20416619397491037,10,35.89,4.469514017827404,0.1245336867603066,10,35.89,4.469514017827404,0.1245336867603066,10,146.64000000000001,14.020556337035977,0.09561208631366595,10,0.20416619397491037,10,0.1245336867603066,10,0.09561208631366595
Guangdong,广东,2000,12,8.8425,2.341724791686674,0.26482610027556397,12,12.250833333333333,3.7543827923528474,0.3064593803702753,0,,,,12,86.55083333333333,16.899437569088345,0.19525447552888972,0,,,,0,,,,12,107.64416666666666,20.042436550449334,0.18619157146260598,12,0.19525447552888972,0,,12,0.18619157146260598
Guangdong,广东,2001,12,10.451666666666666,3.9708044372378595,0.37992069244820853,12,12.5,2.380874552840538,0.19046996422724305,0,,,,12,89.59833333333334,11.79461189259612,0.1316387420814686,0,,,,0,,,,12,112.55000000000001,16.24551630450691,0.14434043806758692,12,0.1316387420814686,0,,12,0.14434043806758692
Guangdong,广东,2002,12,9.051666666666668,2.716658486695252,0.3001279860094183,12,17.19333333333333,7.4999955555542375,0.43621532893878856,0,,,,12,100.7975,12.679607912636015,0.1257928809011733,0,,,,0,,,,12,127.04250000000002,19.865804848350024,0.1563713312344296,12,0.1257928809011733,0,,12,0.1563713312344296
Guangdong,广东,2003,12,9.580833333333333,2.474136978398485,0.2582381816193948,12,23.68166666666667,4.4557905804660125,0.18815358915332586,0,,,,12,115.28083333333332,17.747551154164817,0.15395057999665876,0,,,,0,,,,12,148.54333333333332,22.016786295639942,0.14821793615088713,12,0.15395057999665876,0,,12,0.14821793615088713
Guangdong,广东,2004,12,8.32,1.7195401076503525,0.20667549370797506,12,23.349166666666665,3.929590444385529,0.16829681763312876,0,,,,12,136.46583333333334,11.454559598957108,0.0839371974593673,0,,,,0,,,,12,168.135,13.664419290458508,0.08127052244005417,12,0.0839371974593673,0,,12,0.08127052244005417
Guangdong,广东,2005,12,10.786666666666667,4.1865245584837885,0.3881203237160496,12,25.396666666666665,3.5861002707000793,0.1412035806811949,0,,,,12,143.75583333333333,10.675839722845172,0.07426369751612519,0,,,,0,,,,12,179.93916666666667,12.916502100613453,0.07178260486523753,12,0.07426369751612519,0,,12,0.07178260486523753
Guangdong,广东,2006,12,13.376666666666667,4.148680695733463,0.3101430871467827,12,26.010833333333334,3.4668729906550277,0.13328573314920172,0,,,,12,157.02416666666667,20.23241524176369,0.1288490534371908,0,,,,0,,,,12,196.41166666666663,24.622362279895576,0.12536099661372244,12,0.1288490534371908,0,,12,0.12536099661372244
Guangdong,广东,2007,12,8.391666666666667,2.731419322467993,0.3254918755671888,12,25.151666666666667,3.331253745236392,0.13244664019228913,0,,,,12,182.26999999999998,31.447640755562386,0.17253327895738405,0,,,,0,,,,12,215.8133333333333,34.718992793657755,0.16087510561746768,12,0.17253327895738405,0,,12,0.16087510561746768
Guangdong,广东,2008,12,18.736666666666668,12.513987325703937,0.6678875996639709,12,26.104166666666668,2.8882000004196797,0.11064134079820001,0,,,,12,176.76583333333335,21.663169607059857,0.12255292325756686,0,,,,0,,,,12,221.60666666666668,26.846625429831896,0.12114538715666749,12,0.12255292325756686,0,,12,0.12114538715666749
Guangdong,广东,2009,12,14.844199916666668,5.6586007657487905,0.38119944473366096,12,26.53433075,5.274193665026914,0.19876867122517924,0,,,,12,179.80200975000002,40.75303532461328,0.22665506009235958,0,,,,0,,,,12,221.18054041666667,43.60732752615077,0.19715716149351092,12,0.22665506009235958,0,,12,0.19715716149351092
Guangdong,广东,2010,12,17.766970250000004,6.571979270120653,0.36989870403597097,12,27.802820333333333,2.5245615336521734,0.09080235398368662,0,,,,12,207.32201775,23.213965956841623,0.11197057702204244,0,,,,0,,,,12,252.8918083333333,29.897027014740512,0.11822062253330737,12,0.11197057702204244,0,,12,0.11822062253330737
Guangdong,广东,2011,12,12.391300833333334,5.694235854845811,0.45953495370945874,12,35.43945683333334,3.3042624209043336,0.09323682460608254,0,,,,12,250.5856989166667,38.49435386050153,0.15361752097953119,0,,,,0,,,,12,298.41645658333334,42.021012684293545,0.14081332231273613,12,0.15361752097953119,0,,12,0.14081332231273613
Guangdong,广东,2012,12,16.950048916666667,6.675704821685362,0.39384575551998946,12,39.536428083333334,3.920048947701944,0.099150306128804,0,,,,12,238.39003841666667,31.028688913949402,0.13015933518042538,0,,,,0,,,,12,294.8765154166667,33.879908847990805,0.11489524284467953,12,0.13015933518042538,0,,12,0.11489524284467953
Guangdong,广东,2013,10,19.74187,3.93793717461595,0.1994713355227215,10,38.82076,5.174180815291758,0.13328386191542252,0,,,,10,268.48588,20.442389139824186,0.07613953158290554,10,4.55,3.290474467644783,0.7231812016801721,10,4.55,3.290474467644783,0.7231812016801721,10,331.59851,26.562488709140677,0.0801043669018316,10,0.07613953158290554,10,0.7231812016801721,10,0.0801043669018316
Guangdong,广东,2014,9,29.280000000000005,10.64408990942861,0.36352766084114096,10,47.135000000000005,6.927018358091263,0.1469612465915193,0,,,,10,254.296,23.71404843828509,0.09325372179776753,10,3.34,1.5123197780598883,0.4527903527125414,10,3.34,1.5123197780598883,0.4527903527125414,10,331.12299999999993,34.57104088363229,0.10440543509098522,10,0.09325372179776753,10,0.4527903527125414,10,0.10440543509098522
Guangdong,广东,2015,12,25.465950000000003,7.632658221985075,0.2997201448202433,12,50.54005833333333,10.97610700985292,0.21717638190009186,0,,,,12,241.89804166666667,41.34842221563784,0.17093326564675373,10,4.6,1.3316656236958788,0.28949252689040844,10,4.6,1.3316656236958788,0.28949252689040844,12,321.73738333333336,54.20833699424395,0.16848628664976073,12,0.17093326564675373,10,0.28949252689040844,12,0.16848628664976073
Guangdong,广东,2016,10,31.050000000000004,6.981921098252417,0.22486058287447394,10,58.68000000000001,6.711648249291841,0.11437710036284662,7,0.2877,0.22100023378569836,0.768162091712542,10,262.75,24.31566710305654,0.09254297660535316,10,3.7,1.255211358917516,0.3392463132209503,10,3.9013900000000006,1.4574980971590403,0.37358431152974714,10,356.38139000000007,30.36507350802343,0.08520386967462983,10,0.09254297660535316,10,0.37358431152974714,10,0.08520386967462983
Guangdong,广东,2017,10,28.689999999999998,5.189401592562373,0.1808784103367854,10,69.44,6.691321078664345,0.0963611906489681,10,0.68919,0.4949176619510673,0.7181149783819663,10,290.64000000000004,25.74219191219827,0.08857071260734332,10,4.29,1.23418889243998,0.2876897185174778,10,4.97919,1.3324417614540118,0.26760211228212055,10,393.74919,32.17118835823448,0.08170477343263736,10,0.08857071260734332,10,0.26760211228212055,10,0.08170477343263736
Guangdong,广东,2018,10,12.239999999999998,2.1427915333871232,0.1750646677603859,10,76.38000000000001,13.423346163390926,0.17574425456128467,10,1.26311,0.5019918203184857,0.39742526012658097,10,279.07,36.37835284280413,0.13035565572366836,10,4.58,1.3862819979274705,0.3026816589361289,10,5.84311,1.6941423949400878,0.28993847367927145,10,373.53310999999997,36.301468149203885,0.09718407064156612,10,0.13035565572366836,10,0.28993847367927145,10,0.09718407064156612
Guangdong,广东,2019,10,16.62,5.586054063469131,0.3361043359488045,10,95.63000000000001,12.53369237074394,0.13106443972334977,9,2.2130888888888887,0.6687594418855789,0.3021837239539613,10,294.85,33.00421690228891,0.1119356177795113,10,5.710000000000001,1.3169408997116523,0.23063763567629633,10,7.701780000000001,1.4425087604586695,0.18729550317701482,10,414.80178000000006,40.8517305001555,0.09848494502640633,10,0.1119356177795113,10,0.18729550317701482,10,0.09848494502640633
Guangdong,广东,2020,10,13.4,1.9453648615219874,0.1451764822031334,10,100.47999999999999,9.724745069494977,0.09678289280946435,10,2.6407599999999998,0.48864824021648395,0.18504076107502537,10,320.84000000000003,49.896675462621964,0.15551887377702892,10,7.24,2.446857394927443,0.3379637285811385,10,9.88076,2.6028775939973308,0.2634288854295956,10,444.60076,53.37950707686735,0.12006166403509376,10,0.15551887377702892,10,0.2634288854295956,10,0.12006166403509376
Guangdong,广东,2021,10,10.31,2.1325258888620002,0.20684053238234726,10,102.24999999999999,8.436198459285093,0.0825056084037662,10,4.06233,0.5550763872357268,0.13663990548176214,10,406.02000000000004,41.3284083087328,0.10178909489368207,10,9.94,4.680740682128561,0.47089946500287333,10,14.002329999999997,4.564658246438367,0.325992763092883,10,532.58233,45.04545089395942,0.08457931920865536,10,0.10178909489368207,10,0.325992763092883,10,0.08457931920865536
Guangdong,广东,2022,10,15.889999999999997,4.78921241495463,0.3013978864036898,10,97.47999999999999,8.515058556593813,0.08735185224244782,10,5.90435,1.6424253497326575,0.2781720849429078,10,384.46999999999997,65.08302475385665,0.1692798521441378,10,23.82,9.642475477455639,0.40480585547672704,10,29.724350000000005,9.940460917465884,0.33442147321861987,10,527.56435,61.42372410764157,0.11642887565780662,10,0.1692798521441378,10,0.33442147321861987,10,0.11642887565780662
Guangdong,广东,2023,10,17.66,2.403331021727967,0.13608895932774445,10,98.72,6.480192041050087,0.0656421397999401,10,7.849850000000001,1.3455396746700234,0.1714096033261812,10,436.94000000000005,48.84913737439206,0.111798272930819,9,28.099999999999998,7.889391611524935,0.28076126731405465,10,33.139849999999996,11.01376604852612,0.33234206094855956,10,586.45985,44.61411316705493,0.07607360191333633,10,0.111798272930819,10,0.33234206094855956,10,0.07607360191333633
Guangxi,广西,2000,12,14.0,4.012253957338919,0.28658956838135136,11,0.0,0.0,,0,,,,12,9.5825,5.740937720363365,0.5991064670350499,0,,,,0,,,,12,23.5825,4.432452891612463,0.1879551740321197,12,0.5991064670350499,0,,12,0.1879551740321197
Guangxi,广西,2001,12,14.674166666666666,4.335392313868667,0.2954438512489295,9,0.0,0.0,,0,,,,12,9.684166666666666,5.023811407746718,0.5187654839769437,0,,,,0,,,,12,24.35833333333333,4.302958460774577,0.1766524171375126,12,0.5187654839769437,0,,12,0.1766524171375126
Guangxi,广西,2002,12,15.343333333333334,4.589383664964441,0.29911255691708283,0,,,,0,,,,12,10.300833333333333,3.1079647193894746,0.3017197365316212,0,,,,0,,,,12,25.644166666666667,3.1830701541217414,0.12412453075573034,12,0.3017197365316212,0,,12,0.12412453075573034
Guangxi,广西,2003,12,14.669166666666667,4.2926119582653195,0.29262820825531916,0,,,,0,,,,12,13.478333333333333,2.4520968145403215,0.18192878554769296,0,,,,0,,,,12,28.147500000000008,2.829349828944002,0.1005186900770584,12,0.18192878554769296,0,,12,0.1005186900770584
Guangxi,广西,2004,12,13.224166666666667,6.161085291545392,0.4658959197085179,0,,,,0,,,,12,14.950000000000001,1.7517627485686316,0.11717476579054391,0,,,,0,,,,12,28.174166666666668,4.677251442953013,0.16601205985221731,12,0.11717476579054391,0,,12,0.16601205985221731
Guangxi,广西,2005,12,14.9275,6.56413412554785,0.43973432427049736,1,0.0,,,0,,,,12,19.840833333333332,4.972399198362776,0.25061443311501247,0,,,,0,,,,12,34.76833333333333,5.908699031294813,0.16994484534667026,12,0.25061443311501247,0,,12,0.16994484534667026
Guangxi,广西,2006,12,17.745833333333334,7.335798225555321,0.4133814449714198,0,,,,0,,,,12,21.871666666666666,4.633714067635812,0.21185921211472128,0,,,,0,,,,12,39.6175,6.4043154839671805,0.16165370061127482,12,0.21185921211472128,0,,12,0.16165370061127482
Guangxi,广西,2007,12,25.610833333333332,10.969918751943537,0.4283311913035579,0,,,,0,,,,12,26.756666666666664,8.736128051564565,0.32650285479872554,0,,,,0,,,,12,52.3675,10.840994691867106,0.20701761000366842,12,0.32650285479872554,0,,12,0.20701761000366842
Guangxi,广西,2008,12,40.33833333333333,14.059911957136297,0.3485496498071222,0,,,,0,,,,12,28.129166666666666,9.478698086986551,0.33697045487731775,0,,,,0,,,,12,68.4675,8.396950880582137,0.12264141206531766,12,0.33697045487731775,0,,12,0.12264141206531766
Guangxi,广西,2009,12,38.13428816666667,13.124390824922207,0.34416247046652065,0,,,,0,,,,12,34.12608625,18.899699148088768,0.5538197087598572,0,,,,0,,,,12,72.26037441666666,13.197898680150496,0.1826436520249532,12,0.5538197087598572,0,,12,0.1826436520249532
Guangxi,广西,2010,12,37.143098333333334,15.17057259480125,0.4084358407221705,0,,,,0,,,,12,45.31102608333333,12.085390792783262,0.26672074851177574,0,,,,0,,,,12,82.45412441666666,8.071862034852531,0.09789518828752422,12,0.26672074851177574,0,,12,0.09789518828752422
Guangxi,广西,2011,12,32.53282241666667,12.811803421994567,0.3938116176305391,0,,,,0,,,,12,51.91357791666667,8.72307074346307,0.16803062115012804,0,,,,0,,,,12,84.44640033333333,12.79413347182908,0.15150596616702536,12,0.16803062115012804,0,,12,0.15150596616702536
Guangxi,广西,2012,12,40.133105750000006,18.690700885915838,0.4657177792903764,0,,,,0,,,,12,52.531709166666666,14.060728279895336,0.2676617323697778,0,,,,0,,,,12,92.66481491666666,15.665212917634118,0.16905243842252124,12,0.2676617323697778,0,,12,0.16905243842252124
Guangxi,广西,2013,10,37.18449,5.905120493727837,0.15880601007914424,0,,,,0,,,,10,64.11257,9.224184543548791,0.14387482117077494,10,0.16,0.09660917830792957,0.6038073644245598,10,0.16,0.09660917830792957,0.6038073644245598,10,101.45706,5.036525322570004,0.04964194036935433,10,0.14387482117077494,10,0.6038073644245598,10,0.04964194036935433
Guangxi,广西,2014,10,52.306,14.369004604819823,0.27471044631246555,0,,,,0,,,,10,54.26700000000001,14.858774474662736,0.2738086585708208,10,0.19999999999999998,0.14907119849998593,0.7453559924999297,10,0.19999999999999998,0.14907119849998593,0.7453559924999297,10,106.773,8.272848562214413,0.07748071668131844,10,0.2738086585708208,10,0.7453559924999297,10,0.07748071668131844
Guangxi,广西,2015,12,56.497475,11.660567347738121,0.20639094663501548,0,,,,0,,,,12,43.00353333333334,10.6561947911091,0.247798121808032,10,0.51,0.36651512019742555,0.7186570984263246,10,0.51,0.36651512019742555,0.7186570984263246,12,99.92600833333336,8.895248331600035,0.08901834947641708,12,0.247798121808032,10,0.7186570984263246,12,0.08901834947641708
Guangxi,广西,2016,10,50.510000000000005,14.558117247013012,0.28822247568824017,9,8.755555555555556,4.556344782583709,0.5203947086707281,7,0.0023285714285714285,0.004209399911988361,1.8077177536146334,10,48.11,14.275577435295263,0.2967278618851645,9,1.1666666666666667,0.4555216789572149,0.39044715339189845,10,1.0516299999999998,0.5666085951616964,0.5387908248734787,10,107.55163,8.11120793649135,0.07541687593662086,10,0.2967278618851645,10,0.5387908248734787,10,0.07541687593662086
Guangxi,广西,2017,10,49.99,8.877368228628729,0.17758288114880433,10,11.110000000000001,2.825852870275529,0.254352193544152,10,0.07439,0.15013389172483488,2.0181999156450448,10,49.029999999999994,11.885476665054496,0.24241233255261058,10,1.9300000000000002,1.2596736790843008,0.6526806627379796,10,2.00439,1.3505680972999639,0.6738050465727548,10,112.13438999999998,13.393023364875871,0.11943725171979687,10,0.24241233255261058,10,0.6738050465727548,10,0.11943725171979687
Guangxi,广西,2018,10,48.36,8.283879928310558,0.17129611100724892,10,13.430000000000001,2.9552401669651895,0.22004766693709524,10,0.31011,0.4529928143899073,1.4607488129692925,10,68.69,17.334195491378704,0.2523539888102883,10,3.25,1.0997474457549092,0.338383829463049,10,3.5601100000000003,1.423802904938431,0.3999322787606088,10,134.04011,16.454429313879146,0.12275750380896544,10,0.2523539888102883,10,0.3999322787606088,10,0.12275750380896544
Guangxi,广西,2019,10,46.02,11.334098013418531,0.24628635405081553,10,14.85,1.7551511489201033,0.11819199656027632,9,0.6748444444444445,0.252776250422736,0.37456965453843255,10,85.71,18.25914991327787,0.2130340673582764,10,4.74,2.1344788591129213,0.4503119955934433,10,5.34736,2.3027788088886574,0.43063844754956787,10,151.92736,10.529439238967623,0.0693057474240823,10,0.2130340673582764,10,0.43063844754956787,10,0.0693057474240823
Guangxi,广西,2020,10,50.02,8.794038384673517,0.1758104435160639,10,14.13,2.545169717109035,0.1801252453721893,10,0.8358999999999999,0.21152107328690553,0.2530459065521062,10,89.35,17.061604066831876,0.1909524797630876,10,7.859999999999999,2.6064876323853476,0.33161420259355573,10,8.695899999999998,2.575307327506973,0.29615190233408545,10,162.1959,19.34548316641958,0.11927233158433463,10,0.1909524797630876,10,0.29615190233408545,10,0.11927233158433463
Guangxi,广西,2021,10,40.7,9.616305596918878,0.2362728647891616,10,15.1,1.6438437341250567,0.10886382345199051,10,1.93641,1.084749942972009,0.5601860881590206,10,99.89000000000001,9.149432283541485,0.09159507742057747,10,13.63,6.678830569626527,0.4900095795764143,10,15.56641,7.3809305040383935,0.47415752919513193,10,171.25641000000002,19.15611755476853,0.11185635360900377,10,0.09159507742057747,10,0.47415752919513193,10,0.11185635360900377
Guangxi,广西,2022,10,47.21,19.056083892902375,0.4036450729273962,10,15.459999999999999,1.208488495784899,0.07816872547120951,10,2.7645,0.5753822478240977,0.20813248248294366,10,90.96,19.353966001830205,0.2127744723156355,10,14.290000000000001,4.509853409788146,0.3155950601671201,10,17.0545,4.560792116629643,0.26742455754373584,10,170.68449999999999,8.421560970245103,0.04933992817300402,10,0.2127744723156355,10,0.26742455754373584,10,0.04933992817300402
Guangxi,广西,2023,10,30.23,5.989629927354992,0.1981352936604364,10,21.889999999999997,4.043224785572361,0.18470647718466707,10,4.97101,1.8531015205445287,0.3727816923612161,10,119.58,11.677404582259639,0.09765349207442414,10,17.57,3.921181794646444,0.22317483179547204,10,22.54101,4.216048086498385,0.18703900519534772,10,194.24101000000002,12.046226948297516,0.062016908521519296,10,0.09765349207442414,10,0.18703900519534772,10,0.062016908521519296
Guizhou,贵州,2000,12,15.286666666666667,3.6672762578670213,0.2399003221456839,0,,,,0,,,,12,18.43916666666667,3.3269326805040844,0.18042749657002308,0,,,,0,,,,12,33.725833333333334,2.8437569846734125,0.08431984338435164,12,0.18042749657002308,0,,12,0.08431984338435164
Guizhou,贵州,2001,12,17.641666666666666,4.224170350674219,0.239442816287627,0,,,,0,,,,12,22.379166666666666,3.483348593557991,0.15565139870674322,0,,,,0,,,,12,40.020833333333336,4.918082513140728,0.12288805863131438,12,0.15565139870674322,0,,12,0.12288805863131438
Guizhou,贵州,2002,12,18.460833333333333,5.514953982060267,0.2987380841634235,0,,,,0,,,,12,27.132499999999997,3.252420427368457,0.11987175628373564,0,,,,0,,,,12,45.593333333333334,5.688011848429882,0.12475534102419686,12,0.11987175628373564,0,,12,0.12475534102419686
Guizhou,贵州,2003,12,16.989166666666666,6.551896961024251,0.38565146187418947,0,,,,0,,,,12,36.060833333333335,7.943077555998433,0.22026882969052572,0,,,,0,,,,12,53.05000000000001,11.817509351497348,0.2227617219886399,12,0.22026882969052572,0,,12,0.2227617219886399
Guizhou,贵州,2004,12,18.020833333333332,8.188372530422006,0.45438367798873563,0,,,,0,,,,12,41.399166666666666,4.623612240609629,0.11168370314884668,0,,,,0,,,,12,59.419999999999995,11.574577942432914,0.19479262777571382,12,0.11168370314884668,0,,12,0.19479262777571382
Guizhou,贵州,2005,12,18.360833333333336,7.713628386096124,0.4201131967192551,0,,,,0,,,,12,47.465,7.598746906263859,0.16009158129703693,0,,,,0,,,,12,65.82583333333335,13.909506532213749,0.21130771655829772,12,0.16009158129703693,0,,12,0.21130771655829772
Guizhou,贵州,2006,12,17.855833333333333,5.885834239678322,0.3296308903539453,0,,,,0,,,,12,63.365833333333335,10.118532464859923,0.1596843587873579,0,,,,0,,,,12,81.22166666666666,13.783586967729759,0.16970332589083076,12,0.1596843587873579,0,,12,0.16970332589083076
Guizhou,贵州,2007,12,28.60166666666667,10.333080886456884,0.3612754811417825,0,,,,0,,,,12,68.80916666666667,4.943203705977319,0.07183931946049803,0,,,,0,,,,12,97.41083333333334,12.25663416524317,0.12582413829991362,12,0.07183931946049803,0,,12,0.12582413829991362
Guizhou,贵州,2008,12,32.015,10.928996876533208,0.34137113467228514,0,,,,0,,,,12,67.60166666666667,16.511413591448758,0.244245658511113,0,,,,0,,,,12,99.61666666666667,22.219899489721673,0.22305403536612017,12,0.244245658511113,0,,12,0.22305403536612017
Guizhou,贵州,2009,12,33.406576,11.512959338933488,0.3446315282037132,0,,,,0,,,,12,81.59546758333333,13.357354330726817,0.16370216050401293,0,,,,0,,,,12,115.00204358333333,14.16276160158773,0.12315226025809743,12,0.16370216050401293,0,,12,0.12315226025809743
Guizhou,贵州,2010,12,34.71523466666667,19.501847927158746,0.5617662710453831,0,,,,0,,,,12,80.75380591666668,14.024924809678797,0.17367509370582138,0,,,,0,,,,12,115.46904058333335,16.188875242786143,0.14020100245920658,12,0.17367509370582138,0,,12,0.14020100245920658
Guizhou,贵州,2011,12,26.679498666666664,11.004233887235078,0.4124602948774204,0,,,,0,,,,12,85.33216233333333,9.149521264914409,0.10722242369967845,0,,,,0,,,,12,112.011661,13.7233454825324,0.12251711437912165,12,0.10722242369967845,0,,12,0.12251711437912165
Guizhou,贵州,2012,12,42.63745625,25.635582208203356,0.6012455822385829,0,,,,0,,,,12,85.45182808333333,19.750803634917258,0.23113377534364873,0,,,,0,,,,12,128.08928433333332,20.356896968220948,0.15892740032214678,12,0.23113377534364873,0,,12,0.15892740032214678
Guizhou,贵州,2013,10,36.33561999999999,11.77020356000694,0.32393016989959006,0,,,,0,,,,10,103.50550000000001,13.86076205416652,0.13391329015527212,10,0.72,0.4417138339593986,0.6134914360547203,10,0.72,0.4417138339593986,0.6134914360547203,10,140.56112,16.401591335043616,0.1166865441527758,10,0.13391329015527212,10,0.6134914360547203,10,0.1166865441527758
Guizhou,贵州,2014,10,57.392999999999994,22.989975617405275,0.4005710734306497,0,,,,0,,,,10,85.87899999999999,24.72596406389219,0.2879163015858614,10,0.9199999999999999,0.2097617696340305,0.22800192351525056,10,0.9199999999999999,0.2097617696340305,0.22800192351525056,10,144.19199999999998,4.750604172102705,0.03294637824638472,10,0.2879163015858614,10,0.22800192351525056,10,0.03294637824638472
Guizhou,贵州,2015,12,60.30458333333333,20.726324674008765,0.34369402006219146,0,,,,0,,,,12,81.639575,20.407380830925103,0.24996921935133914,10,3.1399999999999997,3.044557986528312,0.9696044543083797,10,3.1399999999999997,3.044557986528312,0.9696044543083797,12,144.560825,14.908372896287931,0.10312872035897645,12,0.24996921935133914,10,0.9696044543083797,12,0.10312872035897645
Guizhou,贵州,2016,10,57.529999999999994,21.241366873783495,0.3692224382719189,0,,,,0,,,,10,95.49,18.740535389008155,0.1962565230810363,10,4.15,0.900925450115971,0.2170904699074629,10,4.15,0.900925450115971,0.2170904699074629,10,157.17000000000002,14.285349915988126,0.09089107282552729,10,0.1962565230810363,10,0.2170904699074629,10,0.09089107282552729
Guizhou,贵州,2017,10,57.910000000000004,25.822705340670858,0.44591098844190735,0,,,,0,,,,10,95.06,19.12102972587457,0.20114695693114423,10,5.0200000000000005,0.8495750571772794,0.16923805919866122,10,5.0200000000000005,0.8495750571772794,0.16923805919866122,10,157.98999999999998,17.90434149709073,0.1133257895885229,10,0.20114695693114423,10,0.16923805919866122,10,0.1133257895885229
Guizhou,贵州,2018,10,57.160000000000004,11.811030625836349,0.20663104663814463,0,,,,0,,,,10,102.68999999999998,11.909515336719414,0.11597541471145599,10,5.679999999999999,1.6355766906846976,0.28795364272617924,10,5.679999999999999,1.6355766906846976,0.28795364272617924,10,165.53,9.459627664742134,0.057147512020432154,10,0.11597541471145599,10,0.28795364272617924,10,0.057147512020432154
Guizhou,贵州,2019,10,58.56,19.19491830899233,0.32778207494863953,0,,,,0,,,,10,113.28,22.93254843618078,0.20244128209905352,10,5.96,1.624944443494745,0.272641685150125,10,5.96,1.624944443494745,0.272641685150125,10,177.8,9.276493590432427,0.05217375472684154,10,0.20244128209905352,10,0.272641685150125,10,0.05217375472684154
Guizhou,贵州,2020,10,62.39999999999999,20.985021112953667,0.3362984152716934,0,,,,0,,,,10,115.76999999999998,39.957284136381865,0.3451436826153742,10,7.859999999999999,1.947762248781348,0.24780690188057863,10,7.859999999999999,1.947762248781348,0.24780690188057863,10,186.02999999999997,24.349859684742853,0.1308921124804755,10,0.3451436826153742,10,0.24780690188057863,10,0.1308921124804755
Guizhou,贵州,2021,10,52.339999999999996,21.280987863453255,0.40659128512520554,0,,,,0,,,,10,117.58000000000001,21.389966495220794,0.18191840870233705,10,8.76,1.6304055391902428,0.1861193537888405,10,8.76,1.6304055391902428,0.1861193537888405,10,178.68,13.693696846846509,0.07663810637366526,10,0.18191840870233705,10,0.1861193537888405,10,0.07663810637366526
Guizhou,贵州,2022,10,50.27,26.82117944212496,0.5335424595608705,0,,,,0,,,,10,113.4,30.048849118282963,0.26498103278909135,10,9.190000000000001,2.413135350995095,0.2625827367785739,10,9.190000000000001,2.413135350995095,0.2625827367785739,10,172.86000000000004,13.119806909148235,0.07589845487185139,10,0.26498103278909135,10,0.2625827367785739,10,0.07589845487185139
Guizhou,贵州,2023,10,32.31,14.09503064519155,0.4362435978084664,0,,,,0,,,,10,139.42,12.714541106762592,0.09119596260767891,10,10.239999999999998,2.458183611259882,0.24005699328709787,10,10.239999999999998,2.458183611259882,0.24005699328709787,10,181.96999999999997,14.153919755475668,0.0777816110099229,10,0.09119596260767891,10,0.24005699328709787,10,0.0777816110099229
Hainan,海南,2000,12,0.9616666666666666,0.38406517754941094,0.39937453471342566,11,0.0,0.0,,0,,,,11,2.5245454545454544,1.1373070265883667,0.45049972245127956,0,,,,0,,,,12,3.2758333333333334,1.3121838724628172,0.4005649063737931,11,0.45049972245127956,0,,12,0.4005649063737931
Hainan,海南,2001,12,1.1641666666666668,0.509642625827752,0.4377746249057282,9,0.0,0.0,,0,,,,12,2.3841666666666668,0.6463809506268987,0.27111399536954855,0,,,,0,,,,12,3.5483333333333325,0.44053342321519334,0.12415220945472807,12,0.27111399536954855,0,,12,0.12415220945472807
Hainan,海南,2002,12,1.145,0.45032311631861527,0.39329529809486047,0,,,,0,,,,12,3.0308333333333333,0.7247251307575274,0.23911744759665465,0,,,,0,,,,12,4.175833333333332,0.5310274489281613,0.12716682073713706,12,0.23911744759665465,0,,12,0.12716682073713706
Hainan,海南,2003,12,1.0183333333333333,0.31702690833123415,0.31131938624998445,0,,,,0,,,,12,3.7708333333333326,0.5628734450580477,0.1492703058717475,0,,,,0,,,,12,4.789166666666667,0.49096303014554626,0.10251533603178276,12,0.1492703058717475,0,,12,0.10251533603178276
Hainan,海南,2004,12,0.7908333333333334,0.30233811095085805,0.38230319614439373,0,,,,0,,,,12,4.74,0.6608534426991156,0.139420557531459,0,,,,0,,,,12,5.530833333333334,0.6180976435561755,0.11175488507871184,12,0.139420557531459,0,,12,0.11175488507871184
Hainan,海南,2005,12,0.7491666666666666,0.6751896478812902,0.9012542574611215,1,0.0,,,0,,,,12,6.038333333333333,0.9662658521181925,0.1600219462519778,0,,,,0,,,,12,6.787499999999999,0.7684592022056507,0.11321682537099828,12,0.1600219462519778,0,,12,0.11321682537099828
Hainan,海南,2006,12,0.7883333333333334,0.21018750647645024,0.2666226297798523,0,,,,0,,,,12,7.09,0.9817887200966867,0.1384751368260489,0,,,,0,,,,12,7.878333333333335,1.0008889987799785,0.12704324080135118,12,0.1384751368260489,0,,12,0.12704324080135118
Hainan,海南,2007,12,0.5241666666666667,0.4654510682872014,0.8879829601663619,0,,,,0,,,,12,8.4675,1.0255563900102764,0.12111678653797184,0,,,,0,,,,12,8.991666666666667,0.9607273128713316,0.10684641107002761,12,0.12111678653797184,0,,12,0.10684641107002761
Hainan,海南,2008,12,0.8849999999999999,0.5669455641657961,0.6406164566845155,0,,,,0,,,,12,8.85,1.0553672346628926,0.11925053499015736,0,,,,0,,,,12,9.735,0.9970274000064572,0.10241678479778708,12,0.11925053499015736,0,,12,0.10241678479778708
Hainan,海南,2009,11,1.1475138181818183,0.47536709723009163,0.414258277066579,0,,,,0,,,,12,9.374528666666667,1.5160097942040518,0.16171584173555092,0,,,,0,,,,12,10.426416333333334,1.5215511826306702,0.145932325545668,12,0.16171584173555092,0,,12,0.145932325545668
Hainan,海南,2010,12,0.9096691666666668,0.5498600702915795,0.6044615893780938,0,,,,0,,,,12,11.449481916666668,2.105267768034074,0.1838745004670909,0,,,,0,,,,12,12.359151083333336,1.851394206401684,0.14979946388861134,12,0.1838745004670909,0,,12,0.14979946388861134
Hainan,海南,2011,12,0.8383531666666667,0.6028643777640862,0.7191055055724361,0,,,,0,,,,12,13.100437833333332,1.9367358394196434,0.14783748940754693,0,,,,0,,,,12,13.938791,1.7694877321108287,0.12694700222643618,12,0.14783748940754693,0,,12,0.12694700222643618
Hainan,海南,2012,11,1.263891090909091,1.3002039933077008,1.0287310375552141,0,,,,0,,,,12,14.937803916666667,1.727449388554094,0.11564279449583041,0,,,,0,,,,12,16.09637075,2.336025252713684,0.14512745071516722,12,0.11564279449583041,0,,12,0.14512745071516722
Hainan,海南,2013,10,0.9328200000000001,0.4741504351058966,0.5082978871656875,0,,,,0,,,,10,17.121029999999998,1.5987519952554654,0.09337942841379669,10,0.41,0.09944289260117525,0.24254364049067137,10,0.41,0.09944289260117525,0.24254364049067137,10,18.46385,1.2921770615257542,0.06998416156574896,10,0.09337942841379669,10,0.24254364049067137,10,0.06998416156574896
Hainan,海南,2014,10,0.9400000000000001,0.2814249455894055,0.29938823998872927,0,,,,0,,,,10,18.418,1.515701524414063,0.08229457728385618,10,0.41,0.17919573407620815,0.4370627660395321,10,0.41,0.17919573407620815,0.4370627660395321,10,19.768000000000004,1.54814440899779,0.07831568236532728,10,0.08229457728385618,10,0.4370627660395321,10,0.07831568236532728
Hainan,海南,2015,12,0.4043083333333333,0.17036991015986,0.42138609599074967,2,1.8490499999999999,2.5071885140531416,,0,,,,12,19.018491666666666,2.0965019157280813,0.11023492043812175,10,0.48,0.16193277068654832,0.337359938930309,10,0.48,0.16193277068654832,0.337359938930309,12,20.130974999999996,2.25732332969221,0.11213184307725832,12,0.11023492043812175,10,0.337359938930309,12,0.11213184307725832
Hainan,海南,2016,10,0.8399999999999999,0.782020175926143,0.9309763999120751,10,5.42,1.94353629586209,0.3585860324468801,0,,,,10,16.509999999999998,4.015373235730674,0.24320855455667323,10,0.41,0.1100504934614613,0.26841583771088123,10,0.41,0.1100504934614613,0.26841583771088123,10,23.18,2.5054607028116282,0.1080871744094749,10,0.24320855455667323,10,0.26841583771088123,10,0.1080871744094749
Hainan,海南,2017,10,0.8200000000000001,0.2780887148615227,0.3391325790994179,10,6.669999999999999,1.387283516645231,0.2079885332301696,0,,,,10,16.61,1.636018201474406,0.09849597841507562,10,0.44000000000000006,0.14298407059684806,0.3249637968110183,10,0.44000000000000006,0.14298407059684806,0.3249637968110183,10,24.54,2.186930878346793,0.08911698770769327,10,0.09849597841507562,10,0.3249637968110183,10,0.08911698770769327
Hainan,海南,2018,10,0.9,0.7287737036358483,0.8097485595953869,10,7.4,1.240967364599085,0.16769829251338986,0,,,,10,18.270000000000003,2.6449322612624058,0.14476914402093077,10,0.33999999999999997,0.08432740427115674,0.2480217772681081,10,0.33999999999999997,0.08432740427115674,0.2480217772681081,10,26.910000000000004,2.557537878507374,0.09504042655174186,10,0.14476914402093077,10,0.2480217772681081,10,0.09504042655174186
Hainan,海南,2019,10,0.52,0.28205594401741557,0.5424152769565684,10,8.66,0.7777460310981279,0.08980901051941431,0,,,,10,17.71,2.483031301543428,0.14020504243610546,10,0.32999999999999996,0.04830458915396473,0.14637754289080224,10,0.32999999999999996,0.04830458915396473,0.14637754289080224,10,27.22,2.268038800373574,0.08332251287191675,10,0.14020504243610546,10,0.14637754289080224,10,0.08332251287191675
Hainan,海南,2020,10,0.49000000000000005,0.35730472522297646,0.7291933167815845,10,8.66,1.1197221877670267,0.12929817410704697,0,,,,10,17.65,3.7639370640623366,0.21325422459276697,10,0.48999999999999994,0.24698178070456936,0.5040444504174886,10,0.48999999999999994,0.24698178070456936,0.5040444504174886,10,27.29,3.8187985312428037,0.1399339879531991,10,0.21325422459276697,10,0.5040444504174886,10,0.1399339879531991
Hainan,海南,2021,10,0.7500000000000001,0.392286743197994,0.5230489909306586,10,8.25,1.7608394462742942,0.21343508439688416,0,,,,10,21.44,3.9280190087795317,0.18320984182740352,10,0.42000000000000004,0.16865480854231352,0.4015590679578893,10,0.42000000000000004,0.16865480854231352,0.4015590679578893,10,30.860000000000003,3.7157921243136176,0.12040804032124489,10,0.18320984182740352,10,0.4015590679578893,10,0.12040804032124489
Hainan,海南,2022,10,1.2100000000000002,0.41217579852399033,0.34064115580495063,10,8.73,1.19633700194478,0.1370374572674433,0,,,,10,21.2,2.0800641015763626,0.0981162312064322,10,0.4,0.1825741858350553,0.45643546458763823,10,0.4,0.1825741858350553,0.45643546458763823,10,31.540000000000003,2.2152000160507237,0.0702346232102322,10,0.0981162312064322,10,0.45643546458763823,10,0.0702346232102322
Hainan,海南,2023,10,1.06,0.374759181934805,0.3535463980517028,10,9.09,0.4040077006966848,0.044445291605795904,0,,,,10,27.21,3.798376846320896,0.13959488593608585,10,0.38,0.10327955589886448,0.2717883049970118,10,0.38,0.10327955589886448,0.2717883049970118,10,37.739999999999995,3.5727984674326225,0.09466874582492377,10,0.13959488593608585,10,0.2717883049970118,10,0.09466874582492377
Hebei,河北,2000,12,0.39166666666666666,0.314551147259749,0.8031093121525505,0,,,,0,,,,12,69.96083333333333,14.780965313742565,0.21127486065406928,0,,,,0,,,,12,70.35249999999999,14.717573987954307,0.20919759763980397,12,0.21127486065406928,0,,12,0.20919759763980397
Hebei,河北,2001,12,0.3016666666666667,0.2624996392493914,0.8701645499979824,0,,,,0,,,,12,74.82333333333334,7.221269509811507,0.09651093032224582,0,,,,0,,,,12,75.12500000000001,7.357814028142277,0.0979409521216942,12,0.09651093032224582,0,,12,0.0979409521216942
Hebei,河北,2002,12,0.30333333333333334,0.21537845479034998,0.7100388619462087,0,,,,0,,,,12,84.19333333333334,9.341058275001279,0.11094771884157033,0,,,,0,,,,12,84.49666666666667,9.429272924186044,0.11159343079631595,12,0.11094771884157033,0,,12,0.11159343079631595
Hebei,河北,2003,12,0.2508333333333333,0.17354372429570658,0.6918686682885313,0,,,,0,,,,12,90.43083333333334,11.662321192886992,0.12896399118538468,0,,,,0,,,,12,90.68166666666667,11.771466915101694,0.1298108796166262,12,0.12896399118538468,0,,12,0.1298108796166262
Hebei,河北,2004,12,0.435,0.5307199227121931,1.220045799338375,0,,,,0,,,,12,104.14833333333333,18.411174390142595,0.17677838714150582,0,,,,0,,,,12,104.58333333333331,18.910765252211306,0.18082006615660215,12,0.17677838714150582,0,,12,0.18082006615660215
Hebei,河北,2005,12,0.4091666666666667,0.5214221520093489,1.2743514916725431,0,,,,0,,,,12,109.79916666666666,13.116438304199765,0.1194584503907871,0,,,,0,,,,12,110.20833333333331,13.314426784734694,0.12081143396356625,12,0.1194584503907871,0,,12,0.12081143396356625
Hebei,河北,2006,12,0.4283333333333333,0.2830943733853152,0.6609207160746658,0,,,,0,,,,12,119.90666666666668,14.539011053859314,0.12125273313015106,0,,,,0,,,,12,120.335,14.776125399379323,0.1227915851529424,12,0.12125273313015106,0,,12,0.1227915851529424
Hebei,河北,2007,12,0.4483333333333333,0.4609640753766814,1.0281726588327467,0,,,,0,,,,12,131.32333333333335,23.205364322357322,0.17670404590976968,0,,,,0,,,,12,131.77166666666668,23.420860877483243,0.17773821542934046,12,0.17670404590976968,0,,12,0.17773821542934046
Hebei,河北,2008,12,0.445,0.3765271932712526,0.846128524205062,0,,,,0,,,,12,131.53083333333333,35.215850372016334,0.26773836582309346,0,,,,0,,,,12,131.97583333333327,35.14485335613514,0.2662976430493094,12,0.26773836582309346,0,,12,0.2662976430493094
Hebei,河北,2009,10,0.5759247000000001,0.4104739144214351,0.7127214971357108,0,,,,0,,,,12,142.26507475,27.633464373770234,0.19423927075798506,0,,,,0,,,,12,142.745012,27.54927939981695,0.1929964417938257,12,0.19423927075798506,0,,12,0.1929964417938257
Hebei,河北,2010,12,0.41662708333333337,0.25976862697739245,0.6235039376198157,0,,,,0,,,,12,160.52299191666668,21.091103018743883,0.13138991970504163,0,,,,0,,,,12,160.93961900000002,21.126813601267767,0.13127167649917057,12,0.13138991970504163,0,,12,0.13127167649917057
Hebei,河北,2011,12,0.3647335,0.15919554782976245,0.4364708693601286,0,,,,0,,,,12,180.65019100000004,12.929462699957076,0.07157181859806101,0,,,,0,,,,12,181.0149245,12.88069834353299,0.07115821183867625,12,0.07157181859806101,0,,12,0.07115821183867625
Hebei,河北,2012,12,0.2726855833333333,0.15910790206503853,0.5834848330450371,0,,,,0,,,,12,182.76410766666666,10.690038263648098,0.058490906120063066,0,,,,0,,,,12,183.03679325,10.716176743315252,0.0585465717194827,12,0.058490906120063066,0,,12,0.0585465717194827
Hebei,河北,2013,10,0.19256,0.105627134560943,0.5485414133825457,0,,,,0,,,,10,197.11829,15.563902835189603,0.07895717254441281,10,13.6,2.7800879282657407,0.20441823001953977,10,13.6,2.7800879282657407,0.20441823001953977,10,210.91085000000004,15.302627243657671,0.07255495506114393,10,0.07895717254441281,10,0.20441823001953977,10,0.07255495506114393
Hebei,河北,2014,10,0.31100000000000005,0.1907558066685724,0.6133627224069851,0,,,,0,,,,10,193.81300000000002,16.84777931294733,0.08692801469946458,10,14.930000000000001,3.7247072964790746,0.24947805066839077,10,14.930000000000001,3.7247072964790746,0.24947805066839077,10,209.054,15.428916718652335,0.07380349918514993,10,0.08692801469946458,10,0.24947805066839077,10,0.07380349918514993
Hebei,河北,2015,12,0.35780833333333334,0.2758730025946833,0.7710077628004284,0,,,,0,,,,12,189.01675,18.421826433460538,0.09746134368229555,10,15.939999999999998,3.871319040212403,0.2428681957473277,10,15.939999999999998,3.871319040212403,0.2428681957473277,12,202.65789166666664,20.282188468589347,0.10008092111186895,12,0.09746134368229555,10,0.2428681957473277,12,0.10008092111186895
Hebei,河北,2016,10,1.4,0.3559026084010439,0.2542161488578885,0,,,,7,1.792557142857143,0.5565808891710851,0.31049547925928606,10,198.69000000000003,13.253129609433595,0.06670254974801748,10,17.59,8.809016845129642,0.5007968644189678,10,18.84479,8.779239653542518,0.46587091994883034,10,218.93479000000002,16.2002482767292,0.07399576959298794,10,0.06670254974801748,10,0.46587091994883034,10,0.07399576959298794
Hebei,河北,2017,10,0.9800000000000001,0.42635405214185285,0.43505515524678856,0,,,,10,3.3924099999999995,0.6396397448738013,0.18855024742699183,10,207.44,19.803265723949014,0.09546502952154365,10,21.130000000000003,6.326671935368373,0.2994165610680725,10,24.52241,6.5001291015298746,0.26506893496723505,10,232.94241000000002,19.44227067508377,0.08346385132309642,10,0.09546502952154365,10,0.26506893496723505,10,0.08346385132309642
Hebei,河北,2018,10,0.45,0.33082388735465346,0.7351641941214521,0,,,,9,5.042222222222222,0.526606161608886,0.10443930045129957,10,230.70999999999998,28.694035384843765,0.12437274233818979,10,20.17,6.900893661934907,0.34213652265418476,10,24.708,6.964999775384859,0.28189249536121336,10,255.86799999999994,27.23758856360083,0.10645171949443008,10,0.12437274233818979,10,0.28189249536121336,10,0.10645171949443008
Hebei,河北,2019,10,0.4,0.2309401076758503,0.5773502691896257,0,,,,10,7.05673,1.4548052592472072,0.20615855491810048,10,228.35999999999999,21.748266853041653,0.09523676148643219,10,22.990000000000002,9.760743368776332,0.4245647398336812,10,30.046730000000004,9.389686014635657,0.31250275869073463,10,258.8067299999999,25.46695914989323,0.09840145636820666,10,0.09523676148643219,10,0.31250275869073463,10,0.09840145636820666
Hebei,河北,2020,10,0.34,0.25905812303633924,0.761935655989233,0,,,,10,8.43134,1.9908357726788466,0.23612329388671865,10,229.8,29.89236245821552,0.13007990625855317,10,29.139999999999997,9.028744221774264,0.30984022724002286,10,37.57134,10.547510457522925,0.2807328793043561,10,267.71134,31.727501354265012,0.11851384911175228,10,0.13007990625855317,10,0.2807328793043561,10,0.11851384911175228
Hebei,河北,2021,10,0.61,0.32472210341220137,0.5323313170691826,0,,,,10,10.73559,1.078244219347156,0.10043641936280688,10,219.93,24.599234405430877,0.11185029057168588,10,38.57,12.911239720147357,0.33474824267947517,10,49.30559,12.60456226649258,0.25564164766089564,10,269.84559,30.465790755769557,0.11290082878793593,10,0.11185029057168588,10,0.25564164766089564,10,0.11290082878793593
Hebei,河北,2022,10,2.2600000000000002,1.5805765474099074,0.6993701537211979,0,,,,10,15.36015,2.103466926687146,0.1369431240376654,10,222.65,27.535885676694676,0.12367341422274725,10,46.980000000000004,12.525777864512493,0.26661936706071715,10,62.34015000000001,12.156717384068417,0.19500622606888843,10,287.25015,26.058906278756197,0.0907185123445756,10,0.12367341422274725,10,0.19500622606888843,10,0.0907185123445756
Hebei,河北,2023,10,4.000000000000001,0.6394442031083637,0.1598610507770909,0,,,,10,20.274230000000003,2.199978935782995,0.10851109688422172,10,235.56,27.88999023943099,0.11839866802271604,10,49.61,15.160141453459092,0.30558640301268075,10,69.88423,14.106745824687321,0.20185878594766402,10,309.44422999999995,26.69610167933596,0.08627112445863336,10,0.11839866802271604,10,0.20185878594766402,10,0.08627112445863336
Heilongjiang,黑龙江,2000,12,1.0991666666666668,0.7585447590717054,0.6901089544245992,0,,,,0,,,,12,34.461666666666666,4.203623617208316,0.1219796958129801,0,,,,0,,,,12,35.560833333333335,3.7810110680834694,0.10632515364985268,12,0.1219796958129801,0,,12,0.10632515364985268
Heilongjiang,黑龙江,2001,12,1.055,0.6926956566395323,0.6565835607957652,0,,,,0,,,,12,35.450833333333335,3.6747924080720904,0.10365884416648664,0,,,,0,,,,12,36.505833333333335,3.311375595327926,0.09070812231820283,12,0.10365884416648664,0,,12,0.09070812231820283
Heilongjiang,黑龙江,2002,12,1.2575,1.2451734088799915,0.9901975418528759,0,,,,0,,,,12,37.01583333333333,4.728694723481178,0.12774789320285043,0,,,,0,,,,12,38.27333333333333,3.9678992228160497,0.10367268479749302,12,0.12774789320285043,0,,12,0.10367268479749302
Heilongjiang,黑龙江,2003,12,0.9416666666666668,0.485851330297155,0.5159483153598106,0,,,,0,,,,12,39.65,9.453395734289929,0.2384210777878923,0,,,,0,,,,12,40.59166666666667,9.401979320947014,0.23162338708964106,12,0.2384210777878923,0,,12,0.23162338708964106
Heilongjiang,黑龙江,2004,12,0.935,0.48586380433577936,0.5196404324446838,0,,,,0,,,,12,44.169999999999995,4.220157256871741,0.09554351951260452,0,,,,0,,,,12,45.105,4.063306982786751,0.09008551120245542,12,0.09554351951260452,0,,12,0.09008551120245542
Heilongjiang,黑龙江,2005,12,1.115,0.8855455432053787,0.7942112495115504,0,,,,0,,,,12,47.98,19.179416997490733,0.39973774484140756,0,,,,0,,,,12,49.095,18.872772354999583,0.38441332834299996,12,0.39973774484140756,0,,12,0.38441332834299996
Heilongjiang,黑龙江,2006,12,1.0516666666666665,0.6336450588508211,0.6025151114270884,0,,,,0,,,,12,51.55916666666667,4.550844993132074,0.08826451797705692,0,,,,0,,,,12,52.61083333333334,4.362748212961307,0.08292490227857963,12,0.08826451797705692,0,,12,0.08292490227857963
Heilongjiang,黑龙江,2007,12,0.7908333333333332,0.6388406876854543,0.8078069812671711,0,,,,0,,,,12,55.634166666666665,4.534946042243574,0.08151368689343012,0,,,,0,,,,12,56.42499999999999,4.136596097364029,0.07331140624482108,12,0.08151368689343012,0,,12,0.07331140624482108
Heilongjiang,黑龙江,2008,12,0.8575,0.5755965285131276,0.6712495959336765,0,,,,0,,,,12,58.26499999999999,1.915290151292058,0.03287205271246989,0,,,,0,,,,12,59.1225,2.0326030109197366,0.03437951728901411,12,0.03287205271246989,0,,12,0.03437951728901411
Heilongjiang,黑龙江,2009,12,1.3004583333333335,1.113878715005554,0.8565277998184387,0,,,,0,,,,12,56.94832358333334,7.21391314507813,0.1266747235240718,0,,,,0,,,,12,58.248781916666665,7.235684598846263,0.12422035896300733,12,0.1266747235240718,0,,12,0.12422035896300733
Heilongjiang,黑龙江,2010,12,1.708875,1.0302563777349967,0.602885745145196,0,,,,0,,,,12,59.9566405,5.758349038154751,0.09604188944099948,0,,,,0,,,,12,61.6655155,5.12155197497963,0.08305374460024793,12,0.09604188944099948,0,,12,0.08305374460024793
Heilongjiang,黑龙江,2011,12,1.1270083333333334,0.8562766783722668,0.7597784799333931,0,,,,0,,,,12,63.782650916666675,4.5931919205534335,0.07201318625898023,0,,,,0,,,,12,64.90965925,4.38522863097129,0.06755895319187474,12,0.07201318625898023,0,,12,0.06755895319187474
Heilongjiang,黑龙江,2012,12,1.1116,0.8103912265072963,0.7290313300713354,0,,,,0,,,,12,63.62459741666667,7.694239926036472,0.12093184457652759,0,,,,0,,,,12,64.73619741666667,7.459669315419665,0.11523181176995012,12,0.12093184457652759,0,,12,0.11523181176995012
Heilongjiang,黑龙江,2013,10,2.66967,1.5620861336686913,0.5851233050034991,0,,,,0,,,,10,59.81374999999999,6.573156400805038,0.1098937351496109,10,5.37,1.0263744172788243,0.19113117640201568,10,5.37,1.0263744172788243,0.19113117640201568,10,67.85342,6.306540878555271,0.09294359633685777,10,0.1098937351496109,10,0.19113117640201568,10,0.09294359633685777
Heilongjiang,黑龙江,2014,10,1.579,1.0432476003114293,0.6607014568153448,0,,,,0,,,,10,65.447,10.996810699268938,0.16802619981464295,10,5.3100000000000005,1.0322036836034079,0.19438864097992614,10,5.3100000000000005,1.0322036836034079,0.19438864097992614,10,72.33600000000001,11.028362626529042,0.15246022210972462,10,0.16802619981464295,10,0.19438864097992614,10,0.15246022210972462
Heilongjiang,黑龙江,2015,12,1.2556666666666667,0.770859473496167,0.6139045448602338,0,,,,0,,,,12,64.19291666666668,7.813129069461263,0.12171325864553481,10,5.55,1.3818264885449423,0.2489777456837734,10,5.55,1.3818264885449423,0.2489777456837734,12,70.07358333333333,7.005907680837955,0.09997929815450599,12,0.12171325864553481,10,0.2489777456837734,12,0.09997929815450599
Heilongjiang,黑龙江,2016,10,1.56,0.9731963373909249,0.6238438060198237,0,,,,7,0.0,0.0,,10,65.55,9.143090894829326,0.13948269862439858,10,6.9300000000000015,1.429102282320384,0.20621966555849694,10,6.9300000000000015,1.429102282320384,0.20621966555849694,10,74.03999999999999,8.624280968418303,0.11648137450591982,10,0.13948269862439858,10,0.20621966555849694,10,0.11648137450591982
Heilongjiang,黑龙江,2017,10,1.64,1.2988884136488057,0.792005130273662,0,,,,10,0.0,0.0,,10,65.69,9.336124582621121,0.14212398512134453,10,7.890000000000001,2.059908304323816,0.2610783655670236,10,7.890000000000001,2.059908304323816,0.2610783655670236,10,75.22,7.660983400756517,0.10184769211322144,10,0.14212398512134453,10,0.2610783655670236,10,0.10184769211322144
Heilongjiang,黑龙江,2018,10,2.2399999999999998,1.4653023957910913,0.6541528552638801,0,,,,10,0.11455,0.023105903526540073,0.20171020101737297,10,71.82,9.392408281869638,0.13077705767014258,10,9.319999999999999,3.094367643172206,0.3320136956193354,10,9.434549999999998,3.0952545209472593,0.3280765400519643,10,83.49454999999998,10.247529051461898,0.1227329095307646,10,0.13077705767014258,10,0.3280765400519643,10,0.1227329095307646
Heilongjiang,黑龙江,2019,10,2.04,1.4538836878436245,0.7126880822762865,0,,,,10,0.58955,0.18237064365370506,0.3093387221672548,10,75.86,8.74022628743417,0.11521521602206922,10,9.39,3.241553125689393,0.34521332541953065,10,9.97955,3.289482253502991,0.329622302959852,10,87.87955,9.367573511647018,0.10659560172585111,10,0.11521521602206922,10,0.329622302959852,10,0.10659560172585111
Heilongjiang,黑龙江,2020,10,2.4699999999999998,1.5442006202419283,0.6251824373449103,0,,,,10,1.40588,0.9016433106032313,0.6413373194036698,10,77.46000000000001,7.9416203216556,0.10252543663381875,10,10.05,3.4290426263511726,0.3411982712787236,10,11.45588,4.093424346653764,0.3573208122513298,10,91.38588,9.202516189342521,0.10069954121295896,10,0.10252543663381875,10,0.3573208122513298,10,0.10069954121295896
Heilongjiang,黑龙江,2021,10,2.73,0.9416887903005846,0.344940948828053,0,,,,10,3.3586200000000006,1.0730926881371121,0.3195040487274869,10,77.55999999999999,6.304883468832362,0.08129040057803459,10,11.750000000000002,4.096407640305781,0.34863043747283234,10,15.108620000000002,4.311272450165447,0.28535183558560917,10,95.39862,9.446968092438741,0.09902625522715885,10,0.08129040057803459,10,0.28535183558560917,10,0.09902625522715885
Heilongjiang,黑龙江,2022,10,2.95,1.349279643200607,0.45738292989851076,0,,,,10,4.5515099999999995,2.5326016805078364,0.556431092210681,10,70.81,12.594835802379045,0.17786803844625115,10,15.879999999999999,5.468048605815015,0.3443355545223561,10,20.43151,7.133869336941595,0.3491601617766673,10,94.19151,15.969624059615317,0.16954419840615484,10,0.17786803844625115,10,0.3491601617766673,10,0.16954419840615484
Heilongjiang,黑龙江,2023,10,3.3099999999999996,1.3601062050034507,0.41090821903427516,0,,,,10,4.62604,0.7473282429205159,0.16154815845096798,10,76.15,11.155392318416148,0.146492348239214,10,17.19,5.047430589473774,0.29362597960871284,10,21.816039999999994,5.4736128991127355,0.25089855441742576,10,101.27604000000001,13.219636217570018,0.13053073774971866,10,0.146492348239214,10,0.25089855441742576,10,0.13053073774971866
Henan,河南,2000,12,1.2933333333333332,0.4192055979269998,0.3241280396342782,0,,,,0,,,,12,56.48,4.295492351925962,0.07605333484288176,0,,,,0,,,,12,57.77333333333334,4.1883069552642676,0.07249550464916225,12,0.07605333484288176,0,,12,0.07249550464916225
Henan,河南,2001,11,11.401818181818182,33.994403015255855,2.981489660084631,0,,,,0,,,,11,97.74363636363637,118.20316622432138,1.2093182801647493,0,,,,0,,,,11,109.14545454545454,152.160862271718,1.3941108487330485,11,1.2093182801647493,0,,11,1.3941108487330485
Henan,河南,2002,12,1.2933333333333332,0.3413964193595403,0.26396630362851053,0,,,,0,,,,12,71.57166666666667,7.67464992785674,0.10723028099373691,0,,,,0,,,,12,72.865,7.474851777186559,0.1025849417029652,12,0.10723028099373691,0,,12,0.1025849417029652
Henan,河南,2003,12,1.425,0.676521853439945,0.47475217785259294,0,,,,0,,,,12,80.68833333333333,5.118339278486421,0.06343344901352638,0,,,,0,,,,12,82.11333333333333,5.233688658078247,0.06373737912736357,12,0.06343344901352638,0,,12,0.06373737912736357
Henan,河南,2004,11,6.330909090909091,2.1761224898679514,0.3437298591118246,0,,,,0,,,,12,93.2525,8.99074688473958,0.09641293139314851,0,,,,0,,,,12,99.05583333333334,8.957381372957505,0.09042760099564223,12,0.09641293139314851,0,,12,0.09042760099564223
Henan,河南,2005,11,6.293636363636363,2.832607536272093,0.45007486492839843,0,,,,0,,,,12,112.23083333333334,8.485810036154298,0.0756103272525016,0,,,,0,,,,12,118.00000000000001,9.322993081623508,0.07900841594596192,12,0.0756103272525016,0,,12,0.07900841594596192
Henan,河南,2006,10,9.865,9.415428532172312,0.9544276261705333,0,,,,0,,,,12,125.99416666666667,12.574510623648248,0.09980232384024325,0,,,,0,,,,12,134.215,13.16991578629801,0.0981255134396156,12,0.09980232384024325,0,,12,0.0981255134396156
Henan,河南,2007,12,6.808333333333334,1.9810044896160104,0.29096761169390606,0,,,,0,,,,12,152.43916666666667,15.599823692671139,0.10233474791149129,0,,,,0,,,,12,159.24750000000003,15.842260011523823,0.09948200135966857,12,0.10233474791149129,0,,12,0.09948200135966857
Henan,河南,2008,12,6.6625000000000005,1.9619105947565962,0.294470633359339,0,,,,0,,,,12,155.75416666666666,16.459722442337483,0.1056775737984804,0,,,,0,,,,12,162.41666666666669,17.138787659115298,0.10552357717259289,12,0.1056775737984804,0,,12,0.10552357717259289
Henan,河南,2009,12,6.956470833333333,1.6272584883531669,0.23392011945997523,0,,,,0,,,,12,162.71714583333332,19.26911376914523,0.11842091790917995,0,,,,0,,,,12,169.67361666666667,18.76697180153488,0.11060630503564763,12,0.11842091790917995,0,,12,0.11060630503564763
Henan,河南,2010,12,6.8435825,1.471821526292104,0.21506594335526807,0,,,,0,,,,12,174.22228833333335,18.30913792227848,0.1050906752369608,0,,,,0,,,,12,181.06587083333332,18.27679532325397,0.10094003491181014,12,0.1050906752369608,0,,12,0.10094003491181014
Henan,河南,2011,12,7.8111749999999995,2.865718184775772,0.3668741495070552,0,,,,0,,,,12,205.4740525,18.43502334351867,0.08971947123843614,0,,,,0,,,,12,213.2852275,18.354794965073744,0.0860575070304564,12,0.08971947123843614,0,,12,0.0860575070304564
Henan,河南,2012,12,10.08227675,2.331404145389605,0.23123786454181638,0,,,,0,,,,12,201.86752175,16.56063037585476,0.08203712133725027,0,,,,0,,,,12,211.9497985,16.369774805179848,0.07723420791636113,12,0.08203712133725027,0,,12,0.07723420791636113
Henan,河南,2013,10,9.31663,2.7128853053734363,0.29118740417655703,0,,,,0,,,,10,229.96567999999996,23.235085289315787,0.10103718645893504,10,0.22999999999999998,0.06749485577105534,0.29345589465676236,10,0.22999999999999998,0.06749485577105534,0.29345589465676236,10,239.51230999999999,22.51179494361173,0.09399013747398507,10,0.10103718645893504,10,0.29345589465676236,10,0.09399013747398507
Henan,河南,2014,10,7.883999999999999,2.6519225730275995,0.3363676525910198,0,,,,0,,,,10,215.72199999999998,23.457240910028403,0.10873828775010617,10,0.52,0.2573367875415838,0.4948784375799688,10,0.52,0.2573367875415838,0.4948784375799688,10,224.12599999999998,24.263557584712622,0.1082585580642702,10,0.10873828775010617,10,0.4948784375799688,10,0.1082585580642702
Henan,河南,2015,12,8.605866666666666,3.9128102287308293,0.4546677726121905,0,,,,0,,,,12,206.66573333333335,21.858070062370906,0.10576533279039439,9,1.4,0.9473647660748208,0.676689118624872,9,1.4,0.9473647660748208,0.676689118624872,12,216.3216,20.735058760422696,0.09585292804982348,12,0.10576533279039439,9,0.676689118624872,12,0.09585292804982348
Henan,河南,2016,10,7.669999999999999,2.0763482902013877,0.27071033770552644,0,,,,7,0.4121714285714286,0.4978277604228385,1.2078172476638949,10,207.58999999999997,18.271985235448376,0.08801958300230443,9,1.2000000000000002,0.36055512754639873,0.30046260628866556,9,1.520577777777778,0.7205901119530048,0.47389230757146716,10,216.62851999999998,18.669301355659876,0.08618117944793177,10,0.08801958300230443,9,0.47389230757146716,10,0.08618117944793177
Henan,河南,2017,10,8.51,2.1304407473050673,0.25034556372562483,0,,,,10,1.21795,0.37233636898195493,0.3057074337878853,10,214.91000000000003,30.002720247041303,0.1396059757435266,10,2.62,1.6253546621515496,0.6203643748670036,10,3.83795,1.8035886863263597,0.46993543071857624,10,227.25795000000002,30.386394523691752,0.1337088296523477,10,0.1396059757435266,10,0.46993543071857624,10,0.1337088296523477
Henan,河南,2018,10,12.350000000000001,2.5838171589938606,0.20921596429100084,0,,,,10,2.62622,0.6633099289003425,0.2525721108286215,10,227.11000000000004,38.82331630462412,0.17094498835200614,10,3.4299999999999997,0.7513691207093596,0.2190580526849445,10,6.056219999999999,0.954512589754584,0.15760863868132005,10,245.51622000000003,37.32491521841384,0.15202627027417512,10,0.17094498835200614,10,0.15760863868132005,10,0.15202627027417512
Henan,河南,2019,10,12.169999999999998,3.8407319904182606,0.3155901389004323,0,,,,9,5.807744444444444,2.277904876806267,0.3922185107482232,10,205.95999999999998,37.7980070021335,0.18352110605036662,10,4.21,0.9803060746521975,0.2328517992047975,10,9.436969999999999,2.5750856943885267,0.2728720865265575,10,227.56697,34.35743079096086,0.15097723009169944,10,0.18352110605036662,10,0.2728720865265575,10,0.15097723009169944
Henan,河南,2020,10,11.76,2.892211764184788,0.24593637450550918,0,,,,10,3.9880299999999997,0.6043051511171039,0.15152974052780543,10,209.25,31.041629753893037,0.14834709559805515,10,7.5200000000000005,2.378982041873282,0.3163539949299577,10,11.50803,2.128676439089171,0.18497313954596667,10,232.51803,29.739170922541046,0.12790049409304322,10,0.14834709559805515,10,0.18497313954596667,10,0.12790049409304322
Henan,河南,2021,10,8.9,4.434962106815445,0.49831034908038707,0,,,,10,5.78531,2.57873094734169,0.4457377301029141,10,202.42000000000002,27.079135059221407,0.13377697391177457,10,16.95,3.08661987005563,0.1821014672599192,10,22.735310000000002,4.490435881948309,0.19750933160569653,10,234.05531000000002,29.123890509509323,0.12443165895065282,10,0.13377697391177457,10,0.19750933160569653,10,0.12443165895065282
Henan,河南,2022,10,9.2,3.6411231478457022,0.3957742552006198,0,,,,10,6.38055,1.4012299202644949,0.2196095822874979,10,223.35,51.9242236340612,0.23247917454247236,10,25.669999999999998,5.000455534804358,0.19479764451906342,10,32.05055,5.099538950892193,0.15910924932309098,10,264.60055,48.50927295958187,0.18333020456526591,10,0.23247917454247236,10,0.15910924932309098,10,0.18333020456526591
Henan,河南,2023,10,10.65,2.4771175004652313,0.2325931925319466,0,,,,10,5.5930599999999995,1.1314850283292897,0.20230160740798234,10,219.66,49.6963714302496,0.2262422445153856,10,27.51,8.126151200496667,0.2953889931114746,10,33.10306,7.275277874219733,0.21977659691338908,10,263.41306000000003,45.19121891268005,0.17156028221486075,10,0.2262422445153856,10,0.21977659691338908,10,0.17156028221486075
Hubei,湖北,2000,12,22.488333333333333,10.207750026624897,0.4539131413306854,0,,,,0,,,,12,22.0775,3.942210097717458,0.1785623416472634,0,,,,0,,,,12,44.56583333333334,7.000574597629084,0.15708389306372408,12,0.1785623416472634,0,,12,0.15708389306372408
Hubei,湖北,2001,12,22.035,5.642556641678086,0.2560724593454997,0,,,,0,,,,12,26.906666666666666,5.1496042801776705,0.19138767146349123,0,,,,0,,,,12,48.94166666666666,7.8933422271653395,0.16128061761618268,12,0.19138767146349123,0,,12,0.16128061761618268
Hubei,湖北,2002,12,22.715,8.843279420502945,0.389314524345276,0,,,,0,,,,12,27.831666666666667,5.833891315304725,0.20961343728264176,0,,,,0,,,,12,50.54666666666666,8.291345250356304,0.16403347237581717,12,0.20961343728264176,0,,12,0.16403347237581717
Hubei,湖北,2003,12,31.72,15.894055492541858,0.5010736283903486,0,,,,0,,,,12,31.471666666666668,4.4209497814041026,0.1404739643511339,0,,,,0,,,,12,63.19166666666667,16.228642374928754,0.25681617895179354,12,0.1404739643511339,0,,12,0.25681617895179354
Hubei,湖北,2004,12,57.475833333333334,14.697756451138027,0.25572063245952115,0,,,,0,,,,12,34.45916666666667,3.459588673220965,0.10039675963979487,0,,,,0,,,,12,91.935,14.697662461023583,0.1598701524014095,12,0.10039675963979487,0,,12,0.1598701524014095
Hubei,湖北,2005,12,67.13666666666667,21.978484658383245,0.3273693161965629,0,,,,0,,,,12,37.31333333333333,3.648517341041262,0.0977805254879738,0,,,,0,,,,12,104.44999999999999,21.42225096397753,0.20509574881740097,12,0.0977805254879738,0,,12,0.20509574881740097
Hubei,湖北,2006,12,62.19583333333333,16.714589956808464,0.26874131370228654,0,,,,0,,,,12,45.6575,12.954821583978969,0.28373917941146515,0,,,,0,,,,12,107.85333333333335,24.36524026832761,0.22591086909686864,12,0.28373917941146515,0,,12,0.22591086909686864
Hubei,湖北,2007,12,76.79,33.656318331575775,0.43829038066904247,0,,,,0,,,,12,53.699999999999996,11.251731987888466,0.2095294597372154,0,,,,0,,,,12,130.49,35.818084056165624,0.27448911070707044,12,0.2095294597372154,0,,12,0.27448911070707044
Hubei,湖北,2008,12,99.39583333333333,42.62643150533233,0.42885531592034204,0,,,,0,,,,11,52.12454545454546,11.322650187686943,0.2172230009671876,0,,,,0,,,,12,147.17666666666665,35.74143898342737,0.24284718354422605,11,0.2172230009671876,0,,12,0.24284718354422605
Hubei,湖北,2009,12,97.46763741666666,40.81320701924252,0.41873598356313074,0,,,,0,,,,12,50.50581583333334,11.345743813950826,0.2246423233987787,0,,,,0,,,,12,147.97345325,42.238517240760224,0.2854465872969699,12,0.2246423233987787,0,,12,0.2854465872969699
Hubei,湖北,2010,12,104.12486575000001,51.209661126173415,0.49181010469800684,0,,,,0,,,,12,62.72630541666667,12.19079337208963,0.19434897832912185,0,,,,0,,,,12,166.85117116666663,44.757161111707134,0.26824601109332025,12,0.19434897832912185,0,,12,0.26824601109332025
Hubei,湖北,2011,12,94.88048574999999,30.174112795074283,0.31802232626190247,0,,,,0,,,,12,75.25010133333333,16.715155317849355,0.22212801074920396,0,,,,0,,,,12,170.13058708333332,33.04008321738076,0.19420425088639162,12,0.22212801074920396,0,,12,0.19420425088639162
Hubei,湖北,2012,12,112.2074405,48.45988246722654,0.4318776210497961,0,,,,0,,,,12,62.04122291666667,22.634963643069923,0.364837483514357,0,,,,0,,,,12,174.24866341666666,51.15754999343888,0.2935893394551325,12,0.364837483514357,0,,12,0.2935893394551325
Hubei,湖北,2013,10,103.82612999999999,50.34496694464986,0.4848968842877016,0,,,,0,,,,10,80.60065999999999,17.87421736967026,0.22176266757208019,10,0.8400000000000001,1.8142644668172156,2.1598386509728758,10,0.8400000000000001,1.8142644668172156,2.1598386509728758,10,185.26679,56.329070264107635,0.30404299801441825,10,0.22176266757208019,10,2.1598386509728758,10,0.30404299801441825
Hubei,湖北,2014,10,125.65199999999997,47.99863558245982,0.38199659044392315,0,,,,0,,,,10,75.851,17.522320020159672,0.2310097430509772,10,0.58,0.2440400695696415,0.42075874063731294,10,0.58,0.2440400695696415,0.42075874063731294,10,202.083,46.86688004930086,0.23191896423400712,10,0.2310097430509772,10,0.42075874063731294,10,0.23191896423400712
Hubei,湖北,2015,12,107.49630833333333,34.533592100431946,0.3212537494157228,0,,,,0,,,,12,80.173175,17.439180124187697,0.2175188911277082,10,1.52,1.4543421575100923,0.9568040509934818,10,1.52,1.4543421575100923,0.9568040509934818,12,188.93615,35.951297471073794,0.19028278850327898,12,0.2175188911277082,10,0.9568040509934818,12,0.19028278850327898
Hubei,湖北,2016,10,123.33,43.32461578979475,0.3512901628946303,0,,,,7,0.47558571428571433,0.3739905410059255,0.7863788372357329,10,82.24,23.95561636768203,0.29128910952920756,10,2.51,0.41486276177925524,0.16528396883635668,10,2.84291,0.6673091295144502,0.2347274903231021,10,208.41290999999995,40.83698157752629,0.19594266774321367,10,0.29128910952920756,10,0.2347274903231021,10,0.19594266774321367
Hubei,湖北,2017,10,132.84,41.43042896766148,0.3118821813283761,0,,,,10,0.5927,0.12634382542183137,0.21316656895871666,10,84.42,27.685126371794357,0.3279451121984643,10,3.6399999999999997,0.5719362823873928,0.1571253523042288,10,4.2326999999999995,0.6382636915883594,0.1507935104279442,10,221.4927,39.1976264939884,0.17697028612675902,10,0.3279451121984643,10,0.1507935104279442,10,0.17697028612675902
Hubei,湖北,2018,10,128.7,44.00648942043788,0.34193076472756706,0,,,,10,3.07428,3.1508326782332037,1.0249010103937195,10,102.53,22.998408157474216,0.22430906229858788,10,4.54,1.8756924647239552,0.4131481199832501,10,7.614279999999999,4.585642510367428,0.6022424326879795,10,238.84427999999997,51.68290377881901,0.21638744615872324,10,0.22430906229858788,10,0.6022424326879795,10,0.21638744615872324
Hubei,湖北,2019,10,117.8,31.367499103371333,0.2662775815226769,0,,,,10,3.7588699999999995,1.162677485662583,0.30931569478662024,10,121.66,24.131500851238705,0.1983519714880709,10,5.25,0.6041522986797292,0.11507662831994842,10,9.00887,1.4681250484508765,0.16296439491866088,10,248.46887,42.487243649543416,0.17099624451764686,10,0.1983519714880709,10,0.16296439491866088,10,0.17099624451764686
Hubei,湖北,2020,10,142.66,55.40381454978228,0.38836264229484285,0,,,,10,3.9198399999999998,0.6507822305161354,0.166022651566425,10,102.86000000000001,30.741257113021444,0.2988650312368408,10,6.39,1.381183067759907,0.2161475849389526,10,10.30984,1.5810293975761485,0.15335149697533118,10,255.82983999999996,56.037541156307796,0.21904223978058152,10,0.2988650312368408,10,0.15335149697533118,10,0.21904223978058152
Hubei,湖北,2021,10,137.78,52.09384267304961,0.37809437271773555,0,,,,10,4.15499,1.5549328899058992,0.37423264313654164,10,120.03,21.427710511806403,0.17851962435896362,10,9.05,1.9403607911932277,0.2144045073141688,10,13.20499,2.8446225414318564,0.2154202722934176,10,271.01499,45.62615066266392,0.1683528673549161,10,0.17851962435896362,10,0.2154202722934176,10,0.1683528673549161
Hubei,湖北,2022,10,102.47,40.41369542343013,0.3943953881470687,0,,,,10,7.172840000000001,1.3957066909315534,0.1945821586612211,10,130.26000000000002,37.330779674567644,0.2865866703099005,10,13.030000000000001,3.175269017474481,0.2436891034132372,10,20.20284,3.4693039728452773,0.1717235781130414,10,252.93284000000003,39.43504254749408,0.1559111207049827,10,0.2865866703099005,10,0.1717235781130414,10,0.1559111207049827
Hubei,湖北,2023,10,113.05999999999999,37.81813791761247,0.33449617829128314,0,,,,10,10.788,3.896541354700203,0.3611921908324252,10,120.68999999999998,20.888670507132666,0.1730770611246389,10,13.190000000000001,3.1313646297492173,0.23740444501510363,10,23.977999999999998,5.924712002002012,0.24708949879064196,10,257.728,34.945863641352425,0.13559203362208383,10,0.1730770611246389,10,0.24708949879064196,10,0.13559203362208383
Hunan,湖南,2000,12,15.929166666666667,4.366524430947408,0.27412133492738106,0,,,,0,,,,12,13.605833333333335,3.837260998381134,0.282030575001982,0,,,,0,,,,12,29.534999999999997,3.6947616481125882,0.12509773651981002,12,0.282030575001982,0,,12,0.12509773651981002
Hunan,湖南,2001,12,16.2725,5.353108060658863,0.32896654236649947,0,,,,0,,,,12,15.755833333333333,5.319430007628694,0.3376165446212743,0,,,,0,,,,12,32.02833333333333,3.4782384081949353,0.10859879507295424,12,0.3376165446212743,0,,12,0.10859879507295424
Hunan,湖南,2002,12,18.99416666666667,5.715820880095294,0.3009250671747621,0,,,,0,,,,12,16.4675,5.436299083684851,0.33012291384149695,0,,,,0,,,,12,35.461666666666666,5.236615550548126,0.14766975280015396,12,0.33012291384149695,0,,12,0.14766975280015396
Hunan,湖南,2003,12,19.36916666666667,7.934680446487984,0.4096552310711001,0,,,,0,,,,12,24.28333333333333,9.229397038646113,0.3800712575969573,0,,,,0,,,,12,43.652499999999996,5.510322750817939,0.12623155033086167,12,0.3800712575969573,0,,12,0.12623155033086167
Hunan,湖南,2004,12,19.715833333333332,9.437226536274823,0.4786623206192057,0,,,,0,,,,12,30.715833333333332,4.8046198569394605,0.15642160200567984,0,,,,0,,,,12,50.43166666666667,6.692786935925647,0.13271000897436755,12,0.15642160200567984,0,,12,0.13271000897436755
Hunan,湖南,2005,12,19.000833333333333,8.079143134508682,0.4251994106140265,0,,,,0,,,,12,33.5225,8.731885274930345,0.2604783436477096,0,,,,0,,,,12,52.52333333333333,6.433021816920073,0.12247931364320759,12,0.2604783436477096,0,,12,0.12247931364320759
Hunan,湖南,2006,12,19.74416666666667,7.655450177765015,0.3877322505937626,0,,,,0,,,,12,38.67333333333333,8.282156431239095,0.21415677722562734,0,,,,0,,,,12,58.4175,6.426145635392397,0.11000377687152647,12,0.21415677722562734,0,,12,0.11000377687152647
Hunan,湖南,2007,12,22.21083333333333,6.914354578876053,0.31130550011823305,0,,,,0,,,,12,45.6325,10.959008021631425,0.2401579580700471,0,,,,0,,,,12,67.84333333333333,10.490182712104371,0.15462363354941833,12,0.2401579580700471,0,,12,0.15462363354941833
Hunan,湖南,2008,12,25.448333333333334,8.795383947723876,0.3456172878796467,0,,,,0,,,,12,43.6275,7.917360814862939,0.18147638106384595,0,,,,0,,,,12,69.07583333333334,9.187358368316694,0.13300394544618876,12,0.18147638106384595,0,,12,0.13300394544618876
Hunan,湖南,2009,12,30.422768,9.799581642226563,0.32211341329055143,0,,,,0,,,,12,51.542768833333334,18.018701204526764,0.34958737398821793,0,,,,0,,,,12,81.96553683333333,16.137817925386482,0.1968854051209439,12,0.34958737398821793,0,,12,0.1968854051209439
Hunan,湖南,2010,12,38.55738366666667,13.512951589742109,0.3504633951972271,0,,,,0,,,,12,60.312703416666665,16.42465886692114,0.2723250316513318,0,,,,0,,,,12,98.87008708333333,12.933248485456913,0.1308105299285924,12,0.2723250316513318,0,,12,0.1308105299285924
Hunan,湖南,2011,12,33.94577833333333,7.849001161373303,0.23122171730161548,0,,,,0,,,,12,73.27661541666667,11.583765034803974,0.15808269758279886,0,,,,0,,,,12,107.22239375,13.811826577228441,0.12881475682619184,12,0.15808269758279886,0,,12,0.12881475682619184
Hunan,湖南,2012,12,41.81278141666666,12.316139231320872,0.2945544116902884,0,,,,0,,,,12,61.84661408333334,23.073993006130163,0.37308417523132004,0,,,,0,,,,12,103.65939550000002,23.139541998630698,0.22322667315410588,12,0.37308417523132004,0,,12,0.22322667315410588
Hunan,湖南,2013,10,38.033429999999996,11.093108315230882,0.2916673125519019,0,,,,0,,,,10,68.94558,22.302334522237306,0.3234773646437858,9,0.6,0.7697402159170327,1.2829003598617212,9,0.6,0.7697402159170327,1.2829003598617212,10,107.51901000000001,15.73096721688714,0.14630870593848605,10,0.3234773646437858,9,1.2829003598617212,10,0.14630870593848605
Hunan,湖南,2014,10,43.586999999999996,9.719899462214386,0.22299996471916825,0,,,,0,,,,10,59.120999999999995,15.662903413267056,0.26492960899286305,10,0.8300000000000001,0.1337493509849259,0.1611437963673806,10,0.8300000000000001,0.1337493509849259,0.1611437963673806,10,103.53799999999998,12.679579207879433,0.12246304939132913,10,0.26492960899286305,10,0.1611437963673806,10,0.12246304939132913
Hunan,湖南,2015,12,40.44339166666666,12.032135751429728,0.2975056061222131,0,,,,0,,,,12,58.146875,13.291025196460753,0.22857677556121034,9,1.9777777777777779,1.4575474072716967,0.7369621722160264,9,1.9777777777777779,1.4575474072716967,0.7369621722160264,12,100.0736,10.806842076876379,0.10798894090825531,12,0.22857677556121034,9,0.7369621722160264,12,0.10798894090825531
Hunan,湖南,2016,10,45.39,12.840340078570083,0.2828891843703477,0,,,,7,0.006085714285714286,0.0008091735937126864,0.13296279708893907,10,61.69,22.248518053019968,0.3606503169560702,10,2.62,0.7656515018088985,0.29223339763698414,10,2.6242600000000005,0.7670779841566159,0.2923025859315067,10,109.70426,16.72905775955915,0.152492325818151,10,0.3606503169560702,10,0.2923025859315067,10,0.152492325818151
Hunan,湖南,2017,10,45.36,7.879537493477086,0.17371114403609095,0,,,,10,0.2884,0.4749238886390113,1.6467541214944914,10,64.25,20.95159765851866,0.3260949051909519,9,3.788888888888889,1.075226074419288,0.283784007911249,10,3.6984000000000004,1.7817081161377448,0.4817510588734979,10,113.30839999999998,17.79697494363704,0.15706668652665684,10,0.3260949051909519,10,0.4817510588734979,10,0.15706668652665684
Hunan,湖南,2018,10,39.42,6.463882562189524,0.16397469716361046,0,,,,10,0.68719,0.3608807850246395,0.5251543023394396,10,73.36,17.61351753625606,0.2400970220318438,10,4.45,0.7575545451575676,0.17023697643990282,10,5.13719,0.9131863914034445,0.17775990208721976,10,117.91719,18.768753408166347,0.15916893379299785,10,0.2400970220318438,10,0.17775990208721976,10,0.15916893379299785
Hunan,湖南,2019,10,45.089999999999996,14.730350376763694,0.3266877439956464,0,,,,10,0.8462799999999999,0.24349760117458585,0.28772699481801045,10,74.09,23.870039333394036,0.32217626310425207,10,5.449999999999999,0.828988674363057,0.15210801364459764,10,6.296279999999999,0.9790153634023179,0.15549107781139307,10,125.47628,18.601891695129666,0.14825026447333045,10,0.32217626310425207,10,0.15549107781139307,10,0.14825026447333045
Hunan,湖南,2020,10,45.88,10.172380907798004,0.22171710784215354,0,,,,10,1.0901,0.3585419516752694,0.3289073953538844,10,71.92,23.46424229901034,0.32625475944118937,10,8.08,3.0662318532325252,0.37948414025155014,10,9.1701,3.3138304620349994,0.3613734269021057,10,126.9701,18.85739486832685,0.14851839030076253,10,0.32625475944118937,10,0.3613734269021057,10,0.14851839030076253
Hunan,湖南,2021,10,42.4,12.43087553902245,0.29318102686373704,0,,,,10,1.6063200000000002,0.6098914581027242,0.37968241577190354,10,84.98,19.203807492844284,0.22598031881435965,10,12.209999999999999,3.133138291801937,0.25660428270286134,10,13.81632,3.407593551597505,0.24663539579262098,10,141.19632,17.30224523746365,0.12254034126005305,10,0.22598031881435965,10,0.24663539579262098,10,0.12254034126005305
Hunan,湖南,2022,10,37.0,18.637000235493314,0.5037027090673869,0,,,,10,2.41154,0.746929515044388,0.30973133974322964,10,82.33000000000001,27.747914836574246,0.337032853596189,10,14.440000000000001,2.415321464687004,0.16726602941045732,10,16.85154,2.924374221835046,0.1735375058798808,10,136.18154,21.372143804764995,0.15693862622470706,10,0.337032853596189,10,0.1735375058798808,10,0.15693862622470706
Hunan,湖南,2023,10,30.339999999999996,6.730725567623943,0.22184329491179774,0,,,,10,2.6961899999999996,1.3537375885960246,0.5020928008026232,10,93.42999999999998,24.695435925602844,0.2643201961425971,10,16.970000000000002,2.175137288131997,0.1281754442034176,10,19.66619,2.270478244506601,0.11545084454622888,10,143.43618999999998,25.354294085418537,0.17676357748639684,10,0.2643201961425971,10,0.11545084454622888,10,0.17676357748639684
Jiangsu,江苏,2000,12,0.010833333333333334,0.0090033663737852,0.8310799729647876,11,0.0,0.0,,0,,,,12,75.7975,6.258325545732158,0.08256638471891763,0,,,,0,,,,12,75.80833333333334,6.262424499030761,0.0826086555879621,12,0.08256638471891763,0,,12,0.0826086555879621
Jiangsu,江苏,2001,12,0.012499999999999999,0.012154310870109942,0.9723448696087954,9,0.0,0.0,,0,,,,12,82.2075,7.04915227011538,0.0857482865932595,0,,,,0,,,,12,82.22,7.042844208517938,0.08565852844220309,12,0.0857482865932595,0,,12,0.08565852844220309
Jiangsu,江苏,2002,11,0.09363636363636364,0.14472544539732657,1.5456115527869827,0,,,,0,,,,12,92.97500000000001,9.920493481127387,0.10670065588736097,0,,,,0,,,,12,93.06083333333333,9.97340687513398,0.10717083135727325,12,0.10670065588736097,0,,12,0.10717083135727325
Jiangsu,江苏,2003,12,0.21833333333333335,0.15349464505514865,0.7030289086495357,0,,,,0,,,,12,106.2725,10.91566357871276,0.10271390603131347,0,,,,0,,,,12,106.49083333333334,10.919871343175936,0.10254282928742789,12,0.10271390603131347,0,,12,0.10254282928742789
Jiangsu,江苏,2004,12,0.19499999999999998,0.026111648393354628,0.13390588919669041,0,,,,0,,,,12,123.85833333333333,10.580599599209295,0.08542501190238279,0,,,,0,,,,12,124.05333333333334,10.587625996531242,0.08534737207006053,12,0.08542501190238279,0,,12,0.08534737207006053
Jiangsu,江苏,2005,12,0.18916666666666668,0.032879486097878816,0.17381226131037258,1,0.0,,,0,,,,12,148.93833333333333,20.256594362121067,0.1360065868119092,0,,,,0,,,,12,149.12750000000003,20.26386982919465,0.1358828507766485,12,0.1360065868119092,0,,12,0.1358828507766485
Jiangsu,江苏,2006,11,0.20545454545454547,0.055202107996640194,0.2686828265323195,0,,,,0,,,,12,184.51416666666668,30.41647354442638,0.16484627762688345,0,,,,0,,,,12,184.70250000000001,30.421364240821436,0.16470466962180497,12,0.16484627762688345,0,,12,0.16470466962180497
Jiangsu,江苏,2007,12,0.23166666666666666,0.105643769625123,0.4560162717631209,6,11.829999999999998,2.764395051362954,0.23367667382611618,0,,,,12,214.7825,26.043066124821365,0.12125320323965577,0,,,,0,,,,12,220.92916666666665,29.036940878922838,0.13143099807520287,12,0.12125320323965577,0,,12,0.13143099807520287
Jiangsu,江苏,2008,12,0.17416666666666666,0.025030284687057626,0.14371455322712512,12,11.729166666666666,3.7256688437558885,0.317641393428566,0,,,,12,218.8125,26.215799582070208,0.11980942396833,0,,,,0,,,,12,230.71583333333334,26.401145794120826,0.11443144327236965,12,0.11980942396833,0,,12,0.11443144327236965
Jiangsu,江苏,2009,12,0.16884166666666667,0.03858828621917968,0.2285471766596694,12,11.889024999999998,3.172493991720078,0.2668422340536821,0,,,,12,230.1790449166667,45.078984481908776,0.19584312941357904,0,,,,0,,,,12,242.23691158333338,45.68463371148732,0.1885948487902971,12,0.19584312941357904,0,,12,0.1885948487902971
Jiangsu,江苏,2010,12,0.23185,0.06979738859402589,0.3010454543628462,12,13.084883333333332,3.2827632788782566,0.25088212063118054,0,,,,12,263.86025166666667,30.916106686020036,0.11716848782921725,0,,,,0,,,,12,277.176985,30.988125235258682,0.11179905588214217,12,0.11716848782921725,0,,12,0.11179905588214217
Jiangsu,江苏,2011,12,0.155075,0.03438287430472542,0.2217177127501236,12,13.392966666666666,2.811682313728443,0.2099372292717155,0,,,,12,295.9929124166667,29.810614169438484,0.10071394590514497,0,,,,0,,,,12,309.54095408333336,29.83163705177493,0.0963737969346175,12,0.10071394590514497,0,,12,0.0963737969346175
Jiangsu,江苏,2012,12,0.9274117500000001,0.13849543621304242,0.14933543403244826,12,13.534508333333333,3.059242457168509,0.2260327735462753,0,,,,12,305.8113765833333,25.457298013966835,0.08324509800252557,0,,,,0,,,,12,320.2732966666667,24.99316423772091,0.07803699058848869,12,0.08324509800252557,0,,12,0.07803699058848869
Jiangsu,江苏,2013,10,0.8898900000000001,0.1680962320286276,0.1888955174556716,10,14.29597,1.7857223151368722,0.12491088853270342,0,,,,10,349.30299,38.77210422829655,0.11099848938681156,10,3.45,0.5190803834132478,0.15045808214876746,10,3.45,0.5190803834132478,0.15045808214876746,10,367.93885,39.355885793084816,0.10696311572720525,10,0.11099848938681156,10,0.15045808214876746,10,0.10696311572720525
Jiangsu,江苏,2014,10,0.933,0.17023186801797402,0.18245645018003645,10,14.705999999999998,2.225664445108969,0.15134397151563778,0,,,,10,345.531,34.712138590924546,0.1004602730027828,10,5.42,2.757535131235864,0.5087703194162111,10,5.42,2.757535131235864,0.5087703194162111,10,366.59000000000003,33.310586905667066,0.09086605446320703,10,0.1004602730027828,10,0.5087703194162111,10,0.09086605446320703
Jiangsu,江苏,2015,12,0.9272,0.1753404636181226,0.1891074888029795,12,13.847700000000001,2.218299008864062,0.16019259580031786,0,,,,12,337.5113833333333,36.95482432368261,0.10949208278165022,10,4.85,1.0309111396128092,0.2125589978583112,10,4.85,1.0309111396128092,0.2125589978583112,12,356.32794999999993,38.58124693902469,0.10827454579138318,12,0.10949208278165022,10,0.2125589978583112,12,0.10827454579138318
Jiangsu,江苏,2016,10,1.4300000000000002,0.20575065816014612,0.1438815791329693,10,12.509999999999998,3.3154352822987074,0.2650228043404243,7,2.222242857142857,0.47733632747132204,0.21479935279667609,10,373.87,34.69463775410966,0.09279866732850899,10,6.220000000000001,0.8599741598185132,0.13825951122484134,10,7.775570000000002,1.3814780643692224,0.17766904090236754,10,395.58557,36.3341664136618,0.09184906925108971,10,0.09279866732850899,10,0.17766904090236754,10,0.09184906925108971
Jiangsu,江苏,2017,10,2.4699999999999998,2.305572958434989,0.93343034754453,10,14.64,2.521110866265107,0.1722070263842286,10,3.2096199999999997,0.5019805901515403,0.15639876064815783,10,374.58,53.34118275570739,0.14240264497759464,10,8.450000000000001,1.8252853658172654,0.21601010246358168,10,11.65962,1.8031324785248346,0.1546476196072286,10,403.34961999999996,51.87830908815571,0.12861871318524043,10,0.14240264497759464,10,0.1546476196072286,10,0.12861871318524043
Jiangsu,江苏,2018,10,2.6399999999999997,0.41150131632029235,0.15587171072738348,10,21.56,4.010597073864302,0.18602027244268562,10,3.9900399999999996,0.8563270535646222,0.21461615762363845,10,373.96000000000004,45.90626197904697,0.12275714509318367,10,11.149999999999999,3.21498228783785,0.288339218640166,10,15.140039999999999,3.301988360636325,0.2180964092985438,10,413.30003999999997,49.056182322136216,0.11869387266968622,10,0.12275714509318367,10,0.2180964092985438,10,0.11869387266968622
Jiangsu,江苏,2019,10,2.4699999999999998,0.7242620765686656,0.2932235127808363,10,27.97,3.136895138685888,0.11215213223760773,10,5.344460000000001,1.2733075993909195,0.23824812972515827,10,368.63,31.883714059410096,0.08649245601120391,10,13.77,2.7284712854555644,0.19814606285080352,10,19.11446,1.9789830773517074,0.10353329768937795,10,418.18446000000006,33.25258479875249,0.07951654826856187,10,0.08649245601120391,10,0.10353329768937795,10,0.07951654826856187
Jiangsu,江苏,2020,10,2.56,0.42216373863966794,0.1649077104061203,10,31.21,4.431566063794805,0.14199186362687616,10,5.699340000000001,1.1817953735266051,0.20735653137496707,10,380.33,57.8123602701013,0.15200578516052193,10,17.18,3.7608509675338087,0.21890867098566988,10,22.87934,4.0894096116133385,0.17873809347705566,10,436.97934,58.82722640518671,0.13462244326055944,10,0.15200578516052193,10,0.17873809347705566,10,0.13462244326055944
Jiangsu,江苏,2021,10,2.52,0.31902629637347746,0.12659773665614185,10,41.95,5.463667876680153,0.13024238085054,10,6.9395299999999995,0.5756672361510404,0.08295478744973225,10,412.43,36.605495944370595,0.08875565779494847,10,29.4,7.970919367021322,0.2711197063612695,10,36.33953,7.985312036629085,0.21974175330911228,10,493.23953,42.72231196264362,0.08661575028798608,10,0.08875565779494847,10,0.21974175330911228,10,0.08661575028798608
Jiangsu,江苏,2022,10,2.5599999999999996,0.3596294389136316,0.14048024957563734,10,43.64,4.935404970437796,0.11309360610535737,10,8.253670000000001,1.876005599997563,0.22729350700931375,10,396.2,68.9563468998886,0.17404428798558455,10,38.33,5.732567778346221,0.14955825145698465,10,46.583670000000005,5.932309753479013,0.12734741065869246,10,488.9836700000001,67.13737535920163,0.13729983121767975,10,0.17404428798558455,10,0.12734741065869246,10,0.13729983121767975
Jiangsu,江苏,2023,10,2.4699999999999998,0.2002775851439973,0.08108404256841996,10,42.410000000000004,5.727021719687972,0.13503941805442046,10,9.168560000000001,1.0998010630210449,0.11995352192940273,10,424.65,50.23553965515281,0.11829869222925425,10,42.94,12.850957595102045,0.2992770748742908,10,52.10856,12.688719896051152,0.24350547963810845,10,521.63856,48.810767479458534,0.09357200794254653,10,0.11829869222925425,10,0.24350547963810845,10,0.09357200794254653
Jiangxi,江西,2000,11,5.677272727272727,4.826930890139387,0.850220012674672,0,,,,0,,,,11,15.128181818181815,4.828792433273185,0.319191856054354,0,,,,0,,,,12,19.071666666666665,3.0899745021993996,0.1620191122362702,11,0.319191856054354,0,,12,0.1620191122362702
Jiangxi,江西,2001,12,4.495833333333334,1.4806353570700859,0.3293350191814834,0,,,,0,,,,12,13.519166666666665,2.0712335294054434,0.15320718950172793,0,,,,0,,,,12,18.015,1.8755823338123792,0.1041122583298573,12,0.15320718950172793,0,,12,0.1041122583298573
Jiangxi,江西,2002,12,5.1258333333333335,1.7308508592509348,0.33767209089597167,0,,,,0,,,,12,15.54,2.700292913404361,0.1737640227415934,0,,,,0,,,,12,20.665833333333328,2.8683617697954755,0.13879729520361997,12,0.1737640227415934,0,,12,0.13879729520361997
Jiangxi,江西,2003,12,3.5041666666666664,1.8236400080026427,0.5204204541267946,0,,,,0,,,,12,22.77416666666667,6.840267749056896,0.3003520545526098,0,,,,0,,,,12,26.278333333333336,5.971984341045861,0.2272588700848301,12,0.3003520545526098,0,,12,0.2272588700848301
Jiangxi,江西,2004,12,2.5108333333333333,0.9734611009955741,0.38770438805001295,0,,,,0,,,,12,24.80333333333333,3.212629433779734,0.12952410027333966,0,,,,0,,,,12,27.314166666666665,3.131231121034241,0.11463762227296853,12,0.12952410027333966,0,,12,0.11463762227296853
Jiangxi,江西,2005,12,3.8091666666666666,1.3990351112192445,0.3672811493027988,0,,,,0,,,,12,25.296666666666667,3.9683597099908665,0.156872830807387,0,,,,0,,,,12,29.105833333333333,3.7558353588015874,0.12904063992217782,12,0.156872830807387,0,,12,0.12904063992217782
Jiangxi,江西,2006,12,4.9191666666666665,1.5643613761377246,0.31801349337036583,0,,,,0,,,,12,28.7075,3.9734942831444737,0.13841310748565613,0,,,,0,,,,12,33.626666666666665,3.9962057762408336,0.11884037796116674,12,0.13841310748565613,0,,12,0.11884037796116674
Jiangxi,江西,2007,12,4.386666666666667,1.335564799376404,0.30446006064811637,0,,,,0,,,,12,34.74583333333333,8.272421277224634,0.23808383577574196,0,,,,0,,,,12,39.1325,8.405589184908727,0.21479816482230185,12,0.23808383577574196,0,,12,0.21479816482230185
Jiangxi,江西,2008,12,5.073333333333333,1.7101426486664428,0.33708462194476535,0,,,,0,,,,12,33.8325,6.85773501569247,0.2026966678694294,0,,,,0,,,,12,38.90583333333333,7.3760946285752755,0.18958839836122116,12,0.2026966678694294,0,,12,0.18958839836122116
Jiangxi,江西,2009,11,4.711107636363637,1.8777975369328965,0.3985893938059782,0,,,,0,,,,12,37.28513683333333,5.814660832460807,0.15595117321019014,0,,,,0,,,,12,41.60365216666667,5.83358235982729,0.14021803510080358,12,0.15595117321019014,0,,12,0.14021803510080358
Jiangxi,江西,2010,12,5.869273083333334,2.2488542355575185,0.3831571991331382,0,,,,0,,,,12,45.4467055,8.126768621739055,0.17881975233032138,0,,,,0,,,,12,51.31597858333333,7.412566245140721,0.14444947655247897,12,0.17881975233032138,0,,12,0.14444947655247897
Jiangxi,江西,2011,12,3.1845779166666666,0.622280614621799,0.19540442435559782,0,,,,0,,,,12,54.057106749999996,5.812020600661084,0.1075163091421108,0,,,,0,,,,12,57.241684666666664,5.9489025019862405,0.1039260555769499,12,0.1075163091421108,0,,12,0.1039260555769499
Jiangxi,江西,2012,12,4.02034125,1.6809576397844357,0.4181131737969844,0,,,,0,,,,12,50.772232333333335,6.563739832503786,0.12927814143390567,0,,,,0,,,,12,54.79257358333333,5.692832398465457,0.10389788298239543,12,0.12927814143390567,0,,12,0.10389788298239543
Jiangxi,江西,2013,10,3.7707899999999994,1.1481530177250383,0.3044860673028831,0,,,,0,,,,10,63.894420000000004,9.826988135153329,0.1538004122293203,8,0.0,0.0,,8,0.0,0.0,,10,67.66521,9.192908214542333,0.1358587110649968,10,0.1538004122293203,8,,10,0.1358587110649968
Jiangxi,江西,2014,10,4.029999999999999,1.41469274245525,0.3510403827432383,0,,,,0,,,,10,60.943000000000005,7.800212319047624,0.12799193211767756,10,0.14,0.0699205898780101,0.49943278484292924,10,0.14,0.0699205898780101,0.49943278484292924,10,65.113,6.938413283229025,0.10655957002793644,10,0.12799193211767756,10,0.49943278484292924,10,0.10655957002793644
Jiangxi,江西,2015,12,5.224308333333334,1.4464561593195044,0.2768703658033528,0,,,,0,,,,12,64.34895,5.551042142205861,0.08626468873549391,10,0.23000000000000004,0.18287822299126938,0.7951227086576929,10,0.23000000000000004,0.18287822299126938,0.7951227086576929,12,69.764925,5.7265834688478785,0.08208399090012464,12,0.08626468873549391,10,0.7951227086576929,12,0.08208399090012464
Jiangxi,江西,2016,10,6.9799999999999995,1.1053405709453445,0.15835824798643905,0,,,,7,0.24434285714285717,0.20804627575888704,0.8514522511179894,10,71.28999999999999,12.855128678209852,0.18032162544830765,10,0.56,0.4033195589934446,0.7202134982025796,10,0.7310400000000001,0.4837617324445762,0.6617445453662948,10,79.00103999999999,12.820327664056713,0.16228049230816094,10,0.18032162544830765,10,0.6617445453662948,10,0.16228049230816094
Jiangxi,江西,2017,10,7.55,2.8340195247504325,0.375366824470256,0,,,,9,0.8605222222222222,1.0549905601210108,1.2259887459926269,10,79.02000000000001,11.56515840310408,0.1463573576702617,9,2.1444444444444444,1.3408123574079174,0.625249285837889,10,2.70447,1.8856813475652652,0.6972461693290238,10,89.27447,12.3149847715023,0.13794520170774802,10,0.1463573576702617,10,0.6972461693290238,10,0.13794520170774802
Jiangxi,江西,2018,9,9.366666666666667,10.59752329556298,1.1314081810209586,0,,,,8,4.0151,4.127804742059806,1.0280702204328176,10,88.92999999999999,12.497559761809503,0.14053255101551226,10,3.94,2.2887162825964733,0.5808924575117953,10,7.152080000000001,3.6047441693166267,0.5040134016001815,10,104.51208,17.842224290635205,0.17071925360814946,10,0.14053255101551226,10,0.5040134016001815,10,0.17071925360814946
Jiangxi,江西,2019,10,6.68,2.771602023699972,0.41491048258981617,0,,,,10,3.04531,0.7694530733651731,0.2526682253580664,10,91.88,14.621430238599157,0.15913615845231996,10,2.7199999999999998,0.4939635614091391,0.18160425051806586,10,5.76531,0.9079010157133512,0.1574765304404015,10,104.32530999999999,13.875422341075671,0.13300149638736442,10,0.15913615845231996,10,0.1574765304404015,10,0.13300149638736442
Jiangxi,江西,2020,10,6.49,1.584262885031675,0.24410830277837825,0,,,,10,3.03645,0.7369712209819017,0.2427081694023948,10,100.94999999999999,19.76935057664317,0.1958330913981493,10,4.59,1.3033716959401012,0.28395897515034885,10,7.62645,1.7812301998899516,0.23355954603910753,10,115.06644999999999,21.18412788760333,0.18410342795491938,10,0.1958330913981493,10,0.23355954603910753,10,0.18410342795491938
Jiangxi,江西,2021,10,5.71,1.5835613870850305,0.2773312411707584,0,,,,10,3.6435899999999997,1.1960033383918476,0.3282486060154539,10,103.92,11.66674285689407,0.11226657868450798,10,7.709999999999999,2.3492079043323897,0.30469622624285214,10,11.353589999999999,2.758025418241585,0.2429209984015263,10,120.98359,13.229946686165352,0.10935323283236471,10,0.11226657868450798,10,0.2429209984015263,10,0.10935323283236471
Jiangxi,江西,2022,10,7.13,3.2027939192038084,0.449199708163227,0,,,,10,5.40058,1.1689579108476627,0.21645043881354645,10,109.24000000000001,24.319183100315424,0.22262159557227593,10,10.059999999999999,1.6153431008096506,0.16057088477233109,10,15.460579999999998,2.1541326528842686,0.1393306494894932,10,131.83058,23.250584736675638,0.17636715803477188,10,0.22262159557227593,10,0.1393306494894932,10,0.17636715803477188
Jiangxi,江西,2023,10,6.68,1.5024424559141458,0.22491653531648892,0,,,,10,5.89474,0.8854435563916856,0.15020909427586046,10,118.87,17.947828714236024,0.1509870338540929,10,9.79,2.3844170030522043,0.2435563843771404,10,15.68474,2.149812411041176,0.13706394948473333,10,141.23474,18.554571705659068,0.13137399272770334,10,0.1509870338540929,10,0.13706394948473333,10,0.13137399272770334
Jilin,吉林,2000,12,3.986666666666667,1.4666432505017792,0.3678871029686737,0,,,,0,,,,12,22.123333333333335,5.037647960079886,0.22770745638450587,0,,,,0,,,,12,26.110000000000003,5.2228275170378105,0.20003169349053274,12,0.22770745638450587,0,,12,0.20003169349053274
Jilin,吉林,2001,12,4.801666666666667,1.292614217449087,0.2692011560116113,0,,,,0,,,,12,22.569166666666664,2.229066083825377,0.09876598975705987,0,,,,0,,,,12,27.370833333333334,2.3542011126468934,0.0860113056835522,12,0.09876598975705987,0,,12,0.0860113056835522
Jilin,吉林,2002,12,3.714166666666667,0.9577194344647685,0.25785580465733055,0,,,,0,,,,11,22.771818181818183,5.845409854204951,0.25669491155836344,0,,,,0,,,,12,24.58833333333334,8.427690110941468,0.3427515804626096,11,0.25669491155836344,0,,12,0.3427515804626096
Jilin,吉林,2003,12,2.999166666666667,0.9419366735453593,0.3140661317739458,0,,,,0,,,,12,22.868333333333336,1.7348137617274053,0.07586096181301968,0,,,,0,,,,12,25.867499999999996,1.4376630342329895,0.055577965950825925,12,0.07586096181301968,0,,12,0.055577965950825925
Jilin,吉林,2004,12,4.5249999999999995,2.3549541589825256,0.5204318583386798,0,,,,0,,,,12,26.5825,4.130762916547902,0.1553940719100123,0,,,,0,,,,12,31.1075,3.592753122606682,0.11549475601082317,12,0.1553940719100123,0,,12,0.11549475601082317
Jilin,吉林,2005,12,6.120833333333334,3.6176171422469214,0.5910334337231186,0,,,,0,,,,12,28.153333333333332,3.0340561909260946,0.10776898618018332,0,,,,0,,,,12,34.274166666666666,2.8788301232945104,0.08399416829860713,12,0.10776898618018332,0,,12,0.08399416829860713
Jilin,吉林,2006,12,4.429166666666666,1.8509233977240722,0.417894276061879,0,,,,0,,,,12,32.14666666666667,2.5005138865780534,0.0777845464509971,0,,,,0,,,,12,36.575833333333335,2.65294847406816,0.07253282378806115,12,0.0777845464509971,0,,12,0.07253282378806115
Jilin,吉林,2007,12,5.034166666666667,1.3945703693795857,0.27702109638396005,0,,,,0,,,,12,35.22833333333333,3.1794134202663407,0.09025159919382147,0,,,,0,,,,12,40.262499999999996,3.5940332497070777,0.08926502948667067,12,0.09025159919382147,0,,12,0.08926502948667067
Jilin,吉林,2008,12,4.280833333333333,0.9436819411542245,0.22044351360425726,0,,,,0,,,,12,36.17166666666667,3.5943840876702358,0.09937015401567255,0,,,,0,,,,12,40.45249999999999,3.9641487106313282,0.0979951476579032,12,0.09937015401567255,0,,12,0.0979951476579032
Jilin,吉林,2009,12,4.383119,1.3258727104469719,0.3024952574746366,0,,,,0,,,,12,38.21748558333333,8.413520732221993,0.22014846355802997,0,,,,0,,,,12,42.60060458333333,8.520015991429128,0.1999975370012101,12,0.22014846355802997,0,,12,0.1999975370012101
Jilin,吉林,2010,12,7.944943916666666,4.940365154064028,0.6218250507345027,0,,,,0,,,,12,38.607439,5.410951462278873,0.1401530793658412,0,,,,0,,,,12,46.55238291666666,6.069416626208048,0.13037821580632938,12,0.1401530793658412,0,,12,0.13037821580632938
Jilin,吉林,2011,12,5.242999999999999,2.7988741223440665,0.5338306546526925,0,,,,0,,,,12,48.66296466666666,6.054469204168019,0.12441636562096332,0,,,,0,,,,12,53.905964666666655,5.741169435114386,0.10650341702658557,12,0.12441636562096332,0,,12,0.10650341702658557
Jilin,吉林,2012,12,5.4772549999999995,2.0764308585231706,0.3791006368195694,0,,,,0,,,,12,47.52959091666667,9.318780468407642,0.1960627114326778,0,,,,0,,,,12,53.006845916666656,8.708207466185947,0.16428458089878295,12,0.1960627114326778,0,,12,0.16428458089878295
Jilin,吉林,2013,10,10.293650000000001,5.433600085731988,0.527859416798899,0,,,,0,,,,10,47.69892,7.768607833067662,0.1628675834393664,10,4.09,0.7908504564356301,0.19336196978866263,10,4.09,0.7908504564356301,0.19336196978866263,10,62.08257,5.838474253138036,0.09404369460120668,10,0.1628675834393664,10,0.19336196978866263,10,0.09404369460120668
Jilin,吉林,2014,10,6.045999999999999,3.104767659942081,0.5135242573506584,0,,,,0,,,,10,50.852000000000004,6.641667795901215,0.13060779902267786,10,4.59,0.945691986501595,0.2060331125275806,10,4.59,0.945691986501595,0.2060331125275806,10,61.488000000000014,5.085827366319087,0.0827125189682391,10,0.13060779902267786,10,0.2060331125275806,10,0.0827125189682391
Jilin,吉林,2015,12,4.566325,1.6075906614473494,0.35205349191031066,0,,,,0,,,,12,46.629333333333335,12.233145525492569,0.26234871165845325,10,6.409999999999999,1.0629623177182201,0.16582875471423092,10,6.409999999999999,1.0629623177182201,0.16582875471423092,12,56.53732500000001,10.067838841228767,0.17807419861531767,12,0.26234871165845325,10,0.16582875471423092,12,0.17807419861531767
Jilin,吉林,2016,10,7.220000000000001,2.105442682404081,0.29161255988976187,0,,,,7,0.08161428571428571,0.025375212877361837,0.31091631391831415,10,45.519999999999996,10.246712209831554,0.22510351954814486,10,7.25,1.708963298481144,0.23571907565257158,10,7.307129999999999,1.7302164694691295,0.23678468420147578,10,60.047129999999996,9.507662741652116,0.15833667223815887,10,0.22510351954814486,10,0.23678468420147578,10,0.15833667223815887
Jilin,吉林,2017,10,5.55,3.12809846392341,0.5636213448510649,0,,,,10,0.12206000000000002,0.0157109445221405,0.12871493136277648,10,47.709999999999994,11.786852374102631,0.2470520304779424,10,7.26,1.3890044396377326,0.19132292556993563,10,7.38206,1.3834501759490048,0.18740706197849988,10,60.642059999999994,10.420790530387903,0.17184097193248224,10,0.2470520304779424,10,0.18740706197849988,10,0.17184097193248224
Jilin,吉林,2018,10,5.390000000000001,1.4992220204715063,0.2781487978611329,0,,,,10,0.7543500000000001,0.28113346869809386,0.37268306316443806,10,53.89000000000001,8.648243238433535,0.16047955536154265,10,7.040000000000001,3.0678258678672687,0.4357707198675097,10,7.79435,2.907154092254333,0.37298223613955406,10,67.07435000000001,8.574624087937888,0.12783760242086412,10,0.16047955536154265,10,0.37298223613955406,10,0.12783760242086412
Jilin,吉林,2019,10,4.449999999999999,1.2429802894656055,0.27932141336305744,0,,,,10,0.98248,0.18531515378463317,0.18861977219346263,10,59.71999999999999,8.671511466354136,0.14520280419213225,10,7.640000000000001,2.6713292571302394,0.34965042632594756,10,8.62248,2.6875228444713826,0.3116879186117431,10,72.79247999999998,7.628714755273879,0.10480086343086376,10,0.14520280419213225,10,0.3116879186117431,10,0.10480086343086376
Jilin,吉林,2020,10,6.93,4.591550210259421,0.6625613579017924,0,,,,10,2.0076,0.26591835004167874,0.13245584281813047,10,61.58,8.723123803368187,0.1416551445821401,10,8.41,3.2157425270067868,0.3823712873967642,10,10.4176,3.15490857624186,0.30284408848888994,10,78.9276,6.5669686319741984,0.08320243656178826,10,0.1416551445821401,10,0.30284408848888994,10,0.08320243656178826
Jilin,吉林,2021,10,7.49,3.7660618983524703,0.502812002450263,0,,,,10,2.55992,0.8201476815522651,0.3203801999876032,10,59.06999999999999,8.178841265389877,0.13846015346859453,10,10.150000000000002,2.655078990245759,0.26158413697002547,10,12.70992,3.0080052448240315,0.23666594634931074,10,79.26991999999998,9.087192183238503,0.1146360710751128,10,0.13846015346859453,10,0.23666594634931074,10,0.1146360710751128
Jilin,吉林,2022,10,9.01,4.728271941793912,0.5247804596885585,0,,,,9,4.934222222222222,1.221124579821587,0.2474806615563476,10,53.83,8.858523829873949,0.16456481199840145,10,16.17,7.602053816056701,0.47013319827190475,10,20.6108,6.467563992381951,0.31379490327313597,10,83.4508,11.760759215666695,0.14093045501860613,10,0.16456481199840145,10,0.31379490327313597,10,0.14093045501860613
Jilin,吉林,2023,10,7.37,2.222636072574884,0.3015788429545297,0,,,,10,3.477890000000001,0.5883681244670622,0.16917387394859013,10,58.5,9.383555355573451,0.16040265565082823,10,22.300000000000004,7.27415516285798,0.326195298782869,10,25.777890000000003,7.174751048325267,0.2783296479395818,10,91.64789,11.012848594301111,0.1201647805999801,10,0.16040265565082823,10,0.2783296479395818,10,0.1201647805999801
Liaoning,辽宁,2000,12,1.2408333333333335,0.7952639165520443,0.6409111483293842,11,0.0,0.0,,0,,,,12,52.333333333333336,8.834149990837048,0.1688054138376506,0,,,,0,,,,12,53.57416666666668,8.694208582659382,0.16228359904791265,12,0.1688054138376506,0,,12,0.16228359904791265
Liaoning,辽宁,2001,12,1.8933333333333333,0.9568920650953399,0.5054007386066935,9,0.0,0.0,,0,,,,12,53.22333333333333,4.161774825356311,0.07819455424355817,0,,,,0,,,,12,55.11666666666667,4.339277973734015,0.07872896232961624,12,0.07819455424355817,0,,12,0.07872896232961624
Liaoning,辽宁,2002,12,1.205,0.6127657123092138,0.5085192633271484,0,,,,0,,,,12,59.107499999999995,13.084783754769907,0.22137264737588136,0,,,,0,,,,12,60.3125,13.187571369905953,0.21865403307616088,12,0.22137264737588136,0,,12,0.21865403307616088
Liaoning,辽宁,2003,12,1.9091666666666667,1.6013259184093964,0.8387564827984617,0,,,,0,,,,12,67.69166666666666,5.610475321515388,0.08288280667017685,0,,,,0,,,,12,69.60083333333333,6.705206197538965,0.09633801603245602,12,0.08288280667017685,0,,12,0.09633801603245602
Liaoning,辽宁,2004,12,3.6841666666666666,4.747490166265527,1.2886198144127192,0,,,,0,,,,12,70.1975,4.777846842935168,0.06806292023127844,0,,,,0,,,,12,73.88166666666669,7.35926235598668,0.0996087756004423,12,0.06806292023127844,0,,12,0.0996087756004423
Liaoning,辽宁,2005,12,4.519166666666666,4.014490703197679,0.8883254368130583,1,0.0,,,0,,,,12,70.56916666666667,7.6561780856239166,0.10849183074228239,0,,,,0,,,,12,75.08833333333334,10.78077905207676,0.143574621695471,12,0.10849183074228239,0,,12,0.143574621695471
Liaoning,辽宁,2006,12,3.8241666666666667,3.0376529765693454,0.7943306977300533,0,,,,0,,,,12,80.235,3.9311171208934987,0.0489950410780021,0,,,,0,,,,12,84.05916666666668,6.2144164625246345,0.07392907530439433,12,0.0489950410780021,0,,12,0.07392907530439433
Liaoning,辽宁,2007,12,3.6508333333333334,2.5955502423582684,0.7109473386966269,0,,,,0,,,,12,88.585,18.265914356328505,0.20619647069287697,0,,,,0,,,,12,92.23583333333333,19.414449379185857,0.2104870599371451,12,0.20619647069287697,0,,12,0.2104870599371451
Liaoning,辽宁,2008,11,4.433636363636364,1.8966142081471005,0.4277784763095777,0,,,,0,,,,12,90.44916666666667,10.73471721974447,0.11868232306998741,0,,,,0,,,,12,94.51333333333336,10.578004910132517,0.11192076860547909,12,0.11868232306998741,0,,12,0.11192076860547909
Liaoning,辽宁,2009,12,2.3170645833333334,0.936003276997222,0.40396080615529756,0,,,,0,,,,12,93.07966091666667,14.886545471748919,0.15993338743548605,0,,,,0,,,,12,95.3967255,14.841694278105873,0.15557865535023918,12,0.15993338743548605,0,,12,0.15557865535023918
Liaoning,辽宁,2010,12,3.602053833333333,1.6539236744809347,0.4591612871455608,0,,,,0,,,,12,100.33698925,7.833831653542013,0.0780752114658654,0,,,,0,,,,12,103.93904308333333,7.784213764720238,0.07489210535139552,12,0.0780752114658654,0,,12,0.07489210535139552
Liaoning,辽宁,2011,12,2.588650833333333,0.8398113573086013,0.32442048440623406,0,,,,0,,,,12,105.14921183333333,10.3244788998364,0.09818883774612792,0,,,,0,,,,12,107.73786266666667,10.709187148233452,0.09940040467822274,12,0.09818883774612792,0,,12,0.09940040467822274
Liaoning,辽宁,2012,12,3.0420166666666666,1.0566645823992447,0.34735660523421785,0,,,,0,,,,12,106.85586066666666,9.205256985368198,0.08614648675268916,0,,,,0,,,,12,109.89787733333333,9.223858072454233,0.08393117589047852,12,0.08614648675268916,0,,12,0.08393117589047852
Liaoning,辽宁,2013,10,3.4798899999999997,1.5893326023837806,0.45671920732660537,3,7.836666666666666,0.20550750189064296,,0,,,,10,111.47894000000001,7.338921334032097,0.06583235662298274,10,7.389999999999999,1.2022663783223917,0.16268827852806386,10,7.389999999999999,1.2022663783223917,0.16268827852806386,10,124.69983000000002,8.245993024231037,0.06612673829812787,10,0.06583235662298274,10,0.16268827852806386,10,0.06612673829812787
Liaoning,辽宁,2014,10,1.6630000000000003,1.192998556392905,0.7173773640366236,10,10.392999999999999,5.288925641795736,0.5088930666598419,0,,,,10,114.41,10.7281840650379,0.09376963608983392,10,7.669999999999999,1.9200983771093032,0.2503387714614476,10,7.669999999999999,1.9200983771093032,0.2503387714614476,10,134.136,12.128525787488663,0.09041961730995902,10,0.09376963608983392,10,0.2503387714614476,10,0.09041961730995902
Liaoning,辽宁,2015,12,0.7352916666666666,0.5047658691428287,0.6864838703138149,12,12.05495,3.8192316389318646,0.31681853835410884,0,,,,12,112.76880833333333,13.442678693654537,0.11920564642236285,10,9.010000000000002,2.946353678701863,0.3270092873143022,10,9.010000000000002,2.946353678701863,0.3270092873143022,12,133.0673833333333,14.879922781742058,0.11182246474681107,12,0.11920564642236285,10,0.3270092873143022,12,0.11182246474681107
Liaoning,辽宁,2016,10,1.5899999999999999,1.0071411685227318,0.6334221185677559,10,18.080000000000002,4.139994632309992,0.2289820039994464,7,0.07742857142857143,0.08316298684482407,1.07406071570806,10,115.9,13.531444860028804,0.1167510341676342,10,10.58,3.318902094234043,0.3136958501166392,10,10.634199999999998,3.305086423143039,0.3107978431046096,10,146.2042,13.024305340315765,0.08908297668819204,10,0.1167510341676342,10,0.3107978431046096,10,0.08908297668819204
Liaoning,辽宁,2017,10,2.2199999999999998,0.8495750571772793,0.3826914671969727,10,21.19,4.01232822408359,0.18935008136307643,10,0.19297000000000003,0.15028301486048098,0.7787895261464526,10,117.41,16.06891063167906,0.13686151632466623,10,11.54,3.420591241941142,0.2964117194056449,10,11.732969999999998,3.4460058821933415,0.29370277791499866,10,152.55297,16.378228437847994,0.10736092806221993,10,0.13686151632466623,10,0.29370277791499866,10,0.10736092806221993
Liaoning,辽宁,2018,10,2.43,0.625477595299961,0.2573981873662391,10,26.430000000000007,5.978303363924515,0.22619384653516889,10,0.5005,0.09351236400723827,0.1868378901243522,10,116.59999999999998,13.57293057686675,0.11640592261463767,10,12.959999999999999,4.422970344312365,0.34127857595002814,10,13.4605,4.4591195077553625,0.3312744331752433,10,158.9205,14.779773269423165,0.09300104938899113,10,0.11640592261463767,10,0.3312744331752433,10,0.09300104938899113
Liaoning,辽宁,2019,10,2.38,0.5996295152471698,0.25194517447360076,10,28.79,2.962150119986035,0.10288815977721553,10,1.2593400000000001,0.9316269475135066,0.7397739669299049,10,123.13999999999999,16.026589018114706,0.13014933423838482,10,12.72,4.540631380472689,0.3569678758233246,10,13.979340000000002,4.709043343799009,0.3368573440376304,10,168.28933999999998,14.681742232839907,0.087241070841682,10,0.13014933423838482,10,0.3368573440376304,10,0.087241070841682
Liaoning,辽宁,2020,10,2.9400000000000004,0.8448537019968468,0.2873652047608322,10,28.04,3.2253165219349618,0.11502555356401434,10,2.15716,0.7700252321984143,0.356962502641628,10,125.43999999999998,20.74432720314426,0.1653725064026169,10,14.279999999999998,3.7436761493365207,0.26216219533168916,10,16.43716,3.423848285255124,0.20829926126259793,10,172.85715999999996,20.060143928042415,0.11605040790929586,10,0.1653725064026169,10,0.20829926126259793,10,0.11605040790929586
Liaoning,辽宁,2021,10,3.2299999999999995,0.6717307661721488,0.20796618147744547,10,34.78,4.8652509356318605,0.13988645588360726,10,2.33842,0.2682563897965271,0.11471694126655053,10,123.71,15.7585567585078,0.12738304711428178,10,15.87,5.615662620445309,0.3538539773437498,10,18.20842,5.728646198574706,0.31461522738242564,10,179.92842000000002,16.207929600510735,0.09007987509983544,10,0.12738304711428178,10,0.31461522738242564,10,0.09007987509983544
Liaoning,辽宁,2022,10,3.44,1.052193476082755,0.3058701965356846,10,38.239999999999995,6.161385125656945,0.1611240880140415,10,2.52826,0.42579115955542757,0.1684127263633596,10,113.0,14.520177531819527,0.12849714629928785,10,18.610000000000003,4.967997584540474,0.26695312114672076,10,21.13826,5.052310703518626,0.23901261047591552,10,175.81826,15.80575723168972,0.08989826899486844,10,0.12849714629928785,10,0.23901261047591552,10,0.08989826899486844
Liaoning,辽宁,2023,10,2.79,0.8451824260674938,0.3029327691998186,10,42.339999999999996,4.618128529080913,0.10907247352576555,10,4.251580000000001,0.6751134057820694,0.1587911801688006,10,111.09,18.955178125720103,0.1706290226457836,10,22.91,6.441954499822068,0.28118526843396197,10,27.161579999999997,6.052555814566641,0.22283518906362007,10,183.38158,20.317674448606464,0.11079452172135534,10,0.1706290226457836,10,0.22283518906362007,10,0.11079452172135534
Neimenggu,内蒙古,2000,12,0.4658333333333333,0.36896558926355993,0.7920549322294668,0,,,,0,,,,12,36.0075,3.252003927650538,0.09031462688746894,0,,,,0,,,,12,36.47333333333333,3.497316720347789,0.09588695084119328,12,0.09031462688746894,0,,12,0.09588695084119328
Neimenggu,内蒙古,2001,12,0.505,0.22789551034709654,0.45127823831108227,0,,,,0,,,,12,38.0775,6.058129211683632,0.15909997273149842,0,,,,0,,,,12,38.5825,6.141257089258163,0.15917208810362632,12,0.15909997273149842,0,,12,0.15917208810362632
Neimenggu,内蒙古,2002,12,1.6066666666666667,0.7724733985809165,0.4807925717308609,0,,,,0,,,,12,42.275,7.1660937755516425,0.16951138440098504,0,,,,0,,,,12,43.88166666666666,7.723014994551067,0.1759963916871374,12,0.16951138440098504,0,,12,0.1759963916871374
Neimenggu,内蒙古,2003,11,0.7372727272727272,0.45305829446310575,0.6145057014912656,0,,,,0,,,,12,53.225833333333334,8.030224109103331,0.15087080100396108,0,,,,0,,,,12,53.90166666666667,8.20022154172273,0.15213298676706463,12,0.15087080100396108,0,,12,0.15213298676706463
Neimenggu,内蒙古,2004,11,1.9563636363636367,1.4535699001236413,0.7429957667918239,0,,,,0,,,,12,67.10166666666667,7.036085990137279,0.10485709729222739,0,,,,0,,,,12,68.895,7.027600780299972,0.10200451092677222,12,0.10485709729222739,0,,12,0.10200451092677222
Neimenggu,内蒙古,2005,11,2.401818181818182,1.2290225236489216,0.511705062836417,0,,,,0,,,,12,87.85666666666667,22.49369743377962,0.2560272121308907,0,,,,0,,,,12,90.05833333333334,22.146881099248308,0.24591706596740973,12,0.2560272121308907,0,,12,0.24591706596740973
Neimenggu,内蒙古,2006,12,0.8925000000000001,0.4569488732093259,0.5119875330076481,0,,,,0,,,,12,116.32833333333333,17.216762357092747,0.14800145298874806,0,,,,0,,,,12,117.22083333333332,17.082543699415027,0.1457295875967585,12,0.14800145298874806,0,,12,0.1457295875967585
Neimenggu,内蒙古,2007,11,0.13636363636363635,0.19122095739080106,1.4022870208658744,0,,,,0,,,,12,149.81583333333333,21.394366063111665,0.14280443920443434,0,,,,0,,,,12,149.9408333333333,21.323903982634278,0.1422154559807543,12,0.14280443920443434,0,,12,0.1422154559807543
Neimenggu,内蒙古,2008,12,0.06916666666666667,0.044814432199162514,0.6479195016746387,0,,,,0,,,,12,167.67916666666667,15.372605775643045,0.09167868663256543,0,,,,0,,,,12,167.7483333333333,15.389433112208911,0.09174119829631043,12,0.09167868663256543,0,,12,0.09174119829631043
Neimenggu,内蒙古,2009,12,1.0246359166666668,0.5386642817993852,0.5257128635035178,0,,,,0,,,,12,172.79055658333334,20.301510800895635,0.1174920157809934,0,,,,0,,,,12,173.8151925,20.012992322798436,0.11513948829759767,12,0.1174920157809934,0,,12,0.11513948829759767
Neimenggu,内蒙古,2010,12,1.3561941666666666,1.248206944069979,0.9203748067563917,0,,,,0,,,,12,183.17308591666665,16.59896661633265,0.09061902589709188,0,,,,0,,,,12,184.5292800833333,16.984718479009253,0.09204348746897492,12,0.09061902589709188,0,,12,0.09204348746897492
Neimenggu,内蒙古,2011,12,1.0131434166666666,0.41042700769308743,0.4051025757473008,0,,,,0,,,,12,219.91671,26.441758599789562,0.12023533182080418,0,,,,0,,,,12,220.92985341666667,26.471583728677263,0.11981895302647351,12,0.12023533182080418,0,,12,0.11981895302647351
Neimenggu,内蒙古,2012,12,1.4543325833333334,0.9996648966225413,0.6873702123425628,0,,,,0,,,,12,232.77519575,19.88542137073344,0.08542757877042163,0,,,,0,,,,12,234.22952833333332,19.893172645749235,0.08493025105459442,12,0.08542757877042163,0,,12,0.08493025105459442
Neimenggu,内蒙古,2013,10,1.56604,0.42852866415211943,0.2736383899211511,0,,,,0,,,,10,262.93541,15.473460275685683,0.058848902381332675,10,32.17,2.611959672991392,0.0811924051287346,10,32.17,2.611959672991392,0.0811924051287346,10,296.67144999999994,15.712378875074565,0.05296222091837475,10,0.058848902381332675,10,0.0811924051287346,10,0.05296222091837475
Neimenggu,内蒙古,2014,10,1.5390000000000001,0.42038210132106146,0.27315276239185277,0,,,,0,,,,10,273.606,12.231917447581322,0.044706320210745824,10,29.610000000000003,8.230087079328717,0.27794958052444163,10,29.610000000000003,8.230087079328717,0.27794958052444163,10,304.755,5.88567611522533,0.01931281230898699,10,0.044706320210745824,10,0.27794958052444163,10,0.01931281230898699
Neimenggu,内蒙古,2015,12,1.9006583333333333,1.0253537327171394,0.5394729366844677,0,,,,0,,,,12,272.43196666666665,23.96002326066306,0.08794864844175676,10,29.959999999999997,5.903332392245364,0.19704046703088668,10,29.959999999999997,5.903332392245364,0.19704046703088668,12,299.29929166666665,30.986765950921647,0.10353103670366182,12,0.08794864844175676,10,0.19704046703088668,12,0.10353103670366182
Neimenggu,内蒙古,2016,10,1.27,0.3653004851412661,0.28763817727658747,0,,,,7,5.079,2.3735022680980675,0.4673168474302161,10,282.89,17.025631004785417,0.060184633620083486,10,35.230000000000004,8.260757296465693,0.2344807634534684,10,38.7853,5.9717972745974,0.153970635127159,10,322.9453,14.552657658005673,0.04506229896519836,10,0.060184633620083486,10,0.153970635127159,10,0.04506229896519836
Neimenggu,内蒙古,2017,10,1.6,0.4921607686744471,0.30760048042152943,0,,,,10,6.3878900000000005,0.6931219075875307,0.10850561102140623,10,314.75,22.102199488336492,0.0702214439661207,10,40.25,11.118478113283109,0.2762354810753567,10,46.637890000000006,11.007058199219262,0.23601106737931885,10,362.98789,16.46044633460261,0.04534709500805278,10,0.0702214439661207,10,0.23601106737931885,10,0.04534709500805278
Neimenggu,内蒙古,2018,10,3.1,1.1135528725660044,0.3592106040535498,0,,,,10,7.24692,0.7466595591923623,0.10303129594260213,10,352.21,21.62819404799621,0.06140709817437384,10,46.91,12.419469482317757,0.26475100154162773,10,54.15691999999999,12.170614065015595,0.22472869699782774,10,409.46691999999996,19.57230797858143,0.04779948519060205,10,0.06140709817437384,10,0.22472869699782774,10,0.04779948519060205
Neimenggu,内蒙古,2019,10,4.17,0.838053299816506,0.20097201434448586,0,,,,10,9.6033,2.396453427695002,0.24954478436527044,10,386.55000000000007,27.707770670978864,0.07167965507949517,10,51.08,13.82275097238044,0.2706098467576437,10,60.683299999999996,13.1865315180132,0.21730083100314587,10,451.40330000000006,20.38756805637531,0.04516486267684642,10,0.07167965507949517,10,0.21730083100314587,10,0.04516486267684642
Neimenggu,内蒙古,2020,10,4.130000000000001,0.8615876817441933,0.20861687209302499,0,,,,10,11.462819999999999,1.0941047337638423,0.09544813002069669,10,406.58000000000004,43.83397464676613,0.1078114384543414,10,57.86999999999999,15.063720213369159,0.2603027512246269,10,69.33282,14.859468730281783,0.21432084733149154,10,480.04282,42.40378428410477,0.08833333718876323,10,0.1078114384543414,10,0.21432084733149154,10,0.08833333718876323
Neimenggu,内蒙古,2021,10,3.9799999999999995,0.6477310827461924,0.16274650320256093,0,,,,10,12.04399,0.8613175933159318,0.07151430658078692,10,409.1,30.964424030741444,0.07568913231664982,10,73.61,19.99958055115711,0.27169651611407564,10,85.65399,19.90934039302769,0.23243914723678014,10,498.73399,33.631821951454484,0.0674343891248609,10,0.07568913231664982,10,0.23243914723678014,10,0.0674343891248609
Neimenggu,内蒙古,2022,10,2.99,0.4040077006966854,0.13511963234002855,0,,,,10,14.018970000000001,1.8959384337460818,0.13524092238916852,10,438.91999999999996,36.08788039094444,0.08221972202438814,10,87.41,20.29178542059705,0.23214489670057262,10,101.42896999999999,19.705874388959348,0.19428250517538875,10,543.33897,32.1162955780343,0.059109133250711425,10,0.08221972202438814,10,0.19428250517538875,10,0.059109133250711425
Neimenggu,内蒙古,2023,10,3.1599999999999997,0.7791733511299728,0.2465738452942952,0,,,,10,18.145,2.87860960727764,0.15864478408804852,10,506.43,52.489830761142116,0.10364676413550168,10,107.09,22.735652374385232,0.21230415887930928,10,125.23499999999999,20.601452967745306,0.1645023593064663,10,634.825,48.657895076453066,0.07664772980971617,10,0.10364676413550168,10,0.1645023593064663,10,0.07664772980971617
Ningxia,宁夏,2000,12,0.6816666666666666,0.1989898733528159,0.2919166846251578,0,,,,0,,,,12,10.7025,2.3865803797674427,0.22299279418523174,0,,,,0,,,,12,11.384166666666667,2.383875600526982,0.20940273191072237,12,0.22299279418523174,0,,12,0.20940273191072237
Ningxia,宁夏,2001,12,0.6325,0.1353866516852582,0.21405004219013157,0,,,,0,,,,12,11.8925,0.8514172676404705,0.0715927910565878,0,,,,0,,,,12,12.525,0.8268175570990701,0.066013377812301,12,0.0715927910565878,0,,12,0.066013377812301
Ningxia,宁夏,2002,11,1.3809090909090906,1.5384242233236873,1.1140662578380884,0,,,,0,,,,12,13.603333333333333,3.13197681790252,0.23023598269315265,0,,,,0,,,,12,14.869166666666667,2.449368966353035,0.1647280591617801,12,0.23023598269315265,0,,12,0.1647280591617801
Ningxia,宁夏,2003,12,0.6066666666666667,0.30529667637571917,0.5032362797401964,0,,,,0,,,,11,19.081818181818182,4.908606356557467,0.2572399710439835,0,,,,0,,,,12,18.098333333333333,7.311301131975364,0.40397648763101746,11,0.2572399710439835,0,,12,0.40397648763101746
Ningxia,宁夏,2004,12,0.7383333333333333,0.17652366997263022,0.2390839773895669,0,,,,0,,,,12,20.3325,1.4716973811956646,0.0723815261869256,0,,,,0,,,,12,21.070833333333336,1.5887986217913384,0.07540274258056578,12,0.0723815261869256,0,,12,0.07540274258056578
Ningxia,宁夏,2005,12,1.3675,0.6869448171565031,0.5023362465495452,0,,,,0,,,,11,28.85727272727273,14.949105719680421,0.5180359856235536,0,,,,0,,,,12,27.819999999999997,16.423010464810424,0.5903310735014532,11,0.5180359856235536,0,,12,0.5903310735014532
Ningxia,宁夏,2006,12,1.365,0.3756570002251813,0.27520659357156135,0,,,,0,,,,12,30.609166666666667,3.7794142363198215,0.12347328097747913,0,,,,0,,,,12,31.97416666666666,3.9714056552797325,0.12420669775953712,12,0.12347328097747913,0,,12,0.12420669775953712
Ningxia,宁夏,2007,12,1.4491666666666667,0.43217122728956614,0.29822051336830324,0,,,,0,,,,12,35.9375,2.583803134211977,0.07189713069111589,0,,,,0,,,,12,37.38666666666666,2.6982328672782514,0.07217099324032414,12,0.07189713069111589,0,,12,0.07217099324032414
Ningxia,宁夏,2008,12,1.3458333333333332,0.3366535400981342,0.2501450452741555,0,,,,0,,,,12,36.65333333333333,6.01362140679329,0.16406751746434953,0,,,,0,,,,12,37.99916666666667,5.9933121186465215,0.15772219878453092,12,0.16406751746434953,0,,12,0.15772219878453092
Ningxia,宁夏,2009,12,1.4415833333333332,0.3513035668202162,0.2436928609655237,0,,,,0,,,,12,37.88338241666666,7.024807723741054,0.185432431731611,0,,,,0,,,,12,39.32496575,7.105608473481191,0.18068950189692642,12,0.185432431731611,0,,12,0.18068950189692642
Ningxia,宁夏,2010,12,1.49545,0.41894991781400753,0.28014973273195865,0,,,,0,,,,12,45.8404405,6.420368744623947,0.1400590542890605,0,,,,0,,,,12,47.3358905,6.355780077228092,0.1342697900069735,12,0.1400590542890605,0,,12,0.1342697900069735
Ningxia,宁夏,2011,12,1.3899558333333335,0.32897819290696645,0.23668247941233125,0,,,,0,,,,12,75.6938035,13.424056864250378,0.17734684007853269,0,,,,0,,,,12,77.08375933333333,13.510161565491785,0.17526599224448547,12,0.17734684007853269,0,,12,0.17526599224448547
Ningxia,宁夏,2012,12,1.5839075000000002,0.706090070833421,0.44578996616495653,0,,,,0,,,,12,79.55815449999999,8.57778276117306,0.10781776946790617,0,,,,0,,,,12,81.142062,8.174041344438391,0.1007374121751847,12,0.10781776946790617,0,,12,0.1007374121751847
Ningxia,宁夏,2013,10,1.81952,0.45730475323719694,0.2513326334622301,0,,,,0,,,,10,83.66758999999999,5.201782245100655,0.062172010035195895,10,3.5100000000000002,0.4771442828607154,0.13593854212555995,10,3.5100000000000002,0.4771442828607154,0.13593854212555995,10,88.99710999999999,5.254113623195105,0.059036901571243215,10,0.062172010035195895,10,0.13593854212555995,10,0.059036901571243215
Ningxia,宁夏,2014,10,1.5430000000000001,0.3424438315662551,0.22193378584980883,0,,,,0,,,,10,86.72399999999999,6.84690392318552,0.07895050877710347,10,4.9,1.4165686240583837,0.28909563756293544,10,4.9,1.4165686240583837,0.28909563756293544,10,93.16699999999999,6.889279997858175,0.07394549569974536,10,0.07895050877710347,10,0.28909563756293544,10,0.07394549569974536
Ningxia,宁夏,2015,12,1.2897666666666667,0.2655655109498607,0.20590198042270746,0,,,,0,,,,12,80.9988,10.874698278196872,0.13425752329907198,10,5.96,1.2928865207571603,0.21692726858341616,10,5.96,1.2928865207571603,0.21692726858341616,12,87.25523333333332,11.79702411953835,0.13520133599862416,12,0.13425752329907198,10,0.21692726858341616,12,0.13520133599862416
Ningxia,宁夏,2016,10,1.23,0.24517567397911064,0.1993298162431794,0,,,,0,,,,10,76.36,12.298979180764906,0.16106573049718317,10,10.36,1.9391865419408316,0.18718016814100694,10,10.36,1.9391865419408316,0.18718016814100694,10,87.95,13.675627143856238,0.15549320231786512,10,0.16106573049718317,10,0.18718016814100694,10,0.15549320231786512
Ningxia,宁夏,2017,10,1.3800000000000001,0.3293090409394257,0.23862973981117802,0,,,,0,,,,10,93.16,9.864098764937651,0.10588341310581421,10,12.0,1.7448336437736518,0.1454028036478043,10,12.0,1.7448336437736518,0.1454028036478043,10,106.53999999999999,10.677827494392297,0.10022364834233431,10,0.10588341310581421,10,0.1454028036478043,10,0.10022364834233431
Ningxia,宁夏,2018,10,1.7899999999999998,0.40400770069668507,0.22570262608753358,0,,,,0,,,,10,106.9,15.29698590500034,0.1430962198783942,10,14.2,2.524986248587419,0.17781593299911402,10,14.2,2.524986248587419,0.17781593299911402,10,122.88999999999999,14.987954422728246,0.12196236001894578,10,0.1430962198783942,10,0.17781593299911402,10,0.12196236001894578
Ningxia,宁夏,2019,10,1.95,0.39228674319799406,0.20117268881948414,0,,,,0,,,,10,117.93999999999998,15.579844529248525,0.13209975012081165,10,14.91,2.386745808743683,0.16007684833961658,10,14.91,2.386745808743683,0.16007684833961658,10,134.8,15.662127001854559,0.1161878857704344,10,0.13209975012081165,10,0.16007684833961658,10,0.1161878857704344
Ningxia,宁夏,2020,10,2.15,0.3628590176179538,0.16877163610137386,0,,,,0,,,,10,128.6,17.22233691718078,0.13392174896719114,10,15.169999999999998,2.6857856289072024,0.1770458555640872,10,15.169999999999998,2.6857856289072024,0.1770458555640872,10,145.92,16.87751956499135,0.11566282596622363,10,0.13392174896719114,10,0.1770458555640872,10,0.11566282596622363
Ningxia,宁夏,2021,10,1.8199999999999998,0.32591750830880867,0.17907555401582895,0,,,,0,,,,10,132.16,18.769135420803078,0.1420182764891274,10,20.6,2.450850192620239,0.1189733103213708,10,20.6,2.450850192620239,0.1189733103213708,10,154.58,20.19201162176105,0.13062499431854735,10,0.1420182764891274,10,0.1189733103213708,10,0.13062499431854735
Ningxia,宁夏,2022,10,1.6199999999999997,0.25733678754158407,0.1588498688528297,0,,,,0,,,,10,144.0,15.796835126062469,0.10970024393098937,10,22.32,2.734064942738402,0.12249394904741945,10,22.32,2.734064942738402,0.12249394904741945,10,167.94,16.653808373262095,0.09916522789842858,10,0.10970024393098937,10,0.12249394904741945,10,0.09916522789842858
Ningxia,宁夏,2023,10,1.5,0.3091206165165233,0.2060804110110155,0,,,,0,,,,10,144.36,20.347273909680265,0.14094814290440746,10,23.169999999999995,4.940771419750378,0.2132400267479663,10,23.169999999999995,4.940771419750378,0.2132400267479663,10,169.02999999999997,21.134702899891114,0.12503521800799336,10,0.14094814290440746,10,0.2132400267479663,10,0.12503521800799336
Qinghai,青海,2000,12,8.974166666666667,0.8116588886442105,0.09044392853310916,0,,,,0,,,,12,2.1750000000000003,0.5187484939737178,0.23850505470055988,0,,,,0,,,,12,11.149166666666666,0.6527906295747558,0.058550620785537556,12,0.23850505470055988,0,,12,0.058550620785537556
Qinghai,青海,2001,11,8.597272727272728,3.7082801698606613,0.43133215468401476,0,,,,0,,,,11,4.703636363636362,3.2302547042834653,0.6867568949964848,0,,,,0,,,,12,12.1925,2.4471212215023743,0.2007070921880151,11,0.6867568949964848,0,,12,0.2007070921880151
Qinghai,青海,2002,11,8.370909090909091,2.9242313675407234,0.34933259169144176,0,,,,0,,,,11,5.001818181818182,1.9233606951470035,0.3845323090988193,0,,,,0,,,,11,13.372727272727275,4.034057736099201,0.30166305300537866,11,0.3845323090988193,0,,11,0.30166305300537866
Qinghai,青海,2003,12,5.466666666666666,1.8161564476730083,0.33222374042798936,0,,,,0,,,,12,5.323333333333333,0.3712958470823599,0.06974875023463242,0,,,,0,,,,12,10.790000000000001,1.8612703384321352,0.17249956797332114,12,0.06974875023463242,0,,12,0.17249956797332114
Qinghai,青海,2004,12,9.250833333333334,2.7105331858354287,0.29300421790852305,0,,,,0,,,,12,5.2025,0.5163002121739922,0.09924079042267991,0,,,,0,,,,12,14.453333333333333,2.715558985929161,0.1878846161851357,12,0.09924079042267991,0,,12,0.1878846161851357
Qinghai,青海,2005,12,13.126666666666667,2.2739206563807715,0.17322910028294347,0,,,,0,,,,12,4.635833333333333,0.6278746014543949,0.13543942508453602,0,,,,0,,,,12,17.762500000000003,2.104782973048854,0.11849587462625497,12,0.13543942508453602,0,,12,0.11849587462625497
Qinghai,青海,2006,12,17.099166666666665,4.873819592910924,0.2850325801205278,0,,,,0,,,,12,6.003333333333334,1.0357635157728153,0.172531401849997,0,,,,0,,,,12,23.102499999999996,4.754209856920112,0.20578767912217782,12,0.172531401849997,0,,12,0.20578767912217782
Qinghai,青海,2007,12,16.129166666666666,3.6601228452641115,0.2269257253586636,0,,,,0,,,,12,8.325000000000001,1.581578612997441,0.18997941297266555,0,,,,0,,,,12,24.45416666666667,3.3544799307881714,0.13717416653418998,12,0.18997941297266555,0,,12,0.13717416653418998
Qinghai,青海,2008,12,16.485833333333336,4.0971641153215685,0.2485263579025366,0,,,,0,,,,12,7.892499999999999,1.4656808842805649,0.18570552857530123,0,,,,0,,,,12,24.378333333333334,3.441228198645289,0.14115928893055127,12,0.18570552857530123,0,,12,0.14115928893055127
Qinghai,青海,2009,12,21.57643075,4.674717915763674,0.2166585368047342,0,,,,0,,,,12,8.4685835,2.750849216654657,0.3248299100616599,0,,,,0,,,,12,30.045014249999998,5.344702027912861,0.1778898150435346,12,0.3248299100616599,0,,12,0.1778898150435346
Qinghai,青海,2010,12,29.998172,8.741049925175956,0.2913860859647033,0,,,,0,,,,12,8.096238333333334,2.4307499517345494,0.30023201537025107,0,,,,0,,,,12,38.09441033333334,6.612610976599452,0.17358480991667405,12,0.30023201537025107,0,,12,0.17358480991667405
Qinghai,青海,2011,12,28.76437066666666,6.32208101282568,0.21978860883446924,0,,,,0,,,,12,7.648352333333334,2.696352218889482,0.352540272907949,0,,,,0,,,,12,36.412723,6.4362438203893,0.17675810239155418,12,0.352540272907949,0,,12,0.17675810239155418
Qinghai,青海,2012,12,36.24130883333333,12.90195836047079,0.3560014462999768,0,,,,0,,,,12,9.557952083333333,3.4632945462808444,0.3623469249568597,0,,,,0,,,,12,45.79926091666667,11.109987859820338,0.2425800687053737,12,0.3623469249568597,0,,12,0.2425800687053737
Qinghai,青海,2013,10,36.36229,4.983495403930852,0.13705119792870174,0,,,,0,,,,10,10.7034,2.543233296416197,0.23760985260909592,8,0.0,0.0,,8,0.0,0.0,,10,47.065690000000004,3.155103235659108,0.06703616234371806,10,0.23760985260909592,8,,10,0.06703616234371806
Qinghai,青海,2014,10,32.556000000000004,6.481851930154253,0.19909853575851616,0,,,,0,,,,10,10.374,2.541916162617837,0.24502758459782503,10,0.21999999999999997,0.214993539954628,0.9772433634301274,10,0.21999999999999997,0.214993539954628,0.9772433634301274,10,43.15,4.513857675105745,0.10460852085992457,10,0.24502758459782503,10,0.9772433634301274,10,0.10460852085992457
Qinghai,青海,2015,12,28.683233333333334,5.417784539883997,0.18888332695700266,0,,,,0,,,,12,10.166383333333334,1.8400483742817648,0.1809934087620571,10,0.5900000000000001,0.4931756504757938,0.8358909330098199,10,0.5900000000000001,0.4931756504757938,0.8358909330098199,12,39.34128333333333,4.78628881965469,0.1216607190746961,12,0.1809934087620571,10,0.8358909330098199,12,0.1216607190746961
Qinghai,青海,2016,10,23.9,5.5849002776335315,0.2336778358842482,0,,,,0,,,,10,10.370000000000001,3.0579768184572997,0.2948868677393731,10,0.67,0.16363916944844764,0.2442375663409666,10,0.67,0.16363916944844764,0.2442375663409666,10,34.94,5.3346248436251065,0.1526795891134833,10,0.2948868677393731,10,0.2442375663409666,10,0.1526795891134833
Qinghai,青海,2017,10,26.03,3.2482644938831897,0.12478926215455972,0,,,,0,,,,10,12.729999999999999,3.1294479456358495,0.24583251733195993,10,0.97,0.28303906287138375,0.2917928483210142,10,0.97,0.28303906287138375,0.2917928483210142,10,39.730000000000004,2.8421627133028267,0.07153694219236915,10,0.24583251733195993,10,0.2917928483210142,10,0.07153694219236915
Qinghai,青海,2018,10,43.78,12.033176360933691,0.2748555587239308,0,,,,0,,,,10,8.73,5.410288552584066,0.6197352293910728,10,1.83,0.312872000806862,0.17096830645183717,10,1.83,0.312872000806862,0.17096830645183717,10,54.339999999999996,7.565154033828761,0.13921888174141997,10,0.6197352293910728,10,0.17096830645183717,10,0.13921888174141997
Qinghai,青海,2019,10,47.38,10.763394755683109,0.22717169176199048,0,,,,0,,,,10,7.3,5.120763831912406,0.7014744975222474,10,4.61,2.5048619389765445,0.5433539997779923,10,4.61,2.5048619389765445,0.5433539997779923,10,59.29,7.692918821877688,0.1297506969451457,10,0.7014744975222474,10,0.5433539997779923,10,0.1297506969451457
Qinghai,青海,2020,10,51.870000000000005,12.041783736455145,0.23215314703017434,0,,,,0,,,,10,7.56,5.512248986474477,0.7291334638193753,10,5.45,0.4600724580614082,0.08441696478190976,10,5.45,0.4600724580614082,0.08441696478190976,10,64.88,7.118333138218996,0.10971536896145186,10,0.7291334638193753,10,0.08441696478190976,10,0.10971536896145186
Qinghai,青海,2021,10,42.65,9.310716645051787,0.2183051968359153,0,,,,0,,,,10,11.4,4.39570497442927,0.38558815565169036,10,8.14,1.5181860521322437,0.18650934301378913,10,8.14,1.5181860521322437,0.18650934301378913,10,62.19,7.501177685314927,0.12061710379988627,10,0.38558815565169036,10,0.18650934301378913,10,0.12061710379988627
Qinghai,青海,2022,10,34.58,7.716043891356075,0.22313602924685008,0,,,,0,,,,10,12.510000000000002,3.962168317699005,0.3167200893444448,10,9.76,2.483814271102679,0.25448916712117614,10,9.76,2.483814271102679,0.25448916712117614,10,56.85,7.36225358010561,0.1295031412507583,10,0.3167200893444448,10,0.25448916712117614,10,0.1295031412507583
Qinghai,青海,2023,10,33.17,6.828868460033806,0.20587484051956,0,,,,0,,,,10,12.46,3.1658595462633348,0.25408182554280373,10,10.16,4.274524015087009,0.42072086762667416,10,10.16,4.274524015087009,0.42072086762667416,10,55.79,4.172782178728141,0.07479444665223411,10,0.25408182554280373,10,0.42072086762667416,10,0.07479444665223411
Shaanxi,陕西,2000,12,2.9,2.133597048094219,0.7357231200324893,0,,,,0,,,,12,19.79,3.3657580532069202,0.17007367626108744,0,,,,0,,,,12,22.689999999999998,2.704790363242757,0.11920627427248819,12,0.17007367626108744,0,,12,0.11920627427248819
Shaanxi,陕西,2001,12,2.3691666666666666,1.233962267975759,0.5208423220439362,0,,,,0,,,,12,22.92,3.4439512191667325,0.15025965179610526,0,,,,0,,,,12,25.28916666666667,2.6039321955050774,0.10296631082499398,12,0.15025965179610526,0,,12,0.10296631082499398
Shaanxi,陕西,2002,12,2.16,1.4558721222564972,0.6740148714150449,0,,,,0,,,,12,26.465833333333332,4.978850649284308,0.18812370600904213,0,,,,0,,,,12,28.625833333333333,4.595178220568586,0.16052557027982603,12,0.18812370600904213,0,,12,0.16052557027982603
Shaanxi,陕西,2003,12,3.6366666666666667,2.538078490559822,0.6979134254518301,0,,,,0,,,,12,30.63083333333333,4.870742818714681,0.1590143750158505,0,,,,0,,,,12,34.26749999999999,3.4598111482880407,0.1009647960396306,12,0.1590143750158505,0,,12,0.1009647960396306
Shaanxi,陕西,2004,12,3.046666666666667,1.8044557645064636,0.592272132770174,0,,,,0,,,,12,37.0325,3.9623939618734174,0.10699774419424607,0,,,,0,,,,12,40.07916666666666,3.6416016913973257,0.0908602147765213,12,0.10699774419424607,0,,12,0.0908602147765213
Shaanxi,陕西,2005,12,3.89,2.429455606808765,0.6245387164032814,0,,,,0,,,,12,38.18833333333333,6.187061034321893,0.16201442938913,0,,,,0,,,,12,42.07833333333334,4.540372097953956,0.10790285019100776,12,0.16201442938913,0,,12,0.10790285019100776
Shaanxi,陕西,2006,12,3.0549999999999997,1.195350842373751,0.3912768714807696,0,,,,0,,,,12,45.05416666666667,7.940151656822006,0.1762356790564396,0,,,,0,,,,12,48.109166666666674,7.312509155653417,0.1519982502777381,12,0.1762356790564396,0,,12,0.1519982502777381
Shaanxi,陕西,2007,12,4.1375,3.173048791992275,0.7669000101491903,0,,,,0,,,,12,54.08083333333334,8.830627959070366,0.16328572277431064,0,,,,0,,,,12,58.21833333333334,7.540797924181069,0.12952617315589707,12,0.16328572277431064,0,,12,0.12952617315589707
Shaanxi,陕西,2008,12,4.273333333333333,2.0514754483423676,0.48006445749041365,0,,,,0,,,,12,63.655833333333334,6.167050950352389,0.0968811596269374,0,,,,0,,,,12,67.92916666666666,6.614486111191961,0.09737328508164575,12,0.0968811596269374,0,,12,0.09737328508164575
Shaanxi,陕西,2009,12,5.564640333333333,3.0757508692853084,0.5527312970904753,0,,,,0,,,,12,69.37072733333333,11.375691817514522,0.16398403555512941,0,,,,0,,,,12,74.93536766666669,10.688935775768378,0.1426420675389988,12,0.16398403555512941,0,,12,0.1426420675389988
Shaanxi,陕西,2010,12,6.5828075,4.649483018070416,0.7063070001774191,0,,,,0,,,,12,85.23242541666667,16.14272191079619,0.18939648651180566,0,,,,0,,,,12,91.81523291666667,14.488757388036754,0.15780341592322744,12,0.18939648651180566,0,,12,0.15780341592322744
Shaanxi,陕西,2011,12,7.385254666666667,4.738354106883782,0.6415965759813719,0,,,,0,,,,12,93.327855,8.400686499688456,0.09001263877422723,0,,,,0,,,,12,100.71310966666665,6.827530318908214,0.06779187279099519,12,0.09001263877422723,0,,12,0.06779187279099519
Shaanxi,陕西,2012,12,6.656254999999999,3.657395257918848,0.5494674194301222,0,,,,0,,,,12,93.89135033333332,12.639927911569872,0.13462292177815705,0,,,,0,,,,12,100.54760533333331,10.579578737357686,0.10521959923644615,12,0.13462292177815705,0,,12,0.10521959923644615
Shaanxi,陕西,2013,10,9.085429999999999,5.167858890843158,0.5688072981513433,0,,,,0,,,,10,115.52747,14.449399580301685,0.12507327980351068,10,0.47000000000000003,0.08232726023485633,0.1751643834784177,10,0.47000000000000003,0.08232726023485633,0.1751643834784177,10,125.08289999999997,12.484691234111931,0.09981133499552644,10,0.12507327980351068,10,0.1751643834784177,10,0.09981133499552644
Shaanxi,陕西,2014,10,9.297,3.2595366064655393,0.35060090421270723,0,,,,0,,,,10,122.902,16.13359696754295,0.13127204575631762,10,1.1,0.7241853660800143,0.6583503328000129,10,1.1,0.7241853660800143,0.6583503328000129,10,133.299,13.886047713842519,0.104172182190733,10,0.13127204575631762,10,0.6583503328000129,10,0.104172182190733
Shaanxi,陕西,2015,12,10.020841666666668,3.6695750428869527,0.36619429434689393,0,,,,0,,,,12,120.82090833333332,14.647344307010245,0.12123186714173365,10,1.6199999999999999,0.2149935399546283,0.13271206170038785,10,1.6199999999999999,0.2149935399546283,0.13271206170038785,12,132.19175,13.585653840022152,0.102772327622731,12,0.12123186714173365,10,0.13271206170038785,12,0.102772327622731
Shaanxi,陕西,2016,10,10.069999999999999,2.246008805760912,0.22303960335262288,0,,,,0,,,,10,131.57,17.798317648337193,0.13527641292344147,10,2.89,0.8761658899242013,0.3031715882090662,10,2.89,0.8761658899242013,0.3031715882090662,10,144.53000000000003,17.960329742085595,0.12426713998537045,10,0.13527641292344147,10,0.3031715882090662,10,0.12426713998537045
Shaanxi,陕西,2017,10,10.900000000000002,4.093083597159152,0.3755122566201056,0,,,,0,,,,10,129.82,23.52624066866614,0.18122200484259854,10,4.209999999999999,0.9267026371915527,0.22011939125690091,10,4.209999999999999,0.9267026371915527,0.22011939125690091,10,144.92999999999998,21.310771924076345,0.1470418265650752,10,0.18122200484259854,10,0.22011939125690091,10,0.1470418265650752
Shaanxi,陕西,2018,10,10.540000000000001,3.0930747018316747,0.2934605978967433,0,,,,0,,,,10,127.3,22.21215883249532,0.17448671510208422,10,5.04,0.738165895235542,0.14646148714990911,10,5.04,0.738165895235542,0.14646148714990911,10,142.88,22.006453598887756,0.15402053190710915,10,0.17448671510208422,10,0.14646148714990911,10,0.15402053190710915
Shaanxi,陕西,2019,10,12.55,5.032615842901403,0.4010052464463269,0,,,,0,,,,10,155.04999999999998,42.56240516386892,0.27450761150512043,10,6.0200000000000005,1.0901579905887238,0.18108936720742919,10,6.0200000000000005,1.0901579905887238,0.18108936720742919,10,173.62,40.69850666111039,0.23441139650449483,10,0.27450761150512043,10,0.18108936720742919,10,0.23441139650449483
Shaanxi,陕西,2020,10,10.93,4.286425602345669,0.39217068639942076,0,,,,0,,,,10,167.1,20.657740007615132,0.12362501500667344,10,7.08,1.1621818561080144,0.1641499796762732,10,7.08,1.1621818561080144,0.1641499796762732,10,185.10999999999999,18.269066144107594,0.09869302654695908,10,0.12362501500667344,10,0.1641499796762732,10,0.09869302654695908
Shaanxi,陕西,2021,10,10.64,4.228001892147166,0.3973685988860118,0,,,,0,,,,10,187.24,27.987544848854913,0.14947417671894314,10,11.75,3.4753896664019317,0.29577784394910056,10,11.75,3.4753896664019317,0.29577784394910056,10,209.63000000000002,24.480606837068187,0.11678007363959444,10,0.14947417671894314,10,0.29577784394910056,10,0.11678007363959444
Shaanxi,陕西,2022,10,6.6,2.0011108026404827,0.3031986064606792,0,,,,0,,,,10,197.28,26.98826082248022,0.13680180871086892,10,13.829999999999998,1.1747813035246695,0.08494441818688862,10,13.829999999999998,1.1747813035246695,0.08494441818688862,10,217.70999999999998,26.002967779338803,0.11943855486352857,10,0.13680180871086892,10,0.08494441818688862,10,0.11943855486352857
Shaanxi,陕西,2023,10,10.19,4.98496628763815,0.48920179466517666,0,,,,0,,,,10,212.25,31.841665576201635,0.15001962580071443,10,14.2,2.4000000000000004,0.16901408450704228,10,14.2,2.4000000000000004,0.16901408450704228,10,236.64000000000001,30.414988994828732,0.12852852009308963,10,0.15001962580071443,10,0.16901408450704228,10,0.12852852009308963
Shandong,山东,2000,12,0.0025,0.0053865151493841966,2.1546060597536787,0,,,,0,,,,12,83.76166666666667,4.8682455927690516,0.0581202092377466,0,,,,0,,,,12,83.76416666666667,4.869962477237079,0.05813897124550569,12,0.0581202092377466,0,,12,0.05813897124550569
Shandong,山东,2001,10,0.0009,0.0016472198800807785,1.830244311200865,0,,,,0,,,,12,89.07916666666667,8.755669808066015,0.09829088142269721,0,,,,0,,,,12,89.07991666666668,8.75590456588979,0.0982926892338036,12,0.09829088142269721,0,,12,0.0982926892338036
Shandong,山东,2002,7,0.002857142857142857,0.004879500364742666,1.707825127659933,0,,,,0,,,,12,101.7275,11.936019684513386,0.11733326469748481,0,,,,0,,,,12,101.72916666666667,11.935308548651571,0.11732435190155138,12,0.11733326469748481,0,,12,0.11732435190155138
Shandong,山东,2003,11,0.0010272727272727274,0.0030013633265870724,2.921681114376796,2,0.1663,0.008909545442950499,,0,,,,12,113.40166666666666,11.9389361741194,0.10528007678416897,0,,,,0,,,,12,113.43032499999998,11.90204974685414,0.10492828744741886,12,0.10528007678416897,0,,12,0.10492828744741886
Shandong,山东,2004,11,0.060000000000000005,0.13107249902248755,2.184541650374792,0,,,,0,,,,12,136.23166666666665,18.440029004775727,0.13535787571251712,0,,,,0,,,,12,136.28666666666666,18.383840400710298,0.1348909680627376,12,0.13535787571251712,0,,12,0.1348909680627376
Shandong,山东,2005,11,0.0010636363636363636,0.0030074150785259846,2.827484261862037,0,,,,0,,,,12,160.4825,14.296490430744274,0.08908441998812504,0,,,,0,,,,12,160.483475,14.297303496503645,0.08908894511726921,12,0.08908441998812504,0,,12,0.08908894511726921
Shandong,山东,2006,9,0.0012000000000000001,0.00331058907144937,2.758824226207808,0,,,,0,,,,12,192.43499999999997,20.68749490524518,0.10750380598771109,0,,,,0,,,,12,192.43589999999998,20.687482000914994,0.10750323614728331,12,0.10750380598771109,0,,12,0.10750323614728331
Shandong,山东,2007,11,0.08073636363636363,0.2259936421350268,2.7991555719910988,0,,,,0,,,,12,223.67583333333334,23.42221884463685,0.10471501769139199,0,,,,0,,,,12,223.74984166666664,23.467560190276156,0.10488302478996686,12,0.10471501769139199,0,,12,0.10488302478996686
Shandong,山东,2008,11,0.19090909090909092,0.22792343211940916,1.1938846444350002,0,,,,0,,,,12,228.39499999999998,17.31448342757118,0.07580938036109013,0,,,,0,,,,12,228.56999999999996,17.25020790388549,0.07547013126781944,12,0.07580938036109013,0,,12,0.07547013126781944
Shandong,山东,2009,12,0.14531333333333332,0.19073302939703363,1.3125638578499357,0,,,,0,,,,12,235.73998333333336,21.603373014268886,0.09164068270812588,0,,,,0,,,,12,235.88529666666668,21.474469535345705,0.09103776216154594,12,0.09164068270812588,0,,12,0.09103776216154594
Shandong,山东,2010,11,0.2061090909090909,0.14917654946100245,0.723774719509098,0,,,,0,,,,12,250.29986483333334,26.602830052974905,0.10628383707154168,0,,,,0,,,,12,250.48879816666667,26.57573505577411,0.10609550307352078,12,0.10628383707154168,0,,12,0.10609550307352078
Shandong,山东,2011,12,0.16915499999999997,0.2393871339650484,1.4151939579973896,0,,,,0,,,,12,260.13536374999995,21.151235274479014,0.0813085732349953,0,,,,0,,,,12,260.30451874999994,21.108175676980768,0.08109031598200318,12,0.0813085732349953,0,,12,0.08109031598200318
Shandong,山东,2012,11,0.170714,0.21348914488610418,1.2505661216192239,0,,,,0,,,,12,252.883599,15.698367438772328,0.06207744393408577,0,,,,0,,,,12,253.04008683333333,15.801792040746687,0.062447781450354345,12,0.06207744393408577,0,,12,0.062447781450354345
Shandong,山东,2013,10,0.27554,0.14201339686412998,0.5154002934751033,0,,,,0,,,,10,292.80788,24.775586362600247,0.08461379646818332,10,4.37,1.642525156242329,0.3758638801469861,10,4.37,1.642525156242329,0.3758638801469861,10,297.45342000000005,23.950890581159253,0.08051980233126668,10,0.08461379646818332,10,0.3758638801469861,10,0.08051980233126668
Shandong,山东,2014,10,0.43800000000000006,0.1368535307870752,0.31245098353213513,0,,,,0,,,,10,301.829,18.356732612919547,0.06081831968737115,10,7.040000000000001,3.1686660354862983,0.45009460731339457,10,7.040000000000001,3.1686660354862983,0.45009460731339457,10,309.307,18.82997908183184,0.060877959702922466,10,0.06081831968737115,10,0.45009460731339457,10,0.060877959702922466
Shandong,山东,2015,12,0.5898583333333333,0.18533630590868805,0.3142047766983961,0,,,,0,,,,12,374.026275,26.52214040804148,0.07090983222513306,10,7.65,2.597969292436777,0.33960382907670283,10,7.65,2.597969292436777,0.33960382907670283,12,380.9911333333334,27.889241794978773,0.07320181325736566,12,0.07090983222513306,10,0.33960382907670283,12,0.07320181325736566
Shandong,山东,2016,10,1.18,0.2859681411936964,0.24234588236753934,7,0.0,0.0,,7,0.6374571428571428,0.34111921111317706,0.5351249333943435,10,429.03999999999996,27.027031735735157,0.0629942003909546,10,8.98,2.3169903850565388,0.2580167466655388,10,9.42622,2.2104931645826618,0.2345047287865827,10,439.64621999999997,26.821746343583712,0.06100756727439557,10,0.0629942003909546,10,0.2345047287865827,10,0.06100756727439557
Shandong,山东,2017,10,0.4,0.3829708431025352,0.957427107756338,10,0.0,0.0,,10,2.9835900000000004,0.908115775107998,0.3043701631618278,10,405.78999999999996,54.27392355245552,0.1337487950724649,10,11.05,3.0115518332654423,0.27253862744483637,10,14.03359,2.919418099344077,0.20803073905850725,10,420.22358999999994,53.533583972378246,0.12739309559555725,10,0.1337487950724649,10,0.20803073905850725,10,0.12739309559555725
Shandong,山东,2018,10,0.30999999999999994,0.15951314818673867,0.5145585425378668,10,3.87,8.901192179827499,2.3000496588701544,8,4.407087499999999,0.7835302135436223,0.1777886673553957,10,457.16,82.20805853983471,0.17982338467896294,10,13.920000000000002,4.521258428554795,0.32480304802836163,10,17.44567,4.960646480505898,0.28434829275722273,10,478.7856699999999,84.55669250439215,0.17660656490490234,10,0.17982338467896294,10,0.28434829275722273,10,0.17660656490490234
Shandong,山东,2019,10,0.35,0.11785113019775809,0.3367175148507374,10,17.82,1.0239357618739804,0.05745991929708083,10,3.7602200000000003,0.8461036353649458,0.2250143968610735,10,432.2,24.480831503670615,0.05664236812510554,10,13.91,4.105944200519263,0.29517930988635965,10,17.67022,4.477339962472756,0.2533833739745604,10,468.04022,22.657905341687908,0.048410167275128424,10,0.05664236812510554,10,0.2533833739745604,10,0.048410167275128424
Shandong,山东,2020,10,0.55,0.27988092706244455,0.5088744128408083,10,16.880000000000003,2.6586546305310974,0.1575032364058707,10,5.05281,0.98435293179496,0.1948129717513542,10,429.36,39.75335625243908,0.0925874703103202,10,16.58,5.700643238559429,0.34382649207234195,10,21.63281,6.11177334011987,0.2825233217561598,10,468.42281,36.900223941279265,0.0787754634350092,10,0.0925874703103202,10,0.2825233217561598,10,0.0787754634350092
Shandong,山东,2021,10,0.74,0.21705094128132957,0.2933120828126075,10,16.759999999999998,2.8355677464036106,0.16918661971381926,10,6.374609999999999,0.716940053979411,0.11246806533723806,10,435.93999999999994,25.491227249127594,0.05847416444723493,10,26.1,4.84836742282045,0.18576120393948084,10,32.47461,4.813448375460377,0.14822189936878,10,485.91461,25.67922437252202,0.05284719546202166,10,0.05847416444723493,10,0.14822189936878,10,0.05284719546202166
Shandong,山东,2022,10,2.31,0.7046669820245274,0.3050506415690595,10,17.380000000000003,1.5418603481941342,0.08871463453360955,10,9.143310000000001,2.1689306312609946,0.2372150382368086,10,414.16999999999996,41.445628371531704,0.10006912227233192,10,30.71,8.496724859222718,0.2766761595318371,10,39.85331,8.361613738115654,0.20980976832578407,10,473.7133099999999,37.201999239510734,0.07853272950998726,10,0.10006912227233192,10,0.20980976832578407,10,0.07853272950998726
Shandong,山东,2023,10,3.12,0.9114091653405001,0.2921183222245193,10,16.610000000000003,1.6189502771858078,0.09746840922250496,10,13.658330000000001,3.7187956273353984,0.2722730837031612,10,420.9,42.83360570600817,0.10176670398196287,10,39.44,8.455005092317279,0.21437639686402837,10,53.09833,5.558222180407846,0.1046779094635904,10,493.7283299999999,41.434178197689505,0.08392100610813544,10,0.10176670398196287,10,0.1046779094635904,10,0.08392100610813544
Shanghai,上海,2000,0,,,,0,,,,0,,,,12,46.090833333333336,4.893720388663847,0.10617556756398806,0,,,,0,,,,12,46.090833333333336,4.893720388663847,0.10617556756398806,12,0.10617556756398806,0,,12,0.10617556756398806
Shanghai,上海,2001,0,,,,0,,,,0,,,,12,47.73833333333334,4.806618227806204,0.10068676244400805,0,,,,0,,,,12,47.73833333333334,4.806618227806204,0.10068676244400805,12,0.10068676244400805,0,,12,0.10068676244400805
Shanghai,上海,2002,0,,,,0,,,,0,,,,12,50.876666666666665,5.623522566915331,0.11053244906470545,0,,,,0,,,,12,50.876666666666665,5.623522566915331,0.11053244906470545,12,0.11053244906470545,0,,12,0.11053244906470545
Shanghai,上海,2003,0,,,,0,,,,0,,,,12,57.0825,6.68317851025993,0.11707928892847948,0,,,,0,,,,12,57.0825,6.68317851025993,0.11707928892847948,12,0.11707928892847948,0,,12,0.11707928892847948
Shanghai,上海,2004,0,,,,0,,,,0,,,,12,63.97666666666666,12.59623344375996,0.19688792961642204,0,,,,0,,,,12,63.97666666666666,12.59623344375996,0.19688792961642204,12,0.19688792961642204,0,,12,0.19688792961642204
Shanghai,上海,2005,0,,,,0,,,,0,,,,12,60.72833333333333,6.788676177460819,0.11178762539387138,0,,,,0,,,,12,60.72833333333333,6.788676177460819,0.11178762539387138,12,0.11178762539387138,0,,12,0.11178762539387138
Shanghai,上海,2006,0,,,,0,,,,0,,,,12,59.24666666666667,6.165128227426096,0.10405865130121687,0,,,,0,,,,12,59.24666666666667,6.165128227426096,0.10405865130121687,12,0.10405865130121687,0,,12,0.10405865130121687
Shanghai,上海,2007,0,,,,0,,,,0,,,,12,61.354166666666664,5.865956417922798,0.09560811818685716,0,,,,0,,,,12,61.354166666666664,5.865956417922798,0.09560811818685716,12,0.09560811818685716,0,,12,0.09560811818685716
Shanghai,上海,2008,0,,,,0,,,,0,,,,12,63.762499999999996,9.33945309377959,0.14647250490146388,0,,,,0,,,,12,63.762499999999996,9.33945309377959,0.14647250490146388,12,0.14647250490146388,0,,12,0.14647250490146388
Shanghai,上海,2009,0,,,,0,,,,0,,,,12,63.98098566666667,9.774121241693909,0.1527660310301551,0,,,,0,,,,12,63.98098566666667,9.774121241693909,0.1527660310301551,12,0.1527660310301551,0,,12,0.1527660310301551
Shanghai,上海,2010,0,,,,0,,,,0,,,,12,72.06583191666667,10.442887123260943,0.144907605248165,0,,,,0,,,,12,72.06583191666667,10.442887123260943,0.144907605248165,12,0.144907605248165,0,,12,0.144907605248165
Shanghai,上海,2011,0,,,,0,,,,0,,,,12,78.83133149999999,13.168808554051255,0.16705043925398186,0,,,,0,,,,12,78.83133149999999,13.168808554051255,0.16705043925398186,12,0.16705043925398186,0,,12,0.16705043925398186
Shanghai,上海,2012,0,,,,0,,,,0,,,,12,73.53744058333332,12.316107024369117,0.16748076798256786,0,,,,0,,,,12,73.53744058333332,12.316107024369117,0.16748076798256786,12,0.16748076798256786,0,,12,0.16748076798256786
Shanghai,上海,2013,0,,,,0,,,,0,,,,10,79.96412,16.319235220697227,0.20408197102271905,10,0.29,0.08755950357709129,0.30192932267962513,10,0.29,0.08755950357709129,0.30192932267962513,10,80.25412000000001,16.314795628835412,0.20328919722545596,10,0.20408197102271905,10,0.30192932267962513,10,0.20328919722545596
Shanghai,上海,2014,0,,,,0,,,,0,,,,10,62.513999999999996,17.6646314550982,0.28257080742070895,10,0.29,0.15238839267549945,0.5254772161224119,10,0.29,0.15238839267549945,0.5254772161224119,10,62.803999999999995,17.645939539231755,0.2809684023188293,10,0.28257080742070895,10,0.5254772161224119,10,0.2809684023188293
Shanghai,上海,2015,0,,,,0,,,,0,,,,12,65.43201666666667,14.143685161090827,0.21615847839664873,10,0.41999999999999993,0.10327955589886433,0.24590370452110558,10,0.41999999999999993,0.10327955589886433,0.24590370452110558,12,65.78201666666668,14.070959614806497,0.2139028313179792,12,0.21615847839664873,10,0.24590370452110558,12,0.2139028313179792
Shanghai,上海,2016,0,,,,0,,,,7,0.042614285714285716,0.021363787786144763,0.501329247412046,10,64.65,11.93261171002488,0.18457249358120462,10,0.53,0.11595018087284067,0.21877392617517108,10,0.55983,0.10305016092499167,0.1840740241233797,10,65.20983000000001,11.92325311696531,0.1828444134414291,10,0.18457249358120462,10,0.1840740241233797,10,0.1828444134414291
Shanghai,上海,2017,0,,,,0,,,,10,0.04896,0.013538849450542111,0.2765287877970203,10,67.38,15.214963394997406,0.2258083020925706,10,0.5700000000000001,0.18287822299126938,0.32083898770398134,10,0.6189600000000001,0.17646079325321973,0.2850924021798173,10,67.99895999999998,15.133044232568967,0.222548171803936,10,0.2258083020925706,10,0.2850924021798173,10,0.222548171803936
Shanghai,上海,2018,0,,,,0,,,,10,0.05219,0.0145009156798995,0.2778485472293447,10,65.06,12.051850941291598,0.18524209869799566,10,0.8699999999999999,0.309300285590988,0.35551756964481385,10,0.9221900000000002,0.3092727111933559,0.335367669561973,10,65.98219,12.269923202191068,0.18595810781956568,10,0.18524209869799566,10,0.335367669561973,10,0.18595810781956568
Shanghai,上海,2019,0,,,,0,,,,10,0.05158,0.012852565675554614,0.24917731049931396,10,62.230000000000004,13.462792346975341,0.21633926316849333,10,0.7300000000000001,0.16363916944844767,0.2241632458197913,10,0.7815799999999999,0.15381037965263877,0.1967941601021505,10,63.01158,13.533313262283967,0.21477501853284692,10,0.21633926316849333,10,0.1967941601021505,10,0.21477501853284692
Shanghai,上海,2020,0,,,,0,,,,10,0.04939999999999999,0.014020144237647659,0.2838085878066328,10,66.35000000000001,17.09081949793839,0.2575858251384836,10,1.2000000000000002,0.3091206165165235,0.2576005137637695,10,1.2494,0.31087851861029797,0.248822249568031,10,67.5994,17.231273794018954,0.2549027623620765,10,0.2575858251384836,10,0.248822249568031,10,0.2549027623620765
Shanghai,上海,2021,0,,,,0,,,,10,0.13308999999999999,0.13263086158373713,0.9965501659308524,10,77.47,11.451157146769068,0.1478140847653165,10,1.3800000000000001,0.36453928305312816,0.2641589007631363,10,1.5130900000000003,0.47425432804210277,0.31343431523709936,10,78.98308999999999,11.496861351927521,0.14556104796517233,10,0.1478140847653165,10,0.31343431523709936,10,0.14556104796517233
Shanghai,上海,2022,0,,,,0,,,,10,0.33785000000000004,0.08726808313085226,0.2583042271151465,10,70.56,23.92921041553839,0.33913280067373,10,1.52,0.4104198392432367,0.27001305213370835,10,1.8578499999999998,0.3710737370568458,0.19973288320200547,10,72.41785,23.93700868127056,0.330540173193081,10,0.33913280067373,10,0.19973288320200547,10,0.330540173193081
Shanghai,上海,2023,0,,,,0,,,,10,0.45237999999999995,0.17362972607758664,0.38381388672705835,10,78.56,15.443459600893974,0.19658171589732654,10,1.9099999999999997,0.47946729699624885,0.25102999842735546,10,2.36238,0.4717920370483403,0.19971047716639165,10,80.92238,15.374984493347183,0.18999669180944978,10,0.19658171589732654,10,0.19971047716639165,10,0.18999669180944978
Shanxi,山西,2000,10,3.808,8.124148912689595,2.133442466567646,0,,,,0,,,,12,50.60583333333333,8.846721486551152,0.17481623962753606,0,,,,0,,,,12,53.77916666666666,9.95414711047458,0.18509299655333536,12,0.17481623962753606,0,,12,0.18509299655333536
Shanxi,山西,2001,12,1.3525,0.664859862199273,0.4915784563395733,0,,,,0,,,,12,57.595,7.268608094839322,0.1262020677982346,0,,,,0,,,,12,58.94750000000001,7.3734870559075665,0.12508566191793655,12,0.1262020677982346,0,,12,0.12508566191793655
Shanxi,山西,2002,12,2.085,0.8356434646426669,0.4007882324425261,0,,,,0,,,,12,68.59833333333333,7.569462372326082,0.11034469796145799,0,,,,0,,,,12,70.68333333333332,7.517290775675796,0.10635167331774294,12,0.11034469796145799,0,,12,0.10635167331774294
Shanxi,山西,2003,12,1.5016666666666667,0.7548610147008199,0.502682140755263,0,,,,0,,,,12,77.96833333333333,4.549193401698885,0.05834668008420792,0,,,,0,,,,12,79.47,4.332609962933329,0.05451881166394022,12,0.05834668008420792,0,,12,0.05451881166394022
Shanxi,山西,2004,12,2.2516666666666665,1.1918651032069123,0.5293257305138027,0,,,,0,,,,12,85.83916666666666,3.748292843738874,0.04366646356545331,0,,,,0,,,,12,88.09083333333332,3.8907827170782667,0.04416785004582316,12,0.04366646356545331,0,,12,0.04416785004582316
Shanxi,山西,2005,12,2.5641666666666665,1.2289127369962098,0.47926398582887614,0,,,,0,,,,12,104.40166666666666,11.89403963285305,0.11392576395191377,0,,,,0,,,,12,106.96583333333335,11.685892394704235,0.10924883236582615,12,0.11392576395191377,0,,12,0.10924883236582615
Shanxi,山西,2006,12,1.9441666666666666,0.6254228872361393,0.321692012294628,0,,,,0,,,,12,120.33666666666666,11.571327678465584,0.09615795417134361,0,,,,0,,,,12,122.28083333333335,11.342877186974535,0.09276087574619517,12,0.09615795417134361,0,,12,0.09276087574619517
Shanxi,山西,2007,12,2.8891666666666667,1.0352290772694912,0.3583140734708363,0,,,,0,,,,12,142.62,8.858355069958199,0.06211159073031972,0,,,,0,,,,12,145.5091666666667,9.158055032030358,0.0629379938173221,12,0.06211159073031972,0,,12,0.0629379938173221
Shanxi,山西,2008,12,2.5483333333333333,1.1027719894003756,0.4327424418837314,0,,,,0,,,,12,147.35416666666666,10.684954977854984,0.0725120654512992,0,,,,0,,,,12,149.9025,10.703684263756195,0.07140430789183766,12,0.0725120654512992,0,,12,0.07140430789183766
Shanxi,山西,2009,12,1.60321425,0.7655961995435171,0.4775382950491596,0,,,,0,,,,12,153.43342333333334,15.77403738155357,0.10280704841789624,0,,,,0,,,,12,155.03663758333332,15.612254338114491,0.10070041882663246,12,0.10280704841789624,0,,12,0.10070041882663246
Shanxi,山西,2010,11,3.375514000000001,1.829010210389105,0.5418464300219477,0,,,,0,,,,12,173.6410405,14.893542729107454,0.08577201959986788,0,,,,0,,,,12,176.73526166666667,14.027774087176166,0.07937167690753977,12,0.08577201959986788,0,,12,0.07937167690753977
Shanxi,山西,2011,12,2.6946135833333336,1.2474041903670823,0.46292507322107335,0,,,,0,,,,12,188.31805841666667,15.157830044249964,0.08049058158146587,0,,,,0,,,,12,191.01267200000004,14.940227708343508,0.0782158982014738,12,0.08049058158146587,0,,12,0.0782158982014738
Shanxi,山西,2012,12,3.4097339166666667,1.709392332020278,0.5013271926189973,0,,,,0,,,,12,199.70127016666666,17.768841358093947,0.08897710737274946,0,,,,0,,,,12,203.11100408333337,17.125490926953486,0.0843159187964388,12,0.08897710737274946,0,,12,0.0843159187964388
Shanxi,山西,2013,10,3.1116300000000003,1.2906806611241992,0.41479245961897754,0,,,,0,,,,10,210.90634,12.422695849863764,0.05890148133936497,10,3.5900000000000007,1.0450412006763714,0.29109782748645435,10,3.5900000000000007,1.0450412006763714,0.29109782748645435,10,217.60796999999997,12.698383041776097,0.0583544023767884,10,0.05890148133936497,10,0.29109782748645435,10,0.0583544023767884
Shanxi,山西,2014,10,2.6420000000000003,0.9954094634872626,0.3767636122207655,0,,,,0,,,,10,212.13999999999996,12.265852328042012,0.05781961123805984,10,4.43,2.0248731098790134,0.4570819661126441,10,4.43,2.0248731098790134,0.4570819661126441,10,219.212,12.407500240669844,0.056600460926727755,10,0.05781961123805984,10,0.4570819661126441,10,0.056600460926727755
Shanxi,山西,2015,12,2.311758333333333,0.975560051232422,0.4219991498098152,0,,,,0,,,,12,192.74018333333333,17.777849354787428,0.0922373790837463,10,6.7,2.885596414377219,0.4306860319965998,10,6.7,2.885596414377219,0.4306860319965998,12,200.635275,17.363484456448216,0.08654253075112647,12,0.0922373790837463,10,0.4306860319965998,12,0.08654253075112647
Shanxi,山西,2016,10,2.88,0.9681597664297632,0.33616658556589,0,,,,7,0.6100714285714286,0.04903134080312704,0.08036983623039205,10,200.83999999999997,20.026105185204823,0.09971173663216902,10,8.67,2.5974560203741213,0.29959123649067143,10,9.09705,2.47778771050575,0.27237266042351643,10,212.81704999999997,19.618500756641215,0.0921848167552422,10,0.09971173663216902,10,0.27237266042351643,10,0.0921848167552422
Shanxi,山西,2017,10,3.28,0.8011103405759887,0.24424095749267952,0,,,,10,1.7837399999999999,0.9514303386655976,0.5333907064177501,10,219.45999999999998,20.642738836372153,0.09406150932457921,10,11.229999999999999,5.26731008727942,0.46903918853779347,10,13.013739999999999,5.208157417871825,0.40020450830213494,10,235.75374000000002,21.169598015403523,0.08979538570799989,10,0.09406150932457921,10,0.40020450830213494,10,0.08979538570799989
Shanxi,山西,2018,10,3.22,0.8891943919451274,0.2761473266910333,0,,,,10,3.2667100000000007,0.2873109869500679,0.0879511762446216,10,234.66,26.108287317759196,0.11126006698099035,10,13.819999999999999,4.424628044630797,0.3201612188589579,10,17.08671,4.362326398061273,0.25530522833601516,10,254.96670999999998,25.246440515730775,0.09901857585929856,10,0.11126006698099035,10,0.25530522833601516,10,0.09901857585929856
Shanxi,山西,2019,10,4.8100000000000005,0.8464960458003064,0.1759867039085876,0,,,,10,5.48312,0.42709184232174113,0.07789212023843015,10,245.60999999999999,23.974266296269448,0.09761111638886628,10,16.19,5.152658429285691,0.3182617930380291,10,21.673119999999997,5.027060892763837,0.2319491099003668,10,272.09311999999994,23.729296620600458,0.08721020443515978,10,0.09761111638886628,10,0.2319491099003668,10,0.08721020443515978
Shanxi,山西,2020,10,3.71,0.9243015380996255,0.2491378808893869,0,,,,10,8.040189999999999,0.6434730218811728,0.0800320666403621,10,256.68,31.29610554401648,0.12192654489643322,10,18.860000000000003,6.793002936028284,0.36018043139068306,10,26.90019,7.101362074114139,0.26398929056315734,10,287.29019,31.93014860209875,0.11114249533580924,10,0.12192654489643322,10,0.26398929056315734,10,0.11114249533580924
Shanxi,山西,2021,10,2.8,0.9428090415820634,0.3367175148507369,0,,,,10,10.455560000000002,1.7194753148045518,0.1644555925081537,10,269.28999999999996,30.36359113587631,0.1127542468560894,10,29.76,9.75786861973454,0.3278853702867789,10,40.215559999999996,10.663827779637938,0.26516671108491185,10,312.30556,30.457728517887414,0.09752541234900657,10,0.1127542468560894,10,0.26516671108491185,10,0.09752541234900657
Shanxi,山西,2022,10,2.4299999999999997,0.4967673276069774,0.20443099901521705,0,,,,10,13.210149999999999,1.7767388329621094,0.1344980059243922,10,298.50999999999993,39.386107251725754,0.13194233778341014,10,34.82,11.274336639761417,0.3237891051051527,10,48.03015,10.621115592823157,0.22113434150888883,10,348.97015,40.040833946145234,0.11473999694857923,10,0.13194233778341014,10,0.22113434150888883,10,0.11473999694857923
Shanxi,山西,2023,10,2.72,0.5788878225624638,0.21282640535384698,0,,,,10,13.92207,1.69693904758604,0.12188841512692006,10,309.21,41.49400090508391,0.134193593043834,10,39.04,14.634525388044993,0.37485976916098857,10,52.96207,13.859281219060389,0.2616831483184171,10,364.89207,42.181771393683725,0.11560067993169522,10,0.134193593043834,10,0.2616831483184171,10,0.11560067993169522
Sichuan,四川,2000,12,26.25916666666667,6.052885800603834,0.23050563170716892,0,,,,0,,,,12,15.4275,5.211972449867884,0.33783649002546645,0,,,,0,,,,12,41.68666666666666,3.604929285230873,0.08647679398442844,12,0.33783649002546645,0,,12,0.08647679398442844
Sichuan,四川,2001,12,31.209999999999997,8.674497627581042,0.2779396868818021,0,,,,0,,,,12,17.3975,5.150724794540174,0.296061203882177,0,,,,0,,,,12,48.607499999999995,6.488322552513445,0.1334839798902113,12,0.296061203882177,0,,12,0.1334839798902113
Sichuan,四川,2002,12,34.15416666666667,11.21593141135601,0.3283913064200857,0,,,,0,,,,12,23.804166666666664,5.338063077956494,0.2242491053228704,0,,,,0,,,,12,57.95833333333334,8.45056193218516,0.1458040879744384,12,0.2242491053228704,0,,12,0.1458040879744384
Sichuan,四川,2003,12,39.1775,17.350586641902968,0.4428712052045936,0,,,,0,,,,12,25.959999999999997,7.689903652310483,0.2962212500890017,0,,,,0,,,,12,65.1375,13.192419396966372,0.2025318656222049,12,0.2962212500890017,0,,12,0.2025318656222049
Sichuan,四川,2004,12,45.47666666666667,15.417446630556586,0.33901883670504845,0,,,,0,,,,12,28.003333333333334,4.781592228789933,0.17075082354921792,0,,,,0,,,,12,73.48,11.507787086854,0.15661114707204682,12,0.17075082354921792,0,,12,0.15661114707204682
Sichuan,四川,2005,12,51.41583333333333,16.502731155965076,0.32096593765147075,0,,,,0,,,,12,28.42,5.3038099513462935,0.18662244726763874,0,,,,0,,,,12,79.83583333333333,13.62875533457465,0.170709752319756,12,0.18662244726763874,0,,12,0.170709752319756
Sichuan,四川,2006,11,64.60909090909091,16.74372446891399,0.25915431146482887,0,,,,0,,,,12,35.33,6.756160824825669,0.19123013939500902,0,,,,0,,,,12,94.555,25.246516411360417,0.2670035049585999,12,0.19123013939500902,0,,12,0.2670035049585999
Sichuan,四川,2007,12,61.35416666666666,21.87977374751449,0.35661430895779145,0,,,,0,,,,12,37.31333333333333,9.868522348018129,0.2644771041991637,0,,,,0,,,,12,98.66749999999998,17.446983133325528,0.17682603829351642,12,0.2644771041991637,0,,12,0.17682603829351642
Sichuan,四川,2008,12,63.89333333333334,17.671586507639027,0.2765795050235657,0,,,,0,,,,11,36.53454545454546,12.994616857480915,0.3556802663289789,0,,,,0,,,,12,97.38333333333333,20.78694053894647,0.2134548061504002,11,0.3556802663289789,0,,12,0.2134548061504002
Sichuan,四川,2009,12,79.6387065,28.219921875554874,0.35434932479164355,0,,,,0,,,,12,42.712959250000004,13.89444396387664,0.3252980876963386,0,,,,0,,,,12,122.35166575,22.15060309039264,0.181040470144908,12,0.3252980876963386,0,,12,0.181040470144908
Sichuan,四川,2010,12,91.94749041666667,33.635207007222846,0.36580886389397343,0,,,,0,,,,12,47.46152333333333,15.038062087289221,0.31684743832753554,0,,,,0,,,,12,139.40901374999999,23.24780592031216,0.16675970437608925,12,0.31684743832753554,0,,12,0.16675970437608925
Sichuan,四川,2011,12,103.77564025,34.600360294147485,0.33341505010996536,0,,,,0,,,,12,49.83103391666666,16.232743440765702,0.32575570211752003,0,,,,0,,,,12,153.60667416666664,24.143621818224634,0.157178208233506,12,0.32575570211752003,0,,12,0.157178208233506
Sichuan,四川,2012,12,117.55797533333333,42.88244807571611,0.36477702133031614,0,,,,0,,,,12,48.94392783333333,17.176064273536547,0.35093350766668063,0,,,,0,,,,12,166.50190316666666,31.32538411479833,0.1881382946322358,12,0.35093350766668063,0,,12,0.1881382946322358
Sichuan,四川,2013,10,167.46210000000002,79.42567685641717,0.47429046247728385,0,,,,0,,,,10,49.68273,12.803942243443807,0.2577141441994795,8,0.0,0.0,,8,0.0,0.0,,10,217.14483,81.5032202578531,0.375340367338486,10,0.2577141441994795,8,,10,0.375340367338486
Sichuan,四川,2014,10,209.06400000000002,72.47800481678712,0.34667855210264376,0,,,,0,,,,10,45.788,15.586932418607011,0.3404152271033243,10,0.18,0.14757295747452437,0.8198497637473576,10,0.18,0.14757295747452437,0.8198497637473576,10,255.032,60.60053974823804,0.23761935658363673,10,0.3404152271033243,10,0.8198497637473576,10,0.23761935658363673
Sichuan,四川,2015,12,209.03629999999998,65.30582861450634,0.31241381814788316,0,,,,0,,,,12,36.844008333333335,11.26543501943875,0.3057602994093001,10,0.9400000000000001,0.7121173436387512,0.7575716421688843,10,0.9400000000000001,0.7121173436387512,0.7575716421688843,12,246.66364166666668,57.3853734311431,0.23264625886247092,12,0.3057602994093001,10,0.7575716421688843,12,0.23264625886247092
Sichuan,四川,2016,10,238.99,59.262400483874295,0.24797020998315533,0,,,,0,,,,10,32.17,4.983316610897253,0.15490570751934266,10,1.5299999999999998,0.48316088877768687,0.3157914305736516,10,1.5299999999999998,0.48316088877768687,0.3157914305736516,10,272.69,59.12618239362692,0.21682563494674142,10,0.15490570751934266,10,0.3157914305736516,10,0.21682563494674142
Sichuan,四川,2017,10,255.86000000000004,64.91134466845268,0.25369868157763104,0,,,,0,,,,10,30.5,8.51156076560971,0.27906756608556427,10,3.0399999999999996,1.1908913561791525,0.39174057769051074,10,3.0399999999999996,1.1908913561791525,0.39174057769051074,10,289.4,65.98270817250358,0.2279983005269647,10,0.27906756608556427,10,0.39174057769051074,10,0.2279983005269647
Sichuan,四川,2018,10,260.22999999999996,71.19903323313692,0.273600404385109,0,,,,0,,,,10,36.75,7.723161413710209,0.21015405207374718,10,4.279999999999999,1.9831512521461607,0.463353096295832,10,4.279999999999999,1.9831512521461607,0.463353096295832,10,301.26,68.32554752392728,0.22679926815351287,10,0.21015405207374718,10,0.463353096295832,10,0.22679926815351287
Sichuan,四川,2019,10,270.7,75.46509126741984,0.27877758133513053,0,,,,0,,,,10,40.559999999999995,15.344285943344225,0.37831079741972945,10,5.5200000000000005,1.8837315213279335,0.3412557103854952,10,5.5200000000000005,1.8837315213279335,0.3412557103854952,10,316.78000000000003,66.61394248453799,0.2102845586354504,10,0.37831079741972945,10,0.3412557103854952,10,0.2102845586354504
Sichuan,四川,2020,10,301.63,94.8521896894789,0.31446537045213974,0,,,,0,,,,10,41.95,15.984801809496695,0.3810441432537948,10,6.56,2.3032344407135126,0.35110281108437696,10,6.56,2.3032344407135126,0.35110281108437696,10,350.14,83.13884237293125,0.23744457180822315,10,0.3810441432537948,10,0.35110281108437696,10,0.23744457180822315
Sichuan,四川,2021,10,318.14,123.77274156919835,0.3890511773722209,0,,,,0,,,,10,53.1,23.40678913857638,0.44080582181876415,10,8.7,2.7584214487436265,0.31705993663719845,10,8.7,2.7584214487436265,0.31705993663719845,10,379.94000000000005,106.51743936505844,0.2803533172739338,10,0.44080582181876415,10,0.31705993663719845,10,0.2803533172739338
Sichuan,四川,2022,10,327.66,90.10180908283695,0.2749856835830951,0,,,,0,,,,10,61.77,25.561474918321913,0.4138169810315997,10,10.469999999999999,4.671913716859267,0.44621907515370274,10,10.469999999999999,4.671913716859267,0.44621907515370274,10,399.9,84.45848421298808,0.21119901028504148,10,0.4138169810315997,10,0.44621907515370274,10,0.21119901028504148
Sichuan,四川,2023,10,310.54,112.0193653893032,0.3607244328888491,0,,,,0,,,,10,74.8,20.548100750299145,0.27470722928207414,10,13.280000000000001,4.271819804772252,0.3216731780701997,10,13.280000000000001,4.271819804772252,0.3216731780701997,10,398.62,93.30773220311855,0.23407689579830052,10,0.27470722928207414,10,0.3216731780701997,10,0.23407689579830052
Tianjin,天津,2000,12,0.011666666666666667,0.007177405625652734,0.61520619648452,0,,,,0,,,,12,17.6125,2.142581811315922,0.12165120291360805,0,,,,0,,,,12,17.624166666666664,2.144084709712805,0.12165594835005751,12,0.12165120291360805,0,,12,0.12165594835005751
Tianjin,天津,2001,9,0.0,0.0,,0,,,,0,,,,12,18.11916666666667,1.6877335977486758,0.09314631455173669,0,,,,0,,,,12,18.11916666666667,1.6877335977486758,0.09314631455173669,12,0.09314631455173669,0,,12,0.09314631455173669
Tianjin,天津,2002,0,,,,0,,,,0,,,,12,22.4025,4.676170004297416,0.20873429323947845,0,,,,0,,,,12,22.4025,4.676170004297416,0.20873429323947845,12,0.20873429323947845,0,,12,0.20873429323947845
Tianjin,天津,2003,0,,,,0,,,,0,,,,12,26.662499999999998,1.597470301331564,0.05991449794023682,0,,,,0,,,,12,26.662499999999998,1.597470301331564,0.05991449794023682,12,0.05991449794023682,0,,12,0.05991449794023682
Tianjin,天津,2004,0,,,,0,,,,0,,,,12,28.140833333333333,5.164317183297032,0.18351685332572593,0,,,,0,,,,12,28.140833333333333,5.164317183297032,0.18351685332572593,12,0.18351685332572593,0,,12,0.18351685332572593
Tianjin,天津,2005,1,0.0,,,0,,,,0,,,,12,30.474166666666665,2.5387020962163582,0.08330669461728869,0,,,,0,,,,12,30.474166666666665,2.5387020962163582,0.08330669461728869,12,0.08330669461728869,0,,12,0.08330669461728869
Tianjin,天津,2006,0,,,,0,,,,0,,,,12,29.936666666666667,2.8440346927091733,0.09500171560101904,0,,,,0,,,,12,29.936666666666667,2.8440346927091733,0.09500171560101904,12,0.09500171560101904,0,,12,0.09500171560101904
Tianjin,天津,2007,0,,,,0,,,,0,,,,12,32.76083333333333,4.833548401693633,0.14754045944172056,0,,,,0,,,,12,32.76083333333333,4.833548401693633,0.14754045944172056,12,0.14754045944172056,0,,12,0.14754045944172056
Tianjin,天津,2008,0,,,,0,,,,0,,,,12,32.5875,2.637650900465652,0.08094057231962108,0,,,,0,,,,12,32.5875,2.637650900465652,0.08094057231962108,12,0.08094057231962108,0,,12,0.08094057231962108
Tianjin,天津,2009,0,,,,0,,,,0,,,,12,32.472144166666666,5.908067004204078,0.1819426205390167,0,,,,0,,,,12,32.472144166666666,5.908067004204078,0.1819426205390167,12,0.1819426205390167,0,,12,0.1819426205390167
Tianjin,天津,2010,0,,,,0,,,,0,,,,12,46.633688750000005,14.624699641651937,0.31360803817287425,0,,,,0,,,,12,46.633688750000005,14.624699641651937,0.31360803817287425,12,0.31360803817287425,0,,12,0.31360803817287425
Tianjin,天津,2011,0,,,,0,,,,0,,,,12,51.461745416666666,12.373322802886333,0.24043729381318352,0,,,,0,,,,12,51.461745416666666,12.373322802886333,0.24043729381318352,12,0.24043729381318352,0,,12,0.24043729381318352
Tianjin,天津,2012,0,,,,0,,,,0,,,,12,48.77048208333333,3.427871104744577,0.07028577447496684,0,,,,0,,,,12,48.77048208333333,3.427871104744577,0.07028577447496684,12,0.07028577447496684,0,,12,0.07028577447496684
Tianjin,天津,2013,0,,,,0,,,,0,,,,10,52.52946999999999,6.815630852687899,0.1297487077765662,10,0.45999999999999996,0.31692971530679226,0.6889776419712875,10,0.45999999999999996,0.31692971530679226,0.6889776419712875,10,52.989470000000004,6.637629356605168,0.12526317694072364,10,0.1297487077765662,10,0.6889776419712875,10,0.12526317694072364
Tianjin,天津,2014,0,,,,0,,,,0,,,,10,51.753,6.422547175554438,0.12409999759539424,10,0.47000000000000003,0.18885620632287067,0.4018217155805759,10,0.47000000000000003,0.18885620632287067,0.4018217155805759,10,52.223,6.374522291469733,0.1220635025078937,10,0.12409999759539424,10,0.4018217155805759,10,0.1220635025078937
Tianjin,天津,2015,0,,,,0,,,,0,,,,12,51.1789,7.999228817261645,0.156299350264692,10,0.53,0.22632326929023935,0.427025036396678,10,0.53,0.22632326929023935,0.427025036396678,12,51.62056666666666,7.876458508784649,0.15258372810290696,12,0.156299350264692,10,0.427025036396678,12,0.15258372810290696
Tianjin,天津,2016,7,0.0,0.0,,0,,,,7,0.0,0.0,,10,51.55,10.517630700664274,0.2040277536501314,10,0.48999999999999994,0.19692073983655906,0.4018790608909369,10,0.48999999999999994,0.19692073983655906,0.4018790608909369,10,52.04,10.393181525510958,0.1997152483764596,10,0.2040277536501314,10,0.4018790608909369,10,0.1997152483764596
Tianjin,天津,2017,10,0.0,0.0,,0,,,,10,0.0,0.0,,10,49.269999999999996,9.373372451317135,0.19024502641195729,10,0.51,0.15238839267549945,0.2988007699519597,10,0.51,0.15238839267549945,0.2988007699519597,10,49.779999999999994,9.310901615251272,0.18704101276117463,10,0.19024502641195729,10,0.2988007699519597,10,0.18704101276117463
Tianjin,天津,2018,10,0.0,0.0,,0,,,,10,0.06806,0.043775670564062556,0.6431923385845218,10,58.839999999999996,13.440171956571918,0.22841896595125627,10,0.48999999999999994,0.20789954839350233,0.42428479263980073,10,0.55806,0.22173527359343517,0.39733231837694005,10,59.39806000000001,13.348264434766213,0.22472559600037798,10,0.22841896595125627,10,0.39733231837694005,10,0.22472559600037798
Tianjin,天津,2019,10,0.0,0.0,,0,,,,10,0.27292,0.05626717614303309,0.20616728764118822,10,58.379999999999995,9.685246512092482,0.16590007728832618,10,0.76,0.429987079909256,0.5657724735648105,10,1.03292,0.42629540566242186,0.4127090245734634,10,59.412919999999986,9.481905328665615,0.15959332294500284,10,0.16590007728832618,10,0.4127090245734634,10,0.15959332294500284
Tianjin,天津,2020,10,0.0,0.0,,0,,,,10,0.33955,0.06001081846911718,0.17673632298370542,10,62.1,8.985296631472757,0.14469076701244374,10,0.9800000000000001,0.3823901439919996,0.3901940244816322,10,1.31955,0.4114434867363656,0.3118059086327654,10,63.41955,8.744510097992286,0.13788350907554983,10,0.14469076701244374,10,0.3118059086327654,10,0.13788350907554983
Tianjin,天津,2021,10,0.0,0.0,,0,,,,10,0.70355,0.14657451082034087,0.20833559920452116,10,62.07000000000001,8.522916819441047,0.13731137134591664,10,1.24,0.42478752858863966,0.3425705875714836,10,1.9435499999999997,0.48198625902497344,0.24799272415166757,10,64.01355,8.276858010843648,0.12929853149596685,10,0.13731137134591664,10,0.24799272415166757,10,0.12929853149596685
Tianjin,天津,2022,10,0.0,0.0,,0,,,,10,1.23932,0.2912454360157423,0.23500422491022685,10,58.239999999999995,8.785619563304074,0.15085198426002877,10,1.2899999999999998,0.4532597979574677,0.3513641844631533,10,2.52932,0.5845453253027801,0.2311076990269243,10,60.76932000000001,8.38446647832898,0.13797203059584967,10,0.15085198426002877,10,0.2311076990269243,10,0.13797203059584967
Tianjin,天津,2023,10,0.0,0.0,,0,,,,10,2.08714,1.0819962848570432,0.518410976195676,10,63.65,10.266044353433614,0.1612889921984857,10,1.89,0.6723920813863817,0.35576300602454064,10,3.97714,1.2328022119455238,0.3099720432133452,10,67.62714000000001,9.797431929076543,0.14487426097091408,10,0.1612889921984857,10,0.3099720432133452,10,0.14487426097091408
Xinjiang,新疆,2000,12,2.5691666666666664,1.435792200293706,0.558855219056908,0,,,,0,,,,12,12.440833333333332,4.025106341527643,0.3235399296559161,0,,,,0,,,,12,15.01,5.353012745599008,0.356629763197802,12,0.3235399296559161,0,,12,0.356629763197802
Xinjiang,新疆,2001,12,2.3000000000000003,0.6820157289575177,0.2965285778076164,0,,,,0,,,,12,12.608333333333334,2.3431440933976413,0.18584090628401648,0,,,,0,,,,12,14.908333333333331,2.6032665959707195,0.17461821772861172,12,0.18584090628401648,0,,12,0.17461821772861172
Xinjiang,新疆,2002,12,2.4341666666666666,0.667906612053094,0.2743882007749787,0,,,,0,,,,12,13.7025,1.2841489930547954,0.09371640160954536,0,,,,0,,,,12,16.136666666666667,1.46228546730069,0.09061880607110245,12,0.09371640160954536,0,,12,0.09061880607110245
Xinjiang,新疆,2003,12,2.5483333333333333,0.6290950691752449,0.2468652985645173,0,,,,0,,,,12,15.3275,1.2335766549494842,0.08048126928393307,0,,,,0,,,,12,17.87583333333333,1.4693316868769293,0.08219654208439306,12,0.08048126928393307,0,,12,0.08219654208439306
Xinjiang,新疆,2004,12,2.733333333333333,0.8159582579935564,0.29852131390008163,0,,,,0,,,,12,17.43166666666667,1.4445435474938333,0.08286892900815565,0,,,,0,,,,12,20.165,1.8335732625370913,0.09092850297729191,12,0.08286892900815565,0,,12,0.09092850297729191
Xinjiang,新疆,2005,12,2.9625,0.845137159390012,0.2852783660388226,0,,,,0,,,,12,21.073333333333334,2.2985739979914555,0.10907500781357744,0,,,,0,,,,12,24.03583333333333,2.7723356032359603,0.11534177179499888,12,0.10907500781357744,0,,12,0.11534177179499888
Xinjiang,新疆,2006,12,3.901666666666667,1.236136454172165,0.31682267086856,0,,,,0,,,,12,23.41,4.181632999852402,0.17862592908382752,0,,,,0,,,,12,27.311666666666667,4.388240138728916,0.16067273346172878,12,0.17862592908382752,0,,12,0.16067273346172878
Xinjiang,新疆,2007,11,4.6063636363636355,2.195555841818981,0.47663537122575084,0,,,,0,,,,12,29.063333333333333,4.9769218916064455,0.17124401507993275,0,,,,0,,,,12,33.28583333333333,5.9323710702510395,0.17822510287913398,12,0.17124401507993275,0,,12,0.17822510287913398
Xinjiang,新疆,2008,12,5.748333333333332,2.6904775964444863,0.46804481237074286,0,,,,0,,,,12,33.35916666666667,4.956027475038181,0.14856568584461585,0,,,,0,,,,12,39.1075,7.375760207352435,0.18860219158351813,12,0.14856568584461585,0,,12,0.18860219158351813
Xinjiang,新疆,2009,12,6.2025355,2.5726919788347806,0.41478069393311506,0,,,,0,,,,12,37.290107666666664,5.65308694296053,0.15159749586922702,0,,,,0,,,,12,43.492643166666674,7.685031761485084,0.1766972803201575,12,0.15159749586922702,0,,12,0.1766972803201575
Xinjiang,新疆,2010,12,6.996324916666667,3.3801627853190856,0.48313404903006313,0,,,,0,,,,12,45.227003333333336,5.0073165170433604,0.1107151955246359,0,,,,0,,,,12,52.22332825000001,6.650132763333656,0.12734027083640834,12,0.1107151955246359,0,,12,0.12734027083640834
Xinjiang,新疆,2011,12,6.84907225,3.2513276357317933,0.4747106640219474,0,,,,0,,,,12,58.4241485,12.828839287482845,0.21958110844324663,0,,,,0,,,,12,65.27322075000001,14.830512008073216,0.22720668350156772,12,0.21958110844324663,0,,12,0.22720668350156772
Xinjiang,新疆,2012,12,8.804831416666667,4.6090571124552815,0.5234690926314383,0,,,,0,,,,12,75.27019691666668,6.643186960932678,0.08825786610187163,0,,,,0,,,,12,84.07502833333334,9.534691277696163,0.11340693505203295,12,0.08825786610187163,0,,12,0.11340693505203295
Xinjiang,新疆,2013,10,12.80255,4.415588110131348,0.34489911073429497,0,,,,0,,,,10,108.81854000000001,14.55907199364027,0.13379220116020918,10,5.39,1.4003570973148254,0.2598065115611921,10,5.39,1.4003570973148254,0.2598065115611921,10,127.01109000000001,17.01234402468789,0.13394376841178113,10,0.13379220116020918,10,0.2598065115611921,10,0.13394376841178113
Xinjiang,新疆,2014,10,12.267999999999999,5.428480041001862,0.442491036925486,0,,,,0,,,,10,140.658,6.899922382816296,0.04905460324202176,10,9.58,1.9001754304975804,0.19834816602271194,10,9.58,1.9001754304975804,0.19834816602271194,10,162.506,12.647883617427876,0.07783025622086492,10,0.04905460324202176,10,0.19834816602271194,10,0.07783025622086492
Xinjiang,新疆,2015,12,14.574691666666666,7.602801938455244,0.521644101455908,0,,,,0,,,,12,168.804225,15.415418124493254,0.09132128135118214,10,11.59,2.1773837512023477,0.18786745049200584,10,11.59,2.1773837512023477,0.18786745049200584,12,193.03724999999997,22.651249776858602,0.11734134099433455,12,0.09132128135118214,10,0.18786745049200584,12,0.11734134099433455
Xinjiang,新疆,2016,10,18.14,6.267056725449356,0.34548273017912656,0,,,,0,,,,10,184.93,9.818129489198375,0.0530910587205882,10,16.27,2.990373443791485,0.1837967697474791,10,16.27,2.990373443791485,0.1837967697474791,10,219.34,10.80207798939116,0.04924809879361339,10,0.0530910587205882,10,0.1837967697474791,10,0.04924809879361339
Xinjiang,新疆,2017,10,18.520000000000003,7.68126147047331,0.41475493901043786,0,,,,0,,,,10,195.22999999999996,14.900637570251817,0.07632350340752866,10,24.65,5.655921184426495,0.22944913527085173,10,24.65,5.655921184426495,0.22944913527085173,10,238.4,17.20975175752272,0.07218855602987719,10,0.07632350340752866,10,0.22944913527085173,10,0.07218855602987719
Xinjiang,新疆,2018,10,19.699999999999996,7.210794377567257,0.3660301714501147,0,,,,0,,,,10,208.08,24.67670066187043,0.11859237150072294,10,28.419999999999998,2.76477847213841,0.09728284560655912,10,28.419999999999998,2.76477847213841,0.09728284560655912,10,256.2,21.269487796162643,0.08301907804903452,10,0.11859237150072294,10,0.09728284560655912,10,0.08301907804903452
Xinjiang,新疆,2019,10,23.15,7.260433106150685,0.3136256201360987,0,,,,0,,,,10,234.94,34.18502596166925,0.14550534588264769,10,35.089999999999996,5.825318303177373,0.16601078093979407,10,35.089999999999996,5.825318303177373,0.16601078093979407,10,293.17999999999995,29.692977097099735,0.10127899958080272,10,0.14550534588264769,10,0.16601078093979407,10,0.10127899958080272
Xinjiang,新疆,2020,10,20.59,6.560902715666836,0.31864510518051653,0,,,,0,,,,10,271.46999999999997,37.78703628377211,0.13919415141183966,10,38.45,7.01684481167363,0.18249271291738958,10,38.45,7.01684481167363,0.18249271291738958,10,330.51,30.642651828963977,0.09271323660090157,10,0.13919415141183966,10,0.18249271291738958,10,0.09271323660090157
Xinjiang,新疆,2021,10,22.86,9.551055788061689,0.41780646491958395,0,,,,0,,,,10,300.55999999999995,20.47471068850004,0.06812187479538209,10,43.93000000000001,3.884742233690952,0.08843028075781816,10,43.93000000000001,3.884742233690952,0.08843028075781816,10,367.35,16.943714009757283,0.0461241704362523,10,0.06812187479538209,10,0.08843028075781816,10,0.0461241704362523
Xinjiang,新疆,2022,10,28.0,11.865449375766977,0.42376604913453486,0,,,,0,,,,10,299.0,33.427633279469035,0.11179810461360881,10,49.89,10.398017973526391,0.20841888100874706,10,49.89,10.398017973526391,0.20841888100874706,10,376.89,29.996794273166316,0.07959031620145485,10,0.11179810461360881,10,0.20841888100874706,10,0.07959031620145485
Xinjiang,新疆,2023,10,29.339999999999996,12.319108914383563,0.4198741961275925,0,,,,0,,,,10,309.98,33.68820433194851,0.10867863840231147,10,53.11,6.698830743744259,0.1261312510590145,10,53.11,6.698830743744259,0.1261312510590145,10,392.42999999999995,29.818638839192943,0.07598460576202876,10,0.10867863840231147,10,0.1261312510590145,10,0.07598460576202876
Xizang,西藏,2000,8,0.5175000000000001,0.24714079272465622,0.47756674922638875,0,,,,0,,,,8,0.005,0.005345224838248488,1.0690449676496976,0,,,,0,,,,8,0.5225,0.24892626561752332,0.47641390548808293,8,1.0690449676496976,0,,8,0.47641390548808293
Xizang,西藏,2001,9,0.5166666666666667,0.15041608956491345,0.2911279152869292,0,,,,0,,,,9,0.0044444444444444444,0.005270462766947299,1.1858541225631423,0,,,,0,,,,9,0.5211111111111112,0.153659074288215,0.2948681596149114,9,1.1858541225631423,0,,9,0.2948681596149114
Xizang,西藏,2004,1,1.3600000000000012,,,0,,,,0,,,,1,0.009999999999999995,,,0,,,,0,,,,1,1.3700000000000012,,,1,,0,,1,
Xizang,西藏,2005,12,1.0083333333333333,0.3971222237624842,0.39384022191320744,0,,,,0,,,,12,0.006666666666666667,0.004923659639173309,0.7385489458759963,0,,,,0,,,,12,1.015,0.3982803946057008,0.3923944774440402,12,0.7385489458759963,0,,12,0.3923944774440402
Xizang,西藏,2006,9,1.2177777777777776,0.2769376183266628,0.22741227782298956,0,,,,0,,,,9,0.007777777777777777,0.0066666666666666645,0.857142857142857,0,,,,0,,,,9,1.2255555555555553,0.28102985211143977,0.22930812955602525,9,0.857142857142857,0,,9,0.22930812955602525
Xizang,西藏,2007,9,1.232222222222222,0.5757772524548401,0.46726738251519945,0,,,,0,,,,9,0.000965,0.002895,3.0,0,,,,0,,,,9,1.2331872222222224,0.5754219868665471,0.46661364673372774,9,3.0,0,,9,0.46661364673372774
Xizang,西藏,2008,12,1.2008333333333334,0.4535207388930087,0.3776716770795353,0,,,,0,,,,10,0.011000000000000001,0.023309511649396125,2.119046513581466,0,,,,0,,,,12,1.21,0.4710722777972515,0.38931593206384424,10,2.119046513581466,0,,12,0.38931593206384424
Xizang,西藏,2009,12,1.2721906666666667,0.23083176126400495,0.18144431280007683,0,,,,0,,,,12,0.10933166666666666,0.08969592794074609,0.8204020909533325,0,,,,0,,,,12,1.3815223333333335,0.22070740868783076,0.1597566708569296,12,0.8204020909533325,0,,12,0.1597566708569296
Xizang,西藏,2010,11,1.4627530909090913,0.4593940224490202,0.3140612214762164,0,,,,0,,,,12,0.31796891666666666,0.22602621735761622,0.710843750788899,0,,,,0,,,,12,1.658825916666667,0.5518920786226661,0.33270041966288266,12,0.710843750788899,0,,12,0.33270041966288266
Xizang,西藏,2011,12,1.3038695,0.39317938394892293,0.3015481104120642,0,,,,0,,,,12,0.38696441666666664,0.29607331447017654,0.7651176741793698,0,,,,0,,,,12,1.6908339166666666,0.15477040297189687,0.09153495292844219,12,0.7651176741793698,0,,12,0.09153495292844219
Xizang,西藏,2012,12,1.14199475,0.3699154863857726,0.3239204789564686,0,,,,0,,,,12,0.38432791666666666,0.31553176177755377,0.8209962068699245,0,,,,0,,,,12,1.5263226666666665,0.21144708018549146,0.1385336697169481,12,0.8209962068699245,0,,12,0.1385336697169481
Xizang,西藏,2013,10,1.21343,0.5047217980674545,0.4159463653176982,0,,,,0,,,,10,0.4925,0.3704895410129684,0.7522630274374993,0,,,,0,,,,10,1.70593,0.1977728329281969,0.11593256049673603,10,0.7522630274374993,0,,10,0.11593256049673603
Xizang,西藏,2014,10,1.3199999999999998,0.5492216714992632,0.4160770238630782,0,,,,0,,,,10,0.21600000000000003,0.2040261421158246,0.944565472758447,0,,,,0,,,,10,1.536,0.43955027521825585,0.2861655437618853,10,0.944565472758447,0,,10,0.2861655437618853
Xizang,西藏,2015,12,2.6746666666666665,2.039975582890118,0.7627027353776613,0,,,,0,,,,12,0.124375,0.058231608489485595,0.46819383710139173,0,,,,0,,,,12,2.799041666666666,2.033606223373253,0.7265366027205454,12,0.46819383710139173,0,,12,0.7265366027205454
Xizang,西藏,2016,10,3.75,1.317615691736825,0.3513641844631533,0,,,,0,,,,10,0.13,0.04830458915396479,0.37157376272280607,0,,,,0,,,,10,3.8800000000000003,1.3087738112022602,0.33731283793872685,10,0.37157376272280607,0,,10,0.33731283793872685
Xizang,西藏,2017,10,3.87,0.9557428756964104,0.24696198338408537,0,,,,0,,,,10,0.13,0.04830458915396476,0.37157376272280584,0,,,,0,,,,10,4.000000000000001,0.9672412085697936,0.24181030214244834,10,0.37157376272280584,0,,10,0.24181030214244834
Xizang,西藏,2018,10,4.88,1.4898172893195853,0.3052904281392593,0,,,,0,,,,10,0.2,0.21602468994692878,1.080123449734644,0,,,,0,,,,10,5.08,1.449750936463839,0.28538404261099193,10,1.080123449734644,0,,10,0.28538404261099193
Xizang,西藏,2019,10,5.499999999999999,1.6261747890200628,0.2956681434581933,0,,,,0,,,,10,0.36,0.15055453054181617,0.4182070292828227,0,,,,0,,,,10,5.86,1.677431899594669,0.2862511774052336,10,0.4182070292828227,0,,10,0.2862511774052336
Xizang,西藏,2020,10,5.25,1.9862024066041204,0.37832426792459434,0,,,,0,,,,10,0.33999999999999997,0.051639777949432315,0.15188169985127153,0,,,,0,,,,10,5.59,1.990226117806718,0.3560332947775882,10,0.15188169985127153,0,,10,0.3560332947775882
Xizang,西藏,2021,10,6.419999999999999,2.220010009987443,0.3457959517114398,0,,,,0,,,,10,0.29,0.07378647873726217,0.25443613357676614,0,,,,0,,,,10,6.709999999999999,2.2293247607490696,0.3322391595751222,10,0.25443613357676614,0,,10,0.3322391595751222
Xizang,西藏,2022,10,9.45,2.123545253684143,0.2247137834586395,0,,,,0,,,,10,0.3,0.09428090415820631,0.3142696805273544,0,,,,0,,,,10,9.75,2.072170091688638,0.21253026581421927,10,0.3142696805273544,0,,10,0.21253026581421927
Xizang,西藏,2023,10,11.33,3.4354524204729326,0.3032173363171167,0,,,,0,,,,10,0.36,0.09660917830792956,0.2683588286331377,0,,,,0,,,,10,11.690000000000001,3.498078837813058,0.2992368552449151,10,0.2683588286331377,0,,10,0.2992368552449151
Yunnan,云南,2000,12,16.3775,3.3630211660999656,0.20534398816058405,0,,,,0,,,,12,8.443333333333333,3.670653479926559,0.4347398515507176,0,,,,0,,,,12,24.820833333333326,1.229252975911743,0.04952504855108585,12,0.4347398515507176,0,,12,0.04952504855108585
Yunnan,云南,2001,12,16.44666666666667,3.9992756919979984,0.24316633717053088,0,,,,0,,,,12,11.915833333333333,3.530041097709084,0.29624794162185475,0,,,,0,,,,12,28.3625,2.206894671457862,0.07781030132949711,12,0.29624794162185475,0,,12,0.07781030132949711
Yunnan,云南,2002,12,17.436666666666667,4.086735379322481,0.2343759536984791,0,,,,0,,,,12,13.660833333333334,4.208881212460869,0.30809842340956767,0,,,,0,,,,12,31.097499999999997,2.9329976133641877,0.09431618661835157,12,0.30809842340956767,0,,12,0.09431618661835157
Yunnan,云南,2003,12,21.170833333333334,7.473224274742867,0.35299622632125327,0,,,,0,,,,12,16.158333333333335,3.4994514721682615,0.21657255113986143,0,,,,0,,,,12,37.32916666666667,4.344135981324987,0.11637377335841018,12,0.21657255113986143,0,,12,0.11637377335841018
Yunnan,云南,2004,12,22.394166666666667,9.724987925520272,0.4342643363459356,0,,,,0,,,,12,20.395833333333332,2.969127384307116,0.14557519351046128,0,,,,0,,,,12,42.79,9.03521393820262,0.21115246408512783,12,0.14557519351046128,0,,12,0.21115246408512783
Yunnan,云南,2005,12,25.825833333333335,8.963124920100876,0.34706043380726825,0,,,,0,,,,12,22.9075,2.4266517336370335,0.10593263052000583,0,,,,0,,,,12,48.73333333333333,7.315299451191733,0.15010874386850342,12,0.10593263052000583,0,,12,0.15010874386850342
Yunnan,云南,2006,12,24.5125,10.319661838187601,0.42099589344977467,0,,,,0,,,,12,33.155,6.996593326885469,0.2110267931499161,0,,,,0,,,,12,57.66749999999999,13.066011511482063,0.2265749600985315,12,0.2110267931499161,0,,12,0.2265749600985315
Yunnan,云南,2007,12,31.5925,15.016046644113151,0.47530415902866663,0,,,,0,,,,12,38.998333333333335,6.586611535163704,0.16889469298253013,0,,,,0,,,,12,70.59083333333335,13.353818288369357,0.1891721298332317,12,0.16889469298253013,0,,12,0.1891721298332317
Yunnan,云南,2008,12,43.362500000000004,16.942729803128486,0.3907230856875984,0,,,,0,,,,12,34.525,7.891109496826734,0.22856218672923198,0,,,,0,,,,12,77.8875,11.99067601779134,0.15394865694484147,12,0.22856218672923198,0,,12,0.15394865694484147
Yunnan,云南,2009,12,45.50439908333333,21.73420075153857,0.47762856315795293,0,,,,0,,,,12,45.66357875,14.360576757509875,0.3144864496085926,0,,,,0,,,,12,91.16797783333334,15.968939064345044,0.1751595181099475,12,0.3144864496085926,0,,12,0.1751595181099475
Yunnan,云南,2010,12,64.90868941666666,34.48811965664414,0.5313328610789758,0,,,,0,,,,12,45.53258725,14.150604303421785,0.3107797109293803,0,,,,0,,,,12,110.44127666666664,23.60113874380443,0.21369853243400364,12,0.3107797109293803,0,,12,0.21369853243400364
Yunnan,云南,2011,12,69.01554608333333,22.37618393839832,0.3242194723980019,0,,,,0,,,,12,44.65291341666667,8.669656340754958,0.19415656622125388,0,,,,0,,,,12,113.6684595,17.065643081600108,0.15013525437634798,12,0.19415656622125388,0,,12,0.15013525437634798
Yunnan,云南,2012,12,86.50945141666666,38.01095728415658,0.43938502281189473,0,,,,0,,,,12,39.04193883333333,16.32546207252584,0.4181519299596731,0,,,,0,,,,12,125.55139025000001,29.563206735132283,0.23546698030396584,12,0.4181519299596731,0,,12,0.23546698030396584
Yunnan,云南,2013,10,130.90001,45.0163366716388,0.343898649600094,0,,,,0,,,,10,39.0423,14.36362967165488,0.36789916761192043,10,3.22,0.9484490263348659,0.29454938706051736,10,3.22,0.9484490263348659,0.29454938706051736,10,173.16231000000002,33.55321890544266,0.19376744804018067,10,0.36789916761192043,10,0.29454938706051736,10,0.19376744804018067
Yunnan,云南,2014,10,169.23,48.58814418719402,0.28711306616553817,0,,,,0,,,,10,31.869,9.990427029022444,0.3134841704798533,10,4.6,2.011080417199781,0.43719139504343074,10,4.6,2.011080417199781,0.43719139504343074,10,205.699,40.4760904595403,0.19677339442360098,10,0.3134841704798533,10,0.43719139504343074,10,0.19677339442360098
Yunnan,云南,2015,12,164.91086666666666,46.971593044816764,0.2848301873263462,0,,,,0,,,,12,22.069775000000003,6.905768693718054,0.3129061666336903,10,7.6,4.421161235090465,0.5817317414592718,10,7.6,4.421161235090465,0.5817317414592718,12,193.31397500000003,44.24597028098358,0.22888138470580605,12,0.3129061666336903,10,0.5817317414592718,12,0.22888138470580605
Yunnan,云南,2016,10,183.94,52.17330522190231,0.2836430641616957,0,,,,0,,,,10,20.660000000000004,5.470770817109166,0.26480013635571953,10,12.77,2.971363323459453,0.23268311068593997,10,12.77,2.971363323459453,0.23268311068593997,10,217.37000000000003,47.51601016733436,0.2185950690865085,10,0.26480013635571953,10,0.23268311068593997,10,0.2185950690865085
Yunnan,云南,2017,10,200.92,42.93291407662786,0.21368163486277056,0,,,,0,,,,10,20.38,4.930134097793101,0.24191040715373413,10,15.530000000000001,4.459210194143751,0.2871352346518835,10,15.530000000000001,4.459210194143751,0.2871352346518835,10,236.83,36.869320278217465,0.15567842029395543,10,0.24191040715373413,10,0.2871352346518835,10,0.15567842029395543
Yunnan,云南,2018,10,221.56000000000003,74.83419004706336,0.3377603811476049,0,,,,0,,,,10,23.57,9.47488493040652,0.4019891782098651,9,19.177777777777777,7.504461635883312,0.3913102822882376,9,19.177777777777777,7.504461635883312,0.3913102822882376,10,262.39000000000004,58.270603413918934,0.22207631165028746,10,0.4019891782098651,9,0.3913102822882376,10,0.22207631165028746
Yunnan,云南,2019,10,236.06,55.655232358592286,0.23576731491397224,0,,,,0,,,,10,26.79,10.66296289864022,0.3980202649735058,10,18.18,7.720506603987994,0.42467033025236495,10,18.18,7.720506603987994,0.42467033025236495,10,281.03000000000003,40.27312448216008,0.14330542818261421,10,0.3980202649735058,10,0.42467033025236495,10,0.14330542818261421
Yunnan,云南,2020,10,254.44,101.98658081662835,0.4008276246526818,0,,,,0,,,,10,34.290000000000006,17.135307927719825,0.4997173498897586,10,19.3,7.464434190062756,0.3867582481897801,10,19.3,7.464434190062756,0.3867582481897801,10,308.03000000000003,80.31447980698539,0.26073590172056416,10,0.4997173498897586,10,0.3867582481897801,10,0.26073590172056416
Yunnan,云南,2021,9,270.4333333333333,108.35393393873615,0.4006678193223327,0,,,,0,,,,10,35.279999999999994,14.33192241117708,0.40623362843472455,10,18.25,7.962027938213285,0.4362755034637416,10,18.25,7.962027938213285,0.4362755034637416,10,296.91999999999996,116.76104563499668,0.39324075722415697,10,0.40623362843472455,10,0.4362755034637416,10,0.39324075722415697
Yunnan,云南,2022,10,274.04,73.8240129557374,0.2693913770096971,0,,,,0,,,,10,37.09,10.532114908433375,0.2839610382430136,10,15.84,7.792189822009099,0.49193117563188754,10,15.84,7.792189822009099,0.49193117563188754,10,326.9700000000001,58.80491381584437,0.17984804054146972,10,0.2839610382430136,10,0.49193117563188754,10,0.17984804054146972
Yunnan,云南,2023,10,256.48999999999995,108.72423270723866,0.4238926769357038,0,,,,0,,,,10,54.839999999999996,10.493828874364421,0.19135355350773928,10,22.16,8.626084472884163,0.38926373975109035,10,22.16,8.626084472884163,0.38926373975109035,10,333.48999999999995,92.1648938949461,0.27636479023342864,10,0.19135355350773928,10,0.38926373975109035,10,0.27636479023342864
Zhejiang,浙江,2000,12,5.435833333333334,1.745974374139413,0.3211971867188863,12,1.6958333333333335,0.7203213718805508,0.42475953133005445,0,,,,12,44.931666666666665,7.488975938408431,0.16667478626970803,0,,,,0,,,,12,52.06333333333333,7.451572540969672,0.1431251528453103,12,0.16667478626970803,0,,12,0.1431251528453103
Zhejiang,浙江,2001,12,6.201666666666667,1.595583867675992,0.25728307460510486,12,2.06,0.4279974511393943,0.2077657529802885,0,,,,12,51.19083333333333,5.8998697340524195,0.11525246513638353,0,,,,0,,,,12,59.45249999999999,6.757281762527125,0.11365849648924983,12,0.11525246513638353,0,,12,0.11365849648924983
Zhejiang,浙江,2002,12,7.940833333333334,2.5776926198490466,0.32461235636675995,12,4.394166666666666,2.3919655604594814,0.5443502128866637,0,,,,12,52.51,6.455000880219648,0.12292898267415062,0,,,,0,,,,12,64.84500000000001,8.931689751563356,0.13773906625897686,12,0.12292898267415062,0,,12,0.13773906625897686
Zhejiang,浙江,2003,12,7.114166666666667,2.1336927372444454,0.2999216685830309,12,12.436666666666667,4.409358504844262,0.35454504193333647,0,,,,12,63.165,8.44077818471949,0.13363062114651295,0,,,,0,,,,12,82.71583333333335,10.611298830906051,0.12828618661367996,12,0.13363062114651295,0,,12,0.12828618661367996
Zhejiang,浙江,2004,12,5.0216666666666665,1.2843238994848132,0.2557565017228304,12,18.323333333333334,4.06981869896243,0.22211126245019627,0,,,,12,69.5825,6.6350846058865525,0.09535565129000184,0,,,,0,,,,12,92.92750000000001,8.773752307049394,0.09441502576793084,12,0.09535565129000184,0,,12,0.09441502576793084
Zhejiang,浙江,2005,12,7.463333333333334,2.757743917616628,0.36950566113666294,12,18.843333333333334,3.054139763823799,0.1620806525998832,0,,,,12,86.43416666666667,13.416928559461626,0.15522714080421468,0,,,,0,,,,12,112.74083333333333,13.48926877075614,0.11964847493075838,12,0.15522714080421468,0,,12,0.11964847493075838
Zhejiang,浙江,2006,12,7.389166666666667,3.792527241667206,0.5132550682305906,12,18.521666666666665,2.7516601049790532,0.14856438972261604,0,,,,12,112.55166666666666,25.024178792568236,0.22233503539916397,0,,,,0,,,,12,138.46249999999998,23.47470597163132,0.16953836577868608,12,0.22233503539916397,0,,12,0.16953836577868608
Zhejiang,浙江,2007,12,7.429166666666668,2.0495917923214644,0.2758844812995801,12,18.885833333333334,2.1226161316696524,0.11239197626102382,0,,,,12,130.83416666666668,40.96653234006631,0.3131179980259971,0,,,,0,,,,12,157.14916666666667,43.678554225642884,0.2779432761377007,12,0.3131179980259971,0,,12,0.2779432761377007
Zhejiang,浙江,2008,12,8.684166666666666,3.3460029297746603,0.3852992530207842,12,19.161666666666665,2.733495375832376,0.14265436422540015,0,,,,12,143.85583333333332,18.552625620764378,0.1289667939830806,0,,,,0,,,,12,171.70166666666663,20.799739873082046,0.12113883503217043,12,0.1289667939830806,0,,12,0.12113883503217043
Zhejiang,浙江,2009,12,9.029824333333332,2.7527960111782006,0.3048559871775506,12,19.295821,8.943371376796296,0.463487476215513,0,,,,12,153.35982591666667,29.171464165021693,0.19021581428289447,0,,,,0,,,,12,181.68547125,32.15564008323601,0.17698520339576138,12,0.19021581428289447,0,,12,0.17698520339576138
Zhejiang,浙江,2010,12,13.30844775,7.847185718158387,0.5896394429739852,12,20.685547666666668,4.344544109526956,0.21002799536837446,0,,,,12,172.7773076666667,30.081439924592775,0.17410527071429924,0,,,,0,,,,12,206.77130308333335,33.475309941662864,0.16189533771120831,12,0.17410527071429924,0,,12,0.16189533771120831
Zhejiang,浙江,2011,12,8.565415666666667,2.6613214016776885,0.3107054584676535,12,23.127988666666667,2.6920445173615173,0.1163976926900453,0,,,,12,193.10338208333334,24.37298111211051,0.1262172668813869,0,,,,0,,,,12,224.79678641666666,27.53076350299952,0.12246955991608588,12,0.1262172668813869,0,,12,0.12246955991608588
Zhejiang,浙江,2012,12,10.16425025,4.303011427926115,0.4233476471052171,12,28.091575000000002,13.966395115236011,0.49717380087218355,0,,,,12,184.56428866666667,21.19706597816798,0.11484922750387025,0,,,,0,,,,12,222.82011391666666,31.21941809107318,0.1401104125758999,12,0.11484922750387025,0,,12,0.1401104125758999
Zhejiang,浙江,2013,10,10.12666,4.040389750231747,0.39898542562224343,10,29.10145,2.9436330391956944,0.10115073438593934,0,,,,10,209.85984,25.311558524173606,0.12061173078266717,10,0.58,0.11352924243950932,0.1957400731715678,10,0.58,0.11352924243950932,0.1957400731715678,10,249.66795000000002,27.305044320753872,0.10936543645571596,10,0.12061173078266717,10,0.1957400731715678,10,0.10936543645571596
Zhejiang,浙江,2014,10,11.174,4.619949975679151,0.4134553405834214,10,29.624000000000002,4.655095654823383,0.1571393348239057,0,,,,10,200.69100000000003,20.340582013960873,0.10135273636566099,10,0.7499999999999999,0.39791121287711056,0.5305482838361475,10,0.7499999999999999,0.39791121287711056,0.5305482838361475,10,242.23899999999998,19.943306563021803,0.08232904925722863,10,0.10135273636566099,10,0.5305482838361475,10,0.08232904925722863
Zhejiang,浙江,2015,12,12.21145,3.986352478029372,0.3264438275576915,12,41.352475,4.285136866834012,0.10362467704373227,0,,,,12,184.30079999999998,30.90017700305289,0.16766165422533647,10,0.99,0.5021066730398145,0.5071784576159742,10,0.99,0.5021066730398145,0.5071784576159742,12,238.68972499999998,32.197418899604195,0.13489235407851846,12,0.16766165422533647,10,0.5071784576159742,12,0.13489235407851846
Zhejiang,浙江,2016,10,15.63,5.449780831474888,0.3486743974072225,10,43.440000000000005,2.3104593097958346,0.05318736901003302,7,1.0818571428571429,0.5427088810069441,0.5016456050506548,10,205.11000000000004,27.31781876765101,0.13318618676637414,10,1.54,0.6257440016137237,0.4063272737751452,10,2.2973,1.2617434507678476,0.5492288559473502,10,266.4773,28.205535013972824,0.10584592013643497,10,0.13318618676637414,10,0.5492288559473502,10,0.10584592013643497
Zhejiang,浙江,2017,10,13.51,4.666059484309121,0.3453782001709194,10,43.3,3.0951575081084233,0.07148169764684581,10,1.5013200000000002,0.47180240638075066,0.3142583902037877,10,220.78999999999996,23.433141298407087,0.10613316408536207,10,1.7899999999999998,0.5646040894093648,0.31542127899964517,10,3.2913200000000002,0.9081483968309736,0.27592224300006485,10,280.89132,24.994479616276166,0.08898274114086603,10,0.10613316408536207,10,0.27592224300006485,10,0.08898274114086603
Zhejiang,浙江,2018,10,11.150000000000002,1.872164522684906,0.16790713207936372,10,50.15,10.06349287717186,0.20066785398149273,10,2.48864,0.7204941409276773,0.28951320437173605,10,219.29000000000002,33.36659840152852,0.15215740982957962,10,2.25,0.5522680508593624,0.2454524670486055,10,4.73864,1.015904974996295,0.2143874561047674,10,285.32864,30.069107761702618,0.10538412043635934,10,0.15215740982957962,10,0.2143874561047674,10,0.10538412043635934
Zhejiang,浙江,2019,10,13.669999999999998,6.660338663394761,0.487223018536559,10,52.760000000000005,4.3944915013634525,0.0832921057877834,10,3.622,0.7096436648847869,0.19592591520838953,10,213.73000000000002,22.27779412579062,0.10423335107748383,10,2.37,0.6092800852007407,0.2570802047260509,10,5.992,0.7143129706228212,0.11921110991702623,10,286.15200000000004,24.99033445861285,0.08733237740296362,10,0.10423335107748383,10,0.11921110991702623,10,0.08733237740296362
Zhejiang,浙江,2020,9,13.200000000000001,4.087786687193938,0.30968080963590433,10,61.989999999999995,5.057546616471057,0.08158649163528081,10,3.83437,0.8049899434154439,0.20994060130228537,10,218.85999999999996,29.73431239045777,0.1358599670586575,10,2.63,0.5165053511608353,0.19638986736153433,10,6.46437,0.7732598586503766,0.1196187499555837,10,299.19437,32.46332459746089,0.1085024581092916,10,0.1358599670586575,10,0.1196187499555837,10,0.1085024581092916
Zhejiang,浙江,2021,10,14.25,4.172995193969061,0.2928417679978288,10,63.31,3.3873785341076648,0.05350463645723685,10,4.47177,0.8679548145560987,0.19409647959445558,10,264.47999999999996,24.912326266328435,0.09419361110983226,10,3.3600000000000003,0.7848566748139435,0.2335882960755784,10,7.831770000000001,1.3780705529834094,0.1759590173081448,10,349.87177,30.31371847501277,0.08664236750227881,10,0.09419361110983226,10,0.1759590173081448,10,0.08664236750227881
Zhejiang,浙江,2022,10,14.49,4.540056289420992,0.31332341541897807,10,60.519999999999996,4.253051192314109,0.07027513536540167,10,6.32584,2.5280020675976074,0.39963104782884284,10,262.97,47.89217171011469,0.1821202863829132,10,8.31,2.6476194758478613,0.3186064351200796,10,14.635840000000002,3.3280785595027997,0.22739238468737014,10,352.61583999999993,50.59555511667887,0.14348633662253765,10,0.1821202863829132,10,0.22739238468737014,10,0.14348633662253765
Zhejiang,浙江,2023,10,12.760000000000002,2.2396428286671046,0.17552059785792354,10,63.620000000000005,3.596850474141698,0.05653647397267679,10,11.78815,3.8876862248357678,0.32979612787721296,10,280.94000000000005,30.352455511137062,0.10803892472106875,10,8.93,2.0790222060702828,0.23281323696195777,10,20.71815,4.3331306060912205,0.2091465988078675,10,378.03815000000003,33.674491908474074,0.08907696725442676,10,0.10803892472106875,10,0.2091465988078675,10,0.08907696725442676
