province_id,province,year,dln_total_generation_billion_kwh,dln_thermal_generation_billion_kwh,dln_thermal_capacity_10k_kw,dln_total_capacity_10k_kw,dln_gdp,dln_sec_val,thermal_capacity_addition_10k_kw,total_capacity_addition_10k_kw,thermal_utilization_hours,thermal_utilization_hours_w,dln_thermal_utilization,thermal_capacity_addition_per_gdp,thermal_generation_per_gdp,pre_thermal_generation_share_0811,pre_thermal_capacity_share_0811,pre_thermal_generation_per_gdp_0811,pre_thermal_generation_share_0811_z,pre_thermal_capacity_share_0811_z,pre_thermal_generation_per_gdp_0811_z,national_mean_dln_thermal_capacity,national_mean_dln_total_generation,thermal_capacity_growth_coverage,national_thermal_capacity_wave_z,national_generation_demand_wave_z,post2016,post2012_prethermal_z,post2016_prethermal_z,post2016_natural_endowment,prethermal_x_natural_endowment,ddd_prethermal_natural_2016,thermal_tide_loading,demand_tide_loading,post2016_fiscal_lockin,fiscal_lockin_x_endowment,ddd_fiscal_endowment_2016,post2016_soe_lockin,soe_lockin_x_endowment,ddd_soe_endowment_2016,dln_totgen,dln_thermgen,dln_thermcap,dln_totcap,therm_cap_add,therm_util_h,therm_util_h_w,dln_therm_util,therm_cap_add_gdp,therm_gen_gdp,pretherm_gen,pretherm_gen_z,pretherm_cap,pretherm_cap_z,post12_pretherm_z,post16_pretherm_z,post16_endow,ddd_pretherm_endow,tide_loading,demand_loading,post16_fiscal,ddd_fiscal_endow,post16_soe,ddd_soe_endow
1,Shanghai,2000,,,,,,,,,5215.714380015654,5215.714380015654,,,0.011333811475409836,0.9898004093999999,0.993859313875,0.004811060703326472,0.937890795389714,1.197294036681028,-0.6352688932257298,,,0,,,0,0.0,0.0,0.0,0.18933347805832623,0.0,,,-0.0,-0.18257751371823305,-0.0,-0.0,-0.0652149401841796,-0.0,,,,,,5215.714380015654,5215.714380015654,,,0.011333811475409836,0.9898004093999999,0.937890795389714,0.993859313875,1.197294036681028,0.0,0.0,0.0,0.0,,,-0.0,-0.0,-0.0,-0.0
1,Shanghai,2001,0.038640586441236024,0.03512062184006304,0.05756958804139156,0.05756958804139156,0.09159615647696029,0.08558875709722535,62.83999999999992,62.83999999999992,5099.931450141106,5099.931450141106,-0.022448966201328524,0.01174996705839517,0.010711467423730532,0.9898004093999999,0.993859313875,0.004811060703326472,0.937890795389714,1.197294036681028,-0.6352688932257298,0.06028087511627794,0.10333775942244862,31,-0.17101580089295476,0.42542944459551196,0,0.0,0.0,0.0,0.18933347805832623,0.0,-0.1603941455237023,0.39900636017388896,-0.0,-0.18257751371823305,-0.0,-0.0,-0.0652149401841796,-0.0,0.038640586441236024,0.03512062184006304,0.05756958804139156,0.05756958804139156,62.83999999999992,5099.931450141106,5099.931450141106,-0.022448966201328524,0.01174996705839517,0.010711467423730532,0.9898004093999999,0.937890795389714,0.993859313875,1.197294036681028,0.0,0.0,0.0,0.0,-0.1603941455237023,0.39900636017388896,-0.0,-0.0,-0.0,-0.0
1,Shanghai,2002,0.057525572825844584,0.06366969428288538,0.013256706325571521,0.013256706325571521,0.09958293131154505,0.08779475830342864,14.990000000000009,14.990000000000009,5363.625182295785,5363.625182295785,0.05041298795731386,0.0025371946558589977,0.010333609615043591,0.9898004093999999,0.993859313875,0.004811060703326472,0.937890795389714,1.197294036681028,-0.6352688932257298,0.03622957213462816,0.07192239437819348,31,-0.6943342770192986,-0.36377698131293934,0,0.0,0.0,0.0,0.18933347805832623,0.0,-0.651209727339972,-0.3411830823480618,-0.0,-0.18257751371823305,-0.0,-0.0,-0.0652149401841796,-0.0,0.057525572825844584,0.06366969428288538,0.013256706325571521,0.013256706325571521,14.990000000000009,5363.625182295785,5363.625182295785,0.05041298795731386,0.0025371946558589977,0.010333609615043591,0.9898004093999999,0.937890795389714,0.993859313875,1.197294036681028,0.0,0.0,0.0,0.0,-0.651209727339972,-0.3411830823480618,-0.0,-0.0,-0.0,-0.0
1,Shanghai,2003,0.12156400638333142,0.11509318656859868,,-0.025807654273832803,0.16277699947242041,0.20645286875561553,,-29.0,,,,,0.00985242718446602,0.9898004093999999,0.993859313875,0.004811060703326472,0.937890795389714,1.197294036681028,-0.6352688932257298,,0.174536334595533,0,,2.2140565371971155,0,0.0,0.0,0.0,0.18933347805832623,0.0,,2.0765432467095986,-0.0,-0.18257751371823305,-0.0,-0.0,-0.0652149401841796,-0.0,0.12156400638333142,0.11509318656859868,,-0.025807654273832803,,,,,,0.00985242718446602,0.9898004093999999,0.937890795389714,0.993859313875,1.197294036681028,0.0,0.0,0.0,0.0,,2.0765432467095986,-0.0,-0.0,-0.0,-0.0
1,Shanghai,2004,0.024975268629823688,0.11402084372215793,,0.0801522688257581,0.1782861451068598,0.17837292471222277,,92.56999999999994,6389.732748503941,6389.732748503941,,,0.009239174465584785,0.9898004093999999,0.993859313875,0.004811060703326472,0.937890795389714,1.197294036681028,-0.6352688932257298,,0.13859497572773094,0,,1.3111495891354643,0,0.0,0.0,0.0,0.18933347805832623,0.0,,1.2297151310291574,-0.0,-0.18257751371823305,-0.0,-0.0,-0.0652149401841796,-0.0,0.024975268629823688,0.11402084372215793,,0.0801522688257581,,6389.732748503941,6389.732748503941,,,0.009239174465584785,0.9898004093999999,0.937890795389714,0.993859313875,1.197294036681028,0.0,0.0,0.0,0.0,,1.2297151310291574,-0.0,-0.0,-0.0,-0.0
1,Shanghai,2005,0.0402419846404225,-0.05210806789405442,,0.10634353250066475,0.12319454804015884,0.10825130514738035,,134.85000000000014,,,,,0.007753543170480127,0.9898004093999999,0.993859313875,0.004811060703326472,0.937890795389714,1.197294036681028,-0.6352688932257298,,0.1204312655274813,1,,0.8548468599396662,0,0.0,0.0,0.0,0.18933347805832623,0.0,,0.801753001405213,-0.0,-0.18257751371823305,-0.0,-0.0,-0.0652149401841796,-0.0,0.0402419846404225,-0.05210806789405442,,0.10634353250066475,,,,,,0.007753543170480127,0.9898004093999999,0.937890795389714,0.993859313875,1.197294036681028,0.0,0.0,0.0,0.0,,0.801753001405213,-0.0,-0.0,-0.0,-0.0
1,Shanghai,2006,-0.018189693858721157,-0.0247008460134035,,0.10050089486304792,0.14131322443401828,0.133102617536057,,141.31999999999994,4894.396254991051,4894.396254991051,,,0.006567517135625474,0.9898004093999999,0.993859313875,0.004811060703326472,0.937890795389714,1.197294036681028,-0.6352688932257298,,0.1288484193955256,1,,1.0662998196987796,0,0.0,0.0,0.0,0.18933347805832623,0.0,,1.000072786021197,-0.0,-0.18257751371823305,-0.0,-0.0,-0.0652149401841796,-0.0,-0.018189693858721157,-0.0247008460134035,,0.10050089486304792,,4894.396254991051,4894.396254991051,,,0.006567517135625474,0.9898004093999999,0.937890795389714,0.993859313875,1.197294036681028,0.0,0.0,0.0,0.0,,1.000072786021197,-0.0,-0.0,-0.0,-0.0
1,Shanghai,2007,0.025208886216027793,0.03495356553557638,-0.026225523094729475,-0.024658783663252137,0.1967901297453789,0.14133425134121147,-37.59999999999991,-36.0,5203.180212014135,5203.180212014135,0.061179088630305856,-0.0028528505743637923,0.00558620009408337,0.9898004093999999,0.993859313875,0.004811060703326472,0.937890795389714,1.197294036681028,-0.6352688932257298,0.07460781837107273,0.1340029619229762,31,0.1407159218069819,1.1957905348170592,0,0.0,0.0,0.0,0.18933347805832623,0.0,0.13197616782754704,1.1215209358190632,-0.0,-0.18257751371823305,-0.0,-0.0,-0.0652149401841796,-0.0,0.025208886216027793,0.03495356553557638,-0.026225523094729475,-0.024658783663252137,-37.59999999999991,5203.180212014135,5203.180212014135,0.061179088630305856,-0.0028528505743637923,0.00558620009408337,0.9898004093999999,0.937890795389714,0.993859313875,1.197294036681028,0.0,0.0,0.0,0.0,0.13197616782754704,1.1215209358190632,-0.0,-0.0,-0.0,-0.0
1,Shanghai,2008,0.045593448757045074,0.03850215807124879,0.17047307694981306,0.15395252268799897,0.12113776348542338,0.09053517725205573,263.0,240.0,4559.892729439809,4559.892729439809,-0.13197091887856427,0.01767817652633914,0.005143139455942354,0.9898004093999999,0.993859313875,0.004811060703326472,0.937890795389714,1.197294036681028,-0.6352688932257298,0.23086049090782326,0.08538316258007597,31,3.540528004544794,-0.02562000788211561,0,0.0,0.0,0.0,0.18933347805832623,0.0,3.320628626282074,-0.024028769570448152,-0.0,-0.18257751371823305,-0.0,-0.0,-0.0652149401841796,-0.0,0.045593448757045074,0.03850215807124879,0.17047307694981306,0.15395252268799897,263.0,4559.892729439809,4559.892729439809,-0.13197091887856427,0.01767817652633914,0.005143139455942354,0.9898004093999999,0.937890795389714,0.993859313875,1.197294036681028,0.0,0.0,0.0,0.0,3.320628626282074,-0.024028769570448152,-0.0,-0.0,-0.0,-0.0
1,Shanghai,2009,0.005902763591470794,0.0034206970096555267,-0.014406011443514721,-0.014371504837653148,0.08403931652533636,-0.004951535562847553,-24.0,-24.0,4641.909480048368,4641.909480048368,0.017826708453170248,-0.0014831843969001447,0.00474477998195459,0.9898004093999999,0.993859313875,0.004811060703326472,0.937890795389714,1.197294036681028,-0.6352688932257298,0.10001935023920526,0.053951541707971624,31,0.6936308363716208,-0.8152348073294063,0,0.0,0.0,0.0,0.18933347805832623,0.0,0.650549976831412,-0.7646012218755571,-0.0,-0.18257751371823305,-0.0,-0.0,-0.0652149401841796,-0.0,0.005902763591470794,0.0034206970096555267,-0.014406011443514721,-0.014371504837653148,-24.0,4641.909480048368,4641.909480048368,0.017826708453170248,-0.0014831843969001447,0.00474477998195459,0.9898004093999999,0.937890795389714,0.993859313875,1.197294036681028,0.0,0.0,0.0,0.0,0.650549976831412,-0.7646012218755571,-0.0,-0.0,-0.0,-0.0
1,Shanghai,2010,0.11859940184479179,0.11899409318623722,0.10819808208618653,0.11388858367854304,0.12410909048332464,0.18409047978567727,189.0,200.0,4692.295078676072,4692.295078676072,0.010796011100050684,0.010316819144522807,0.0047205724087862186,0.9898004093999999,0.993859313875,0.004811060703326472,0.937890795389714,1.197294036681028,-0.6352688932257298,0.11994848128667408,0.13785180451035353,31,1.1272573429372206,1.2924798872402858,0,0.0,0.0,0.0,0.18933347805832623,0.0,1.0572442859762854,1.2122049894689995,-0.0,-0.18257751371823305,-0.0,-0.0,-0.0652149401841796,-0.0,0.11859940184479179,0.11899409318623722,0.10819808208618653,0.11388858367854304,189.0,4692.295078676072,4692.295078676072,0.010796011100050684,0.010316819144522807,0.0047205724087862186,0.9898004093999999,0.937890795389714,0.993859313875,1.197294036681028,0.0,0.0,0.0,0.0,1.0572442859762854,1.2122049894689995,-0.0,-0.0,-0.0,-0.0
1,Shanghai,2011,0.08007870202857248,0.0897304922618547,0.05283849170761723,0.05650038133332824,0.10786235081407902,0.09419808493229986,100.0,108.0,4868.636016469377,4868.636016469377,0.03689200055423747,0.004900495440088993,0.004635750966622726,0.9898004093999999,0.993859313875,0.004811060703326472,0.937890795389714,1.197294036681028,-0.6352688932257298,0.08951107708331604,0.11887028262747688,31,0.46498736126114687,0.8156323630308685,0,0.0,0.0,0.0,0.18933347805832623,0.0,0.43610736609938133,0.7649740857086132,-0.0,-0.18257751371823305,-0.0,-0.0,-0.0652149401841796,-0.0,0.08007870202857248,0.0897304922618547,0.05283849170761723,0.05650038133332824,100.0,4868.636016469377,4868.636016469377,0.03689200055423747,0.004900495440088993,0.004635750966622726,0.9898004093999999,0.937890795389714,0.993859313875,1.197294036681028,0.0,0.0,0.0,0.0,0.43610736609938133,0.7649740857086132,-0.0,-0.0,-0.0,-0.0
1,Shanghai,2012,-0.06873028985660135,-0.06951585349433298,0.08623907678391163,0.08760462248353207,0.06492405454495653,0.000587429808657447,175.0,180.0,4166.427228517469,4166.427228517469,-0.1557549302782446,0.008036776288295239,0.004052598574505508,0.9898004093999999,0.993859313875,0.004811060703326472,0.937890795389714,1.197294036681028,-0.6352688932257298,0.0756167924904256,0.06311076158020731,31,0.162669609679673,-0.5851399104757836,0,0.937890795389714,0.0,0.0,0.18933347805832623,0.0,0.15256632960820282,-0.5487973360503987,-0.0,-0.18257751371823305,-0.0,-0.0,-0.0652149401841796,-0.0,-0.06873028985660135,-0.06951585349433298,0.08623907678391163,0.08760462248353207,175.0,4166.427228517469,4166.427228517469,-0.1557549302782446,0.008036776288295239,0.004052598574505508,0.9898004093999999,0.937890795389714,0.993859313875,1.197294036681028,0.937890795389714,0.0,0.0,0.0,0.15256632960820282,-0.5487973360503987,-0.0,-0.0,-0.0,-0.0
1,Shanghai,2013,0.07871983839210905,0.08019256506965444,0.004240289038885514,0.007428075008509616,0.08932253037973048,0.013657053368042682,9.0,16.0,4495.204513399153,4495.204513399153,0.07595227603076893,0.00037800196561022116,0.004015766881987786,0.9898004093999999,0.993859313875,0.004811060703326472,0.937890795389714,1.197294036681028,-0.6352688932257298,0.05332030642613454,0.09052161106014825,31,-0.3224668138662537,0.10346639789288713,0,0.937890795389714,0.0,0.0,0.18933347805832623,0.0,-0.3024386565438075,0.09704018221586853,-0.0,-0.18257751371823305,-0.0,-0.0,-0.0652149401841796,-0.0,0.07871983839210905,0.08019256506965444,0.004240289038885514,0.007428075008509616,9.0,4495.204513399153,4495.204513399153,0.07595227603076893,0.00037800196561022116,0.004015766881987786,0.9898004093999999,0.937890795389714,0.993859313875,1.197294036681028,0.937890795389714,0.0,0.0,0.0,-0.3024386565438075,0.09704018221586853,-0.0,-0.0,-0.0,-0.0
1,Shanghai,2014,-0.18943069068757978,-0.19444965181436302,0.00515827638475308,0.01012433866564244,0.08664975973392153,0.040999111278493316,11.0,22.0,3681.8054256314313,3681.8054256314313,-0.1996079281991161,0.0004236553756090046,0.003031716381983092,0.9898004093999999,0.993859313875,0.004811060703326472,0.937890795389714,1.197294036681028,-0.6352688932257298,0.07238772123836522,0.05502636777100867,31,0.09241010447860744,-0.7882333819285628,0,0.937890795389714,0.0,0.0,0.18933347805832623,0.0,0.0866705863914877,-0.739276833529704,-0.0,-0.18257751371823305,-0.0,-0.0,-0.0652149401841796,-0.0,-0.18943069068757978,-0.19444965181436302,0.00515827638475308,0.01012433866564244,11.0,3681.8054256314313,3681.8054256314313,-0.1996079281991161,0.0004236553756090046,0.003031716381983092,0.9898004093999999,0.937890795389714,0.993859313875,1.197294036681028,0.937890795389714,0.0,0.0,0.0,0.0866705863914877,-0.739276833529704,-0.0,-0.0,-0.0,-0.0
1,Shanghai,2015,-0.0007795540142803148,-0.0025258953177438315,0.05593638069297935,0.07070081383210702,0.06908247700321901,-0.026359887922074776,123.0,160.0,3472.7297655904467,3472.7297655904467,-0.05846227601072318,0.004421025390344193,0.002822210800241539,0.9898004093999999,0.993859313875,0.004811060703326472,0.937890795389714,1.197294036681028,-0.6352688932257298,0.07881055819591727,0.01369788281902884,31,0.23216092178769712,-1.826473932411288,0,0.937890795389714,0.0,0.0,0.18933347805832623,0.0,0.21774159159387244,-1.7130330892278016,-0.0,-0.18257751371823305,-0.0,-0.0,-0.0652149401841796,-0.0,-0.0007795540142803148,-0.0025258953177438315,0.05593638069297935,0.07070081383210702,123.0,3472.7297655904467,3472.7297655904467,-0.05846227601072318,0.004421025390344193,0.002822210800241539,0.9898004093999999,0.937890795389714,0.993859313875,1.197294036681028,0.937890795389714,0.0,0.0,0.0,0.21774159159387244,-1.7130330892278016,-0.0,-0.0,-0.0,-0.0
1,Shanghai,2016,0.018241247870260047,0.01881837991807167,0.001325967045104015,0.011452935368502892,0.10700931235795785,0.01902418495904712,3.0,27.0,3534.0106007067143,3534.0106007067143,0.017492412872967655,9.688702004592444e-05,0.002583976824624805,0.9898004093999999,0.993859313875,0.004811060703326472,0.937890795389714,1.197294036681028,-0.6352688932257298,0.05903759135568659,0.05014379919751098,31,-0.1980676975607446,-0.9108916571933824,1,0.937890795389714,0.937890795389714,0.2018715600888844,0.18933347805832623,0.18933347805832623,-0.18576587040625606,-0.8543169008789561,-0.9044241478980192,-0.18257751371823305,-0.18257751371823305,-0.3230516480650635,-0.0652149401841796,-0.0652149401841796,0.018241247870260047,0.01881837991807167,0.001325967045104015,0.011452935368502892,3.0,3534.0106007067143,3534.0106007067143,0.017492412872967655,9.688702004592444e-05,0.002583976824624805,0.9898004093999999,0.937890795389714,0.993859313875,1.197294036681028,0.937890795389714,0.937890795389714,0.2018715600888844,0.18933347805832623,-0.18576587040625606,-0.8543169008789561,-0.9044241478980192,-0.18257751371823305,-0.3230516480650635,-0.0652149401841796
1,Shanghai,2017,0.05390431070159085,0.02797643792272364,0.0030871027824845854,0.01215693027063125,0.10460357068680004,0.10572335383186804,7.0,29.0,3623.0735358872744,3623.0735358872744,0.024889335140239055,0.00020361681049915759,0.0023933701668386697,0.9898004093999999,0.993859313875,0.004811060703326472,0.937890795389714,1.197294036681028,-0.6352688932257298,0.033173774099243235,0.0667308662369896,31,-0.7608236299016604,-0.49419683680565485,1,0.937890795389714,0.937890795389714,0.2018715600888844,0.18933347805832623,0.18933347805832623,-0.7135694793997577,-0.4635026643507363,-0.9044241478980192,-0.18257751371823305,-0.18257751371823305,-0.3230516480650635,-0.0652149401841796,-0.0652149401841796,0.05390431070159085,0.02797643792272364,0.0030871027824845854,0.01215693027063125,7.0,3623.0735358872744,3623.0735358872744,0.024889335140239055,0.00020361681049915759,0.0023933701668386697,0.9898004093999999,0.937890795389714,0.993859313875,1.197294036681028,0.937890795389714,0.937890795389714,0.2018715600888844,0.18933347805832623,-0.7135694793997577,-0.4635026643507363,-0.9044241478980192,-0.18257751371823305,-0.3230516480650635,-0.0652149401841796
1,Shanghai,2018,-0.004705891037413146,-0.011367231119709942,0.04055775882047463,0.05077232537342269,0.09406578049138936,0.08401500719844535,94.0,125.0,3439.746300211416,3439.746300211416,-0.051924989940184574,0.002488806855932132,0.0021538769971284994,0.9898004093999999,0.993859313875,0.004811060703326472,0.937890795389714,1.197294036681028,-0.6352688932257298,0.03201785921534048,0.096922743210444,31,-0.785974517403983,0.26427352583763797,1,0.937890795389714,0.937890795389714,0.2018715600888844,0.18933347805832623,0.18933347805832623,-0.7371582652840682,0.2478597073483064,-0.9044241478980192,-0.18257751371823305,-0.18257751371823305,-0.3230516480650635,-0.0652149401841796,-0.0652149401841796,-0.004705891037413146,-0.011367231119709942,0.04055775882047463,0.05077232537342269,94.0,3439.746300211416,3439.746300211416,-0.051924989940184574,0.002488806855932132,0.0021538769971284994,0.9898004093999999,0.937890795389714,0.993859313875,1.197294036681028,0.937890795389714,0.937890795389714,0.2018715600888844,0.18933347805832623,-0.7371582652840682,0.2478597073483064,-0.9044241478980192,-0.18257751371823305,-0.3230516480650635,-0.0652149401841796
1,Shanghai,2019,-0.031140240735722635,-0.037957835442791854,0.04546237407675768,0.053587689950820305,0.06339996061171327,-0.004226741115838095,110.0,139.0,3164.444444444444,3164.444444444444,-0.08342020951954954,0.002733516961062716,0.0019462640762766535,0.9898004093999999,0.993859313875,0.004811060703326472,0.937890795389714,1.197294036681028,-0.6352688932257298,0.0323398613545378,0.051984497690370696,31,-0.7789682579542254,-0.8646502375352481,1,0.937890795389714,0.937890795389714,0.2018715600888844,0.18933347805832623,0.18933347805832623,-0.7305871590360283,-0.810947499015839,-0.9044241478980192,-0.18257751371823305,-0.18257751371823305,-0.3230516480650635,-0.0652149401841796,-0.0652149401841796,-0.031140240735722635,-0.037957835442791854,0.04546237407675768,0.053587689950820305,110.0,3164.444444444444,3164.444444444444,-0.08342020951954954,0.002733516961062716,0.0019462640762766535,0.9898004093999999,0.937890795389714,0.993859313875,1.197294036681028,0.937890795389714,0.937890795389714,0.2018715600888844,0.18933347805832623,-0.7305871590360283,-0.810947499015839,-0.9044241478980192,-0.18257751371823305,-0.3230516480650635,-0.0652149401841796
1,Shanghai,2020,0.04751487560751322,0.0258379740023722,-0.010152371464018373,0.0018751177442437594,0.03330254323029358,0.0038309404590481932,-25.0,5.0,3280.408163265306,3280.408163265306,0.03599034546639057,-0.0006009052324856675,0.0019317901413949243,0.9898004093999999,0.993859313875,0.004811060703326472,0.937890795389714,1.197294036681028,-0.6352688932257298,0.04438090693127943,0.037262753188721555,31,-0.5169740688245997,-1.2344850411390522,1,0.937890795389714,0.937890795389714,0.2018715600888844,0.18933347805832623,0.18933347805832623,-0.4848652206057606,-1.1578121571306095,-0.9044241478980192,-0.18257751371823305,-0.18257751371823305,-0.3230516480650635,-0.0652149401841796,-0.0652149401841796,0.04751487560751322,0.0258379740023722,-0.010152371464018373,0.0018751177442437594,-25.0,3280.408163265306,3280.408163265306,0.03599034546639057,-0.0006009052324856675,0.0019317901413949243,0.9898004093999999,0.937890795389714,0.993859313875,1.197294036681028,0.937890795389714,0.937890795389714,0.2018715600888844,0.18933347805832623,-0.4848652206057606,-1.1578121571306095,-0.9044241478980192,-0.18257751371823305,-0.3230516480650635,-0.0652149401841796
1,Shanghai,2021,0.15155533604744953,0.15463048791323253,0.024194728587056957,0.04290300493522725,0.12321672623665769,0.09820529383786791,60.0,117.0,3737.450199203187,3737.450199203187,0.13043575932617557,0.001274984435627502,0.0019934381651035993,0.9898004093999999,0.993859313875,0.004811060703326472,0.937890795389714,1.197294036681028,-0.6352688932257298,0.037499334228858976,0.0910393120777722,31,-0.6667062535104331,0.1164719118900222,1,0.937890795389714,0.937890795389714,0.2018715600888844,0.18933347805832623,0.18933347805832623,-0.6252976583961964,0.10923793408309361,-0.9044241478980192,-0.18257751371823305,-0.18257751371823305,-0.3230516480650635,-0.0652149401841796,-0.0652149401841796,0.15155533604744953,0.15463048791323253,0.024194728587056957,0.04290300493522725,60.0,3737.450199203187,3737.450199203187,0.13043575932617557,0.001274984435627502,0.0019934381651035993,0.9898004093999999,0.937890795389714,0.993859313875,1.197294036681028,0.937890795389714,0.937890795389714,0.2018715600888844,0.18933347805832623,-0.6252976583961964,0.10923793408309361,-0.9044241478980192,-0.18257751371823305,-0.3230516480650635,-0.0652149401841796
1,Shanghai,2022,-0.049130680336396004,-0.0647304167469489,0.0071457231409191024,0.01566983629753249,0.032099764740904035,-0.0034192863340400947,18.0,44.0,3478.243670886076,3478.243670886076,-0.071876139887868,0.00037041228945662575,0.0018094640339956169,0.9898004093999999,0.993859313875,0.004811060703326472,0.937890795389714,1.197294036681028,-0.6352688932257298,0.030562387673295114,0.03176275653557354,31,-0.8176432860361678,-1.3726541407189772,1,0.937890795389714,0.937890795389714,0.2018715600888844,0.18933347805832623,0.18933347805832623,-0.7668601118855208,-1.287399683833906,-0.9044241478980192,-0.18257751371823305,-0.18257751371823305,-0.3230516480650635,-0.0652149401841796,-0.0652149401841796,-0.049130680336396004,-0.0647304167469489,0.0071457231409191024,0.01566983629753249,18.0,3478.243670886076,3478.243670886076,-0.071876139887868,0.00037041228945662575,0.0018094640339956169,0.9898004093999999,0.937890795389714,0.993859313875,1.197294036681028,0.937890795389714,0.937890795389714,0.2018715600888844,0.18933347805832623,-0.7668601118855208,-1.287399683833906,-0.9044241478980192,-0.18257751371823305,-0.3230516480650635,-0.0652149401841796
1,Shanghai,2023,0.052687223931427773,0.05217997043377487,0.011406220024437808,0.04288347245404189,0.05621536148898798,0.013650868561851937,29.0,124.0,3622.995698083692,3622.995698083692,0.04077375040933706,0.0005641529438084214,0.001802176852221109,0.9898004093999999,0.993859313875,0.004811060703326472,0.937890795389714,1.197294036681028,-0.6352688932257298,0.034067135169903805,0.07133473617818979,31,-0.7413854998974198,-0.3785399365428838,1,0.937890795389714,0.937890795389714,0.2018715600888844,0.18933347805832623,0.18933347805832623,-0.6953386361891917,-0.35502912217097715,-0.9044241478980192,-0.18257751371823305,-0.18257751371823305,-0.3230516480650635,-0.0652149401841796,-0.0652149401841796,0.052687223931427773,0.05217997043377487,0.011406220024437808,0.04288347245404189,29.0,3622.995698083692,3622.995698083692,0.04077375040933706,0.0005641529438084214,0.001802176852221109,0.9898004093999999,0.937890795389714,0.993859313875,1.197294036681028,0.937890795389714,0.937890795389714,0.2018715600888844,0.18933347805832623,-0.6953386361891917,-0.35502912217097715,-0.9044241478980192,-0.18257751371823305,-0.3230516480650635,-0.0652149401841796
2,Yunnan,2000,,,,,,,,,4107.179050630345,4107.179050630345,,,0.004936900063343565,0.399246568775,0.330239176925,0.006861414657932193,-1.4597280445993577,-1.6429150572009903,-0.3739971044510693,,,0,,,0,-0.0,-0.0,0.0,-1.202022416049666,-0.0,,,-0.0,-0.23247947529391852,-0.0,0.0,0.7017660022454939,0.0,,,,,,4107.179050630345,4107.179050630345,,,0.004936900063343565,0.399246568775,-1.4597280445993577,0.330239176925,-1.6429150572009903,-0.0,-0.0,0.0,-0.0,,,-0.0,-0.0,0.0,0.0
2,Yunnan,2001,0.1882133788725575,0.3444908726112814,0.17758784418687856,0.06876894870969696,0.0632951944415101,0.04123330575358786,47.94,52.780000000000086,4853.205715643349,4853.205715643349,0.16690302842440286,0.02192645544852065,0.006539974686241067,0.399246568775,0.330239176925,0.006861414657932193,-1.4597280445993577,-1.6429150572009903,-0.3739971044510693,0.06028087511627794,0.10333775942244862,31,-0.17101580089295476,0.42542944459551196,0,-0.0,-0.0,0.0,-1.202022416049666,-0.0,0.24963656063306594,-0.6210112912743975,-0.0,-0.23247947529391852,-0.0,0.0,0.7017660022454939,0.0,0.1882133788725575,0.3444908726112814,0.17758784418687856,0.06876894870969696,47.94,4853.205715643349,4853.205715643349,0.16690302842440286,0.02192645544852065,0.006539974686241067,0.399246568775,-1.4597280445993577,0.330239176925,-1.6429150572009903,-0.0,-0.0,0.0,-0.0,0.24963656063306594,-0.6210112912743975,-0.0,-0.0,0.0,0.0
2,Yunnan,2002,0.03723747365574148,0.13666480969360917,-0.0046266454362831055,0.09908163719810847,0.08987352619394962,0.07801026819053902,-1.3600000000000136,82.71999999999991,5589.729600709245,5589.729600709245,0.14129145512989227,-0.0005685618729097047,0.0068532608695652175,0.399246568775,0.330239176925,0.006861414657932193,-1.4597280445993577,-1.6429150572009903,-0.3739971044510693,0.03622957213462816,0.07192239437819348,31,-0.6943342770192986,-0.36377698131293934,0,-0.0,-0.0,0.0,-1.202022416049666,-0.0,1.0135392164916894,0.531015461602194,-0.0,-0.23247947529391852,-0.0,0.0,0.7017660022454939,0.0,0.03723747365574148,0.13666480969360917,-0.0046266454362831055,0.09908163719810847,-1.3600000000000136,5589.729600709245,5589.729600709245,0.14129145512989227,-0.0005685618729097047,0.0068532608695652175,0.399246568775,-1.4597280445993577,0.330239176925,-1.6429150572009903,-0.0,-0.0,0.0,-0.0,1.0135392164916894,0.531015461602194,-0.0,-0.0,0.0,0.0
2,Yunnan,2003,0.24088638064275258,0.16790305481024115,,0.14130124530614552,0.1112960801733589,0.11772408523320887,,133.09000000000003,,,,,0.007252393504922445,0.399246568775,0.330239176925,0.006861414657932193,-1.4597280445993577,-1.6429150572009903,-0.3739971044510693,,0.174536334595533,0,,2.2140565371971155,0,-0.0,-0.0,0.0,-1.202022416049666,-0.0,,-3.2319204196751703,-0.0,-0.23247947529391852,-0.0,0.0,0.7017660022454939,0.0,0.24088638064275258,0.16790305481024115,,0.14130124530614552,,,,,,0.007252393504922445,0.399246568775,-1.4597280445993577,0.330239176925,-1.6429150572009903,-0.0,-0.0,0.0,-0.0,,-3.2319204196751703,-0.0,-0.0,0.0,0.0
2,Yunnan,2004,0.14347286092621925,0.23289471916201343,,0.11804702721018767,0.1751205598494021,0.17920290379140447,,126.54999999999995,5682.741647124382,5682.741647124382,,,0.007683734656076351,0.399246568775,0.330239176925,0.006861414657932193,-1.4597280445993577,-1.6429150572009903,-0.3739971044510693,,0.13859497572773094,0,,1.3111495891354643,0,-0.0,-0.0,0.0,-1.202022416049666,-0.0,,-1.9139218259259625,-0.0,-0.23247947529391852,-0.0,0.0,0.7017660022454939,0.0,0.14347286092621925,0.23289471916201343,,0.11804702721018767,,5682.741647124382,5682.741647124382,,,0.007683734656076351,0.399246568775,-1.4597280445993577,0.330239176925,-1.6429150572009903,-0.0,-0.0,0.0,-0.0,,-1.9139218259259625,-0.0,-0.0,0.0,0.0
2,Yunnan,2005,0.13010430617494695,0.11613373623461198,,0.11506646068598503,0.10933027305140186,0.09007629723661381,,138.60000000000014,,,,,0.007736188894830158,0.399246568775,0.330239176925,0.006861414657932193,-1.4597280445993577,-1.6429150572009903,-0.3739971044510693,,0.1204312655274813,1,,0.8548468599396662,0,-0.0,-0.0,0.0,-1.202022416049666,-0.0,,-1.24784393529163,-0.0,-0.23247947529391852,-0.0,0.0,0.7017660022454939,0.0,0.13010430617494695,0.11613373623461198,,0.11506646068598503,,,,,,0.007736188894830158,0.399246568775,-1.4597280445993577,0.330239176925,-1.6429150572009903,-0.0,-0.0,0.0,-0.0,,-1.24784393529163,-0.0,-0.0,0.0,0.0
2,Yunnan,2006,0.18843070155031771,0.36972916696359936,,0.35911872643651144,0.1570853357016997,0.18797602713927652,,550.9499999999998,4645.726296123307,4645.726296123307,,,0.009569232529079418,0.399246568775,0.330239176925,0.006861414657932193,-1.4597280445993577,-1.6429150572009903,-0.3739971044510693,,0.1288484193955256,1,,1.0662998196987796,0,-0.0,-0.0,0.0,-1.202022416049666,-0.0,,-1.5565077507655471,-0.0,-0.23247947529391852,-0.0,0.0,0.7017660022454939,0.0,0.18843070155031771,0.36972916696359936,,0.35911872643651144,,4645.726296123307,4645.726296123307,,,0.009569232529079418,0.399246568775,-1.4597280445993577,0.330239176925,-1.6429150572009903,-0.0,-0.0,0.0,-0.0,,-1.5565077507655471,-0.0,-0.0,0.0,0.0
2,Yunnan,2007,0.18248077344835334,0.1623253753529128,0.2161128216264201,0.19577499972643864,0.2171366098094012,0.20610756186593715,206.60000000000002,394.9000000000001,4402.445907808091,4402.445907808091,-0.05378744627350729,0.0399922570654278,0.009058846302748742,0.399246568775,0.330239176925,0.006861414657932193,-1.4597280445993577,-1.6429150572009903,-0.3739971044510693,0.07460781837107273,0.1340029619229762,31,0.1407159218069819,1.1957905348170592,0,-0.0,-0.0,0.0,-1.202022416049666,-0.0,-0.2054069773833018,-1.745528979138926,-0.0,-0.23247947529391852,-0.0,0.0,0.7017660022454939,0.0,0.18248077344835334,0.1623253753529128,0.2161128216264201,0.19577499972643864,206.60000000000002,4402.445907808091,4402.445907808091,-0.05378744627350729,0.0399922570654278,0.009058846302748742,0.399246568775,-1.4597280445993577,0.330239176925,-1.6429150572009903,-0.0,-0.0,0.0,-0.0,-0.2054069773833018,-1.745528979138926,-0.0,-0.0,0.0,0.0
2,Yunnan,2008,0.17596270509637346,-0.12183521087838756,-0.05809959038001189,0.15176796304810214,0.1695614525990088,0.1852417810052538,-60.0,364.0,4130.608175473579,4130.608175473579,-0.06373562049837567,-0.00980296033390582,0.00676894411056197,0.399246568775,0.330239176925,0.006861414657932193,-1.4597280445993577,-1.6429150572009903,-0.3739971044510693,0.23086049090782326,0.08538316258007597,31,3.540528004544794,-0.02562000788211561,0,-0.0,-0.0,0.0,-1.202022416049666,-0.0,-5.168208020923438,0.03739824400838075,-0.0,-0.23247947529391852,-0.0,0.0,0.7017660022454939,0.0,0.17596270509637346,-0.12183521087838756,-0.05809959038001189,0.15176796304810214,-60.0,4130.608175473579,4130.608175473579,-0.06373562049837567,-0.00980296033390582,0.00676894411056197,0.399246568775,-1.4597280445993577,0.330239176925,-1.6429150572009903,-0.0,-0.0,0.0,-0.0,-5.168208020923438,0.03739824400838075,-0.0,-0.0,0.0,0.0
2,Yunnan,2009,0.08214879058351521,0.2796173169652789,0.06559728248581287,0.20369057274839086,0.08898365168131228,0.05090139378449354,68.0,584.0,5116.367366946779,5116.367366946779,0.21402003447946605,0.010164120350240042,0.008190531353605831,0.399246568775,0.330239176925,0.006861414657932193,-1.4597280445993577,-1.6429150572009903,-0.3739971044510693,0.10001935023920526,0.053951541707971624,31,0.6936308363716208,-0.8152348073294063,0,-0.0,-0.0,0.0,-1.202022416049666,-0.0,-1.012512384450563,1.1900211111922885,-0.0,-0.23247947529391852,-0.0,0.0,0.7017660022454939,0.0,0.08214879058351521,0.2796173169652789,0.06559728248581287,0.20369057274839086,68.0,5116.367366946779,5116.367366946779,0.21402003447946605,0.010164120350240042,0.008190531353605831,0.399246568775,-1.4597280445993577,0.330239176925,-1.6429150572009903,-0.0,-0.0,0.0,-0.0,-1.012512384450563,1.1900211111922885,-0.0,-0.0,0.0,0.0
2,Yunnan,2010,0.1534378848842861,-0.002872743358215857,0.05627619058025779,0.12890569002812846,0.1624015442076665,0.22650019761883655,62.0,436.0,4822.51586054722,4822.51586054722,-0.05914893393847365,0.007878117992326687,0.006942795384220833,0.399246568775,0.330239176925,0.006861414657932193,-1.4597280445993577,-1.6429150572009903,-0.3739971044510693,0.11994848128667408,0.13785180451035353,31,1.1272573429372206,1.2924798872402858,0,-0.0,-0.0,0.0,-1.202022416049666,-0.0,-1.6454891569660166,-1.8866691384852607,-0.0,-0.23247947529391852,-0.0,0.0,0.7017660022454939,0.0,0.1534378848842861,-0.002872743358215857,0.05627619058025779,0.12890569002812846,62.0,4822.51586054722,4822.51586054722,-0.05914893393847365,0.007878117992326687,0.006942795384220833,0.399246568775,-1.4597280445993577,0.330239176925,-1.6429150572009903,-0.0,-0.0,0.0,-0.0,-1.6454891569660166,-1.8866691384852607,-0.0,-0.0,0.0,0.0
2,Yunnan,2011,0.13035058483579842,-0.019508717615287274,0.002644338253090517,0.1156540951568168,0.205589941819996,0.1539101759567192,3.0,442.0,4716.857051056338,4716.857051056338,-0.02215305586837779,0.00031035980405206176,0.005543387783340139,0.399246568775,0.330239176925,0.006861414657932193,-1.4597280445993577,-1.6429150572009903,-0.3739971044510693,0.08951107708331604,0.11887028262747688,31,0.46498736126114687,0.8156323630308685,0,-0.0,-0.0,0.0,-1.202022416049666,-0.0,-0.6787550916171491,-1.190601434399003,-0.0,-0.23247947529391852,-0.0,0.0,0.7017660022454939,0.0,0.13035058483579842,-0.019508717615287274,0.002644338253090517,0.1156540951568168,3.0,4716.857051056338,4716.857051056338,-0.02215305586837779,0.00031035980405206176,0.005543387783340139,0.399246568775,-1.4597280445993577,0.330239176925,-1.6429150572009903,-0.0,-0.0,0.0,-0.0,-0.6787550916171491,-1.190601434399003,-0.0,-0.0,0.0,0.0
2,Yunnan,2012,0.12329237739954646,-0.13428313223632182,0.198186819340342,0.1758348688972209,0.15318068393095352,0.1567933853685588,249.0,778.0,3382.695061371841,3382.695061371841,-0.3324699515766638,0.0221013109894109,0.004158448345952088,0.399246568775,0.330239176925,0.006861414657932193,-1.4597280445993577,-1.6429150572009903,-0.3739971044510693,0.0756167924904256,0.06311076158020731,31,0.162669609679673,-0.5851399104757836,0,-1.4597280445993577,-0.0,0.0,-1.202022416049666,-0.0,-0.23745339125344983,0.8541451373358588,-0.0,-0.23247947529391852,-0.0,0.0,0.7017660022454939,0.0,0.12329237739954646,-0.13428313223632182,0.198186819340342,0.1758348688972209,249.0,3382.695061371841,3382.695061371841,-0.3324699515766638,0.0221013109894109,0.004158448345952088,0.399246568775,-1.4597280445993577,0.330239176925,-1.6429150572009903,-1.4597280445993577,-0.0,0.0,-0.0,-0.23745339125344983,0.8541451373358588,-0.0,-0.0,0.0,0.0
2,Yunnan,2013,0.21474020537535843,0.02105044016396196,0.006477172699030476,0.21444259510781727,0.14520815780284124,0.11474797259081626,9.0,1154.0,3432.3529411764703,3432.3529411764703,0.014573267464931483,0.0006908728026406694,0.003672910109772012,0.399246568775,0.330239176925,0.006861414657932193,-1.4597280445993577,-1.6429150572009903,-0.3739971044510693,0.05332030642613454,0.09052161106014825,31,-0.3224668138662537,0.10346639789288713,0,-1.4597280445993577,-0.0,0.0,-1.202022416049666,-0.0,0.47071385165317153,-0.15103280267792324,-0.0,-0.23247947529391852,-0.0,0.0,0.7017660022454939,0.0,0.21474020537535843,0.02105044016396196,0.006477172699030476,0.21444259510781727,9.0,3432.3529411764703,3432.3529411764703,0.014573267464931483,0.0006908728026406694,0.003672910109772012,0.399246568775,-1.4597280445993577,0.330239176925,-1.6429150572009903,-1.4597280445993577,-0.0,0.0,-0.0,0.47071385165317153,-0.15103280267792324,-0.0,-0.0,0.0,0.0
2,Yunnan,2014,0.1472222577048381,-0.20313993585629353,0.0057224762740659685,0.16873805202450498,0.0914926340560509,0.07249969741400974,8.0,1099.0,2785.378031383738,2785.378031383738,-0.2088624121303595,0.0005604163893773073,0.002735602552696654,0.399246568775,0.330239176925,0.006861414657932193,-1.4597280445993577,-1.6429150572009903,-0.3739971044510693,0.07238772123836522,0.05502636777100867,31,0.09241010447860744,-0.7882333819285628,0,-1.4597280445993577,-0.0,0.0,-1.202022416049666,-0.0,-0.13489362111178,1.1506063732905196,-0.0,-0.23247947529391852,-0.0,0.0,0.7017660022454939,0.0,0.1472222577048381,-0.20313993585629353,0.0057224762740659685,0.16873805202450498,8.0,2785.378031383738,2785.378031383738,-0.2088624121303595,0.0005604163893773073,0.002735602552696654,0.399246568775,-1.4597280445993577,0.330239176925,-1.6429150572009903,-1.4597280445993577,-0.0,0.0,-0.0,-0.13489362111178,1.1506063732905196,-0.0,-0.0,0.0,0.0
2,Yunnan,2015,0.010633573541371177,-0.38833790197641793,0.0,0.111768311409703,0.0731588169606816,0.021200293074921106,0.0,837.0,1888.9964336661913,1888.9964336661913,-0.38833790197641793,0.0,0.0017243583399528604,0.399246568775,0.330239176925,0.006861414657932193,-1.4597280445993577,-1.6429150572009903,-0.3739971044510693,0.07881055819591727,0.01369788281902884,31,0.23216092178769712,-1.826473932411288,0,-1.4597280445993577,-0.0,0.0,-1.202022416049666,-0.0,-0.33889180839353955,2.666155221870429,-0.0,-0.23247947529391852,-0.0,0.0,0.7017660022454939,0.0,0.010633573541371177,-0.38833790197641793,0.0,0.111768311409703,0.0,1888.9964336661913,1888.9964336661913,-0.38833790197641793,0.0,0.0017243583399528604,0.399246568775,-1.4597280445993577,0.330239176925,-1.6429150572009903,-1.4597280445993577,-0.0,0.0,-0.0,-0.33889180839353955,2.666155221870429,-0.0,-0.0,0.0,0.0
2,Yunnan,2016,0.053071066330461214,-0.11401349097719882,0.13957585547203788,0.08822142580227954,0.08813064411673288,0.04550966331222739,210.0,730.0,1465.880893300248,1465.880893300248,-0.2535893464492367,0.012519673773071971,0.0014087613869413842,0.399246568775,0.330239176925,0.006861414657932193,-1.4597280445993577,-1.6429150572009903,-0.3739971044510693,0.05903759135568659,0.05014379919751098,31,-0.1980676975607446,-0.9108916571933824,1,-1.4597280445993577,-1.4597280445993577,0.8234564105943292,-1.202022416049666,-1.202022416049666,0.2891249728586427,1.3296540975967646,-0.2823215319024921,-0.23247947529391852,-0.23247947529391852,0.8522199757228129,0.7017660022454939,0.7017660022454939,0.053071066330461214,-0.11401349097719882,0.13957585547203788,0.08822142580227954,210.0,1465.880893300248,1465.880893300248,-0.2535893464492367,0.012519673773071971,0.0014087613869413842,0.399246568775,-1.4597280445993577,0.330239176925,-1.6429150572009903,-1.4597280445993577,-1.4597280445993577,0.8234564105943292,-1.202022416049666,0.2891249728586427,1.3296540975967646,-0.2823215319024921,-0.23247947529391852,0.8522199757228129,0.7017660022454939
2,Yunnan,2017,0.09131869874696719,0.0033798088784977587,0.000620155058635774,0.035454230357803596,0.11748092805607868,0.09462345339945166,1.0,312.0,1469.9318040917544,1469.9318040917544,0.0027596538198619847,5.3009340245751306e-05,0.0012568514572267634,0.399246568775,0.330239176925,0.006861414657932193,-1.4597280445993577,-1.6429150572009903,-0.3739971044510693,0.033173774099243235,0.0667308662369896,31,-0.7608236299016604,-0.49419683680565485,1,-1.4597280445993577,-1.4597280445993577,0.8234564105943292,-1.202022416049666,-1.202022416049666,1.1105955895613362,0.7213929822375065,-0.2823215319024921,-0.23247947529391852,-0.23247947529391852,0.8522199757228129,0.7017660022454939,0.7017660022454939,0.09131869874696719,0.0033798088784977587,0.000620155058635774,0.035454230357803596,1.0,1469.9318040917544,1469.9318040917544,0.0027596538198619847,5.3009340245751306e-05,0.0012568514572267634,0.399246568775,-1.4597280445993577,0.330239176925,-1.6429150572009903,-1.4597280445993577,-1.4597280445993577,0.8234564105943292,-1.202022416049666,1.1105955895613362,0.7213929822375065,-0.2823215319024921,-0.23247947529391852,0.8522199757228129,0.7017660022454939
2,Yunnan,2018,0.09438525296175548,0.19204497291388423,-0.06731152955730746,0.04197796339765425,0.1273879938859288,0.14004133881585012,-105.0,384.0,1905.1724137931033,1905.1724137931033,0.2593565024711917,-0.004900245012250612,0.0013408003733520009,0.399246568775,0.330239176925,0.006861414657932193,-1.4597280445993577,-1.6429150572009903,-0.3739971044510693,0.03201785921534048,0.096922743210444,31,-0.785974517403983,0.26427352583763797,1,-1.4597280445993577,-1.4597280445993577,0.8234564105943292,-1.202022416049666,-1.202022416049666,1.14730904539504,-0.3857674771103531,-0.2823215319024921,-0.23247947529391852,-0.23247947529391852,0.8522199757228129,0.7017660022454939,0.7017660022454939,0.09438525296175548,0.19204497291388423,-0.06731152955730746,0.04197796339765425,-105.0,1905.1724137931033,1905.1724137931033,0.2593565024711917,-0.004900245012250612,0.0013408003733520009,0.399246568775,-1.4597280445993577,0.330239176925,-1.6429150572009903,-1.4597280445993577,-1.4597280445993577,0.8234564105943292,-1.202022416049666,1.14730904539504,-0.3857674771103531,-0.2823215319024921,-0.23247947529391852,0.8522199757228129,0.7017660022454939
2,Yunnan,2019,0.06681076797992969,0.0737847137057801,0.000662910199947575,0.029430951786903137,0.10929117739535066,0.11486322158942919,1.0,279.0,2049.7017892644135,2049.7017892644135,0.07312180350583253,4.1837328100878165e-05,0.0012940285581601618,0.399246568775,0.330239176925,0.006861414657932193,-1.4597280445993577,-1.6429150572009903,-0.3739971044510693,0.0323398613545378,0.051984497690370696,31,-0.7789682579542254,-0.8646502375352481,1,-1.4597280445993577,-1.4597280445993577,0.8234564105943292,-1.202022416049666,-1.202022416049666,1.1370818119884896,1.2621542004996977,-0.2823215319024921,-0.23247947529391852,-0.23247947529391852,0.8522199757228129,0.7017660022454939,0.7017660022454939,0.06681076797992969,0.0737847137057801,0.000662910199947575,0.029430951786903137,1.0,2049.7017892644135,2049.7017892644135,0.07312180350583253,4.1837328100878165e-05,0.0012940285581601618,0.399246568775,-1.4597280445993577,0.330239176925,-1.6429150572009903,-1.4597280445993577,-1.4597280445993577,0.8234564105943292,-1.202022416049666,1.1370818119884896,1.2621542004996977,-0.2823215319024921,-0.23247947529391852,0.8522199757228129,0.7017660022454939
2,Yunnan,2020,0.058279795499520226,0.28135755611377533,0.005287520580682603,0.06499319946049553,0.053452904679243574,0.03326016646666119,8.0,646.0,2701.3843111404085,2701.3843111404085,0.27607003553309273,0.0003172777568462591,0.0016252553094449622,0.399246568775,0.330239176925,0.006861414657932193,-1.4597280445993577,-1.6429150572009903,-0.3739971044510693,0.04438090693127943,0.037262753188721555,31,-0.5169740688245997,-1.2344850411390522,1,-1.4597280445993577,-1.4597280445993577,0.8234564105943292,-1.202022416049666,-1.202022416049666,0.7546415465939067,1.8020124351890663,-0.2823215319024921,-0.23247947529391852,-0.23247947529391852,0.8522199757228129,0.7017660022454939,0.7017660022454939,0.058279795499520226,0.28135755611377533,0.005287520580682603,0.06499319946049553,8.0,2701.3843111404085,2701.3843111404085,0.27607003553309273,0.0003172777568462591,0.0016252553094449622,0.399246568775,-1.4597280445993577,0.330239176925,-1.6429150572009903,-1.4597280445993577,-1.4597280445993577,0.8234564105943292,-1.202022416049666,0.7546415465939067,1.8020124351890663,-0.2823215319024921,-0.23247947529391852,0.8522199757228129,0.7017660022454939
2,Yunnan,2021,0.025855020763635217,0.0984553240390702,0.007879226580530307,0.03531298451408915,0.1010390258380216,0.1234544936542914,12.0,369.0,2957.4885546108567,2957.4885546108567,0.0905760974585399,0.0004301799790581217,0.0016210615544173552,0.399246568775,0.330239176925,0.006861414657932193,-1.4597280445993577,-1.6429150572009903,-0.3739971044510693,0.037499334228858976,0.0910393120777722,31,-0.6667062535104331,0.1164719118900222,1,-1.4597280445993577,-1.4597280445993577,0.8234564105943292,-1.202022416049666,-1.202022416049666,0.9732098157589482,-0.17001731619397079,-0.2823215319024921,-0.23247947529391852,-0.23247947529391852,0.8522199757228129,0.7017660022454939,0.7017660022454939,0.025855020763635217,0.0984553240390702,0.007879226580530307,0.03531298451408915,12.0,2957.4885546108567,2957.4885546108567,0.0905760974585399,0.0004301799790581217,0.0016210615544173552,0.399246568775,-1.4597280445993577,0.330239176925,-1.6429150572009903,-1.4597280445993577,-1.4597280445993577,0.8234564105943292,-1.202022416049666,0.9732098157589482,-0.17001731619397079,-0.2823215319024921,-0.23247947529391852,0.8522199757228129,0.7017660022454939
2,Yunnan,2022,0.06331221432578271,0.015143491411306886,0.0032647759981392355,0.04970764675127448,0.04916680627691328,0.04617382864888242,5.0,542.0,2992.8292046936112,2992.8292046936112,0.011878715413167651,0.0001706420578067035,0.0015668353747811516,0.399246568775,0.330239176925,0.006861414657932193,-1.4597280445993577,-1.6429150572009903,-0.3739971044510693,0.030562387673295114,0.03176275653557354,31,-0.8176432860361678,-1.3726541407189772,1,-1.4597280445993577,-1.4597280445993577,0.8234564105943292,-1.202022416049666,-1.202022416049666,1.1935368351053686,2.003701744742924,-0.2823215319024921,-0.23247947529391852,-0.23247947529391852,0.8522199757228129,0.7017660022454939,0.7017660022454939,0.06331221432578271,0.015143491411306886,0.0032647759981392355,0.04970764675127448,5.0,2992.8292046936112,2992.8292046936112,0.011878715413167651,0.0001706420578067035,0.0015668353747811516,0.399246568775,-1.4597280445993577,0.330239176925,-1.6429150572009903,-1.4597280445993577,-1.4597280445993577,0.8234564105943292,-1.202022416049666,1.1935368351053686,2.003701744742924,-0.2823215319024921,-0.23247947529391852,0.8522199757228129,0.7017660022454939
2,Yunnan,2023,0.032903344945485635,0.3326687652695801,-0.06810855409902938,0.1705921847207872,0.04323771933985299,0.003558742645434876,-101.0,2079.0,4468.248429867411,4468.248429867411,0.4007773193686095,-0.0033011065799519353,0.0020927708347952714,0.399246568775,0.330239176925,0.006861414657932193,-1.4597280445993577,-1.6429150572009903,-0.3739971044510693,0.034067135169903805,0.07133473617818979,31,-0.7413854998974198,-0.3785399365428838,1,-1.4597280445993577,-1.4597280445993577,0.8234564105943292,-1.202022416049666,-1.202022416049666,1.0822212060595777,0.5525653613725088,-0.2823215319024921,-0.23247947529391852,-0.23247947529391852,0.8522199757228129,0.7017660022454939,0.7017660022454939,0.032903344945485635,0.3326687652695801,-0.06810855409902938,0.1705921847207872,-101.0,4468.248429867411,4468.248429867411,0.4007773193686095,-0.0033011065799519353,0.0020927708347952714,0.399246568775,-1.4597280445993577,0.330239176925,-1.6429150572009903,-1.4597280445993577,-1.4597280445993577,0.8234564105943292,-1.202022416049666,1.0822212060595777,0.5525653613725088,-0.2823215319024921,-0.23247947529391852,0.8522199757228129,0.7017660022454939
3,Neimenggu,2000,,,,,,,,,5081.678015735808,5081.678015735808,,,0.02785341326629279,0.904196605475,0.858765689175,0.02854354256998695,0.5903436642964791,0.6191106452579106,2.3889055306273197,,,0,,,0,0.0,0.0,0.0,0.5158141934895031,0.0,,,0.0,1.6877308987587596,0.0,0.0,0.1780514274063441,0.0,,,,,,5081.678015735808,5081.678015735808,,,0.02785341326629279,0.904196605475,0.5903436642964791,0.858765689175,0.6191106452579106,0.0,0.0,0.0,0.0,,,0.0,0.0,0.0,0.0
3,Neimenggu,2001,0.058093147506845355,0.05589630641645371,0.045452965477768004,0.05981143794675692,0.10873906030693803,0.11820257232398745,39.54000000000008,55.22000000000003,5135.025791443309,5135.025791443309,0.010443340938685708,0.02286209887250655,0.026419774501300952,0.904196605475,0.858765689175,0.02854354256998695,0.5903436642964791,0.6191106452579106,2.3889055306273197,0.06028087511627794,0.10333775942244862,31,-0.17101580089295476,0.42542944459551196,0,0.0,0.0,0.0,0.5158141934895031,0.0,-0.100958094551744,0.2511495772221305,0.0,1.6877308987587596,0.0,0.0,0.1780514274063441,0.0,0.058093147506845355,0.05589630641645371,0.045452965477768004,0.05981143794675692,39.54000000000008,5135.025791443309,5135.025791443309,0.010443340938685708,0.02286209887250655,0.026419774501300952,0.904196605475,0.5903436642964791,0.858765689175,0.6191106452579106,0.0,0.0,0.0,0.0,-0.100958094551744,0.2511495772221305,0.0,0.0,0.0,0.0
3,Neimenggu,2002,0.10078498189350693,0.10457233827712198,0.09434630361895557,0.09388309206406298,0.12495905090778514,0.1407494177254014,88.03999999999996,93.62,5187.806150101752,5187.806150101752,0.010226034658166405,0.04492524365974382,0.025886615298259936,0.904196605475,0.858765689175,0.02854354256998695,0.5903436642964791,0.6191106452579106,2.3889055306273197,0.03622957213462816,0.07192239437819348,31,-0.6943342770192986,-0.36377698131293934,0,0.0,0.0,0.0,0.5158141934895031,0.0,-0.40989584134221935,-0.21475343613499243,0.0,1.6877308987587596,0.0,0.0,0.1780514274063441,0.0,0.10078498189350693,0.10457233827712198,0.09434630361895557,0.09388309206406298,88.03999999999996,5187.806150101752,5187.806150101752,0.010226034658166405,0.04492524365974382,0.025886615298259936,0.904196605475,0.5903436642964791,0.858765689175,0.6191106452579106,0.0,0.0,0.0,0.0,-0.40989584134221935,-0.21475343613499243,0.0,0.0,0.0,0.0
3,Neimenggu,2003,0.22959834675317214,0.23034797267521379,,0.1460586056475126,0.20894933521802894,0.10801997037704059,,164.29999999999995,,,,,0.026446522858410714,0.904196605475,0.858765689175,0.02854354256998695,0.5903436642964791,0.6191106452579106,2.3889055306273197,,0.174536334595533,0,,2.2140565371971155,0,0.0,0.0,0.0,0.5158141934895031,0.0,,1.3070542491285189,0.0,1.6877308987587596,0.0,0.0,0.1780514274063441,0.0,0.22959834675317214,0.23034797267521379,,0.1460586056475126,,,,,,0.026446522858410714,0.904196605475,0.5903436642964791,0.858765689175,0.6191106452579106,0.0,0.0,0.0,0.0,,1.3070542491285189,0.0,0.0,0.0,0.0
3,Neimenggu,2004,0.23147948246990957,0.23166501475873513,,0.16932920763047665,0.20890658349291247,0.21365640249751738,,223.07999999999993,5902.723307554154,5902.723307554154,,,0.02705530542302265,0.904196605475,0.858765689175,0.02854354256998695,0.5903436642964791,0.6191106452579106,2.3889055306273197,,0.13859497572773094,0,,1.3111495891354643,0,0.0,0.0,0.0,0.5158141934895031,0.0,,0.774028852891053,0.0,1.6877308987587596,0.0,0.0,0.1780514274063441,0.0,0.23147948246990957,0.23166501475873513,,0.16932920763047665,,5902.723307554154,5902.723307554154,,,0.02705530542302265,0.904196605475,0.5903436642964791,0.858765689175,0.6191106452579106,0.0,0.0,0.0,0.0,,0.774028852891053,0.0,0.0,0.0,0.0
3,Neimenggu,2005,0.2578485950400715,0.26949781646372273,,0.33149821144402836,0.1798713653560231,0.2801141300386849,,562.9000000000001,,,,,0.029592163246975608,0.904196605475,0.858765689175,0.02854354256998695,0.5903436642964791,0.6191106452579106,2.3889055306273197,,0.1204312655274813,1,,0.8548468599396662,0,0.0,0.0,0.0,0.5158141934895031,0.0,,0.5046534277091216,0.0,1.6877308987587596,0.0,0.0,0.1780514274063441,0.0,0.2578485950400715,0.26949781646372273,,0.33149821144402836,,,,,,0.029592163246975608,0.904196605475,0.5903436642964791,0.858765689175,0.6191106452579106,0.0,0.0,0.0,0.0,,0.5046534277091216,0.0,0.0,0.0,0.0
3,Neimenggu,2006,0.29034276083779,0.28070995398564413,,0.41728128477472737,0.16749008495673223,0.22323064289105776,,1033.08,4830.409356725146,4830.409356725146,,,0.033139616510676664,0.904196605475,0.858765689175,0.02854354256998695,0.5903436642964791,0.6191106452579106,2.3889055306273197,,0.1288484193955256,1,,1.0662998196987796,0,0.0,0.0,0.0,0.5158141934895031,0.0,,0.6294833427996526,0.0,1.6877308987587596,0.0,0.0,0.1780514274063441,0.0,0.29034276083779,0.28070995398564413,,0.41728128477472737,,4830.409356725146,4830.409356725146,,,0.033139616510676664,0.904196605475,0.5903436642964791,0.858765689175,0.6191106452579106,0.0,0.0,0.0,0.0,,0.6294833427996526,0.0,0.0,0.0,0.0
3,Neimenggu,2007,0.313140353316685,0.2529901093138811,0.32181716894966783,0.32213662333681725,0.21823640930021426,0.20897019620024526,1097.1,1150.9,4509.129671432154,4509.129671432154,-0.06882705963578672,0.20938620869176638,0.034311588016039625,0.904196605475,0.858765689175,0.02854354256998695,0.5903436642964791,0.6191106452579106,2.3889055306273197,0.07460781837107273,0.1340029619229762,31,0.1407159218069819,1.1957905348170592,0,0.0,0.0,0.0,0.5158141934895031,0.0,0.08307075290439052,0.7059273660549492,0.0,1.6877308987587596,0.0,0.0,0.1780514274063441,0.0,0.313140353316685,0.2529901093138811,0.32181716894966783,0.32213662333681725,1097.1,4509.129671432154,4509.129671432154,-0.06882705963578672,0.20938620869176638,0.034311588016039625,0.904196605475,0.5903436642964791,0.858765689175,0.6191106452579106,0.0,0.0,0.0,0.0,0.08307075290439052,0.7059273660549492,0.0,0.0,0.0,0.0
3,Neimenggu,2008,0.12255951866705672,0.11264566935477216,0.13734902720137043,0.15630198936977102,0.19258749988549084,0.1854025377021573,587.0,707.0,4399.10362920857,4399.10362920857,-0.024703357846598273,0.09240602122671779,0.031675430257468516,0.904196605475,0.858765689175,0.02854354256998695,0.5903436642964791,0.6191106452579106,2.3889055306273197,0.23086049090782326,0.08538316258007597,31,3.540528004544794,-0.02562000788211561,0,0.0,0.0,0.0,0.5158141934895031,0.0,2.0901282757472748,-0.015124609332432806,0.0,1.6877308987587596,0.0,0.0,0.1780514274063441,0.0,0.12255951866705672,0.11264566935477216,0.13734902720137043,0.15630198936977102,587.0,4399.10362920857,4399.10362920857,-0.024703357846598273,0.09240602122671779,0.031675430257468516,0.904196605475,0.5903436642964791,0.858765689175,0.6191106452579106,0.0,0.0,0.0,0.0,2.0901282757472748,-0.015124609332432806,0.0,0.0,0.0,0.0
3,Neimenggu,2009,0.02644396805062943,0.03002777413800306,0.054458372063892924,0.12850445205654815,0.12899133378857108,0.13212141317599357,256.0,670.0,4292.933082815735,4292.933082815735,-0.024430597925889863,0.0354227203542272,0.028690835464231356,0.904196605475,0.858765689175,0.02854354256998695,0.5903436642964791,0.6191106452579106,2.3889055306273197,0.10001935023920526,0.053951541707971624,31,0.6936308363716208,-0.8152348073294063,0,0.0,0.0,0.0,0.5158141934895031,0.0,0.40948056961265417,-0.4812687034208759,0.0,1.6877308987587596,0.0,0.0,0.1780514274063441,0.0,0.02644396805062943,0.03002777413800306,0.054458372063892924,0.12850445205654815,256.0,4292.933082815735,4292.933082815735,-0.024430597925889863,0.0354227203542272,0.028690835464231356,0.904196605475,0.5903436642964791,0.858765689175,0.6191106452579106,0.0,0.0,0.0,0.0,0.40948056961265417,-0.4812687034208759,0.0,0.0,0.0,0.0
3,Neimenggu,2010,0.10446016978033512,0.05835132503771945,0.11192278770594122,0.15075089290241372,0.14349092298546573,0.1595739250725039,572.0,904.0,4069.0059811181045,4069.0059811181045,-0.05357146266822177,0.06856786989213123,0.026349206271764007,0.904196605475,0.858765689175,0.02854354256998695,0.5903436642964791,0.6191106452579106,2.3889055306273197,0.11994848128667408,0.13785180451035353,31,1.1272573429372206,1.2924798872402858,0,0.0,0.0,0.0,0.5158141934895031,0.0,0.6654692304346715,0.7630073126629304,0.0,1.6877308987587596,0.0,0.0,0.1780514274063441,0.0,0.10446016978033512,0.05835132503771945,0.11192278770594122,0.15075089290241372,572.0,4069.0059811181045,4069.0059811181045,-0.05357146266822177,0.06856786989213123,0.026349206271764007,0.904196605475,0.5903436642964791,0.858765689175,0.6191106452579106,0.0,0.0,0.0,0.0,0.6654692304346715,0.7630073126629304,0.0,0.0,0.0,0.0
3,Neimenggu,2011,0.17752084904642373,0.1828173532473043,0.097461947436841,0.1500733829183183,0.14157251003926774,0.16744756193930854,553.0,1046.0,4431.570982367759,4431.570982367759,0.0853554058104633,0.05753943599990502,0.02745869828648392,0.904196605475,0.858765689175,0.02854354256998695,0.5903436642964791,0.6191106452579106,2.3889055306273197,0.08951107708331604,0.11887028262747688,31,0.46498736126114687,0.8156323630308685,0,0.0,0.0,0.0,0.5158141934895031,0.0,0.27450234269845614,0.481503397910439,0.0,1.6877308987587596,0.0,0.0,0.1780514274063441,0.0,0.17752084904642373,0.1828173532473043,0.097461947436841,0.1500733829183183,553.0,4431.570982367759,4431.570982367759,0.0853554058104633,0.05753943599990502,0.02745869828648392,0.904196605475,0.5903436642964791,0.858765689175,0.6191106452579106,0.0,0.0,0.0,0.0,0.27450234269845614,0.481503397910439,0.0,0.0,0.0,0.0
3,Neimenggu,2012,0.06490468761203871,0.05682427895542297,0.010689929758369132,0.043536133649487496,0.1016296497848348,0.11868384971581847,64.0,334.0,4640.808022927396,4640.808022927396,0.04613434919705384,0.006015659513671527,0.026255556016129486,0.904196605475,0.858765689175,0.02854354256998695,0.5903436642964791,0.6191106452579106,2.3889055306273197,0.0756167924904256,0.06311076158020731,31,0.162669609679673,-0.5851399104757836,0,0.5903436642964791,0.0,0.0,0.5158141934895031,0.0,0.09603097344797618,-0.34543363887638784,0.0,1.6877308987587596,0.0,0.0,0.1780514274063441,0.0,0.06490468761203871,0.05682427895542297,0.010689929758369132,0.043536133649487496,64.0,4640.808022927396,4640.808022927396,0.04613434919705384,0.006015659513671527,0.026255556016129486,0.904196605475,0.5903436642964791,0.858765689175,0.6191106452579106,0.5903436642964791,0.0,0.0,0.0,0.09603097344797618,-0.34543363887638784,0.0,0.0,0.0,0.0
3,Neimenggu,2013,0.1173455541186641,0.09999788747896687,0.059186961726956255,0.07906106432387361,0.08518543088514008,0.06719634042400102,367.0,645.0,4834.1215158158475,4834.1215158158475,0.04081092575201062,0.03167916857288367,0.02664735992542016,0.904196605475,0.858765689175,0.02854354256998695,0.5903436642964791,0.6191106452579106,2.3889055306273197,0.05332030642613454,0.09052161106014825,31,-0.3224668138662537,0.10346639789288713,0,0.5903436642964791,0.0,0.0,0.5158141934895031,0.0,-0.1903662405118149,0.06108073246364449,0.0,1.6877308987587596,0.0,0.0,0.1780514274063441,0.0,0.1173455541186641,0.09999788747896687,0.059186961726956255,0.07906106432387361,367.0,4834.1215158158475,4834.1215158158475,0.04081092575201062,0.03167916857288367,0.02664735992542016,0.904196605475,0.5903436642964791,0.858765689175,0.6191106452579106,0.5903436642964791,0.0,0.0,0.0,-0.1903662405118149,0.06108073246364449,0.0,0.0,0.0,0.0
3,Neimenggu,2014,0.10880005058698217,0.04781372751126867,0.049490856691001284,0.08880705313189807,0.06616162377549273,0.048945579619699586,324.0,788.0,4826.02086438152,4826.02086438152,-0.001677129179732617,0.026176952970357027,0.02616289497709517,0.904196605475,0.858765689175,0.02854354256998695,0.5903436642964791,0.6191106452579106,2.3889055306273197,0.07238772123836522,0.05502636777100867,31,0.09241010447860744,-0.7882333819285628,0,0.5903436642964791,0.0,0.0,0.5158141934895031,0.0,0.05455371969592159,-0.46532858300851393,0.0,1.6877308987587596,0.0,0.0,0.1780514274063441,0.0,0.10880005058698217,0.04781372751126867,0.049490856691001284,0.08880705313189807,324.0,4826.02086438152,4826.02086438152,-0.001677129179732617,0.026176952970357027,0.02616289497709517,0.904196605475,0.5903436642964791,0.858765689175,0.6191106452579106,0.5903436642964791,0.0,0.0,0.0,0.05455371969592159,-0.46532858300851393,0.0,0.0,0.0,0.0
3,Neimenggu,2015,-0.012237857807903652,0.009504141618291051,0.07919401564043937,0.1144103511777459,0.05389669084155635,0.029875410474110353,553.0,1124.0,4501.14773509569,4501.14773509569,-0.06968987402214832,0.04233428004930068,0.025026859684445023,0.904196605475,0.858765689175,0.02854354256998695,0.5903436642964791,0.6191106452579106,2.3889055306273197,0.07881055819591727,0.01369788281902884,31,0.23216092178769712,-1.826473932411288,0,0.5903436642964791,0.0,0.0,0.5158141934895031,0.0,0.13705472927459741,-1.0782473140016795,0.0,1.6877308987587596,0.0,0.0,0.1780514274063441,0.0,-0.012237857807903652,0.009504141618291051,0.07919401564043937,0.1144103511777459,553.0,4501.14773509569,4501.14773509569,-0.06968987402214832,0.04233428004930068,0.025026859684445023,0.904196605475,0.5903436642964791,0.858765689175,0.6191106452579106,0.5903436642964791,0.0,0.0,0.0,0.13705472927459741,-1.0782473140016795,0.0,0.0,0.0,0.0
3,Neimenggu,2016,0.005339668190374347,0.01325346311976805,0.046538790570355815,0.06046053387624717,0.06061606576110101,0.05721741622152976,346.0,648.0,4353.791562623209,4353.791562623209,-0.033285327450587765,0.024929749981987173,0.023869154838244828,0.904196605475,0.858765689175,0.02854354256998695,0.5903436642964791,0.6191106452579106,2.3889055306273197,0.05903759135568659,0.05014379919751098,31,-0.1980676975607446,-0.9108916571933824,1,0.5903436642964791,0.5903436642964791,0.8737523999757093,0.5158141934895031,0.5158141934895031,-0.11692801035677677,-0.5377391186846336,1.9315894283159385,1.6877308987587596,1.6877308987587596,0.2037778979620474,0.1780514274063441,0.1780514274063441,0.005339668190374347,0.01325346311976805,0.046538790570355815,0.06046053387624717,346.0,4353.791562623209,4353.791562623209,-0.033285327450587765,0.024929749981987173,0.023869154838244828,0.904196605475,0.5903436642964791,0.858765689175,0.6191106452579106,0.5903436642964791,0.5903436642964791,0.8737523999757093,0.5158141934895031,-0.11692801035677677,-0.5377391186846336,1.9315894283159385,1.6877308987587596,0.2037778979620474,0.1780514274063441
3,Neimenggu,2017,0.11088826650455808,0.09945079103715937,0.07113715167752588,0.06832266052655633,0.0783330770242916,0.05141701697925605,561.0,781.0,4478.824969400245,4478.824969400245,0.02831363935963349,0.03737533228069474,0.024378576805974723,0.904196605475,0.858765689175,0.02854354256998695,0.5903436642964791,0.6191106452579106,2.3889055306273197,0.033173774099243235,0.0667308662369896,31,-0.7608236299016604,-0.49419683680565485,1,0.5903436642964791,0.5903436642964791,0.8737523999757093,0.5158141934895031,0.5158141934895031,-0.4491474095594945,-0.2917459715235794,1.9315894283159385,1.6877308987587596,1.6877308987587596,0.2037778979620474,0.1780514274063441,0.1780514274063441,0.11088826650455808,0.09945079103715937,0.07113715167752588,0.06832266052655633,561.0,4478.824969400245,4478.824969400245,0.02831363935963349,0.03737533228069474,0.024378576805974723,0.904196605475,0.5903436642964791,0.858765689175,0.6191106452579106,0.5903436642964791,0.5903436642964791,0.8737523999757093,0.5158141934895031,-0.4491474095594945,-0.2917459715235794,1.9315894283159385,1.6877308987587596,0.2037778979620474,0.1780514274063441
3,Neimenggu,2018,0.11705260303150222,0.1230646954207879,0.0071955917516639545,0.038078508574505676,0.07956137099384719,0.0755830226814247,59.0,459.0,5029.043626200024,5029.043626200024,0.11586910366912395,0.0036301213937205055,0.025462532840293116,0.904196605475,0.858765689175,0.02854354256998695,0.5903436642964791,0.6191106452579106,2.3889055306273197,0.03201785921534048,0.096922743210444,31,-0.785974517403983,0.26427352583763797,1,0.5903436642964791,0.5903436642964791,0.8737523999757093,0.5158141934895031,0.5158141934895031,-0.46399507664792417,0.15601220161954144,1.9315894283159385,1.6877308987587596,1.6877308987587596,0.2037778979620474,0.1780514274063441,0.1780514274063441,0.11705260303150222,0.1230646954207879,0.0071955917516639545,0.038078508574505676,59.0,5029.043626200024,5029.043626200024,0.11586910366912395,0.0036301213937205055,0.025462532840293116,0.904196605475,0.5903436642964791,0.858765689175,0.6191106452579106,0.5903436642964791,0.5903436642964791,0.8737523999757093,0.5158141934895031,-0.46399507664792417,0.15601220161954144,1.9315894283159385,1.6877308987587596,0.2037778979620474,0.1780514274063441
3,Neimenggu,2019,0.10223125453667237,0.09615775471502896,0.05806940962127349,0.05124852334057195,0.07275169030364204,0.06693881712151573,492.0,646.0,5224.286205710355,5224.286205710355,0.03808834509375547,0.028147419247800266,0.026065540007094063,0.904196605475,0.858765689175,0.02854354256998695,0.5903436642964791,0.6191106452579106,2.3889055306273197,0.0323398613545378,0.051984497690370696,31,-0.7789682579542254,-0.8646502375352481,1,0.5903436642964791,0.5903436642964791,0.8737523999757093,0.5158141934895031,0.5158141934895031,-0.4598589757713424,-0.5104407895613794,1.9315894283159385,1.6877308987587596,1.6877308987587596,0.2037778979620474,0.1780514274063441,0.1780514274063441,0.10223125453667237,0.09615775471502896,0.05806940962127349,0.05124852334057195,492.0,5224.286205710355,5224.286205710355,0.03808834509375547,0.028147419247800266,0.026065540007094063,0.904196605475,0.5903436642964791,0.858765689175,0.6191106452579106,0.5903436642964791,0.5903436642964791,0.8737523999757093,0.5158141934895031,-0.4598589757713424,-0.5104407895613794,1.9315894283159385,1.6877308987587596,0.2037778979620474,0.1780514274063441
3,Neimenggu,2020,0.05591408523738384,0.04839187461393646,0.07220598925566435,0.12406167087555886,0.008204519740237615,0.0023150330338239655,653.0,1708.0,5101.344143375293,5101.344143375293,-0.02381411464172789,0.03705300906748981,0.027134378156314896,0.904196605475,0.858765689175,0.02854354256998695,0.5903436642964791,0.6191106452579106,2.3889055306273197,0.04438090693127943,0.037262753188721555,31,-0.5169740688245997,-1.2344850411390522,1,0.5903436642964791,0.5903436642964791,0.8737523999757093,0.5158141934895031,0.5158141934895031,-0.3051923661361744,-0.7287704227052179,1.9315894283159385,1.6877308987587596,1.6877308987587596,0.2037778979620474,0.1780514274063441,0.1780514274063441,0.05591408523738384,0.04839187461393646,0.07220598925566435,0.12406167087555886,653.0,5101.344143375293,5101.344143375293,-0.02381411464172789,0.03705300906748981,0.027134378156314896,0.904196605475,0.5903436642964791,0.858765689175,0.6191106452579106,0.5903436642964791,0.5903436642964791,0.8737523999757093,0.5158141934895031,-0.3051923661361744,-0.7287704227052179,1.9315894283159385,1.6877308987587596,0.2037778979620474,0.1780514274063441
3,Neimenggu,2021,0.051797985457356255,0.016858350797367194,0.047905869489234476,0.05631176214476419,0.20276184516391993,0.35118836783148666,460.0,848.0,4945.393532641855,4945.393532641855,-0.031047518691867282,0.02131129214487546,0.022531131975689747,0.904196605475,0.858765689175,0.02854354256998695,0.5903436642964791,0.6191106452579106,2.3889055306273197,0.037499334228858976,0.0910393120777722,31,-0.6667062535104331,0.1164719118900222,1,0.5903436642964791,0.5903436642964791,0.8737523999757093,0.5158141934895031,0.5158141934895031,-0.39358581270672643,0.06875845525277237,1.9315894283159385,1.6877308987587596,1.6877308987587596,0.2037778979620474,0.1780514274063441,0.1780514274063441,0.051797985457356255,0.016858350797367194,0.047905869489234476,0.05631176214476419,460.0,4945.393532641855,4945.393532641855,-0.031047518691867282,0.02131129214487546,0.022531131975689747,0.904196605475,0.5903436642964791,0.858765689175,0.6191106452579106,0.5903436642964791,0.5903436642964791,0.8737523999757093,0.5158141934895031,-0.39358581270672643,0.06875845525277237,1.9315894283159385,1.6877308987587596,0.2037778979620474,0.1780514274063441
3,Neimenggu,2022,0.07842536893013108,0.0710100406989973,0.06581516165089063,0.09779012315137692,0.09751544046127947,0.123707731818131,669.0,1591.0,4971.151099685804,4971.151099685804,0.005194879048106671,0.0281143243575236,0.021941780319208105,0.904196605475,0.858765689175,0.02854354256998695,0.5903436642964791,0.6191106452579106,2.3889055306273197,0.030562387673295114,0.03176275653557354,31,-0.8176432860361678,-1.3726541407189772,1,0.5903436642964791,0.5903436642964791,0.8737523999757093,0.5158141934895031,0.5158141934895031,-0.48269053356600544,-0.8103376752437759,1.9315894283159385,1.6877308987587596,1.6877308987587596,0.2037778979620474,0.1780514274063441,0.1780514274063441,0.07842536893013108,0.0710100406989973,0.06581516165089063,0.09779012315137692,669.0,4971.151099685804,4971.151099685804,0.005194879048106671,0.0281143243575236,0.021941780319208105,0.904196605475,0.5903436642964791,0.858765689175,0.6191106452579106,0.5903436642964791,0.5903436642964791,0.8737523999757093,0.5158141934895031,-0.48269053356600544,-0.8103376752437759,1.9315894283159385,1.6877308987587596,0.2037778979620474,0.1780514274063441
3,Neimenggu,2023,0.14210424675186317,0.12813976752913359,0.1186395667579987,0.22536616438336488,0.050190638790956754,0.019377216466507363,1323.0,4317.0,5018.603077963809,5018.603077963809,0.009500200771134892,0.052876641154253515,0.023720549149697248,0.904196605475,0.858765689175,0.02854354256998695,0.5903436642964791,0.6191106452579106,2.3889055306273197,0.034067135169903805,0.07133473617818979,31,-0.7413854998974198,-0.3785399365428838,1,0.5903436642964791,0.5903436642964791,0.8737523999757093,0.5158141934895031,0.5158141934895031,-0.4376722326657197,-0.2234686532212827,1.9315894283159385,1.6877308987587596,1.6877308987587596,0.2037778979620474,0.1780514274063441,0.1780514274063441,0.14210424675186317,0.12813976752913359,0.1186395667579987,0.22536616438336488,1323.0,5018.603077963809,5018.603077963809,0.009500200771134892,0.052876641154253515,0.023720549149697248,0.904196605475,0.5903436642964791,0.858765689175,0.6191106452579106,0.5903436642964791,0.5903436642964791,0.8737523999757093,0.5158141934895031,-0.4376722326657197,-0.2234686532212827,1.9315894283159385,1.6877308987587596,0.2037778979620474,0.1780514274063441
4,Beijing,2000,,,,,,,,,4025.931928687196,4025.931928687196,,,0.00410516826923077,0.984025261025,0.8169334544,0.0017367408620733557,0.914443983947462,0.44007404433223024,-1.02702224994998,,,0,,,0,0.0,0.0,-0.0,-0.4783990301257856,-0.0,,,-0.0,0.42886578426237193,0.0,0.0,-0.6154752418012494,-0.0,,,,,,4025.931928687196,4025.931928687196,,,0.00410516826923077,0.984025261025,0.914443983947462,0.8169334544,0.44007404433223024,0.0,0.0,-0.0,-0.0,,,-0.0,0.0,0.0,-0.0
4,Beijing,2001,-0.08607306175948937,-0.046980208924192635,0.005583323349402036,0.004259045688466578,0.16764098017626772,0.0963131666587449,1.8999999999999773,1.8999999999999773,3819.7802197802202,3819.7802197802202,-0.05256353227359467,0.00048279718663406414,0.0033122428040921587,0.984025261025,0.8169334544,0.0017367408620733557,0.914443983947462,0.44007404433223024,-1.02702224994998,0.06028087511627794,0.10333775942244862,31,-0.17101580089295476,0.42542944459551196,0,0.0,0.0,-0.0,-0.4783990301257856,-0.0,-0.15638437028651947,0.389031396204476,-0.0,0.42886578426237193,0.0,0.0,-0.6154752418012494,-0.0,-0.08607306175948937,-0.046980208924192635,0.005583323349402036,0.004259045688466578,1.8999999999999773,3819.7802197802202,3819.7802197802202,-0.05256353227359467,0.00048279718663406414,0.0033122428040921587,0.984025261025,0.914443983947462,0.8169334544,0.44007404433223024,0.0,0.0,-0.0,-0.0,-0.15638437028651947,0.389031396204476,-0.0,0.0,0.0,-0.0
4,Beijing,2002,0.0632340241927074,0.04375439967531003,-0.0014662759225272382,-0.0055178122635952676,0.16360209910137513,0.09141525685949858,-0.5,-2.4599999999999795,3996.478356566398,3996.478356566398,0.04522067559783727,-0.00010787719493143746,0.0029381432811526305,0.984025261025,0.8169334544,0.0017367408620733557,0.914443983947462,0.44007404433223024,-1.02702224994998,0.03622957213462816,0.07192239437819348,31,-0.6943342770192986,-0.36377698131293934,0,0.0,0.0,-0.0,-0.4783990301257856,-0.0,-0.6349298024688081,-0.33265367206018565,-0.0,0.42886578426237193,0.0,0.0,-0.6154752418012494,-0.0,0.0632340241927074,0.04375439967531003,-0.0014662759225272382,-0.0055178122635952676,-0.5,3996.478356566398,3996.478356566398,0.04522067559783727,-0.00010787719493143746,0.0029381432811526305,0.984025261025,0.914443983947462,0.8169334544,0.44007404433223024,0.0,0.0,-0.0,-0.0,-0.6349298024688081,-0.33265367206018565,-0.0,0.0,0.0,-0.0
4,Beijing,2003,0.3026421557204335,0.0013209072148816503,,-0.009128356575869745,0.1528028881988508,0.16481569885730973,,-4.0400000000000205,,,,,0.0025251383766015747,0.984025261025,0.8169334544,0.0017367408620733557,0.914443983947462,0.44007404433223024,-1.02702224994998,,0.174536334595533,0,,2.2140565371971155,0,0.0,0.0,-0.0,-0.4783990301257856,-0.0,,2.0246306805594525,-0.0,0.42886578426237193,0.0,0.0,-0.6154752418012494,-0.0,0.3026421557204335,0.0013209072148816503,,-0.009128356575869745,,,,,,0.0025251383766015747,0.984025261025,0.914443983947462,0.8169334544,0.44007404433223024,0.0,0.0,-0.0,-0.0,,2.0246306805594525,-0.0,0.0,0.0,-0.0
4,Beijing,2004,0.05925227439720926,0.06095241996472289,,0.02439582870665813,0.17363906827938358,0.19710012291026224,,10.879999999999995,4190.5450339742665,4190.5450339742665,,,0.002256035829827745,0.984025261025,0.8169334544,0.0017367408620733557,0.914443983947462,0.44007404433223024,-1.02702224994998,,0.13859497572773094,0,,1.3111495891354643,0,0.0,0.0,-0.0,-0.4783990301257856,-0.0,,1.1989728538401119,-0.0,0.42886578426237193,0.0,0.0,-0.6154752418012494,-0.0,0.05925227439720926,0.06095241996472289,,0.02439582870665813,,4190.5450339742665,4190.5450339742665,,,0.002256035829827745,0.984025261025,0.914443983947462,0.8169334544,0.44007404433223024,0.0,0.0,-0.0,-0.0,,1.1989728538401119,-0.0,0.0,0.0,-0.0
4,Beijing,2005,0.0453533769051262,0.32630749357086586,,0.08418493672535732,0.13156417392816167,0.07267329793327182,,39.64999999999998,,,,,0.0027410814578306283,0.984025261025,0.8169334544,0.0017367408620733557,0.914443983947462,0.44007404433223024,-1.02702224994998,,0.1204312655274813,1,,0.8548468599396662,0,0.0,0.0,-0.0,-0.4783990301257856,-0.0,,0.7817095682682065,-0.0,0.42886578426237193,0.0,0.0,-0.6154752418012494,-0.0,0.0453533769051262,0.32630749357086586,,0.08418493672535732,,,,,,0.0027410814578306283,0.984025261025,0.914443983947462,0.8169334544,0.44007404433223024,0.0,0.0,-0.0,-0.0,,0.7817095682682065,-0.0,0.0,0.0,-0.0
4,Beijing,2006,0.007006100586995245,-0.0476705521845906,,0.030106867833790574,0.1623367800905413,0.08282157587844274,,15.010000000000048,4806.726907630522,4806.726907630522,,,0.0022218611552814785,0.984025261025,0.8169334544,0.0017367408620733557,0.914443983947462,0.44007404433223024,-1.02702224994998,,0.1288484193955256,1,,1.0662998196987796,0,0.0,0.0,-0.0,-0.4783990301257856,-0.0,,0.9750714552078125,-0.0,0.42886578426237193,0.0,0.0,-0.6154752418012494,-0.0,0.007006100586995245,-0.0476705521845906,,0.030106867833790574,,4806.726907630522,4806.726907630522,,,0.0022218611552814785,0.984025261025,0.914443983947462,0.8169334544,0.44007404433223024,0.0,0.0,-0.0,-0.0,,0.9750714552078125,-0.0,0.0,0.0,-0.0
4,Beijing,2007,0.05975633438341221,0.1524633189514586,-0.021309786586750867,-0.022176515651342044,0.21912332187220152,0.15247386618092484,-8.399999999999977,-11.100000000000023,5718.974358974358,5718.974358974358,0.17377310553820946,-0.0007828226347573228,0.0020785804816223067,0.984025261025,0.8169334544,0.0017367408620733557,0.914443983947462,0.44007404433223024,-1.02702224994998,0.07460781837107273,0.1340029619229762,31,0.1407159218069819,1.1957905348170592,0,0.0,0.0,-0.0,-0.4783990301257856,-0.0,0.12867682814201606,1.0934834606247779,-0.0,0.42886578426237193,0.0,0.0,-0.6154752418012494,-0.0,0.05975633438341221,0.1524633189514586,-0.021309786586750867,-0.022176515651342044,-8.399999999999977,5718.974358974358,5718.974358974358,0.17377310553820946,-0.0007828226347573228,0.0020785804816223067,0.984025261025,0.914443983947462,0.8169334544,0.44007404433223024,0.0,0.0,-0.0,-0.0,0.12867682814201606,1.0934834606247779,-0.0,0.0,0.0,-0.0
4,Beijing,2008,0.06480429167504687,0.0843925755019379,0.19927111510772821,0.16019299428322054,0.12569584670111844,0.04587760328924251,86.0,86.0,5098.319327731093,5098.319327731093,-0.11487853960579031,0.007067950951707814,0.001994477136000526,0.984025261025,0.8169334544,0.0017367408620733557,0.914443983947462,0.44007404433223024,-1.02702224994998,0.23086049090782326,0.08538316258007597,31,3.540528004544794,-0.02562000788211561,0,0.0,0.0,-0.0,-0.4783990301257856,-0.0,3.237614533753499,-0.023428062076487177,-0.0,0.42886578426237193,0.0,0.0,-0.6154752418012494,-0.0,0.06480429167504687,0.0843925755019379,0.19927111510772821,0.16019299428322054,86.0,5098.319327731093,5098.319327731093,-0.11487853960579031,0.007067950951707814,0.001994477136000526,0.984025261025,0.914443983947462,0.8169334544,0.44007404433223024,0.0,0.0,-0.0,-0.0,3.237614533753499,-0.023428062076487177,-0.0,0.0,0.0,-0.0
4,Beijing,2009,-0.002880660428238091,-0.00691687376476624,0.07290677080808727,0.0681893358872685,0.09166796838770352,0.07972904784905488,36.0,41.0,4707.171972656251,4707.171972656251,-0.07982364457285351,0.002699520835051778,0.0018072332535974864,0.984025261025,0.8169334544,0.0017367408620733557,0.914443983947462,0.44007404433223024,-1.02702224994998,0.10001935023920526,0.053951541707971624,31,0.6936308363716208,-0.8152348073294063,0,0.0,0.0,-0.0,-0.4783990301257856,-0.0,0.634286545400475,-0.7454865650669439,-0.0,0.42886578426237193,0.0,0.0,-0.6154752418012494,-0.0,-0.002880660428238091,-0.00691687376476624,0.07290677080808727,0.0681893358872685,36.0,4707.171972656251,4707.171972656251,-0.07982364457285351,0.002699520835051778,0.0018072332535974864,0.984025261025,0.914443983947462,0.8169334544,0.44007404433223024,0.0,0.0,-0.0,-0.0,0.634286545400475,-0.7454865650669439,-0.0,0.0,0.0,-0.0
4,Beijing,2010,0.10234753279776898,0.08273642278925841,0.0038986404156577947,0.014365769802033412,0.1452336885251171,0.16679830885848457,2.0,9.0,5093.295564202334,5093.295564202334,0.07883778237360062,0.0001297000038910001,0.001697743168052295,0.984025261025,0.8169334544,0.0017367408620733557,0.914443983947462,0.44007404433223024,-1.02702224994998,0.11994848128667408,0.13785180451035353,31,1.1272573429372206,1.2924798872402858,0,0.0,0.0,-0.0,-0.4783990301257856,-0.0,1.0308136956095424,1.1819004572599734,-0.0,0.42886578426237193,0.0,0.0,-0.6154752418012494,-0.0,0.10234753279776898,0.08273642278925841,0.0038986404156577947,0.014365769802033412,2.0,5093.295564202334,5093.295564202334,0.07883778237360062,0.0001297000038910001,0.001697743168052295,0.984025261025,0.914443983947462,0.8169334544,0.44007404433223024,0.0,0.0,-0.0,-0.0,1.0308136956095424,1.1819004572599734,-0.0,0.0,0.0,-0.0
4,Beijing,2011,-0.021889624990221623,-0.024210604360836108,0.0,0.004743091896012963,0.13524445316828526,0.09724562156931427,0.0,3.0,4971.4645525291835,4971.4645525291835,-0.024210604360836108,0.0,0.0014475098906431155,0.984025261025,0.8169334544,0.0017367408620733557,0.914443983947462,0.44007404433223024,-1.02702224994998,0.08951107708331604,0.11887028262747688,31,0.46498736126114687,0.8156323630308685,0,0.0,0.0,-0.0,-0.4783990301257856,-0.0,0.4252048951168609,0.74585010748643,-0.0,0.42886578426237193,0.0,0.0,-0.6154752418012494,-0.0,-0.021889624990221623,-0.024210604360836108,0.0,0.004743091896012963,0.0,4971.4645525291835,4971.4645525291835,-0.024210604360836108,0.0,0.0014475098906431155,0.984025261025,0.914443983947462,0.8169334544,0.44007404433223024,0.0,0.0,-0.0,-0.0,0.4252048951168609,0.74585010748643,-0.0,0.0,0.0,-0.0
4,Beijing,2012,0.10121091866108678,0.10275905714072708,0.17777166269197675,0.1423645053125524,0.10298816969528879,0.07894329496016006,100.0,97.0,4612.185716612377,4612.185716612377,-0.07501260555124967,0.005110305692865211,0.001447178285943169,0.984025261025,0.8169334544,0.0017367408620733557,0.914443983947462,0.44007404433223024,-1.02702224994998,0.0756167924904256,0.06311076158020731,31,0.162669609679673,-0.5851399104757836,0,0.914443983947462,0.0,-0.0,-0.4783990301257856,-0.0,0.14875224594265882,-0.5350776709021368,-0.0,0.42886578426237193,0.0,0.0,-0.6154752418012494,-0.0,0.10121091866108678,0.10275905714072708,0.17777166269197675,0.1423645053125524,100.0,4612.185716612377,4612.185716612377,-0.07501260555124967,0.005110305692865211,0.001447178285943169,0.984025261025,0.914443983947462,0.8169334544,0.44007404433223024,0.914443983947462,0.0,-0.0,-0.0,0.14875224594265882,-0.5350776709021368,-0.0,0.0,0.0,-0.0
4,Beijing,2013,0.14386154258596706,0.14626145455957396,0.09619814789582204,0.08014793206464788,0.10551887149230055,0.07787785409872683,62.0,61.0,4848.96449704142,4848.96449704142,0.050063306663751916,0.002851099052699347,0.0015073576749747083,0.984025261025,0.8169334544,0.0017367408620733557,0.914443983947462,0.44007404433223024,-1.02702224994998,0.05332030642613454,0.09052161106014825,31,-0.3224668138662537,0.10346639789288713,0,0.914443983947462,0.0,-0.0,-0.4783990301257856,-0.0,-0.2948778379627017,0.09461422509386498,-0.0,0.42886578426237193,0.0,0.0,-0.6154752418012494,-0.0,0.14386154258596706,0.14626145455957396,0.09619814789582204,0.08014793206464788,62.0,4848.96449704142,4848.96449704142,0.050063306663751916,0.002851099052699347,0.0015073576749747083,0.984025261025,0.914443983947462,0.8169334544,0.44007404433223024,0.914443983947462,0.0,-0.0,-0.0,-0.2948778379627017,0.09461422509386498,-0.0,0.0,0.0,-0.0
4,Beijing,2014,0.09324611911336111,0.003228560309306072,0.36110299545446445,0.31937158340876337,0.08086303486034474,0.061568324915890926,294.0,298.0,3390.20618556701,3390.20618556701,-0.3578744351451584,0.012469515427844344,0.0013947619552539497,0.984025261025,0.8169334544,0.0017367408620733557,0.914443983947462,0.44007404433223024,-1.02702224994998,0.07238772123836522,0.05502636777100867,31,0.09241010447860744,-0.7882333819285628,0,0.914443983947462,0.0,-0.0,-0.4783990301257856,-0.0,0.08450386409641898,-0.7207952740511364,-0.0,0.42886578426237193,0.0,0.0,-0.6154752418012494,-0.0,0.09324611911336111,0.003228560309306072,0.36110299545446445,0.31937158340876337,294.0,3390.20618556701,3390.20618556701,-0.3578744351451584,0.012469515427844344,0.0013947619552539497,0.984025261025,0.914443983947462,0.8169334544,0.44007404433223024,0.914443983947462,0.0,-0.0,-0.0,0.08450386409641898,-0.7207952740511364,-0.0,0.0,0.0,-0.0
4,Beijing,2015,0.13196241744225645,0.21546543465413448,-0.005167970158442614,-0.003676474729308765,0.09911434973181699,-0.00298215481676678,-5.0,-4.0,4227.133678756477,4227.133678756477,0.2206334048125771,-0.00019205580373433305,0.0015668619234004634,0.984025261025,0.8169334544,0.0017367408620733557,0.914443983947462,0.44007404433223024,-1.02702224994998,0.07881055819591727,0.01369788281902884,31,0.23216092178769712,-1.826473932411288,0,0.914443983947462,0.0,-0.0,-0.4783990301257856,-0.0,0.21229815823645687,-1.6702080993303656,-0.0,0.42886578426237193,0.0,0.0,-0.6154752418012494,-0.0,0.13196241744225645,0.21546543465413448,-0.005167970158442614,-0.003676474729308765,-5.0,4227.133678756477,4227.133678756477,0.2206334048125771,-0.00019205580373433305,0.0015668619234004634,0.984025261025,0.914443983947462,0.8169334544,0.44007404433223024,0.914443983947462,0.0,-0.0,-0.0,0.21229815823645687,-1.6702080993303656,-0.0,0.0,0.0,-0.0
4,Beijing,2016,0.03158399684333579,0.023217389889415685,0.006198366952339107,0.01553251875962225,0.08834364129199379,0.054164865603146595,6.0,17.0,4299.691040164778,4299.691040164778,0.017019022937076578,0.00021098011551090996,0.0014680699704300818,0.984025261025,0.8169334544,0.0017367408620733557,0.914443983947462,0.44007404433223024,-1.02702224994998,0.05903759135568659,0.05014379919751098,31,-0.1980676975607446,-0.9108916571933824,1,0.914443983947462,0.914443983947462,-0.5231583765914647,-0.4783990301257856,-0.4783990301257856,-0.18112181444874828,-0.8329593959484224,-0.8197628164850622,0.42886578426237193,0.42886578426237193,1.1764606462220044,-0.6154752418012494,-0.6154752418012494,0.03158399684333579,0.023217389889415685,0.006198366952339107,0.01553251875962225,6.0,4299.691040164778,4299.691040164778,0.017019022937076578,0.00021098011551090996,0.0014680699704300818,0.984025261025,0.914443983947462,0.8169334544,0.44007404433223024,0.914443983947462,0.914443983947462,-0.5231583765914647,-0.4783990301257856,-0.18112181444874828,-0.8329593959484224,-0.8197628164850622,0.42886578426237193,1.1764606462220044,-0.6154752418012494
4,Beijing,2017,-0.09000669761758928,-0.11458456341223933,0.10360820886506339,0.09999711022776836,0.0966943729551808,0.07901013799375889,106.0,116.0,3456.824512534819,3456.824512534819,-0.21819277227730272,0.0033837814715618705,0.0011884734357193248,0.984025261025,0.8169334544,0.0017367408620733557,0.914443983947462,0.44007404433223024,-1.02702224994998,0.033173774099243235,0.0667308662369896,31,-0.7608236299016604,-0.49419683680565485,1,0.914443983947462,0.914443983947462,-0.5231583765914647,-0.4783990301257856,-0.4783990301257856,-0.6957305912086437,-0.45191532430279674,-0.8197628164850622,0.42886578426237193,0.42886578426237193,1.1764606462220044,-0.6154752418012494,-0.6154752418012494,-0.09000669761758928,-0.11458456341223933,0.10360820886506339,0.09999711022776836,106.0,3456.824512534819,3456.824512534819,-0.21819277227730272,0.0033837814715618705,0.0011884734357193248,0.984025261025,0.914443983947462,0.8169334544,0.44007404433223024,0.914443983947462,0.914443983947462,-0.5231583765914647,-0.4783990301257856,-0.6957305912086437,-0.45191532430279674,-0.8197628164850622,0.42886578426237193,1.1764606462220044,-0.6154752418012494
4,Beijing,2018,0.12753105881548787,0.12719927311741142,0.03825603115553644,0.045699334423463966,0.11550360170378049,0.08136111301705995,42.0,57.0,3778.373547810545,3778.373547810545,0.08894324196187497,0.0011944917548500204,0.0012024550332156872,0.984025261025,0.8169334544,0.0017367408620733557,0.914443983947462,0.44007404433223024,-1.02702224994998,0.03201785921534048,0.096922743210444,31,-0.785974517403983,0.26427352583763797,1,0.914443983947462,0.914443983947462,-0.5231583765914647,-0.4783990301257856,-0.4783990301257856,-0.718729668976082,0.2416633358188122,-0.8197628164850622,0.42886578426237193,0.42886578426237193,1.1764606462220044,-0.6154752418012494,-0.6154752418012494,0.12753105881548787,0.12719927311741142,0.03825603115553644,0.045699334423463966,42.0,3778.373547810545,3778.373547810545,0.08894324196187497,0.0011944917548500204,0.0012024550332156872,0.984025261025,0.914443983947462,0.8169334544,0.44007404433223024,0.914443983947462,0.914443983947462,-0.5231583765914647,-0.4783990301257856,-0.718729668976082,0.2416633358188122,-0.8197628164850622,0.42886578426237193,1.1764606462220044,-0.6154752418012494
4,Beijing,2019,0.028417212723576668,-0.005454774583079747,0.014197221603578392,0.02170627858186336,0.07148687233355666,0.05944905098674802,16.0,28.0,3704.8458149779735,3704.8458149779735,-0.01965199618665814,0.00042365027669658695,0.0011134058834432175,0.984025261025,0.8169334544,0.0017367408620733557,0.914443983947462,0.44007404433223024,-1.02702224994998,0.0323398613545378,0.051984497690370696,31,-0.7789682579542254,-0.8646502375352481,1,0.914443983947462,0.914443983947462,-0.5231583765914647,-0.4783990301257856,-0.4783990301257856,-0.7123228371722761,-0.7906742079328516,-0.8197628164850622,0.42886578426237193,0.42886578426237193,1.1764606462220044,-0.6154752418012494,-0.6154752418012494,0.028417212723576668,-0.005454774583079747,0.014197221603578392,0.02170627858186336,16.0,3704.8458149779735,3704.8458149779735,-0.01965199618665814,0.00042365027669658695,0.0011134058834432175,0.984025261025,0.914443983947462,0.8169334544,0.44007404433223024,0.914443983947462,0.914443983947462,-0.5231583765914647,-0.4783990301257856,-0.7123228371722761,-0.7906742079328516,-0.8197628164850622,0.42886578426237193,1.1764606462220044,-0.6154752418012494
4,Beijing,2020,-0.015201161332050184,0.020245512584476266,0.0008806693655936115,0.009160369398664159,0.019316089906746825,0.014838849585709468,1.0,12.0,3777.288732394366,3777.288732394366,0.019364843218882655,2.5971596111968953e-05,0.0011144411891645877,0.984025261025,0.8169334544,0.0017367408620733557,0.914443983947462,0.44007404433223024,-1.02702224994998,0.04438090693127943,0.037262753188721555,31,-0.5169740688245997,-1.2344850411390522,1,0.914443983947462,0.914443983947462,-0.5231583765914647,-0.4783990301257856,-0.4783990301257856,-0.4727438270934964,-1.1288674191427415,-0.8197628164850622,0.42886578426237193,0.42886578426237193,1.1764606462220044,-0.6154752418012494,-0.6154752418012494,-0.015201161332050184,0.020245512584476266,0.0008806693655936115,0.009160369398664159,1.0,3777.288732394366,3777.288732394366,0.019364843218882655,2.5971596111968953e-05,0.0011144411891645877,0.984025261025,0.914443983947462,0.8169334544,0.44007404433223024,0.914443983947462,0.914443983947462,-0.5231583765914647,-0.4783990301257856,-0.4727438270934964,-1.1288674191427415,-0.8197628164850622,0.42886578426237193,1.1764606462220044,-0.6154752418012494
4,Beijing,2021,0.03350249321488752,0.03548500953261735,0.0008798944694392574,0.018072781059694343,0.1413766742645155,0.27047503527354877,1.0,24.0,3910.2902374670184,3910.2902374670184,0.034605115063178093,2.2547558946026985e-05,0.0010024644707403597,0.984025261025,0.8169334544,0.0017367408620733557,0.914443983947462,0.44007404433223024,-1.02702224994998,0.037499334228858976,0.0910393120777722,31,-0.6667062535104331,0.1164719118900222,1,0.914443983947462,0.914443983947462,-0.5231583765914647,-0.4783990301257856,-0.4783990301257856,-0.609665522582767,0.10650703912668967,-0.8197628164850622,0.42886578426237193,0.42886578426237193,1.1764606462220044,-0.6154752418012494,-0.6154752418012494,0.03350249321488752,0.03548500953261735,0.0008798944694392574,0.018072781059694343,1.0,3910.2902374670184,3910.2902374670184,0.034605115063178093,2.2547558946026985e-05,0.0010024644707403597,0.984025261025,0.914443983947462,0.8169334544,0.44007404433223024,0.914443983947462,0.914443983947462,-0.5231583765914647,-0.4783990301257856,-0.609665522582767,0.10650703912668967,-0.8197628164850622,0.42886578426237193,1.1764606462220044,-0.6154752418012494
4,Beijing,2022,-0.011663925522128249,-0.011309779000630016,0.0,0.013343415173684647,0.019464025453213907,-0.10515652381382701,0.0,18.0,3866.3148636763412,3866.3148636763412,-0.011309779000630016,0.0,0.0009720846736168215,0.984025261025,0.8169334544,0.0017367408620733557,0.914443983947462,0.44007404433223024,-1.02702224994998,0.030562387673295114,0.03176275653557354,31,-0.8176432860361678,-1.3726541407189772,1,0.914443983947462,0.914443983947462,-0.5231583765914647,-0.4783990301257856,-0.4783990301257856,-0.7476889839308074,-1.2552153210210415,-0.8197628164850622,0.42886578426237193,0.42886578426237193,1.1764606462220044,-0.6154752418012494,-0.6154752418012494,-0.011663925522128249,-0.011309779000630016,0.0,0.013343415173684647,0.0,3866.3148636763412,3866.3148636763412,-0.011309779000630016,0.0,0.0009720846736168215,0.984025261025,0.914443983947462,0.8169334544,0.44007404433223024,0.914443983947462,0.914443983947462,-0.5231583765914647,-0.4783990301257856,-0.7476889839308074,-1.2552153210210415,-0.8197628164850622,0.42886578426237193,1.1764606462220044,-0.6154752418012494
4,Beijing,2023,0.009508656250741154,0.00950878796902721,0.005263170044274013,0.013894190610012735,0.046052441884290474,-0.009614501663987696,6.0,19.0,3882.7646544181976,3882.7646544181976,0.004245617924753198,0.0001267060467652168,0.0009372023925733869,0.984025261025,0.8169334544,0.0017367408620733557,0.914443983947462,0.44007404433223024,-1.02702224994998,0.034067135169903805,0.07133473617818979,31,-0.7413854998974198,-0.3785399365428838,1,0.914443983947462,0.914443983947462,-0.5231583765914647,-0.4783990301257856,-0.4783990301257856,-0.6779555101670771,-0.3461535676554941,-0.8197628164850622,0.42886578426237193,0.42886578426237193,1.1764606462220044,-0.6154752418012494,-0.6154752418012494,0.009508656250741154,0.00950878796902721,0.005263170044274013,0.013894190610012735,6.0,3882.7646544181976,3882.7646544181976,0.004245617924753198,0.0001267060467652168,0.0009372023925733869,0.984025261025,0.914443983947462,0.8169334544,0.44007404433223024,0.914443983947462,0.914443983947462,-0.5231583765914647,-0.4783990301257856,-0.6779555101670771,-0.3461535676554941,-0.8197628164850622,0.42886578426237193,1.1764606462220044,-0.6154752418012494
5,Jilin,2000,,,,,,,,,5390.785225495968,5390.785225495968,,,0.015005652272213428,0.7966887259,0.6688209039999999,0.007929135905078866,0.15386708962295115,-0.1938286797435372,-0.23793989368115265,,,0,,,0,0.0,0.0,-0.0,-0.045122816478596534,-0.0,,,-0.0,0.08538097022279366,0.0,0.0,-0.038433238225006446,-0.0,,,,,,5390.785225495968,5390.785225495968,,,0.015005652272213428,0.7966887259,0.15386708962295115,0.6688209039999999,-0.1938286797435372,0.0,0.0,-0.0,-0.0,,,-0.0,0.0,0.0,-0.0
5,Jilin,2001,0.049989414402347165,0.019951809490010852,0.0733868561192832,0.047769311491496325,0.08268274394421038,0.1009850999072448,37.5,41.39999999999998,5110.2892616563195,5110.2892616563195,-0.05343504662927234,0.01951397200395483,0.014093250767549564,0.7966887259,0.6688209039999999,0.007929135905078866,0.15386708962295115,-0.1938286797435372,-0.23793989368115265,0.06028087511627794,0.10333775942244862,31,-0.17101580089295476,0.42542944459551196,0,0.0,0.0,-0.0,-0.045122816478596534,-0.0,-0.026313703562937038,0.06545959047981997,-0.0,0.08538097022279366,0.0,0.0,-0.038433238225006446,-0.0,0.049989414402347165,0.019951809490010852,0.0733868561192832,0.047769311491496325,37.5,5110.2892616563195,5110.2892616563195,-0.05343504662927234,0.01951397200395483,0.014093250767549564,0.7966887259,0.15386708962295115,0.6688209039999999,-0.1938286797435372,0.0,0.0,-0.0,-0.0,-0.026313703562937038,0.06545959047981997,-0.0,0.0,0.0,-0.0
5,Jilin,2002,-0.10861245220848348,-0.07855149402608896,0.006676157153522766,0.007162775369724983,0.07303319709289013,0.05971923470162288,3.5499999999999545,6.3799999999999955,4692.79502174239,4692.79502174239,-0.08522765117961173,0.0017172156919653433,0.01211096599429207,0.7966887259,0.6688209039999999,0.007929135905078866,0.15386708962295115,-0.1938286797435372,-0.23793989368115265,0.03622957213462816,0.07192239437819348,31,-0.6943342770192986,-0.36377698131293934,0,0.0,0.0,-0.0,-0.045122816478596534,-0.0,-0.1068351944304154,-0.05597330538644466,-0.0,0.08538097022279366,0.0,0.0,-0.038433238225006446,-0.0,-0.10861245220848348,-0.07855149402608896,0.006676157153522766,0.007162775369724983,3.5499999999999545,4692.79502174239,4692.79502174239,-0.08522765117961173,0.0017172156919653433,0.01211096599429207,0.7966887259,0.15386708962295115,0.6688209039999999,-0.1938286797435372,0.0,0.0,-0.0,-0.0,-0.1068351944304154,-0.05597330538644466,-0.0,0.0,0.0,-0.0
5,Jilin,2003,0.1363221844067546,0.09171995575138325,,0.05117862302575826,0.04834550109805402,0.015257937228254193,,46.940000000000055,,,,,0.012647831497442044,0.7966887259,0.6688209039999999,0.007929135905078866,0.15386708962295115,-0.1938286797435372,-0.23793989368115265,,0.174536334595533,0,,2.2140565371971155,0,0.0,0.0,-0.0,-0.045122816478596534,-0.0,,0.3406704356391894,-0.0,0.08538097022279366,0.0,0.0,-0.038433238225006446,-0.0,0.1363221844067546,0.09171995575138325,,0.05117862302575826,,,,,,0.012647831497442044,0.7966887259,0.15386708962295115,0.6688209039999999,-0.1938286797435372,0.0,0.0,-0.0,-0.0,,0.3406704356391894,-0.0,0.0,0.0,-0.0
5,Jilin,2004,0.130830969666059,0.15049997483807553,,0.019722387911833117,0.13676967968140374,0.11445396816437281,,18.74000000000001,5353.348884823871,5353.348884823871,,,0.012822687623105681,0.7966887259,0.6688209039999999,0.007929135905078866,0.15386708962295115,-0.1938286797435372,-0.23793989368115265,,0.13859497572773094,0,,1.3111495891354643,0,0.0,0.0,-0.0,-0.045122816478596534,-0.0,,0.20174277134060206,-0.0,0.08538097022279366,0.0,0.0,-0.038433238225006446,-0.0,0.130830969666059,0.15049997483807553,,0.019722387911833117,,5353.348884823871,5353.348884823871,,,0.012822687623105681,0.7966887259,0.15386708962295115,0.6688209039999999,-0.1938286797435372,0.0,0.0,-0.0,-0.0,,0.20174277134060206,-0.0,0.0,0.0,-0.0
5,Jilin,2005,0.11540083048698557,0.057412656294583364,,0.05766371034774487,0.12186151665838629,0.10398695822276771,,56.95999999999992,,,,,0.012022347531321037,0.7966887259,0.6688209039999999,0.007929135905078866,0.15386708962295115,-0.1938286797435372,-0.23793989368115265,,0.1204312655274813,1,,0.8548468599396662,0,0.0,0.0,-0.0,-0.045122816478596534,-0.0,,0.131532798412235,-0.0,0.08538097022279366,0.0,0.0,-0.038433238225006446,-0.0,0.11540083048698557,0.057412656294583364,,0.05766371034774487,,,,,,0.012022347531321037,0.7966887259,0.15386708962295115,0.6688209039999999,-0.1938286797435372,0.0,0.0,-0.0,-0.0,,0.131532798412235,-0.0,0.0,0.0,-0.0
5,Jilin,2006,0.02229082860643583,0.1326430038071731,,0.09073437424894859,0.15202848984067785,0.09036435548158916,,96.54999999999995,5480.323909646257,5480.323909646257,,,0.011791532935962096,0.7966887259,0.6688209039999999,0.007929135905078866,0.15386708962295115,-0.1938286797435372,-0.23793989368115265,,0.1288484193955256,1,,1.0662998196987796,0,0.0,0.0,-0.0,-0.045122816478596534,-0.0,,0.16406844992252878,-0.0,0.08538097022279366,0.0,0.0,-0.038433238225006446,-0.0,0.02229082860643583,0.1326430038071731,,0.09073437424894859,,5480.323909646257,5480.323909646257,,,0.011791532935962096,0.7966887259,0.15386708962295115,0.6688209039999999,-0.1938286797435372,0.0,0.0,-0.0,-0.0,,0.16406844992252878,-0.0,0.0,0.0,-0.0
5,Jilin,2007,0.11005166107373476,0.09154191842382975,0.07404708502828594,0.07350458417621475,0.23416622749655147,0.29772534484614077,54.10000000000002,84.90000000000009,5577.0448548812665,5577.0448548812665,0.017494833395543807,0.013084382756457172,0.010224199568326622,0.7966887259,0.6688209039999999,0.007929135905078866,0.15386708962295115,-0.1938286797435372,-0.23793989368115265,0.07460781837107273,0.1340029619229762,31,0.1407159218069819,1.1957905348170592,0,0.0,0.0,-0.0,-0.045122816478596534,-0.0,0.021651549352051068,0.18399280939097312,-0.0,0.08538097022279366,0.0,0.0,-0.038433238225006446,-0.0,0.11005166107373476,0.09154191842382975,0.07404708502828594,0.07350458417621475,54.10000000000002,5577.0448548812665,5577.0448548812665,0.017494833395543807,0.013084382756457172,0.010224199568326622,0.7966887259,0.15386708962295115,0.6688209039999999,-0.1938286797435372,0.0,0.0,-0.0,-0.0,0.021651549352051068,0.18399280939097312,-0.0,0.0,0.0,-0.0
5,Jilin,2008,0.15492997486448967,0.026425440536149036,0.09674833920848336,0.08171076477423345,0.17092179592179413,0.1906108518238705,77.0,102.0,5198.323353293413,5198.323353293413,-0.07032289867233432,0.015696987313919095,0.008848615991532107,0.7966887259,0.6688209039999999,0.007929135905078866,0.15386708962295115,-0.1938286797435372,-0.23793989368115265,0.23086049090782326,0.08538316258007597,31,3.540528004544794,-0.02562000788211561,0,0.0,0.0,-0.0,-0.045122816478596534,-0.0,0.5447707397878622,-0.003942076048938197,-0.0,0.08538097022279366,0.0,0.0,-0.038433238225006446,-0.0,0.15492997486448967,0.026425440536149036,0.09674833920848336,0.08171076477423345,77.0,5198.323353293413,5198.323353293413,-0.07032289867233432,0.015696987313919095,0.008848615991532107,0.7966887259,0.15386708962295115,0.6688209039999999,-0.1938286797435372,0.0,0.0,-0.0,-0.0,0.5447707397878622,-0.003942076048938197,-0.0,0.0,0.0,-0.0
5,Jilin,2009,-0.06405047226761651,0.055017025061304015,0.23481173941535172,0.20325476646042073,0.11718939331605505,0.13922688047284737,221.0,293.0,4342.896089015152,4342.896089015152,-0.1797947143540477,0.04007035120738133,0.008315229337125064,0.7966887259,0.6688209039999999,0.007929135905078866,0.15386708962295115,-0.1938286797435372,-0.23793989368115265,0.10001935023920526,0.053951541707971624,31,0.6936308363716208,-0.8152348073294063,0,0.0,0.0,-0.0,-0.045122816478596534,-0.0,0.10672695806523474,-0.12543780716310307,-0.0,0.08538097022279366,0.0,0.0,-0.038433238225006446,-0.0,-0.06405047226761651,0.055017025061304015,0.23481173941535172,0.20325476646042073,221.0,4342.896089015152,4342.896089015152,-0.1797947143540477,0.04007035120738133,0.008315229337125064,0.7966887259,0.15386708962295115,0.6688209039999999,-0.1938286797435372,0.0,0.0,-0.0,-0.0,0.10672695806523474,-0.12543780716310307,-0.0,0.0,0.0,-0.0
5,Jilin,2010,0.10954862160878287,0.010151829443741711,0.27265495604862444,0.24487678796664625,0.1651834300730144,0.1902699821051046,331.0,442.0,3340.225436193223,3340.225436193223,-0.26250312660488273,0.05087689713762734,0.007121063574925276,0.7966887259,0.6688209039999999,0.007929135905078866,0.15386708962295115,-0.1938286797435372,-0.23793989368115265,0.11994848128667408,0.13785180451035353,31,1.1272573429372206,1.2924798872402858,0,0.0,0.0,-0.0,-0.045122816478596534,-0.0,0.1734478066138511,0.19887011864586285,-0.0,0.08538097022279366,0.0,0.0,-0.038433238225006446,-0.0,0.10954862160878287,0.010151829443741711,0.27265495604862444,0.24487678796664625,331.0,3340.225436193223,3340.225436193223,-0.26250312660488273,0.05087689713762734,0.007121063574925276,0.7966887259,0.15386708962295115,0.6688209039999999,-0.1938286797435372,0.0,0.0,-0.0,-0.0,0.1734478066138511,0.19887011864586285,-0.0,0.0,0.0,-0.0
5,Jilin,2011,0.16058093396675321,0.23147328354383578,0.13470230021157814,0.12458485755405402,0.18878452607180485,0.16488555116839532,200.0,270.0,3679.6192564587272,3679.6192564587272,0.09677098333225764,0.025452739976004682,0.00743163471673302,0.7966887259,0.6688209039999999,0.007929135905078866,0.15386708962295115,-0.1938286797435372,-0.23793989368115265,0.08951107708331604,0.11887028262747688,31,0.46498736126114687,0.8156323630308685,0,0.0,0.0,-0.0,-0.045122816478596534,-0.0,0.07154625198870845,0.12549897790185008,-0.0,0.08538097022279366,0.0,0.0,-0.038433238225006446,-0.0,0.16058093396675321,0.23147328354383578,0.13470230021157814,0.12458485755405402,200.0,3679.6192564587272,3679.6192564587272,0.09677098333225764,0.025452739976004682,0.00743163471673302,0.7966887259,0.15386708962295115,0.6688209039999999,-0.1938286797435372,0.0,0.0,-0.0,-0.0,0.07154625198870845,0.12549897790185008,-0.0,0.0,0.0,-0.0
5,Jilin,2012,-0.02604518283824131,-0.023565777909642094,0.0248923866926285,0.03997130740894583,0.11680823829374098,0.12303786314530196,40.0,94.0,3505.562944068838,3505.562944068838,-0.04845816460227059,0.004529344593193404,0.006458336869052956,0.7966887259,0.6688209039999999,0.007929135905078866,0.15386708962295115,-0.1938286797435372,-0.23793989368115265,0.0756167924904256,0.06311076158020731,31,0.162669609679673,-0.5851399104757836,0,0.15386708962295115,0.0,-0.0,-0.045122816478596534,-0.0,0.025029499411512727,-0.09003377504714301,-0.0,0.08538097022279366,0.0,0.0,-0.038433238225006446,-0.0,-0.02604518283824131,-0.023565777909642094,0.0248923866926285,0.03997130740894583,40.0,3505.562944068838,3505.562944068838,-0.04845816460227059,0.004529344593193404,0.006458336869052956,0.7966887259,0.15386708962295115,0.6688209039999999,-0.1938286797435372,0.15386708962295115,0.0,-0.0,-0.0,0.025029499411512727,-0.09003377504714301,-0.0,0.0,0.0,-0.0
5,Jilin,2013,0.11856684555844765,0.035269194441236884,0.04035476799296145,0.0484129517645977,0.08435628265793049,0.07463573249486721,67.0,119.0,3487.780401416765,3487.780401416765,-0.005085573551724565,0.006972920382695518,0.0061489709697134225,0.7966887259,0.6688209039999999,0.007929135905078866,0.15386708962295115,-0.1938286797435372,-0.23793989368115265,0.05332030642613454,0.09052161106014825,31,-0.3224668138662537,0.10346639789288713,0,0.15386708962295115,0.0,-0.0,-0.045122816478596534,-0.0,-0.049617030149586364,0.01592007351754879,-0.0,0.08538097022279366,0.0,0.0,-0.038433238225006446,-0.0,0.11856684555844765,0.035269194441236884,0.04035476799296145,0.0484129517645977,67.0,3487.780401416765,3487.780401416765,-0.005085573551724565,0.006972920382695518,0.0061489709697134225,0.7966887259,0.15386708962295115,0.6688209039999999,-0.1938286797435372,0.15386708962295115,0.0,-0.0,-0.0,-0.049617030149586364,0.01592007351754879,-0.0,0.0,0.0,-0.0
5,Jilin,2014,0.003464330506861124,0.05761435382922375,0.04275636798558935,0.016542322869315562,0.04759711013971746,0.06313599733961794,74.0,42.0,3539.9886877828058,3539.9886877828058,0.014857985843634403,0.0073434553934702785,0.006210876252853032,0.7966887259,0.6688209039999999,0.007929135905078866,0.15386708962295115,-0.1938286797435372,-0.23793989368115265,0.07238772123836522,0.05502636777100867,31,0.09241010447860744,-0.7882333819285628,0,0.15386708962295115,0.0,-0.0,-0.045122816478596534,-0.0,0.01421887382787617,-0.12128317642100406,-0.0,0.08538097022279366,0.0,0.0,-0.038433238225006446,-0.0,0.003464330506861124,0.05761435382922375,0.04275636798558935,0.016542322869315562,74.0,3539.9886877828058,3539.9886877828058,0.014857985843634403,0.0073434553934702785,0.006210876252853032,0.7966887259,0.15386708962295115,0.6688209039999999,-0.1938286797435372,0.15386708962295115,0.0,-0.0,-0.0,0.01421887382787617,-0.12128317642100406,-0.0,0.0,0.0,-0.0
5,Jilin,2015,-0.06627949537329325,-0.11200621824411439,0.008448374665551484,0.019726031225520302,0.008488235194667126,0.008609602276049344,15.0,51.0,3138.26135726304,3138.26135726304,-0.12045459290966587,0.001475956665912289,0.005505830028830354,0.7966887259,0.6688209039999999,0.007929135905078866,0.15386708962295115,-0.1938286797435372,-0.23793989368115265,0.07881055819591727,0.01369788281902884,31,0.23216092178769712,-1.826473932411288,0,0.15386708962295115,0.0,-0.0,-0.045122816478596534,-0.0,0.035721925359654544,-0.28103422825231167,-0.0,0.08538097022279366,0.0,0.0,-0.038433238225006446,-0.0,-0.06627949537329325,-0.11200621824411439,0.008448374665551484,0.019726031225520302,15.0,3138.26135726304,3138.26135726304,-0.12045459290966587,0.001475956665912289,0.005505830028830354,0.7966887259,0.15386708962295115,0.6688209039999999,-0.1938286797435372,0.15386708962295115,0.0,-0.0,-0.0,0.035721925359654544,-0.28103422825231167,-0.0,0.0,0.0,-0.0
5,Jilin,2016,0.038875152782128275,0.033129207286129336,-0.0033707897084891414,0.039426919979458575,0.04244030080404926,0.01643615169336421,-6.0,105.0,3254.924029262803,3254.924029262803,0.03649999699461848,-0.0005658508982883011,0.0054548026594992225,0.7966887259,0.6688209039999999,0.007929135905078866,0.15386708962295115,-0.1938286797435372,-0.23793989368115265,0.05903759135568659,0.05014379919751098,31,-0.1980676975607446,-0.9108916571933824,1,0.15386708962295115,0.15386708962295115,-0.2932583997602689,-0.045122816478596534,-0.045122816478596534,-0.03047610017199067,-0.14015624825417267,-0.2911458641682229,0.08538097022279366,0.08538097022279366,0.1310558819676593,-0.038433238225006446,-0.038433238225006446,0.038875152782128275,0.033129207286129336,-0.0033707897084891414,0.039426919979458575,-6.0,3254.924029262803,3254.924029262803,0.03649999699461848,-0.0005658508982883011,0.0054548026594992225,0.7966887259,0.15386708962295115,0.6688209039999999,-0.1938286797435372,0.15386708962295115,0.15386708962295115,-0.2932583997602689,-0.045122816478596534,-0.03047610017199067,-0.14015624825417267,-0.2911458641682229,0.08538097022279366,0.1310558819676593,-0.038433238225006446
5,Jilin,2017,-0.00034507203474376524,0.03148392433004954,0.023909951916190053,0.05305903940194945,0.044228267496533746,0.023833290385510963,43.0,148.0,3279.67032967033,3279.67032967033,0.007573972413859487,0.003879815934313814,0.005385725886492826,0.7966887259,0.6688209039999999,0.007929135905078866,0.15386708962295115,-0.1938286797435372,-0.23793989368115265,0.033173774099243235,0.0667308662369896,31,-0.7608236299016604,-0.49419683680565485,1,0.15386708962295115,0.15386708962295115,-0.2932583997602689,-0.045122816478596534,-0.045122816478596534,-0.11706571764933779,-0.07604062898015465,-0.2911458641682229,0.08538097022279366,0.08538097022279366,0.1310558819676593,-0.038433238225006446,-0.038433238225006446,-0.00034507203474376524,0.03148392433004954,0.023909951916190053,0.05305903940194945,43.0,3279.67032967033,3279.67032967033,0.007573972413859487,0.003879815934313814,0.005385725886492826,0.7966887259,0.15386708962295115,0.6688209039999999,-0.1938286797435372,0.15386708962295115,0.15386708962295115,-0.2932583997602689,-0.045122816478596534,-0.11706571764933779,-0.07604062898015465,-0.2911458641682229,0.08538097022279366,0.1310558819676593,-0.038433238225006446
5,Jilin,2018,0.1340246919850152,0.11731755997839244,0.03879796954098236,0.06456034352515871,0.03147628460050278,0.013918455086262327,72.0,191.0,3547.568710359408,3547.568710359408,0.07851959043741008,0.006295137006662354,0.005868466609544128,0.7966887259,0.6688209039999999,0.007929135905078866,0.15386708962295115,-0.1938286797435372,-0.23793989368115265,0.03201785921534048,0.096922743210444,31,-0.785974517403983,0.26427352583763797,1,0.15386708962295115,0.15386708962295115,-0.2932583997602689,-0.045122816478596534,-0.045122816478596534,-0.12093561151075444,0.040662998285033135,-0.2911458641682229,0.08538097022279366,0.08538097022279366,0.1310558819676593,-0.038433238225006446,-0.038433238225006446,0.1340246919850152,0.11731755997839244,0.03879796954098236,0.06456034352515871,72.0,3547.568710359408,3547.568710359408,0.07851959043741008,0.006295137006662354,0.005868466609544128,0.7966887259,0.15386708962295115,0.6688209039999999,-0.1938286797435372,0.15386708962295115,0.15386708962295115,-0.2932583997602689,-0.045122816478596534,-0.12093561151075444,0.040662998285033135,-0.2911458641682229,0.08538097022279366,0.1310558819676593,-0.038433238225006446
5,Jilin,2019,0.08489944378648584,0.06935037610852657,-0.02515519313719583,0.02169422946968247,0.04379238051795653,0.026908545052799937,-47.0,67.0,3899.1869918699185,3899.1869918699185,0.0945055692457224,-0.003933251878755419,0.006020385960801379,0.7966887259,0.6688209039999999,0.007929135905078866,0.15386708962295115,-0.1938286797435372,-0.23793989368115265,0.0323398613545378,0.051984497690370696,31,-0.7789682579542254,-0.8646502375352481,1,0.15386708962295115,0.15386708962295115,-0.2932583997602689,-0.045122816478596534,-0.045122816478596534,-0.11985757876007692,-0.13304121559134202,-0.2911458641682229,0.08538097022279366,0.08538097022279366,0.1310558819676593,-0.038433238225006446,-0.038433238225006446,0.08489944378648584,0.06935037610852657,-0.02515519313719583,0.02169422946968247,-47.0,3899.1869918699185,3899.1869918699185,0.0945055692457224,-0.003933251878755419,0.006020385960801379,0.7966887259,0.15386708962295115,0.6688209039999999,-0.1938286797435372,0.15386708962295115,0.15386708962295115,-0.2932583997602689,-0.045122816478596534,-0.11985757876007692,-0.13304121559134202,-0.2911458641682229,0.08538097022279366,0.1310558819676593,-0.038433238225006446
5,Jilin,2020,0.07433446417084699,0.04152233304581987,0.0037868587314973112,0.048759658228396674,0.045007575596258675,0.04125626061673415,7.0,156.0,4049.136069114471,4049.136069114471,0.03773547431432256,0.0005600224008960358,0.005999439977599104,0.7966887259,0.6688209039999999,0.007929135905078866,0.15386708962295115,-0.1938286797435372,-0.23793989368115265,0.04438090693127943,0.037262753188721555,31,-0.5169740688245997,-1.2344850411390522,1,0.15386708962295115,0.15386708962295115,-0.2932583997602689,-0.045122816478596534,-0.045122816478596534,-0.0795452953805764,-0.18994662046313507,-0.2911458641682229,0.08538097022279366,0.08538097022279366,0.1310558819676593,-0.038433238225006446,-0.038433238225006446,0.07433446417084699,0.04152233304581987,0.0037868587314973112,0.048759658228396674,7.0,4049.136069114471,4049.136069114471,0.03773547431432256,0.0005600224008960358,0.005999439977599104,0.7966887259,0.15386708962295115,0.6688209039999999,-0.1938286797435372,0.15386708962295115,0.15386708962295115,-0.2932583997602689,-0.045122816478596534,-0.0795452953805764,-0.18994662046313507,-0.2911458641682229,0.08538097022279366,0.1310558819676593,-0.038433238225006446
5,Jilin,2021,0.0065983985062985084,-0.02785469431715537,0.0016185598354105935,0.06123456389084936,0.07188426985297802,0.08322121610953026,3.0,207.0,3931.536388140162,3931.536388140162,-0.029473254152565964,0.0002233621966927504,0.005429935001600762,0.7966887259,0.6688209039999999,0.007929135905078866,0.15386708962295115,-0.1938286797435372,-0.23793989368115265,0.037499334228858976,0.0910393120777722,31,-0.6667062535104331,0.1164719118900222,1,0.15386708962295115,0.15386708962295115,-0.2932583997602689,-0.045122816478596534,-0.045122816478596534,-0.1025841508610718,0.017921194105338517,-0.2911458641682229,0.08538097022279366,0.08538097022279366,0.1310558819676593,-0.038433238225006446,-0.038433238225006446,0.0065983985062985084,-0.02785469431715537,0.0016185598354105935,0.06123456389084936,3.0,3931.536388140162,3931.536388140162,-0.029473254152565964,0.0002233621966927504,0.005429935001600762,0.7966887259,0.15386708962295115,0.6688209039999999,-0.1938286797435372,0.15386708962295115,0.15386708962295115,-0.2932583997602689,-0.045122816478596534,-0.1025841508610718,0.017921194105338517,-0.2911458641682229,0.08538097022279366,0.1310558819676593,-0.038433238225006446
5,Jilin,2022,0.029910480608438483,-0.07205331764005773,0.0,0.14529833174610474,-0.023328428221017106,-0.09771251778780332,0.0,545.0,3658.22102425876,3658.22102425876,-0.07205331764005773,0.0,0.0051717042388769495,0.7966887259,0.6688209039999999,0.007929135905078866,0.15386708962295115,-0.1938286797435372,-0.23793989368115265,0.030562387673295114,0.03176275653557354,31,-0.8176432860361678,-1.3726541407189772,1,0.15386708962295115,0.15386708962295115,-0.2932583997602689,-0.045122816478596534,-0.045122816478596534,-0.1258083927721313,-0.21120629769132185,-0.2911458641682229,0.08538097022279366,0.08538097022279366,0.1310558819676593,-0.038433238225006446,-0.038433238225006446,0.029910480608438483,-0.07205331764005773,0.0,0.14529833174610474,0.0,3658.22102425876,3658.22102425876,-0.07205331764005773,0.0,0.0051717042388769495,0.7966887259,0.15386708962295115,0.6688209039999999,-0.1938286797435372,0.15386708962295115,0.15386708962295115,-0.2932583997602689,-0.045122816478596534,-0.1258083927721313,-0.21120629769132185,-0.2911458641682229,0.08538097022279366,0.1310558819676593,-0.038433238225006446
5,Jilin,2023,0.09199274914037225,0.04874805979267549,0.018692133012153,0.056910244090566664,0.060711588668223015,0.034938855335308716,35.0,236.0,3769.8412698412694,3769.8412698412694,0.03005592678052249,0.0025102741936640677,0.005110201037101852,0.7966887259,0.6688209039999999,0.007929135905078866,0.15386708962295115,-0.1938286797435372,-0.23793989368115265,0.034067135169903805,0.07133473617818979,31,-0.7413854998974198,-0.3785399365428838,1,0.15386708962295115,0.15386708962295115,-0.2932583997602689,-0.045122816478596534,-0.045122816478596534,-0.11407482915787272,-0.058244838341910146,-0.2911458641682229,0.08538097022279366,0.08538097022279366,0.1310558819676593,-0.038433238225006446,-0.038433238225006446,0.09199274914037225,0.04874805979267549,0.018692133012153,0.056910244090566664,35.0,3769.8412698412694,3769.8412698412694,0.03005592678052249,0.0025102741936640677,0.005110201037101852,0.7966887259,0.15386708962295115,0.6688209039999999,-0.1938286797435372,0.15386708962295115,0.15386708962295115,-0.2932583997602689,-0.045122816478596534,-0.11407482915787272,-0.058244838341910146,-0.2911458641682229,0.08538097022279366,0.1310558819676593,-0.038433238225006446
6,Sichuan,2000,,,,,,,,,3039.8515623717185,3039.8515623717185,,,0.00465665548202396,0.307537483775,0.3198380566,0.0031713960276265633,-1.832062309264287,-1.687430518515046,-0.8442075117742129,,,0,,,0,-0.0,-0.0,-0.0,0.8831631970245214,0.0,,,-0.0,0.28357899130056324,0.0,-0.0,0.023827491129155363,0.0,,,,,,3039.8515623717185,3039.8515623717185,,,0.00465665548202396,0.307537483775,-1.832062309264287,0.3198380566,-1.687430518515046,-0.0,-0.0,-0.0,0.0,,,-0.0,0.0,-0.0,0.0
6,Sichuan,2001,0.2359825747233577,0.12017488652378283,0.04603326538489316,0.04629056859195124,0.09011507575879385,0.0925087639251263,28.690000000000055,81.00999999999999,3273.7964560137993,3273.7964560137993,0.07414162113888967,0.00659464429375935,0.004798758763360533,0.307537483775,0.3198380566,0.0031713960276265633,-1.832062309264287,-1.687430518515046,-0.8442075117742129,0.06028087511627794,0.10333775942244862,31,-0.17101580089295476,0.42542944459551196,0,-0.0,-0.0,-0.0,0.8831631970245214,0.0,0.3133116031046282,-0.7794132506946767,-0.0,0.28357899130056324,0.0,-0.0,0.023827491129155363,0.0,0.2359825747233577,0.12017488652378283,0.04603326538489316,0.04629056859195124,28.690000000000055,3273.7964560137993,3273.7964560137993,0.07414162113888967,0.00659464429375935,0.004798758763360533,0.307537483775,-1.832062309264287,0.3198380566,-1.687430518515046,-0.0,-0.0,-0.0,0.0,0.3133116031046282,-0.7794132506946767,-0.0,0.0,-0.0,0.0
6,Sichuan,2002,0.09390546934150823,0.31353411764560324,-0.0375473453145041,0.004907390694107505,0.09634400908484864,0.09773610371109243,-23.5,8.810000000000173,4650.76522305438,4650.76522305438,0.35108146296010734,-0.004905542218975055,0.005962843127022232,0.307537483775,0.3198380566,0.0031713960276265633,-1.832062309264287,-1.687430518515046,-0.8442075117742129,0.03622957213462816,0.07192239437819348,31,-0.6943342770192986,-0.36377698131293934,0,-0.0,-0.0,-0.0,0.8831631970245214,0.0,1.2720636589573253,0.666462096441375,-0.0,0.28357899130056324,0.0,-0.0,0.023827491129155363,0.0,0.09390546934150823,0.31353411764560324,-0.0375473453145041,0.004907390694107505,-23.5,4650.76522305438,4650.76522305438,0.35108146296010734,-0.004905542218975055,0.005962843127022232,0.307537483775,-1.832062309264287,0.3198380566,-1.687430518515046,-0.0,-0.0,-0.0,0.0,1.2720636589573253,0.666462096441375,-0.0,0.0,-0.0,0.0
6,Sichuan,2003,0.1993893547431318,0.08669625645341794,,0.024632165741768297,0.12395909316830789,0.15326020781828387,,44.87999999999988,,,,,0.005744739493435392,0.307537483775,0.3198380566,0.0031713960276265633,-1.832062309264287,-1.687430518515046,-0.8442075117742129,,0.174536334595533,0,,2.2140565371971155,0,-0.0,-0.0,-0.0,0.8831631970245214,0.0,,-4.056289532379038,-0.0,0.28357899130056324,0.0,-0.0,0.023827491129155363,0.0,0.1993893547431318,0.08669625645341794,,0.024632165741768297,,,,,,0.005744739493435392,0.307537483775,-1.832062309264287,0.3198380566,-1.687430518515046,-0.0,-0.0,-0.0,0.0,,-4.056289532379038,-0.0,0.0,-0.0,0.0
6,Sichuan,2004,0.09563554386174467,0.07576665887275702,,0.09497794029503392,0.16504761039172067,0.18853007538997524,,183.77999999999997,4869.9331913105225,4869.9331913105225,,,0.005254073149694273,0.307537483775,0.3198380566,0.0031713960276265633,-1.832062309264287,-1.687430518515046,-0.8442075117742129,,0.13859497572773094,0,,1.3111495891354643,0,-0.0,-0.0,-0.0,0.8831631970245214,0.0,,-2.4021077440624397,-0.0,0.28357899130056324,0.0,-0.0,0.023827491129155363,0.0,0.09563554386174467,0.07576665887275702,,0.09497794029503392,,4869.9331913105225,4869.9331913105225,,,0.005254073149694273,0.307537483775,-1.832062309264287,0.3198380566,-1.687430518515046,-0.0,-0.0,-0.0,0.0,,-2.4021077440624397,-0.0,0.0,-0.0,0.0
6,Sichuan,2005,0.08635037033542492,0.014769571960308259,,0.10174706908728126,0.1305053220643977,0.1937195106604399,,217.24,,,,,0.004679858449925329,0.307537483775,0.3198380566,0.0031713960276265633,-1.832062309264287,-1.687430518515046,-0.8442075117742129,,0.1204312655274813,1,,0.8548468599396662,0,-0.0,-0.0,-0.0,0.8831631970245214,0.0,,-1.5661327122883895,-0.0,0.28357899130056324,0.0,-0.0,0.023827491129155363,0.0,0.08635037033542492,0.014769571960308259,,0.10174706908728126,,,,,,0.004679858449925329,0.307537483775,-1.832062309264287,0.3198380566,-1.687430518515046,-0.0,-0.0,-0.0,0.0,,-1.5661327122883895,-0.0,0.0,-0.0,0.0
6,Sichuan,2006,0.18563379156076198,0.2176393387020994,,0.19479707434858895,0.1658594972639218,0.21134932268761553,,482.94000000000005,4437.048665620094,4437.048665620094,,,0.0049285641844928185,0.307537483775,0.3198380566,0.0031713960276265633,-1.832062309264287,-1.687430518515046,-0.8442075117742129,,0.1288484193955256,1,,1.0662998196987796,0,-0.0,-0.0,-0.0,0.8831631970245214,0.0,,-1.953527710045439,-0.0,0.28357899130056324,0.0,-0.0,0.023827491129155363,0.0,0.18563379156076198,0.2176393387020994,,0.19479707434858895,,4437.048665620094,4437.048665620094,,,0.0049285641844928185,0.307537483775,-1.832062309264287,0.3198380566,-1.687430518515046,-0.0,-0.0,-0.0,0.0,,-1.953527710045439,-0.0,0.0,-0.0,0.0
6,Sichuan,2007,0.029196691268388086,0.054618263424050184,0.2278420720957639,0.1550142038437068,0.2177232776262361,0.23078494623873524,244.5,457.5,3731.333333333334,3731.333333333334,-0.17322380867171372,0.02286221889756417,0.004186825003506475,0.307537483775,0.3198380566,0.0031713960276265633,-1.832062309264287,-1.687430518515046,-0.8442075117742129,0.07460781837107273,0.1340029619229762,31,0.1407159218069819,1.1957905348170592,0,-0.0,-0.0,-0.0,0.8831631970245214,0.0,-0.2578003366559521,-2.190762768613318,-0.0,0.28357899130056324,0.0,-0.0,0.023827491129155363,0.0,0.029196691268388086,0.054618263424050184,0.2278420720957639,0.1550142038437068,244.5,3731.333333333334,3731.333333333334,-0.17322380867171372,0.02286221889756417,0.004186825003506475,0.307537483775,-1.832062309264287,0.3198380566,-1.687430518515046,-0.0,-0.0,-0.0,0.0,-0.2578003366559521,-2.190762768613318,-0.0,0.0,-0.0,0.0
6,Sichuan,2008,0.09080686036215457,-0.12319676119051515,0.062192020256447655,0.09428243048467166,0.19070188425087053,0.22433645017069992,77.0,315.0,3099.9216914643694,3099.9216914643694,-0.1853887814469628,0.005949897229047862,0.0030588653468712813,0.307537483775,0.3198380566,0.0031713960276265633,-1.832062309264287,-1.687430518515046,-0.8442075117742129,0.23086049090782326,0.08538316258007597,31,3.540528004544794,-0.02562000788211561,0,-0.0,-0.0,-0.0,0.8831631970245214,0.0,-6.486467912021213,0.046937450803877956,-0.0,0.28357899130056324,0.0,-0.0,0.023827491129155363,0.0,0.09080686036215457,-0.12319676119051515,0.062192020256447655,0.09428243048467166,77.0,3099.9216914643694,3099.9216914643694,-0.1853887814469628,0.005949897229047862,0.0030588653468712813,0.307537483775,-1.832062309264287,0.3198380566,-1.687430518515046,-0.0,-0.0,-0.0,0.0,-6.486467912021213,0.046937450803877956,-0.0,0.0,-0.0,0.0
6,Sichuan,2009,0.13241903640394082,0.2583484059007617,-0.039941411321628095,0.08405547495659071,0.10653280799402154,0.1430326613111088,-50.0,307.0,4177.3065281173585,4177.3065281173585,0.2982898172223898,-0.003473138744946583,0.003560352808379989,0.307537483775,0.3198380566,0.0031713960276265633,-1.832062309264287,-1.687430518515046,-0.8442075117742129,0.10001935023920526,0.053951541707971624,31,0.6936308363716208,-0.8152348073294063,0,-0.0,-0.0,-0.0,0.8831631970245214,0.0,-1.2707749118599103,1.4935609637085383,-0.0,0.28357899130056324,0.0,-0.0,0.023827491129155363,0.0,0.13241903640394082,0.2583484059007617,-0.039941411321628095,0.08405547495659071,-50.0,4177.3065281173585,4177.3065281173585,0.2982898172223898,-0.003473138744946583,0.003560352808379989,0.307537483775,-1.832062309264287,0.3198380566,-1.687430518515046,-0.0,-0.0,-0.0,0.0,-1.2707749118599103,1.4935609637085383,-0.0,0.0,-0.0,0.0
6,Sichuan,2010,0.12814647568189574,0.10541697819182616,0.024950992549474194,0.12777034431362821,0.19333187093394422,0.21913141931579183,31.0,519.0,4527.331319554849,4527.331319554849,0.08046598564235197,0.0017748058748822545,0.0032607093074655947,0.307537483775,0.3198380566,0.0031713960276265633,-1.832062309264287,-1.687430518515046,-0.8442075117742129,0.11994848128667408,0.13785180451035353,31,1.1272573429372206,1.2924798872402858,0,-0.0,-0.0,-0.0,0.8831631970245214,0.0,-2.0652056908366885,-2.367903686895083,-0.0,0.28357899130056324,0.0,-0.0,0.023827491129155363,0.0,0.12814647568189574,0.10541697819182616,0.024950992549474194,0.12777034431362821,31.0,4527.331319554849,4527.331319554849,0.08046598564235197,0.0017748058748822545,0.0032607093074655947,0.307537483775,-1.832062309264287,0.3198380566,-1.687430518515046,-0.0,-0.0,-0.0,0.0,-2.0652056908366885,-2.367903686895083,-0.0,0.0,-0.0,0.0
6,Sichuan,2011,0.09864639628897276,0.048718613260405164,0.13789388219238585,0.10102944916762446,0.19902575333791894,0.18979466587754246,186.0,460.0,4141.08315096953,4141.08315096953,-0.08917526893198069,0.008727027039707973,0.0028056566477893882,0.307537483775,0.3198380566,0.0031713960276265633,-1.832062309264287,-1.687430518515046,-0.8442075117742129,0.08951107708331604,0.11887028262747688,31,0.46498736126114687,0.8156323630308685,0,-0.0,-0.0,-0.0,0.8831631970245214,0.0,-0.8518858188508039,-1.4942893105250201,-0.0,0.28357899130056324,0.0,-0.0,0.023827491129155363,0.0,0.09864639628897276,0.048718613260405164,0.13789388219238585,0.10102944916762446,186.0,4141.08315096953,4141.08315096953,-0.08917526893198069,0.008727027039707973,0.0028056566477893882,0.307537483775,-1.832062309264287,0.3198380566,-1.687430518515046,-0.0,-0.0,-0.0,0.0,-0.8518858188508039,-1.4942893105250201,-0.0,0.0,-0.0,0.0
6,Sichuan,2012,0.08225975446403222,-0.017962648024350436,0.03337047808641902,0.13136171238924987,0.12805912266120245,0.11466265867959002,49.0,672.0,3933.87229738781,3933.87229738781,-0.051333126110769456,0.002022712168058485,0.0024244770215769724,0.307537483775,0.3198380566,0.0031713960276265633,-1.832062309264287,-1.687430518515046,-0.8442075117742129,0.0756167924904256,0.06311076158020731,31,0.162669609679673,-0.5851399104757836,0,-1.832062309264287,-0.0,-0.0,0.8831631970245214,0.0,-0.2980208607568619,1.0720127756289624,-0.0,0.28357899130056324,0.0,-0.0,0.023827491129155363,0.0,0.08225975446403222,-0.017962648024350436,0.03337047808641902,0.13136171238924987,49.0,3933.87229738781,3933.87229738781,-0.051333126110769456,0.002022712168058485,0.0024244770215769724,0.307537483775,-1.832062309264287,0.3198380566,-1.687430518515046,-1.832062309264287,-0.0,-0.0,0.0,-0.2980208607568619,1.0720127756289624,-0.0,0.0,-0.0,0.0
6,Sichuan,2013,0.20179568547868243,0.0492708535973847,0.05790235078840844,0.2287333216366374,0.10319759138845797,0.10053278988747216,89.0,1403.0,3900.063211125158,3900.063211125158,-0.00863149719102374,0.0033136746790575758,0.0022971956631817232,0.307537483775,0.3198380566,0.0031713960276265633,-1.832062309264287,-1.687430518515046,-0.8442075117742129,0.05332030642613454,0.09052161106014825,31,-0.3224668138662537,0.10346639789288713,0,-1.832062309264287,-0.0,-0.0,0.8831631970245214,0.0,0.5907792956729058,-0.18955688785490035,-0.0,0.28357899130056324,0.0,-0.0,0.023827491129155363,0.0,0.20179568547868243,0.0492708535973847,0.05790235078840844,0.2287333216366374,89.0,3900.063211125158,3900.063211125158,-0.00863149719102374,0.0033136746790575758,0.0022971956631817232,0.307537483775,-1.832062309264287,0.3198380566,-1.687430518515046,-1.832062309264287,-0.0,-0.0,0.0,0.5907792956729058,-0.18955688785490035,-0.0,0.0,-0.0,0.0
6,Sichuan,2014,0.16223496431756335,-0.059001116673331744,-0.022372297754532866,0.1375672480852863,0.08896942906730843,0.05207124098994598,-35.0,1012.0,3759.7931480284424,3759.7931480284424,-0.03662881891879888,-0.0011921996082772716,0.001981231371881121,0.307537483775,0.3198380566,0.0031713960276265633,-1.832062309264287,-1.687430518515046,-0.8442075117742129,0.07238772123836522,0.05502636777100867,31,0.09241010447860744,-0.7882333819285628,0,-1.832062309264287,-0.0,-0.0,0.8831631970245214,0.0,-0.16930106941043158,1.4440926699352414,-0.0,0.28357899130056324,0.0,-0.0,0.023827491129155363,0.0,0.16223496431756335,-0.059001116673331744,-0.022372297754532866,0.1375672480852863,-35.0,3759.7931480284424,3759.7931480284424,-0.03662881891879888,-0.0011921996082772716,0.001981231371881121,0.307537483775,-1.832062309264287,0.3198380566,-1.687430518515046,-1.832062309264287,-0.0,-0.0,0.0,-0.16930106941043158,1.4440926699352414,-0.0,0.0,-0.0,0.0
6,Sichuan,2015,0.011166646866401564,-0.27425204055247665,0.04857467014855743,0.09664855918077464,0.04891099886973649,0.008357739552376842,77.0,799.0,2722.4636699507387,2722.4636699507387,-0.3228267107010341,0.0024976402165486507,0.001434125874579537,0.307537483775,0.3198380566,0.0031713960276265633,-1.832062309264287,-1.687430518515046,-0.8442075117742129,0.07881055819591727,0.01369788281902884,31,0.23216092178769712,-1.826473932411288,0,-1.832062309264287,-0.0,-0.0,0.8831631970245214,0.0,-0.4253332744912939,3.3462140504244475,-0.0,0.28357899130056324,0.0,-0.0,0.023827491129155363,0.0,0.011166646866401564,-0.27425204055247665,0.04857467014855743,0.09664855918077464,77.0,2722.4636699507387,2722.4636699507387,-0.3228267107010341,0.0024976402165486507,0.001434125874579537,0.307537483775,-1.832062309264287,0.3198380566,-1.687430518515046,-1.832062309264287,-0.0,-0.0,0.0,-0.4253332744912939,3.3462140504244475,-0.0,0.0,-0.0,0.0
6,Sichuan,2016,0.04506550312057467,-0.10565029267293635,0.011022769290749856,0.048938396499172754,0.09434217811071122,0.019338054666761195,18.0,435.0,2422.6552984165655,2422.6552984165655,-0.11667306196368621,0.0005312994560467619,0.0011741717978633439,0.307537483775,0.3198380566,0.0031713960276265633,-1.832062309264287,-1.687430518515046,-0.8442075117742129,0.05903759135568659,0.05014379919751098,31,-0.1980676975607446,-0.9108916571933824,1,-1.832062309264287,-1.832062309264287,-0.482059585287347,0.8831631970245214,0.8831631970245214,0.36287236338379814,1.6688102729672813,-0.5882654343062734,0.28357899130056324,0.28357899130056324,-0.0494285184993308,0.023827491129155363,0.023827491129155363,0.04506550312057467,-0.10565029267293635,0.011022769290749856,0.048938396499172754,18.0,2422.6552984165655,2422.6552984165655,-0.11667306196368621,0.0005312994560467619,0.0011741717978633439,0.307537483775,-1.832062309264287,0.3198380566,-1.687430518515046,-1.832062309264287,-1.832062309264287,-0.482059585287347,0.8831631970245214,0.36287236338379814,1.6688102729672813,-0.5882654343062734,0.28357899130056324,-0.0494285184993308,0.023827491129155363
6,Sichuan,2017,0.052985950125740366,-0.0444631891181313,0.012106685403020734,0.06513534563744017,0.1283011232173248,0.07992317039134633,20.0,613.0,2289.410348977136,2289.410348977136,-0.05656987452115203,0.0005192498646445416,0.0009878728674862403,0.307537483775,0.3198380566,0.0031713960276265633,-1.832062309264287,-1.687430518515046,-0.8442075117742129,0.033173774099243235,0.0667308662369896,31,-0.7608236299016604,-0.49419683680565485,1,-1.832062309264287,-1.832062309264287,-0.482059585287347,0.8831631970245214,0.8831631970245214,1.3938762963404732,0.9053993980692739,-0.5882654343062734,0.28357899130056324,0.28357899130056324,-0.0494285184993308,0.023827491129155363,0.023827491129155363,0.052985950125740366,-0.0444631891181313,0.012106685403020734,0.06513534563744017,20.0,2289.410348977136,2289.410348977136,-0.05656987452115203,0.0005192498646445416,0.0009878728674862403,0.307537483775,-1.832062309264287,0.3198380566,-1.687430518515046,-1.832062309264287,-1.832062309264287,-0.482059585287347,0.8831631970245214,1.3938762963404732,0.9053993980692739,-0.5882654343062734,0.28357899130056324,-0.0494285184993308,0.023827491129155363
6,Sichuan,2018,0.06748536264924532,0.16308381591151377,-0.05376642415566035,0.011455581959086913,0.12255473770146352,0.09722895237894669,-87.0,112.0,2843.809523809524,2843.809523809524,0.21685024006717413,-0.0019982085027216976,0.0010287328601943084,0.307537483775,0.3198380566,0.0031713960276265633,-1.832062309264287,-1.687430518515046,-0.8442075117742129,0.03201785921534048,0.096922743210444,31,-0.785974517403983,0.26427352583763797,1,-1.832062309264287,-1.832062309264287,-0.482059585287347,0.8831631970245214,0.8831631970245214,1.4399542893780246,-0.48416556602351823,-0.5882654343062734,0.28357899130056324,0.28357899130056324,-0.0494285184993308,0.023827491129155363,0.023827491129155363,0.06748536264924532,0.16308381591151377,-0.05376642415566035,0.011455581959086913,-87.0,2843.809523809524,2843.809523809524,0.21685024006717413,-0.0019982085027216976,0.0010287328601943084,0.307537483775,-1.832062309264287,0.3198380566,-1.687430518515046,-1.832062309264287,-1.832062309264287,-0.482059585287347,0.8831631970245214,1.4399542893780246,-0.48416556602351823,-0.5882654343062734,0.28357899130056324,-0.0494285184993308,0.023827491129155363
6,Sichuan,2019,0.0606724058326904,0.1150256467199764,-0.0031796529173799826,0.00971569225343849,0.0800713712191854,0.06892762637888339,-5.0,96.0,3200.6369426751594,3200.6369426751594,0.11820529963735638,-0.00010600271765527416,0.0010653273124355052,0.307537483775,0.3198380566,0.0031713960276265633,-1.832062309264287,-1.687430518515046,-0.8442075117742129,0.0323398613545378,0.051984497690370696,31,-0.7789682579542254,-0.8646502375352481,1,-1.832062309264287,-1.832062309264287,-0.482059585287347,0.8831631970245214,0.8831631970245214,1.4271183855111969,1.5840931108847407,-0.5882654343062734,0.28357899130056324,0.28357899130056324,-0.0494285184993308,0.023827491129155363,0.023827491129155363,0.0606724058326904,0.1150256467199764,-0.0031796529173799826,0.00971569225343849,-5.0,3200.6369426751594,3200.6369426751594,0.11820529963735638,-0.00010600271765527416,0.0010653273124355052,0.307537483775,-1.832062309264287,0.3198380566,-1.687430518515046,-1.832062309264287,-1.832062309264287,-0.482059585287347,0.8831631970245214,1.4271183855111969,1.5840931108847407,-0.5882654343062734,0.28357899130056324,-0.0494285184993308,0.023827491129155363
6,Sichuan,2020,0.06367805930332526,0.042659111956314,0.016424879667400916,0.017570582804125934,0.047134544242474874,0.022537170564707054,26.0,176.0,3285.714285714286,3285.714285714286,0.026234232288913084,0.0005258357036051821,0.0010605701652713752,0.307537483775,0.3198380566,0.0031713960276265633,-1.832062309264287,-1.687430518515046,-0.8442075117742129,0.04438090693127943,0.037262753188721555,31,-0.5169740688245997,-1.2344850411390522,1,-1.832062309264287,-1.832062309264287,-0.482059585287347,0.8831631970245214,0.8831631970245214,0.9471287063605506,2.2616535152214303,-0.5882654343062734,0.28357899130056324,0.28357899130056324,-0.0494285184993308,0.023827491129155363,0.023827491129155363,0.06367805930332526,0.042659111956314,0.016424879667400916,0.017570582804125934,26.0,3285.714285714286,3285.714285714286,0.026234232288913084,0.0005258357036051821,0.0010605701652713752,0.307537483775,-1.832062309264287,0.3198380566,-1.687430518515046,-1.832062309264287,-1.832062309264287,-0.482059585287347,0.8831631970245214,0.9471287063605506,2.2616535152214303,-0.5882654343062734,0.28357899130056324,-0.0494285184993308,0.023827491129155363
6,Sichuan,2021,0.08000518351735586,0.23452023829631763,0.13407948800683744,0.12364847661916123,0.10885462747170216,0.12895347275021685,229.0,1330.0,3632.876712328767,3632.876712328767,0.10044075028948019,0.004153720225104066,0.0012025836284908276,0.307537483775,0.3198380566,0.0031713960276265633,-1.832062309264287,-1.687430518515046,-0.8442075117742129,0.037499334228858976,0.0910393120777722,31,-0.6667062535104331,0.1164719118900222,1,-1.832062309264287,-1.832062309264287,-0.482059585287347,0.8831631970245214,0.8831631970245214,1.2214473984072651,-0.21338379986166064,-0.5882654343062734,0.28357899130056324,0.28357899130056324,-0.0494285184993308,0.023827491129155363,0.023827491129155363,0.08000518351735586,0.23452023829631763,0.13407948800683744,0.12364847661916123,229.0,3632.876712328767,3632.876712328767,0.10044075028948019,0.004153720225104066,0.0012025836284908276,0.307537483775,-1.832062309264287,0.3198380566,-1.687430518515046,-1.832062309264287,-1.832062309264287,-0.482059585287347,0.8831631970245214,1.2214473984072651,-0.21338379986166064,-0.5882654343062734,0.28357899130056324,-0.0494285184993308,0.023827491129155363
6,Sichuan,2022,0.06739391773397596,0.17740754199152597,0.008185584586438921,0.08021086816630607,0.04396808302526978,0.014753370088762097,15.0,955.0,4302.717391304348,4302.717391304348,0.16922195740508705,0.00026037418408711714,0.0013742549436118045,0.307537483775,0.3198380566,0.0031713960276265633,-1.832062309264287,-1.687430518515046,-0.8442075117742129,0.030562387673295114,0.03176275653557354,31,-0.8176432860361678,-1.3726541407189772,1,-1.832062309264287,-1.832062309264287,-0.482059585287347,0.8831631970245214,0.8831631970245214,1.4979734467698613,2.514787914866795,-0.5882654343062734,0.28357899130056324,0.28357899130056324,-0.0494285184993308,0.023827491129155363,0.023827491129155363,0.06739391773397596,0.17740754199152597,0.008185584586438921,0.08021086816630607,15.0,4302.717391304348,4302.717391304348,0.16922195740508705,0.00026037418408711714,0.0013742549436118045,0.307537483775,-1.832062309264287,0.3198380566,-1.687430518515046,-1.832062309264287,-1.832062309264287,-0.482059585287347,0.8831631970245214,1.4979734467698613,2.514787914866795,-0.5882654343062734,0.28357899130056324,-0.0494285184993308,0.023827491129155363
6,Sichuan,2023,0.0325470026792134,0.14692494007907708,0.0027137058715966944,0.04397440543545983,0.06296484263120661,0.07422153973525702,5.0,557.0,4970.1897018970185,4970.1897018970185,0.1442112342074804,8.149507872408306e-05,0.0014946197437996833,0.307537483775,0.3198380566,0.0031713960276265633,-1.832062309264287,-1.687430518515046,-0.8442075117742129,0.034067135169903805,0.07133473617818979,31,-0.7413854998974198,-0.3785399365428838,1,-1.832062309264287,-1.832062309264287,-0.482059585287347,0.8831631970245214,0.8831631970245214,1.3582644309971246,0.6935087502915124,-0.5882654343062734,0.28357899130056324,0.28357899130056324,-0.0494285184993308,0.023827491129155363,0.023827491129155363,0.0325470026792134,0.14692494007907708,0.0027137058715966944,0.04397440543545983,5.0,4970.1897018970185,4970.1897018970185,0.1442112342074804,8.149507872408306e-05,0.0014946197437996833,0.307537483775,-1.832062309264287,0.3198380566,-1.687430518515046,-1.832062309264287,-1.832062309264287,-0.482059585287347,0.8831631970245214,1.3582644309971246,0.6935087502915124,-0.5882654343062734,0.28357899130056324,-0.0494285184993308,0.023827491129155363
7,Tianjin,2000,,,,,,,,,4203.460620525059,4203.460620525059,,,0.013140387963193235,0.9605038445333333,0.99587491885,0.007397924262206274,0.8189482180339511,1.2059205675243803,-0.30563094567706883,,,0,,,0,0.0,0.0,-0.0,-0.5791789917099546,-0.0,,,0.0,-0.7783729707612175,-0.0,-0.0,0.006220016801081056,0.0,,,,,,4203.460620525059,4203.460620525059,,,0.013140387963193235,0.9605038445333333,0.8189482180339511,0.99587491885,1.2059205675243803,0.0,0.0,-0.0,-0.0,,,0.0,-0.0,-0.0,0.0
7,Tianjin,2001,0.02769924360230913,0.02836143263416835,0.11344232812774013,0.11273989291733688,0.10041795572649637,0.07744555626459082,60.400000000000034,60.10000000000002,3860.617897727272,3860.617897727272,-0.08508089549357178,0.03396502277455999,0.012226845864027442,0.9605038445333333,0.99587491885,0.007397924262206274,0.8189482180339511,1.2059205675243803,-0.30563094567706883,0.06028087511627794,0.10333775942244862,31,-0.17101580089295476,0.42542944459551196,0,0.0,0.0,-0.0,-0.5791789917099546,-0.0,-0.14005308539693428,0.34840468555066806,0.0,-0.7783729707612175,-0.0,-0.0,0.006220016801081056,0.0,0.02769924360230913,0.02836143263416835,0.11344232812774013,0.11273989291733688,60.400000000000034,3860.617897727272,3860.617897727272,-0.08508089549357178,0.03396502277455999,0.012226845864027442,0.9605038445333333,0.8189482180339511,0.99587491885,1.2059205675243803,0.0,0.0,-0.0,-0.0,-0.14005308539693428,0.34840468555066806,0.0,-0.0,-0.0,0.0
7,Tianjin,2002,0.21220224991727044,0.21220224991727044,0.10339658556808562,0.10330945144904291,0.09335031293914131,0.08126013568117241,61.34999999999991,61.34999999999991,4304.379152990153,4304.379152990153,0.10880566434918482,0.03142447369768986,0.013769912411002408,0.9605038445333333,0.99587491885,0.007397924262206274,0.8189482180339511,1.2059205675243803,-0.30563094567706883,0.03622957213462816,0.07192239437819348,31,-0.6943342770192986,-0.36377698131293934,0,0.0,0.0,-0.0,-0.5791789917099546,-0.0,-0.5686238188848464,-0.2979145106080016,0.0,-0.7783729707612175,-0.0,-0.0,0.006220016801081056,0.0,0.21220224991727044,0.21220224991727044,0.10339658556808562,0.10330945144904291,61.34999999999991,4304.379152990153,4304.379152990153,0.10880566434918482,0.03142447369768986,0.013769912411002408,0.9605038445333333,0.8189482180339511,0.99587491885,1.2059205675243803,0.0,0.0,-0.0,-0.0,-0.5686238188848464,-0.2979145106080016,0.0,-0.0,-0.0,0.0
7,Tianjin,2003,0.17446051230724136,0.17408552402123112,,-0.0386545187799463,0.15897580607553685,0.1998798690073329,,-23.699999999999932,,,,,0.01397955171057806,0.9605038445333333,0.99587491885,0.007397924262206274,0.8189482180339511,1.2059205675243803,-0.30563094567706883,,0.174536334595533,0,,2.2140565371971155,0,0.0,0.0,-0.0,-0.5791789917099546,-0.0,,1.8131976557639982,0.0,-0.7783729707612175,-0.0,-0.0,0.006220016801081056,0.0,0.17446051230724136,0.17408552402123112,,-0.0386545187799463,,,,,,0.01397955171057806,0.9605038445333333,0.8189482180339511,0.99587491885,1.2059205675243803,0.0,0.0,-0.0,-0.0,,1.8131976557639982,0.0,-0.0,-0.0,0.0
7,Tianjin,2004,0.05969976413353617,0.053963581285877193,,0.0,0.15158198460504035,0.169923759591053,,0.0,5620.204709994175,5620.204709994175,,,0.012679382720684864,0.9605038445333333,0.99587491885,0.007397924262206274,0.8189482180339511,1.2059205675243803,-0.30563094567706883,,0.13859497572773094,0,,1.3111495891354643,0,0.0,0.0,-0.0,-0.5791789917099546,-0.0,,1.0737636195984357,0.0,-0.7783729707612175,-0.0,-0.0,0.006220016801081056,0.0,0.05969976413353617,0.053963581285877193,,0.0,,5620.204709994175,5620.204709994175,,,0.012679382720684864,0.9605038445333333,0.8189482180339511,0.99587491885,1.2059205675243803,0.0,0.0,-0.0,-0.0,,1.0737636195984357,0.0,-0.0,-0.0,0.0
7,Tianjin,2005,0.08271974644331648,0.07965766509195582,,0.02713332033082949,0.18470925329507626,0.19004217658934497,,16.539999999999964,,,,,0.011414970301692775,0.9605038445333333,0.99587491885,0.007397924262206274,0.8189482180339511,1.2059205675243803,-0.30563094567706883,,0.1204312655274813,1,,0.8548468599396662,0,0.0,0.0,-0.0,-0.5791789917099546,-0.0,,0.7000753126395083,0.0,-0.7783729707612175,-0.0,-0.0,0.006220016801081056,0.0,0.08271974644331648,0.07965766509195582,,0.02713332033082949,,,,,,0.011414970301692775,0.9605038445333333,0.8189482180339511,0.99587491885,1.2059205675243803,0.0,0.0,-0.0,-0.0,,0.7000753126395083,0.0,-0.0,-0.0,0.0
7,Tianjin,2006,-0.026968543645582876,-0.017795291160553006,,0.05694979687971191,0.11457313028877003,0.11788524856596272,,36.210000000000036,5516.584766584766,5516.584766584766,,,0.00999972164231037,0.9605038445333333,0.99587491885,0.007397924262206274,0.8189482180339511,1.2059205675243803,-0.30563094567706883,,0.1288484193955256,1,,1.0662998196987796,0,0.0,0.0,-0.0,-0.5791789917099546,-0.0,,0.8732443372322389,0.0,-0.7783729707612175,-0.0,-0.0,0.006220016801081056,0.0,-0.026968543645582876,-0.017795291160553006,,0.05694979687971191,,5516.584766584766,5516.584766584766,,,0.00999972164231037,0.9605038445333333,0.8189482180339511,0.99587491885,1.2059205675243803,0.0,0.0,-0.0,-0.0,,0.8732443372322389,0.0,-0.0,-0.0,0.0
7,Tianjin,2007,0.09050571007507857,0.09014965717202905,0.06076914092933894,0.057769754222736225,0.1633063243619084,0.14634084400402614,40.799999999999955,38.89999999999998,5681.06936416185,5681.06936416185,0.029380516242690113,0.009645846595387317,0.009294293313834854,0.9605038445333333,0.99587491885,0.007397924262206274,0.8189482180339511,1.2059205675243803,-0.30563094567706883,0.07460781837107273,0.1340029619229762,31,0.1407159218069819,1.1957905348170592,0,0.0,0.0,-0.0,-0.5791789917099546,-0.0,0.11523905341283262,0.979290527630296,0.0,-0.7783729707612175,-0.0,-0.0,0.006220016801081056,0.0,0.09050571007507857,0.09014965717202905,0.06076914092933894,0.057769754222736225,40.799999999999955,5681.06936416185,5681.06936416185,0.029380516242690113,0.009645846595387317,0.009294293313834854,0.9605038445333333,0.8189482180339511,0.99587491885,1.2059205675243803,0.0,0.0,-0.0,-0.0,0.11523905341283262,0.979290527630296,0.0,-0.0,-0.0,0.0
7,Tianjin,2008,-0.0283953935213761,-0.005304916927157954,0.07915302789955003,0.07770898432731599,0.22144937495388994,0.2251005256611318,57.0,56.0,5220.961281708945,5220.961281708945,-0.08445794482670799,0.01079893188333107,0.007408635636801077,0.9605038445333333,0.99587491885,0.007397924262206274,0.8189482180339511,1.2059205675243803,-0.30563094567706883,0.23086049090782326,0.08538316258007597,31,3.540528004544794,-0.02562000788211561,0,0.0,0.0,-0.0,-0.5791789917099546,-0.0,2.89950910022126,-0.02098145980107436,0.0,-0.7783729707612175,-0.0,-0.0,0.006220016801081056,0.0,-0.0283953935213761,-0.005304916927157954,0.07915302789955003,0.07770898432731599,57.0,5220.961281708945,5220.961281708945,-0.08445794482670799,0.01079893188333107,0.007408635636801077,0.9605038445333333,0.8189482180339511,0.99587491885,1.2059205675243803,0.0,0.0,-0.0,-0.0,2.89950910022126,-0.02098145980107436,0.0,-0.0,-0.0,0.0
7,Tianjin,2009,0.0840312173923694,-0.0035461600104516044,0.29201180444471664,0.29300831673445504,0.09917281317351012,0.05450840836746629,254.0,255.0,3885.002293120638,3885.002293120638,-0.29555796445516824,0.04357821700617272,0.006685408559767207,0.9605038445333333,0.99587491885,0.007397924262206274,0.8189482180339511,1.2059205675243803,-0.30563094567706883,0.10001935023920526,0.053951541707971624,31,0.6936308363716208,-0.8152348073294063,0,0.0,0.0,-0.0,-0.5791789917099546,-0.0,0.568047737419938,-0.6676350927416688,0.0,-0.7783729707612175,-0.0,-0.0,0.006220016801081056,0.0,0.0840312173923694,-0.0035461600104516044,0.29201180444471664,0.29300831673445504,254.0,3885.002293120638,3885.002293120638,-0.29555796445516824,0.04357821700617272,0.006685408559767207,0.9605038445333333,0.8189482180339511,0.99587491885,1.2059205675243803,0.0,0.0,-0.0,-0.0,0.568047737419938,-0.6676350927416688,0.0,-0.0,-0.0,0.0
7,Tianjin,2010,0.34842977510914075,0.3619405952404824,0.08409919787113473,0.08584868273025226,0.18193259132132056,0.14891342375839756,88.0,90.0,5129.27832263978,5129.27832263978,0.27784139736934765,0.012586532230297326,0.008003951270039028,0.9605038445333333,0.99587491885,0.007397924262206274,0.8189482180339511,1.2059205675243803,-0.30563094567706883,0.11994848128667408,0.13785180451035353,31,1.1272573429372206,1.2924798872402858,0,0.0,0.0,-0.0,-0.5791789917099546,-0.0,0.9231653922641233,1.0584741005001541,0.0,-0.7783729707612175,-0.0,-0.0,0.006220016801081056,0.0,0.34842977510914075,0.3619405952404824,0.08409919787113473,0.08584868273025226,88.0,5129.27832263978,5129.27832263978,0.27784139736934765,0.012586532230297326,0.008003951270039028,0.9605038445333333,0.8189482180339511,0.99587491885,1.2059205675243803,0.0,0.0,-0.0,-0.0,0.9231653922641233,1.0584741005001541,0.0,-0.0,-0.0,0.0
7,Tianjin,2011,0.05286569776575245,0.09851550971853129,-0.007359738832080076,0.002738477293303454,0.16438795953618524,0.14179926375665275,-8.0,3.0,5702.132456140351,5702.132456140351,0.10587524855061137,-0.0009707795595277049,0.007493701582217784,0.9605038445333333,0.99587491885,0.007397924262206274,0.8189482180339511,1.2059205675243803,-0.30563094567706883,0.08951107708331604,0.11887028262747688,31,0.46498736126114687,0.8156323630308685,0,0.0,0.0,-0.0,-0.5791789917099546,-0.0,0.3808005709131253,0.6679606702749504,0.0,-0.7783729707612175,-0.0,-0.0,0.006220016801081056,0.0,0.05286569776575245,0.09851550971853129,-0.007359738832080076,0.002738477293303454,-8.0,5702.132456140351,5702.132456140351,0.10587524855061137,-0.0009707795595277049,0.007493701582217784,0.9605038445333333,0.8189482180339511,0.99587491885,1.2059205675243803,0.0,0.0,-0.0,-0.0,0.3808005709131253,0.6679606702749504,0.0,-0.0,-0.0,0.0
7,Tianjin,2012,-0.05183072053618076,-0.0537134697015027,0.02462504730538928,0.033172024012467105,0.1093449225637606,0.09581103089870169,27.0,37.0,5272.484549549549,5272.484549549549,-0.07833851700689198,0.0029370172957685196,0.0063662110845208305,0.9605038445333333,0.99587491885,0.007397924262206274,0.8189482180339511,1.2059205675243803,-0.30563094567706883,0.0756167924904256,0.06311076158020731,31,0.162669609679673,-0.5851399104757836,0,0.8189482180339511,0.0,-0.0,-0.5791789917099546,-0.0,0.13321798697544657,-0.47919928698468867,0.0,-0.7783729707612175,-0.0,-0.0,0.006220016801081056,0.0,-0.05183072053618076,-0.0537134697015027,0.02462504730538928,0.033172024012467105,27.0,5272.484549549549,5272.484549549549,-0.07833851700689198,0.0029370172957685196,0.0063662110845208305,0.9605038445333333,0.8189482180339511,0.99587491885,1.2059205675243803,0.8189482180339511,0.0,-0.0,-0.0,0.13321798697544657,-0.47919928698468867,0.0,-0.0,-0.0,0.0
7,Tianjin,2013,0.05696340536929512,0.05626721066752438,0.0018001805041478747,0.002642009462839212,0.0916346338707239,0.06397143820662521,2.0,3.0,5567.625899280575,5567.625899280575,0.054467030163376506,0.00019850722566301413,0.006144989677624265,0.9605038445333333,0.99587491885,0.007397924262206274,0.8189482180339511,1.2059205675243803,-0.30563094567706883,0.05332030642613454,0.09052161106014825,31,-0.3224668138662537,0.10346639789288713,0,0.8189482180339511,0.0,-0.0,-0.5791789917099546,-0.0,-0.2640836225908543,0.08473362218077167,0.0,-0.7783729707612175,-0.0,-0.0,0.006220016801081056,0.0,0.05696340536929512,0.05626721066752438,0.0018001805041478747,0.002642009462839212,2.0,5567.625899280575,5567.625899280575,0.054467030163376506,0.00019850722566301413,0.006144989677624265,0.9605038445333333,0.8189482180339511,0.99587491885,1.2059205675243803,0.8189482180339511,0.0,-0.0,-0.0,-0.2640836225908543,0.08473362218077167,0.0,-0.0,-0.0,0.0
7,Tianjin,2014,0.0020433141861948556,-0.0021667079379623644,0.17374168930442835,0.17688316608433308,0.06475437444747634,0.04620330498186753,211.0,220.0,4669.538926681784,4669.538926681784,-0.1759083972423907,0.01962936776690358,0.005747218397648197,0.9605038445333333,0.99587491885,0.007397924262206274,0.8189482180339511,1.2059205675243803,-0.30563094567706883,0.07238772123836522,0.05502636777100867,31,0.09241010447860744,-0.7882333819285628,0,0.8189482180339511,0.0,-0.0,-0.5791789917099546,-0.0,0.0756790903910868,-0.6455223235252714,0.0,-0.7783729707612175,-0.0,-0.0,0.006220016801081056,0.0,0.0020433141861948556,-0.0021667079379623644,0.17374168930442835,0.17688316608433308,211.0,4669.538926681784,4669.538926681784,-0.1759083972423907,0.01962936776690358,0.005747218397648197,0.9605038445333333,0.8189482180339511,0.99587491885,1.2059205675243803,0.8189482180339511,0.0,-0.0,-0.0,0.0756790903910868,-0.6455223235252714,0.0,-0.0,-0.0,0.0
7,Tianjin,2015,-0.004306539207268756,-0.005898419506184638,-0.030700799499319587,-0.02461892333791571,0.01294013915495107,-0.027656571248364514,-40.0,-33.0,4786.802805923617,4786.802805923617,0.02480237999313495,-0.003673364434485545,0.005639962531682767,0.9605038445333333,0.99587491885,0.007397924262206274,0.8189482180339511,1.2059205675243803,-0.30563094567706883,0.07881055819591727,0.01369788281902884,31,0.23216092178769712,-1.826473932411288,0,0.8189482180339511,0.0,-0.0,-0.5791789917099546,-0.0,0.19012777319515406,-1.4957875722336875,0.0,-0.7783729707612175,-0.0,-0.0,0.006220016801081056,0.0,-0.004306539207268756,-0.005898419506184638,-0.030700799499319587,-0.02461892333791571,-40.0,4786.802805923617,4786.802805923617,0.02480237999313495,-0.003673364434485545,0.005639962531682767,0.9605038445333333,0.8189482180339511,0.99587491885,1.2059205675243803,0.8189482180339511,0.0,-0.0,-0.0,0.19012777319515406,-1.4957875722336875,0.0,-0.0,-0.0,0.0
7,Tianjin,2016,-0.008544891231926144,-0.006283347967607433,0.07143208695796766,0.10256204164602778,0.05344448880849839,-0.02745839475710099,95.0,143.0,4428.8824383164,4428.8824383164,-0.07771543492557509,0.008270218507878471,0.0053129624793244535,0.9605038445333333,0.99587491885,0.007397924262206274,0.8189482180339511,1.2059205675243803,-0.30563094567706883,0.05903759135568659,0.05014379919751098,31,-0.1980676975607446,-0.9108916571933824,1,0.8189482180339511,0.8189482180339511,-0.7072229708251756,-0.5791789917099546,-0.5791789917099546,-0.16220718796745937,-0.7459730994805132,1.1006047638031684,-0.7783729707612175,-0.7783729707612175,-0.0087949869527338,0.006220016801081056,0.006220016801081056,-0.008544891231926144,-0.006283347967607433,0.07143208695796766,0.10256204164602778,95.0,4428.8824383164,4428.8824383164,-0.07771543492557509,0.008270218507878471,0.0053129624793244535,0.9605038445333333,0.8189482180339511,0.99587491885,1.2059205675243803,0.8189482180339511,0.8189482180339511,-0.7072229708251756,-0.5791789917099546,-0.16220718796745937,-0.7459730994805132,1.1006047638031684,-0.7783729707612175,-0.0087949869527338,0.006220016801081056
7,Tianjin,2017,0.03258601914096104,-0.011370312825488504,0.01726661602093138,0.021578719959616244,0.08196544167829423,0.04391612583204818,24.0,32.0,4303.851640513552,4303.851640513552,-0.028636928846419885,0.0019248969378097879,0.0048395117178101086,0.9605038445333333,0.99587491885,0.007397924262206274,0.8189482180339511,1.2059205675243803,-0.30563094567706883,0.033173774099243235,0.0667308662369896,31,-0.7608236299016604,-0.49419683680565485,1,0.8189482180339511,0.8189482180339511,-0.7072229708251756,-0.5791789917099546,-0.5791789917099546,-0.6230751559460871,-0.4047216188600064,1.1006047638031684,-0.7783729707612175,-0.7783729707612175,-0.0087949869527338,0.006220016801081056,0.006220016801081056,0.03258601914096104,-0.011370312825488504,0.01726661602093138,0.021578719959616244,24.0,4303.851640513552,4303.851640513552,-0.028636928846419885,0.0019248969378097879,0.0048395117178101086,0.9605038445333333,0.8189482180339511,0.99587491885,1.2059205675243803,0.8189482180339511,0.8189482180339511,-0.7072229708251756,-0.5791789917099546,-0.6230751559460871,-0.4047216188600064,1.1006047638031684,-0.7783729707612175,-0.0087949869527338,0.006220016801081056
7,Tianjin,2018,0.12783337150988494,0.13787230524336103,0.08671413833452668,0.13111018501299299,0.07290131942494682,0.05772176891305847,127.0,210.0,4529.758011772401,4529.758011772401,0.051158166908834346,0.00946976758058623,0.005164378760877184,0.9605038445333333,0.99587491885,0.007397924262206274,0.8189482180339511,1.2059205675243803,-0.30563094567706883,0.03201785921534048,0.096922743210444,31,-0.785974517403983,0.26427352583763797,1,0.8189482180339511,0.8189482180339511,-0.7072229708251756,-0.5791789917099546,-0.5791789917099546,-0.6436724304480866,0.21642633305828296,1.1006047638031684,-0.7783729707612175,-0.7783729707612175,-0.0087949869527338,0.006220016801081056,0.006220016801081056,0.12783337150988494,0.13787230524336103,0.08671413833452668,0.13111018501299299,127.0,4529.758011772401,4529.758011772401,0.051158166908834346,0.00946976758058623,0.005164378760877184,0.9605038445333333,0.8189482180339511,0.99587491885,1.2059205675243803,0.8189482180339511,0.8189482180339511,-0.7072229708251756,-0.5791789917099546,-0.6436724304480866,0.21642633305828296,1.1006047638031684,-0.7783729707612175,-0.0087949869527338,0.006220016801081056
7,Tianjin,2019,0.010974047031976575,0.01319583118079315,0.0694723728147677,0.07494353369966156,0.04989347383740217,0.03686905995271239,110.0,133.0,4281.879194630873,4281.879194630873,-0.05627654163397455,0.0078029679652696984,0.0049782935618420685,0.9605038445333333,0.99587491885,0.007397924262206274,0.8189482180339511,1.2059205675243803,-0.30563094567706883,0.0323398613545378,0.051984497690370696,31,-0.7789682579542254,-0.8646502375352481,1,0.8189482180339511,0.8189482180339511,-0.7072229708251756,-0.5791789917099546,-0.5791789917099546,-0.6379346667566241,-0.708103771252124,1.1006047638031684,-0.7783729707612175,-0.7783729707612175,-0.0087949869527338,0.006220016801081056,0.006220016801081056,0.010974047031976575,0.01319583118079315,0.0694723728147677,0.07494353369966156,110.0,4281.879194630873,4281.879194630873,-0.05627654163397455,0.0078029679652696984,0.0049782935618420685,0.9605038445333333,0.8189482180339511,0.99587491885,1.2059205675243803,0.8189482180339511,0.8189482180339511,-0.7072229708251756,-0.5791789917099546,-0.6379346667566241,-0.708103771252124,1.1006047638031684,-0.7783729707612175,-0.0087949869527338,0.006220016801081056
7,Tianjin,2020,0.051838848138125115,0.04988877474114162,0.017539004174862427,0.039909526230392345,0.009432433672701634,-0.010076671631498613,29.0,75.0,4422.661870503597,4422.661870503597,0.03234977056627919,0.002037833431711499,0.005183826629564044,0.9605038445333333,0.99587491885,0.007397924262206274,0.8189482180339511,1.2059205675243803,-0.30563094567706883,0.04438090693127943,0.037262753188721555,31,-0.5169740688245997,-1.2344850411390522,1,0.8189482180339511,0.8189482180339511,-0.7072229708251756,-0.5791789917099546,-0.5791789917099546,-0.42337499243366716,-1.0109793246303957,1.1006047638031684,-0.7783729707612175,-0.7783729707612175,-0.0087949869527338,0.006220016801081056,0.006220016801081056,0.051838848138125115,0.04988877474114162,0.017539004174862427,0.039909526230392345,29.0,4422.661870503597,4422.661870503597,0.03234977056627919,0.002037833431711499,0.005183826629564044,0.9605038445333333,0.8189482180339511,0.99587491885,1.2059205675243803,0.8189482180339511,0.8189482180339511,-0.7072229708251756,-0.5791789917099546,-0.42337499243366716,-1.0109793246303957,1.1006047638031684,-0.7783729707612175,-0.0087949869527338,0.006220016801081056
7,Tianjin,2021,0.03528962067720798,0.01919908605958298,0.1217718722176162,0.1340529050222612,0.12298819274614559,0.15175466262431492,216.0,275.0,3991.507430997877,3991.507430997877,-0.10257278615803322,0.013421817910670344,0.004672781050381528,0.9605038445333333,0.99587491885,0.007397924262206274,0.8189482180339511,1.2059205675243803,-0.30563094567706883,0.037499334228858976,0.0910393120777722,31,-0.6667062535104331,0.1164719118900222,1,0.8189482180339511,0.8189482180339511,-0.7072229708251756,-0.5791789917099546,-0.5791789917099546,-0.5459978982644609,0.09538446469334105,1.1006047638031684,-0.7783729707612175,-0.7783729707612175,-0.0087949869527338,0.006220016801081056,0.006220016801081056,0.03528962067720798,0.01919908605958298,0.1217718722176162,0.1340529050222612,216.0,3991.507430997877,3991.507430997877,-0.10257278615803322,0.013421817910670344,0.004672781050381528,0.9605038445333333,0.8189482180339511,0.99587491885,1.2059205675243803,0.8189482180339511,0.8189482180339511,-0.7072229708251756,-0.5791789917099546,-0.5459978982644609,0.09538446469334105,1.1006047638031684,-0.7783729707612175,-0.0087949869527338,0.006220016801081056
7,Tianjin,2022,-0.04454213806401697,-0.057048907946075644,0.006349227678658309,0.03143500860815962,0.030312861678629233,0.052601181917966144,12.0,70.0,3746.308016877637,3746.308016877637,-0.06339813562473395,0.0007233927118184284,0.004281882026705247,0.9605038445333333,0.99587491885,0.007397924262206274,0.8189482180339511,1.2059205675243803,-0.30563094567706883,0.030562387673295114,0.03176275653557354,31,-0.8176432860361678,-1.3726541407189772,1,0.8189482180339511,0.8189482180339511,-0.7072229708251756,-0.5791789917099546,-0.5791789917099546,-0.6696075120867437,-1.1241326625187307,1.1006047638031684,-0.7783729707612175,-0.7783729707612175,-0.0087949869527338,0.006220016801081056,0.006220016801081056,-0.04454213806401697,-0.057048907946075644,0.006349227678658309,0.03143500860815962,12.0,3746.308016877637,3746.308016877637,-0.06339813562473395,0.0007233927118184284,0.004281882026705247,0.9605038445333333,0.8189482180339511,0.99587491885,1.2059205675243803,0.8189482180339511,0.8189482180339511,-0.7072229708251756,-0.5791789917099546,-0.6696075120867437,-1.1241326625187307,1.1006047638031684,-0.7783729707612175,-0.0087949869527338,0.006220016801081056
7,Tianjin,2023,0.09063538125317017,0.0714395450924199,0.00578492278545184,0.12687800813378658,0.03688556900699069,-0.001987974285823313,11.0,306.0,4000.5243838489782,4000.5243838489782,0.06565462230696806,0.0006390963967106057,0.004432424009550192,0.9605038445333333,0.99587491885,0.007397924262206274,0.8189482180339511,1.2059205675243803,-0.30563094567706883,0.034067135169903805,0.07133473617818979,31,-0.7413854998974198,-0.3785399365428838,1,0.8189482180339511,0.8189482180339511,-0.7072229708251756,-0.5791789917099546,-0.5791789917099546,-0.6071563340172019,-0.31000460648647965,1.1006047638031684,-0.7783729707612175,-0.7783729707612175,-0.0087949869527338,0.006220016801081056,0.006220016801081056,0.09063538125317017,0.0714395450924199,0.00578492278545184,0.12687800813378658,11.0,4000.5243838489782,4000.5243838489782,0.06565462230696806,0.0006390963967106057,0.004432424009550192,0.9605038445333333,0.8189482180339511,0.99587491885,1.2059205675243803,0.8189482180339511,0.8189482180339511,-0.7072229708251756,-0.5791789917099546,-0.6071563340172019,-0.31000460648647965,1.1006047638031684,-0.7783729707612175,-0.0087949869527338,0.006220016801081056
8,Ningxia,2000,,,,,,,,,6730.5,6580.984095596898,,,0.04521665954932282,0.937410678975,0.916310698,0.038171944228314936,0.7251911293338785,0.8653959043572744,3.6158301397473145,,,0,,,0,0.0,0.0,-0.0,-0.1828674340102662,-0.0,,,0.0,-0.042559455248870254,-0.0,0.0,-0.13478093945228797,-0.0,,,,,,6730.5,6580.984095596898,,,0.04521665954932282,0.937410678975,0.7251911293338785,0.916310698,0.8653959043572744,0.0,0.0,-0.0,-0.0,,,0.0,-0.0,0.0,-0.0
8,Ningxia,2001,0.09550314585953323,0.05843289045629829,0.02273948696949013,0.02042901826365373,0.13726137739825095,0.11282836894817994,4.599999999999994,4.759999999999991,6975.073313782992,6580.984095596898,0.03569340348680816,0.01346998535871155,0.0417891654465593,0.937410678975,0.916310698,0.038171944228314936,0.7251911293338785,0.8653959043572744,3.6158301397473145,0.06028087511627794,0.10333775942244862,31,-0.17101580089295476,0.42542944459551196,0,0.0,0.0,-0.0,-0.1828674340102662,-0.0,-0.12401914178349957,0.30851765937810405,0.0,-0.042559455248870254,-0.0,0.0,-0.13478093945228797,-0.0,0.09550314585953323,0.05843289045629829,0.02273948696949013,0.02042901826365373,4.599999999999994,6975.073313782992,6580.984095596898,0.03569340348680816,0.01346998535871155,0.0417891654465593,0.937410678975,0.7251911293338785,0.916310698,0.8653959043572744,0.0,0.0,-0.0,-0.0,-0.12401914178349957,0.30851765937810405,0.0,-0.0,0.0,-0.0
8,Ningxia,2002,0.12914721196888035,0.09115455847693266,0.15373165614628892,0.13491643072221127,0.11154920608907837,0.11917212040684433,34.0,34.0,6551.969823973176,6551.969823973176,-0.06257709766935626,0.08905186194478423,0.04094552228772976,0.937410678975,0.916310698,0.038171944228314936,0.7251911293338785,0.8653959043572744,3.6158301397473145,0.03622957213462816,0.07192239437819348,31,-0.6943342770192986,-0.36377698131293934,0,0.0,0.0,-0.0,-0.1828674340102662,-0.0,-0.5035250584868473,-0.2638078399039997,0.0,-0.042559455248870254,-0.0,0.0,-0.13478093945228797,-0.0,0.12914721196888035,0.09115455847693266,0.15373165614628892,0.13491643072221127,34.0,6551.969823973176,6551.969823973176,-0.06257709766935626,0.08905186194478423,0.04094552228772976,0.937410678975,0.7251911293338785,0.916310698,0.8653959043572744,0.0,0.0,-0.0,-0.0,-0.5035250584868473,-0.2638078399039997,0.0,-0.0,0.0,-0.0
8,Ningxia,2003,0.1867265289832849,0.32894150726265714,,0.23870907112246087,0.1607887837965647,0.2253617944689159,,72.63,,,,,0.048443355228442356,0.937410678975,0.916310698,0.038171944228314936,0.7251911293338785,0.8653959043572744,3.6158301397473145,,0.174536334595533,0,,2.2140565371971155,0,0.0,0.0,-0.0,-0.1828674340102662,-0.0,,1.6056141606190326,0.0,-0.042559455248870254,-0.0,0.0,-0.13478093945228797,-0.0,0.1867265289832849,0.32894150726265714,,0.23870907112246087,,,,,,0.048443355228442356,0.937410678975,0.7251911293338785,0.916310698,0.8653959043572744,0.0,0.0,-0.0,-0.0,,1.6056141606190326,0.0,-0.0,0.0,-0.0
8,Ningxia,2004,0.2074877499281893,0.11769095886427383,,0.203168755522662,0.1620839586753995,0.19286712062748634,,77.05000000000001,6460.867265996827,6460.867265996827,,,0.04633984536961588,0.937410678975,0.916310698,0.038171944228314936,0.7251911293338785,0.8653959043572744,3.6158301397473145,,0.13859497572773094,0,,1.3111495891354643,0,0.0,0.0,-0.0,-0.1828674340102662,-0.0,,0.9508340512707982,0.0,-0.042559455248870254,-0.0,0.0,-0.13478093945228797,-0.0,0.2074877499281893,0.11769095886427383,,0.203168755522662,,6460.867265996827,6460.867265996827,,,0.04633984536961588,0.937410678975,0.7251911293338785,0.916310698,0.8653959043572744,0.0,0.0,-0.0,-0.0,,0.9508340512707982,0.0,-0.0,0.0,-0.0
8,Ningxia,2005,0.2097929811619479,0.23967889134760467,0.19079079143523892,0.21261271936155168,0.10759586675839117,0.11059178266852676,79.5,99.28000000000003,6784.575049158838,6580.984095596898,0.04888809991236576,0.13538828107308784,0.052883173486321974,0.937410678975,0.916310698,0.038171944228314936,0.7251911293338785,0.8653959043572744,3.6158301397473145,,0.1204312655274813,1,,0.8548468599396662,0,0.0,0.0,-0.0,-0.1828674340102662,-0.0,,0.6199273597671664,0.0,-0.042559455248870254,-0.0,0.0,-0.13478093945228797,-0.0,0.2097929811619479,0.23967889134760467,0.19079079143523892,0.21261271936155168,79.5,6784.575049158838,6580.984095596898,0.04888809991236576,0.13538828107308784,0.052883173486321974,0.937410678975,0.7251911293338785,0.916310698,0.8653959043572744,0.0,0.0,-0.0,-0.0,,0.6199273597671664,0.0,-0.0,0.0,-0.0
8,Ningxia,2006,0.21629945959607388,0.16792566309230228,0.27104898534667043,0.217203303783724,0.1636422305604066,0.21432884149386222,142.50000000000006,125.75,6119.793402199267,6119.793402199267,-0.10312332225436815,0.20604396200242814,0.053110180830253935,0.937410678975,0.916310698,0.038171944228314936,0.7251911293338785,0.8653959043572744,3.6158301397473145,,0.1288484193955256,1,,1.0662998196987796,0,0.0,0.0,-0.0,-0.1828674340102662,-0.0,,0.773271170455869,0.0,-0.042559455248870254,-0.0,0.0,-0.13478093945228797,-0.0,0.21629945959607388,0.16792566309230228,0.27104898534667043,0.217203303783724,142.50000000000006,6119.793402199267,6119.793402199267,-0.10312332225436815,0.20604396200242814,0.053110180830253935,0.937410678975,0.7251911293338785,0.916310698,0.8653959043572744,0.0,0.0,-0.0,-0.0,,0.773271170455869,0.0,-0.0,0.0,-0.0
8,Ningxia,2007,0.15371659296628426,0.15452786884036485,0.15809395880439858,0.15355165821128924,0.24985142167265462,0.2707644067967987,102.79999999999995,106.89999999999998,6098.00853485064,6098.00853485064,-0.0035660899640337362,0.11577880131143589,0.04828133690097225,0.937410678975,0.916310698,0.038171944228314936,0.7251911293338785,0.8653959043572744,3.6158301397473145,0.07460781837107273,0.1340029619229762,31,0.1407159218069819,1.1957905348170592,0,0.0,0.0,-0.0,-0.1828674340102662,-0.0,0.10204593825046294,0.8671766883907458,0.0,-0.042559455248870254,-0.0,0.0,-0.13478093945228797,-0.0,0.15371659296628426,0.15452786884036485,0.15809395880439858,0.15355165821128924,102.79999999999995,6098.00853485064,6098.00853485064,-0.0035660899640337362,0.11577880131143589,0.04828133690097225,0.937410678975,0.7251911293338785,0.916310698,0.8653959043572744,0.0,0.0,-0.0,-0.0,0.10204593825046294,0.8671766883907458,0.0,-0.0,0.0,-0.0
8,Ningxia,2008,0.03941514171434557,0.024835408413352855,0.07003547619729122,0.08055471423840554,0.2618703013699042,0.2795328079225037,51.0,63.0,5828.514588859417,5828.514588859417,-0.04520006778393837,0.044205599375920945,0.03809222501516859,0.937410678975,0.916310698,0.038171944228314936,0.7251911293338785,0.8653959043572744,3.6158301397473145,0.23086049090782326,0.08538316258007597,31,3.540528004544794,-0.02562000788211561,0,0.0,0.0,-0.0,-0.1828674340102662,-0.0,2.5675595020540625,-0.01857940244957429,0.0,-0.042559455248870254,-0.0,0.0,-0.13478093945228797,-0.0,0.03941514171434557,0.024835408413352855,0.07003547619729122,0.08055471423840554,51.0,5828.514588859417,5828.514588859417,-0.04520006778393837,0.044205599375920945,0.03809222501516859,0.937410678975,0.7251911293338785,0.916310698,0.8653959043572744,0.0,0.0,-0.0,-0.0,2.5675595020540625,-0.01857940244957429,0.0,-0.0,0.0,-0.0
8,Ningxia,2009,0.018254591985701563,0.034218147892960626,0.15679968799883515,0.15660466878882495,0.10762889525925345,0.06065627703921006,128.0,138.0,5156.100827664399,5156.100827664399,-0.12258154010587452,0.09962640099626402,0.035396022182440846,0.937410678975,0.916310698,0.038171944228314936,0.7251911293338785,0.8653959043572744,3.6158301397473145,0.10001935023920526,0.053951541707971624,31,0.6936308363716208,-0.8152348073294063,0,0.0,0.0,-0.0,-0.1828674340102662,-0.0,0.5030149295691384,-0.591201050599499,0.0,-0.042559455248870254,-0.0,0.0,-0.13478093945228797,-0.0,0.018254591985701563,0.034218147892960626,0.15679968799883515,0.15660466878882495,128.0,5156.100827664399,5156.100827664399,-0.12258154010587452,0.09962640099626402,0.035396022182440846,0.937410678975,0.7251911293338785,0.916310698,0.8653959043572744,0.0,0.0,-0.0,-0.0,0.5030149295691384,-0.591201050599499,0.0,-0.0,0.0,-0.0
8,Ningxia,2010,0.2018238000253958,0.1882486595888495,0.3653672151826628,0.36691643799092954,0.2164587421144546,0.21249688390974786,389.0,422.0,4319.164948859166,4319.164948859166,-0.1771185555938133,0.24384128377107755,0.03441145019745502,0.937410678975,0.916310698,0.038171944228314936,0.7251911293338785,0.8653959043572744,3.6158301397473145,0.11994848128667408,0.13785180451035353,31,1.1272573429372206,1.2924798872402858,0,0.0,0.0,-0.0,-0.1828674340102662,-0.0,0.8174770255745502,0.9372949490691068,0.0,-0.042559455248870254,-0.0,0.0,-0.13478093945228797,-0.0,0.2018238000253958,0.1882486595888495,0.3653672151826628,0.36691643799092954,389.0,4319.164948859166,4319.164948859166,-0.1771185555938133,0.24384128377107755,0.03441145019745502,0.937410678975,0.7251911293338785,0.916310698,0.8653959043572744,0.0,0.0,-0.0,-0.0,0.8174770255745502,0.9372949490691068,0.0,-0.0,0.0,-0.0
8,Ningxia,2011,0.46983756191143744,0.4690781185286843,0.25489224962878954,0.29637777941933496,0.2055254602697696,0.22646496132642113,369.0,474.0,5350.810012195122,5350.810012195122,0.21418586889989477,0.18833256775378962,0.04478807951819527,0.937410678975,0.916310698,0.038171944228314936,0.7251911293338785,0.8653959043572744,3.6158301397473145,0.08951107708331604,0.11887028262747688,31,0.46498736126114687,0.8156323630308685,0,0.0,0.0,-0.0,-0.1828674340102662,-0.0,0.33720470963895127,0.5914893544676155,0.0,-0.042559455248870254,-0.0,0.0,-0.13478093945228797,-0.0,0.46983756191143744,0.4690781185286843,0.25489224962878954,0.29637777941933496,369.0,5350.810012195122,5350.810012195122,0.21418586889989477,0.18833256775378962,0.04478807951819527,0.937410678975,0.7251911293338785,0.916310698,0.8653959043572744,0.0,0.0,-0.0,-0.0,0.33720470963895127,0.5914893544676155,0.0,-0.0,0.0,-0.0
8,Ningxia,2012,0.07223400249763845,0.08708940635239415,0.0,0.06494428296095123,0.09844645262243201,0.07607076832745108,0.0,124.0,5837.702780487804,5837.702780487804,0.08708940635239415,0.0,0.044282296762257166,0.937410678975,0.916310698,0.038171944228314936,0.7251911293338785,0.8653959043572744,3.6158301397473145,0.0756167924904256,0.06311076158020731,31,0.162669609679673,-0.5851399104757836,0,0.7251911293338785,0.0,-0.0,-0.1828674340102662,-0.0,0.11796655795190328,-0.4243382724962581,0.0,-0.042559455248870254,-0.0,0.0,-0.13478093945228797,-0.0,0.07223400249763845,0.08708940635239415,0.0,0.06494428296095123,0.0,5837.702780487804,5837.702780487804,0.08708940635239415,0.0,0.044282296762257166,0.937410678975,0.7251911293338785,0.916310698,0.8653959043572744,0.7251911293338785,0.0,-0.0,-0.0,0.11796655795190328,-0.4243382724962581,0.0,-0.0,0.0,-0.0
8,Ningxia,2013,0.09001275646142215,-0.13459479417401887,0.05400303435796516,0.12340165926995184,0.08970197624973153,0.06532536514700826,91.0,259.0,4834.315424610052,4834.315424610052,-0.18859782853198404,0.03847942993274261,0.035385007204744696,0.937410678975,0.916310698,0.038171944228314936,0.7251911293338785,0.8653959043572744,3.6158301397473145,0.05332030642613454,0.09052161106014825,31,-0.3224668138662537,0.10346639789288713,0,0.7251911293338785,0.0,-0.0,-0.1828674340102662,-0.0,-0.2338500729203661,0.07503291393605124,0.0,-0.042559455248870254,-0.0,0.0,-0.13478093945228797,-0.0,0.09001275646142215,-0.13459479417401887,0.05400303435796516,0.12340165926995184,91.0,4834.315424610052,4834.315424610052,-0.18859782853198404,0.03847942993274261,0.035385007204744696,0.937410678975,0.7251911293338785,0.916310698,0.8653959043572744,0.7251911293338785,0.0,-0.0,-0.0,-0.2338500729203661,0.07503291393605124,0.0,-0.0,0.0,-0.0
8,Ningxia,2014,0.07931389143283685,0.12040064033349918,0.03351634365859191,0.08296915275667249,0.062093573507678634,0.04989070669070017,59.0,193.0,5273.128491620112,5273.128491620112,0.08688429667490727,0.02344619390582554,0.03750953892503334,0.937410678975,0.916310698,0.038171944228314936,0.7251911293338785,0.8653959043572744,3.6158301397473145,0.07238772123836522,0.05502636777100867,31,0.09241010447860744,-0.7882333819285628,0,0.7251911293338785,0.0,-0.0,-0.1828674340102662,-0.0,0.06701498802870304,-0.5716198564194369,0.0,-0.042559455248870254,-0.0,0.0,-0.13478093945228797,-0.0,0.07931389143283685,0.12040064033349918,0.03351634365859191,0.08296915275667249,59.0,5273.128491620112,5273.128491620112,0.08688429667490727,0.02344619390582554,0.03750953892503334,0.937410678975,0.7251911293338785,0.916310698,0.8653959043572744,0.7251911293338785,0.0,-0.0,-0.0,0.06701498802870304,-0.5716198564194369,0.0,-0.0,0.0,-0.0
8,Ningxia,2015,-0.035056776600876915,0.012666581221392192,0.10289938901001694,0.2642031413687862,0.04972836835303074,0.0027796476090538036,194.0,733.0,4818.154737903226,4818.154737903226,-0.09023280778862475,0.07335425568117367,0.03614481415661512,0.937410678975,0.916310698,0.038171944228314936,0.7251911293338785,0.8653959043572744,3.6158301397473145,0.07881055819591727,0.01369788281902884,31,0.23216092178769712,-1.826473932411288,0,0.7251911293338785,0.0,-0.0,-0.1828674340102662,-0.0,0.16836104105841432,-1.324542693744232,0.0,-0.042559455248870254,-0.0,0.0,-0.13478093945228797,-0.0,-0.035056776600876915,0.012666581221392192,0.10289938901001694,0.2642031413687862,194.0,4818.154737903226,4818.154737903226,-0.09023280778862475,0.07335425568117367,0.03614481415661512,0.937410678975,0.7251911293338785,0.916310698,0.8653959043572744,0.7251911293338785,0.0,-0.0,-0.0,0.16836104105841432,-1.324542693744232,0.0,-0.0,0.0,-0.0
8,Ningxia,2016,-0.009019894490357672,-0.2511729593062606,0.08730535259177241,0.15193092308894585,0.07591858184685485,0.05479271583968881,181.0,518.0,3434.6420323325633,3434.6420323325633,-0.338478311898033,0.06343532050608068,0.0260610521150948,0.937410678975,0.916310698,0.038171944228314936,0.7251911293338785,0.8653959043572744,3.6158301397473145,0.05903759135568659,0.05014379919751098,31,-0.1980676975607446,-0.9108916571933824,1,0.7251911293338785,0.7251911293338785,-0.2521644661845745,-0.1828674340102662,-0.1828674340102662,-0.14363693727863747,-0.6605705495808771,0.1687765762275102,-0.042559455248870254,-0.042559455248870254,0.5344961623325374,-0.13478093945228797,-0.13478093945228797,-0.009019894490357672,-0.2511729593062606,0.08730535259177241,0.15193092308894585,181.0,3434.6420323325633,3434.6420323325633,-0.338478311898033,0.06343532050608068,0.0260610521150948,0.937410678975,0.7251911293338785,0.916310698,0.8653959043572744,0.7251911293338785,0.7251911293338785,-0.2521644661845745,-0.1828674340102662,-0.14363693727863747,-0.6605705495808771,0.1687765762275102,-0.042559455248870254,0.5344961623325374,-0.13478093945228797
8,Ningxia,2017,0.20588517606947754,0.20490398367554263,0.17653115265925035,0.13067016034348988,0.136802973270453,0.17548862452281355,418.0,513.0,3533.488192024777,3533.488192024777,0.028372831016292288,0.12776622668522353,0.02789766389846974,0.937410678975,0.916310698,0.038171944228314936,0.7251911293338785,0.8653959043572744,3.6158301397473145,0.033173774099243235,0.0667308662369896,31,-0.7608236299016604,-0.49419683680565485,1,0.7251911293338785,0.7251911293338785,-0.2521644661845745,-0.1828674340102662,-0.1828674340102662,-0.5517425473922859,-0.35838716219632333,0.1687765762275102,-0.042559455248870254,-0.042559455248870254,0.5344961623325374,-0.13478093945228797,-0.13478093945228797,0.20588517606947754,0.20490398367554263,0.17653115265925035,0.13067016034348988,418.0,3533.488192024777,3533.488192024777,0.028372831016292288,0.12776622668522353,0.02789766389846974,0.937410678975,0.7251911293338785,0.916310698,0.8653959043572744,0.7251911293338785,0.7251911293338785,-0.2521644661845745,-0.1828674340102662,-0.5517425473922859,-0.35838716219632333,0.1687765762275102,-0.042559455248870254,0.5344961623325374,-0.13478093945228797
8,Ningxia,2018,0.17327172127403667,0.1393760084698874,0.09661155346459083,0.11852562307713121,0.09025121961854943,0.056751345065394254,262.0,527.0,3687.873462214411,3687.873462214411,0.042764455005296576,0.07317209201887695,0.0293023507428266,0.937410678975,0.916310698,0.038171944228314936,0.7251911293338785,0.8653959043572744,3.6158301397473145,0.03201785921534048,0.096922743210444,31,-0.785974517403983,0.26427352583763797,1,0.7251911293338785,0.7251911293338785,-0.2521644661845745,-0.1828674340102662,-0.1828674340102662,-0.5699817479038446,0.1916488166552426,0.1687765762275102,-0.042559455248870254,-0.042559455248870254,0.5344961623325374,-0.13478093945228797,-0.13478093945228797,0.17327172127403667,0.1393760084698874,0.09661155346459083,0.11852562307713121,262.0,3687.873462214411,3687.873462214411,0.042764455005296576,0.07317209201887695,0.0293023507428266,0.937410678975,0.7251911293338785,0.916310698,0.8653959043572744,0.7251911293338785,0.7251911293338785,-0.2521644661845745,-0.1828674340102662,-0.5699817479038446,0.1916488166552426,0.1687765762275102,-0.042559455248870254,0.5344961623325374,-0.13478093945228797
8,Ningxia,2019,0.05469658751925799,0.10760732252086669,0.12350768473837626,0.11620290254928634,0.07033250326223772,0.06497522437107595,374.0,581.0,3629.698664181423,3629.698664181423,-0.015900362217509567,0.09735780294155928,0.03041520239489783,0.937410678975,0.916310698,0.038171944228314936,0.7251911293338785,0.8653959043572744,3.6158301397473145,0.0323398613545378,0.051984497690370696,31,-0.7789682579542254,-0.8646502375352481,1,0.7251911293338785,0.7251911293338785,-0.2521644661845745,-0.1828674340102662,-0.1828674340102662,-0.5649008707010688,-0.6270366822369928,0.1687765762275102,-0.042559455248870254,-0.042559455248870254,0.5344961623325374,-0.13478093945228797,-0.13478093945228797,0.05469658751925799,0.10760732252086669,0.12350768473837626,0.11620290254928634,374.0,3629.698664181423,3629.698664181423,-0.015900362217509567,0.09735780294155928,0.03041520239489783,0.937410678975,0.7251911293338785,0.916310698,0.8653959043572744,0.7251911293338785,0.7251911293338785,-0.2521644661845745,-0.1828674340102662,-0.5649008707010688,-0.6270366822369928,0.1687765762275102,-0.042559455248870254,0.5344961623325374,-0.13478093945228797
8,Ningxia,2020,0.06361793898142043,0.09488993652397859,0.03269962845406482,0.11526223774981581,0.049440739951926105,0.010523775400590019,107.0,647.0,3862.59771497294,3862.59771497294,0.06219030806991377,0.02651008374213369,0.03182944353599921,0.937410678975,0.916310698,0.038171944228314936,0.7251911293338785,0.8653959043572744,3.6158301397473145,0.04438090693127943,0.037262753188721555,31,-0.5169740688245997,-1.2344850411390522,1,0.7251911293338785,0.7251911293338785,-0.2521644661845745,-0.1828674340102662,-0.1828674340102662,-0.3749050088072417,-0.8952376011294088,0.1687765762275102,-0.042559455248870254,-0.042559455248870254,0.5344961623325374,-0.13478093945228797,-0.13478093945228797,0.06361793898142043,0.09488993652397859,0.03269962845406482,0.11526223774981581,107.0,3862.59771497294,3862.59771497294,0.06219030806991377,0.02651008374213369,0.03182944353599921,0.937410678975,0.7251911293338785,0.916310698,0.8653959043572744,0.7251911293338785,0.7251911293338785,-0.2521644661845745,-0.1828674340102662,-0.3749050088072417,-0.8952376011294088,0.1687765762275102,-0.042559455248870254,0.5344961623325374,-0.13478093945228797
8,Ningxia,2021,0.10142131127187959,0.01973089057297539,0.002102418554867924,0.04459075458633244,0.14510567074618663,0.23828261252989424,7.0,271.0,3931.2931293129313,3931.2931293129313,0.017628472018107466,0.001500053573341905,0.02807885995928426,0.937410678975,0.916310698,0.038171944228314936,0.7251911293338785,0.8653959043572744,3.6158301397473145,0.037499334228858976,0.0910393120777722,31,-0.6667062535104331,0.1164719118900222,1,0.7251911293338785,0.7251911293338785,-0.2521644661845745,-0.1828674340102662,-0.1828674340102662,-0.4834894609171901,0.0844643973192012,0.1687765762275102,-0.042559455248870254,-0.042559455248870254,0.5344961623325374,-0.13478093945228797,-0.13478093945228797,0.10142131127187959,0.01973089057297539,0.002102418554867924,0.04459075458633244,7.0,3931.2931293129313,3931.2931293129313,0.017628472018107466,0.001500053573341905,0.02807885995928426,0.937410678975,0.7251911293338785,0.916310698,0.8653959043572744,0.7251911293338785,0.7251911293338785,-0.2521644661845745,-0.1828674340102662,-0.4834894609171901,0.0844643973192012,0.1687765762275102,-0.042559455248870254,0.5344961623325374,-0.13478093945228797
8,Ningxia,2022,0.07054303948701257,0.07651999313108249,-0.00873894366687189,0.027459863608596535,0.10209580946410135,0.12968184762821,-29.0,173.0,4281.174334140435,4281.174334140435,0.08525893679795438,-0.00561134642109583,0.02736982590565535,0.937410678975,0.916310698,0.038171944228314936,0.7251911293338785,0.8653959043572744,3.6158301397473145,0.030562387673295114,0.03176275653557354,31,-0.8176432860361678,-1.3726541407189772,1,0.7251911293338785,0.7251911293338785,-0.2521644661845745,-0.1828674340102662,-0.1828674340102662,-0.592947657992832,-0.9954366064928196,0.1687765762275102,-0.042559455248870254,-0.042559455248870254,0.5344961623325374,-0.13478093945228797,-0.13478093945228797,0.07054303948701257,0.07651999313108249,-0.00873894366687189,0.027459863608596535,-29.0,4281.174334140435,4281.174334140435,0.08525893679795438,-0.00561134642109583,0.02736982590565535,0.937410678975,0.7251911293338785,0.916310698,0.8653959043572744,0.7251911293338785,0.7251911293338785,-0.2521644661845745,-0.1828674340102662,-0.592947657992832,-0.9954366064928196,0.1687765762275102,-0.042559455248870254,0.5344961623325374,-0.13478093945228797
8,Ningxia,2023,0.03479724834979603,0.01987886556158802,0.002720267659027442,0.08533992191258477,0.03809924712185264,0.0044753925185663235,9.0,569.0,4355.267129489888,4355.267129489888,0.01715859790256058,0.0016763523199356401,0.026875652915945944,0.937410678975,0.916310698,0.038171944228314936,0.7251911293338785,0.8653959043572744,3.6158301397473145,0.034067135169903805,0.07133473617818979,31,-0.7413854998974198,-0.3785399365428838,1,0.7251911293338785,0.7251911293338785,-0.2521644661845745,-0.1828674340102662,-0.1828674340102662,-0.537646187942372,-0.27451380407950865,0.1687765762275102,-0.042559455248870254,-0.042559455248870254,0.5344961623325374,-0.13478093945228797,-0.13478093945228797,0.03479724834979603,0.01987886556158802,0.002720267659027442,0.08533992191258477,9.0,4355.267129489888,4355.267129489888,0.01715859790256058,0.0016763523199356401,0.026875652915945944,0.937410678975,0.7251911293338785,0.916310698,0.8653959043572744,0.7251911293338785,0.7251911293338785,-0.2521644661845745,-0.1828674340102662,-0.537646187942372,-0.27451380407950865,0.1687765762275102,-0.042559455248870254,0.5344961623325374,-0.13478093945228797
9,Anhui,2000,,,,,,,,,4291.410330108488,4291.410330108488,,,0.011095405243019323,0.9755434173249999,0.939169207925,0.01076269293724251,0.8800081258528972,0.9632273958185847,0.12313362375977968,,,0,,,0,0.0,0.0,-0.0,-0.6422869077088355,-0.0,,,-0.0,0.27731365653016854,0.0,0.0,-0.08092590612034549,-0.0,,,,,,4291.410330108488,4291.410330108488,,,0.011095405243019323,0.9755434173249999,0.8800081258528972,0.939169207925,0.9632273958185847,0.0,0.0,-0.0,-0.0,,,-0.0,0.0,0.0,-0.0
9,Anhui,2001,0.11465212350693887,0.0829608518094771,0.09158844426286539,0.09264472774527732,0.1149998952465765,0.16933989914763092,78.41999999999996,84.66999999999996,4254.545048714886,4254.545048714886,-0.008627592453388289,0.0221044620458325,0.010745553457169434,0.9755434173249999,0.939169207925,0.01076269293724251,0.8800081258528972,0.9632273958185847,0.12313362375977968,0.06028087511627794,0.10333775942244862,31,-0.17101580089295476,0.42542944459551196,0,0.0,0.0,-0.0,-0.6422869077088355,-0.0,-0.15049529443504134,0.37438136822113544,-0.0,0.27731365653016854,0.0,0.0,-0.08092590612034549,-0.0,0.11465212350693887,0.0829608518094771,0.09158844426286539,0.09264472774527732,78.41999999999996,4254.545048714886,4254.545048714886,-0.008627592453388289,0.0221044620458325,0.010745553457169434,0.9755434173249999,0.8800081258528972,0.939169207925,0.9632273958185847,0.0,0.0,-0.0,-0.0,-0.15049529443504134,0.37438136822113544,-0.0,0.0,0.0,-0.0
9,Anhui,2002,0.15544717195951074,0.17725039865037084,0.01065693955143221,0.014143274484419877,0.09012825531990387,0.06842046162587234,9.600000000000023,13.629999999999995,5025.783156476707,5025.783156476707,0.16659345909893863,0.0024727609921953537,0.011723720474976173,0.9755434173249999,0.939169207925,0.01076269293724251,0.8800081258528972,0.9632273958185847,0.12313362375977968,0.03622957213462816,0.07192239437819348,31,-0.6943342770192986,-0.36377698131293934,0,0.0,0.0,-0.0,-0.6422869077088355,-0.0,-0.6110198058351793,-0.32012669955362416,-0.0,0.27731365653016854,0.0,0.0,-0.08092590612034549,-0.0,0.15544717195951074,0.17725039865037084,0.01065693955143221,0.014143274484419877,9.600000000000023,5025.783156476707,5025.783156476707,0.16659345909893863,0.0024727609921953537,0.011723720474976173,0.9755434173249999,0.8800081258528972,0.939169207925,0.9632273958185847,0.0,0.0,-0.0,-0.0,-0.6110198058351793,-0.32012669955362416,-0.0,0.0,0.0,-0.0
9,Anhui,2003,0.17937874939896092,0.16412260831326453,,0.023280785045426633,0.11947875829598154,0.14504358529618777,,22.860000000000014,,,,,0.012258971428571429,0.9755434173249999,0.939169207925,0.01076269293724251,0.8800081258528972,0.9632273958185847,0.12313362375977968,,0.174536334595533,0,,2.2140565371971155,0,0.0,0.0,-0.0,-0.6422869077088355,-0.0,,1.948387743831189,-0.0,0.27731365653016854,0.0,0.0,-0.08092590612034549,-0.0,0.17937874939896092,0.16412260831326453,,0.023280785045426633,,,,,,0.012258971428571429,0.9755434173249999,0.8800081258528972,0.939169207925,0.9632273958185847,0.0,0.0,-0.0,-0.0,,1.948387743831189,-0.0,0.0,0.0,-0.0
9,Anhui,2004,0.08585901864332524,0.10902504025828241,,0.012335522301455626,0.17484604656819158,0.16998329749806107,,12.330000000000041,6386.993432644561,6386.993432644561,,,0.011478055834463447,0.9755434173249999,0.939169207925,0.01076269293724251,0.8800081258528972,0.9632273958185847,0.12313362375977968,,0.13859497572773094,0,,1.3111495891354643,0,0.0,0.0,-0.0,-0.6422869077088355,-0.0,,1.1538222926478963,-0.0,0.27731365653016854,0.0,0.0,-0.08092590612034549,-0.0,0.08585901864332524,0.10902504025828241,,0.012335522301455626,,6386.993432644561,6386.993432644561,,,0.011478055834463447,0.9755434173249999,0.8800081258528972,0.939169207925,0.9632273958185847,0.0,0.0,-0.0,-0.0,,1.1538222926478963,-0.0,0.0,0.0,-0.0
9,Anhui,2005,0.06582969018486118,0.05962981862128025,,0.1970475900388422,0.10048003838598163,0.17414532520240034,,219.04999999999995,,,,,0.011018622593379641,0.9755434173249999,0.939169207925,0.01076269293724251,0.8800081258528972,0.9632273958185847,0.12313362375977968,,0.1204312655274813,1,,0.8548468599396662,0,0.0,0.0,-0.0,-0.6422869077088355,-0.0,,0.7522721831067398,-0.0,0.27731365653016854,0.0,0.0,-0.08092590612034549,-0.0,0.06582969018486118,0.05962981862128025,,0.1970475900388422,,,,,,0.011018622593379641,0.9755434173249999,0.8800081258528972,0.939169207925,0.9632273958185847,0.0,0.0,-0.0,-0.0,,0.7522721831067398,-0.0,0.0,0.0,-0.0
9,Anhui,2006,0.12451701033459095,0.12090395901848705,,0.21166361344822526,0.13623092123436464,0.1884916608929501,,288.72,5068.982595160605,5068.982595160605,,,0.01085102821841353,0.9755434173249999,0.939169207925,0.01076269293724251,0.8800081258528972,0.9632273958185847,0.12313362375977968,,0.1288484193955256,1,,1.0662998196987796,0,0.0,0.0,-0.0,-0.6422869077088355,-0.0,,0.9383525059304053,-0.0,0.27731365653016854,0.0,0.0,-0.08092590612034549,-0.0,0.12451701033459095,0.12090395901848705,,0.21166361344822526,,5068.982595160605,5068.982595160605,,,0.01085102821841353,0.9755434173249999,0.8800081258528972,0.939169207925,0.9632273958185847,0.0,0.0,-0.0,-0.0,,0.9383525059304053,-0.0,0.0,0.0,-0.0
9,Anhui,2007,0.17338776632873643,0.15068916594993365,0.22836549529536132,0.24153953995259325,0.20168079114310444,0.23968026773030005,362.5999999999999,413.5,4690.146396396396,4690.146396396396,-0.07767632934542767,0.04488734835355285,0.010311587026491705,0.9755434173249999,0.939169207925,0.01076269293724251,0.8800081258528972,0.9632273958185847,0.12313362375977968,0.07460781837107273,0.1340029619229762,31,0.1407159218069819,1.1957905348170592,0,0.0,0.0,-0.0,-0.6422869077088355,-0.0,0.12383115462702497,1.0523053874569939,-0.0,0.27731365653016854,0.0,0.0,-0.08092590612034549,-0.0,0.17338776632873643,0.15068916594993365,0.22836549529536132,0.24153953995259325,362.5999999999999,4690.146396396396,4690.146396396396,-0.07767632934542767,0.04488734835355285,0.010311587026491705,0.9755434173249999,0.8800081258528972,0.939169207925,0.9632273958185847,0.0,0.0,-0.0,-0.0,0.12383115462702497,1.0523053874569939,-0.0,0.0,0.0,-0.0
9,Anhui,2008,0.2529592031243979,0.2499769515073904,0.334701042212437,0.3140566648628935,0.18207396074060433,0.21832741690464808,706.0,711.0,4309.145850120871,4309.145850120871,-0.0847240907050466,0.07284959400591065,0.011036094373532807,0.9755434173249999,0.939169207925,0.01076269293724251,0.8800081258528972,0.9632273958185847,0.12313362375977968,0.23086049090782326,0.08538316258007597,31,3.540528004544794,-0.02562000788211561,0,0.0,0.0,-0.0,-0.6422869077088355,-0.0,3.1156934138091623,-0.022545815120677014,-0.0,0.27731365653016854,0.0,0.0,-0.08092590612034549,-0.0,0.2529592031243979,0.2499769515073904,0.334701042212437,0.3140566648628935,706.0,4309.145850120871,4309.145850120871,-0.0847240907050466,0.07284959400591065,0.011036094373532807,0.9755434173249999,0.8800081258528972,0.939169207925,0.9632273958185847,0.0,0.0,-0.0,-0.0,3.1156934138091623,-0.022545815120677014,-0.0,0.0,0.0,-0.0
9,Anhui,2009,0.16018162512633705,0.19533319019110973,0.07637890378005618,0.07413504857692832,0.1324150462217002,0.15927016530460314,197.0,203.0,4853.470384471818,4853.470384471818,0.11895428641105354,0.017806621894009927,0.011752774633246862,0.9755434173249999,0.939169207925,0.01076269293724251,0.8800081258528972,0.9632273958185847,0.12313362375977968,0.10001935023920526,0.053951541707971624,31,0.6936308363716208,-0.8152348073294063,0,0.0,0.0,-0.0,-0.6422869077088355,-0.0,0.6104007723491677,-0.7174132549279987,-0.0,0.27731365653016854,0.0,0.0,-0.08092590612034549,-0.0,0.16018162512633705,0.19533319019110973,0.07637890378005618,0.07413504857692832,197.0,4853.470384471818,4853.470384471818,0.11895428641105354,0.017806621894009927,0.011752774633246862,0.9755434173249999,0.8800081258528972,0.939169207925,0.9632273958185847,0.0,0.0,-0.0,-0.0,0.6104007723491677,-0.7174132549279987,-0.0,0.0,0.0,-0.0
9,Anhui,2010,0.08949961870541046,0.08823121528984679,0.030873455378808146,0.03186968712326266,0.1971731076498262,0.2626284863628925,84.0,92.0,5139.993177705393,5139.993177705393,0.05735775991103864,0.006233951286123521,0.010539682921942024,0.9755434173249999,0.939169207925,0.01076269293724251,0.8800081258528972,0.9632273958185847,0.12313362375977968,0.11994848128667408,0.13785180451035353,31,1.1272573429372206,1.2924798872402858,0,0.0,0.0,-0.0,-0.6422869077088355,-0.0,0.9919956217121001,1.137392803272888,-0.0,0.27731365653016854,0.0,0.0,-0.08092590612034549,-0.0,0.08949961870541046,0.08823121528984679,0.030873455378808146,0.03186968712326266,84.0,5139.993177705393,5139.993177705393,0.05735775991103864,0.006233951286123521,0.010539682921942024,0.9755434173249999,0.8800081258528972,0.939169207925,0.9632273958185847,0.0,0.0,-0.0,-0.0,0.9919956217121001,1.137392803272888,-0.0,0.0,0.0,-0.0
9,Anhui,2011,0.12454369175978819,0.12380025525156046,0.06853432747679289,0.08054089193335212,0.2045337456379066,0.24713121895637258,196.0,246.0,5432.055893883068,5432.055893883068,0.055265927774767576,0.011855293560960614,0.009722219820248346,0.9755434173249999,0.939169207925,0.01076269293724251,0.8800081258528972,0.9632273958185847,0.12313362375977968,0.08951107708331604,0.11887028262747688,31,0.46498736126114687,0.8156323630308685,0,0.0,0.0,-0.0,-0.6422869077088355,-0.0,0.40919265632870594,0.7177631071757645,-0.0,0.27731365653016854,0.0,0.0,-0.08092590612034549,-0.0,0.12454369175978819,0.12380025525156046,0.06853432747679289,0.08054089193335212,196.0,5432.055893883068,5432.055893883068,0.055265927774767576,0.011855293560960614,0.009722219820248346,0.9755434173249999,0.8800081258528972,0.939169207925,0.9632273958185847,0.0,0.0,-0.0,-0.0,0.40919265632870594,0.7177631071757645,-0.0,0.0,0.0,-0.0
9,Anhui,2012,0.0797326812811745,0.02587372014058431,0.08546122941522771,0.10529760081304751,0.11855763761725413,0.121592528047751,264.0,353.0,5117.828206639777,5117.828206639777,-0.0595875092746434,0.014183102455884776,0.00886162407052999,0.9755434173249999,0.939169207925,0.01076269293724251,0.8800081258528972,0.9632273958185847,0.12313362375977968,0.0756167924904256,0.06311076158020731,31,0.162669609679673,-0.5851399104757836,0,0.8800081258528972,0.0,-0.0,-0.6422869077088355,-0.0,0.14315057834743136,-0.5149278759795264,-0.0,0.27731365653016854,0.0,0.0,-0.08092590612034549,-0.0,0.0797326812811745,0.02587372014058431,0.08546122941522771,0.10529760081304751,264.0,5117.828206639777,5117.828206639777,-0.0595875092746434,0.014183102455884776,0.00886162407052999,0.9755434173249999,0.8800081258528972,0.939169207925,0.9632273958185847,0.8800081258528972,0.0,-0.0,-0.0,0.14315057834743136,-0.5149278759795264,-0.0,0.0,0.0,-0.0
9,Anhui,2013,0.10646421559195574,0.15536139478304545,0.10978756188018579,0.10753821070795944,0.11528654334408373,0.10126033858596983,374.0,401.0,5356.463719766472,5356.463719766472,0.04557383290285966,0.01790484665528129,0.009223964210605232,0.9755434173249999,0.939169207925,0.01076269293724251,0.8800081258528972,0.9632273958185847,0.12313362375977968,0.05332030642613454,0.09052161106014825,31,-0.3224668138662537,0.10346639789288713,0,0.8800081258528972,0.0,-0.0,-0.6422869077088355,-0.0,-0.283773416520197,0.09105127089846976,-0.0,0.27731365653016854,0.0,0.0,-0.08092590612034549,-0.0,0.10646421559195574,0.15536139478304545,0.10978756188018579,0.10753821070795944,374.0,5356.463719766472,5356.463719766472,0.04557383290285966,0.01790484665528129,0.009223964210605232,0.9755434173249999,0.8800081258528972,0.939169207925,0.9632273958185847,0.8800081258528972,0.0,-0.0,-0.0,-0.283773416520197,0.09105127089846976,-0.0,0.0,0.0,-0.0
9,Anhui,2014,0.051349166520189726,0.003347240100258553,0.0836929310598915,0.09431576463502189,0.09110935839163936,0.07065532165948873,314.0,389.0,4942.930196880593,4942.930196880593,-0.08034569095963295,0.01372335696562417,0.008448955165224628,0.9755434173249999,0.939169207925,0.01076269293724251,0.8800081258528972,0.9632273958185847,0.12313362375977968,0.07238772123836522,0.05502636777100867,31,0.09241010447860744,-0.7882333819285628,0,0.8800081258528972,0.0,-0.0,-0.6422869077088355,-0.0,0.08132164285208976,-0.6936517811656455,-0.0,0.27731365653016854,0.0,0.0,-0.08092590612034549,-0.0,0.051349166520189726,0.003347240100258553,0.0836929310598915,0.09431576463502189,314.0,4942.930196880593,4942.930196880593,-0.08034569095963295,0.01372335696562417,0.008448955165224628,0.9755434173249999,0.8800081258528972,0.939169207925,0.9632273958185847,0.8800081258528972,0.0,-0.0,-0.0,0.08132164285208976,-0.6936517811656455,-0.0,0.0,0.0,-0.0
9,Anhui,2015,-0.005779295610450319,0.011084993718836422,0.16508530880230587,0.1774121010818952,0.05368829880621284,-0.013226045076628168,702.0,839.0,4237.434424452634,4237.434424452634,-0.15400031508346945,0.029077113540619464,0.008096561614755665,0.9755434173249999,0.939169207925,0.01076269293724251,0.8800081258528972,0.9632273958185847,0.12313362375977968,0.07881055819591727,0.01369788281902884,31,0.23216092178769712,-1.826473932411288,0,0.8800081258528972,0.0,-0.0,-0.6422869077088355,-0.0,0.2043034976786724,-1.6073119021804287,-0.0,0.27731365653016854,0.0,0.0,-0.08092590612034549,-0.0,-0.005779295610450319,0.011084993718836422,0.16508530880230587,0.1774121010818952,702.0,4237.434424452634,4237.434424452634,-0.15400031508346945,0.029077113540619464,0.008096561614755665,0.9755434173249999,0.8800081258528972,0.939169207925,0.9632273958185847,0.8800081258528972,0.0,-0.0,-0.0,0.2043034976786724,-1.6073119021804287,-0.0,0.0,0.0,-0.0
9,Anhui,2016,0.08850321681651874,0.08582372114937709,0.0634133490234472,0.10510859475965617,0.10446460977158267,0.06078146068327328,302.0,572.0,4333.468972533063,4333.468972533063,0.02241037212592989,0.011268152592725423,0.007947032518955588,0.9755434173249999,0.939169207925,0.01076269293724251,0.8800081258528972,0.9632273958185847,0.12313362375977968,0.05903759135568659,0.05014379919751098,31,-0.1980676975607446,-0.9108916571933824,1,0.8800081258528972,0.8800081258528972,-0.7298647465173527,-0.6422869077088355,-0.6422869077088355,-0.17430118332242933,-0.8015920601017882,-0.3799521183252209,0.27731365653016854,0.27731365653016854,0.1108779489713598,-0.08092590612034549,-0.08092590612034549,0.08850321681651874,0.08582372114937709,0.0634133490234472,0.10510859475965617,302.0,4333.468972533063,4333.468972533063,0.02241037212592989,0.011268152592725423,0.007947032518955588,0.9755434173249999,0.8800081258528972,0.939169207925,0.9632273958185847,0.8800081258528972,0.8800081258528972,-0.7298647465173527,-0.6422869077088355,-0.17430118332242933,-0.8015920601017882,-0.3799521183252209,0.27731365653016854,0.1108779489713598,-0.08092590612034549
9,Anhui,2017,0.09532494988918838,0.07930928771801238,0.027690372710640787,0.12062798778861428,0.11746632057018758,0.09625296392730043,138.0,735.0,4563.031862260043,4563.031862260043,0.05161891500737159,0.0045783594683011805,0.007649509729030458,0.9755434173249999,0.939169207925,0.01076269293724251,0.8800081258528972,0.9632273958185847,0.12313362375977968,0.033173774099243235,0.0667308662369896,31,-0.7608236299016604,-0.49419683680565485,1,0.8800081258528972,0.8800081258528972,-0.7298647465173527,-0.6422869077088355,-0.6422869077088355,-0.6695309766543585,-0.43489723215977444,-0.3799521183252209,0.27731365653016854,0.27731365653016854,0.1108779489713598,-0.08092590612034549,-0.08092590612034549,0.09532494988918838,0.07930928771801238,0.027690372710640787,0.12062798778861428,138.0,4563.031862260043,4563.031862260043,0.05161891500737159,0.0045783594683011805,0.007649509729030458,0.9755434173249999,0.8800081258528972,0.939169207925,0.9632273958185847,0.8800081258528972,0.8800081258528972,-0.7298647465173527,-0.6422869077088355,-0.6695309766543585,-0.43489723215977444,-0.3799521183252209,0.27731365653016854,0.1108779489713598,-0.08092590612034549
9,Anhui,2018,0.10087103411369824,0.07742034460889258,0.06882134150506936,0.09167734515802017,0.13148354603607437,0.10565697361815829,360.0,621.0,4602.438573803805,4602.438573803805,0.008599003103823222,0.010472026294327178,0.0072469330852936945,0.9755434173249999,0.939169207925,0.01076269293724251,0.8800081258528972,0.9632273958185847,0.12313362375977968,0.03201785921534048,0.096922743210444,31,-0.785974517403983,0.26427352583763797,1,0.8800081258528972,0.8800081258528972,-0.7298647465173527,-0.6422869077088355,-0.6422869077088355,-0.6916639620288145,0.232562850184917,-0.3799521183252209,0.27731365653016854,0.27731365653016854,0.1108779489713598,-0.08092590612034549,-0.08092590612034549,0.10087103411369824,0.07742034460889258,0.06882134150506936,0.09167734515802017,360.0,4602.438573803805,4602.438573803805,0.008599003103823222,0.010472026294327178,0.0072469330852936945,0.9755434173249999,0.8800081258528972,0.939169207925,0.9632273958185847,0.8800081258528972,0.8800081258528972,-0.7298647465173527,-0.6422869077088355,-0.6916639620288145,0.232562850184917,-0.3799521183252209,0.27731365653016854,0.1108779489713598,-0.08092590612034549
9,Anhui,2019,0.05189508336014903,0.05691308566768516,0.01975553548706621,0.0421245736415603,0.08920324802169688,0.05530845192718381,108.0,305.0,4776.6708929541755,4776.6708929541755,0.03715755018061895,0.0028735019775680067,0.007016666125224396,0.9755434173249999,0.939169207925,0.01076269293724251,0.8800081258528972,0.9632273958185847,0.12313362375977968,0.0323398613545378,0.051984497690370696,31,-0.7789682579542254,-0.8646502375352481,1,0.8800081258528972,0.8800081258528972,-0.7298647465173527,-0.6422869077088355,-0.6422869077088355,-0.6854983967811941,-0.760899235051656,-0.3799521183252209,0.27731365653016854,0.27731365653016854,0.1108779489713598,-0.08092590612034549,-0.08092590612034549,0.05189508336014903,0.05691308566768516,0.01975553548706621,0.0421245736415603,108.0,4776.6708929541755,4776.6708929541755,0.03715755018061895,0.0028735019775680067,0.007016666125224396,0.9755434173249999,0.8800081258528972,0.939169207925,0.9632273958185847,0.8800081258528972,0.8800081258528972,-0.7298647465173527,-0.6422869077088355,-0.6854983967811941,-0.760899235051656,-0.3799521183252209,0.27731365653016854,0.1108779489713598,-0.08092590612034549
9,Anhui,2020,-0.027389352558691016,-0.042566209050106885,0.007218944903518931,0.05550405422604143,0.027398398193183127,0.025897162008192254,40.0,422.0,4544.686207516634,4544.686207516634,-0.049785153953625816,0.0010354968045733545,0.006542527685495597,0.9755434173249999,0.939169207925,0.01076269293724251,0.8800081258528972,0.9632273958185847,0.12313362375977968,0.04438090693127943,0.037262753188721555,31,-0.5169740688245997,-1.2344850411390522,1,0.8800081258528972,0.8800081258528972,-0.7298647465173527,-0.6422869077088355,-0.6422869077088355,-0.4549413814208827,-1.086356867446214,-0.3799521183252209,0.27731365653016854,0.27731365653016854,0.1108779489713598,-0.08092590612034549,-0.08092590612034549,-0.027389352558691016,-0.042566209050106885,0.007218944903518931,0.05550405422604143,40.0,4544.686207516634,4544.686207516634,-0.049785153953625816,0.0010354968045733545,0.006542527685495597,0.9755434173249999,0.8800081258528972,0.939169207925,0.9632273958185847,0.8800081258528972,0.8800081258528972,-0.7298647465173527,-0.6422869077088355,-0.4549413814208827,-1.086356867446214,-0.3799521183252209,0.27731365653016854,0.1108779489713598,-0.08092590612034549
9,Anhui,2021,0.09320109294361512,0.0625011723520581,0.0316812621260496,0.07988522735825043,0.10958984525394655,0.10183819115069781,179.0,650.0,4686.933797909407,4686.933797909407,0.030819910226008496,0.004152862362703528,0.006241589728704637,0.9755434173249999,0.939169207925,0.01076269293724251,0.8800081258528972,0.9632273958185847,0.12313362375977968,0.037499334228858976,0.0910393120777722,31,-0.6667062535104331,0.1164719118900222,1,0.8800081258528972,0.8800081258528972,-0.7298647465173527,-0.6422869077088355,-0.6422869077088355,-0.5867069206461228,0.10249622889684222,-0.3799521183252209,0.27731365653016854,0.27731365653016854,0.1108779489713598,-0.08092590612034549,-0.08092590612034549,0.09320109294361512,0.0625011723520581,0.0316812621260496,0.07988522735825043,179.0,4686.933797909407,4686.933797909407,0.030819910226008496,0.004152862362703528,0.006241589728704637,0.9755434173249999,0.8800081258528972,0.939169207925,0.9632273958185847,0.8800081258528972,0.8800081258528972,-0.7298647465173527,-0.6422869077088355,-0.5867069206461228,0.10249622889684222,-0.3799521183252209,0.27731365653016854,0.1108779489713598,-0.08092590612034549
9,Anhui,2022,0.06752003065391055,0.06914402040485168,0.019495139977607323,0.08520842971772424,0.05467588274122548,0.04457377322957967,113.0,753.0,4925.5082863488815,4925.5082863488815,0.04964888042724436,0.0024821471020537197,0.006332550336735105,0.9755434173249999,0.939169207925,0.01076269293724251,0.8800081258528972,0.9632273958185847,0.12313362375977968,0.030562387673295114,0.03176275653557354,31,-0.8176432860361678,-1.3726541407189772,1,0.8800081258528972,0.8800081258528972,-0.7298647465173527,-0.6422869077088355,-0.6422869077088355,-0.7195327357608924,-1.2079467978183263,-0.3799521183252209,0.27731365653016854,0.27731365653016854,0.1108779489713598,-0.08092590612034549,-0.08092590612034549,0.06752003065391055,0.06914402040485168,0.019495139977607323,0.08520842971772424,113.0,4925.5082863488815,4925.5082863488815,0.04964888042724436,0.0024821471020537197,0.006332550336735105,0.9755434173249999,0.8800081258528972,0.939169207925,0.9632273958185847,0.8800081258528972,0.8800081258528972,-0.7298647465173527,-0.6422869077088355,-0.7195327357608924,-1.2079467978183263,-0.3799521183252209,0.27731365653016854,0.1108779489713598,-0.08092590612034549
9,Anhui,2023,0.073242320787692,0.050755496742633355,0.03656898583921375,0.14335391209704085,0.05766553164156285,0.056992960938941906,218.0,1421.0,4995.882062263219,4995.882062263219,0.014186510903419602,0.004520242600176248,0.006288943030428698,0.9755434173249999,0.939169207925,0.01076269293724251,0.8800081258528972,0.9632273958185847,0.12313362375977968,0.034067135169903805,0.07133473617818979,31,-0.7413854998974198,-0.3785399365428838,1,0.8800081258528972,0.8800081258528972,-0.7298647465173527,-0.6422869077088355,-0.6422869077088355,-0.6524252642992416,-0.33311822011757786,-0.3799521183252209,0.27731365653016854,0.27731365653016854,0.1108779489713598,-0.08092590612034549,-0.08092590612034549,0.073242320787692,0.050755496742633355,0.03656898583921375,0.14335391209704085,218.0,4995.882062263219,4995.882062263219,0.014186510903419602,0.004520242600176248,0.006288943030428698,0.9755434173249999,0.8800081258528972,0.939169207925,0.9632273958185847,0.8800081258528972,0.8800081258528972,-0.7298647465173527,-0.6422869077088355,-0.6524252642992416,-0.33311822011757786,-0.3799521183252209,0.27731365653016854,0.1108779489713598,-0.08092590612034549
10,Shandong,2000,,,,,,,,,5044.364147345177,5044.364147345177,,,0.012039767622926273,0.9871288368000001,0.962871766875,0.009006573094483933,0.927044345231369,1.064671308879253,-0.10064460320905602,,,0,,,0,0.0,0.0,-0.0,-0.17253954958426268,-0.0,,,-0.0,0.04261199538264732,0.0,-0.0,0.21692880028006628,0.0,,,,,,5044.364147345177,5044.364147345177,,,0.012039767622926273,0.9871288368000001,0.927044345231369,0.962871766875,1.064671308879253,0.0,0.0,-0.0,-0.0,,,-0.0,0.0,-0.0,0.0
10,Shandong,2001,0.09401071207738809,0.06155002297248302,0.05048070898466239,0.04895197492734482,0.0941061688915763,0.08074817130938072,103.17000000000007,100.38999999999987,5100.511983662329,5100.511983662329,0.011069313987820628,0.011247996930933294,0.011654111000602051,0.9871288368000001,0.962871766875,0.009006573094483933,0.927044345231369,1.064671308879253,-0.10064460320905602,0.06028087511627794,0.10333775942244862,31,-0.17101580089295476,0.42542944459551196,0,0.0,0.0,-0.0,-0.17253954958426268,-0.0,-0.15853923116302743,0.39439196090719136,-0.0,0.04261199538264732,0.0,-0.0,0.21692880028006628,0.0,0.09401071207738809,0.06155002297248302,0.05048070898466239,0.04895197492734482,103.17000000000007,5100.511983662329,5100.511983662329,0.011069313987820628,0.011247996930933294,0.011654111000602051,0.9871288368000001,0.927044345231369,0.962871766875,1.064671308879253,0.0,0.0,-0.0,-0.0,-0.15853923116302743,0.39439196090719136,-0.0,0.0,-0.0,0.0
10,Shandong,2002,0.10028221981367835,0.13277218219026565,0.1804573384892274,0.17979702586419322,0.1054739159003315,0.12027987231985726,414.4699999999998,413.9200000000001,4863.001147300656,4863.001147300656,-0.04768515629896175,0.040663814924553086,0.011976630104193238,0.9871288368000001,0.962871766875,0.009006573094483933,0.927044345231369,1.064671308879253,-0.10064460320905602,0.03622957213462816,0.07192239437819348,31,-0.6943342770192986,-0.36377698131293934,0,0.0,0.0,-0.0,-0.17253954958426268,-0.0,-0.6436786652110517,-0.33723739345149784,-0.0,0.04261199538264732,0.0,-0.0,0.21692880028006628,0.0,0.10028221981367835,0.13277218219026565,0.1804573384892274,0.17979702586419322,414.4699999999998,4863.001147300656,4863.001147300656,-0.04768515629896175,0.040663814924553086,0.011976630104193238,0.9871288368000001,0.927044345231369,0.962871766875,1.064671308879253,0.0,0.0,-0.0,-0.0,-0.6436786652110517,-0.33723739345149784,-0.0,0.0,-0.0,0.0
10,Shandong,2003,0.134766459044819,0.1086384187738858,,0.19422640440959782,0.07877552636276874,0.12703900734858742,,539.21,,,,,0.01233968081247733,0.9871288368000001,0.962871766875,0.009006573094483933,0.927044345231369,1.064671308879253,-0.10064460320905602,,0.174536334595533,0,,2.2140565371971155,0,0.0,0.0,-0.0,-0.17253954958426268,-0.0,,2.0525285928311323,-0.0,0.04261199538264732,0.0,-0.0,0.21692880028006628,0.0,0.134766459044819,0.1086384187738858,,0.19422640440959782,,,,,,0.01233968081247733,0.9871288368000001,0.927044345231369,0.962871766875,1.064671308879253,0.0,0.0,-0.0,-0.0,,2.0525285928311323,-0.0,0.0,-0.0,0.0
10,Shandong,2004,0.18935134362531691,0.18342077949231417,,0.07498217204773816,0.1990024732166109,0.247679248984495,,237.84000000000015,4974.924224902923,4974.924224902923,,,0.01214889790579807,0.9871288368000001,0.962871766875,0.009006573094483933,0.927044345231369,1.064671308879253,-0.10064460320905602,,0.13859497572773094,0,,1.3111495891354643,0,0.0,0.0,-0.0,-0.17253954958426268,-0.0,,1.215493812360465,-0.0,0.04261199538264732,0.0,-0.0,0.21692880028006628,0.0,0.18935134362531691,0.18342077949231417,,0.07498217204773816,,4974.924224902923,4974.924224902923,,,0.01214889790579807,0.9871288368000001,0.927044345231369,0.962871766875,1.064671308879253,0.0,0.0,-0.0,-0.0,,1.215493812360465,-0.0,0.0,-0.0,0.0
10,Shandong,2005,0.12417377698780996,0.16382803444260752,,0.1281892838183083,0.18067660040732214,0.1877632036779353,,450.28999999999996,,,,,0.01194592113343548,0.9871288368000001,0.962871766875,0.009006573094483933,0.927044345231369,1.064671308879253,-0.10064460320905602,,0.1204312655274813,1,,0.8548468599396662,0,0.0,0.0,-0.0,-0.17253954958426268,-0.0,,0.7924809475458597,-0.0,0.04261199538264732,0.0,-0.0,0.21692880028006628,0.0,0.12417377698780996,0.16382803444260752,,0.1281892838183083,,,,,,0.01194592113343548,0.9871288368000001,0.927044345231369,0.962871766875,1.064671308879253,0.0,0.0,-0.0,-0.0,,0.7924809475458597,-0.0,0.0,-0.0,0.0
10,Shandong,2006,0.1913759170990197,0.1815735320119236,,0.2907433912086219,0.17396003149967498,0.17846662068861896,,1262.85,4675.007591861524,4675.007591861524,,,0.012037218515429524,0.9871288368000001,0.962871766875,0.009006573094483933,0.927044345231369,1.064671308879253,-0.10064460320905602,,0.1288484193955256,1,,1.0662998196987796,0,0.0,0.0,-0.0,-0.17253954958426268,-0.0,,0.988507218172982,-0.0,0.04261199538264732,0.0,-0.0,0.21692880028006628,0.0,0.1913759170990197,0.1815735320119236,,0.2907433912086219,,4675.007591861524,4675.007591861524,,,0.012037218515429524,0.9871288368000001,0.927044345231369,0.962871766875,1.064671308879253,0.0,0.0,-0.0,-0.0,,0.988507218172982,-0.0,0.0,-0.0,0.0
10,Shandong,2007,0.15331523390342472,0.15043939670091078,0.09172407968971719,0.10145719288179222,0.18117845861296722,0.1702000039428775,474.5,534.5,4957.720724048762,4957.720724048762,0.05871531701119359,0.020635369327447868,0.011672834808323729,0.9871288368000001,0.962871766875,0.009006573094483933,0.927044345231369,1.064671308879253,-0.10064460320905602,0.07460781837107273,0.1340029619229762,31,0.1407159218069819,1.1957905348170592,0,0.0,0.0,-0.0,-0.17253954958426268,-0.0,0.13044989959518205,1.1085508533833492,-0.0,0.04261199538264732,0.0,-0.0,0.21692880028006628,0.0,0.15331523390342472,0.15043939670091078,0.09172407968971719,0.10145719288179222,474.5,4957.720724048762,4957.720724048762,0.05871531701119359,0.020635369327447868,0.011672834808323729,0.9871288368000001,0.927044345231369,0.962871766875,1.064671308879253,0.0,0.0,-0.0,-0.0,0.13044989959518205,1.1085508533833492,-0.0,0.0,-0.0,0.0
10,Shandong,2008,-0.01890607857798532,0.020878755053346687,0.032527624647341824,0.034767602538126496,0.17748259032002878,0.17405484465253984,179.0,196.0,4900.303951367781,4900.303951367781,-0.011648869593995137,0.006518525229915486,0.009980772535552273,0.9871288368000001,0.962871766875,0.009006573094483933,0.927044345231369,1.064671308879253,-0.10064460320905602,0.23086049090782326,0.08538316258007597,31,3.540528004544794,-0.02562000788211561,0,0.0,0.0,-0.0,-0.17253954958426268,-0.0,3.2822264657465543,-0.02375088343189838,-0.0,0.04261199538264732,0.0,-0.0,0.21692880028006628,0.0,-0.01890607857798532,0.020878755053346687,0.032527624647341824,0.034767602538126496,179.0,4900.303951367781,4900.303951367781,-0.011648869593995137,0.006518525229915486,0.009980772535552273,0.9871288368000001,0.927044345231369,0.962871766875,1.064671308879253,0.0,0.0,-0.0,-0.0,3.2822264657465543,-0.02375088343189838,-0.0,0.0,-0.0,0.0
10,Shandong,2009,0.0771708606920809,0.031652845975392196,0.05106083397182992,0.058078105469265395,0.08703201573851516,0.06542460867940392,293.0,343.0,4806.11586816174,4806.11586816174,-0.019407987996437726,0.009780620678188238,0.009443071763818775,0.9871288368000001,0.962871766875,0.009006573094483933,0.927044345231369,1.064671308879253,-0.10064460320905602,0.10001935023920526,0.053951541707971624,31,0.6936308363716208,-0.8152348073294063,0,0.0,0.0,-0.0,-0.17253954958426268,-0.0,0.6430265445364161,-0.7557588181705108,-0.0,0.04261199538264732,0.0,-0.0,0.21692880028006628,0.0,0.0771708606920809,0.031652845975392196,0.05106083397182992,0.058078105469265395,293.0,4806.11586816174,4806.11586816174,-0.019407987996437726,0.009780620678188238,0.009443071763818775,0.9871288368000001,0.927044345231369,0.962871766875,1.064671308879253,0.0,0.0,-0.0,-0.0,0.6430265445364161,-0.7557588181705108,-0.0,0.0,-0.0,0.0
10,Shandong,2010,0.06196847956402518,0.059930226319875324,0.0195160972068944,0.027421203770799707,0.13914112948923218,0.10787561368061027,116.0,169.0,5004.329186937687,5004.329186937687,0.04041412911298092,0.0033692137167196474,0.00872393521954697,0.9871288368000001,0.962871766875,0.009006573094483933,0.927044345231369,1.064671308879253,-0.10064460320905602,0.11994848128667408,0.13785180451035353,31,1.1272573429372206,1.2924798872402858,0,0.0,0.0,-0.0,-0.17253954958426268,-0.0,1.0450175453904884,1.1981861707913846,-0.0,0.04261199538264732,0.0,-0.0,0.21692880028006628,0.0,0.06196847956402518,0.059930226319875324,0.0195160972068944,0.027421203770799707,116.0,5004.329186937687,5004.329186937687,0.04041412911298092,0.0033692137167196474,0.00872393521954697,0.9871288368000001,0.927044345231369,0.962871766875,1.064671308879253,0.0,0.0,-0.0,-0.0,1.0450175453904884,1.1981861707913846,-0.0,0.0,-0.0,0.0
10,Shandong,2011,0.0406167630092531,0.03854246692360519,0.07167725818615267,0.08539622356604504,0.14047372710623307,0.11659748048058916,446.0,557.0,4841.228853908189,4841.228853908189,-0.03313479126254748,0.011256372722225027,0.007878512859017717,0.9871288368000001,0.962871766875,0.009006573094483933,0.927044345231369,1.064671308879253,-0.10064460320905602,0.08951107708331604,0.11887028262747688,31,0.46498736126114687,0.8156323630308685,0,0.0,0.0,-0.0,-0.17253954958426268,-0.0,0.43106390386120197,0.7561273699354658,-0.0,0.04261199538264732,0.0,-0.0,0.21692880028006628,0.0,0.0406167630092531,0.03854246692360519,0.07167725818615267,0.08539622356604504,446.0,4841.228853908189,4841.228853908189,-0.03313479126254748,0.011256372722225027,0.007878512859017717,0.9871288368000001,0.927044345231369,0.962871766875,1.064671308879253,0.0,0.0,-0.0,-0.0,0.43106390386120197,0.7561273699354658,-0.0,0.0,-0.0,0.0
10,Shandong,2012,0.013419149321617141,-0.028272825489635167,0.05579616851138347,0.07226939836865753,0.09531249715517554,0.06554454655864639,370.0,510.0,4450.870032267527,4450.870032267527,-0.08406899400101864,0.008489295262530424,0.006962606072310302,0.9871288368000001,0.962871766875,0.009006573094483933,0.927044345231369,1.064671308879253,-0.10064460320905602,0.0756167924904256,0.06311076158020731,31,0.162669609679673,-0.5851399104757836,0,0.927044345231369,0.0,-0.0,-0.17253954958426268,-0.0,0.15080194179453482,-0.5424506451757647,-0.0,0.04261199538264732,0.0,-0.0,0.21692880028006628,0.0,0.013419149321617141,-0.028272825489635167,0.05579616851138347,0.07226939836865753,370.0,4450.870032267527,4450.870032267527,-0.08406899400101864,0.008489295262530424,0.006962606072310302,0.9871288368000001,0.927044345231369,0.962871766875,1.064671308879253,0.927044345231369,0.0,-0.0,-0.0,0.15080194179453482,-0.5424506451757647,-0.0,0.0,-0.0,0.0
10,Shandong,2013,0.0998825041549063,0.12648903465612804,0.04024688050859382,0.05362822864334049,0.09771372051988081,0.06107822199570201,280.0,403.0,4851.761059453367,4851.761059453367,0.08624215414753422,0.005826280863110241,0.007165867682414923,0.9871288368000001,0.962871766875,0.009006573094483933,0.927044345231369,1.064671308879253,-0.10064460320905602,0.05332030642613454,0.09052161106014825,31,-0.3224668138662537,0.10346639789288713,0,0.927044345231369,0.0,-0.0,-0.17253954958426268,-0.0,-0.29894103631948693,0.09591793908805984,-0.0,0.04261199538264732,0.0,-0.0,0.21692880028006628,0.0,0.0998825041549063,0.12648903465612804,0.04024688050859382,0.05362822864334049,280.0,4851.761059453367,4851.761059453367,0.08624215414753422,0.005826280863110241,0.007165867682414923,0.9871288368000001,0.927044345231369,0.962871766875,1.064671308879253,0.927044345231369,0.0,-0.0,-0.0,-0.29894103631948693,0.09591793908805984,-0.0,0.0,-0.0,0.0
10,Shandong,2014,0.2712138805406026,0.03112972815347881,0.12871210618857276,0.1358447293082392,0.07019382880021574,0.04208490940513343,975.0,1123.0,4400.681283289979,4400.681283289979,-0.09758237803509395,0.018912685832413935,0.0068913365719222575,0.9871288368000001,0.962871766875,0.009006573094483933,0.927044345231369,1.064671308879253,-0.10064460320905602,0.07238772123836522,0.05502636777100867,31,0.09241010447860744,-0.7882333819285628,0,0.927044345231369,0.0,-0.0,-0.17253954958426268,-0.0,0.08566826479913303,-0.7307272994394721,-0.0,0.04261199538264732,0.0,-0.0,0.21692880028006628,0.0,0.2712138805406026,0.03112972815347881,0.12871210618857276,0.1358447293082392,975.0,4400.681283289979,4400.681283289979,-0.09758237803509395,0.018912685832413935,0.0068913365719222575,0.9871288368000001,0.927044345231369,0.962871766875,1.064671308879253,0.927044345231369,0.0,-0.0,-0.0,0.08566826479913303,-0.7307272994394721,-0.0,0.0,-0.0,0.0
10,Shandong,2015,0.006389290878554554,0.23377798629501445,0.08098557835582554,0.09437401871625895,0.08558420353381635,0.05070617107235442,681.0,875.0,5127.159355723098,5127.159355723098,0.1527924079391889,0.012126262275347636,0.00799214221765868,0.9871288368000001,0.962871766875,0.009006573094483933,0.927044345231369,1.064671308879253,-0.10064460320905602,0.07881055819591727,0.01369788281902884,31,0.23216092178769712,-1.826473932411288,0,0.927044345231369,0.0,-0.0,-0.17253954958426268,-0.0,0.21522346972698675,-1.6932223307543863,-0.0,0.04261199538264732,0.0,-0.0,0.21692880028006628,0.0,0.006389290878554554,0.23377798629501445,0.08098557835582554,0.09437401871625895,681.0,5127.159355723098,5127.159355723098,0.1527924079391889,0.012126262275347636,0.00799214221765868,0.9871288368000001,0.927044345231369,0.962871766875,1.064671308879253,0.927044345231369,0.0,-0.0,-0.0,0.21522346972698675,-1.6932223307543863,-0.0,0.0,-0.0,0.0
10,Shandong,2016,0.12893814200024778,0.10318912779181666,0.0859827466914922,0.11883458450170892,0.06118683447716755,0.029779949321349974,786.0,1226.0,5216.142557651992,5216.142557651992,0.017206381100324464,0.013165255343477325,0.008334980106897184,0.9871288368000001,0.962871766875,0.009006573094483933,0.927044345231369,1.064671308879253,-0.10064460320905602,0.05903759135568659,0.05014379919751098,31,-0.1980676975607446,-0.9108916571933824,1,0.927044345231369,0.927044345231369,-0.1861179030666551,-0.17253954958426268,-0.17253954958426268,-0.18361753899668531,-0.8444369599195558,-0.2289516198094416,0.04261199538264732,0.04261199538264732,-1.1655450480890963,0.21692880028006628,0.21692880028006628,0.12893814200024778,0.10318912779181666,0.0859827466914922,0.11883458450170892,786.0,5216.142557651992,5216.142557651992,0.017206381100324464,0.013165255343477325,0.008334980106897184,0.9871288368000001,0.927044345231369,0.962871766875,1.064671308879253,0.927044345231369,0.927044345231369,-0.1861179030666551,-0.17253954958426268,-0.18361753899668531,-0.8444369599195558,-0.2289516198094416,0.04261199538264732,-1.1655450480890963,0.21692880028006628
10,Shandong,2017,0.08032338775314507,-0.03434375384967758,0.08004270767353638,0.13759004333807212,0.06886042627760425,0.05185327838476539,795.0,1614.0,4652.346395742622,4652.346395742622,-0.11438646152321397,0.012429915212968538,0.007517675261257274,0.9871288368000001,0.962871766875,0.009006573094483933,0.927044345231369,1.064671308879253,-0.10064460320905602,0.033173774099243235,0.0667308662369896,31,-0.7608236299016604,-0.49419683680565485,1,0.927044345231369,0.927044345231369,-0.1861179030666551,-0.17253954958426268,-0.17253954958426268,-0.7053172438187382,-0.458142382991912,-0.2289516198094416,0.04261199538264732,0.04261199538264732,-1.1655450480890963,0.21692880028006628,0.21692880028006628,0.08032338775314507,-0.03434375384967758,0.08004270767353638,0.13759004333807212,795.0,4652.346395742622,4652.346395742622,-0.11438646152321397,0.012429915212968538,0.007517675261257274,0.9871288368000001,0.927044345231369,0.962871766875,1.064671308879253,0.927044345231369,0.927044345231369,-0.1861179030666551,-0.17253954958426268,-0.7053172438187382,-0.458142382991912,-0.2289516198094416,0.04261199538264732,-1.1655450480890963,0.21692880028006628
10,Shandong,2018,0.024798192488057147,0.11007671766591187,0.00309149120724328,0.04294779965770168,0.059275536842758214,0.021969908453231213,32.0,551.0,5177.679174303077,5177.679174303077,0.10698522645866859,0.00047152853253041454,0.007909449075198456,0.9871288368000001,0.962871766875,0.009006573094483933,0.927044345231369,1.064671308879253,-0.10064460320905602,0.03201785921534048,0.096922743210444,31,-0.785974517403983,0.26427352583763797,1,0.927044345231369,0.927044345231369,-0.1861179030666551,-0.17253954958426268,-0.17253954958426268,-0.7286332318553167,0.2449932777221384,-0.2289516198094416,0.04261199538264732,0.04261199538264732,-1.1655450480890963,0.21692880028006628,0.21692880028006628,0.024798192488057147,0.11007671766591187,0.00309149120724328,0.04294779965770168,32.0,5177.679174303077,5177.679174303077,0.10698522645866859,0.00047152853253041454,0.007909449075198456,0.9871288368000001,0.927044345231369,0.962871766875,1.064671308879253,0.927044345231369,0.927044345231369,-0.1861179030666551,-0.17253954958426268,-0.7286332318553167,0.2449932777221384,-0.2289516198094416,0.04261199538264732,-1.1655450480890963,0.21692880028006628
10,Shandong,2019,-0.003892701877546756,-0.03764288374451841,0.03283027293944585,0.06904881966877774,0.05949195326437895,0.033624333940670326,346.0,937.0,4825.352375618408,4825.352375618408,-0.07047315668396426,0.004803934427850091,0.007177300182464815,0.9871288368000001,0.962871766875,0.009006573094483933,0.927044345231369,1.064671308879253,-0.10064460320905602,0.0323398613545378,0.051984497690370696,31,-0.7789682579542254,-0.8646502375352481,1,0.927044345231369,0.927044345231369,-0.1861179030666551,-0.17253954958426268,-0.17253954958426268,-0.722138118651195,-0.8015691133100117,-0.2289516198094416,0.04261199538264732,0.04261199538264732,-1.1655450480890963,0.21692880028006628,0.21692880028006628,-0.003892701877546756,-0.03764288374451841,0.03283027293944585,0.06904881966877774,346.0,4825.352375618408,4825.352375618408,-0.07047315668396426,0.004803934427850091,0.007177300182464815,0.9871288368000001,0.927044345231369,0.962871766875,1.064671308879253,0.927044345231369,0.927044345231369,-0.1861179030666551,-0.17253954958426268,-0.722138118651195,-0.8015691133100117,-0.2289516198094416,0.04261199538264732,-1.1655450480890963,0.21692880028006628
10,Shandong,2020,-0.015551881415929003,-0.019968230824686906,0.06836415401870966,0.12387224694333021,0.03185947684181478,0.018899904701866532,758.0,1852.0,4417.400401011246,4417.400401011246,-0.08833238484339656,0.010194214855693088,0.00681479228453404,0.9871288368000001,0.962871766875,0.009006573094483933,0.927044345231369,1.064671308879253,-0.10064460320905602,0.04438090693127943,0.037262753188721555,31,-0.5169740688245997,-1.2344850411390522,1,0.927044345231369,0.927044345231369,-0.1861179030666551,-0.17253954958426268,-0.17253954958426268,-0.47925788713509776,-1.1444223766606723,-0.2289516198094416,0.04261199538264732,0.04261199538264732,-1.1655450480890963,0.21692880028006628,0.21692880028006628,-0.015551881415929003,-0.019968230824686906,0.06836415401870966,0.12387224694333021,758.0,4417.400401011246,4417.400401011246,-0.08833238484339656,0.010194214855693088,0.00681479228453404,0.9871288368000001,0.927044345231369,0.962871766875,1.064671308879253,0.927044345231369,0.927044345231369,-0.1861179030666551,-0.17253954958426268,-0.47925788713509776,-1.1444223766606723,-0.2289516198094416,0.04261199538264732,-1.1655450480890963,0.21692880028006628
10,Shandong,2021,0.06732055880599486,0.029191629897531435,0.011096776200608005,0.08660238546263699,0.13188055836771895,0.1612564119532145,128.0,1438.0,4498.060177601517,4498.060177601517,0.01809485369692343,0.0015087578679365379,0.006149720644051015,0.9871288368000001,0.962871766875,0.009006573094483933,0.927044345231369,1.064671308879253,-0.10064460320905602,0.037499334228858976,0.0910393120777722,31,-0.6667062535104331,0.1164719118900222,1,0.927044345231369,0.927044345231369,-0.1861179030666551,-0.17253954958426268,-0.17253954958426268,-0.6180662622472386,0.10797462729593134,-0.2289516198094416,0.04261199538264732,0.04261199538264732,-1.1655450480890963,0.21692880028006628,0.21692880028006628,0.06732055880599486,0.029191629897531435,0.011096776200608005,0.08660238546263699,128.0,4498.060177601517,4498.060177601517,0.01809485369692343,0.0015087578679365379,0.006149720644051015,0.9871288368000001,0.927044345231369,0.962871766875,1.064671308879253,0.927044345231369,0.927044345231369,-0.1861179030666551,-0.17253954958426268,-0.6180662622472386,0.10797462729593134,-0.2289516198094416,0.04261199538264732,-1.1655450480890963,0.21692880028006628
10,Shandong,2022,-0.00108587964495932,-0.03606314816796008,0.01318963965097808,0.08134654086118509,0.05371178359414763,0.055723644553244966,154.0,1469.0,4281.885476048668,4281.885476048668,-0.04925278781893816,0.0017202975381939007,0.005621686598026497,0.9871288368000001,0.962871766875,0.009006573094483933,0.927044345231369,1.064671308879253,-0.10064460320905602,0.030562387673295114,0.03176275653557354,31,-0.8176432860361678,-1.3726541407189772,1,0.927044345231369,0.927044345231369,-0.1861179030666551,-0.17253954958426268,-0.17253954958426268,-0.7579915847362241,-1.2725112591119516,-0.2289516198094416,0.04261199538264732,0.04261199538264732,-1.1655450480890963,0.21692880028006628,0.21692880028006628,-0.00108587964495932,-0.03606314816796008,0.01318963965097808,0.08134654086118509,154.0,4281.885476048668,4281.885476048668,-0.04925278781893816,0.0017202975381939007,0.005621686598026497,0.9871288368000001,0.927044345231369,0.962871766875,1.064671308879253,0.927044345231369,0.927044345231369,-0.1861179030666551,-0.17253954958426268,-0.7579915847362241,-1.2725112591119516,-0.2289516198094416,0.04261199538264732,-1.1655450480890963,0.21692880028006628
10,Shandong,2023,0.04791822349392039,0.00746338602499641,0.00382149843016677,0.09872256760974807,0.051032759369684655,0.05450436834676431,45.0,1951.0,4297.508052212239,4297.508052212239,0.0036418875948296403,0.00047767456303764,0.005382012376696538,0.9871288368000001,0.962871766875,0.009006573094483933,0.927044345231369,1.064671308879253,-0.10064460320905602,0.034067135169903805,0.07133473617818979,31,-0.7413854998974198,-0.3785399365428838,1,0.927044345231369,0.927044345231369,-0.1861179030666551,-0.17253954958426268,-0.17253954958426268,-0.6872972353164347,-0.35092330761632173,-0.2289516198094416,0.04261199538264732,0.04261199538264732,-1.1655450480890963,0.21692880028006628,0.21692880028006628,0.04791822349392039,0.00746338602499641,0.00382149843016677,0.09872256760974807,45.0,4297.508052212239,4297.508052212239,0.0036418875948296403,0.00047767456303764,0.005382012376696538,0.9871288368000001,0.927044345231369,0.962871766875,1.064671308879253,0.927044345231369,0.927044345231369,-0.1861179030666551,-0.17253954958426268,-0.6872972353164347,-0.35092330761632173,-0.2289516198094416,0.04261199538264732,-1.1655450480890963,0.21692880028006628
11,Shanxi,2000,,,,,,,,,5159.122574506406,5159.122574506406,,,0.03261560771255169,0.975294239125,0.9547347314,0.023343321383407747,0.8789964749148521,1.0298458404123778,1.726253558566863,,,0,,,0,0.0,0.0,0.0,0.5867914619736353,0.0,,,0.0,2.0074208565287437,0.0,0.0,0.36035394208016425,0.0,,,,,,5159.122574506406,5159.122574506406,,,0.03261560771255169,0.975294239125,0.8789964749148521,0.9547347314,1.0298458404123778,0.0,0.0,0.0,0.0,,,0.0,0.0,0.0,0.0
11,Shanxi,2001,0.13551029770614154,0.12936890546219804,0.1308186823304709,0.10865898782041583,0.09575439753689352,0.10768769843575132,164.51,146.33000000000015,5151.648417176634,5151.648417176634,-0.0014497768682728562,0.08028794533918984,0.03373060029282577,0.975294239125,0.9547347314,0.023343321383407747,0.8789964749148521,1.0298458404123778,1.726253558566863,0.06028087511627794,0.10333775942244862,31,-0.17101580089295476,0.42542944459551196,0,0.0,0.0,0.0,0.5867914619736353,0.0,-0.15032228613964746,0.3739509821244384,0.0,2.0074208565287437,0.0,0.0,0.36035394208016425,0.0,0.13551029770614154,0.12936890546219804,0.1308186823304709,0.10865898782041583,164.51,5151.648417176634,5151.648417176634,-0.0014497768682728562,0.08028794533918984,0.03373060029282577,0.975294239125,0.8789964749148521,0.9547347314,1.0298458404123778,0.0,0.0,0.0,0.0,-0.15032228613964746,0.3739509821244384,0.0,0.0,0.0,0.0
11,Shanxi,2002,0.17006223986943247,0.1748324806257724,0.0657611352720826,0.06215077074629338,0.13629720795721134,0.1710130865135957,91.19000000000005,91.12999999999988,5745.334245313307,5745.334245313307,0.10907134535368979,0.038834000511029754,0.03505578741163445,0.975294239125,0.9547347314,0.023343321383407747,0.8789964749148521,1.0298458404123778,1.726253558566863,0.03622957213462816,0.07192239437819348,31,-0.6943342770192986,-0.36377698131293934,0,0.0,0.0,0.0,0.5867914619736353,0.0,-0.6103173819125159,-0.3197586842292397,0.0,2.0074208565287437,0.0,0.0,0.36035394208016425,0.0,0.17006223986943247,0.1748324806257724,0.0657611352720826,0.06215077074629338,91.19000000000005,5745.334245313307,5745.334245313307,0.10907134535368979,0.038834000511029754,0.03505578741163445,0.975294239125,0.8789964749148521,0.9547347314,1.0298458404123778,0.0,0.0,0.0,0.0,-0.6103173819125159,-0.3197586842292397,0.0,0.0,0.0,0.0
11,Shanxi,2003,0.1363465733232312,0.12803452234599444,,0.045778250003320586,0.20552914220872864,0.29315503458141645,,70.84000000000015,,,,,0.03244174757281553,0.975294239125,0.9547347314,0.023343321383407747,0.8789964749148521,1.0298458404123778,1.726253558566863,,0.174536334595533,0,,2.2140565371971155,0,0.0,0.0,0.0,0.5867914619736353,0.0,,1.9461478914584487,0.0,2.0074208565287437,0.0,0.0,0.36035394208016425,0.0,0.1363465733232312,0.12803452234599444,,0.045778250003320586,,,,,,0.03244174757281553,0.975294239125,0.8789964749148521,0.9547347314,1.0298458404123778,0.0,0.0,0.0,0.0,,1.9461478914584487,0.0,0.0,0.0,0.0
11,Shanxi,2004,0.1116422333950009,0.0961726289412379,,0.1547144959298974,0.20299748141452767,0.23917791985297399,,264.89999999999986,5821.808255102214,5821.808255102214,,,0.029154849023383177,0.975294239125,0.9547347314,0.023343321383407747,0.8789964749148521,1.0298458404123778,1.726253558566863,,0.13859497572773094,0,,1.3111495891354643,0,0.0,0.0,0.0,0.5867914619736353,0.0,,1.1524958669361298,0.0,2.0074208565287437,0.0,0.0,0.36035394208016425,0.0,0.1116422333950009,0.0961726289412379,,0.1547144959298974,,5821.808255102214,5821.808255102214,,,0.029154849023383177,0.975294239125,0.8789964749148521,0.9547347314,1.0298458404123778,0.0,0.0,0.0,0.0,,1.1524958669361298,0.0,0.0,0.0,0.0
11,Shanxi,2005,0.19550440601435337,0.19577024926973863,,0.22202499083782445,0.15319190776836678,0.21273546401882548,,459.43000000000006,,,,,0.030423020883924234,0.975294239125,0.9547347314,0.023343321383407747,0.8789964749148521,1.0298458404123778,1.726253558566863,,0.1204312655274813,1,,0.8548468599396662,0,0.0,0.0,0.0,0.5867914619736353,0.0,,0.7514073764789969,0.0,2.0074208565287437,0.0,0.0,0.36035394208016425,0.0,0.19550440601435337,0.19577024926973863,,0.22202499083782445,,,,,,0.030423020883924234,0.975294239125,0.8789964749148521,0.9547347314,1.0298458404123778,0.0,0.0,0.0,0.0,,0.7514073764789969,0.0,0.0,0.0,0.0
11,Shanxi,2006,0.15136254302387986,0.1420477305509218,,0.1736614842020785,0.14460695512119592,0.15828524688987322,,437.6199999999999,5416.300963954841,5416.300963954841,,,0.03034526108621005,0.975294239125,0.9547347314,0.023343321383407747,0.8789964749148521,1.0298458404123778,1.726253558566863,,0.1288484193955256,1,,1.0662998196987796,0,0.0,0.0,0.0,0.5867914619736353,0.0,,0.9372737827175697,0.0,2.0074208565287437,0.0,0.0,0.36035394208016425,0.0,0.15136254302387986,0.1420477305509218,,0.1736614842020785,,5416.300963954841,5416.300963954841,,,0.03034526108621005,0.975294239125,0.8789964749148521,0.9547347314,1.0298458404123778,0.0,0.0,0.0,0.0,,0.9372737827175697,0.0,0.0,0.0,0.0
11,Shanxi,2007,0.14270549218227924,0.16989038048802207,0.14917117570615712,0.14517511793377924,0.230433976741109,0.252203144422384,428.9000000000001,428.9000000000001,5529.693053311793,5529.693053311793,0.020719204781864953,0.07157996748243409,0.0285625599319508,0.975294239125,0.9547347314,0.023343321383407747,0.8789964749148521,1.0298458404123778,1.726253558566863,0.07460781837107273,0.1340029619229762,31,0.1407159218069819,1.1957905348170592,0,0.0,0.0,0.0,0.5867914619736353,0.0,0.12368879923273104,1.0510956648407408,0.0,2.0074208565287437,0.0,0.0,0.36035394208016425,0.0,0.14270549218227924,0.16989038048802207,0.14917117570615712,0.14517511793377924,428.9000000000001,5529.693053311793,5529.693053311793,0.020719204781864953,0.07157996748243409,0.0285625599319508,0.975294239125,0.8789964749148521,0.9547347314,1.0298458404123778,0.0,0.0,0.0,0.0,0.12368879923273104,1.0510956648407408,0.0,0.0,0.0,0.0
11,Shanxi,2008,0.018727265511643054,0.03265523552794214,0.13009253012767275,0.12705171764187462,0.19689027223467015,0.19752888035776373,430.0,430.0,5016.312056737588,5016.312056737588,-0.0974372945997306,0.058938020749966305,0.024236547718866956,0.975294239125,0.9547347314,0.023343321383407747,0.8789964749148521,1.0298458404123778,1.726253558566863,0.23086049090782326,0.08538316258007597,31,3.540528004544794,-0.02562000788211561,0,0.0,0.0,0.0,0.5867914619736353,0.0,3.1121116353321896,-0.022519896615670346,0.0,2.0074208565287437,0.0,0.0,0.36035394208016425,0.0,0.018727265511643054,0.03265523552794214,0.13009253012767275,0.12705171764187462,430.0,5016.312056737588,5016.312056737588,-0.0974372945997306,0.058938020749966305,0.024236547718866956,0.975294239125,0.8789964749148521,0.9547347314,1.0298458404123778,0.0,0.0,0.0,0.0,3.1121116353321896,-0.022519896615670346,0.0,0.0,0.0,0.0
11,Shanxi,2009,0.04364332941033755,0.040427762600788064,0.10493489317853388,0.12601151315531212,-0.008893787542582743,-0.07026308515131063,390.0,484.0,4702.940178799489,4702.940178799489,-0.06450713057774582,0.05393295569385563,0.025461901607979266,0.975294239125,0.9547347314,0.023343321383407747,0.8789964749148521,1.0298458404123778,1.726253558566863,0.10001935023920526,0.053951541707971624,31,0.6936308363716208,-0.8152348073294063,0,0.0,0.0,0.0,0.5867914619736353,0.0,0.6096990600628953,-0.7165885218704369,0.0,2.0074208565287437,0.0,0.0,0.36035394208016425,0.0,0.04364332941033755,0.040427762600788064,0.10493489317853388,0.12601151315531212,390.0,4702.940178799489,4702.940178799489,-0.06450713057774582,0.05393295569385563,0.025461901607979266,0.975294239125,0.8789964749148521,0.9547347314,1.0298458404123778,0.0,0.0,0.0,0.0,0.6096990600628953,-0.7165885218704369,0.0,0.0,0.0,0.0
11,Shanxi,2010,0.13796439575064223,0.12372343396743624,0.0726473182515246,0.0801179720396572,0.2193194272178811,0.26818348489583244,295.0,341.0,4949.388327790974,4949.388327790974,0.05107611571591164,0.032761397079238155,0.023140568449108778,0.975294239125,0.9547347314,0.023343321383407747,0.8789964749148521,1.0298458404123778,1.726253558566863,0.11994848128667408,0.13785180451035353,31,1.1272573429372206,1.2924798872402858,0,0.0,0.0,0.0,0.5867914619736353,0.0,0.9908552307636994,1.1360852647825568,0.0,2.0074208565287437,0.0,0.0,0.36035394208016425,0.0,0.13796439575064223,0.12372343396743624,0.0726473182515246,0.0801179720396572,295.0,4949.388327790974,4949.388327790974,0.05107611571591164,0.032761397079238155,0.023140568449108778,0.975294239125,0.8789964749148521,0.9547347314,1.0298458404123778,0.0,0.0,0.0,0.0,0.9908552307636994,1.1360852647825568,0.0,0.0,0.0,0.0
11,Shanxi,2011,0.08591322271245794,0.08114215074054609,0.09961960254766922,0.1186607016229253,0.2006343493380065,0.23255035325325224,441.0,558.0,4858.775964308751,4858.775964308751,-0.018477451807123124,0.040072330101498396,0.020534267757675986,0.975294239125,0.9547347314,0.023343321383407747,0.8789964749148521,1.0298458404123778,1.726253558566863,0.08951107708331604,0.11887028262747688,31,0.46498736126114687,0.8156323630308685,0,0.0,0.0,0.0,0.5867914619736353,0.0,0.40872225142850693,0.7169379719306044,0.0,2.0074208565287437,0.0,0.0,0.36035394208016425,0.0,0.08591322271245794,0.08114215074054609,0.09961960254766922,0.1186607016229253,441.0,4858.775964308751,4858.775964308751,-0.018477451807123124,0.040072330101498396,0.020534267757675986,0.975294239125,0.8789964749148521,0.9547347314,1.0298458404123778,0.0,0.0,0.0,0.0,0.40872225142850693,0.7169379719306044,0.0,0.0,0.0,0.0
11,Shanxi,2012,0.08264207694440362,0.05869026733856675,0.07455324573562727,0.0896980927210489,0.07140882922931979,0.015070600678905421,360.0,468.0,4782.309403312712,4782.309403312712,-0.015862978397060523,0.0304576258280667,0.02027475521375331,0.975294239125,0.9547347314,0.023343321383407747,0.8789964749148521,1.0298458404123778,1.726253558566863,0.0756167924904256,0.06311076158020731,31,0.162669609679673,-0.5851399104757836,0,0.8789964749148521,0.0,0.0,0.5867914619736353,0.0,0.14298601348420747,-0.5143359186402059,0.0,2.0074208565287437,0.0,0.0,0.36035394208016425,0.0,0.08264207694440362,0.05869026733856675,0.07455324573562727,0.0896980927210489,360.0,4782.309403312712,4782.309403312712,-0.015862978397060523,0.0304576258280667,0.02027475521375331,0.975294239125,0.8789964749148521,0.9547347314,1.0298458404123778,0.8789964749148521,0.0,0.0,0.0,0.14298601348420747,-0.5143359186402059,0.0,0.0,0.0,0.0
11,Shanxi,2013,0.03671003537119866,0.05222352584063383,0.0379842060893445,0.05561939534824134,0.029354169801067087,-0.024881301274302103,194.0,312.0,4850.893371757925,4850.893371757925,0.014239319751289337,0.015938480750587423,0.02074376838265499,0.975294239125,0.9547347314,0.023343321383407747,0.8789964749148521,1.0298458404123778,1.726253558566863,0.05332030642613454,0.09052161106014825,31,-0.3224668138662537,0.10346639789288713,0,0.8789964749148521,0.0,0.0,0.5867914619736353,0.0,-0.28344719266546076,0.09094659901998527,0.0,2.0074208565287437,0.0,0.0,0.36035394208016425,0.0,0.03671003537119866,0.05222352584063383,0.0379842060893445,0.05561939534824134,194.0,4850.893371757925,4850.893371757925,0.014239319751289337,0.015938480750587423,0.02074376838265499,0.975294239125,0.8789964749148521,0.9547347314,1.0298458404123778,0.8789964749148521,0.0,0.0,0.0,-0.28344719266546076,0.09094659901998527,0.0,0.0,0.0,0.0
11,Shanxi,2014,0.014295532771808617,0.00720990485241213,0.06669757199426485,0.08903233792230125,0.01104640544393476,-0.04690689452060859,359.0,537.0,4570.740474478793,4570.740474478793,-0.05948766714185272,0.02917039083448444,0.020664337368977007,0.975294239125,0.9547347314,0.023343321383407747,0.8789964749148521,1.0298458404123778,1.726253558566863,0.07238772123836522,0.05502636777100867,31,0.09241010447860744,-0.7882333819285628,0,0.8789964749148521,0.0,0.0,0.5867914619736353,0.0,0.08122815608320913,-0.692854364125419,0.0,2.0074208565287437,0.0,0.0,0.36035394208016425,0.0,0.014295532771808617,0.00720990485241213,0.06669757199426485,0.08903233792230125,359.0,4570.740474478793,4570.740474478793,-0.05948766714185272,0.02917039083448444,0.020664337368977007,0.975294239125,0.8789964749148521,0.9547347314,1.0298458404123778,0.8789964749148521,0.0,0.0,0.0,0.08122815608320913,-0.692854364125419,0.0,0.0,0.0,0.0
11,Shanxi,2015,-0.08970462514320499,-0.09491294985074639,0.06539185931335645,0.09985681938823276,-0.022257739048805902,-0.20041460129284516,376.0,662.0,3893.741077441077,3893.741077441077,-0.16030480916410283,0.031239354940553833,0.01921620956954495,0.975294239125,0.9547347314,0.023343321383407747,0.8789964749148521,1.0298458404123778,1.726253558566863,0.07881055819591727,0.01369788281902884,31,0.23216092178769712,-1.826473932411288,0,0.8789964749148521,0.0,0.0,0.5867914619736353,0.0,0.20406863186436847,-1.60546414811339,0.0,2.0074208565287437,0.0,0.0,0.36035394208016425,0.0,-0.08970462514320499,-0.09491294985074639,0.06539185931335645,0.09985681938823276,376.0,3893.741077441077,3893.741077441077,-0.16030480916410283,0.031239354940553833,0.01921620956954495,0.975294239125,0.8789964749148521,0.9547347314,1.0298458404123778,0.8789964749148521,0.0,0.0,0.0,0.20406863186436847,-1.60546414811339,0.0,0.0,0.0,0.0
11,Shanxi,2016,0.03443511562568613,0.017706514572643606,0.06343311241861471,0.09235643123461834,0.010249633047024531,-0.02053629058956119,389.0,674.0,3719.7029546531835,3719.7029546531835,-0.045726597845971106,0.03198986850437085,0.01936003815758094,0.975294239125,0.9547347314,0.023343321383407747,0.8789964749148521,1.0298458404123778,1.726253558566863,0.05903759135568659,0.05014379919751098,31,-0.1980676975607446,-0.9108916571933824,1,0.8789964749148521,0.8789964749148521,0.6675697556471742,0.5867914619736353,0.5867914619736353,-0.17410080795039556,-0.800670555702331,3.0070578236167296,2.0074208565287437,2.0074208565287437,0.539799682402957,0.36035394208016425,0.36035394208016425,0.03443511562568613,0.017706514572643606,0.06343311241861471,0.09235643123461834,389.0,3719.7029546531835,3719.7029546531835,-0.045726597845971106,0.03198986850437085,0.01936003815758094,0.975294239125,0.8789964749148521,0.9547347314,1.0298458404123778,0.8789964749148521,0.8789964749148521,0.6675697556471742,0.5867914619736353,-0.17410080795039556,-0.800670555702331,3.0070578236167296,2.0074208565287437,0.539799682402957,0.36035394208016425
11,Shanxi,2017,0.12094700550003079,0.08871609366623545,0.005829083066732466,0.0551275572344494,0.18826461321663857,0.2605001746848963,37.0,433.0,4041.1561420043986,4041.1561420043986,0.08288701059950299,0.002520590499417539,0.0175255976183826,0.975294239125,0.9547347314,0.023343321383407747,0.8789964749148521,1.0298458404123778,1.726253558566863,0.033173774099243235,0.0667308662369896,31,-0.7608236299016604,-0.49419683680565485,1,0.8789964749148521,0.8789964749148521,0.6675697556471742,0.5867914619736353,0.5867914619736353,-0.6687612887154816,-0.43439727746624107,3.0070578236167296,2.0074208565287437,2.0074208565287437,0.539799682402957,0.36035394208016425,0.36035394208016425,0.12094700550003079,0.08871609366623545,0.005829083066732466,0.0551275572344494,37.0,4041.1561420043986,4041.1561420043986,0.08288701059950299,0.002520590499417539,0.0175255976183826,0.975294239125,0.8789964749148521,0.9547347314,1.0298458404123778,0.8789964749148521,0.8789964749148521,0.6675697556471742,0.5867914619736353,-0.6687612887154816,-0.43439727746624107,3.0070578236167296,2.0074208565287437,0.539799682402957,0.36035394208016425
11,Shanxi,2018,0.11291665655904737,0.08022807612375882,0.04033177070441596,0.08144240796632829,0.09568726830787178,0.06409291826351549,262.0,685.0,4205.642727821364,4205.642727821364,0.03989630541934286,0.01621979681918641,0.01725674947842829,0.975294239125,0.9547347314,0.023343321383407747,0.8789964749148521,1.0298458404123778,1.726253558566863,0.03201785921534048,0.096922743210444,31,-0.785974517403983,0.26427352583763797,1,0.8789964749148521,0.8789964749148521,0.6675697556471742,0.5867914619736353,0.5867914619736353,-0.6908688301710032,0.23229549762460286,3.0070578236167296,2.0074208565287437,2.0074208565287437,0.539799682402957,0.36035394208016425,0.36035394208016425,0.11291665655904737,0.08022807612375882,0.04033177070441596,0.08144240796632829,262.0,4205.642727821364,4205.642727821364,0.03989630541934286,0.01621979681918641,0.01725674947842829,0.975294239125,0.8789964749148521,0.9547347314,1.0298458404123778,0.8789964749148521,0.8789964749148521,0.6675697556471742,0.5867914619736353,-0.6908688301710032,0.23229549762460286,3.0070578236167296,2.0074208565287437,0.539799682402957,0.36035394208016425
11,Shanxi,2019,0.04844816435940302,0.05002792014810975,0.008862243507525847,0.05454786919291621,0.06923015588166415,0.04537503217035521,59.0,491.0,4382.383729624645,4382.383729624645,0.041165676640583904,0.0034082375368262954,0.016928542545202475,0.975294239125,0.9547347314,0.023343321383407747,0.8789964749148521,1.0298458404123778,1.726253558566863,0.0323398613545378,0.051984497690370696,31,-0.7789682579542254,-0.8646502375352481,1,0.8789964749148521,0.8789964749148521,0.6675697556471742,0.5867914619736353,0.5867914619736353,-0.6847103528123274,-0.7600245108277726,3.0070578236167296,2.0074208565287437,2.0074208565287437,0.539799682402957,0.36035394208016425,0.36035394208016425,0.04844816435940302,0.05002792014810975,0.008862243507525847,0.05454786919291621,59.0,4382.383729624645,4382.383729624645,0.041165676640583904,0.0034082375368262954,0.016928542545202475,0.975294239125,0.8789964749148521,0.9547347314,1.0298458404123778,0.8789964749148521,0.8789964749148521,0.6675697556471742,0.5867914619736353,-0.6847103528123274,-0.7600245108277726,3.0070578236167296,2.0074208565287437,0.539799682402957,0.36035394208016425
11,Shanxi,2020,0.04136913808772125,0.029785716792626538,0.028162568938231658,0.11565441574919433,0.05022774219658466,0.005025955260895998,191.0,1134.0,4389.50276243094,4389.50276243094,0.0016231478543948796,0.010492949424697952,0.01658600188906052,0.975294239125,0.9547347314,0.023343321383407747,0.8789964749148521,1.0298458404123778,1.726253558566863,0.04438090693127943,0.037262753188721555,31,-0.5169740688245997,-1.2344850411390522,1,0.8789964749148521,0.8789964749148521,0.6675697556471742,0.5867914619736353,0.5867914619736353,-0.4544183841192113,-1.085107999496343,3.0070578236167296,2.0074208565287437,2.0074208565287437,0.539799682402957,0.36035394208016425,0.36035394208016425,0.04136913808772125,0.029785716792626538,0.028162568938231658,0.11565441574919433,191.0,4389.50276243094,4389.50276243094,0.0016231478543948796,0.010492949424697952,0.01658600188906052,0.975294239125,0.8789964749148521,0.9547347314,1.0298458404123778,0.8789964749148521,0.8789964749148521,0.6675697556471742,0.5867914619736353,-0.4544183841192113,-1.085107999496343,3.0070578236167296,2.0074208565287437,0.539799682402957,0.36035394208016425
11,Shanxi,2021,0.11375667589774352,0.059971701534293764,0.09096545683348367,0.08799006258079523,0.23773450300707388,0.38117672192433893,655.0,955.0,4255.542280631887,4255.542280631887,-0.030993755299189907,0.028369960395968417,0.0138848216857032,0.975294239125,0.9547347314,0.023343321383407747,0.8789964749148521,1.0298458404123778,1.726253558566863,0.037499334228858976,0.0910393120777722,31,-0.6667062535104331,0.1164719118900222,1,0.8789964749148521,0.8789964749148521,0.6675697556471742,0.5867914619736353,0.5867914619736353,-0.5860324466393585,0.10237839997792277,3.0070578236167296,2.0074208565287437,2.0074208565287437,0.539799682402957,0.36035394208016425,0.36035394208016425,0.11375667589774352,0.059971701534293764,0.09096545683348367,0.08799006258079523,655.0,4255.542280631887,4255.542280631887,-0.030993755299189907,0.028369960395968417,0.0138848216857032,0.975294239125,0.8789964749148521,0.9547347314,1.0298458404123778,0.8789964749148521,0.8789964749148521,0.6675697556471742,0.5867914619736353,-0.5860324466393585,0.10237839997792277,3.0070578236167296,2.0074208565287437,0.539799682402957,0.36035394208016425
11,Shanxi,2022,0.09067173877969115,0.10544785626128039,0.04020053502658172,0.06339127660455723,0.10536389839089289,0.15093360198996386,309.0,742.0,4542.463657230299,4542.463657230299,0.06524732123469867,0.012045281370171416,0.013885987474700524,0.975294239125,0.9547347314,0.023343321383407747,0.8789964749148521,1.0298458404123778,1.726253558566863,0.030562387673295114,0.03176275653557354,31,-0.8176432860361678,-1.3726541407189772,1,0.8789964749148521,0.8789964749148521,0.6675697556471742,0.5867914619736353,0.5867914619736353,-0.7187055661635876,-1.2065581509692562,3.0070578236167296,2.0074208565287437,2.0074208565287437,0.539799682402957,0.36035394208016425,0.36035394208016425,0.09067173877969115,0.10544785626128039,0.04020053502658172,0.06339127660455723,309.0,4542.463657230299,4542.463657230299,0.06524732123469867,0.012045281370171416,0.013885987474700524,0.975294239125,0.8789964749148521,0.9547347314,1.0298458404123778,0.8789964749148521,0.8789964749148521,0.6675697556471742,0.5867914619736353,-0.7187055661635876,-1.2065581509692562,3.0070578236167296,2.0074208565287437,0.539799682402957,0.36035394208016425
11,Shanxi,2023,0.061790563749044125,0.039061982737123024,0.021284244153326526,0.09063339674580106,0.015380235097966377,-0.05910559786065939,168.69999999999982,1146.0,4623.940479608524,4623.940479608524,0.0177777385837965,0.006475808555752271,0.014218756651666874,0.975294239125,0.9547347314,0.023343321383407747,0.8789964749148521,1.0298458404123778,1.726253558566863,0.034067135169903805,0.07133473617818979,31,-0.7413854998974198,-0.3785399365428838,1,0.8789964749148521,0.8789964749148521,0.6675697556471742,0.5867914619736353,0.5867914619736353,-0.6516752409628174,-0.3327352698356867,3.0070578236167296,2.0074208565287437,2.0074208565287437,0.539799682402957,0.36035394208016425,0.36035394208016425,0.061790563749044125,0.039061982737123024,0.021284244153326526,0.09063339674580106,168.69999999999982,4623.940479608524,4623.940479608524,0.0177777385837965,0.006475808555752271,0.014218756651666874,0.975294239125,0.8789964749148521,0.9547347314,1.0298458404123778,0.8789964749148521,0.8789964749148521,0.6675697556471742,0.5867914619736353,-0.6516752409628174,-0.3327352698356867,3.0070578236167296,2.0074208565287437,0.539799682402957,0.36035394208016425
12,Shaanxi,2000,,,,,,,,,4008.5071906015796,4008.5071906015796,,,0.013024735369933638,0.91175977295,0.906862474925,0.010038941980105206,0.6210497432017678,0.8249587210885838,0.030907739163674054,,,0,,,0,0.0,0.0,-0.0,-0.20534825011191915,-0.0,,,0.0,-0.37570058183150473,-0.0,0.0,-0.4740458122896436,-0.0,,,,,,4008.5071906015796,4008.5071906015796,,,0.013024735369933638,0.91175977295,0.6210497432017678,0.906862474925,0.8249587210885838,0.0,0.0,-0.0,-0.0,,,0.0,-0.0,0.0,-0.0
12,Shaanxi,2001,0.44342124001131955,0.1468331322320644,0.06185109716382353,0.049915508537710096,0.10940541456328212,0.11593564491082997,37.799999999999955,37.75,4364.051789794364,4364.051789794364,0.08498203506824087,0.018583157170247264,0.013521459121970406,0.91175977295,0.906862474925,0.010038941980105206,0.6210497432017678,0.8249587210885838,0.030907739163674054,0.06028087511627794,0.10333775942244862,31,-0.17101580089295476,0.42542944459551196,0,0.0,0.0,-0.0,-0.20534825011191915,-0.0,-0.1062093192280142,0.2642128473165134,0.0,-0.37570058183150473,-0.0,0.0,-0.4740458122896436,-0.0,0.44342124001131955,0.1468331322320644,0.06185109716382353,0.049915508537710096,37.799999999999955,4364.051789794364,4364.051789794364,0.08498203506824087,0.018583157170247264,0.013521459121970406,0.91175977295,0.6210497432017678,0.906862474925,0.8249587210885838,0.0,0.0,-0.0,-0.0,-0.1062093192280142,0.2642128473165134,0.0,-0.0,0.0,-0.0
12,Shaanxi,2002,-0.21103596527090085,0.14384470109664704,0.06644668610402515,0.055760863734685806,0.11460436597434942,0.13676921534715358,43.299999999999955,44.460000000000036,4715.23591768863,4715.23591768863,0.07739801499262189,0.01898206922177591,0.013922668277468402,0.91175977295,0.906862474925,0.010038941980105206,0.6210497432017678,0.8249587210885838,0.030907739163674054,0.03622957213462816,0.07192239437819348,31,-0.6943342770192986,-0.36377698131293934,0,0.0,0.0,-0.0,-0.20534825011191915,-0.0,-0.43121612443902047,-0.22592360082711524,0.0,-0.37570058183150473,-0.0,0.0,-0.4740458122896436,-0.0,-0.21103596527090085,0.14384470109664704,0.06644668610402515,0.055760863734685806,43.299999999999955,4715.23591768863,4715.23591768863,0.07739801499262189,0.01898206922177591,0.013922668277468402,0.91175977295,0.6210497432017678,0.906862474925,0.8249587210885838,0.0,0.0,-0.0,-0.0,-0.43121612443902047,-0.22592360082711524,0.0,-0.0,0.0,-0.0
12,Shaanxi,2003,0.1990364852865718,0.14615253397389516,,0.06961317830261482,0.13805837098414564,0.19226271638226766,,59.10000000000002,,,,,0.014035817931877194,0.91175977295,0.906862474925,0.010038941980105206,0.6210497432017678,0.8249587210885838,0.030907739163674054,,0.174536334595533,0,,2.2140565371971155,0,0.0,0.0,-0.0,-0.20534825011191915,-0.0,,1.3750392438604637,0.0,-0.37570058183150473,-0.0,0.0,-0.4740458122896436,-0.0,0.1990364852865718,0.14615253397389516,,0.06961317830261482,,,,,,0.014035817931877194,0.91175977295,0.6210497432017678,0.906862474925,0.8249587210885838,0.0,0.0,-0.0,-0.0,,1.3750392438604637,0.0,-0.0,0.0,-0.0
12,Shaanxi,2004,0.1729295282472596,0.18978877855698917,,0.07960236009824762,0.19366169647108133,0.2096895463570796,,72.82000000000005,5816.318517355113,5816.318517355113,,,0.013981563490484631,0.91175977295,0.906862474925,0.010038941980105206,0.6210497432017678,0.8249587210885838,0.030907739163674054,,0.13859497572773094,0,,1.3111495891354643,0,0.0,0.0,-0.0,-0.20534825011191915,-0.0,,0.8142891156316834,0.0,-0.37570058183150473,-0.0,0.0,-0.4740458122896436,-0.0,0.1729295282472596,0.18978877855698917,,0.07960236009824762,,5816.318517355113,5816.318517355113,,,0.013981563490484631,0.91175977295,0.6210497432017678,0.906862474925,0.8249587210885838,0.0,0.0,-0.0,-0.0,,0.8142891156316834,0.0,-0.0,0.0,-0.0
12,Shaanxi,2005,0.09655183955767521,0.030734153369126105,,0.2034723027089731,0.19361546141348107,0.18258710814650758,,214.75,,,,,0.011880023121273996,0.91175977295,0.906862474925,0.010038941980105206,0.6210497432017678,0.8249587210885838,0.030907739163674054,,0.1204312655274813,1,,0.8548468599396662,0,0.0,0.0,-0.0,-0.20534825011191915,-0.0,,0.5309024228423672,0.0,-0.37570058183150473,-0.0,0.0,-0.4740458122896436,-0.0,0.09655183955767521,0.030734153369126105,,0.2034723027089731,,,,,,0.011880023121273996,0.91175977295,0.6210497432017678,0.906862474925,0.8249587210885838,0.0,0.0,-0.0,-0.0,,0.5309024228423672,0.0,-0.0,0.0,-0.0
12,Shaanxi,2006,0.0633648187699487,0.16533541076034952,,0.022850000868786857,0.1851735161314263,0.22810962674124813,,26.960000000000036,5560.526586444513,5560.526586444513,,,0.011646668282745562,0.91175977295,0.906862474925,0.010038941980105206,0.6210497432017678,0.8249587210885838,0.030907739163674054,,0.1288484193955256,1,,1.0662998196987796,0,0.0,0.0,-0.0,-0.20534825011191915,-0.0,,0.6622252292000184,0.0,-0.37570058183150473,-0.0,0.0,-0.4740458122896436,-0.0,0.0633648187699487,0.16533541076034952,,0.022850000868786857,,5560.526586444513,5560.526586444513,,,0.011646668282745562,0.91175977295,0.6210497432017678,0.906862474925,0.8249587210885838,0.0,0.0,-0.0,-0.0,,0.6622252292000184,0.0,-0.0,0.0,-0.0
12,Shaanxi,2007,0.18974787827735984,0.18261437128265845,0.23429171075042277,0.17102961916568304,0.2122401074014988,0.23266213894546084,256.70000000000005,222.5999999999999,5280.471928397072,5280.471928397072,-0.051677339467764316,0.044723590266962036,0.011306688108901577,0.91175977295,0.906862474925,0.010038941980105206,0.6210497432017678,0.8249587210885838,0.030907739163674054,0.07460781837107273,0.1340029619229762,31,0.1407159218069819,1.1957905348170592,0,0.0,0.0,-0.0,-0.20534825011191915,-0.0,0.08739158710262614,0.7426454045712392,0.0,-0.37570058183150473,-0.0,0.0,-0.4740458122896436,-0.0,0.18974787827735984,0.18261437128265845,0.23429171075042277,0.17102961916568304,256.70000000000005,5280.471928397072,5280.471928397072,-0.051677339467764316,0.044723590266962036,0.011306688108901577,0.91175977295,0.6210497432017678,0.906862474925,0.8249587210885838,0.0,0.0,-0.0,-0.0,0.08739158710262614,0.7426454045712392,0.0,-0.0,0.0,-0.0
12,Shaanxi,2008,0.18791277403269468,0.16301112694589648,0.3732175846477048,0.3281650264534468,0.23453195375595293,0.24624605194039706,556.0,550.0,4279.383753501401,4279.383753501401,-0.21020645770180835,0.07661779507821065,0.010526265310502296,0.91175977295,0.906862474925,0.010038941980105206,0.6210497432017678,0.8249587210885838,0.030907739163674054,0.23086049090782326,0.08538316258007597,31,3.540528004544794,-0.02562000788211561,0,0.0,0.0,-0.0,-0.20534825011191915,-0.0,2.1988440080212115,-0.015911299316015166,0.0,-0.37570058183150473,-0.0,0.0,-0.4740458122896436,-0.0,0.18791277403269468,0.16301112694589648,0.3732175846477048,0.3281650264534468,556.0,4279.383753501401,4279.383753501401,-0.21020645770180835,0.07661779507821065,0.010526265310502296,0.91175977295,0.6210497432017678,0.906862474925,0.8249587210885838,0.0,0.0,-0.0,-0.0,2.1988440080212115,-0.015911299316015166,0.0,-0.0,0.0,-0.0
12,Shaanxi,2009,0.06351953790660847,0.08597401434989216,0.10871622350479893,0.10378246549451742,0.10929528863709059,0.09153136462025202,205.0,215.0,4183.159437185929,4183.159437185929,-0.022742209154906767,0.025324587398542136,0.010283619788800599,0.91175977295,0.906862474925,0.010038941980105206,0.6210497432017678,0.8249587210885838,0.030907739163674054,0.10001935023920526,0.053951541707971624,31,0.6936308363716208,-0.8152348073294063,0,0.0,0.0,-0.0,-0.20534825011191915,-0.0,0.4307792528054225,-0.5063013677410704,0.0,-0.37570058183150473,-0.0,0.0,-0.4740458122896436,-0.0,0.06351953790660847,0.08597401434989216,0.10871622350479893,0.10378246549451742,205.0,4183.159437185929,4183.159437185929,-0.022742209154906767,0.025324587398542136,0.010283619788800599,0.91175977295,0.6210497432017678,0.906862474925,0.8249587210885838,0.0,0.0,-0.0,-0.0,0.4307792528054225,-0.5063013677410704,0.0,-0.0,0.0,-0.0
12,Shaanxi,2010,0.20187017503189253,0.20591695925890008,0.07126833760060958,0.07803031489568735,0.2086472200244014,0.2329768132043828,147.0,177.0,4786.09782405241,4786.09782405241,0.1346486216582905,0.014739797453123434,0.010255581119021357,0.91175977295,0.906862474925,0.010038941980105206,0.6210497432017678,0.8249587210885838,0.030907739163674054,0.11994848128667408,0.13785180451035353,31,1.1272573429372206,1.2924798872402858,0,0.0,0.0,-0.0,-0.20534825011191915,-0.0,0.7000828833534679,0.8026943020640293,0.0,-0.37570058183150473,-0.0,0.0,-0.4740458122896436,-0.0,0.20187017503189253,0.20591695925890008,0.07126833760060958,0.07803031489568735,147.0,4786.09782405241,4786.09782405241,0.1346486216582905,0.014739797453123434,0.010255581119021357,0.91175977295,0.6210497432017678,0.906862474925,0.8249587210885838,0.0,0.0,-0.0,-0.0,0.7000828833534679,0.8026943020640293,0.0,-0.0,0.0,-0.0
12,Shaanxi,2011,0.09447942074043869,0.09073667490897286,0.03630079254802698,0.04234754782909178,0.21135063353581707,0.2457472078614309,79.0,102.0,5053.854963898917,5053.854963898917,0.054435882360945875,0.006412285614564817,0.009090301702096574,0.91175977295,0.906862474925,0.010038941980105206,0.6210497432017678,0.8249587210885838,0.030907739163674054,0.08951107708331604,0.11887028262747688,31,0.46498736126114687,0.8156323630308685,0,0.0,0.0,-0.0,-0.20534825011191915,-0.0,0.28878028130330285,0.5065482696073719,0.0,-0.37570058183150473,-0.0,0.0,-0.4740458122896436,-0.0,0.09447942074043869,0.09073667490897286,0.03630079254802698,0.04234754782909178,79.0,5053.854963898917,5053.854963898917,0.054435882360945875,0.006412285614564817,0.009090301702096574,0.91175977295,0.6210497432017678,0.906862474925,0.8249587210885838,0.0,0.0,-0.0,-0.0,0.28878028130330285,0.5065482696073719,0.0,-0.0,0.0,-0.0
12,Shaanxi,2012,0.09316095173476313,0.006019649895487866,0.004951619390192619,0.01372649731357356,0.14983133492232525,0.16038149414427494,11.0,34.0,5059.255518634935,5059.255518634935,0.0010680305052952477,0.0007686126541592425,0.007872663270796212,0.91175977295,0.906862474925,0.010038941980105206,0.6210497432017678,0.8249587210885838,0.030907739163674054,0.0756167924904256,0.06311076158020731,31,0.162669609679673,-0.5851399104757836,0,0.6210497432017678,0.0,-0.0,-0.20534825011191915,-0.0,0.10102591931829272,-0.36340099113809077,0.0,-0.37570058183150473,-0.0,0.0,-0.4740458122896436,-0.0,0.09316095173476313,0.006019649895487866,0.004951619390192619,0.01372649731357356,11.0,5059.255518634935,5059.255518634935,0.0010680305052952477,0.0007686126541592425,0.007872663270796212,0.91175977295,0.6210497432017678,0.906862474925,0.8249587210885838,0.6210497432017678,0.0,-0.0,-0.0,0.10102591931829272,-0.36340099113809077,0.0,-0.0,0.0,-0.0
12,Shaanxi,2013,0.11938589464868787,0.21108547841736858,0.02044515659517554,0.037770028453601334,0.11814708992078948,0.1006069365087594,46.0,96.0,6121.821381434228,6121.821381434228,0.19064032182219304,0.0028560252820324966,0.008639414390642171,0.91175977295,0.906862474925,0.010038941980105206,0.6210497432017678,0.8249587210885838,0.030907739163674054,0.05332030642613454,0.09052161106014825,31,-0.3224668138662537,0.10346639789288713,0,0.6210497432017678,0.0,-0.0,-0.20534825011191915,-0.0,-0.2002679319427291,0.06425777984138947,0.0,-0.37570058183150473,-0.0,0.0,-0.4740458122896436,-0.0,0.11938589464868787,0.21108547841736858,0.02044515659517554,0.037770028453601334,46.0,6121.821381434228,6121.821381434228,0.19064032182219304,0.0028560252820324966,0.008639414390642171,0.91175977295,0.6210497432017678,0.906862474925,0.8249587210885838,0.6210497432017678,0.0,-0.0,-0.0,-0.2002679319427291,0.06425777984138947,0.0,-0.0,0.0,-0.0
12,Shaanxi,2014,0.07519208596984939,0.06750127099090353,0.09438986683298012,0.10125945369453415,0.09070908655979437,0.07183984849887892,225.0,276.0,5959.407526020817,5959.407526020817,-0.02688859584207659,0.012758284379323642,0.008441221166277305,0.91175977295,0.906862474925,0.010038941980105206,0.6210497432017678,0.8249587210885838,0.030907739163674054,0.07238772123836522,0.05502636777100867,31,0.09241010447860744,-0.7882333819285628,0,0.6210497432017678,0.0,-0.0,-0.20534825011191915,-0.0,0.05739127165568768,-0.4895321394297949,0.0,-0.37570058183150473,-0.0,0.0,-0.4740458122896436,-0.0,0.07519208596984939,0.06750127099090353,0.09438986683298012,0.10125945369453415,225.0,5959.407526020817,5959.407526020817,-0.02688859584207659,0.012758284379323642,0.008441221166277305,0.91175977295,0.6210497432017678,0.906862474925,0.8249587210885838,0.6210497432017678,0.0,-0.0,-0.0,0.05739127165568768,-0.4895321394297949,0.0,-0.0,0.0,-0.0
12,Shaanxi,2015,-0.004272194689887598,-0.02641566290033115,0.16155769904888295,0.1676175632189345,0.0308589988405803,-0.042966405633677596,438.0,523.0,4938.184264305178,4938.184264305178,-0.1879733619492141,0.02408141365155547,0.007971337729675796,0.91175977295,0.906862474925,0.010038941980105206,0.6210497432017678,0.8249587210885838,0.030907739163674054,0.07881055819591727,0.01369788281902884,31,0.23216092178769712,-1.826473932411288,0,0.6210497432017678,0.0,-0.0,-0.20534825011191915,-0.0,0.144183480857735,-1.1343311666887532,0.0,-0.37570058183150473,-0.0,0.0,-0.4740458122896436,-0.0,-0.004272194689887598,-0.02641566290033115,0.16155769904888295,0.1676175632189345,438.0,4938.184264305178,4938.184264305178,-0.1879733619492141,0.02408141365155547,0.007971337729675796,0.91175977295,0.6210497432017678,0.906862474925,0.8249587210885838,0.6210497432017678,0.0,-0.0,-0.0,0.144183480857735,-1.1343311666887532,0.0,-0.0,0.0,-0.0
12,Shaanxi,2016,0.07950070992608538,0.08596412347971771,0.03579576016256425,0.09855071880152622,0.06215153212257185,0.027535634036821577,107.0,351.0,5192.244495563589,5192.244495563589,0.050168363317153464,0.005528401516952042,0.008163434015686194,0.91175977295,0.906862474925,0.010038941980105206,0.6210497432017678,0.8249587210885838,0.030907739163674054,0.05903759135568659,0.05014379919751098,31,-0.1980676975607446,-0.9108916571933824,1,0.6210497432017678,0.6210497432017678,-0.3306470252338632,-0.20534825011191915,-0.20534825011191915,-0.12300989270666583,-0.5657090297845828,1.1362587688964558,-0.37570058183150473,-0.37570058183150473,1.433691447713331,-0.4740458122896436,-0.4740458122896436,0.07950070992608538,0.08596412347971771,0.03579576016256425,0.09855071880152622,107.0,5192.244495563589,5192.244495563589,0.050168363317153464,0.005528401516952042,0.008163434015686194,0.91175977295,0.6210497432017678,0.906862474925,0.8249587210885838,0.6210497432017678,0.6210497432017678,-0.3306470252338632,-0.20534825011191915,-0.12300989270666583,-0.5657090297845828,1.1362587688964558,-0.37570058183150473,1.433691447713331,-0.4740458122896436
12,Shaanxi,2017,0.0491802863026809,0.003222649782834708,0.03265200365212628,0.11409233559230003,0.11788292078856522,0.12714914264346255,101.0,452.0,5041.666666666667,5041.666666666667,-0.029429353869291575,0.004638112426008331,0.007279081194520598,0.91175977295,0.906862474925,0.010038941980105206,0.6210497432017678,0.8249587210885838,0.030907739163674054,0.033173774099243235,0.0667308662369896,31,-0.7608236299016604,-0.49419683680565485,1,0.6210497432017678,0.6210497432017678,-0.3306470252338632,-0.20534825011191915,-0.20534825011191915,-0.472509319972263,-0.3069208185892779,1.1362587688964558,-0.37570058183150473,-0.37570058183150473,1.433691447713331,-0.4740458122896436,-0.4740458122896436,0.0491802863026809,0.003222649782834708,0.03265200365212628,0.11409233559230003,101.0,5041.666666666667,5041.666666666667,-0.029429353869291575,0.004638112426008331,0.007279081194520598,0.91175977295,0.6210497432017678,0.906862474925,0.8249587210885838,0.6210497432017678,0.6210497432017678,-0.3306470252338632,-0.20534825011191915,-0.472509319972263,-0.3069208185892779,1.1362587688964558,-0.37570058183150473,1.433691447713331,-0.4740458122896436
12,Shaanxi,2018,0.039304049959029363,-0.011739830870709511,0.22492313739464187,0.2611524324333221,0.11191595830813306,0.10334842760907748,793.0,1251.0,3979.1719583439167,3979.1719583439167,-0.23666296826535138,0.032560315315243185,0.006432407310575028,0.91175977295,0.906862474925,0.010038941980105206,0.6210497432017678,0.8249587210885838,0.030907739163674054,0.03201785921534048,0.096922743210444,31,-0.785974517403983,0.26427352583763797,1,0.6210497432017678,0.6210497432017678,-0.3306470252338632,-0.20534825011191915,-0.20534825011191915,-0.488129272196877,0.1641270053564908,1.1362587688964558,-0.37570058183150473,-0.37570058183150473,1.433691447713331,-0.4740458122896436,-0.4740458122896436,0.039304049959029363,-0.011739830870709511,0.22492313739464187,0.2611524324333221,793.0,3979.1719583439167,3979.1719583439167,-0.23666296826535138,0.032560315315243185,0.006432407310575028,0.91175977295,0.6210497432017678,0.906862474925,0.8249587210885838,0.6210497432017678,0.6210497432017678,-0.3306470252338632,-0.20534825011191915,-0.488129272196877,0.1641270053564908,1.1362587688964558,-0.37570058183150473,1.433691447713331,-0.4740458122896436
12,Shaanxi,2019,0.1329452833960607,0.17118483370303395,0.1066297124267539,0.13697026439652404,0.07358369637451467,0.03288099595522276,443.0,799.0,4244.520547945205,4244.520547945205,0.06455512127628005,0.016899044421980203,0.007091876633161037,0.91175977295,0.906862474925,0.010038941980105206,0.6210497432017678,0.8249587210885838,0.030907739163674054,0.0323398613545378,0.051984497690370696,31,-0.7789682579542254,-0.8646502375352481,1,0.6210497432017678,0.6210497432017678,-0.3306470252338632,-0.20534825011191915,-0.20534825011191915,-0.48377803656480006,-0.5369908079806133,1.1362587688964558,-0.37570058183150473,-0.37570058183150473,1.433691447713331,-0.4740458122896436,-0.4740458122896436,0.1329452833960607,0.17118483370303395,0.1066297124267539,0.13697026439652404,443.0,4244.520547945205,4244.520547945205,0.06455512127628005,0.016899044421980203,0.007091876633161037,0.91175977295,0.6210497432017678,0.906862474925,0.8249587210885838,0.6210497432017678,0.6210497432017678,-0.3306470252338632,-0.20534825011191915,-0.48377803656480006,-0.5369908079806133,1.1362587688964558,-0.37570058183150473,1.433691447713331,-0.4740458122896436
12,Shaanxi,2020,0.08140976188506954,0.07739524700433087,0.13098820713011783,0.16557417417428688,0.003142171443531794,-0.07794615113945547,613.0,1124.0,4023.0322451432007,4023.0322451432007,-0.05359296012578696,0.023310643799672966,0.007638513898923832,0.91175977295,0.906862474925,0.010038941980105206,0.6210497432017678,0.8249587210885838,0.030907739163674054,0.04438090693127943,0.037262753188721555,31,-0.5169740688245997,-1.2344850411390522,1,0.6210497432017678,0.6210497432017678,-0.3306470252338632,-0.20534825011191915,-0.20534825011191915,-0.3210666126854907,-0.7666766177858321,1.1362587688964558,-0.37570058183150473,-0.37570058183150473,1.433691447713331,-0.4740458122896436,-0.4740458122896436,0.08140976188506954,0.07739524700433087,0.13098820713011783,0.16557417417428688,613.0,4023.0322451432007,4023.0322451432007,-0.05359296012578696,0.023310643799672966,0.007638513898923832,0.91175977295,0.6210497432017678,0.906862474925,0.8249587210885838,0.6210497432017678,0.6210497432017678,-0.3306470252338632,-0.20534825011191915,-0.3210666126854907,-0.7666766177858321,1.1362587688964558,-0.37570058183150473,1.433691447713331,-0.4740458122896436
12,Shaanxi,2021,0.14118644404054415,0.12510750108846658,-0.008245396136178584,0.03599908784062755,0.14750431180365808,0.18990852582242645,-41.0,270.0,4596.930533117932,4596.930533117932,0.13335289722464516,-0.0013452944226061963,0.007469337130782305,0.91175977295,0.906862474925,0.010038941980105206,0.6210497432017678,0.8249587210885838,0.030907739163674054,0.037499334228858976,0.0910393120777722,31,-0.6667062535104331,0.1164719118900222,1,0.6210497432017678,0.6210497432017678,-0.3306470252338632,-0.20534825011191915,-0.20534825011191915,-0.41405774753366714,0.07233485096951721,1.1362587688964558,-0.37570058183150473,-0.37570058183150473,1.433691447713331,-0.4740458122896436,-0.4740458122896436,0.14118644404054415,0.12510750108846658,-0.008245396136178584,0.03599908784062755,-41.0,4596.930533117932,4596.930533117932,0.13335289722464516,-0.0013452944226061963,0.007469337130782305,0.91175977295,0.6210497432017678,0.906862474925,0.8249587210885838,0.6210497432017678,0.6210497432017678,-0.3306470252338632,-0.20534825011191915,-0.41405774753366714,0.07233485096951721,1.1362587688964558,-0.37570058183150473,1.433691447713331,-0.4740458122896436
12,Shaanxi,2022,0.04018538349502343,0.047693429565526024,0.025519726208095506,0.06022396226381943,0.08062665237251387,0.0956656658089674,128.0,474.0,4700.0,4700.0,0.02217370335743052,0.0038746077640722273,0.007227354294920977,0.91175977295,0.906862474925,0.010038941980105206,0.6210497432017678,0.8249587210885838,0.030907739163674054,0.030562387673295114,0.03176275653557354,31,-0.8176432860361678,-1.3726541407189772,1,0.6210497432017678,0.6210497432017678,-0.3306470252338632,-0.20534825011191915,-0.20534825011191915,-0.5077971528234115,-0.8524865015983639,1.1362587688964558,-0.37570058183150473,-0.37570058183150473,1.433691447713331,-0.4740458122896436,-0.4740458122896436,0.04018538349502343,0.047693429565526024,0.025519726208095506,0.06022396226381943,128.0,4700.0,4700.0,0.02217370335743052,0.0038746077640722273,0.007227354294920977,0.91175977295,0.6210497432017678,0.906862474925,0.8249587210885838,0.6210497432017678,0.6210497432017678,-0.3306470252338632,-0.20534825011191915,-0.5077971528234115,-0.8524865015983639,1.1362587688964558,-0.37570058183150473,1.433691447713331,-0.4740458122896436
12,Shaanxi,2023,0.0845590167043504,0.06835045822555852,0.11093549770740552,0.16939413130027958,0.028083280760467844,-0.023219254608509488,596.0,1497.0,4504.052149400987,4504.052149400987,-0.042585039481847,0.0175415360616897,0.0075243182788103545,0.91175977295,0.906862474925,0.010038941980105206,0.6210497432017678,0.8249587210885838,0.030907739163674054,0.034067135169903805,0.07133473617818979,31,-0.7413854998974198,-0.3785399365428838,1,0.6210497432017678,0.6210497432017678,-0.3306470252338632,-0.20534825011191915,-0.20534825011191915,-0.46043727432480674,-0.23509213038157145,1.1362587688964558,-0.37570058183150473,-0.37570058183150473,1.433691447713331,-0.4740458122896436,-0.4740458122896436,0.0845590167043504,0.06835045822555852,0.11093549770740552,0.16939413130027958,596.0,4504.052149400987,4504.052149400987,-0.042585039481847,0.0175415360616897,0.0075243182788103545,0.91175977295,0.6210497432017678,0.906862474925,0.8249587210885838,0.6210497432017678,0.6210497432017678,-0.3306470252338632,-0.20534825011191915,-0.46043727432480674,-0.23509213038157145,1.1362587688964558,-0.37570058183150473,1.433691447713331,-0.4740458122896436
13,Guangdong,2000,,,,,,,,,4513.105522048216,4513.105522048216,,,0.009477752226602425,0.780685399425,0.749353756425,0.005481309066985859,0.08889439040496325,0.1508416023624099,-0.5498607184551196,,,0,,,0,0.0,0.0,0.0,0.018725039705448882,0.0,,,-0.0,-0.1705109600171371,-0.0,-0.0,-0.338319816573315,-0.0,,,,,,4513.105522048216,4513.105522048216,,,0.009477752226602425,0.780685399425,0.08889439040496325,0.749353756425,0.1508416023624099,0.0,0.0,0.0,0.0,,,-0.0,-0.0,-0.0,-0.0
13,Guangdong,2001,0.09227525259607994,0.03460480869568805,0.05978485336313977,0.05207883084252529,0.11705273547056194,0.0984816671449753,141.77999999999975,170.51000000000022,4400.884122631084,4400.884122631084,-0.025180044667451718,0.011508864211961794,0.008727677121891032,0.780685399425,0.749353756425,0.005481309066985859,0.08889439040496325,0.1508416023624099,-0.5498607184551196,0.06028087511627794,0.10333775942244862,31,-0.17101580089295476,0.42542944459551196,0,0.0,0.0,0.0,0.018725039705448882,0.0,-0.015202345369995783,0.037818291137640125,-0.0,-0.1705109600171371,-0.0,-0.0,-0.338319816573315,-0.0,0.09227525259607994,0.03460480869568805,0.05978485336313977,0.05207883084252529,141.77999999999975,4400.884122631084,4400.884122631084,-0.025180044667451718,0.011508864211961794,0.008727677121891032,0.780685399425,0.08889439040496325,0.749353756425,0.1508416023624099,0.0,0.0,0.0,0.0,-0.015202345369995783,0.037818291137640125,-0.0,-0.0,-0.0,-0.0
13,Guangdong,2002,0.07334131953756451,0.1177768351249977,0.03249005293045304,0.06563035003322604,0.11702512355955719,0.1095728631520938,80.68000000000029,227.91999999999962,4792.691914509188,4792.691914509188,0.08528678219454466,0.005825859653683426,0.008734240284216455,0.780685399425,0.749353756425,0.005481309066985859,0.08889439040496325,0.1508416023624099,-0.5498607184551196,0.03622957213462816,0.07192239437819348,31,-0.6943342770192986,-0.36377698131293934,0,0.0,0.0,0.0,0.018725039705448882,0.0,-0.06172242229290143,-0.03233773299717145,-0.0,-0.1705109600171371,-0.0,-0.0,-0.338319816573315,-0.0,0.07334131953756451,0.1177768351249977,0.03249005293045304,0.06563035003322604,80.68000000000029,4792.691914509188,4792.691914509188,0.08528678219454466,0.005825859653683426,0.008734240284216455,0.780685399425,0.08889439040496325,0.749353756425,0.1508416023624099,0.0,0.0,0.0,0.0,-0.06172242229290143,-0.03233773299717145,-0.0,-0.0,-0.0,-0.0
13,Guangdong,2003,0.21035440298612507,0.13425762669904984,,0.08855051578437667,0.1621585393336087,0.21317631274723325,,332.21000000000004,,,,,0.008493915243206071,0.780685399425,0.749353756425,0.005481309066985859,0.08889439040496325,0.1508416023624099,-0.5498607184551196,,0.174536334595533,0,,2.2140565371971155,0,0.0,0.0,0.0,0.018725039705448882,0.0,,0.19681720619626142,-0.0,-0.1705109600171371,-0.0,-0.0,-0.338319816573315,-0.0,0.21035440298612507,0.13425762669904984,,0.08855051578437667,,,,,,0.008493915243206071,0.780685399425,0.08889439040496325,0.749353756425,0.1508416023624099,0.0,0.0,0.0,0.0,,0.19681720619626142,-0.0,-0.0,-0.0,-0.0
13,Guangdong,2004,0.1286841366232565,0.16870309760166968,,0.0836193236549665,0.1537804559955287,0.17910863793812304,,341.90000000000055,5427.353684929191,5427.353684929191,,,0.008621617352848268,0.780685399425,0.749353756425,0.005481309066985859,0.08889439040496325,0.1508416023624099,-0.5498607184551196,,0.13859497572773094,0,,1.3111495891354643,0,0.0,0.0,0.0,0.018725039705448882,0.0,,0.11655384345591513,-0.0,-0.1705109600171371,-0.0,-0.0,-0.338319816573315,-0.0,0.1286841366232565,0.16870309760166968,,0.0836193236549665,,5427.353684929191,5427.353684929191,,,0.008621617352848268,0.780685399425,0.08889439040496325,0.749353756425,0.1508416023624099,0.0,0.0,0.0,0.0,,0.11655384345591513,-0.0,-0.0,-0.0,-0.0
13,Guangdong,2005,0.062176400338560533,0.05204198052114961,,0.12055663757212542,0.1634232798474038,0.1840571024559452,,546.0799999999999,,,,,0.007712877971573051,0.780685399425,0.749353756425,0.005481309066985859,0.08889439040496325,0.1508416023624099,-0.5498607184551196,,0.1204312655274813,1,,0.8548468599396662,0,0.0,0.0,0.0,0.018725039705448882,0.0,,0.07599109050393363,-0.0,-0.1705109600171371,-0.0,-0.0,-0.338319816573315,-0.0,0.062176400338560533,0.05204198052114961,,0.12055663757212542,,,,,,0.007712877971573051,0.780685399425,0.08889439040496325,0.749353756425,0.1508416023624099,0.0,0.0,0.0,0.0,,0.07599109050393363,-0.0,-0.0,-0.0,-0.0
13,Guangdong,2006,0.07896757876478144,0.0882834627515301,,0.1142081977369731,0.16593500783284298,0.1746719115109645,,581.7199999999993,4639.39431244614,4639.39431244614,,,0.007136624108532711,0.780685399425,0.749353756425,0.005481309066985859,0.08889439040496325,0.1508416023624099,-0.5498607184551196,,0.1288484193955256,1,,1.0662998196987796,0,0.0,0.0,0.0,0.018725039705448882,0.0,,0.09478807246104523,-0.0,-0.1705109600171371,-0.0,-0.0,-0.338319816573315,-0.0,0.07896757876478144,0.0882834627515301,,0.1142081977369731,,4639.39431244614,4639.39431244614,,,0.007136624108532711,0.780685399425,0.08889439040496325,0.749353756425,0.1508416023624099,0.0,0.0,0.0,0.0,,0.09478807246104523,-0.0,-0.0,-0.0,-0.0
13,Guangdong,2007,0.10249855130460173,0.14908938292104068,-2.1544495484745907,0.08804981793817745,0.20184892600237525,0.1969702869362422,-3590.5,496.10000000000036,46438.21656050956,6580.984095596898,2.3035389313956314,-0.11113174551588591,0.006769859324945448,0.780685399425,0.749353756425,0.005481309066985859,0.08889439040496325,0.1508416023624099,-0.5498607184551196,0.07460781837107273,0.1340029619229762,31,0.1407159218069819,1.1957905348170592,0,0.0,0.0,0.0,0.018725039705448882,0.0,0.012508856089304129,0.10629907064458746,-0.0,-0.1705109600171371,-0.0,-0.0,-0.338319816573315,-0.0,0.10249855130460173,0.14908938292104068,-2.1544495484745907,0.08804981793817745,-3590.5,46438.21656050956,6580.984095596898,2.3035389313956314,-0.11113174551588591,0.006769859324945448,0.780685399425,0.08889439040496325,0.749353756425,0.1508416023624099,0.0,0.0,0.0,0.0,0.012508856089304129,0.10629907064458746,-0.0,-0.0,-0.0,-0.0
13,Guangdong,2008,-0.005770708093425725,-0.030663223085632296,2.2730666296416375,0.020515264650553533,0.14504271791159695,0.1448186056849714,4102.0,122.0,4638.5086376558065,4638.5086376558065,-2.30372985272727,0.10982156004444266,0.005678995488802324,0.780685399425,0.749353756425,0.005481309066985859,0.08889439040496325,0.1508416023624099,-0.5498607184551196,0.23086049090782326,0.08538316258007597,31,3.540528004544794,-0.02562000788211561,0,0.0,0.0,0.0,0.018725039705448882,0.0,0.31473307867571043,-0.0022774749828510204,-0.0,-0.1705109600171371,-0.0,-0.0,-0.338319816573315,-0.0,-0.005770708093425725,-0.030663223085632296,2.2730666296416375,0.020515264650553533,4102.0,4638.5086376558065,4638.5086376558065,-2.30372985272727,0.10982156004444266,0.005678995488802324,0.780685399425,0.08889439040496325,0.749353756425,0.1508416023624099,0.0,0.0,0.0,0.0,0.31473307867571043,-0.0022774749828510204,-0.0,-0.0,-0.0,-0.0
13,Guangdong,2009,0.015112109967187592,0.01703041852128173,0.054677022988563806,0.06429922819505052,0.07388437036403417,0.04849848408830759,257.0,399.0,4467.130677018633,4467.130677018633,-0.037646604467282074,0.006390539177250158,0.0053651289686647,0.780685399425,0.749353756425,0.005481309066985859,0.08889439040496325,0.1508416023624099,-0.5498607184551196,0.10001935023920526,0.053951541707971624,31,0.6936308363716208,-0.8152348073294063,0,0.0,0.0,0.0,0.018725039705448882,0.0,0.061659890365340045,-0.07246980123445525,-0.0,-0.1705109600171371,-0.0,-0.0,-0.338319816573315,-0.0,0.015112109967187592,0.01703041852128173,0.054677022988563806,0.06429922819505052,257.0,4467.130677018633,4467.130677018633,-0.037646604467282074,0.006390539177250158,0.0053651289686647,0.780685399425,0.08889439040496325,0.749353756425,0.1508416023624099,0.0,0.0,0.0,0.0,0.061659890365340045,-0.07246980123445525,-0.0,-0.0,-0.0,-0.0
13,Guangdong,2010,0.1602640765354435,0.142416926140724,0.09040450958883106,0.10453295309449295,0.15208080716808858,0.16457913199325525,457.0,706.0,4705.625521089465,4705.625521089465,0.052012416551892926,0.009760514770830482,0.005313530721839617,0.780685399425,0.749353756425,0.005481309066985859,0.08889439040496325,0.1508416023624099,-0.5498607184551196,0.11994848128667408,0.13785180451035353,31,1.1272573429372206,1.2924798872402858,0,0.0,0.0,0.0,0.018725039705448882,0.0,0.10020685432992282,0.11489421168690085,-0.0,-0.1705109600171371,-0.0,-0.0,-0.338319816573315,-0.0,0.1602640765354435,0.142416926140724,0.09040450958883106,0.10453295309449295,457.0,4705.625521089465,4705.625521089465,0.052012416551892926,0.009760514770830482,0.005313530721839617,0.780685399425,0.08889439040496325,0.749353756425,0.1508416023624099,0.0,0.0,0.0,0.0,0.10020685432992282,0.11489421168690085,-0.0,-0.0,-0.0,-0.0
13,Guangdong,2011,0.16102767620793657,0.1895277476487065,0.0637461702384261,0.0693770706005239,0.14282359662480637,0.1323771272680485,348.0,511.0,5336.341414374445,5336.341414374445,0.1257815774102804,0.006443298730473889,0.005567581088636794,0.780685399425,0.749353756425,0.005481309066985859,0.08889439040496325,0.1508416023624099,-0.5498607184551196,0.08951107708331604,0.11887028262747688,31,0.46498736126114687,0.8156323630308685,0,0.0,0.0,0.0,0.018725039705448882,0.0,0.04133476802532207,0.07250514170618874,-0.0,-0.1705109600171371,-0.0,-0.0,-0.338319816573315,-0.0,0.16102767620793657,0.1895277476487065,0.0637461702384261,0.0693770706005239,348.0,5336.341414374445,5336.341414374445,0.1257815774102804,0.006443298730473889,0.005567581088636794,0.780685399425,0.08889439040496325,0.749353756425,0.1508416023624099,0.0,0.0,0.0,0.0,0.04133476802532207,0.07250514170618874,-0.0,-0.0,-0.0,-0.0
13,Guangdong,2012,-0.010227029950454103,-0.0498928243087402,0.02055047292700607,0.024103797499693158,0.07227381007034595,0.04430034808752481,117.0,186.0,4973.366587273992,4973.366587273992,-0.07044329723574627,0.0020152399680579297,0.004927314188760328,0.780685399425,0.749353756425,0.005481309066985859,0.08889439040496325,0.1508416023624099,-0.5498607184551196,0.0756167924904256,0.06311076158020731,31,0.162669609679673,-0.5851399104757836,0,0.08889439040496325,0.0,0.0,0.018725039705448882,0.0,0.01446041578988784,-0.052015655643359554,-0.0,-0.1705109600171371,-0.0,-0.0,-0.338319816573315,-0.0,-0.010227029950454103,-0.0498928243087402,0.02055047292700607,0.024103797499693158,117.0,4973.366587273992,4973.366587273992,-0.07044329723574627,0.0020152399680579297,0.004927314188760328,0.780685399425,0.08889439040496325,0.749353756425,0.1508416023624099,0.08889439040496325,0.0,0.0,0.0,0.01446041578988784,-0.052015655643359554,-0.0,-0.0,-0.0,-0.0
13,Guangdong,2013,0.029107829031330468,0.06956210974732002,0.12040669639436707,0.0961246542224945,0.09364804732893361,0.0704800942543109,736.0,788.0,4726.818742293465,4726.818742293465,-0.05084458664704705,0.011543775982612563,0.004810053047885449,0.780685399425,0.749353756425,0.005481309066985859,0.08889439040496325,0.1508416023624099,-0.5498607184551196,0.05332030642613454,0.09052161106014825,31,-0.3224668138662537,0.10346639789288713,0,0.08889439040496325,0.0,0.0,0.018725039705448882,0.0,-0.028665490844471373,0.009197582368085575,-0.0,-0.1705109600171371,-0.0,-0.0,-0.338319816573315,-0.0,0.029107829031330468,0.06956210974732002,0.12040669639436707,0.0961246542224945,736.0,4726.818742293465,4726.818742293465,-0.05084458664704705,0.011543775982612563,0.004810053047885449,0.780685399425,0.08889439040496325,0.749353756425,0.1508416023624099,0.08889439040496325,0.0,0.0,0.0,-0.028665490844471373,0.009197582368085575,-0.0,-0.0,-0.0,-0.0
13,Guangdong,2014,0.03505312327711785,-0.03515199527123869,0.056190347113386,0.06364401790898633,0.08758600354820167,0.08450451707545348,375.0,565.0,4314.192044295498,4314.192044295498,-0.09134234238462469,0.0053884421622867155,0.0042544696552969,0.780685399425,0.749353756425,0.005481309066985859,0.08889439040496325,0.1508416023624099,-0.5498607184551196,0.07238772123836522,0.05502636777100867,31,0.09241010447860744,-0.7882333819285628,0,0.08889439040496325,0.0,0.0,0.018725039705448882,0.0,0.008214739904884772,-0.07006952598338216,-0.0,-0.1705109600171371,-0.0,-0.0,-0.338319816573315,-0.0,0.03505312327711785,-0.03515199527123869,0.056190347113386,0.06364401790898633,375.0,4314.192044295498,4314.192044295498,-0.09134234238462469,0.0053884421622867155,0.0042544696552969,0.780685399425,0.08889439040496325,0.749353756425,0.1508416023624099,0.08889439040496325,0.0,0.0,0.0,0.008214739904884772,-0.07006952598338216,-0.0,-0.0,-0.0,-0.0
13,Guangdong,2015,0.005390698930132665,-0.019801941677854984,0.06487541615243408,0.06894194072730819,0.08570291525187912,0.06026350663258384,460.0,654.0,3963.91711047385,3963.91711047385,-0.08467735783028907,0.0060669370172935526,0.003828470043647787,0.780685399425,0.749353756425,0.005481309066985859,0.08889439040496325,0.1508416023624099,-0.5498607184551196,0.07881055819591727,0.01369788281902884,31,0.23216092178769712,-1.826473932411288,0,0.08889439040496325,0.0,0.0,0.018725039705448882,0.0,0.020637803618171687,-0.16236328681225748,-0.0,-0.1705109600171371,-0.0,-0.0,-0.338319816573315,-0.0,0.005390698930132665,-0.019801941677854984,0.06487541615243408,0.06894194072730819,460.0,3963.91711047385,3963.91711047385,-0.08467735783028907,0.0060669370172935526,0.003828470043647787,0.780685399425,0.08889439040496325,0.749353756425,0.1508416023624099,0.08889439040496325,0.0,0.0,0.0,0.020637803618171687,-0.16236328681225748,-0.0,-0.0,-0.0,-0.0
13,Guangdong,2016,0.03293529922351368,0.023230903723199248,0.05292380924774598,0.06315603390606839,0.09639494109140756,0.045688092162027516,398.0,640.0,3847.947157104002,3847.947157104002,-0.02969290552454673,0.004766843960524879,0.0035583651775676923,0.780685399425,0.749353756425,0.005481309066985859,0.08889439040496325,0.1508416023624099,-0.5498607184551196,0.05903759135568659,0.05014379919751098,31,-0.1980676975607446,-0.9108916571933824,1,0.08889439040496325,0.08889439040496325,0.2106436595171635,0.018725039705448882,0.018725039705448882,-0.01760710723357702,-0.08097315859117249,-0.8094758722288703,-0.1705109600171371,-0.1705109600171371,-1.6061239030351555,-0.338319816573315,-0.338319816573315,0.03293529922351368,0.023230903723199248,0.05292380924774598,0.06315603390606839,398.0,3847.947157104002,3847.947157104002,-0.02969290552454673,0.004766843960524879,0.0035583651775676923,0.780685399425,0.08889439040496325,0.749353756425,0.1508416023624099,0.08889439040496325,0.08889439040496325,0.2106436595171635,0.018725039705448882,-0.01760710723357702,-0.08097315859117249,-0.8094758722288703,-0.1705109600171371,-1.6061239030351555,-0.338319816573315
13,Guangdong,2017,0.0799320208617571,0.11326256781619826,0.006068841662346003,0.04771033164356098,0.10788350960550552,0.08209835811564936,47.0,511.0,4283.341915550978,4283.341915550978,0.10719372615385225,0.0005053502777926605,0.0035775574027649346,0.780685399425,0.749353756425,0.005481309066985859,0.08889439040496325,0.1508416023624099,-0.5498607184551196,0.033173774099243235,0.0667308662369896,31,-0.7608236299016604,-0.49419683680565485,1,0.08889439040496325,0.08889439040496325,0.2106436595171635,0.018725039705448882,0.018725039705448882,-0.06763295278579946,-0.043931326547899795,-0.8094758722288703,-0.1705109600171371,-0.1705109600171371,-1.6061239030351555,-0.338319816573315,-0.338319816573315,0.0799320208617571,0.11326256781619826,0.006068841662346003,0.04771033164356098,47.0,4283.341915550978,4283.341915550978,0.10719372615385225,0.0005053502777926605,0.0035775574027649346,0.780685399425,0.08889439040496325,0.749353756425,0.1508416023624099,0.08889439040496325,0.08889439040496325,0.2106436595171635,0.018725039705448882,-0.06763295278579946,-0.043931326547899795,-0.8094758722288703,-0.1705109600171371,-1.6061239030351555,-0.338319816573315
13,Guangdong,2018,0.04311292600265748,-0.020403294541890382,0.046408830725495065,0.08399046803979537,0.09110433340964974,0.07163615732864059,369.0,961.0,4006.513457048052,4006.513457048052,-0.06681212526738545,0.0036220538910576496,0.0032000698889531284,0.780685399425,0.749353756425,0.005481309066985859,0.08889439040496325,0.1508416023624099,-0.5498607184551196,0.03201785921534048,0.096922743210444,31,-0.785974517403983,0.26427352583763797,1,0.08889439040496325,0.08889439040496325,0.2106436595171635,0.018725039705448882,0.018725039705448882,-0.06986872559846224,0.02349243397950713,-0.8094758722288703,-0.1705109600171371,-0.1705109600171371,-1.6061239030351555,-0.338319816573315,-0.338319816573315,0.04311292600265748,-0.020403294541890382,0.046408830725495065,0.08399046803979537,369.0,4006.513457048052,4006.513457048052,-0.06681212526738545,0.0036220538910576496,0.0032000698889531284,0.780685399425,0.08889439040496325,0.749353756425,0.1508416023624099,0.08889439040496325,0.08889439040496325,0.2106436595171635,0.018725039705448882,-0.06986872559846224,0.02349243397950713,-0.8094758722288703,-0.1705109600171371,-1.6061239030351555,-0.338319816573315
13,Guangdong,2019,0.06862526081079068,0.026007732809854467,0.05859116681239129,0.0759266113082262,0.080971385618831,0.050173590975443716,491.0,941.0,3878.071395456653,3878.071395456653,-0.032583434002536826,0.004444722050981233,0.003028928713357069,0.780685399425,0.749353756425,0.005481309066985859,0.08889439040496325,0.1508416023624099,-0.5498607184551196,0.0323398613545378,0.051984497690370696,31,-0.7789682579542254,-0.8646502375352481,1,0.08889439040496325,0.08889439040496325,0.2106436595171635,0.018725039705448882,0.018725039705448882,-0.06924590843565703,-0.07686255577920255,-0.8094758722288703,-0.1705109600171371,-0.1705109600171371,-1.6061239030351555,-0.338319816573315,-0.338319816573315,0.06862526081079068,0.026007732809854467,0.05859116681239129,0.0759266113082262,491.0,3878.071395456653,3878.071395456653,-0.032583434002536826,0.004444722050981233,0.003028928713357069,0.780685399425,0.08889439040496325,0.749353756425,0.1508416023624099,0.08889439040496325,0.08889439040496325,0.2106436595171635,0.018725039705448882,-0.06924590843565703,-0.07686255577920255,-0.8094758722288703,-0.1705109600171371,-1.6061239030351555,-0.338319816573315
13,Guangdong,2020,0.03405992361250565,0.06645129014981244,0.10487360993401929,0.10003165716351425,0.028914882361755545,0.005219602845333071,954.0,1354.0,3731.893132957629,3731.893132957629,-0.03842231978420685,0.008389844594398505,0.0031447846210806716,0.780685399425,0.749353756425,0.005481309066985859,0.08889439040496325,0.1508416023624099,-0.5498607184551196,0.04438090693127943,0.037262753188721555,31,-0.5169740688245997,-1.2344850411390522,1,0.08889439040496325,0.08889439040496325,0.2106436595171635,0.018725039705448882,0.018725039705448882,-0.04595609470333631,-0.10973879519610202,-0.8094758722288703,-0.1705109600171371,-0.1705109600171371,-1.6061239030351555,-0.338319816573315,-0.338319816573315,0.03405992361250565,0.06645129014981244,0.10487360993401929,0.10003165716351425,954.0,3731.893132957629,3731.893132957629,-0.03842231978420685,0.008389844594398505,0.0031447846210806716,0.780685399425,0.08889439040496325,0.749353756425,0.1508416023624099,0.08889439040496325,0.08889439040496325,0.2106436595171635,0.018725039705448882,-0.04595609470333631,-0.10973879519610202,-0.8094758722288703,-0.1705109600171371,-1.6061239030351555,-0.338319816573315
13,Guangdong,2021,0.18789186655944423,0.2580807625252888,0.06797656171738353,0.10640749269537686,0.11508156537792225,0.13292903930780753,674.0,1597.0,4513.260530421217,4513.260530421217,0.19010420080790524,0.00528306737713733,0.0036282288242274886,0.780685399425,0.749353756425,0.005481309066985859,0.08889439040496325,0.1508416023624099,-0.5498607184551196,0.037499334228858976,0.0910393120777722,31,-0.6667062535104331,0.1164719118900222,1,0.08889439040496325,0.08889439040496325,0.2106436595171635,0.018725039705448882,0.018725039705448882,-0.059266445984986836,0.010353699606764116,-0.8094758722288703,-0.1705109600171371,-0.1705109600171371,-1.6061239030351555,-0.338319816573315,-0.338319816573315,0.18789186655944423,0.2580807625252888,0.06797656171738353,0.10640749269537686,674.0,4513.260530421217,4513.260530421217,0.19010420080790524,0.00528306737713733,0.0036282288242274886,0.780685399425,0.08889439040496325,0.749353756425,0.1508416023624099,0.08889439040496325,0.08889439040496325,0.2106436595171635,0.018725039705448882,-0.059266445984986836,0.010353699606764116,-0.8094758722288703,-0.1705109600171371,-1.6061239030351555,-0.338319816573315
13,Guangdong,2022,0.009386168738161338,-0.041485633564604996,0.04620529443759658,0.08426864350942687,0.03821473927807162,0.02693052388269379,485.0,1391.0,4134.345033050926,4134.345033050926,-0.08769092800220157,0.0036590769363552228,0.0033502810208809563,0.780685399425,0.749353756425,0.005481309066985859,0.08889439040496325,0.1508416023624099,-0.5498607184551196,0.030562387673295114,0.03176275653557354,31,-0.8176432860361678,-1.3726541407189772,1,0.08889439040496325,0.08889439040496325,0.2106436595171635,0.018725039705448882,0.018725039705448882,-0.07268390148089614,-0.12202125307606211,-0.8094758722288703,-0.1705109600171371,-0.1705109600171371,-1.6061239030351555,-0.338319816573315,-0.338319816573315,0.009386168738161338,-0.041485633564604996,0.04620529443759658,0.08426864350942687,485.0,4134.345033050926,4134.345033050926,-0.08769092800220157,0.0036590769363552228,0.0033502810208809563,0.780685399425,0.08889439040496325,0.749353756425,0.1508416023624099,0.08889439040496325,0.08889439040496325,0.2106436595171635,0.018725039705448882,-0.07268390148089614,-0.12202125307606211,-0.8094758722288703,-0.1705109600171371,-1.6061239030351555,-0.338319816573315
13,Guangdong,2023,0.09645876010832488,0.10718064307422992,0.08372416268051808,0.11842837183438348,0.03963003684236455,0.02572898025990611,938.0,2164.0,4232.468533264834,4232.468533264834,0.023456480393711843,0.0068017636146399186,0.0035844134033610428,0.780685399425,0.749353756425,0.005481309066985859,0.08889439040496325,0.1508416023624099,-0.5498607184551196,0.034067135169903805,0.07133473617818979,31,-0.7413854998974198,-0.3785399365428838,1,0.08889439040496325,0.08889439040496325,0.2106436595171635,0.018725039705448882,0.018725039705448882,-0.06590501206846007,-0.03365007690291313,-0.8094758722288703,-0.1705109600171371,-0.1705109600171371,-1.6061239030351555,-0.338319816573315,-0.338319816573315,0.09645876010832488,0.10718064307422992,0.08372416268051808,0.11842837183438348,938.0,4232.468533264834,4232.468533264834,0.023456480393711843,0.0068017636146399186,0.0035844134033610428,0.780685399425,0.08889439040496325,0.749353756425,0.1508416023624099,0.08889439040496325,0.08889439040496325,0.2106436595171635,0.018725039705448882,-0.06590501206846007,-0.03365007690291313,-0.8094758722288703,-0.1705109600171371,-1.6061239030351555,-0.338319816573315
14,Guangxi,2000,,,,,,,,,3532.7188940092165,3532.7188940092165,,,0.005484332522535413,0.487144861025,0.4226715081,0.0057468315907775545,-1.1028654065062309,-1.2473165318480302,-0.516025806880372,,,0,,,0,-0.0,-0.0,-0.0,0.02395745697063623,0.0,,,-0.0,0.015576737191832531,0.0,-0.0,0.0026052697555537263,0.0,,,,,,3532.7188940092165,3532.7188940092165,,,0.005484332522535413,0.487144861025,-1.1028654065062309,0.4226715081,-1.2473165318480302,-0.0,-0.0,-0.0,0.0,,,-0.0,0.0,-0.0,0.0
14,Guangxi,2001,0.011084434757580919,0.010553731174208991,-0.04940325529720191,-0.010352395979381868,0.09376109365046226,0.051074347865274206,-15.689999999999998,-7.6400000000001,3751.0086827410346,3751.0086827410346,0.0599569864714109,-0.0068134445023449695,0.0050464651728330725,0.487144861025,0.4226715081,0.0057468315907775545,-1.1028654065062309,-1.2473165318480302,-0.516025806880372,0.06028087511627794,0.10333775942244862,31,-0.17101580089295476,0.42542944459551196,0,-0.0,-0.0,-0.0,0.02395745697063623,0.0,0.1886074107707972,-0.46919141735354936,-0.0,0.015576737191832531,0.0,-0.0,0.0026052697555537263,0.0,0.011084434757580919,0.010553731174208991,-0.04940325529720191,-0.010352395979381868,-15.689999999999998,3751.0086827410346,3751.0086827410346,0.0599569864714109,-0.0068134445023449695,0.0050464651728330725,0.487144861025,-1.1028654065062309,0.4226715081,-1.2473165318480302,-0.0,-0.0,-0.0,0.0,0.1886074107707972,-0.46919141735354936,-0.0,0.0,-0.0,0.0
14,Guangxi,2002,0.05144038767061243,0.061732548664949594,0.01857975196856465,0.0239156022198328,0.10306502216237856,0.09374887439973101,5.810000000000002,17.770000000000095,3916.418477916482,3916.418477916482,0.04315279669638494,0.002275932309620809,0.004842134127232842,0.487144861025,0.4226715081,0.0057468315907775545,-1.1028654065062309,-1.2473165318480302,-0.516025806880372,0.03622957213462816,0.07192239437819348,31,-0.6943342770192986,-0.36377698131293934,0,-0.0,-0.0,-0.0,0.02395745697063623,0.0,0.7657572546760987,0.4011970483733044,-0.0,0.015576737191832531,0.0,-0.0,0.0026052697555537263,0.0,0.05144038767061243,0.061732548664949594,0.01857975196856465,0.0239156022198328,5.810000000000002,3916.418477916482,3916.418477916482,0.04315279669638494,0.002275932309620809,0.004842134127232842,0.487144861025,-1.1028654065062309,0.4226715081,-1.2473165318480302,-0.0,-0.0,-0.0,0.0,0.7657572546760987,0.4011970483733044,-0.0,0.0,-0.0,0.0
14,Guangxi,2003,0.16489959901063456,0.2688586597679441,,0.02570572395797921,0.10435722735533126,0.12271612498560014,,19.579999999999927,,,,,0.005707933169539343,0.487144861025,0.4226715081,0.0057468315907775545,-1.1028654065062309,-1.2473165318480302,-0.516025806880372,,0.174536334595533,0,,2.2140565371971155,0,-0.0,-0.0,-0.0,0.02395745697063623,0.0,,-2.441806362923675,-0.0,0.015576737191832531,0.0,-0.0,0.0026052697555537263,0.0,0.16489959901063456,0.2688586597679441,,0.02570572395797921,,,,,,0.005707933169539343,0.487144861025,-1.1028654065062309,0.4226715081,-1.2473165318480302,-0.0,-0.0,-0.0,0.0,,-2.441806362923675,-0.0,0.0,-0.0,0.0
14,Guangxi,2004,0.04203478280936013,0.10362784195701957,,0.19947046989262684,0.1670838805088799,0.1866572598205405,,170.32000000000005,4097.667938146685,4097.667938146685,,,0.005356983049866615,0.487144861025,0.4226715081,0.0057468315907775545,-1.1028654065062309,-1.2473165318480302,-0.516025806880372,,0.13859497572773094,0,,1.3111495891354643,0,-0.0,-0.0,-0.0,0.02395745697063623,0.0,,-1.4460215246123616,-0.0,0.015576737191832531,0.0,-0.0,0.0026052697555537263,0.0,0.04203478280936013,0.10362784195701957,,0.19947046989262684,,4097.667938146685,4097.667938146685,,,0.005356983049866615,0.487144861025,-1.1028654065062309,0.4226715081,-1.2473165318480302,-0.0,-0.0,-0.0,0.0,,-1.4460215246123616,-0.0,0.0,-0.0,0.0
14,Guangxi,2005,0.16421898164793447,0.2830308038261151,,0.15672738593392221,0.12360218042383941,0.1401660110119023,,159.81000000000006,,,,,0.006282886924396359,0.487144861025,0.4226715081,0.0057468315907775545,-1.1028654065062309,-1.2473165318480302,-0.516025806880372,,0.1204312655274813,1,,0.8548468599396662,0,-0.0,-0.0,-0.0,0.02395745697063623,0.0,,-0.942781029687935,-0.0,0.015576737191832531,0.0,-0.0,0.0026052697555537263,0.0,0.16421898164793447,0.2830308038261151,,0.15672738593392221,,,,,,0.006282886924396359,0.487144861025,-1.1028654065062309,0.4226715081,-1.2473165318480302,-0.0,-0.0,-0.0,0.0,,-0.942781029687935,-0.0,0.0,-0.0,0.0
14,Guangxi,2006,0.15982271434944773,0.09744993601732954,,0.1699977465903828,0.16734427365843096,0.19205280527239577,,204.13999999999987,4829.95951417004,4829.95951417004,,,0.005858743955477653,0.487144861025,0.4226715081,0.0057468315907775545,-1.1028654065062309,-1.2473165318480302,-0.516025806880372,,0.1288484193955256,1,,1.0662998196987796,0,-0.0,-0.0,-0.0,0.02395745697063623,0.0,,-1.1759851841096154,-0.0,0.015576737191832531,0.0,-0.0,0.0026052697555537263,0.0,0.15982271434944773,0.09744993601732954,,0.1699977465903828,,4829.95951417004,4829.95951417004,,,0.005858743955477653,0.487144861025,-1.1028654065062309,0.4226715081,-1.2473165318480302,-0.0,-0.0,-0.0,0.0,,-1.1759851841096154,-0.0,0.0,-0.0,0.0
14,Guangxi,2007,0.26598528794346743,0.20159162379523554,0.5384135802848196,0.41375251858268935,0.21537204061545445,0.2565422865841587,387.6,669.2,3448.7647690655203,3448.7647690655203,-0.336821956489584,0.06975739813111724,0.005778561762626192,0.487144861025,0.4226715081,0.0057468315907775545,-1.1028654065062309,-1.2473165318480302,-0.516025806880372,0.07460781837107273,0.1340029619229762,31,0.1407159218069819,1.1957905348170592,0,-0.0,-0.0,-0.0,0.02395745697063623,0.0,-0.15519072230555608,-1.3187960142773192,-0.0,0.015576737191832531,0.0,-0.0,0.0026052697555537263,0.0,0.26598528794346743,0.20159162379523554,0.5384135802848196,0.41375251858268935,387.6,3448.7647690655203,3448.7647690655203,-0.336821956489584,0.06975739813111724,0.005778561762626192,0.487144861025,-1.1028654065062309,0.4226715081,-1.2473165318480302,-0.0,-0.0,-0.0,0.0,-0.15519072230555608,-1.3187960142773192,-0.0,0.0,-0.0,0.0
14,Guangxi,2008,0.2405854910088463,0.05002333422450356,0.09813793265149062,0.20485066985398248,0.1663297813831459,0.17311829493481667,96.0,449.0,3286.7575462512173,3286.7575462512173,-0.048114598426987065,0.014629909243205614,0.005144089442754224,0.487144861025,0.4226715081,0.0057468315907775545,-1.1028654065062309,-1.2473165318480302,-0.516025806880372,0.23086049090782326,0.08538316258007597,31,3.540528004544794,-0.02562000788211561,0,-0.0,-0.0,-0.0,0.02395745697063623,0.0,-3.9047258569789887,0.02825542040760227,-0.0,0.015576737191832531,0.0,-0.0,0.0026052697555537263,0.0,0.2405854910088463,0.05002333422450356,0.09813793265149062,0.20485066985398248,96.0,3286.7575462512173,3286.7575462512173,-0.048114598426987065,0.014629909243205614,0.005144089442754224,0.487144861025,-1.1028654065062309,0.4226715081,-1.2473165318480302,-0.0,-0.0,-0.0,0.0,-3.9047258569789887,0.02825542040760227,-0.0,0.0,-0.0,0.0
14,Guangxi,2009,0.08380062007890565,0.19325508680046477,0.04753746722783081,0.05145829727547557,0.09881051569084676,0.09630503977694538,50.0,128.0,3802.3494428969357,3802.3494428969357,0.14571761957263396,0.006902835780197639,0.005653602460910656,0.487144861025,0.4226715081,0.0057468315907775545,-1.1028654065062309,-1.2473165318480302,-0.516025806880372,0.10001935023920526,0.053951541707971624,31,0.6936308363716208,-0.8152348073294063,0,-0.0,-0.0,-0.0,0.02395745697063623,0.0,-0.7649814543202446,0.8990942671833745,-0.0,0.015576737191832531,0.0,-0.0,0.0026052697555537263,0.0,0.08380062007890565,0.19325508680046477,0.04753746722783081,0.05145829727547557,50.0,3802.3494428969357,3802.3494428969357,0.14571761957263396,0.006902835780197639,0.005653602460910656,0.487144861025,-1.1028654065062309,0.4226715081,-1.2473165318480302,-0.0,-0.0,-0.0,0.0,-0.7649814543202446,0.8990942671833745,-0.0,0.0,-0.0,0.0
14,Guangxi,2010,0.0887965368387702,0.2834883197694169,-0.035920686057161255,-0.0074729944630052,0.1846106900128337,0.24386790651474932,-38.0,-19.0,5233.227266602503,5233.227266602503,0.31940900582657816,-0.004361799816345271,0.006241188165748393,0.487144861025,0.4226715081,0.0057468315907775545,-1.1028654065062309,-1.2473165318480302,-0.516025806880372,0.11994848128667408,0.13785180451035353,31,1.1272573429372206,1.2924798872402858,0,-0.0,-0.0,-0.0,0.02395745697063623,0.0,-1.2432131277555916,-1.4254313562423853,-0.0,0.015576737191832531,0.0,-0.0,0.0026052697555537263,0.0,0.0887965368387702,0.2834883197694169,-0.035920686057161255,-0.0074729944630052,-38.0,5233.227266602503,5233.227266602503,0.31940900582657816,-0.004361799816345271,0.006241188165748393,0.487144861025,-1.1028654065062309,0.4226715081,-1.2473165318480302,-0.0,-0.0,-0.0,0.0,-1.2432131277555916,-1.4254313562423853,-0.0,0.0,-0.0,0.0
14,Guangxi,2011,0.0066820769867383945,0.13602996857780836,0.1247101161610491,0.06643663961262547,0.1840704856627049,0.2020759441921225,138.0,174.0,5292.80318606627,5292.80318606627,0.011319852416759257,0.013177117648743877,0.005948446293696945,0.487144861025,0.4226715081,0.0057468315907775545,-1.1028654065062309,-1.2473165318480302,-0.516025806880372,0.08951107708331604,0.11887028262747688,31,0.46498736126114687,0.8156323630308685,0,-0.0,-0.0,-0.0,0.02395745697063623,0.0,-0.5128184751975344,-0.8995327176136765,-0.0,0.015576737191832531,0.0,-0.0,0.0026052697555537263,0.0,0.0066820769867383945,0.13602996857780836,0.1247101161610491,0.06643663961262547,138.0,5292.80318606627,5292.80318606627,0.011319852416759257,0.013177117648743877,0.005948446293696945,0.487144861025,-1.1028654065062309,0.4226715081,-1.2473165318480302,-0.0,-0.0,-0.0,0.0,-0.5128184751975344,-0.8995327176136765,-0.0,0.0,-0.0,0.0
14,Guangxi,2012,0.1323192384350369,0.011836598551990818,0.23647820750446158,0.11502917543144875,0.0932794681882072,0.0599197754710854,314.0,330.0,4227.904158283031,4227.904158283031,-0.22464160895247076,0.027312422803263573,0.005483190769444879,0.487144861025,0.4226715081,0.0057468315907775545,-1.1028654065062309,-1.2473165318480302,-0.516025806880372,0.0756167924904256,0.06311076158020731,31,0.162669609679673,-0.5851399104757836,0,-1.1028654065062309,-0.0,-0.0,0.02395745697063623,0.0,-0.17940268520558247,0.6453305652298946,-0.0,0.015576737191832531,0.0,-0.0,0.0026052697555537263,0.0,0.1323192384350369,0.011836598551990818,0.23647820750446158,0.11502917543144875,314.0,4227.904158283031,4227.904158283031,-0.22464160895247076,0.027312422803263573,0.005483190769444879,0.487144861025,-1.1028654065062309,0.4226715081,-1.2473165318480302,-1.1028654065062309,-0.0,-0.0,0.0,-0.17940268520558247,0.6453305652298946,-0.0,0.0,-0.0,0.0
14,Guangxi,2013,0.06511233714091968,0.19901439192253623,0.03363323935853657,0.033352613856550306,0.09802192702000667,0.04477316385953678,51.0,103.0,4988.261997405966,4988.261997405966,0.16538115256399966,0.004021891708594231,0.006065880163399207,0.487144861025,0.4226715081,0.0057468315907775545,-1.1028654065062309,-1.2473165318480302,-0.516025806880372,0.05332030642613454,0.09052161106014825,31,-0.3224668138662537,0.10346639789288713,0,-1.1028654065062309,-0.0,-0.0,0.02395745697063623,0.0,0.355637493759375,-0.1141095109718744,-0.0,0.015576737191832531,0.0,-0.0,0.0026052697555537263,0.0,0.06511233714091968,0.19901439192253623,0.03363323935853657,0.033352613856550306,51.0,4988.261997405966,4988.261997405966,0.16538115256399966,0.004021891708594231,0.006065880163399207,0.487144861025,-1.1028654065062309,0.4226715081,-1.2473165318480302,-1.1028654065062309,-0.0,-0.0,0.0,0.355637493759375,-0.1141095109718744,-0.0,0.0,-0.0,0.0
14,Guangxi,2014,0.05374309500230545,-0.12604324342030004,0.01926841886587738,0.02360455776942061,0.08869560367291385,0.08860276543994239,30.0,75.0,4313.613231552163,4313.613231552163,-0.14531166228617742,0.002165017644893806,0.004893661550008299,0.487144861025,0.4226715081,0.0057468315907775545,-1.1028654065062309,-1.2473165318480302,-0.516025806880372,0.07238772123836522,0.05502636777100867,31,0.09241010447860744,-0.7882333819285628,0,-1.1028654065062309,-0.0,-0.0,0.02395745697063623,0.0,-0.10191590744108266,0.8693153291824256,-0.0,0.015576737191832531,0.0,-0.0,0.0026052697555537263,0.0,0.05374309500230545,-0.12604324342030004,0.01926841886587738,0.02360455776942061,30.0,4313.613231552163,4313.613231552163,-0.14531166228617742,0.002165017644893806,0.004893661550008299,0.487144861025,-1.1028654065062309,0.4226715081,-1.2473165318480302,-1.1028654065062309,-0.0,-0.0,0.0,-0.10191590744108266,0.8693153291824256,-0.0,0.0,-0.0,0.0
14,Guangxi,2015,-0.027192726167128534,-0.27310583704141234,0.04963798109177109,0.07286302957151491,0.08129264022175242,0.04658889647299702,80.0,243.0,3123.7433414043585,3123.7433414043585,-0.3227438181331834,0.0053226171308432355,0.0034333701481018214,0.487144861025,0.4226715081,0.0057468315907775545,-1.1028654065062309,-1.2473165318480302,-0.516025806880372,0.07881055819591727,0.01369788281902884,31,0.23216092178769712,-1.826473932411288,0,-1.1028654065062309,-0.0,-0.0,0.02395745697063623,0.0,-0.25604224938224984,2.014354915941809,-0.0,0.015576737191832531,0.0,-0.0,0.0026052697555537263,0.0,-0.027192726167128534,-0.27310583704141234,0.04963798109177109,0.07286302957151491,80.0,3123.7433414043585,3123.7433414043585,-0.3227438181331834,0.0053226171308432355,0.0034333701481018214,0.487144861025,-1.1028654065062309,0.4226715081,-1.2473165318480302,-1.1028654065062309,-0.0,-0.0,0.0,-0.25604224938224984,2.014354915941809,-0.0,0.0,-0.0,0.0
14,Guangxi,2016,0.03520981555530778,0.1067888350385795,0.2796291534487674,0.1828997586024883,0.08826799442396016,0.0417786875504067,533.0,694.0,2627.9176201372998,2627.9176201372998,-0.17284031841018788,0.03246595232231759,0.0034975515616275346,0.487144861025,0.4226715081,0.0057468315907775545,-1.1028654065062309,-1.2473165318480302,-0.516025806880372,0.05903759135568659,0.05014379919751098,31,-0.1980676975607446,-0.9108916571933824,1,-1.1028654065062309,-1.1028654065062309,-0.0217229199767278,0.02395745697063623,0.02395745697063623,0.2184420117860838,1.004590897793714,-0.7170646123320531,0.015576737191832531,0.015576737191832531,-0.1199318396580572,0.0026052697555537263,0.0026052697555537263,0.03520981555530778,0.1067888350385795,0.2796291534487674,0.1828997586024883,533.0,2627.9176201372998,2627.9176201372998,-0.17284031841018788,0.03246595232231759,0.0034975515616275346,0.487144861025,-1.1028654065062309,0.4226715081,-1.2473165318480302,-1.1028654065062309,-1.1028654065062309,-0.0217229199767278,0.02395745697063623,0.2184420117860838,1.004590897793714,-0.7170646123320531,0.015576737191832531,-0.1199318396580572,0.0026052697555537263
14,Guangxi,2017,0.08638308790468319,0.07237736171288667,0.014539102086621014,0.04243918327515672,0.09601761860696989,0.08803821425623681,32.0,180.0,2784.3933243121332,2784.3933243121332,0.05783825962626565,0.0017707244902651377,0.003415838212002092,0.487144861025,0.4226715081,0.0057468315907775545,-1.1028654065062309,-1.2473165318480302,-0.516025806880372,0.033173774099243235,0.0667308662369896,31,-0.7608236299016604,-0.49419683680565485,1,-1.1028654065062309,-1.1028654065062309,-0.0217229199767278,0.02395745697063623,0.02395745697063623,0.8390860618710408,0.5450325953177619,-0.7170646123320531,0.015576737191832531,0.015576737191832531,-0.1199318396580572,0.0026052697555537263,0.0026052697555537263,0.08638308790468319,0.07237736171288667,0.014539102086621014,0.04243918327515672,32.0,2784.3933243121332,2784.3933243121332,0.05783825962626565,0.0017707244902651377,0.003415838212002092,0.487144861025,-1.1028654065062309,0.4226715081,-1.2473165318480302,-1.1028654065062309,-1.1028654065062309,-0.0217229199767278,0.02395745697063623,0.8390860618710408,0.5450325953177619,-0.7170646123320531,0.015576737191832531,-0.1199318396580572,0.0026052697555537263
14,Guangxi,2018,0.16537587994791902,0.2908763820235327,0.0315231428833771,0.04093279170612085,0.09896717918981146,0.08649944980638935,71.0,181.0,3608.828671328671,3608.828671328671,0.2593532391401556,0.0035585941828813676,0.0041384946715565425,0.487144861025,0.4226715081,0.0057468315907775545,-1.1028654065062309,-1.2473165318480302,-0.516025806880372,0.03201785921534048,0.096922743210444,31,-0.785974517403983,0.26427352583763797,1,-1.1028654065062309,-1.1028654065062309,-0.0217229199767278,0.02395745697063623,0.02395745697063623,0.8668241056402824,-0.29145812950176153,-0.7170646123320531,0.015576737191832531,0.015576737191832531,-0.1199318396580572,0.0026052697555537263,0.0026052697555537263,0.16537587994791902,0.2908763820235327,0.0315231428833771,0.04093279170612085,71.0,3608.828671328671,3608.828671328671,0.2593532391401556,0.0035585941828813676,0.0041384946715565425,0.487144861025,-1.1028654065062309,0.4226715081,-1.2473165318480302,-1.1028654065062309,-1.1028654065062309,-0.0217229199767278,0.02395745697063623,0.8668241056402824,-0.29145812950176153,-0.7170646123320531,0.015576737191832531,-0.1199318396580572,0.0026052697555537263
14,Guangxi,2019,0.06374432594041757,0.19730701231448133,0.00261894518962702,0.022349747109950968,0.06733923132056674,0.02616049620972838,6.0,102.0,4384.481255448997,4384.481255448997,0.1946880671248543,0.0002811423751844997,0.00471288334934283,0.487144861025,0.4226715081,0.0057468315907775545,-1.1028654065062309,-1.2473165318480302,-0.516025806880372,0.0323398613545378,0.051984497690370696,31,-0.7789682579542254,-0.8646502375352481,1,-1.1028654065062309,-1.1028654065062309,-0.0217229199767278,0.02395745697063623,0.02395745697063623,0.8590971444641373,0.9535928357050204,-0.7170646123320531,0.015576737191832531,0.015576737191832531,-0.1199318396580572,0.0026052697555537263,0.0026052697555537263,0.06374432594041757,0.19730701231448133,0.00261894518962702,0.022349747109950968,6.0,4384.481255448997,4384.481255448997,0.1946880671248543,0.0002811423751844997,0.00471288334934283,0.487144861025,-1.1028654065062309,0.4226715081,-1.2473165318480302,-1.1028654065062309,-1.1028654065062309,-0.0217229199767278,0.02395745697063623,0.8590971444641373,0.9535928357050204,-0.7170646123320531,0.015576737191832531,-0.1199318396580572,0.0026052697555537263
14,Guangxi,2020,0.06551989208992204,0.056909824582696444,0.021561853007587395,0.11510701337453,0.04171988991157072,0.028313229617140223,50.0,563.0,4542.235494880546,4542.235494880546,0.03534797157510905,0.0022471204163069212,0.004785018214483959,0.487144861025,0.4226715081,0.0057468315907775545,-1.1028654065062309,-1.2473165318480302,-0.516025806880372,0.04438090693127943,0.037262753188721555,31,-0.5169740688245997,-1.2344850411390522,1,-1.1028654065062309,-1.1028654065062309,-0.0217229199767278,0.02395745697063623,0.02395745697063623,0.5701528165674223,1.361470846721682,-0.7170646123320531,0.015576737191832531,0.015576737191832531,-0.1199318396580572,0.0026052697555537263,0.0026052697555537263,0.06551989208992204,0.056909824582696444,0.021561853007587395,0.11510701337453,50.0,4542.235494880546,4542.235494880546,0.03534797157510905,0.0022471204163069212,0.004785018214483959,0.487144861025,-1.1028654065062309,0.4226715081,-1.2473165318480302,-1.1028654065062309,-1.1028654065062309,-0.0217229199767278,0.02395745697063623,0.5701528165674223,1.361470846721682,-0.7170646123320531,0.015576737191832531,-0.1199318396580572,0.0026052697555537263
14,Guangxi,2021,0.05475431993920754,0.11285560316810184,0.05680283299489819,0.06631128258662677,0.12888541406440623,0.18728259241980716,137.0,355.0,4804.111245465538,4804.111245465538,0.05605277017320365,0.005412559508523793,0.0047089267724157,0.487144861025,0.4226715081,0.0057468315907775545,-1.1028654065062309,-1.2473165318480302,-0.516025806880372,0.037499334228858976,0.0910393120777722,31,-0.6667062535104331,0.1164719118900222,1,-1.1028654065062309,-1.1028654065062309,-0.0217229199767278,0.02395745697063623,0.02395745697063623,0.7352872632980301,-0.12845284245314725,-0.7170646123320531,0.015576737191832531,0.015576737191832531,-0.1199318396580572,0.0026052697555537263,0.0026052697555537263,0.05475431993920754,0.11285560316810184,0.05680283299489819,0.06631128258662677,137.0,4804.111245465538,4804.111245465538,0.05605277017320365,0.005412559508523793,0.0047089267724157,0.487144861025,-1.1028654065062309,0.4226715081,-1.2473165318480302,-1.1028654065062309,-1.1028654065062309,-0.0217229199767278,0.02395745697063623,0.7352872632980301,-0.12845284245314725,-0.7170646123320531,0.015576737191832531,-0.1199318396580572,0.0026052697555537263
14,Guangxi,2022,0.016189631900419776,-0.09203507227870844,0.10548142733199573,0.12376945898824232,0.04285106823157214,0.03956676425605288,276.0,729.0,3943.0540442509973,3943.0540442509973,-0.19751649961070417,0.010446750358510897,0.004114732722730868,0.487144861025,0.4226715081,0.0057468315907775545,-1.1028654065062309,-1.2473165318480302,-0.516025806880372,0.030562387673295114,0.03176275653557354,31,-0.8176432860361678,-1.3726541407189772,1,-1.1028654065062309,-1.1028654065062309,-0.0217229199767278,0.02395745697063623,0.02395745697063623,0.9017504950313686,1.5138527668964958,-0.7170646123320531,0.015576737191832531,0.015576737191832531,-0.1199318396580572,0.0026052697555537263,0.0026052697555537263,0.016189631900419776,-0.09203507227870844,0.10548142733199573,0.12376945898824232,276.0,3943.0540442509973,3943.0540442509973,-0.19751649961070417,0.010446750358510897,0.004114732722730868,0.487144861025,-1.1028654065062309,0.4226715081,-1.2473165318480302,-1.1028654065062309,-1.1028654065062309,-0.0217229199767278,0.02395745697063623,0.9017504950313686,1.5138527668964958,-0.7170646123320531,0.015576737191832531,-0.1199318396580572,0.0026052697555537263
14,Guangxi,2023,0.11884037528369618,0.2568795111366322,0.02365701722969238,0.17585975758817796,0.0401378784371893,0.012607257493664648,66.0,1204.0,4978.74601487779,4978.74601487779,0.23322249390693983,0.002399851732796581,0.005110593349159992,0.487144861025,0.4226715081,0.0057468315907775545,-1.1028654065062309,-1.2473165318480302,-0.516025806880372,0.034067135169903805,0.07133473617818979,31,-0.7413854998974198,-0.3785399365428838,1,-1.1028654065062309,-1.1028654065062309,-0.0217229199767278,0.02395745697063623,0.02395745697063623,0.817648420722193,0.4174786009942104,-0.7170646123320531,0.015576737191832531,0.015576737191832531,-0.1199318396580572,0.0026052697555537263,0.0026052697555537263,0.11884037528369618,0.2568795111366322,0.02365701722969238,0.17585975758817796,66.0,4978.74601487779,4978.74601487779,0.23322249390693983,0.002399851732796581,0.005110593349159992,0.487144861025,-1.1028654065062309,0.4226715081,-1.2473165318480302,-1.1028654065062309,-1.1028654065062309,-0.0217229199767278,0.02395745697063623,0.817648420722193,0.4174786009942104,-0.7170646123320531,0.015576737191832531,-0.1199318396580572,0.0026052697555537263
15,Xinjiang,2000,,,,,,,,,4241.3136736839115,4241.3136736839115,,,0.010864565897678482,0.808374069075,0.74611838085,0.010153407354031625,0.20130899418912349,0.13699460975535607,0.04549379291860573,,,0,,,0,0.0,0.0,-0.0,-0.002585334099459545,-0.0,,,0.0,-0.02043316026523981,-0.0,0.0,-0.012299613142796054,-0.0,,,,,,4241.3136736839115,4241.3136736839115,,,0.010864565897678482,0.808374069075,0.20130899418912349,0.74611838085,0.13699460975535607,0.0,0.0,-0.0,-0.0,,,0.0,-0.0,0.0,-0.0
15,Xinjiang,2001,0.08162958085412964,0.013373897728811368,0.07785712964380576,0.06196152569916169,0.09165815802210986,0.06543097992059099,28.5,28.5,3976.4514179084867,3976.4514179084867,-0.06448323191499439,0.018924302788844622,0.0100464807436919,0.808374069075,0.74611838085,0.010153407354031625,0.20130899418912349,0.13699460975535607,0.04549379291860573,0.06028087511627794,0.10333775942244862,31,-0.17101580089295476,0.42542944459551196,0,0.0,0.0,-0.0,-0.002585334099459545,-0.0,-0.03442701886820813,0.08564277358995995,0.0,-0.02043316026523981,-0.0,0.0,-0.012299613142796054,-0.0,0.08162958085412964,0.013373897728811368,0.07785712964380576,0.06196152569916169,28.5,3976.4514179084867,3976.4514179084867,-0.06448323191499439,0.018924302788844622,0.0100464807436919,0.808374069075,0.20130899418912349,0.74611838085,0.13699460975535607,0.0,0.0,-0.0,-0.0,-0.03442701886820813,0.08564277358995995,0.0,-0.0,0.0,-0.0
15,Xinjiang,2002,-0.011400194717166912,0.08322032693182457,0.03740055237751072,0.05890193429641144,0.07942958686953538,0.049936459048426585,14.5,28.779999999999973,4162.890199751892,4162.890199751892,0.04581977455431385,0.008892977614228765,0.01008463661453542,0.808374069075,0.74611838085,0.010153407354031625,0.20130899418912349,0.13699460975535607,0.04549379291860573,0.03622957213462816,0.07192239437819348,31,-0.6943342770192986,-0.36377698131293934,0,0.0,0.0,-0.0,-0.002585334099459545,-0.0,-0.13977573493778725,-0.0732315782172634,0.0,-0.02043316026523981,-0.0,0.0,-0.012299613142796054,-0.0,-0.011400194717166912,0.08322032693182457,0.03740055237751072,0.05890193429641144,14.5,4162.890199751892,4162.890199751892,0.04581977455431385,0.008892977614228765,0.01008463661453542,0.808374069075,0.20130899418912349,0.74611838085,0.13699460975535607,0.0,0.0,-0.0,-0.0,-0.13977573493778725,-0.0732315782172634,0.0,-0.0,0.0,-0.0
15,Xinjiang,2003,0.17841535190999114,0.11207030271657148,,0.08814031245066989,0.15784996649004412,0.17274309882123617,,46.360000000000014,,,,,0.009633373487665638,0.808374069075,0.74611838085,0.010153407354031625,0.20130899418912349,0.13699460975535607,0.04549379291860573,,0.174536334595533,0,,2.2140565371971155,0,0.0,0.0,-0.0,-0.002585334099459545,-0.0,,0.445709494581005,0.0,-0.02043316026523981,-0.0,0.0,-0.012299613142796054,-0.0,0.17841535190999114,0.11207030271657148,,0.08814031245066989,,,,,,0.009633373487665638,0.808374069075,0.20130899418912349,0.74611838085,0.13699460975535607,0.0,0.0,-0.0,-0.0,,0.445709494581005,0.0,-0.0,0.0,-0.0
15,Xinjiang,2004,0.12203231029775363,0.1286398748834161,,0.09257669290866488,0.13862498181047478,0.2364488925992907,,53.299999999999955,4217.59380607698,4217.59380607698,,,0.009537661863943097,0.808374069075,0.74611838085,0.010153407354031625,0.20130899418912349,0.13699460975535607,0.04549379291860573,,0.13859497572773094,0,,1.3111495891354643,0,0.0,0.0,-0.0,-0.002585334099459545,-0.0,,0.26394620502034283,0.0,-0.02043316026523981,-0.0,0.0,-0.012299613142796054,-0.0,0.12203231029775363,0.1286398748834161,,0.09257669290866488,,4217.59380607698,4217.59380607698,,,0.009537661863943097,0.808374069075,0.20130899418912349,0.74611838085,0.13699460975535607,0.0,0.0,-0.0,-0.0,,0.26394620502034283,0.0,-0.0,0.0,-0.0
15,Xinjiang,2005,0.16158421443721416,0.18971994258123992,,0.08152188470485822,0.1479828218922261,0.2394455482668647,,51.200000000000045,,,,,0.009944160440424695,0.808374069075,0.74611838085,0.010153407354031625,0.20130899418912349,0.13699460975535607,0.04549379291860573,,0.1204312655274813,1,,0.8548468599396662,0,0.0,0.0,-0.0,-0.002585334099459545,-0.0,,0.17208836156018473,0.0,-0.02043316026523981,-0.0,0.0,-0.012299613142796054,-0.0,0.16158421443721416,0.18971994258123992,,0.08152188470485822,,,,,,0.009944160440424695,0.808374069075,0.20130899418912349,0.74611838085,0.13699460975535607,0.0,0.0,-0.0,-0.0,,0.17208836156018473,0.0,-0.0,0.0,-0.0
15,Xinjiang,2006,0.14120078852047557,0.10515486338345736,,0.1879124226912614,0.16008774218658584,0.2237998880917429,,135.20000000000005,4731.682668014148,4731.682668014148,,,0.009412631931646842,0.808374069075,0.74611838085,0.010153407354031625,0.20130899418912349,0.13699460975535607,0.04549379291860573,,0.1288484193955256,1,,1.0662998196987796,0,0.0,0.0,-0.0,-0.002585334099459545,-0.0,,0.21465574420760505,0.0,-0.02043316026523981,-0.0,0.0,-0.012299613142796054,-0.0,0.14120078852047557,0.10515486338345736,,0.1879124226912614,,4731.682668014148,4731.682668014148,,,0.009412631931646842,0.808374069075,0.20130899418912349,0.74611838085,0.13699460975535607,0.0,0.0,-0.0,-0.0,,0.21465574420760505,0.0,-0.0,0.0,-0.0
15,Xinjiang,2007,0.1468198161555514,0.21631407526879443,0.09978664766745915,0.13470277926852514,0.16967700364559946,0.11934232436979553,62.299999999999955,113.79999999999995,5316.463414634146,5316.463414634146,0.11652742760133528,0.01761678592966818,0.009862006839215214,0.808374069075,0.74611838085,0.010153407354031625,0.20130899418912349,0.13699460975535607,0.04549379291860573,0.07460781837107273,0.1340029619229762,31,0.1407159218069819,1.1957905348170592,0,0.0,0.0,-0.0,-0.002585334099459545,-0.0,0.028327380685358873,0.24072338982489624,0.0,-0.02043316026523981,-0.0,0.0,-0.012299613142796054,-0.0,0.1468198161555514,0.21631407526879443,0.09978664766745915,0.13470277926852514,62.299999999999955,5316.463414634146,5316.463414634146,0.11652742760133528,0.01761678592966818,0.009862006839215214,0.808374069075,0.20130899418912349,0.74611838085,0.13699460975535607,0.0,0.0,-0.0,-0.0,0.028327380685358873,0.24072338982489624,0.0,-0.0,0.0,-0.0
15,Xinjiang,2008,0.16755795058971445,0.13785524039093922,0.2231435513142097,0.18821042180620395,0.16813456973007135,0.2262485777879677,164.0,187.0,4881.829268292682,4881.829268292682,-0.0852883109232705,0.03919787851521017,0.009567867529526698,0.808374069075,0.74611838085,0.010153407354031625,0.20130899418912349,0.13699460975535607,0.04549379291860573,0.23086049090782326,0.08538316258007597,31,3.540528004544794,-0.02562000788211561,0,0.0,0.0,-0.0,-0.002585334099459545,-0.0,0.7127401314933369,-0.005157538017866109,0.0,-0.02043316026523981,-0.0,0.0,-0.012299613142796054,-0.0,0.16755795058971445,0.13785524039093922,0.2231435513142097,0.18821042180620395,164.0,4881.829268292682,4881.829268292682,-0.0852883109232705,0.03919787851521017,0.009567867529526698,0.808374069075,0.20130899418912349,0.74611838085,0.13699460975535607,0.0,0.0,-0.0,-0.0,0.7127401314933369,-0.005157538017866109,0.0,-0.0,0.0,-0.0
15,Xinjiang,2009,0.11572030942100575,0.11139548430388668,0.14926069453306656,0.16068238169047344,0.024926374028643394,-0.0760176164347417,132.0,190.0,4700.433739495798,4700.433739495798,-0.03786521022917988,0.030772817344678866,0.010432015199906748,0.808374069075,0.74611838085,0.010153407354031625,0.20130899418912349,0.13699460975535607,0.04549379291860573,0.10001935023920526,0.053951541707971624,31,0.6936308363716208,-0.8152348073294063,0,0.0,0.0,-0.0,-0.002585334099459545,-0.0,0.13963412600853148,-0.16411409909144667,0.0,-0.02043316026523981,-0.0,0.0,-0.012299613142796054,-0.0,0.11572030942100575,0.11139548430388668,0.14926069453306656,0.16068238169047344,132.0,4700.433739495798,4700.433739495798,-0.03786521022917988,0.030772817344678866,0.010432015199906748,0.808374069075,0.20130899418912349,0.74611838085,0.13699460975535607,0.0,0.0,-0.0,-0.0,0.13963412600853148,-0.16411409909144667,0.0,-0.0,0.0,-0.0
15,Xinjiang,2010,0.21286635990131852,0.19296624586718636,0.20790193534559265,0.2275090088238496,0.2349214349645905,0.29515677568294496,220.0,327.0,4630.75119453925,4630.75119453925,-0.014935689478406289,0.04055000627695665,0.010003392376661488,0.808374069075,0.74611838085,0.010153407354031625,0.20130899418912349,0.13699460975535607,0.04549379291860573,0.11994848128667408,0.13785180451035353,31,1.1272573429372206,1.2924798872402858,0,0.0,0.0,-0.0,-0.002585334099459545,-0.0,0.2269270418989957,0.2601878261100137,0.0,-0.02043316026523981,-0.0,0.0,-0.012299613142796054,-0.0,0.21286635990131852,0.19296624586718636,0.20790193534559265,0.2275090088238496,220.0,4630.75119453925,4630.75119453925,-0.014935689478406289,0.04055000627695665,0.010003392376661488,0.808374069075,0.20130899418912349,0.74611838085,0.13699460975535607,0.0,0.0,-0.0,-0.0,0.2269270418989957,0.2601878261100137,0.0,-0.0,0.0,-0.0
15,Xinjiang,2011,0.2533372816504773,0.2560349787446108,0.32556459737763355,0.2855017258474781,0.197128905837463,0.22109286553140706,451.0,531.0,4319.715231053605,4319.715231053605,-0.06952961863302276,0.06825473593657704,0.010610354310031565,0.808374069075,0.74611838085,0.010153407354031625,0.20130899418912349,0.13699460975535607,0.04549379291860573,0.08951107708331604,0.11887028262747688,31,0.46498736126114687,0.8156323630308685,0,0.0,0.0,-0.0,-0.002585334099459545,-0.0,0.09360613800613608,0.16419413062984217,0.0,-0.02043316026523981,-0.0,0.0,-0.012299613142796054,-0.0,0.2533372816504773,0.2560349787446108,0.32556459737763355,0.2855017258474781,451.0,4319.715231053605,4319.715231053605,-0.06952961863302276,0.06825473593657704,0.010610354310031565,0.808374069075,0.20130899418912349,0.74611838085,0.13699460975535607,0.0,0.0,-0.0,-0.0,0.09360613800613608,0.16419413062984217,0.0,-0.0,0.0,-0.0
15,Xinjiang,2012,0.34606329617538023,0.2533549591022428,0.32976020930294414,0.32261209413537273,0.1266158348203419,0.07246950681115827,634.0,814.0,4001.959960124058,4001.959960124058,-0.07640525020070132,0.08453896926461764,0.012044034442296153,0.808374069075,0.74611838085,0.010153407354031625,0.20130899418912349,0.13699460975535607,0.04549379291860573,0.0756167924904256,0.06311076158020731,31,0.162669609679673,-0.5851399104757836,0,0.20130899418912349,0.0,-0.0,-0.002585334099459545,-0.0,0.03274685550975228,-0.11779392683779376,0.0,-0.02043316026523981,-0.0,0.0,-0.012299613142796054,-0.0,0.34606329617538023,0.2533549591022428,0.32976020930294414,0.32261209413537273,634.0,4001.959960124058,4001.959960124058,-0.07640525020070132,0.08453896926461764,0.012044034442296153,0.808374069075,0.20130899418912349,0.74611838085,0.13699460975535607,0.20130899418912349,0.0,-0.0,-0.0,0.03274685550975228,-0.11779392683779376,0.0,-0.0,0.0,-0.0
15,Xinjiang,2013,0.29878170643454016,0.31639982394718125,0.26403288960138216,0.3653768100398196,0.12739222508249703,0.0452632448986936,682.0,1302.0,4217.114664851991,4217.114664851991,0.05236693434579909,0.08006197971158997,0.014549797400929874,0.808374069075,0.74611838085,0.010153407354031625,0.20130899418912349,0.13699460975535607,0.04549379291860573,0.05332030642613454,0.09052161106014825,31,-0.3224668138662537,0.10346639789288713,0,0.20130899418912349,0.0,-0.0,-0.002585334099459545,-0.0,-0.06491546995878683,0.020828716492188752,0.0,-0.02043316026523981,-0.0,0.0,-0.012299613142796054,-0.0,0.29878170643454016,0.31639982394718125,0.26403288960138216,0.3653768100398196,682.0,4217.114664851991,4217.114664851991,0.05236693434579909,0.08006197971158997,0.014549797400929874,0.808374069075,0.20130899418912349,0.74611838085,0.13699460975535607,0.20130899418912349,0.0,-0.0,-0.0,-0.06491546995878683,0.020828716492188752,0.0,-0.0,0.0,-0.0
15,Xinjiang,2014,0.23024588774930255,0.27852912170487,0.2545604490974167,0.2503214054904426,0.09850241018572703,0.09567848985963145,852.0,1210.0,4319.414402532313,4319.414402532313,0.02396867260745328,0.09063636751055579,0.017419735379678405,0.808374069075,0.74611838085,0.010153407354031625,0.20130899418912349,0.13699460975535607,0.04549379291860573,0.07238772123836522,0.05502636777100867,31,0.09241010447860744,-0.7882333819285628,0,0.20130899418912349,0.0,-0.0,-0.002585334099459545,-0.0,0.018602985185500277,-0.1586784693023302,0.0,-0.02043316026523981,-0.0,0.0,-0.012299613142796054,-0.0,0.23024588774930255,0.27852912170487,0.2545604490974167,0.2503214054904426,852.0,4319.414402532313,4319.414402532313,0.02396867260745328,0.09063636751055579,0.017419735379678405,0.808374069075,0.20130899418912349,0.74611838085,0.13699460975535607,0.20130899418912349,0.0,-0.0,-0.0,0.018602985185500277,-0.1586784693023302,0.0,-0.0,0.0,-0.0
15,Xinjiang,2015,0.16589315454248776,0.21272640063694315,0.10221656516785949,0.2465855160847461,0.015359825344599898,-0.10543883300885426,408.0,1528.0,4824.126458680638,4824.126458680638,0.11050983546908366,0.04274175717355968,0.021220556455355682,0.808374069075,0.74611838085,0.010153407354031625,0.20130899418912349,0.13699460975535607,0.04549379291860573,0.07881055819591727,0.01369788281902884,31,0.23216092178769712,-1.826473932411288,0,0.20130899418912349,0.0,-0.0,-0.002585334099459545,-0.0,0.04673608165510107,-0.36768563024636947,0.0,-0.02043316026523981,-0.0,0.0,-0.012299613142796054,-0.0,0.16589315454248776,0.21272640063694315,0.10221656516785949,0.2465855160847461,408.0,4824.126458680638,4824.126458680638,0.11050983546908366,0.04274175717355968,0.021220556455355682,0.808374069075,0.20130899418912349,0.74611838085,0.13699460975535607,0.20130899418912349,0.0,-0.0,-0.0,0.04673608165510107,-0.36768563024636947,0.0,-0.0,0.0,-0.0
15,Xinjiang,2016,0.09265403533732375,0.08940656692954096,0.12854757223063729,0.14820791760918617,0.03784704088278268,0.0,576.0,1117.0,4638.952879581151,4638.952879581151,-0.03914100530109632,0.058100240748837864,0.022343375569922004,0.808374069075,0.74611838085,0.010153407354031625,0.20130899418912349,0.13699460975535607,0.04549379291860573,0.05903759135568659,0.05014379919751098,31,-0.1980676975607446,-0.9108916571933824,1,0.20130899418912349,0.20130899418912349,-0.0128426159490455,-0.002585334099459545,-0.002585334099459545,-0.039872808977309,-0.18337068332486367,1.5910434716969375,-0.02043316026523981,-0.02043316026523981,0.957718675976618,-0.012299613142796054,-0.012299613142796054,0.09265403533732375,0.08940656692954096,0.12854757223063729,0.14820791760918617,576.0,4638.952879581151,4638.952879581151,-0.03914100530109632,0.058100240748837864,0.022343375569922004,0.808374069075,0.20130899418912349,0.74611838085,0.13699460975535607,0.20130899418912349,0.20130899418912349,-0.0128426159490455,-0.002585334099459545,-0.039872808977309,-0.18337068332486367,1.5910434716969375,-0.02043316026523981,0.957718675976618,-0.012299613142796054
15,Xinjiang,2017,0.11055780531966786,0.0587772954613488,0.08660990024806736,0.0679317586996877,0.14499466372916459,0.17281657764025127,432.0,570.0,4511.618974457461,4511.618974457461,-0.027832604786718562,0.037693703755409744,0.020497696495881613,0.808374069075,0.74611838085,0.010153407354031625,0.20130899418912349,0.13699460975535607,0.04549379291860573,0.033173774099243235,0.0667308662369896,31,-0.7608236299016604,-0.49419683680565485,1,0.20130899418912349,0.20130899418912349,-0.0128426159490455,-0.002585334099459545,-0.002585334099459545,-0.1531606396908212,-0.09948626814879279,1.5910434716969375,-0.02043316026523981,-0.02043316026523981,0.957718675976618,-0.012299613142796054,-0.012299613142796054,0.11055780531966786,0.0587772954613488,0.08660990024806736,0.0679317586996877,432.0,4511.618974457461,4511.618974457461,-0.027832604786718562,0.037693703755409744,0.020497696495881613,0.808374069075,0.20130899418912349,0.74611838085,0.13699460975535607,0.20130899418912349,0.20130899418912349,-0.0128426159490455,-0.002585334099459545,-0.1531606396908212,-0.09948626814879279,1.5910434716969375,-0.02043316026523981,0.957718675976618,-0.012299613142796054
15,Xinjiang,2018,0.08486881333522067,0.06931065968379446,0.03212672364677971,0.033870825697631446,0.1344504086335334,0.1283546886290896,170.0,299.0,4682.5367305188765,4682.5367305188765,0.03718393603701475,0.012967101700215864,0.019205040388707944,0.808374069075,0.74611838085,0.010153407354031625,0.20130899418912349,0.13699460975535607,0.04549379291860573,0.03201785921534048,0.096922743210444,31,-0.785974517403983,0.26427352583763797,1,0.20130899418912349,0.20130899418912349,-0.0128426159490455,-0.002585334099459545,-0.002585334099459545,-0.15822373955687757,0.05320063767718824,1.5910434716969375,-0.02043316026523981,-0.02043316026523981,0.957718675976618,-0.012299613142796054,-0.012299613142796054,0.08486881333522067,0.06931065968379446,0.03212672364677971,0.033870825697631446,170.0,4682.5367305188765,4682.5367305188765,0.03718393603701475,0.012967101700215864,0.019205040388707944,0.808374069075,0.20130899418912349,0.74611838085,0.13699460975535607,0.20130899418912349,0.20130899418912349,-0.0128426159490455,-0.002585334099459545,-0.15822373955687757,0.05320063767718824,1.5910434716969375,-0.02043316026523981,0.957718675976618,-0.012299613142796054
15,Xinjiang,2019,0.10445266266764719,0.11406034908060114,0.07796619089167223,0.06844322911202916,0.06745139574698022,0.03537553633677426,436.0,636.0,4854.636160330294,4854.636160330294,0.036094158188928915,0.031087565686742865,0.020121355588988157,0.808374069075,0.74611838085,0.010153407354031625,0.20130899418912349,0.13699460975535607,0.04549379291860573,0.0323398613545378,0.051984497690370696,31,-0.7789682579542254,-0.8646502375352481,1,0.20130899418912349,0.20130899418912349,-0.0128426159490455,-0.002585334099459545,-0.002585334099459545,-0.1568133165140188,-0.17406186964360748,1.5910434716969375,-0.02043316026523981,-0.02043316026523981,0.957718675976618,-0.012299613142796054,-0.012299613142796054,0.10445266266764719,0.11406034908060114,0.07796619089167223,0.06844322911202916,436.0,4854.636160330294,4854.636160330294,0.036094158188928915,0.031087565686742865,0.020121355588988157,0.808374069075,0.20130899418912349,0.74611838085,0.13699460975535607,0.20130899418912349,0.20130899418912349,-0.0128426159490455,-0.002585334099459545,-0.1568133165140188,-0.17406186964360748,1.5910434716969375,-0.02043316026523981,0.957718675976618,-0.012299613142796054
15,Xinjiang,2020,0.11614682040178792,0.14354487450338915,0.08630868162216743,0.11289395681039238,0.016778359527867437,-0.005486619386211089,524.0,1149.0,5140.60280890011,5140.60280890011,0.057236192881221726,0.036740474821556277,0.02284079595013392,0.808374069075,0.74611838085,0.010153407354031625,0.20130899418912349,0.13699460975535607,0.04549379291860573,0.04438090693127943,0.037262753188721555,31,-0.5169740688245997,-1.2344850411390522,1,0.20130899418912349,0.20130899418912349,-0.0128426159490455,-0.002585334099459545,-0.002585334099459545,-0.10407152981693887,-0.24851294197322132,1.5910434716969375,-0.02043316026523981,-0.02043316026523981,0.957718675976618,-0.012299613142796054,-0.012299613142796054,0.11614682040178792,0.14354487450338915,0.08630868162216743,0.11289395681039238,524.0,5140.60280890011,5140.60280890011,0.057236192881221726,0.036740474821556277,0.02284079595013392,0.808374069075,0.20130899418912349,0.74611838085,0.13699460975535607,0.20130899418912349,0.20130899418912349,-0.0128426159490455,-0.002585334099459545,-0.10407152981693887,-0.24851294197322132,1.5910434716969375,-0.02043316026523981,0.957718675976618,-0.012299613142796054
15,Xinjiang,2021,0.1277178869184583,0.11939165163954968,0.07711298839903158,0.07031133668755807,0.16326012520473654,0.26927356451058415,508.0,784.0,5362.600438276114,5362.600438276114,0.0422786632405181,0.0302534020188786,0.02186046511627907,0.808374069075,0.74611838085,0.010153407354031625,0.20130899418912349,0.13699460975535607,0.04549379291860573,0.037499334228858976,0.0910393120777722,31,-0.6667062535104331,0.1164719118900222,1,0.20130899418912349,0.20130899418912349,-0.0128426159490455,-0.002585334099459545,-0.002585334099459545,-0.13421396531378407,0.02344684343386458,1.5910434716969375,-0.02043316026523981,-0.02043316026523981,0.957718675976618,-0.012299613142796054,-0.012299613142796054,0.1277178869184583,0.11939165163954968,0.07711298839903158,0.07031133668755807,508.0,5362.600438276114,5362.600438276114,0.0422786632405181,0.0302534020188786,0.02186046511627907,0.808374069075,0.20130899418912349,0.74611838085,0.13699460975535607,0.20130899418912349,0.20130899418912349,-0.0128426159490455,-0.002585334099459545,-0.13421396531378407,0.02344684343386458,1.5910434716969375,-0.02043316026523981,0.957718675976618,-0.012299613142796054
15,Xinjiang,2022,0.023191947119814316,-0.0065871529505940885,0.011475178573551403,0.044545891380531444,0.0996239368769185,0.15203565637485816,79.0,526.0,5266.608896591566,5266.608896591566,-0.018062331524145492,0.0042586453195331666,0.01965769116735398,0.808374069075,0.74611838085,0.010153407354031625,0.20130899418912349,0.13699460975535607,0.04549379291860573,0.030562387673295114,0.03176275653557354,31,-0.8176432860361678,-1.3726541407189772,1,0.20130899418912349,0.20130899418912349,-0.0128426159490455,-0.002585334099459545,-0.002585334099459545,-0.16459894751743073,-0.2763276244376729,1.5910434716969375,-0.02043316026523981,-0.02043316026523981,0.957718675976618,-0.012299613142796054,-0.012299613142796054,0.023191947119814316,-0.0065871529505940885,0.011475178573551403,0.044545891380531444,79.0,5266.608896591566,5266.608896591566,-0.018062331524145492,0.0042586453195331666,0.01965769116735398,0.808374069075,0.20130899418912349,0.74611838085,0.13699460975535607,0.20130899418912349,0.20130899418912349,-0.0128426159490455,-0.002585334099459545,-0.16459894751743073,-0.2763276244376729,1.5910434716969375,-0.02043316026523981,0.957718675976618,-0.012299613142796054
15,Xinjiang,2023,0.06798668109519035,0.03846524600443768,0.0389484901732029,0.1809677597396,0.055201227554952936,0.03321894335947384,275.0,2395.0,5264.064453396305,5264.064453396305,-0.0004832441687652178,0.01402824962999854,0.01933143810830635,0.808374069075,0.74611838085,0.010153407354031625,0.20130899418912349,0.13699460975535607,0.04549379291860573,0.034067135169903805,0.07133473617818979,31,-0.7413854998974198,-0.3785399365428838,1,0.20130899418912349,0.20130899418912349,-0.0128426159490455,-0.002585334099459545,-0.002585334099459545,-0.1492475692907501,-0.07620349388586257,1.5910434716969375,-0.02043316026523981,-0.02043316026523981,0.957718675976618,-0.012299613142796054,-0.012299613142796054,0.06798668109519035,0.03846524600443768,0.0389484901732029,0.1809677597396,275.0,5264.064453396305,5264.064453396305,-0.0004832441687652178,0.01402824962999854,0.01933143810830635,0.808374069075,0.20130899418912349,0.74611838085,0.13699460975535607,0.20130899418912349,0.20130899418912349,-0.0128426159490455,-0.002585334099459545,-0.1492475692907501,-0.07620349388586257,1.5910434716969375,-0.02043316026523981,0.957718675976618,-0.012299613142796054
16,Jiangsu,2000,,,,,,,,,4732.758889825482,4732.758889825482,,,0.010533404849204056,0.940651055775,0.92733251315,0.0077202358958660035,0.7383468958870536,0.9125678599341367,-0.26455953121226533,,,0,,,0,0.0,0.0,-0.0,-0.15359987110982057,-0.0,,,-0.0,0.17665136558689248,0.0,-0.0,0.4221320031743282,0.0,,,,,,4732.758889825482,4732.758889825482,,,0.010533404849204056,0.940651055775,0.7383468958870536,0.92733251315,0.9125678599341367,0.0,0.0,-0.0,-0.0,,,-0.0,0.0,-0.0,0.0
16,Jiangsu,2001,0.08203124173895127,0.0811812282017712,0.023104220597590874,0.023069435059293042,0.10115604801741362,0.10103414330917104,44.92000000000007,44.930000000000064,5015.761803557083,5015.761803557083,0.05807700760418033,0.004701548092514333,0.010325089442975192,0.940651055775,0.92733251315,0.0077202358958660035,0.7383468958870536,0.9125678599341367,-0.26455953121226533,0.06028087511627794,0.10333775942244862,31,-0.17101580089295476,0.42542944459551196,0,0.0,0.0,-0.0,-0.15359987110982057,-0.0,-0.12626898573695156,0.3141145098360495,-0.0,0.17665136558689248,0.0,-0.0,0.4221320031743282,0.0,0.08203124173895127,0.0811812282017712,0.023104220597590874,0.023069435059293042,44.92000000000007,5015.761803557083,5015.761803557083,0.05807700760418033,0.004701548092514333,0.010325089442975192,0.940651055775,0.7383468958870536,0.92733251315,0.9125678599341367,0.0,0.0,-0.0,-0.0,-0.12626898573695156,0.3141145098360495,-0.0,0.0,-0.0,0.0
16,Jiangsu,2002,0.12286169263342117,0.12308410103528278,0.04625975023205697,0.05118619020782145,0.11548360144911562,0.1328051993105337,93.12000000000012,103.4699999999998,5416.282343803096,5416.282343803096,0.0768243508032258,0.008683408088475286,0.010403864265798823,0.940651055775,0.92733251315,0.0077202358958660035,0.7383468958870536,0.9125678599341367,-0.26455953121226533,0.03622957213462816,0.07192239437819348,31,-0.6943342770192986,-0.36377698131293934,0,0.0,0.0,-0.0,-0.15359987110982057,-0.0,-0.5126595581451807,-0.26859360494757145,-0.0,0.17665136558689248,0.0,-0.0,0.4221320031743282,0.0,0.12286169263342117,0.12308410103528278,0.04625975023205697,0.05118619020782145,93.12000000000012,5416.282343803096,5416.282343803096,0.0768243508032258,0.008683408088475286,0.010403864265798823,0.940651055775,0.7383468958870536,0.92733251315,0.9125678599341367,0.0,0.0,-0.0,-0.0,-0.5126595581451807,-0.26859360494757145,-0.0,0.0,-0.0,0.0
16,Jiangsu,2003,0.18000372617727134,0.13367591028029402,,0.0764073738535016,0.1602849717719277,0.1914539199182883,,164.6500000000001,,,,,0.010130677936480195,0.940651055775,0.92733251315,0.0077202358958660035,0.7383468958870536,0.9125678599341367,-0.26455953121226533,,0.174536334595533,0,,2.2140565371971155,0,0.0,0.0,-0.0,-0.15359987110982057,-0.0,,1.634741771557929,-0.0,0.17665136558689248,0.0,-0.0,0.4221320031743282,0.0,0.18000372617727134,0.13367591028029402,,0.0764073738535016,,,,,,0.010130677936480195,0.940651055775,0.7383468958870536,0.92733251315,0.9125678599341367,0.0,0.0,-0.0,-0.0,,1.634741771557929,-0.0,0.0,-0.0,0.0
16,Jiangsu,2004,0.15114854718367532,0.15313188927542054,,0.23928320541050407,0.17520366345638472,0.2043353369266523,,605.0900000000001,5253.892787076477,5253.892787076477,,,0.009909525492209324,0.940651055775,0.92733251315,0.0077202358958660035,0.7383468958870536,0.9125678599341367,-0.26455953121226533,,0.13859497572773094,0,,1.3111495891354643,0,0.0,0.0,-0.0,-0.15359987110982057,-0.0,,0.9680832291817558,-0.0,0.17665136558689248,0.0,-0.0,0.4221320031743282,0.0,0.15114854718367532,0.15313188927542054,,0.23928320541050407,,5253.892787076477,5253.892787076477,,,0.009909525492209324,0.940651055775,0.7383468958870536,0.92733251315,0.9125678599341367,0.0,0.0,-0.0,-0.0,,0.9680832291817558,-0.0,0.0,-0.0,0.0
16,Jiangsu,2005,0.3100112851047223,0.1843939106645971,,0.40681237038254014,0.2014425856133748,0.2063661783616091,,1427.4299999999998,,,,,0.009742013201859816,0.940651055775,0.92733251315,0.0077202358958660035,0.7383468958870536,0.9125678599341367,-0.26455953121226533,,0.1204312655274813,1,,0.8548468599396662,0,0.0,0.0,-0.0,-0.15359987110982057,-0.0,,0.6311735254952474,-0.0,0.17665136558689248,0.0,-0.0,0.4221320031743282,0.0,0.3100112851047223,0.1843939106645971,,0.40681237038254014,,,,,,0.009742013201859816,0.940651055775,0.7383468958870536,0.92733251315,0.9125678599341367,0.0,0.0,-0.0,-0.0,,0.6311735254952474,-0.0,0.0,-0.0,0.0
16,Jiangsu,2006,0.17898265552843995,0.21419389460256255,,0.1982626654328925,0.1598135797705993,0.15843942626498375,,936.5100000000002,4276.440822002472,4276.440822002472,,,0.010286456276625893,0.940651055775,0.92733251315,0.0077202358958660035,0.7383468958870536,0.9125678599341367,-0.26455953121226533,,0.1288484193955256,1,,1.0662998196987796,0,0.0,0.0,-0.0,-0.15359987110982057,-0.0,,0.7872991619595189,-0.0,0.17665136558689248,0.0,-0.0,0.4221320031743282,0.0,0.17898265552843995,0.21419389460256255,,0.1982626654328925,,4276.440822002472,4276.440822002472,,,0.010286456276625893,0.940651055775,0.7383468958870536,0.92733251315,0.9125678599341367,0.0,0.0,-0.0,-0.0,,0.7872991619595189,-0.0,0.0,-0.0,0.0
16,Jiangsu,2007,0.05340109224419809,0.15189964354580798,0.02975979731784051,0.07252652309628438,0.20315143498352128,0.18980461505313428,156.39999999999964,391.6999999999998,4832.002249718785,4832.002249718785,0.12213984622796747,0.005930127401810594,0.009772539043575857,0.940651055775,0.92733251315,0.0077202358958660035,0.7383468958870536,0.9125678599341367,-0.26455953121226533,0.07460781837107273,0.1340029619229762,31,0.1407159218069819,1.1957905348170592,0,0.0,0.0,-0.0,-0.15359987110982057,-0.0,0.10389716406807044,0.8829082295132954,-0.0,0.17665136558689248,0.0,-0.0,0.4221320031743282,0.0,0.05340109224419809,0.15189964354580798,0.02975979731784051,0.07252652309628438,156.39999999999964,4832.002249718785,4832.002249718785,0.12213984622796747,0.005930127401810594,0.009772539043575857,0.940651055775,0.7383468958870536,0.92733251315,0.9125678599341367,0.0,0.0,-0.0,-0.0,0.10389716406807044,0.8829082295132954,-0.0,0.0,-0.0,0.0
16,Jiangsu,2008,0.051173082271913195,0.018589310535068293,-0.05115516330092973,-0.02844137000570157,0.17589108599036862,0.16224539477380162,-266.0,-157.0,5181.037884767166,5181.037884767166,0.06974447383599802,-0.008459026463364671,0.00835010854743601,0.940651055775,0.92733251315,0.0077202358958660035,0.7383468958870536,0.9125678599341367,-0.26455953121226533,0.23086049090782326,0.08538316258007597,31,3.540528004544794,-0.02562000788211561,0,0.0,0.0,-0.0,-0.15359987110982057,-0.0,2.6141378619568325,-0.018916453292361905,-0.0,0.17665136558689248,0.0,-0.0,0.4221320031743282,0.0,0.051173082271913195,0.018589310535068293,-0.05115516330092973,-0.02844137000570157,-266.0,5181.037884767166,5181.037884767166,0.06974447383599802,-0.008459026463364671,0.00835010854743601,0.940651055775,0.7383468958870536,0.92733251315,0.9125678599341367,0.0,0.0,-0.0,-0.0,2.6141378619568325,-0.018916453292361905,-0.0,0.0,-0.0,0.0
16,Jiangsu,2009,0.03948669489008694,0.05064226352789003,0.033756842442322466,0.03963054632865415,0.10921506177318108,0.0905532017400752,174.0,220.0,5269.2646680656235,5269.2646680656235,0.016885421085567565,0.004960854580759035,0.007875067374962658,0.940651055775,0.92733251315,0.0077202358958660035,0.7383468958870536,0.9125678599341367,-0.26455953121226533,0.10001935023920526,0.053951541707971624,31,0.6936308363716208,-0.8152348073294063,0,0.0,0.0,-0.0,-0.15359987110982057,-0.0,0.5121401749265271,-0.6019260894107474,-0.0,0.17665136558689248,0.0,-0.0,0.4221320031743282,0.0,0.03948669489008694,0.05064226352789003,0.033756842442322466,0.03963054632865415,174.0,5269.2646680656235,5269.2646680656235,0.016885421085567565,0.004960854580759035,0.007875067374962658,0.940651055775,0.7383468958870536,0.92733251315,0.9125678599341367,0.0,0.0,-0.0,-0.0,0.5121401749265271,-0.6019260894107474,-0.0,0.0,-0.0,0.0
16,Jiangsu,2010,0.13723728295304038,0.13656215100102642,0.13472297542560163,0.1333989218231011,0.18435506804517487,0.15759774817805017,756.0,808.0,5278.964688229409,5278.964688229409,0.0018391755754247896,0.01792522662430117,0.007507547314714508,0.940651055775,0.92733251315,0.0077202358958660035,0.7383468958870536,0.9125678599341367,-0.26455953121226533,0.11994848128667408,0.13785180451035353,31,1.1272573429372206,1.2924798872402858,0,0.0,0.0,-0.0,-0.15359987110982057,-0.0,0.8323069600235847,0.9542985127403141,-0.0,0.17665136558689248,0.0,-0.0,0.4221320031743282,0.0,0.13723728295304038,0.13656215100102642,0.13472297542560163,0.1333989218231011,756.0,5278.964688229409,5278.964688229409,0.0018391755754247896,0.01792522662430117,0.007507547314714508,0.940651055775,0.7383468958870536,0.92733251315,0.9125678599341367,0.0,0.0,-0.0,-0.0,0.8323069600235847,0.9542985127403141,-0.0,0.0,-0.0,0.0
16,Jiangsu,2011,0.11338673350339423,0.11491589625529564,0.07729443003736769,0.0793053059107951,0.1639612963208137,0.1437156166185165,482.0,534.0,5481.350229938272,5481.350229938272,0.037621466217927946,0.009700238480966804,0.007148220346350839,0.940651055775,0.92733251315,0.0077202358958660035,0.7383468958870536,0.9125678599341367,-0.26455953121226533,0.08951107708331604,0.11887028262747688,31,0.46498736126114687,0.8156323630308685,0,0.0,0.0,-0.0,-0.15359987110982057,-0.0,0.34332197481387977,0.6022196234288641,-0.0,0.17665136558689248,0.0,-0.0,0.4221320031743282,0.0,0.11338673350339423,0.11491589625529564,0.07729443003736769,0.0793053059107951,482.0,5481.350229938272,5481.350229938272,0.037621466217927946,0.009700238480966804,0.007148220346350839,0.940651055775,0.7383468958870536,0.92733251315,0.9125678599341367,0.0,0.0,-0.0,-0.0,0.34332197481387977,0.6022196234288641,-0.0,0.0,-0.0,0.0
16,Jiangsu,2012,0.06149319114928531,0.03263298599625397,0.07461489831866075,0.074271130907551,0.09530922844136569,0.07332526439305376,502.0,540.0,5255.996160126038,5255.996160126038,-0.04198191232240678,0.009184316013067196,0.0067139481823086,0.940651055775,0.92733251315,0.0077202358958660035,0.7383468958870536,0.9125678599341367,-0.26455953121226533,0.0756167924904256,0.06311076158020731,31,0.162669609679673,-0.5851399104757836,0,0.7383468958870536,0.0,-0.0,-0.15359987110982057,-0.0,0.12010660136214517,-0.43203623655942325,-0.0,0.17665136558689248,0.0,-0.0,0.4221320031743282,0.0,0.06149319114928531,0.03263298599625397,0.07461489831866075,0.074271130907551,502.0,5255.996160126038,5255.996160126038,-0.04198191232240678,0.009184316013067196,0.0067139481823086,0.940651055775,0.7383468958870536,0.92733251315,0.9125678599341367,0.7383468958870536,0.0,-0.0,-0.0,0.12010660136214517,-0.43203623655942325,-0.0,0.0,-0.0,0.0
16,Jiangsu,2013,0.07683620749692466,0.10319629842185574,0.07887418704185833,0.08836915045008986,0.10162642361081708,0.0710277806870927,573.0,697.0,5385.400397088021,5385.400397088021,0.024322111379997402,0.009470260563889724,0.0067244965180595475,0.940651055775,0.92733251315,0.0077202358958660035,0.7383468958870536,0.9125678599341367,-0.26455953121226533,0.05332030642613454,0.09052161106014825,31,-0.3224668138662537,0.10346639789288713,0,0.7383468958870536,0.0,-0.0,-0.15359987110982057,-0.0,-0.2380923710447367,0.07639409371282799,-0.0,0.17665136558689248,0.0,-0.0,0.4221320031743282,0.0,0.07683620749692466,0.10319629842185574,0.07887418704185833,0.08836915045008986,573.0,5385.400397088021,5385.400397088021,0.024322111379997402,0.009470260563889724,0.0067244965180595475,0.940651055775,0.7383468958870536,0.92733251315,0.9125678599341367,0.7383468958870536,0.0,-0.0,-0.0,-0.2380923710447367,0.07639409371282799,-0.0,0.0,-0.0,0.0
16,Jiangsu,2014,0.005793049755978608,-0.0015225401562553031,0.022511093226743384,0.04391875993278305,0.09037852351438502,0.06312586310275847,172.0,370.0,5257.5126180924035,5257.5126180924035,-0.024033633382998687,0.002597077197983816,0.0061340547530612174,0.940651055775,0.92733251315,0.0077202358958660035,0.7383468958870536,0.9125678599341367,-0.26455953121226533,0.07238772123836522,0.05502636777100867,31,0.09241010447860744,-0.7882333819285628,0,0.7383468958870536,0.0,-0.0,-0.15359987110982057,-0.0,0.06823071379037811,-0.5819896707815088,-0.0,0.17665136558689248,0.0,-0.0,0.4221320031743282,0.0,0.005793049755978608,-0.0015225401562553031,0.022511093226743384,0.04391875993278305,172.0,5257.5126180924035,5257.5126180924035,-0.024033633382998687,0.002597077197983816,0.0061340547530612174,0.940651055775,0.7383468958870536,0.92733251315,0.9125678599341367,0.7383468958870536,0.0,-0.0,-0.0,0.06823071379037811,-0.5819896707815088,-0.0,0.0,-0.0,0.0
16,Jiangsu,2015,0.0034385247766781646,-0.003043015622094636,0.08112722554254503,0.10255784605567975,0.08183459332083487,0.07215106944219585,653.0,930.0,4833.098568019093,4833.098568019093,-0.08417024116463967,0.009085090990038399,0.005634894262340698,0.940651055775,0.92733251315,0.0077202358958660035,0.7383468958870536,0.9125678599341367,-0.26455953121226533,0.07881055819591727,0.01369788281902884,31,0.23216092178769712,-1.826473932411288,0,0.7383468958870536,0.0,-0.0,-0.15359987110982057,-0.0,0.1714152959482232,-1.3485713584144947,-0.0,0.17665136558689248,0.0,-0.0,0.4221320031743282,0.0,0.0034385247766781646,-0.003043015622094636,0.08112722554254503,0.10255784605567975,653.0,4833.098568019093,4833.098568019093,-0.08417024116463967,0.009085090990038399,0.005634894262340698,0.940651055775,0.7383468958870536,0.92733251315,0.9125678599341367,0.7383468958870536,0.0,-0.0,-0.0,0.1714152959482232,-1.3485713584144947,-0.0,0.0,-0.0,0.0
16,Jiangsu,2016,0.07690979267740872,0.08224010726400888,0.04057375368718219,0.06286014038062682,0.08510957643737882,0.0488218114318979,347.0,619.0,5038.730376990948,5038.730376990948,0.04166635357682669,0.004433869998139436,0.00561874828323301,0.940651055775,0.92733251315,0.0077202358958660035,0.7383468958870536,0.9125678599341367,-0.26455953121226533,0.05903759135568659,0.05014379919751098,31,-0.1980676975607446,-0.9108916571933824,1,0.7383468958870536,0.7383468958870536,-0.2080321214397264,-0.15359987110982057,-0.15359987110982057,-0.14624266966947153,-0.672554027578148,-0.8491542765816291,0.17665136558689248,0.17665136558689248,-2.0291674201699346,0.4221320031743282,0.4221320031743282,0.07690979267740872,0.08224010726400888,0.04057375368718219,0.06286014038062682,347.0,5038.730376990948,5038.730376990948,0.04166635357682669,0.004433869998139436,0.00561874828323301,0.940651055775,0.7383468958870536,0.92733251315,0.9125678599341367,0.7383468958870536,0.7383468958870536,-0.2080321214397264,-0.15359987110982057,-0.14624266966947153,-0.672554027578148,-0.8491542765816291,0.17665136558689248,-2.0291674201699346,0.4221320031743282
16,Jiangsu,2017,0.04456681239093818,0.009190575375434662,0.07747442846419261,0.12118930123205018,0.1002415241470711,0.11020562314911508,703.0,1309.0,4706.150583244963,4706.150583244963,-0.06828385308875795,0.008125955970172216,0.00512975533428553,0.940651055775,0.92733251315,0.0077202358958660035,0.7383468958870536,0.9125678599341367,-0.26455953121226533,0.033173774099243235,0.0667308662369896,31,-0.7608236299016604,-0.49419683680565485,1,0.7383468958870536,0.7383468958870536,-0.2080321214397264,-0.15359987110982057,-0.15359987110982057,-0.5617517654554115,-0.3648887004126561,-0.8491542765816291,0.17665136558689248,0.17665136558689248,-2.0291674201699346,0.4221320031743282,0.4221320031743282,0.04456681239093818,0.009190575375434662,0.07747442846419261,0.12118930123205018,703.0,4706.150583244963,4706.150583244963,-0.06828385308875795,0.008125955970172216,0.00512975533428553,0.940651055775,0.7383468958870536,0.92733251315,0.9125678599341367,0.7383468958870536,0.7383468958870536,-0.2080321214397264,-0.15359987110982057,-0.5617517654554115,-0.3648887004126561,-0.8491542765816291,0.17665136558689248,-2.0291674201699346,0.4221320031743282
16,Jiangsu,2018,0.04409850553734529,0.008838894587570145,0.033268619001768585,0.09856267842792654,0.0772004026103481,0.07400709026344643,319.0,1188.0,4592.57359729203,4592.57359729203,-0.02442972441419844,0.003413360150573909,0.004790795423876039,0.940651055775,0.92733251315,0.0077202358958660035,0.7383468958870536,0.9125678599341367,-0.26455953121226533,0.03201785921534048,0.096922743210444,31,-0.785974517403983,0.26427352583763797,1,0.7383468958870536,0.7383468958870536,-0.2080321214397264,-0.15359987110982057,-0.15359987110982057,-0.5803218451715558,0.19512553746734704,-0.8491542765816291,0.17665136558689248,0.17665136558689248,-2.0291674201699346,0.4221320031743282,0.4221320031743282,0.04409850553734529,0.008838894587570145,0.033268619001768585,0.09856267842792654,319.0,4592.57359729203,4592.57359729203,-0.02442972441419844,0.003413360150573909,0.004790795423876039,0.940651055775,0.7383468958870536,0.92733251315,0.9125678599341367,0.7383468958870536,0.7383468958870536,-0.2080321214397264,-0.15359987110982057,-0.5803218451715558,0.19512553746734704,-0.8491542765816291,0.17665136558689248,-2.0291674201699346,0.4221320031743282
16,Jiangsu,2019,0.003878980814095989,-0.008591060319835364,0.030407918857950023,0.048650950500681134,0.06604391916789965,0.049818892374091206,301.0,631.0,4416.915422885572,4416.915422885572,-0.03899897917778539,0.003014917390562355,0.0044462519258160445,0.940651055775,0.92733251315,0.0077202358958660035,0.7383468958870536,0.9125678599341367,-0.26455953121226533,0.0323398613545378,0.051984497690370696,31,-0.7789682579542254,-0.8646502375352481,1,0.7383468958870536,0.7383468958870536,-0.2080321214397264,-0.15359987110982057,-0.15359987110982057,-0.575148795255048,-0.6384118189121539,-0.8491542765816291,0.17665136558689248,0.17665136558689248,-2.0291674201699346,0.4221320031743282,0.4221320031743282,0.003878980814095989,-0.008591060319835364,0.030407918857950023,0.048650950500681134,301.0,4416.915422885572,4416.915422885572,-0.03899897917778539,0.003014917390562355,0.0044462519258160445,0.940651055775,0.7383468958870536,0.92733251315,0.9125678599341367,0.7383468958870536,0.7383468958870536,-0.2080321214397264,-0.15359987110982057,-0.575148795255048,-0.6384118189121539,-0.8491542765816291,0.17665136558689248,-2.0291674201699346,0.4221320031743282
16,Jiangsu,2020,0.010015492040888141,-0.010986010033985139,0.0028814168676554175,0.06257052630280491,0.04628635454961305,0.02475793657192149,29.0,858.0,4356.086913384264,4356.086913384264,-0.013867426901640556,0.0002773352102870324,0.0041987594509145364,0.940651055775,0.92733251315,0.0077202358958660035,0.7383468958870536,0.9125678599341367,-0.26455953121226533,0.04438090693127943,0.037262753188721555,31,-0.5169740688245997,-1.2344850411390522,1,0.7383468958870536,0.7383468958870536,-0.2080321214397264,-0.15359987110982057,-0.15359987110982057,-0.3817061989707432,-0.9114781981440209,-0.8491542765816291,0.17665136558689248,0.17665136558689248,-2.0291674201699346,0.4221320031743282,0.4221320031743282,0.010015492040888141,-0.010986010033985139,0.0028814168676554175,0.06257052630280491,29.0,4356.086913384264,4356.086913384264,-0.013867426901640556,0.0002773352102870324,0.0041987594509145364,0.940651055775,0.7383468958870536,0.92733251315,0.9125678599341367,0.7383468958870536,0.7383468958870536,-0.2080321214397264,-0.15359987110982057,-0.3817061989707432,-0.9114781981440209,-0.8491542765816291,0.17665136558689248,-2.0291674201699346,0.4221320031743282
16,Jiangsu,2021,0.13444679375467317,0.09666549496732646,0.023823488353794886,0.08623346952138533,0.13644347158915338,0.1657748765214464,243.0,1274.0,4685.235419492346,4685.235419492346,0.07284200661353157,0.0020274802842143555,0.004035019507197138,0.940651055775,0.92733251315,0.0077202358958660035,0.7383468958870536,0.9125678599341367,-0.26455953121226533,0.037499334228858976,0.0910393120777722,31,-0.6667062535104331,0.1164719118900222,1,0.7383468958870536,0.7383468958870536,-0.2080321214397264,-0.15359987110982057,-0.15359987110982057,-0.49226049274791533,0.08599667460202831,-0.8491542765816291,0.17665136558689248,0.17665136558689248,-2.0291674201699346,0.4221320031743282,0.4221320031743282,0.13444679375467317,0.09666549496732646,0.023823488353794886,0.08623346952138533,243.0,4685.235419492346,4685.235419492346,0.07284200661353157,0.0020274802842143555,0.004035019507197138,0.940651055775,0.7383468958870536,0.92733251315,0.9125678599341367,0.7383468958870536,0.7383468958870536,-0.2080321214397264,-0.15359987110982057,-0.49226049274791533,0.08599667460202831,-0.8491542765816291,0.17665136558689248,-2.0291674201699346,0.4221320031743282
16,Jiangsu,2022,0.01800118339544632,-0.019375514783167347,0.011079645111379932,0.04476750812764685,0.038553585081396946,0.03245988246329112,115.0,706.0,4544.696751940212,4544.696751940212,-0.03045515989454728,0.0009232187097095313,0.003807915918056713,0.940651055775,0.92733251315,0.0077202358958660035,0.7383468958870536,0.9125678599341367,-0.26455953121226533,0.030562387673295114,0.03176275653557354,31,-0.8176432860361678,-1.3726541407189772,1,0.7383468958870536,0.7383468958870536,-0.2080321214397264,-0.15359987110982057,-0.15359987110982057,-0.6037043821876947,-1.0134949239263678,-0.8491542765816291,0.17665136558689248,0.17665136558689248,-2.0291674201699346,0.4221320031743282,0.4221320031743282,0.01800118339544632,-0.019375514783167347,0.011079645111379932,0.04476750812764685,115.0,4544.696751940212,4544.696751940212,-0.03045515989454728,0.0009232187097095313,0.003807915918056713,0.940651055775,0.7383468958870536,0.92733251315,0.9125678599341367,0.7383468958870536,0.7383468958870536,-0.2080321214397264,-0.15359987110982057,-0.6037043821876947,-1.0134949239263678,-0.8491542765816291,0.17665136558689248,-2.0291674201699346,0.4221320031743282
16,Jiangsu,2023,0.05025525850088908,0.04265448057852694,0.02936250591532996,0.10369722070985787,0.049798047931725264,0.03526320106779046,311.0,1762.0,4605.508001488649,4605.508001488649,0.013291974663196982,0.0023754184670072708,0.003780810743307392,0.940651055775,0.92733251315,0.0077202358958660035,0.7383468958870536,0.9125678599341367,-0.26455953121226533,0.034067135169903805,0.07133473617818979,31,-0.7413854998974198,-0.3785399365428838,1,0.7383468958870536,0.7383468958870536,-0.2080321214397264,-0.15359987110982057,-0.15359987110982057,-0.5473996825049313,-0.27949378711572054,-0.8491542765816291,0.17665136558689248,0.17665136558689248,-2.0291674201699346,0.4221320031743282,0.4221320031743282,0.05025525850088908,0.04265448057852694,0.02936250591532996,0.10369722070985787,311.0,4605.508001488649,4605.508001488649,0.013291974663196982,0.0023754184670072708,0.003780810743307392,0.940651055775,0.7383468958870536,0.92733251315,0.9125678599341367,0.7383468958870536,0.7383468958870536,-0.2080321214397264,-0.15359987110982057,-0.5473996825049313,-0.27949378711572054,-0.8491542765816291,0.17665136558689248,-2.0291674201699346,0.4221320031743282
17,Jiangxi,2000,,,,,,,,,3349.127237780211,3349.127237780211,,,0.007389782029785975,0.81343289935,0.746989198,0.0057091791640632465,0.22184759023450765,0.1407215954973884,-0.5208237671824242,,,0,,,0,0.0,0.0,-0.0,-0.166409447406001,-0.0,,,-0.0,0.44283292892144166,0.0,-0.0,0.2685942073534524,0.0,,,,,,3349.127237780211,3349.127237780211,,,0.007389782029785975,0.81343289935,0.22184759023450765,0.746989198,0.1407215954973884,0.0,0.0,-0.0,-0.0,,,-0.0,0.0,-0.0,0.0
17,Jiangxi,2001,0.06473827989112602,0.07938028765963567,0.08470295357917568,0.09318921799647129,0.08472802039617111,0.11486146000487985,39.55000000000001,61.73000000000002,3331.3483099921964,3331.3483099921964,-0.005322665919540004,0.01791944098955911,0.007350368929800691,0.81343289935,0.746989198,0.0057091791640632465,0.22184759023450765,0.1407215954973884,-0.5208237671824242,0.06028087511627794,0.10333775942244862,31,-0.17101580089295476,0.42542944459551196,0,0.0,0.0,-0.0,-0.166409447406001,-0.0,-0.03793944332012637,0.0943804970983193,-0.0,0.44283292892144166,0.0,-0.0,0.2685942073534524,0.0,0.06473827989112602,0.07938028765963567,0.08470295357917568,0.09318921799647129,39.55000000000001,3331.3483099921964,3331.3483099921964,-0.005322665919540004,0.01791944098955911,0.007350368929800691,0.81343289935,0.22184759023450765,0.746989198,0.1407215954973884,0.0,0.0,-0.0,-0.0,-0.03793944332012637,0.0943804970983193,-0.0,0.0,-0.0,0.0
17,Jiangxi,2002,0.1337215105270002,0.1393089133051939,0.05181884520152291,0.054501070628202974,0.11943793137511438,0.18070894183383324,25.899999999999977,38.860000000000014,3635.938231165185,3635.938231165185,0.08749006810367099,0.010413734453229276,0.007497888806325085,0.81343289935,0.746989198,0.0057091791640632465,0.22184759023450765,0.1407215954973884,-0.5208237671824242,0.03622957213462816,0.07192239437819348,31,-0.6943342770192986,-0.36377698131293934,0,0.0,0.0,-0.0,-0.166409447406001,-0.0,-0.1540363861739505,-0.08070304668705912,-0.0,0.44283292892144166,0.0,-0.0,0.2685942073534524,0.0,0.1337215105270002,0.1393089133051939,0.05181884520152291,0.054501070628202974,25.899999999999977,3635.938231165185,3635.938231165185,0.08749006810367099,0.010413734453229276,0.007497888806325085,0.81343289935,0.22184759023450765,0.746989198,0.1407215954973884,0.0,0.0,-0.0,-0.0,-0.1540363861739505,-0.08070304668705912,-0.0,0.0,-0.0,0.0
17,Jiangxi,2003,0.2578657669998541,0.38220950770906903,,0.05173544499343041,0.137849345470074,0.24586083707494577,,38.89999999999998,,,,,0.009573335201597366,0.81343289935,0.746989198,0.0057091791640632465,0.22184759023450765,0.1407215954973884,-0.5208237671824242,,0.174536334595533,0,,2.2140565371971155,0,0.0,0.0,-0.0,-0.166409447406001,-0.0,,0.4911831074201386,-0.0,0.44283292892144166,0.0,-0.0,0.2685942073534524,0.0,0.2578657669998541,0.38220950770906903,,0.05173544499343041,,,,,,0.009573335201597366,0.81343289935,0.22184759023450765,0.746989198,0.1407215954973884,0.0,0.0,-0.0,-0.0,,0.4911831074201386,-0.0,0.0,-0.0,0.0
17,Jiangxi,2004,0.16622924347025458,0.08535120009248987,,0.04197023590972915,0.1897262910026889,0.22302729445284797,,33.07000000000005,5415.574963609897,5415.574963609897,,,0.008624496287430202,0.81343289935,0.746989198,0.0057091791640632465,0.22184759023450765,0.1407215954973884,-0.5208237671824242,,0.13859497572773094,0,,1.3111495891354643,0,0.0,0.0,-0.0,-0.166409447406001,-0.0,,0.2908753767866675,-0.0,0.44283292892144166,0.0,-0.0,0.2685942073534524,0.0,0.16622924347025458,0.08535120009248987,,0.04197023590972915,,5415.574963609897,5415.574963609897,,,0.008624496287430202,0.81343289935,0.22184759023450765,0.746989198,0.1407215954973884,0.0,0.0,-0.0,-0.0,,0.2908753767866675,-0.0,0.0,-0.0,0.0
17,Jiangxi,2005,-0.014592202788733744,0.01969458200665164,,0.1036936827512589,0.14554920721336906,0.19795520066539218,,87.90999999999997,,,,,0.0076045894082869886,0.81343289935,0.746989198,0.0057091791640632465,0.22184759023450765,0.1407215954973884,-0.5208237671824242,,0.1204312655274813,1,,0.8548468599396662,0,0.0,0.0,-0.0,-0.166409447406001,-0.0,,0.18964571589715062,-0.0,0.44283292892144166,0.0,-0.0,0.2685942073534524,0.0,-0.014592202788733744,0.01969458200665164,,0.1036936827512589,,,,,,0.0076045894082869886,0.81343289935,0.22184759023450765,0.746989198,0.1407215954973884,0.0,0.0,-0.0,-0.0,,0.18964571589715062,-0.0,0.0,-0.0,0.0
17,Jiangxi,2006,0.1636561979019393,0.1264857779204953,,0.09922407912546127,0.1744074755662357,0.2422438243906786,,93.10000000000002,5244.975639464068,5244.975639464068,,,0.00724875867453831,0.81343289935,0.746989198,0.0057091791640632465,0.22184759023450765,0.1407215954973884,-0.5208237671824242,,0.1288484193955256,1,,1.0662998196987796,0,0.0,0.0,-0.0,-0.166409447406001,-0.0,,0.23655604546766426,-0.0,0.44283292892144166,0.0,-0.0,0.2685942073534524,0.0,0.1636561979019393,0.1264857779204953,,0.09922407912546127,,5244.975639464068,5244.975639464068,,,0.00724875867453831,0.81343289935,0.22184759023450765,0.746989198,0.1407215954973884,0.0,0.0,-0.0,-0.0,,0.23655604546766426,-0.0,0.0,-0.0,0.0
17,Jiangxi,2007,0.13207261145737315,0.19090124807678688,0.3445740074276369,0.26448489147065146,0.20733024947675105,0.23278205530318985,270.20000000000005,298.4,4497.842502696872,4497.842502696872,-0.15367275935085,0.0462093631662259,0.00713064173654992,0.81343289935,0.746989198,0.0057091791640632465,0.22184759023450765,0.1407215954973884,-0.5208237671824242,0.07460781837107273,0.1340029619229762,31,0.1407159218069819,1.1957905348170592,0,0.0,0.0,-0.0,-0.166409447406001,-0.0,0.03121748816050634,0.2652832485743977,-0.0,0.44283292892144166,0.0,-0.0,0.2685942073534524,0.0,0.13207261145737315,0.19090124807678688,0.3445740074276369,0.26448489147065146,270.20000000000005,4497.842502696872,4497.842502696872,-0.15367275935085,0.0462093631662259,0.00713064173654992,0.81343289935,0.22184759023450765,0.746989198,0.1407215954973884,0.0,0.0,-0.0,-0.0,0.03121748816050634,0.2652832485743977,-0.0,0.0,-0.0,0.0
17,Jiangxi,2008,0.1377306469061832,-0.02663778177647025,0.007522872662987901,0.018519047767237673,0.1840218133765834,0.17621316229997763,7.0,24.0,4346.7880085653105,4346.7880085653105,-0.03416065443945815,0.0009959167130218472,0.005776174661710567,0.81343289935,0.746989198,0.0057091791640632465,0.22184759023450765,0.1407215954973884,-0.5208237671824242,0.23086049090782326,0.08538316258007597,31,3.540528004544794,-0.02562000788211561,0,0.0,0.0,-0.0,-0.166409447406001,-0.0,0.7854576059660525,-0.00568373701043644,-0.0,0.44283292892144166,0.0,-0.0,0.2685942073534524,0.0,0.1377306469061832,-0.02663778177647025,0.007522872662987901,0.018519047767237673,7.0,4346.7880085653105,4346.7880085653105,-0.03416065443945815,0.0009959167130218472,0.005776174661710567,0.81343289935,0.22184759023450765,0.746989198,0.1407215954973884,0.0,0.0,-0.0,-0.0,0.7854576059660525,-0.00568373701043644,-0.0,0.0,-0.0,0.0
17,Jiangxi,2009,-0.07799813234479602,0.09717289195031986,0.2080407831284532,0.15872734685467016,0.09549509021356783,0.09841076551782102,216.0,225.0,3890.622973913043,3890.622973913043,-0.11086789117813334,0.027932238458554248,0.005785874072158283,0.81343289935,0.746989198,0.0057091791640632465,0.22184759023450765,0.1407215954973884,-0.5208237671824242,0.10001935023920526,0.053951541707971624,31,0.6936308363716208,-0.8152348073294063,0,0.0,0.0,-0.0,-0.166409447406001,-0.0,0.15388032956139017,-0.18085787748132193,-0.0,0.44283292892144166,0.0,-0.0,0.2685942073534524,0.0,-0.07799813234479602,0.09717289195031986,0.2080407831284532,0.15872734685467016,216.0,3890.622973913043,3890.622973913043,-0.11086789117813334,0.027932238458554248,0.005785874072158283,0.81343289935,0.22184759023450765,0.746989198,0.1407215954973884,0.0,0.0,-0.0,-0.0,0.15388032956139017,-0.18085787748132193,-0.0,0.0,-0.0,0.0
17,Jiangxi,2010,0.22060707640408195,0.19794556082876413,0.11797625370354936,0.10692484917981027,0.20615278577759355,0.26939054345128355,144.0,173.0,4214.532194744977,4214.532194744977,0.07996930712521477,0.015152471109183193,0.00573858243413589,0.81343289935,0.746989198,0.0057091791640632465,0.22184759023450765,0.1407215954973884,-0.5208237671824242,0.11994848128667408,0.13785180451035353,31,1.1272573429372206,1.2924798872402858,0,0.0,0.0,-0.0,-0.166409447406001,-0.0,0.2500793251047764,0.2867335484108256,-0.0,0.44283292892144166,0.0,-0.0,0.2685942073534524,0.0,0.22060707640408195,0.19794556082876413,0.11797625370354936,0.10692484917981027,144.0,4214.532194744977,4214.532194744977,0.07996930712521477,0.015152471109183193,0.00573858243413589,0.81343289935,0.22184759023450765,0.746989198,0.1407215954973884,0.0,0.0,-0.0,-0.0,0.2500793251047764,0.2867335484108256,-0.0,0.0,-0.0,0.0
17,Jiangxi,2011,0.09397530831850709,0.1735006884306043,0.06579352926677018,0.05696300592530612,0.2094252451301628,0.22064192990324116,88.0,100.0,4693.815347322721,4693.815347322721,0.10770715916383411,0.007510198508201478,0.005536085488248247,0.81343289935,0.746989198,0.0057091791640632465,0.22184759023450765,0.1407215954973884,-0.5208237671824242,0.08951107708331604,0.11887028262747688,31,0.46498736126114687,0.8156323630308685,0,0.0,0.0,-0.0,-0.166409447406001,-0.0,0.10315632558528788,0.1809460742556753,-0.0,0.44283292892144166,0.0,-0.0,0.2685942073534524,0.0,0.09397530831850709,0.1735006884306043,0.06579352926677018,0.05696300592530612,88.0,4693.815347322721,4693.815347322721,0.10770715916383411,0.007510198508201478,0.005536085488248247,0.81343289935,0.22184759023450765,0.746989198,0.1407215954973884,0.0,0.0,-0.0,-0.0,0.10315632558528788,0.1809460742556753,-0.0,0.0,-0.0,0.0
17,Jiangxi,2012,-0.002359203354690642,-0.06269142264972594,0.08526117285536028,0.0751752713952687,0.10023706445575087,0.0839866350880758,123.0,141.0,4048.2843056478405,4048.2843056478405,-0.14795259550508622,0.009496016305354828,0.004703745815576555,0.81343289935,0.746989198,0.0057091791640632465,0.22184759023450765,0.1407215954973884,-0.5208237671824242,0.0756167924904256,0.06311076158020731,31,0.162669609679673,-0.5851399104757836,0,0.22184759023450765,0.0,-0.0,-0.166409447406001,-0.0,0.036087860911823394,-0.12981187908908814,-0.0,0.44283292892144166,0.0,-0.0,0.2685942073534524,0.0,-0.002359203354690642,-0.06269142264972594,0.08526117285536028,0.0751752713952687,123.0,4048.2843056478405,4048.2843056478405,-0.14795259550508622,0.009496016305354828,0.004703745815576555,0.81343289935,0.22184759023450765,0.746989198,0.1407215954973884,0.22184759023450765,0.0,-0.0,-0.0,0.036087860911823394,-0.12981187908908814,-0.0,0.0,-0.0,0.0
17,Jiangxi,2013,0.18411421342070966,0.2013024524846001,-0.001329787430001339,0.026357329128200213,0.11100050095329372,0.10571008536228454,-2.0,52.0,4957.618097139056,4957.618097139056,0.20263223991460144,-0.00013818453162353007,0.005148272002432048,0.81343289935,0.746989198,0.0057091791640632465,0.22184759023450765,0.1407215954973884,-0.5208237671824242,0.05332030642613454,0.09052161106014825,31,-0.3224668138662537,0.10346639789288713,0,0.22184759023450765,0.0,-0.0,-0.166409447406001,-0.0,-0.0715384855868279,0.022953771042781748,-0.0,0.44283292892144166,0.0,-0.0,0.2685942073534524,0.0,0.18411421342070966,0.2013024524846001,-0.001329787430001339,0.026357329128200213,-2.0,4957.618097139056,4957.618097139056,0.20263223991460144,-0.00013818453162353007,0.005148272002432048,0.81343289935,0.22184759023450765,0.746989198,0.1407215954973884,0.22184759023450765,0.0,-0.0,-0.0,-0.0715384855868279,0.022953771042781748,-0.0,0.0,-0.0,0.0
17,Jiangxi,2014,0.007809769262379973,-0.021624370749416144,0.02236935378562155,0.03875883715877304,0.09139945798341209,0.07258260704115393,34.0,79.0,4744.242029928432,4744.242029928432,-0.04399372453503769,0.0021439471327859964,0.004598072969871237,0.81343289935,0.746989198,0.0057091791640632465,0.22184759023450765,0.1407215954973884,-0.5208237671824242,0.07238772123836522,0.05502636777100867,31,0.09241010447860744,-0.7882333819285628,0,0.22184759023450765,0.0,-0.0,-0.166409447406001,-0.0,0.020500958991898143,-0.17486767632324798,-0.0,0.44283292892144166,0.0,-0.0,0.2685942073534524,0.0,0.007809769262379973,-0.021624370749416144,0.02236935378562155,0.03875883715877304,34.0,4744.242029928432,4744.242029928432,-0.04399372453503769,0.0021439471327859964,0.004598072969871237,0.81343289935,0.22184759023450765,0.746989198,0.1407215954973884,0.22184759023450765,0.0,-0.0,-0.0,0.020500958991898143,-0.17486767632324798,-0.0,0.0,-0.0,0.0
17,Jiangxi,2015,0.1071513325446034,0.05729293762902454,0.151265212194863,0.13946897566663718,0.07132914455817208,0.015536490960675664,251.0,311.0,4318.721476510067,4318.721476510067,-0.09397227456583845,0.014737744479217434,0.00453398429931126,0.81343289935,0.746989198,0.0057091791640632465,0.22184759023450765,0.1407215954973884,-0.5208237671824242,0.07881055819591727,0.01369788281902884,31,0.23216092178769712,-1.826473932411288,0,0.22184759023450765,0.0,-0.0,-0.166409447406001,-0.0,0.05150434104522261,-0.4051988405315892,-0.0,0.44283292892144166,0.0,-0.0,0.2685942073534524,0.0,0.1071513325446034,0.05729293762902454,0.151265212194863,0.13946897566663718,251.0,4318.721476510067,4318.721476510067,-0.09397227456583845,0.014737744479217434,0.00453398429931126,0.81343289935,0.22184759023450765,0.746989198,0.1407215954973884,0.22184759023450765,0.0,-0.0,-0.0,0.05150434104522261,-0.4051988405315892,-0.0,0.0,-0.0,0.0
17,Jiangxi,2016,0.10001033693720274,0.07496568607135501,0.07018529970992482,0.18204246106230748,0.09674976963043136,0.04267261797793154,130.0,477.0,4339.41605839416,4339.41605839416,0.004780386361430189,0.006929194663944452,0.004436283629846899,0.81343289935,0.746989198,0.0057091791640632465,0.22184759023450765,0.1407215954973884,-0.5208237671824242,0.05903759135568659,0.05014379919751098,31,-0.1980676975607446,-0.9108916571933824,1,0.22184759023450765,0.22184759023450765,-0.7501070768003166,-0.166409447406001,-0.166409447406001,-0.04394084140714846,-0.2020791191130691,-0.5903596201363751,0.44283292892144166,0.44283292892144166,-0.3580744878440254,0.2685942073534524,0.2685942073534524,0.10001033693720274,0.07496568607135501,0.07018529970992482,0.18204246106230748,130.0,4339.41605839416,4339.41605839416,0.004780386361430189,0.006929194663944452,0.004436283629846899,0.81343289935,0.22184759023450765,0.746989198,0.1407215954973884,0.22184759023450765,0.22184759023450765,-0.7501070768003166,-0.166409447406001,-0.04394084140714846,-0.2020791191130691,-0.5903596201363751,0.44283292892144166,-0.3580744878440254,0.2685942073534524
17,Jiangxi,2017,0.06651389619418158,0.12072901705851802,0.008307420569855672,0.09986743815052179,0.08851695200431742,0.0783914095555982,16.0,301.0,4855.739400206825,4855.739400206825,0.11242159648866235,0.0007805791897588011,0.004581511981890563,0.81343289935,0.746989198,0.0057091791640632465,0.22184759023450765,0.1407215954973884,-0.5208237671824242,0.033173774099243235,0.0667308662369896,31,-0.7608236299016604,-0.49419683680565485,1,0.22184759023450765,0.22184759023450765,-0.7501070768003166,-0.166409447406001,-0.166409447406001,-0.16878688888715426,-0.10963637734685076,-0.5903596201363751,0.44283292892144166,0.44283292892144166,-0.3580744878440254,0.2685942073534524,0.2685942073534524,0.06651389619418158,0.12072901705851802,0.008307420569855672,0.09986743815052179,16.0,4855.739400206825,4855.739400206825,0.11242159648866235,0.0007805791897588011,0.004581511981890563,0.81343289935,0.22184759023450765,0.746989198,0.1407215954973884,0.22184759023450765,0.22184759023450765,-0.7501070768003166,-0.166409447406001,-0.16878688888715426,-0.10963637734685076,-0.5903596201363751,0.44283292892144166,-0.3580744878440254,0.2685942073534524
17,Jiangxi,2018,0.1031166206971541,0.1176055450185487,0.11282996442335058,0.11528896217595808,0.11592092259723685,0.06522919592221577,231.0,387.0,4878.983833718245,4878.983833718245,0.0047755805951981145,0.010036103906260183,0.004589236604408065,0.81343289935,0.746989198,0.0057091791640632465,0.22184759023450765,0.1407215954973884,-0.5208237671824242,0.03201785921534048,0.096922743210444,31,-0.785974517403983,0.26427352583763797,1,0.22184759023450765,0.22184759023450765,-0.7501070768003166,-0.166409447406001,-0.166409447406001,-0.17436655267180373,0.058628444869856876,-0.5903596201363751,0.44283292892144166,0.44283292892144166,-0.3580744878440254,0.2685942073534524,0.2685942073534524,0.1031166206971541,0.1176055450185487,0.11282996442335058,0.11528896217595808,231.0,4878.983833718245,4878.983833718245,0.0047755805951981145,0.010036103906260183,0.004589236604408065,0.81343289935,0.22184759023450765,0.746989198,0.1407215954973884,0.22184759023450765,0.22184759023450765,-0.7501070768003166,-0.166409447406001,-0.17436655267180373,0.058628444869856876,-0.5903596201363751,0.44283292892144166,-0.3580744878440254,0.2685942073534524
17,Jiangxi,2019,0.06764411369572443,0.035982127421484655,0.018307147444356353,0.062179240503805744,0.07154570307975838,0.029719041553136094,40.0,228.0,4965.986394557824,4965.986394557824,0.017674979977128302,0.0016178611875101116,0.004428895000808931,0.81343289935,0.746989198,0.0057091791640632465,0.22184759023450765,0.1407215954973884,-0.5208237671824242,0.0323398613545378,0.051984497690370696,31,-0.7789682579542254,-0.8646502375352481,1,0.22184759023450765,0.22184759023450765,-0.7501070768003166,-0.166409447406001,-0.166409447406001,-0.17281223089631725,-0.19182057159288943,-0.5903596201363751,0.44283292892144166,0.44283292892144166,-0.3580744878440254,0.2685942073534524,0.2685942073534524,0.06764411369572443,0.035982127421484655,0.018307147444356353,0.062179240503805744,40.0,4965.986394557824,4965.986394557824,0.017674979977128302,0.0016178611875101116,0.004428895000808931,0.81343289935,0.22184759023450765,0.746989198,0.1407215954973884,0.22184759023450765,0.22184759023450765,-0.7501070768003166,-0.166409447406001,-0.17281223089631725,-0.19182057159288943,-0.5903596201363751,0.44283292892144166,-0.3580744878440254,0.2685942073534524
17,Jiangxi,2020,0.04892858205324391,0.05602636793973037,0.10739925234767433,0.15157881759268754,0.0435840719561007,0.023448759578755585,250.0,619.0,4717.311608961303,4717.311608961303,-0.051372884407943964,0.009680392172047674,0.004484344869779364,0.81343289935,0.746989198,0.0057091791640632465,0.22184759023450765,0.1407215954973884,-0.5208237671824242,0.04438090693127943,0.037262753188721555,31,-0.5169740688245997,-1.2344850411390522,1,0.22184759023450765,0.22184759023450765,-0.7501070768003166,-0.166409447406001,-0.166409447406001,-0.11468945138246596,-0.27386753155724575,-0.5903596201363751,0.44283292892144166,0.44283292892144166,-0.3580744878440254,0.2685942073534524,0.2685942073534524,0.04892858205324391,0.05602636793973037,0.10739925234767433,0.15157881759268754,250.0,4717.311608961303,4717.311608961303,-0.051372884407943964,0.009680392172047674,0.004484344869779364,0.81343289935,0.22184759023450765,0.746989198,0.1407215954973884,0.22184759023450765,0.22184759023450765,-0.7501070768003166,-0.166409447406001,-0.11468945138246596,-0.27386753155724575,-0.5903596201363751,0.44283292892144166,-0.3580744878440254,0.2685942073534524
17,Jiangxi,2021,0.0786704596779817,0.06307492577907947,0.09919080927004487,0.09652816903428629,0.14443091453309975,0.16662132269430785,256.0,446.0,4549.981556621173,4549.981556621173,-0.036115883490965395,0.008579606295942996,0.004133962642986596,0.81343289935,0.746989198,0.0057091791640632465,0.22184759023450765,0.1407215954973884,-0.5208237671824242,0.037499334228858976,0.0910393120777722,31,-0.6667062535104331,0.1164719118900222,1,0.22184759023450765,0.22184759023450765,-0.7501070768003166,-0.166409447406001,-0.166409447406001,-0.14790717573556633,0.025839012982807327,-0.5903596201363751,0.44283292892144166,0.44283292892144166,-0.3580744878440254,0.2685942073534524,0.2685942073534524,0.0786704596779817,0.06307492577907947,0.09919080927004487,0.09652816903428629,256.0,4549.981556621173,4549.981556621173,-0.036115883490965395,0.008579606295942996,0.004133962642986596,0.81343289935,0.22184759023450765,0.746989198,0.1407215954973884,0.22184759023450765,0.22184759023450765,-0.7501070768003166,-0.166409447406001,-0.14790717573556633,0.025839012982807327,-0.5903596201363751,0.44283292892144166,-0.3580744878440254,0.2685942073534524
17,Jiangxi,2022,0.09847625432812013,0.06352463075364678,0.10992404484963636,0.12091865957065018,0.05635769875384078,0.02155075881890589,315.0,623.0,4343.688037012558,4343.688037012558,-0.04639941409598958,0.009978427589877123,0.004163696896550632,0.81343289935,0.746989198,0.0057091791640632465,0.22184759023450765,0.1407215954973884,-0.5208237671824242,0.030562387673295114,0.03176275653557354,31,-0.8176432860361678,-1.3726541407189772,1,0.22184759023450765,0.22184759023450765,-0.7501070768003166,-0.166409447406001,-0.166409447406001,-0.1813921926785481,-0.30452001334392387,-0.5903596201363751,0.44283292892144166,0.44283292892144166,-0.3580744878440254,0.2685942073534524,0.2685942073534524,0.09847625432812013,0.06352463075364678,0.10992404484963636,0.12091865957065018,315.0,4343.688037012558,4343.688037012558,-0.04639941409598958,0.009978427589877123,0.004163696896550632,0.81343289935,0.22184759023450765,0.746989198,0.1407215954973884,0.22184759023450765,0.22184759023450765,-0.7501070768003166,-0.166409447406001,-0.1813921926785481,-0.30452001334392387,-0.5903596201363751,0.44283292892144166,-0.3580744878440254,0.2685942073534524
17,Jiangxi,2023,0.07133451292894488,0.06815056107115236,-0.010631329368727904,0.13154129669475978,0.034527409724084634,0.021797800071963636,-32.0,769.0,4699.732798931196,4699.732798931196,0.07878189043988026,-0.0009792790669918689,0.004306073672388309,0.81343289935,0.746989198,0.0057091791640632465,0.22184759023450765,0.1407215954973884,-0.5208237671824242,0.034067135169903805,0.07133473617818979,31,-0.7413854998974198,-0.3785399365428838,1,0.22184759023450765,0.22184759023450765,-0.7501070768003166,-0.166409447406001,-0.166409447406001,-0.1644745865870484,-0.08397817272956222,-0.5903596201363751,0.44283292892144166,0.44283292892144166,-0.3580744878440254,0.2685942073534524,0.2685942073534524,0.07133451292894488,0.06815056107115236,-0.010631329368727904,0.13154129669475978,-32.0,4699.732798931196,4699.732798931196,0.07878189043988026,-0.0009792790669918689,0.004306073672388309,0.81343289935,0.22184759023450765,0.746989198,0.1407215954973884,0.22184759023450765,0.22184759023450765,-0.7501070768003166,-0.166409447406001,-0.1644745865870484,-0.08397817272956222,-0.5903596201363751,0.44283292892144166,-0.3580744878440254,0.2685942073534524
18,Hebei,2000,,,,,,,,,5562.121944917416,5562.121944917416,,,0.018001371528984646,0.9592701951333332,0.89335726485,0.010620143558881667,0.8139396636229749,0.7671581536644337,0.10496889128059399,,,0,,,0,0.0,0.0,0.0,0.5560366038060235,0.0,,,-0.0,-0.1504850248351466,-0.0,-0.0,-0.18226644646984907,-0.0,,,,,,5562.121944917416,5562.121944917416,,,0.018001371528984646,0.9592701951333332,0.8139396636229749,0.89335726485,0.7671581536644337,0.0,0.0,0.0,0.0,,,-0.0,-0.0,-0.0,-0.0
18,Hebei,2001,0.0655492613846107,0.0671942176473701,0.08756057234945924,0.08455004680861045,0.09095957658629317,0.06614725577718428,138.12000000000012,139.67000000000007,5449.987556828873,5449.987556828873,-0.02036635470208914,0.027040997182387633,0.017578605958675202,0.9592701951333332,0.89335726485,0.010620143558881667,0.8139396636229749,0.7671581536644337,0.10496889128059399,0.06028087511627794,0.10333775942244862,31,-0.17101580089295476,0.42542944459551196,0,0.0,0.0,0.0,0.5560366038060235,0.0,-0.13919654345302523,0.34627389902938005,-0.0,-0.1504850248351466,-0.0,-0.0,-0.18226644646984907,-0.0,0.0655492613846107,0.0671942176473701,0.08756057234945924,0.08455004680861045,138.12000000000012,5449.987556828873,5449.987556828873,-0.02036635470208914,0.027040997182387633,0.017578605958675202,0.9592701951333332,0.8139396636229749,0.89335726485,0.7671581536644337,0.0,0.0,0.0,0.0,-0.13919654345302523,0.34627389902938005,-0.0,-0.0,-0.0,-0.0
18,Hebei,2002,0.11771032518881697,0.11798596225456937,0.016303498328445798,0.017703446896216946,0.0875056180479099,0.07320750768381146,27.079999999999927,30.769999999999982,6033.310043772431,6033.310043772431,0.10168246392612357,0.004857486320068263,0.018122657233720016,0.9592701951333332,0.89335726485,0.010620143558881667,0.8139396636229749,0.7671581536644337,0.10496889128059399,0.03622957213462816,0.07192239437819348,31,-0.6943342770192986,-0.36377698131293934,0,0.0,0.0,0.0,0.5560366038060235,0.0,-0.5651462078789894,-0.29609251380363505,-0.0,-0.1504850248351466,-0.0,-0.0,-0.18226644646984907,-0.0,0.11771032518881697,0.11798596225456937,0.016303498328445798,0.017703446896216946,27.079999999999927,6033.310043772431,6033.310043772431,0.10168246392612357,0.004857486320068263,0.018122657233720016,0.9592701951333332,0.8139396636229749,0.89335726485,0.7671581536644337,0.0,0.0,0.0,0.0,-0.5651462078789894,-0.29609251380363505,-0.0,-0.0,-0.0,-0.0
18,Hebei,2003,0.07049431705788578,0.07146954439094877,,0.05228965558590204,0.13905436257349812,0.1692213038431003,,94.13000000000011,,,,,0.01693831334969698,0.9592701951333332,0.89335726485,0.010620143558881667,0.8139396636229749,0.7671581536644337,0.10496889128059399,,0.174536334595533,0,,2.2140565371971155,0,0.0,0.0,0.0,0.5560366038060235,0.0,,1.8021084331284687,-0.0,-0.1504850248351466,-0.0,-0.0,-0.18226644646984907,-0.0,0.07049431705788578,0.07146954439094877,,0.05228965558590204,,,,,,0.01693831334969698,0.9592701951333332,0.8139396636229749,0.89335726485,0.7671581536644337,0.0,0.0,0.0,0.0,,1.8021084331284687,-0.0,-0.0,-0.0,-0.0
18,Hebei,2004,0.14292808858302308,0.14123087907766596,,0.11508768440595141,0.1816813712839629,0.17104134802122228,,225.3599999999999,6269.998545104276,6269.998545104276,,,0.016266822855655342,0.9592701951333332,0.89335726485,0.010620143558881667,0.8139396636229749,0.7671581536644337,0.10496889128059399,,0.13859497572773094,0,,1.3111495891354643,0,0.0,0.0,0.0,0.5560366038060235,0.0,,1.0671966555403216,-0.0,-0.1504850248351466,-0.0,-0.0,-0.18226644646984907,-0.0,0.14292808858302308,0.14123087907766596,,0.11508768440595141,,6269.998545104276,6269.998545104276,,,0.016266822855655342,0.9592701951333332,0.8139396636229749,0.89335726485,0.7671581536644337,0.0,0.0,0.0,0.0,,1.0671966555403216,-0.0,-0.0,-0.0,-0.0
18,Hebei,2005,0.06406501470912751,0.05283677447133073,,0.11109080996566423,0.14548943819661808,0.17325009870598507,,243.57000000000016,,,,,0.0148273724465492,0.9592701951333332,0.89335726485,0.010620143558881667,0.8139396636229749,0.7671581536644337,0.10496889128059399,,0.1204312655274813,1,,0.8548468599396662,0,0.0,0.0,0.0,0.5560366038060235,0.0,,0.6957937656284483,-0.0,-0.1504850248351466,-0.0,-0.0,-0.18226644646984907,-0.0,0.06406501470912751,0.05283677447133073,,0.11109080996566423,,,,,,0.0148273724465492,0.9592701951333332,0.8139396636229749,0.89335726485,0.7671581536644337,0.0,0.0,0.0,0.0,,0.6957937656284483,-0.0,-0.0,-0.0,-0.0
18,Hebei,2006,0.08747442986061582,0.08806072288834521,,0.15649191968365184,0.1357388191492479,0.14594523417669336,,392.42999999999984,5515.697473837544,5515.697473837544,,,0.014137019679507963,0.9592701951333332,0.89335726485,0.010620143558881667,0.8139396636229749,0.7671581536644337,0.10496889128059399,,0.1288484193955256,1,,1.0662998196987796,0,0.0,0.0,0.0,0.5560366038060235,0.0,,0.8679037165668635,-0.0,-0.1504850248351466,-0.0,-0.0,-0.18226644646984907,-0.0,0.08747442986061582,0.08806072288834521,,0.15649191968365184,,5515.697473837544,5515.697473837544,,,0.014137019679507963,0.9592701951333332,0.8139396636229749,0.89335726485,0.7671581536644337,0.0,0.0,0.0,0.0,,0.8679037165668635,-0.0,-0.0,-0.0,-0.0
18,Hebei,2007,0.11937276687680054,0.09094881322068016,0.1065481415037679,0.10900833930157638,0.19079078070220845,0.20361166001961628,293.3000000000002,312.0,5430.323914541696,5430.323914541696,-0.015599328283087743,0.023811456777294293,0.012793726050529324,0.9592701951333332,0.89335726485,0.010620143558881667,0.8139396636229749,0.7671581536644337,0.10496889128059399,0.07460781837107273,0.1340029619229762,31,0.1407159218069819,1.1957905348170592,0,0.0,0.0,0.0,0.5560366038060235,0.0,0.11453427006197167,0.9733013456725343,-0.0,-0.1504850248351466,-0.0,-0.0,-0.18226644646984907,-0.0,0.11937276687680054,0.09094881322068016,0.1065481415037679,0.10900833930157638,293.3000000000002,5430.323914541696,5430.323914541696,-0.015599328283087743,0.023811456777294293,0.012793726050529324,0.9592701951333332,0.8139396636229749,0.89335726485,0.7671581536644337,0.0,0.0,0.0,0.0,0.11453427006197167,0.9733013456725343,-0.0,-0.0,-0.0,-0.0
18,Hebei,2008,-0.07469783485247472,0.0015788225519415278,0.028869384771977202,0.06099451270284284,0.15646292672472306,0.1769076058945931,85.0,190.0,5284.131235353197,5284.131235353197,-0.027290562220035675,0.005901220511253975,0.010958011080409336,0.9592701951333332,0.89335726485,0.010620143558881667,0.8139396636229749,0.7671581536644337,0.10496889128059399,0.23086049090782326,0.08538316258007597,31,3.540528004544794,-0.02562000788211561,0,0.0,0.0,0.0,0.5560366038060235,0.0,2.8817761730669122,-0.020853140597587146,-0.0,-0.1504850248351466,-0.0,-0.0,-0.18226644646984907,-0.0,-0.07469783485247472,0.0015788225519415278,0.028869384771977202,0.06099451270284284,85.0,5284.131235353197,5284.131235353197,-0.027290562220035675,0.005901220511253975,0.010958011080409336,0.9592701951333332,0.8139396636229749,0.89335726485,0.7671581536644337,0.0,0.0,0.0,0.0,2.8817761730669122,-0.020853140597587146,-0.0,-0.0,-0.0,-0.0
18,Hebei,2009,0.13150184307249901,0.07845074287876574,0.16248545053093189,0.17602125738777907,0.07594458911417235,0.025860510010952353,527.0,618.0,4858.226798520205,4858.226798520205,-0.08403470765216614,0.03391182924396569,0.010985507982471382,0.9592701951333332,0.89335726485,0.010620143558881667,0.8139396636229749,0.7671581536644337,0.10496889128059399,0.10001935023920526,0.053951541707971624,31,0.6936308363716208,-0.8152348073294063,0,0.0,0.0,0.0,0.5560366038060235,0.0,0.5645736496348398,-0.6635519448514378,-0.0,-0.1504850248351466,-0.0,-0.0,-0.18226644646984907,-0.0,0.13150184307249901,0.07845074287876574,0.16248545053093189,0.17602125738777907,527.0,4858.226798520205,4858.226798520205,-0.08403470765216614,0.03391182924396569,0.010985507982471382,0.9592701951333332,0.8139396636229749,0.89335726485,0.7671581536644337,0.0,0.0,0.0,0.0,0.5645736496348398,-0.6635519448514378,-0.0,-0.0,-0.0,-0.0
18,Hebei,2010,0.1344033422902582,0.1207451430981541,0.04180045704697832,0.09604591895866221,0.1609530625585549,0.1674652353877999,150.0,386.0,5257.30322871179,5257.30322871179,0.07894468605117577,0.008217331996647328,0.010552565741395086,0.9592701951333332,0.89335726485,0.010620143558881667,0.8139396636229749,0.7671581536644337,0.10496889128059399,0.11994848128667408,0.13785180451035353,31,1.1272573429372206,1.2924798872402858,0,0.0,0.0,0.0,0.5560366038060235,0.0,0.9175194625268498,1.0520006446598187,-0.0,-0.1504850248351466,-0.0,-0.0,-0.18226644646984907,-0.0,0.1344033422902582,0.1207451430981541,0.04180045704697832,0.09604591895866221,150.0,5257.30322871179,5257.30322871179,0.07894468605117577,0.008217331996647328,0.010552565741395086,0.9592701951333332,0.8139396636229749,0.89335726485,0.7671581536644337,0.0,0.0,0.0,0.0,0.9175194625268498,1.0520006446598187,-0.0,-0.0,-0.0,-0.0
18,Hebei,2011,0.15487003937037613,0.11812533075845266,0.039073742326726446,0.05425450472433013,0.1734615273639939,0.19317288219997408,146.0,235.0,5689.769795275591,5689.769795275591,0.07905158843172622,0.006724485264833489,0.009984489431250866,0.9592701951333332,0.89335726485,0.010620143558881667,0.8139396636229749,0.7671581536644337,0.10496889128059399,0.08951107708331604,0.11887028262747688,31,0.46498736126114687,0.8156323630308685,0,0.0,0.0,0.0,0.5560366038060235,0.0,0.37847165641383257,0.6638755312053572,-0.0,-0.1504850248351466,-0.0,-0.0,-0.18226644646984907,-0.0,0.15487003937037613,0.11812533075845266,0.039073742326726446,0.05425450472433013,146.0,5689.769795275591,5689.769795275591,0.07905158843172622,0.006724485264833489,0.009984489431250866,0.9592701951333332,0.8139396636229749,0.89335726485,0.7671581536644337,0.0,0.0,0.0,0.0,0.37847165641383257,0.6638755312053572,-0.0,-0.0,-0.0,-0.0
18,Hebei,2012,0.03556984847663802,0.011633777298617254,0.048415140726071115,0.08977907894713155,0.07647757333289995,0.060806076413072674,189.0,418.0,5484.294303575894,5484.294303575894,-0.03678136342745386,0.00806406846931735,0.009357601764810718,0.9592701951333332,0.89335726485,0.010620143558881667,0.8139396636229749,0.7671581536644337,0.10496889128059399,0.0756167924904256,0.06311076158020731,31,0.162669609679673,-0.5851399104757836,0,0.8139396636229749,0.0,0.0,0.5560366038060235,0.0,0.13240324738435366,-0.47626858190503696,-0.0,-0.1504850248351466,-0.0,-0.0,-0.18226644646984907,-0.0,0.03556984847663802,0.011633777298617254,0.048415140726071115,0.08977907894713155,189.0,5484.294303575894,5484.294303575894,-0.03678136342745386,0.00806406846931735,0.009357601764810718,0.9592701951333332,0.8139396636229749,0.89335726485,0.7671581536644337,0.8139396636229749,0.0,0.0,0.0,0.13240324738435366,-0.47626858190503696,-0.0,-0.0,-0.0,-0.0
18,Hebei,2013,0.039056724070630544,0.05889267077938598,0.0459401571723248,0.0698142267692674,0.05081718769190857,0.023414847372190906,188.0,352.0,5555.791736326725,5555.791736326725,0.012952513607061178,0.007623960322963937,0.009433474863235074,0.9592701951333332,0.89335726485,0.010620143558881667,0.8139396636229749,0.7671581536644337,0.10496889128059399,0.05332030642613454,0.09052161106014825,31,-0.3224668138662537,0.10346639789288713,0,0.8139396636229749,0.0,0.0,0.5560366038060235,0.0,-0.26246853000787096,0.08421540509721742,-0.0,-0.1504850248351466,-0.0,-0.0,-0.18226644646984907,-0.0,0.039056724070630544,0.05889267077938598,0.0459401571723248,0.0698142267692674,188.0,5555.791736326725,5555.791736326725,0.012952513607061178,0.007623960322963937,0.009433474863235074,0.9592701951333332,0.8139396636229749,0.89335726485,0.7671581536644337,0.8139396636229749,0.0,0.0,0.0,-0.26246853000787096,0.08421540509721742,-0.0,-0.0,-0.0,-0.0
18,Hebei,2014,0.02046399341405536,-0.01441421929490172,0.022669211596227257,0.06021885999305354,0.03916752494523479,0.02635297479814014,96.0,324.0,5353.53724025216,5353.53724025216,-0.03708343089112898,0.003743551148217329,0.008941315936219248,0.9592701951333332,0.89335726485,0.010620143558881667,0.8139396636229749,0.7671581536644337,0.10496889128059399,0.07238772123836522,0.05502636777100867,31,0.09241010447860744,-0.7882333819285628,0,0.8139396636229749,0.0,0.0,0.5560366038060235,0.0,0.0752162493546817,-0.6415744137433343,-0.0,-0.1504850248351466,-0.0,-0.0,-0.18226644646984907,-0.0,0.02046399341405536,-0.01441421929490172,0.022669211596227257,0.06021885999305354,96.0,5353.53724025216,5353.53724025216,-0.03708343089112898,0.003743551148217329,0.008941315936219248,0.9592701951333332,0.8139396636229749,0.89335726485,0.7671581536644337,0.8139396636229749,0.0,0.0,0.0,0.0752162493546817,-0.6415744137433343,-0.0,-0.0,-0.0,-0.0
18,Hebei,2015,-0.024232008868588117,-0.01083910819793843,0.015522146467359832,0.04134134015644264,0.04200036260219342,0.0037049319657977975,67.0,234.0,5214.255172413793,5214.255172413793,-0.02636125466529826,0.0025052254515949314,0.008481126678407575,0.9592701951333332,0.89335726485,0.010620143558881667,0.8139396636229749,0.7671581536644337,0.10496889128059399,0.07881055819591727,0.01369788281902884,31,0.23216092178769712,-1.826473932411288,0,0.8139396636229749,0.0,0.0,0.5560366038060235,0.0,0.18896498258627797,-1.486639578162976,-0.0,-0.1504850248351466,-0.0,-0.0,-0.18226644646984907,-0.0,-0.024232008868588117,-0.01083910819793843,0.015522146467359832,0.04134134015644264,67.0,5214.255172413793,5214.255172413793,-0.02636125466529826,0.0025052254515949314,0.008481126678407575,0.9592701951333332,0.8139396636229749,0.89335726485,0.7671581536644337,0.8139396636229749,0.0,0.0,0.0,0.18896498258627797,-1.486639578162976,-0.0,-0.0,-0.0,-0.0
18,Hebei,2016,0.05177785284089875,0.044451321692701384,0.03612130841399441,0.0825158829738033,0.07682500326538566,0.0681805851342343,160.0,497.0,5257.871396895787,5257.871396895787,0.008330013278706971,0.005540223947624939,0.008210958154376885,0.9592701951333332,0.89335726485,0.010620143558881667,0.8139396636229749,0.7671581536644337,0.10496889128059399,0.05903759135568659,0.05014379919751098,31,-0.1980676975607446,-0.9108916571933824,1,0.8139396636229749,0.8139396636229749,0.6831422876371648,0.5560366038060235,0.5560366038060235,-0.16121515512716958,-0.7414108490529558,-0.2202835742399148,-0.1504850248351466,-0.1504850248351466,-0.2668059784445019,-0.18226644646984907,-0.18226644646984907,0.05177785284089875,0.044451321692701384,0.03612130841399441,0.0825158829738033,160.0,5257.871396895787,5257.871396895787,0.008330013278706971,0.005540223947624939,0.008210958154376885,0.9592701951333332,0.8139396636229749,0.89335726485,0.7671581536644337,0.8139396636229749,0.8139396636229749,0.6831422876371648,0.5560366038060235,-0.16121515512716958,-0.7414108490529558,-0.2202835742399148,-0.1504850248351466,-0.2668059784445019,-0.18226644646984907
18,Hebei,2017,0.12572180607295547,0.04300406784941391,0.01409094208600159,0.0813780094479668,0.07295898713757332,0.035503105497877385,64.0,532.0,5412.111937035418,5412.111937035418,0.028913125763412317,0.0020601632035537817,0.007968646891245917,0.9592701951333332,0.89335726485,0.010620143558881667,0.8139396636229749,0.7671581536644337,0.10496889128059399,0.033173774099243235,0.0667308662369896,31,-0.7608236299016604,-0.49419683680565485,1,0.8139396636229749,0.8139396636229749,0.6831422876371648,0.5560366038060235,0.5560366038060235,-0.6192645293985682,-0.4022464071131329,-0.2202835742399148,-0.1504850248351466,-0.1504850248351466,-0.2668059784445019,-0.18226644646984907,-0.18226644646984907,0.12572180607295547,0.04300406784941391,0.01409094208600159,0.0813780094479668,64.0,5412.111937035418,5412.111937035418,0.028913125763412317,0.0020601632035537817,0.007968646891245917,0.9592701951333332,0.8139396636229749,0.89335726485,0.7671581536644337,0.8139396636229749,0.8139396636229749,0.6831422876371648,0.5560366038060235,-0.6192645293985682,-0.4022464071131329,-0.2202835742399148,-0.1504850248351466,-0.2668059784445019,-0.18226644646984907
18,Hebei,2018,0.07924298624352666,0.09536526357757769,0.009357047924263284,0.08717051422134503,0.058802331092300264,0.009820148147756669,43.0,620.0,5898.202295863114,5898.202295863114,0.0860082156533144,0.001305126415151607,0.008265395938932224,0.9592701951333332,0.89335726485,0.010620143558881667,0.8139396636229749,0.7671581536644337,0.10496889128059399,0.03201785921534048,0.096922743210444,31,-0.785974517403983,0.26427352583763797,1,0.8139396636229749,0.8139396636229749,0.6831422876371648,0.5560366038060235,0.5560366038060235,-0.639735834312028,0.2151027047247446,-0.2202835742399148,-0.1504850248351466,-0.1504850248351466,-0.2668059784445019,-0.18226644646984907,-0.18226644646984907,0.07924298624352666,0.09536526357757769,0.009357047924263284,0.08717051422134503,43.0,5898.202295863114,5898.202295863114,0.0860082156533144,0.001305126415151607,0.008265395938932224,0.9592701951333332,0.8139396636229749,0.89335726485,0.7671581536644337,0.8139396636229749,0.8139396636229749,0.6831422876371648,0.5560366038060235,-0.639735834312028,0.2151027047247446,-0.2202835742399148,-0.1504850248351466,-0.2668059784445019,-0.18226644646984907
18,Hebei,2019,0.021143732361268874,0.011682375854356053,0.08388397352771548,0.11342004661459093,0.07810532267669323,0.052590876695120414,404.0,892.0,5487.353116908982,5487.353116908982,-0.07220159767335943,0.011340828385756594,0.0077342203882268725,0.9592701951333332,0.89335726485,0.010620143558881667,0.8139396636229749,0.7671581536644337,0.10496889128059399,0.0323398613545378,0.051984497690370696,31,-0.7789682579542254,-0.8646502375352481,1,0.8139396636229749,0.8139396636229749,0.6831422876371648,0.5560366038060235,0.5560366038060235,-0.6340331618522369,-0.7037731234909651,-0.2202835742399148,-0.1504850248351466,-0.1504850248351466,-0.2668059784445019,-0.18226644646984907,-0.18226644646984907,0.021143732361268874,0.011682375854356053,0.08388397352771548,0.11342004661459093,404.0,5487.353116908982,5487.353116908982,-0.07220159767335943,0.011340828385756594,0.0077342203882268725,0.9592701951333332,0.8139396636229749,0.89335726485,0.7671581536644337,0.8139396636229749,0.8139396636229749,0.6831422876371648,0.5560366038060235,-0.6340331618522369,-0.7037731234909651,-0.2202835742399148,-0.1504850248351466,-0.2668059784445019,-0.18226644646984907
18,Hebei,2020,0.0377852475767817,-0.0017073219178982413,0.0711017794169635,0.18823424231076302,0.03307638126487866,0.024482955993299527,370.0,1723.0,5102.021888332406,5102.021888332406,-0.07280910133486174,0.010048477112556523,0.007469820621104518,0.9592701951333332,0.89335726485,0.010620143558881667,0.8139396636229749,0.7671581536644337,0.10496889128059399,0.04438090693127943,0.037262753188721555,31,-0.5169740688245997,-1.2344850411390522,1,0.8139396636229749,0.8139396636229749,0.6831422876371648,0.5560366038060235,0.5560366038060235,-0.42078569968089535,-1.0047963391323145,-0.2202835742399148,-0.1504850248351466,-0.1504850248351466,-0.2668059784445019,-0.18226644646984907,-0.18226644646984907,0.0377852475767817,-0.0017073219178982413,0.0711017794169635,0.18823424231076302,370.0,5102.021888332406,5102.021888332406,-0.07280910133486174,0.010048477112556523,0.007469820621104518,0.9592701951333332,0.8139396636229749,0.89335726485,0.7671581536644337,0.8139396636229749,0.8139396636229749,0.6831422876371648,0.5560366038060235,-0.42078569968089535,-1.0047963391323145,-0.2202835742399148,-0.1504850248351466,-0.2668059784445019,-0.18226644646984907
18,Hebei,2021,0.025488450358357895,-0.023506259686600472,0.006102654168563149,0.0981848619983996,0.11248735348657846,0.16575524601870484,33.0,1036.0,4953.171091445428,4953.171091445428,-0.02960891385516362,0.0008008659447968443,0.006520019537246067,0.9592701951333332,0.89335726485,0.010620143558881667,0.8139396636229749,0.7671581536644337,0.10496889128059399,0.037499334228858976,0.0910393120777722,31,-0.6667062535104331,0.1164719118900222,1,0.8139396636229749,0.8139396636229749,0.6831422876371648,0.5560366038060235,0.5560366038060235,-0.5426586637176157,0.09480110878528944,-0.2202835742399148,-0.1504850248351466,-0.1504850248351466,-0.2668059784445019,-0.18226644646984907,-0.18226644646984907,0.025488450358357895,-0.023506259686600472,0.006102654168563149,0.0981848619983996,33.0,4953.171091445428,4953.171091445428,-0.02960891385516362,0.0008008659447968443,0.006520019537246067,0.9592701951333332,0.8139396636229749,0.89335726485,0.7671581536644337,0.8139396636229749,0.8139396636229749,0.6831422876371648,0.5560366038060235,-0.5426586637176157,0.09480110878528944,-0.2202835742399148,-0.1504850248351466,-0.2668059784445019,-0.18226644646984907
18,Hebei,2022,0.07653306638485091,0.0070472455154035885,-0.007587711059274582,0.11499083191988824,0.0472318985823037,-0.0026844419985749823,-41.0,1350.0,5026.1935723574215,5026.1935723574215,0.01463495657467817,-0.0009491114013951613,0.00626320928686524,0.9592701951333332,0.89335726485,0.010620143558881667,0.8139396636229749,0.7671581536644337,0.10496889128059399,0.030562387673295114,0.03176275653557354,31,-0.8176432860361678,-1.3726541407189772,1,0.8139396636229749,0.8139396636229749,0.6831422876371648,0.5560366038060235,0.5560366038060235,-0.6655123011998623,-1.117257649567488,-0.2202835742399148,-0.1504850248351466,-0.1504850248351466,-0.2668059784445019,-0.18226644646984907,-0.18226644646984907,0.07653306638485091,0.0070472455154035885,-0.007587711059274582,0.11499083191988824,-41.0,5026.1935723574215,5026.1935723574215,0.01463495657467817,-0.0009491114013951613,0.00626320928686524,0.9592701951333332,0.8139396636229749,0.89335726485,0.7671581536644337,0.8139396636229749,0.8139396636229749,0.6831422876371648,0.5560366038060235,-0.6655123011998623,-1.117257649567488,-0.2202835742399148,-0.1504850248351466,-0.2668059784445019,-0.18226644646984907
18,Hebei,2023,0.08417124286277122,0.052170718327320564,0.034328731459858375,0.16189111740223439,0.05542147532868391,0.04210187394203935,188.0,2184.0,5116.6756417160295,5116.6756417160295,0.01784198686746219,0.004117389399912396,0.006242882172579939,0.9592701951333332,0.89335726485,0.010620143558881667,0.8139396636229749,0.7671581536644337,0.10496889128059399,0.034067135169903805,0.07133473617818979,31,-0.7413854998974198,-0.3785399365428838,1,0.8139396636229749,0.8139396636229749,0.6831422876371648,0.5560366038060235,0.5560366038060235,-0.6034430644014569,-0.30810866861757713,-0.2202835742399148,-0.1504850248351466,-0.1504850248351466,-0.2668059784445019,-0.18226644646984907,-0.18226644646984907,0.08417124286277122,0.052170718327320564,0.034328731459858375,0.16189111740223439,188.0,5116.6756417160295,5116.6756417160295,0.01784198686746219,0.004117389399912396,0.006242882172579939,0.9592701951333332,0.8139396636229749,0.89335726485,0.7671581536644337,0.8139396636229749,0.8139396636229749,0.6831422876371648,0.5560366038060235,-0.6034430644014569,-0.30810866861757713,-0.2202835742399148,-0.1504850248351466,-0.2668059784445019,-0.18226644646984907
19,Henan,2000,,,,,,,,,4915.222278627892,4915.222278627892,,,0.013296451584032785,0.950713875175,0.92630298755,0.009890133826464432,0.7792014356717978,0.9081616223763925,0.01194546565053522,,,0,,,0,0.0,0.0,-0.0,-0.8087342737606372,-0.0,,,-0.0,0.3607484629340523,0.0,-0.0,0.45037937104576165,0.0,,,,,,4915.222278627892,4915.222278627892,,,0.013296451584032785,0.950713875175,0.7792014356717978,0.92630298755,0.9081616223763925,0.0,0.0,-0.0,-0.0,,,-0.0,0.0,-0.0,0.0
19,Henan,2001,0.13182292756778669,0.10634710389038737,0.10717915247166765,0.1495045307109235,0.09165994249915066,0.09009897492742702,156.0,247.0,4911.13427584859,4911.13427584859,-0.0008320485812802758,0.02792396040661654,0.013493179868020266,0.950713875175,0.92630298755,0.009890133826464432,0.7792014356717978,0.9081616223763925,0.01194546565053522,0.06028087511627794,0.10333775942244862,31,-0.17101580089295476,0.42542944459551196,0,0.0,0.0,-0.0,-0.8087342737606372,-0.0,-0.13325575757835267,0.3314952340058785,-0.0,0.3607484629340523,0.0,-0.0,0.45037937104576165,0.0,0.13182292756778669,0.10634710389038737,0.10717915247166765,0.1495045307109235,156.0,4911.13427584859,4911.13427584859,-0.0008320485812802758,0.02792396040661654,0.013493179868020266,0.950713875175,0.7792014356717978,0.92630298755,0.9081616223763925,0.0,0.0,-0.0,-0.0,-0.13325575757835267,0.3314952340058785,-0.0,0.0,-0.0,0.0
19,Henan,2002,0.100667677517003,0.13046558162861732,0.03555176272055416,0.030752918212671787,0.08696664096908613,0.14297542172808342,55.549999999999955,55.549999999999955,5400.106887987676,5400.106887987676,0.09491381890806316,0.009115224012496332,0.014093071638834574,0.950713875175,0.92630298755,0.009890133826464432,0.7792014356717978,0.9081616223763925,0.01194546565053522,0.03622957213462816,0.07192239437819348,31,-0.6943342770192986,-0.36377698131293934,0,0.0,0.0,-0.0,-0.8087342737606372,-0.0,-0.5410262654895772,-0.2834555461033951,-0.0,0.3607484629340523,0.0,-0.0,0.45037937104576165,0.0,0.100667677517003,0.13046558162861732,0.03555176272055416,0.030752918212671787,55.549999999999955,5400.106887987676,5400.106887987676,0.09491381890806316,0.009115224012496332,0.014093071638834574,0.950713875175,0.7792014356717978,0.92630298755,0.9081616223763925,0.0,0.0,-0.0,-0.0,-0.5410262654895772,-0.2834555461033951,-0.0,0.0,-0.0,0.0
19,Henan,2003,0.15624372163677602,0.11989471776071703,,0.090179765634403,0.14101250951450517,0.15019664776103525,,173.0999999999999,,,,,0.013798577563401155,0.950713875175,0.92630298755,0.009890133826464432,0.7792014356717978,0.9081616223763925,0.01194546565053522,,0.174536334595533,0,,2.2140565371971155,0,0.0,0.0,-0.0,-0.8087342737606372,-0.0,,1.7251960324425215,-0.0,0.3607484629340523,0.0,-0.0,0.45037937104576165,0.0,0.15624372163677602,0.11989471776071703,,0.090179765634403,,,,,,0.013798577563401155,0.950713875175,0.7792014356717978,0.92630298755,0.9081616223763925,0.0,0.0,-0.0,-0.0,,1.7251960324425215,-0.0,0.0,-0.0,0.0
19,Henan,2004,0.22265567502995598,0.14471687135131894,,0.18804653812412564,0.19095112355326194,0.19772616442377533,,415.3000000000002,5135.874429171353,5135.874429171353,,,0.01317513392594337,0.950713875175,0.92630298755,0.009890133826464432,0.7792014356717978,0.9081616223763925,0.01194546565053522,,0.13859497572773094,0,,1.3111495891354643,0,0.0,0.0,-0.0,-0.8087342737606372,-0.0,,1.0216496422348416,-0.0,0.3607484629340523,0.0,-0.0,0.45037937104576165,0.0,0.22265567502995598,0.14471687135131894,,0.18804653812412564,,5135.874429171353,5135.874429171353,,,0.01317513392594337,0.950713875175,0.7792014356717978,0.92630298755,0.9081616223763925,0.0,0.0,-0.0,-0.0,,1.0216496422348416,-0.0,0.0,-0.0,0.0
19,Henan,2005,0.0994575132727249,0.18524689441252473,,0.17319563715385833,0.18303753440365256,0.21580917020202328,,458.1199999999999,,,,,0.013204274719348987,0.950713875175,0.92630298755,0.009890133826464432,0.7792014356717978,0.9081616223763925,0.01194546565053522,,0.1204312655274813,1,,0.8548468599396662,0,0.0,0.0,-0.0,-0.8087342737606372,-0.0,,0.6660979005445162,-0.0,0.3607484629340523,0.0,-0.0,0.45037937104576165,0.0,0.0994575132727249,0.18524689441252473,,0.17319563715385833,,,,,,0.013204274719348987,0.950713875175,0.7792014356717978,0.92630298755,0.9081616223763925,0.0,0.0,-0.0,-0.0,,0.6660979005445162,-0.0,0.0,-0.0,0.0
19,Henan,2006,0.12341272331788122,0.11567784735492292,,0.19915258818399906,0.16044904033545038,0.20224576370466174,,634.8299999999999,4637.39533171794,4637.39533171794,,,0.012626142000567869,0.950713875175,0.92630298755,0.009890133826464432,0.7792014356717978,0.9081616223763925,0.01194546565053522,,0.1288484193955256,1,,1.0662998196987796,0,0.0,0.0,-0.0,-0.8087342737606372,-0.0,,0.8308623503658682,-0.0,0.3607484629340523,0.0,-0.0,0.45037937104576165,0.0,0.12341272331788122,0.11567784735492292,,0.19915258818399906,,4637.39533171794,4637.39533171794,,,0.012626142000567869,0.950713875175,0.7792014356717978,0.92630298755,0.9081616223763925,0.0,0.0,-0.0,-0.0,,0.8308623503658682,-0.0,0.0,-0.0,0.0
19,Henan,2007,0.1811024447191114,0.1905299997755625,0.16729235430767986,0.16082503919560054,0.21002698864310076,0.21644220383399926,593.6999999999998,613.4000000000001,4746.419304618578,4746.419304618578,0.02323764546788265,0.04018763707253674,0.012382354533885684,0.950713875175,0.92630298755,0.009890133826464432,0.7792014356717978,0.9081616223763925,0.01194546565053522,0.07460781837107273,0.1340029619229762,31,0.1407159218069819,1.1957905348170592,0,0.0,0.0,-0.0,-0.8087342737606372,-0.0,0.10964604829388072,0.9317617014921994,-0.0,0.3607484629340523,0.0,-0.0,0.45037937104576165,0.0,0.1811024447191114,0.1905299997755625,0.16729235430767986,0.16082503919560054,593.6999999999998,4746.419304618578,4746.419304618578,0.02323764546788265,0.04018763707253674,0.012382354533885684,0.950713875175,0.7792014356717978,0.92630298755,0.9081616223763925,0.0,0.0,-0.0,-0.0,0.10964604829388072,0.9317617014921994,-0.0,0.0,-0.0,0.0
19,Henan,2008,0.030556478409802246,0.02151330022463238,0.1020337634473325,0.10191549902861219,0.1717775764492444,0.19133261179599081,414.0,443.0,4379.217432052484,4379.217432052484,-0.08052046322270012,0.02360063619106254,0.010654775138382956,0.950713875175,0.92630298755,0.009890133826464432,0.7792014356717978,0.9081616223763925,0.01194546565053522,0.23086049090782326,0.08538316258007597,31,3.540528004544794,-0.02562000788211561,0,0.0,0.0,-0.0,-0.8087342737606372,-0.0,2.758784504177509,-0.01996314692366726,-0.0,0.3607484629340523,0.0,-0.0,0.45037937104576165,0.0,0.030556478409802246,0.02151330022463238,0.1020337634473325,0.10191549902861219,414.0,4379.217432052484,4379.217432052484,-0.08052046322270012,0.02360063619106254,0.010654775138382956,0.950713875175,0.7792014356717978,0.92630298755,0.9081616223763925,0.0,0.0,-0.0,-0.0,2.758784504177509,-0.01996314692366726,-0.0,0.0,-0.0,0.0
19,Henan,2009,0.03852466362434814,0.043734482207124614,0.009792570676149026,0.02334736399699011,0.0838963579453118,0.06801372559814389,42.0,108.0,4530.40777262181,4530.40777262181,0.03394191153097559,0.002201592485230984,0.010235338442425735,0.950713875175,0.92630298755,0.009890133826464432,0.7792014356717978,0.9081616223763925,0.01194546565053522,0.10001935023920526,0.053951541707971624,31,0.6936308363716208,-0.8152348073294063,0,0.0,0.0,-0.0,-0.8087342737606372,-0.0,0.5404781435269967,-0.6352321322806949,-0.0,0.3607484629340523,0.0,-0.0,0.45037937104576165,0.0,0.03852466362434814,0.043734482207124614,0.009792570676149026,0.02334736399699011,42.0,4530.40777262181,4530.40777262181,0.03394191153097559,0.002201592485230984,0.010235338442425735,0.950713875175,0.7792014356717978,0.92630298755,0.9081616223763925,0.0,0.0,-0.0,-0.0,0.5404781435269967,-0.6352321322806949,-0.0,0.0,-0.0,0.0
19,Henan,2010,0.06421433190432246,0.06831861124755267,0.08385481482491208,0.07747531216829096,0.16805312860193666,0.1653229502612792,377.0,377.0,4460.566375080009,4460.566375080009,-0.015536203577359409,0.016704921823846024,0.00926377625436571,0.950713875175,0.92630298755,0.009890133826464432,0.7792014356717978,0.9081616223763925,0.01194546565053522,0.11994848128667408,0.13785180451035353,31,1.1272573429372206,1.2924798872402858,0,0.0,0.0,-0.0,-0.8087342737606372,-0.0,0.8783605399882584,1.007102183714554,-0.0,0.3607484629340523,0.0,-0.0,0.45037937104576165,0.0,0.06421433190432246,0.06831861124755267,0.08385481482491208,0.07747531216829096,377.0,4460.566375080009,4460.566375080009,-0.015536203577359409,0.016704921823846024,0.00926377625436571,0.950713875175,0.7792014356717978,0.92630298755,0.9081616223763925,0.0,0.0,-0.0,-0.0,0.8783605399882584,1.007102183714554,-0.0,0.0,-0.0,0.0
19,Henan,2011,0.1648451507442772,0.16498775771900753,0.04831253887263465,0.05145147843501974,0.1496831216351282,0.1397626812607502,232.0,267.0,5012.5810733889,5012.5810733889,0.11667521884637289,0.008850840786001967,0.009406645470683326,0.950713875175,0.92630298755,0.009890133826464432,0.7792014356717978,0.9081616223763925,0.01194546565053522,0.08951107708331604,0.11887028262747688,31,0.46498736126114687,0.8156323630308685,0,0.0,0.0,-0.0,-0.8087342737606372,-0.0,0.3623188194639265,0.6355419082540337,-0.0,0.3607484629340523,0.0,-0.0,0.45037937104576165,0.0,0.1648451507442772,0.16498775771900753,0.04831253887263465,0.05145147843501974,232.0,5012.5810733889,5012.5810733889,0.11667521884637289,0.008850840786001967,0.009406645470683326,0.950713875175,0.7792014356717978,0.92630298755,0.9081616223763925,0.0,0.0,-0.0,-0.0,0.3623188194639265,0.6355419082540337,-0.0,0.0,-0.0,0.0
19,Henan,2012,0.022355485792510343,-0.01770811142942641,0.08492544608650832,0.07958025318815665,0.09687246052651943,0.07089393929984844,436.0,441.0,4523.641943977591,4523.641943977591,-0.10263355751593473,0.015097737070831242,0.008388282843638,0.950713875175,0.92630298755,0.009890133826464432,0.7792014356717978,0.9081616223763925,0.01194546565053522,0.0756167924904256,0.06311076158020731,31,0.162669609679673,-0.5851399104757836,0,0.7792014356717978,0.0,-0.0,-0.8087342737606372,-0.0,0.1267523934025722,-0.45594185831159784,-0.0,0.3607484629340523,0.0,-0.0,0.45037937104576165,0.0,0.022355485792510343,-0.01770811142942641,0.08492544608650832,0.07958025318815665,436.0,4523.641943977591,4523.641943977591,-0.10263355751593473,0.015097737070831242,0.008388282843638,0.950713875175,0.7792014356717978,0.92630298755,0.9081616223763925,0.7792014356717978,0.0,-0.0,-0.0,0.1267523934025722,-0.45594185831159784,-0.0,0.0,-0.0,0.0
19,Henan,2013,0.08030485788962505,0.12332992764593076,0.04972343535243162,0.048583642205086264,0.09073673295843498,0.06242962023329568,273.0,287.0,4869.171997157071,4869.171997157071,0.07360649229349914,0.00863339384087991,0.008666188087813947,0.950713875175,0.92630298755,0.009890133826464432,0.7792014356717978,0.9081616223763925,0.01194546565053522,0.05332030642613454,0.09052161106014825,31,-0.3224668138662537,0.10346639789288713,0,0.7792014356717978,0.0,-0.0,-0.8087342737606372,-0.0,-0.25126660432109527,0.08062116578192713,-0.0,0.3607484629340523,0.0,-0.0,0.45037937104576165,0.0,0.08030485788962505,0.12332992764593076,0.04972343535243162,0.048583642205086264,273.0,4869.171997157071,4869.171997157071,0.07360649229349914,0.00863339384087991,0.008666188087813947,0.950713875175,0.7792014356717978,0.92630298755,0.9081616223763925,0.7792014356717978,0.0,-0.0,-0.0,-0.25126660432109527,0.08062116578192713,-0.0,0.0,-0.0,0.0
19,Henan,2014,-0.04382364201032374,-0.04703919743205187,0.018833611329190703,0.023515126628513627,0.09034319363789756,0.06981471322522204,107.0,144.0,4558.761987794246,4558.761987794246,-0.06587280876124257,0.0030914849265984688,0.007553768940509688,0.950713875175,0.92630298755,0.009890133826464432,0.7792014356717978,0.9081616223763925,0.01194546565053522,0.07238772123836522,0.05502636777100867,31,0.09241010447860744,-0.7882333819285628,0,0.7792014356717978,0.0,-0.0,-0.8087342737606372,-0.0,0.07200608608031174,-0.6141925828431727,-0.0,0.3607484629340523,0.0,-0.0,0.45037937104576165,0.0,-0.04382364201032374,-0.04703919743205187,0.018833611329190703,0.023515126628513627,107.0,4558.761987794246,4558.761987794246,-0.06587280876124257,0.0030914849265984688,0.007553768940509688,0.950713875175,0.7792014356717978,0.92630298755,0.9081616223763925,0.7792014356717978,0.0,-0.0,-0.0,0.07200608608031174,-0.6141925828431727,-0.0,0.0,-0.0,0.0
19,Henan,2015,-0.04345417352920489,-0.05279970631000985,0.08005612050022393,0.08474929814493137,0.061271603545975495,0.03315489286391049,478.0,548.0,3991.6124255593113,3991.6124255593113,-0.13285582681023378,0.012989766156762183,0.0067394298291609325,0.950713875175,0.92630298755,0.009890133826464432,0.7792014356717978,0.9081616223763925,0.01194546565053522,0.07881055819591727,0.01369788281902884,31,0.23216092178769712,-1.826473932411288,0,0.7792014356717978,0.0,-0.0,-0.8087342737606372,-0.0,0.18090012356386156,-1.4231911103519896,-0.0,0.3607484629340523,0.0,-0.0,0.45037937104576165,0.0,-0.04345417352920489,-0.05279970631000985,0.08005612050022393,0.08474929814493137,478.0,3991.6124255593113,3991.6124255593113,-0.13285582681023378,0.012989766156762183,0.0067394298291609325,0.950713875175,0.7792014356717978,0.92630298755,0.9081616223763925,0.7792014356717978,0.0,-0.0,-0.0,0.18090012356386156,-1.4231911103519896,-0.0,0.0,-0.0,0.0
19,Henan,2016,0.010622400804539467,0.014495782897233411,0.03448617607116766,0.06792468552104403,0.0876142614172597,0.0566617056085299,218.0,474.0,3912.6107914787744,3912.6107914787744,-0.01999039317393425,0.0054272464051276625,0.006264237341551479,0.950713875175,0.92630298755,0.009890133826464432,0.7792014356717978,0.9081616223763925,0.01194546565053522,0.05903759135568659,0.05014379919751098,31,-0.1980676975607446,-0.9108916571933824,1,0.7792014356717978,0.7792014356717978,-1.0379014164204887,-0.8087342737606372,-0.8087342737606372,-0.15433463429953964,-0.7097680870265466,-0.3475748825723743,0.3607484629340523,0.3607484629340523,-0.433932706825884,0.45037937104576165,0.45037937104576165,0.010622400804539467,0.014495782897233411,0.03448617607116766,0.06792468552104403,218.0,3912.6107914787744,3912.6107914787744,-0.01999039317393425,0.0054272464051276625,0.006264237341551479,0.950713875175,0.7792014356717978,0.92630298755,0.9081616223763925,0.7792014356717978,0.7792014356717978,-1.0379014164204887,-0.8087342737606372,-0.15433463429953964,-0.7097680870265466,-0.3475748825723743,0.3607484629340523,-0.433932706825884,0.45037937104576165
19,Henan,2017,0.03494532833634789,0.01916966457307545,0.01741855214772059,0.08774999764919045,0.10436795744587712,0.0993432474688003,113.0,662.0,3919.468215158924,3919.468215158924,0.0017511124253548616,0.0025343994258351745,0.005752638130375787,0.950713875175,0.92630298755,0.009890133826464432,0.7792014356717978,0.9081616223763925,0.01194546565053522,0.033173774099243235,0.0667308662369896,31,-0.7608236299016604,-0.49419683680565485,1,0.7792014356717978,0.7792014356717978,-1.0379014164204887,-0.8087342737606372,-0.8087342737606372,-0.5928348647124023,-0.3850788847434274,-0.3475748825723743,0.3607484629340523,0.3607484629340523,-0.433932706825884,0.45037937104576165,0.45037937104576165,0.03494532833634789,0.01916966457307545,0.01741855214772059,0.08774999764919045,113.0,3919.468215158924,3919.468215158924,0.0017511124253548616,0.0025343994258351745,0.005752638130375787,0.950713875175,0.7792014356717978,0.92630298755,0.9081616223763925,0.7792014356717978,0.7792014356717978,-1.0379014164204887,-0.8087342737606372,-0.5928348647124023,-0.3850788847434274,-0.3475748825723743,0.3607484629340523,-0.433932706825884,0.45037937104576165
19,Henan,2018,0.10790550885115291,0.05440164027167427,0.04145748937213689,0.09669362480247123,0.1200469766880623,0.06807972903901849,277.0,800.0,3970.532180032253,3970.532180032253,0.012944150899537377,0.0055098610600017904,0.005387132385849404,0.950713875175,0.92630298755,0.009890133826464432,0.7792014356717978,0.9081616223763925,0.01194546565053522,0.03201785921534048,0.096922743210444,31,-0.785974517403983,0.26427352583763797,1,0.7792014356717978,0.7792014356717978,-1.0379014164204887,-0.8087342737606372,-0.8087342737606372,-0.612432472362632,0.20592231074273545,-0.3475748825723743,0.3607484629340523,0.3607484629340523,-0.433932706825884,0.45037937104576165,0.45037937104576165,0.10790550885115291,0.05440164027167427,0.04145748937213689,0.09669362480247123,277.0,3970.532180032253,3970.532180032253,0.012944150899537377,0.0055098610600017904,0.005387132385849404,0.950713875175,0.7792014356717978,0.92630298755,0.9081616223763925,0.7792014356717978,0.7792014356717978,-1.0379014164204887,-0.8087342737606372,-0.612432472362632,0.20592231074273545,-0.3475748825723743,0.3607484629340523,-0.433932706825884,0.45037937104576165
19,Henan,2019,-0.05785069493370987,-0.06731162749771435,0.03302152815159509,0.0696378247501972,0.06666649672058789,0.03386342560485289,229.0,626.0,3591.4893617021276,3591.4893617021276,-0.10033315564930945,0.004261313335653548,0.004711635530949686,0.950713875175,0.92630298755,0.009890133826464432,0.7792014356717978,0.9081616223763925,0.01194546565053522,0.0323398613545378,0.051984497690370696,31,-0.7789682579542254,-0.8646502375352481,1,0.7792014356717978,0.7792014356717978,-1.0379014164204887,-0.8087342737606372,-0.8087342737606372,-0.6069731849406917,-0.6737367064414262,-0.3475748825723743,0.3607484629340523,0.3607484629340523,-0.433932706825884,0.45037937104576165,0.45037937104576165,-0.05785069493370987,-0.06731162749771435,0.03302152815159509,0.0696378247501972,229.0,3591.4893617021276,3591.4893617021276,-0.10033315564930945,0.004261313335653548,0.004711635530949686,0.950713875175,0.7792014356717978,0.92630298755,0.9081616223763925,0.7792014356717978,0.7792014356717978,-1.0379014164204887,-0.8087342737606372,-0.6069731849406917,-0.6737367064414262,-0.3475748825723743,0.3607484629340523,-0.433932706825884,0.45037937104576165
19,Henan,2020,0.006213344117512065,-0.01998510839981904,0.002549937633272492,0.08868452338654365,0.007809147724756826,-0.03527260006572597,18.0,863.0,3511.460101867572,3511.460101867572,-0.022535046033091533,0.00033234490266559444,0.004582482299587438,0.950713875175,0.92630298755,0.009890133826464432,0.7792014356717978,0.9081616223763925,0.01194546565053522,0.04438090693127943,0.037262753188721555,31,-0.5169740688245997,-1.2344850411390522,1,0.7792014356717978,0.7792014356717978,-1.0379014164204887,-0.8087342737606372,-0.8087342737606372,-0.4028269366332189,-0.9619125163709078,-0.3475748825723743,0.3607484629340523,0.3607484629340523,-0.433932706825884,0.45037937104576165,0.45037937104576165,0.006213344117512065,-0.01998510839981904,0.002549937633272492,0.08868452338654365,18.0,3511.460101867572,3511.460101867572,-0.022535046033091533,0.00033234490266559444,0.004582482299587438,0.950713875175,0.7792014356717978,0.92630298755,0.9081616223763925,0.7792014356717978,0.7792014356717978,-1.0379014164204887,-0.8087342737606372,-0.4028269366332189,-0.9619125163709078,-0.3475748825723743,0.3607484629340523,-0.433932706825884,0.45037937104576165
19,Henan,2021,0.04477727288891398,-0.0140390198352911,0.03243377061649788,0.08886169804872956,0.06515436736170344,0.05249957418771167,233.0,945.0,3352.006574441857,3352.006574441857,-0.04647279045178898,0.004030660839126846,0.004233577798967867,0.950713875175,0.92630298755,0.009890133826464432,0.7792014356717978,0.9081616223763925,0.01194546565053522,0.037499334228858976,0.0910393120777722,31,-0.6667062535104331,0.1164719118900222,1,0.7792014356717978,0.7792014356717978,-1.0379014164204887,-0.8087342737606372,-0.8087342737606372,-0.519498469906695,0.09075508096014444,-0.3475748825723743,0.3607484629340523,0.3607484629340523,-0.433932706825884,0.45037937104576165,0.45037937104576165,0.04477727288891398,-0.0140390198352911,0.03243377061649788,0.08886169804872956,233.0,3352.006574441857,3352.006574441857,-0.04647279045178898,0.004030660839126846,0.004233577798967867,0.950713875175,0.7792014356717978,0.92630298755,0.9081616223763925,0.7792014356717978,0.7792014356717978,-1.0379014164204887,-0.8087342737606372,-0.519498469906695,0.09075508096014444,-0.3475748825723743,0.3607484629340523,-0.433932706825884,0.45037937104576165
19,Henan,2022,0.12093836549894377,0.10111419000075106,-0.003979968198770223,0.07227462597735723,0.017159552198773298,-0.02007070629025165,-29.0,833.0,3723.4598459845984,3723.4598459845984,0.10509415819952128,-0.0004931352344478835,0.004604352670050118,0.950713875175,0.92630298755,0.009890133826464432,0.7792014356717978,0.9081616223763925,0.01194546565053522,0.030562387673295114,0.03176275653557354,31,-0.8176432860361678,-1.3726541407189772,1,0.7792014356717978,0.7792014356717978,-1.0379014164204887,-0.8087342737606372,-0.8087342737606372,-0.6371088223467883,-1.069574077129065,-0.3475748825723743,0.3607484629340523,0.3607484629340523,-0.433932706825884,0.45037937104576165,0.45037937104576165,0.12093836549894377,0.10111419000075106,-0.003979968198770223,0.07227462597735723,-29.0,3723.4598459845984,3723.4598459845984,0.10509415819952128,-0.0004931352344478835,0.004604352670050118,0.950713875175,0.7792014356717978,0.92630298755,0.9081616223763925,0.7792014356717978,0.7792014356717978,-1.0379014164204887,-0.8087342737606372,-0.6371088223467883,-1.069574077129065,-0.3475748825723743,0.3607484629340523,-0.433932706825884,0.45037937104576165
19,Henan,2023,0.030117284021271118,-0.02135126460184633,0.017713473129305157,0.147525570369881,0.030484204537406967,0.04313781201732603,129.96000000000004,1899.1299999999992,3580.8083264432667,3580.8083264432667,-0.03906473773115149,0.0021435746720323335,0.004371764133750153,0.950713875175,0.92630298755,0.009890133826464432,0.7792014356717978,0.9081616223763925,0.01194546565053522,0.034067135169903805,0.07133473617818979,31,-0.7413854998974198,-0.3785399365428838,1,0.7792014356717978,0.7792014356717978,-1.0379014164204887,-0.8087342737606372,-0.8087342737606372,-0.577688645906323,-0.2949588620133263,-0.3475748825723743,0.3607484629340523,0.3607484629340523,-0.433932706825884,0.45037937104576165,0.45037937104576165,0.030117284021271118,-0.02135126460184633,0.017713473129305157,0.147525570369881,129.96000000000004,3580.8083264432667,3580.8083264432667,-0.03906473773115149,0.0021435746720323335,0.004371764133750153,0.950713875175,0.7792014356717978,0.92630298755,0.9081616223763925,0.7792014356717978,0.7792014356717978,-1.0379014164204887,-0.8087342737606372,-0.577688645906323,-0.2949588620133263,-0.3475748825723743,0.3607484629340523,-0.433932706825884,0.45037937104576165
20,Zhejiang,2000,,,,,,,,,4374.366172044232,4374.366172044232,,,0.008670022169033465,0.841746694925,0.766963151725,0.007626280827908341,0.3368001737794286,0.2262075562930565,-0.27653200485009816,,,0,,,0,0.0,0.0,-0.0,-0.056177998790216496,-0.0,,,-0.0,0.14694225641543388,0.0,-0.0,0.3601906543044627,0.0,,,,,,4374.366172044232,4374.366172044232,,,0.008670022169033465,0.841746694925,0.3368001737794286,0.766963151725,0.2262075562930565,0.0,0.0,-0.0,-0.0,,,-0.0,0.0,-0.0,0.0
20,Zhejiang,2001,0.16230925048995726,0.1304176624241471,0.03274559292118884,0.03981199580201089,0.11880270498437717,0.08817433760054882,41.02999999999997,73.45000000000005,4823.181168637428,4823.181168637428,0.09767206950295826,0.005858583057637473,0.008771311202720268,0.841746694925,0.766963151725,0.007626280827908341,0.3368001737794286,0.2262075562930565,-0.27653200485009816,0.06028087511627794,0.10333775942244862,31,-0.17101580089295476,0.42542944459551196,0,0.0,0.0,-0.0,-0.056177998790216496,-0.0,-0.05759815145977533,0.14328471087065422,-0.0,0.14694225641543388,0.0,-0.0,0.3601906543044627,0.0,0.16230925048995726,0.1304176624241471,0.03274559292118884,0.03981199580201089,41.02999999999997,4823.181168637428,4823.181168637428,0.09767206950295826,0.005858583057637473,0.008771311202720268,0.841746694925,0.3368001737794286,0.766963151725,0.2262075562930565,0.0,0.0,-0.0,-0.0,-0.05759815145977533,0.14328471087065422,-0.0,0.0,-0.0,0.0
20,Zhejiang,2002,0.05719469732280391,0.025443148091579104,0.026819482939727912,0.09417963240767424,0.15089801984874995,0.13594826636573565,34.62000000000012,185.84999999999968,4816.547422491286,4816.547422491286,-0.001376334848148808,0.004250930068995606,0.00773713476336078,0.841746694925,0.766963151725,0.007626280827908341,0.3368001737794286,0.2262075562930565,-0.27653200485009816,0.03622957213462816,0.07192239437819348,31,-0.6943342770192986,-0.36377698131293934,0,0.0,0.0,-0.0,-0.056177998790216496,-0.0,-0.2338519051611137,-0.12252015052315393,-0.0,0.14694225641543388,0.0,-0.0,0.3601906543044627,0.0,0.05719469732280391,0.025443148091579104,0.026819482939727912,0.09417963240767424,34.62000000000012,4816.547422491286,4816.547422491286,-0.001376334848148808,0.004250930068995606,0.00773713476336078,0.841746694925,0.3368001737794286,0.766963151725,0.2262075562930565,0.0,0.0,-0.0,-0.0,-0.2338519051611137,-0.12252015052315393,-0.0,0.0,-0.0,0.0
20,Zhejiang,2003,0.34766246666119827,0.1847467226322328,,0.14154301994175622,0.1944932114702702,0.22025576089511922,,314.4000000000001,,,,,0.007662091165602215,0.841746694925,0.766963151725,0.007626280827908341,0.3368001737794286,0.2262075562930565,-0.27653200485009816,,0.174536334595533,0,,2.2140565371971155,0,0.0,0.0,-0.0,-0.056177998790216496,-0.0,,0.7456946264854685,-0.0,0.14694225641543388,0.0,-0.0,0.3601906543044627,0.0,0.34766246666119827,0.1847467226322328,,0.14154301994175622,,,,,,0.007662091165602215,0.841746694925,0.3368001737794286,0.766963151725,0.2262075562930565,0.0,0.0,-0.0,-0.0,,0.7456946264854685,-0.0,0.0,-0.0,0.0
20,Zhejiang,2004,0.11166694475627725,0.09676274866123702,,0.2619146645457038,0.16443725096540973,0.183757581888786,,713.25,3894.579240477989,3894.579240477989,,,0.007160719339319251,0.841746694925,0.766963151725,0.007626280827908341,0.3368001737794286,0.2262075562930565,-0.27653200485009816,,0.13859497572773094,0,,1.3111495891354643,0,0.0,0.0,-0.0,-0.056177998790216496,-0.0,,0.4415954094716508,-0.0,0.14694225641543388,0.0,-0.0,0.3601906543044627,0.0,0.11166694475627725,0.09676274866123702,,0.2619146645457038,,3894.579240477989,3894.579240477989,,,0.007160719339319251,0.841746694925,0.3368001737794286,0.766963151725,0.2262075562930565,0.0,0.0,-0.0,-0.0,,0.4415954094716508,-0.0,0.0,-0.0,0.0
20,Zhejiang,2005,0.16742367673013359,0.21686994622886857,,0.19831162508752165,0.12494670633238769,0.1211322265088075,,678.9500000000003,,,,,0.007850158182341098,0.841746694925,0.766963151725,0.007626280827908341,0.3368001737794286,0.2262075562930565,-0.27653200485009816,,0.1204312655274813,1,,0.8548468599396662,0,0.0,0.0,-0.0,-0.056177998790216496,-0.0,,0.28791257098247847,-0.0,0.14694225641543388,0.0,-0.0,0.3601906543044627,0.0,0.16742367673013359,0.21686994622886857,,0.19831162508752165,,,,,,0.007850158182341098,0.841746694925,0.3368001737794286,0.766963151725,0.2262075562930565,0.0,0.0,-0.0,-0.0,,0.28791257098247847,-0.0,0.0,-0.0,0.0
20,Zhejiang,2006,0.19293956220077746,0.26402933030437215,,0.21656718596198843,0.1607266093275257,0.1764634115981849,,912.6599999999999,3816.280975389224,3816.280975389224,,,0.008704467531128355,0.841746694925,0.766963151725,0.007626280827908341,0.3368001737794286,0.2262075562930565,-0.27653200485009816,,0.1288484193955256,1,,1.0662998196987796,0,0.0,0.0,-0.0,-0.056177998790216496,-0.0,,0.3591299645755224,-0.0,0.14694225641543388,0.0,-0.0,0.3601906543044627,0.0,0.19293956220077746,0.26402933030437215,,0.21656718596198843,,3816.280975389224,3816.280975389224,,,0.008704467531128355,0.841746694925,0.3368001737794286,0.766963151725,0.2262075562930565,0.0,0.0,-0.0,-0.0,,0.3591299645755224,-0.0,0.0,-0.0,0.0
20,Zhejiang,2007,0.0808750166300749,0.15051824248434187,0.10958992477074325,0.08679799813466538,0.19804181557645784,0.19904309431746903,409.9000000000001,425.0,3975.715370979995,3975.715370979995,0.040928317713598616,0.021670976630397347,0.008300475730541629,0.841746694925,0.766963151725,0.007626280827908341,0.3368001737794286,0.2262075562930565,-0.27653200485009816,0.07460781837107273,0.1340029619229762,31,0.1407159218069819,1.1957905348170592,0,0.0,0.0,-0.0,-0.056177998790216496,-0.0,0.04739314691812399,0.40274245993018143,-0.0,0.14694225641543388,0.0,-0.0,0.3601906543044627,0.0,0.0808750166300749,0.15051824248434187,0.10958992477074325,0.08679799813466538,409.9000000000001,3975.715370979995,3975.715370979995,0.040928317713598616,0.021670976630397347,0.008300475730541629,0.841746694925,0.3368001737794286,0.766963151725,0.2262075562930565,0.0,0.0,-0.0,-0.0,0.04739314691812399,0.40274245993018143,-0.0,0.0,-0.0,0.0
20,Zhejiang,2008,-0.005266696989592035,0.09488102271495258,0.03728065921768753,0.03931851744696857,0.13311964390197062,0.12867034715788428,150.0,205.0,4211.441815076848,4211.441815076848,0.05760036349726505,0.006941905506782241,0.00798906881279532,0.841746694925,0.766963151725,0.007626280827908341,0.3368001737794286,0.2262075562930565,-0.27653200485009816,0.23086049090782326,0.08538316258007597,31,3.540528004544794,-0.02562000788211561,0,0.0,0.0,-0.0,-0.056177998790216496,-0.0,1.1924504472016202,-0.008628823106926867,-0.0,0.14694225641543388,0.0,-0.0,0.3601906543044627,0.0,-0.005266696989592035,0.09488102271495258,0.03728065921768753,0.03931851744696857,150.0,4211.441815076848,4211.441815076848,0.05760036349726505,0.006941905506782241,0.00798906881279532,0.841746694925,0.3368001737794286,0.766963151725,0.2262075562930565,0.0,0.0,-0.0,-0.0,1.1924504472016202,-0.008628823106926867,-0.0,0.0,-0.0,0.0
20,Zhejiang,2009,0.16474626306191542,0.0639753229322988,0.054824500492197004,0.05364148501240251,0.0722779329693104,0.03160753988137799,231.0,293.0,4250.156838337182,4250.156838337182,0.009150822440101791,0.009945108169195997,0.007923013285975675,0.841746694925,0.766963151725,0.007626280827908341,0.3368001737794286,0.2262075562930565,-0.27653200485009816,0.10001935023920526,0.053951541707971624,31,0.6936308363716208,-0.8152348073294063,0,0.0,0.0,-0.0,-0.056177998790216496,-0.0,0.2336149862287323,-0.27457122477958307,-0.0,0.14694225641543388,0.0,-0.0,0.3601906543044627,0.0,0.16474626306191542,0.0639753229322988,0.054824500492197004,0.05364148501240251,231.0,4250.156838337182,4250.156838337182,0.009150822440101791,0.009945108169195997,0.007923013285975675,0.841746694925,0.3368001737794286,0.766963151725,0.2262075562930565,0.0,0.0,-0.0,-0.0,0.2336149862287323,-0.27457122477958307,-0.0,0.0,-0.0,0.0
20,Zhejiang,2010,0.13399204829923406,0.11921656276502013,0.006904515346544571,0.0195928957517868,0.18336858139237933,0.1740129939317807,30.0,111.0,4755.338743119266,4755.338743119266,0.11231204741847556,0.0010751840742014634,0.0074306963834642565,0.841746694925,0.766963151725,0.007626280827908341,0.3368001737794286,0.2262075562930565,-0.27653200485009816,0.11994848128667408,0.13785180451035353,31,1.1272573429372206,1.2924798872402858,0,0.0,0.0,-0.0,-0.056177998790216496,-0.0,0.37966046899539285,0.43530745062894455,-0.0,0.14694225641543388,0.0,-0.0,0.3601906543044627,0.0,0.13399204829923406,0.11921656276502013,0.006904515346544571,0.0195928957517868,30.0,4755.338743119266,4755.338743119266,0.11231204741847556,0.0010751840742014634,0.0074306963834642565,0.841746694925,0.3368001737794286,0.766963151725,0.2262075562930565,0.0,0.0,-0.0,-0.0,0.37966046899539285,0.43530745062894455,-0.0,0.0,-0.0,0.0
20,Zhejiang,2011,0.07824767536480781,0.11122217758087771,0.05922050644830534,0.058061111803201726,0.14800434032345144,0.14031307449221586,266.0,342.0,5009.166850410722,5009.166850410722,0.05200167113257237,0.008221777820363428,0.007162344829398111,0.841746694925,0.766963151725,0.007626280827908341,0.3368001737794286,0.2262075562930565,-0.27653200485009816,0.08951107708331604,0.11887028262747688,31,0.46498736126114687,0.8156323630308685,0,0.0,0.0,-0.0,-0.056177998790216496,-0.0,0.15660782407799223,0.2747051216089225,-0.0,0.14694225641543388,0.0,-0.0,0.3601906543044627,0.0,0.07824767536480781,0.11122217758087771,0.05922050644830534,0.058061111803201726,266.0,5009.166850410722,5009.166850410722,0.05200167113257237,0.008221777820363428,0.007162344829398111,0.841746694925,0.3368001737794286,0.766963151725,0.2262075562930565,0.0,0.0,-0.0,-0.0,0.15660782407799223,0.2747051216089225,-0.0,0.0,-0.0,0.0
20,Zhejiang,2012,0.011024909408992478,-0.04522785310949917,0.016933209228096047,0.016521190368276706,0.07802374377519605,0.04620848153650314,79.0,101.0,4707.271974495218,4707.271974495218,-0.06216106233759522,0.0022585302400045743,0.006331808007776205,0.841746694925,0.766963151725,0.007626280827908341,0.3368001737794286,0.2262075562930565,-0.27653200485009816,0.0756167924904256,0.06311076158020731,31,0.162669609679673,-0.5851399104757836,0,0.3368001737794286,0.0,-0.0,-0.056177998790216496,-0.0,0.054787152808745694,-0.19707522353352322,-0.0,0.14694225641543388,0.0,-0.0,0.3601906543044627,0.0,0.011024909408992478,-0.04522785310949917,0.016933209228096047,0.016521190368276706,79.0,4707.271974495218,4707.271974495218,-0.06216106233759522,0.0022585302400045743,0.006331808007776205,0.841746694925,0.3368001737794286,0.766963151725,0.2262075562930565,0.3368001737794286,0.0,-0.0,-0.0,0.054787152808745694,-0.19707522353352322,-0.0,0.0,-0.0,0.0
20,Zhejiang,2013,0.04648128725418843,0.08405004860473309,0.05981163906317377,0.04968590329126776,0.08346556899193303,0.0637827376737885,290.0,314.0,4822.762762762763,4822.762762762763,0.024238409541559314,0.0076269022513326765,0.00633550990220444,0.841746694925,0.766963151725,0.007626280827908341,0.3368001737794286,0.2262075562930565,-0.27653200485009816,0.05332030642613454,0.09052161106014825,31,-0.3224668138662537,0.10346639789288713,0,0.3368001737794286,0.0,-0.0,-0.056177998790216496,-0.0,-0.10860687894825291,0.03484750079065589,-0.0,0.14694225641543388,0.0,-0.0,0.3601906543044627,0.0,0.04648128725418843,0.08405004860473309,0.05981163906317377,0.04968590329126776,290.0,4822.762762762763,4822.762762762763,0.024238409541559314,0.0076269022513326765,0.00633550990220444,0.841746694925,0.3368001737794286,0.766963151725,0.2262075562930565,0.3368001737794286,0.0,-0.0,-0.0,-0.10860687894825291,0.03484750079065589,-0.0,0.0,-0.0,0.0
20,Zhejiang,2014,-0.014890918318145374,-0.03858943924634861,0.14006654845658062,0.13468848767397468,0.06911193699896856,0.07516873479123731,751.0,934.0,4033.7278106508875,4033.7278106508875,-0.17865598770292923,0.018432115647069605,0.005688627031220372,0.841746694925,0.766963151725,0.007626280827908341,0.3368001737794286,0.2262075562930565,-0.27653200485009816,0.07238772123836522,0.05502636777100867,31,0.09241010447860744,-0.7882333819285628,0,0.3368001737794286,0.0,-0.0,-0.056177998790216496,-0.0,0.03112373924737014,-0.26547714001228667,-0.0,0.14694225641543388,0.0,-0.0,0.3601906543044627,0.0,-0.014890918318145374,-0.03858943924634861,0.14006654845658062,0.13468848767397468,751.0,4033.7278106508875,4033.7278106508875,-0.17865598770292923,0.018432115647069605,0.005688627031220372,0.841746694925,0.3368001737794286,0.766963151725,0.2262075562930565,0.3368001737794286,0.0,-0.0,-0.0,0.03112373924737014,-0.26547714001228667,-0.0,0.0,-0.0,0.0
20,Zhejiang,2015,0.03808938444048593,-0.046889254787719103,0.08103287300498607,0.09589873247225356,0.08191130979470529,0.05106222384702974,485.0,746.0,3549.365430909966,3549.365430909966,-0.12792212779270518,0.010967391795938673,0.005001152367599837,0.841746694925,0.766963151725,0.007626280827908341,0.3368001737794286,0.2262075562930565,-0.27653200485009816,0.07881055819591727,0.01369788281902884,31,0.23216092178769712,-1.826473932411288,0,0.3368001737794286,0.0,-0.0,-0.056177998790216496,-0.0,0.07819183880288873,-0.6151567378397181,-0.0,0.14694225641543388,0.0,-0.0,0.3601906543044627,0.0,0.03808938444048593,-0.046889254787719103,0.08103287300498607,0.09589873247225356,485.0,3549.365430909966,3549.365430909966,-0.12792212779270518,0.010967391795938673,0.005001152367599837,0.841746694925,0.3368001737794286,0.766963151725,0.2262075562930565,0.3368001737794286,0.0,-0.0,-0.0,0.07819183880288873,-0.6151567378397181,-0.0,0.0,-0.0,0.0
20,Zhejiang,2016,0.06019826541943196,0.07085571996647744,-0.027497054926472586,0.020984456097405513,0.08397247319382473,0.04575248531313392,-169.0,173.0,3916.199274166942,3916.199274166942,0.09835277489295002,-0.003513820260525446,0.004935981833424502,0.841746694925,0.766963151725,0.007626280827908341,0.3368001737794286,0.2262075562930565,-0.27653200485009816,0.05903759135568659,0.05014379919751098,31,-0.1980676975607446,-0.9108916571933824,1,0.3368001737794286,0.3368001737794286,-0.1667991977551877,-0.056177998790216496,-0.056177998790216496,-0.06670923495855009,-0.3067884684369629,-0.8809530165193121,0.14694225641543388,0.14694225641543388,-2.159426778737371,0.3601906543044627,0.3601906543044627,0.06019826541943196,0.07085571996647744,-0.027497054926472586,0.020984456097405513,-169.0,3916.199274166942,3916.199274166942,0.09835277489295002,-0.003513820260525446,0.004935981833424502,0.841746694925,0.3368001737794286,0.766963151725,0.2262075562930565,0.3368001737794286,0.3368001737794286,-0.1667991977551877,-0.056177998790216496,-0.06670923495855009,-0.3067884684369629,-0.8809530165193121,0.14694225641543388,-2.159426778737371,0.3601906543044627
20,Zhejiang,2017,0.04235431800840406,0.07312361492417807,0.011807287056448956,0.06595541388195336,0.09964471399123553,0.0748040981399658,72.0,568.0,4163.840886860125,4163.840886860125,0.061316327867729115,0.0013550339766300677,0.004806794832931744,0.841746694925,0.766963151725,0.007626280827908341,0.3368001737794286,0.2262075562930565,-0.27653200485009816,0.033173774099243235,0.0667308662369896,31,-0.7608236299016604,-0.49419683680565485,1,0.3368001737794286,0.3368001737794286,-0.1667991977551877,-0.056177998790216496,-0.056177998790216496,-0.2562455307663749,-0.16644558051738848,-0.8809530165193121,0.14694225641543388,0.14694225641543388,-2.159426778737371,0.3601906543044627,0.3601906543044627,0.04235431800840406,0.07312361492417807,0.011807287056448956,0.06595541388195336,72.0,4163.840886860125,4163.840886860125,0.061316327867729115,0.0013550339766300677,0.004806794832931744,0.841746694925,0.3368001737794286,0.766963151725,0.2262075562930565,0.3368001737794286,0.3368001737794286,-0.1667991977551877,-0.056177998790216496,-0.2562455307663749,-0.16644558051738848,-0.8809530165193121,0.14694225641543388,-2.159426778737371,0.3601906543044627
20,Zhejiang,2018,0.04598848132819455,0.011406449704123744,0.012152786690695194,0.0721716920174913,0.10996698154209916,0.08496135913773095,75.0,666.0,4160.734417780641,4160.734417780641,-0.0007463369865714498,0.0012645060125490589,0.004355633110425651,0.841746694925,0.766963151725,0.007626280827908341,0.3368001737794286,0.2262075562930565,-0.27653200485009816,0.03201785921534048,0.096922743210444,31,-0.785974517403983,0.26427352583763797,1,0.3368001737794286,0.3368001737794286,-0.1667991977551877,-0.056177998790216496,-0.056177998790216496,-0.26471635404786403,0.08900736942741878,-0.8809530165193121,0.14694225641543388,0.14694225641543388,-2.159426778737371,0.3601906543044627,0.3601906543044627,0.04598848132819455,0.011406449704123744,0.012152786690695194,0.0721716920174913,75.0,4160.734417780641,4160.734417780641,-0.0007463369865714498,0.0012645060125490589,0.004355633110425651,0.841746694925,0.3368001737794286,0.766963151725,0.2262075562930565,0.3368001737794286,0.3368001737794286,-0.1667991977551877,-0.056177998790216496,-0.26471635404786403,0.08900736942741878,-0.8809530165193121,0.14694225641543388,-2.159426778737371,0.3601906543044627
20,Zhejiang,2019,0.01280062991289821,-0.03505814149440312,0.0004830529036858877,0.02314870338707742,0.08590307264028496,0.05141324681064319,3.0,224.0,4015.45396007727,4015.45396007727,-0.035541194398089004,4.641663572224285e-05,0.003859388538185419,0.841746694925,0.766963151725,0.007626280827908341,0.3368001737794286,0.2262075562930565,-0.27653200485009816,0.0323398613545378,0.051984497690370696,31,-0.7789682579542254,-0.8646502375352481,1,0.3368001737794286,0.3368001737794286,-0.1667991977551877,-0.056177998790216496,-0.056177998790216496,-0.2623566446476419,-0.2912143502602958,-0.8809530165193121,0.14694225641543388,0.14694225641543388,-2.159426778737371,0.3601906543044627,0.3601906543044627,0.01280062991289821,-0.03505814149440312,0.0004830529036858877,0.02314870338707742,3.0,4015.45396007727,4015.45396007727,-0.035541194398089004,4.641663572224285e-05,0.003859388538185419,0.841746694925,0.3368001737794286,0.766963151725,0.2262075562930565,0.3368001737794286,0.3368001737794286,-0.1667991977551877,-0.056177998790216496,-0.2623566446476419,-0.2912143502602958,-0.8809530165193121,0.14694225641543388,-2.159426778737371,0.3601906543044627
20,Zhejiang,2020,-0.001980478791343998,-0.026897977193637068,0.023230957202169833,0.0354259110935331,0.038435189956400606,-0.00019151112545934268,146.0,353.0,3819.1255111670334,3819.1255111670334,-0.0501289343958069,0.0021737673920002383,0.0036153027268869715,0.841746694925,0.766963151725,0.007626280827908341,0.3368001737794286,0.2262075562930565,-0.27653200485009816,0.04438090693127943,0.037262753188721555,31,-0.5169740688245997,-1.2344850411390522,1,0.3368001737794286,0.3368001737794286,-0.1667991977551877,-0.056177998790216496,-0.056177998790216496,-0.17411695621958348,-0.4157747763837379,-0.8809530165193121,0.14694225641543388,0.14694225641543388,-2.159426778737371,0.3601906543044627,0.3601906543044627,-0.001980478791343998,-0.026897977193637068,0.023230957202169833,0.0354259110935331,146.0,3819.1255111670334,3819.1255111670334,-0.0501289343958069,0.0021737673920002383,0.0036153027268869715,0.841746694925,0.3368001737794286,0.766963151725,0.2262075562930565,0.3368001737794286,0.3368001737794286,-0.1667991977551877,-0.056177998790216496,-0.17411695621958348,-0.4157747763837379,-0.8809530165193121,0.14694225641543388,-2.159426778737371,0.3601906543044627
20,Zhejiang,2021,0.17884530544702226,0.2229623307105788,0.01622500491369472,0.06812481587688879,0.13360784192026287,0.16352806610802872,104.0,715.0,4696.224079232436,4696.224079232436,0.20673732579688409,0.001354778839714513,0.0039532186008477245,0.841746694925,0.766963151725,0.007626280827908341,0.3368001737794286,0.2262075562930565,-0.27653200485009816,0.037499334228858976,0.0910393120777722,31,-0.6667062535104331,0.1164719118900222,1,0.3368001737794286,0.3368001737794286,-0.1667991977551877,-0.056177998790216496,-0.056177998790216496,-0.22454678204214565,0.03922776016498178,-0.8809530165193121,0.14694225641543388,0.14694225641543388,-2.159426778737371,0.3601906543044627,0.3601906543044627,0.17884530544702226,0.2229623307105788,0.01622500491369472,0.06812481587688879,104.0,4696.224079232436,4696.224079232436,0.20673732579688409,0.001354778839714513,0.0039532186008477245,0.841746694925,0.3368001737794286,0.766963151725,0.2262075562930565,0.3368001737794286,0.3368001737794286,-0.1667991977551877,-0.056177998790216496,-0.22454678204214565,0.03922776016498178,-0.8809530165193121,0.14694225641543388,-2.159426778737371,0.3601906543044627
20,Zhejiang,2022,0.029717238281362413,0.006634286025275493,0.011080445776572745,0.08303522860999024,0.05085293340013308,0.04678650416429164,72.0,940.0,4675.390266299358,4675.390266299358,-0.004446159751297252,0.0008914200817135075,0.003782221121703603,0.841746694925,0.766963151725,0.007626280827908341,0.3368001737794286,0.2262075562930565,-0.27653200485009816,0.030562387673295114,0.03176275653557354,31,-0.8176432860361678,-1.3726541407189772,1,0.3368001737794286,0.3368001737794286,-0.1667991977551877,-0.056177998790216496,-0.056177998790216496,-0.27538240082656434,-0.4623101531332038,-0.8809530165193121,0.14694225641543388,0.14694225641543388,-2.159426778737371,0.3601906543044627,0.3601906543044627,0.029717238281362413,0.006634286025275493,0.011080445776572745,0.08303522860999024,72.0,4675.390266299358,4675.390266299358,-0.004446159751297252,0.0008914200817135075,0.003782221121703603,0.841746694925,0.3368001737794286,0.766963151725,0.2262075562930565,0.3368001737794286,0.3368001737794286,-0.1667991977551877,-0.056177998790216496,-0.27538240082656434,-0.4623101531332038,-0.8809530165193121,0.14694225641543388,-2.159426778737371,0.3601906543044627
20,Zhejiang,2023,0.05170778390951014,0.04399480127006594,0.039020556559513864,0.10017629463880162,0.058308642805167565,0.021451541893823034,260.0,1243.0,4698.704739476008,4698.704739476008,0.004974244710552078,0.0030366877902562547,0.003728468628013478,0.841746694925,0.766963151725,0.007626280827908341,0.3368001737794286,0.2262075562930565,-0.27653200485009816,0.034067135169903805,0.07133473617818979,31,-0.7413854998974198,-0.3785399365428838,1,0.3368001737794286,0.3368001737794286,-0.1667991977551877,-0.056177998790216496,-0.056177998790216496,-0.24969876520299952,-0.12749231641009715,-0.8809530165193121,0.14694225641543388,0.14694225641543388,-2.159426778737371,0.3601906543044627,0.3601906543044627,0.05170778390951014,0.04399480127006594,0.039020556559513864,0.10017629463880162,260.0,4698.704739476008,4698.704739476008,0.004974244710552078,0.0030366877902562547,0.003728468628013478,0.841746694925,0.3368001737794286,0.766963151725,0.2262075562930565,0.3368001737794286,0.3368001737794286,-0.1667991977551877,-0.056177998790216496,-0.24969876520299952,-0.12749231641009715,-0.8809530165193121,0.14694225641543388,-2.159426778737371,0.3601906543044627
21,Hainan,2000,,,,,,,,,2208.5741811175335,2208.5741811175335,,,0.005171052631578947,0.892605869325,0.788598420125,0.006682643792263079,0.5432858594853692,0.3188037308767224,-0.39677745598463937,,,0,,,0,0.0,0.0,0.0,0.21429934249127786,0.0,,,-0.0,-0.24388191358938982,-0.0,-0.0,-0.38013972147048075,-0.0,,,,,,2208.5741811175335,2208.5741811175335,,,0.005171052631578947,0.892605869325,0.5432858594853692,0.788598420125,0.3188037308767224,0.0,0.0,0.0,0.0,,,-0.0,-0.0,-0.0,-0.0
21,Hainan,2001,0.11684362741444776,0.039206732125535826,0.09563125863193456,0.06813279089911806,0.09548102987027551,0.25195524855275586,12.5,12.629999999999995,2087.4069750474246,2087.4069750474246,-0.05642452650639873,0.021356569645593196,0.004888091660483371,0.892605869325,0.788598420125,0.006682643792263079,0.5432858594853692,0.3188037308767224,-0.39677745598463937,0.06028087511627794,0.10333775942244862,31,-0.17101580089295476,0.42542944459551196,0,0.0,0.0,0.0,0.21429934249127786,0.0,-0.0929104663737077,0.23112980145745599,-0.0,-0.24388191358938982,-0.0,-0.0,-0.38013972147048075,-0.0,0.11684362741444776,0.039206732125535826,0.09563125863193456,0.06813279089911806,12.5,2087.4069750474246,2087.4069750474246,-0.05642452650639873,0.021356569645593196,0.004888091660483371,0.892605869325,0.5432858594853692,0.788598420125,0.3188037308767224,0.0,0.0,0.0,0.0,-0.0929104663737077,0.23112980145745599,-0.0,-0.0,-0.0,-0.0
21,Hainan,2002,0.1325340852714907,0.23998795193687883,-0.11304272007025595,-0.07423634597847517,0.10484784367776268,0.10692872483666527,-14.650000000000006,-13.719999999999999,2971.162486724941,2971.162486724941,0.3530306720071348,-0.02253846153846155,0.005595384615384616,0.892605869325,0.788598420125,0.006682643792263079,0.5432858594853692,0.3188037308767224,-0.39677745598463937,0.03622957213462816,0.07192239437819348,31,-0.6943342770192986,-0.36377698131293934,0,0.0,0.0,0.0,0.21429934249127786,0.0,-0.3772219944605821,-0.19763488995359335,-0.0,-0.24388191358938982,-0.0,-0.0,-0.38013972147048075,-0.0,0.1325340852714907,0.23998795193687883,-0.11304272007025595,-0.07423634597847517,-14.650000000000006,2971.162486724941,2971.162486724941,0.3530306720071348,-0.02253846153846155,0.005595384615384616,0.892605869325,0.5432858594853692,0.788598420125,0.3188037308767224,0.0,0.0,0.0,0.0,-0.3772219944605821,-0.19763488995359335,-0.0,-0.0,-0.0,-0.0
21,Hainan,2003,0.156343444585064,0.21845841114703757,,-0.011751547667135043,0.10588342814602658,0.16607211272028266,,-2.079999999999984,,,,,0.006262109223972025,0.892605869325,0.788598420125,0.006682643792263079,0.5432858594853692,0.3188037308767224,-0.39677745598463937,,0.174536334595533,0,,2.2140565371971155,0,0.0,0.0,0.0,0.21429934249127786,0.0,,1.2028656087603353,-0.0,-0.24388191358938982,-0.0,-0.0,-0.38013972147048075,-0.0,0.156343444585064,0.21845841114703757,,-0.011751547667135043,,,,,,0.006262109223972025,0.892605869325,0.5432858594853692,0.788598420125,0.3188037308767224,0.0,0.0,0.0,0.0,,1.2028656087603353,-0.0,-0.0,-0.0,-0.0
21,Hainan,2004,0.11453489193386757,0.22874111534905017,,0.20982497187015792,0.1179982875808614,0.12696842872648606,,41.079999999999984,3556.1112847764925,3556.1112847764925,,,0.006995449686273514,0.892605869325,0.788598420125,0.006682643792263079,0.5432858594853692,0.3188037308767224,-0.39677745598463937,,0.13859497572773094,0,,1.3111495891354643,0,0.0,0.0,0.0,0.21429934249127786,0.0,,0.7123290314473495,-0.0,-0.24388191358938982,-0.0,-0.0,-0.38013972147048075,-0.0,0.11453489193386757,0.22874111534905017,,0.20982497187015792,,3556.1112847764925,3556.1112847764925,,,0.006995449686273514,0.892605869325,0.5432858594853692,0.788598420125,0.3188037308767224,0.0,0.0,0.0,0.0,,0.7123290314473495,-0.0,-0.0,-0.0,-0.0
21,Hainan,2005,0.2239347146698436,0.24209089997194577,,-0.025951236983427606,0.09719791295466518,0.14089395143709282,,-5.560000000000002,,,,,0.008086151279681984,0.892605869325,0.788598420125,0.006682643792263079,0.5432858594853692,0.3188037308767224,-0.39677745598463937,,0.1204312655274813,1,,0.8548468599396662,0,0.0,0.0,0.0,0.21429934249127786,0.0,,0.46442621103069065,-0.0,-0.24388191358938982,-0.0,-0.0,-0.38013972147048075,-0.0,0.2239347146698436,0.24209089997194577,,-0.025951236983427606,,,,,,0.008086151279681984,0.892605869325,0.5432858594853692,0.788598420125,0.3188037308767224,0.0,0.0,0.0,0.0,,0.46442621103069065,-0.0,-0.0,-0.0,-0.0
21,Hainan,2006,0.1654711315167976,0.160557304865105,,0.19882915355436825,0.14921242050561379,0.23817366901339998,,46.52000000000001,4292.63370332997,4292.63370332997,,,0.00817841007401711,0.892605869325,0.788598420125,0.006682643792263079,0.5432858594853692,0.3188037308767224,-0.39677745598463937,,0.1288484193955256,1,,1.0662998196987796,0,0.0,0.0,0.0,0.21429934249127786,0.0,,0.5793056140141457,-0.0,-0.24388191358938982,-0.0,-0.0,-0.38013972147048075,-0.0,0.1654711315167976,0.160557304865105,,0.19882915355436825,,4292.63370332997,4292.63370332997,,,0.00817841007401711,0.892605869325,0.5432858594853692,0.788598420125,0.3188037308767224,0.0,0.0,0.0,0.0,,0.5793056140141457,-0.0,-0.0,-0.0,-0.0
21,Hainan,2007,0.16886091306228446,0.17754996516575394,0.19136230144610344,0.15746743245325234,0.18587191315968887,0.19476094921870235,41.80000000000001,44.0,4233.75,4233.75,-0.013812336280349502,0.03336526181353769,0.008110632183908046,0.892605869325,0.788598420125,0.006682643792263079,0.5432858594853692,0.3188037308767224,-0.39677745598463937,0.07460781837107273,0.1340029619229762,31,0.1407159218069819,1.1957905348170592,0,0.0,0.0,0.0,0.21429934249127786,0.0,0.07644897052218216,0.6496560884725554,-0.0,-0.24388191358938982,-0.0,-0.0,-0.38013972147048075,-0.0,0.16886091306228446,0.17754996516575394,0.19136230144610344,0.15746743245325234,41.80000000000001,4233.75,4233.75,-0.013812336280349502,0.03336526181353769,0.008110632183908046,0.892605869325,0.5432858594853692,0.788598420125,0.3188037308767224,0.0,0.0,0.0,0.0,0.07644897052218216,0.6496560884725554,-0.0,-0.0,-0.0,-0.0
21,Hainan,2008,0.05052222554779329,0.04418215331004838,-0.012578782206859707,-0.07921523555350429,0.1814165070875413,0.1523346412269424,-3.0,-23.0,4481.012658227848,4481.012658227848,0.056760935516908084,-0.0019973368841544607,0.007070572569906791,0.892605869325,0.788598420125,0.006682643792263079,0.5432858594853692,0.3188037308767224,-0.39677745598463937,0.23086049090782326,0.08538316258007597,31,3.540528004544794,-0.02562000788211561,0,0.0,0.0,0.0,0.21429934249127786,0.0,1.9235187999811376,-0.013918988002257113,-0.0,-0.24388191358938982,-0.0,-0.0,-0.38013972147048075,-0.0,0.05052222554779329,0.04418215331004838,-0.012578782206859707,-0.07921523555350429,-3.0,4481.012658227848,4481.012658227848,0.056760935516908084,-0.0019973368841544607,0.007070572569906791,0.892605869325,0.5432858594853692,0.788598420125,0.3188037308767224,0.0,0.0,0.0,0.0,1.9235187999811376,-0.013918988002257113,-0.0,-0.0,-0.0,-0.0
21,Hainan,2009,0.054698931854573196,0.05757883601722247,0.26528113576261436,0.32203155246641924,0.09531017980432477,0.0468724377646188,72.0,106.0,3640.5936569579285,3640.5936569579285,-0.2077022997453919,0.043578259290642775,0.006808760682726062,0.892605869325,0.788598420125,0.006682643792263079,0.5432858594853692,0.3188037308767224,-0.39677745598463937,0.10001935023920526,0.053951541707971624,31,0.6936308363716208,-0.8152348073294063,0,0.0,0.0,0.0,0.21429934249127786,0.0,0.3768398251037115,-0.4429055429823459,-0.0,-0.24388191358938982,-0.0,-0.0,-0.38013972147048075,-0.0,0.054698931854573196,0.05757883601722247,0.26528113576261436,0.32203155246641924,72.0,3640.5936569579285,3640.5936569579285,-0.2077022997453919,0.043578259290642775,0.006808760682726062,0.892605869325,0.5432858594853692,0.788598420125,0.3188037308767224,0.0,0.0,0.0,0.0,0.3768398251037115,-0.4429055429823459,-0.0,-0.0,-0.0,-0.0
21,Hainan,2010,0.17962638422846755,0.19994818648679802,-0.03960913809504607,0.018018505502677584,0.2272267181753902,0.20088090169607664,-12.0,7.0,4626.0532996633,4626.0532996633,0.2395573245818441,-0.005786757968847953,0.0066255380720451375,0.892605869325,0.788598420125,0.006682643792263079,0.5432858594853692,0.3188037308767224,-0.39677745598463937,0.11994848128667408,0.13785180451035353,31,1.1272573429372206,1.2924798872402858,0,0.0,0.0,0.0,0.21429934249127786,0.0,0.6124229744188415,0.7021860464068918,-0.0,-0.24388191358938982,-0.0,-0.0,-0.38013972147048075,-0.0,0.17962638422846755,0.19994818648679802,-0.03960913809504607,0.018018505502677584,-12.0,4626.0532996633,4626.0532996633,0.2395573245818441,-0.005786757968847953,0.0066255380720451375,0.892605869325,0.5432858594853692,0.788598420125,0.3188037308767224,0.0,0.0,0.0,0.0,0.6124229744188415,0.7021860464068918,-0.0,-0.0,-0.0,-0.0
21,Hainan,2011,0.12455800154637364,0.13470117051658903,0.058840500022933284,0.07611033925581534,0.19694625418423684,0.2389841517138409,18.0,31.0,4990.642984126984,4990.642984126984,0.07586067049365575,0.007128430274902765,0.006225703844374327,0.892605869325,0.788598420125,0.006682643792263079,0.5432858594853692,0.3188037308767224,-0.39677745598463937,0.08951107708331604,0.11887028262747688,31,0.46498736126114687,0.8156323630308685,0,0.0,0.0,0.0,0.21429934249127786,0.0,0.25262105821259606,0.44312152937330807,-0.0,-0.24388191358938982,-0.0,-0.0,-0.38013972147048075,-0.0,0.12455800154637364,0.13470117051658903,0.058840500022933284,0.07611033925581534,18.0,4990.642984126984,4990.642984126984,0.07586067049365575,0.007128430274902765,0.006225703844374327,0.892605869325,0.5432858594853692,0.788598420125,0.3188037308767224,0.0,0.0,0.0,0.0,0.25262105821259606,0.44312152937330807,-0.0,-0.0,-0.0,-0.0
21,Hainan,2012,0.1382697296605624,0.13124952332994155,0.20843270079764054,0.17122794064545133,0.12579890395507576,0.10711678424969406,73.0,79.0,4619.939355670103,4619.939355670103,-0.07718317746769898,0.025492386314695265,0.00625973043512605,0.892605869325,0.788598420125,0.006682643792263079,0.5432858594853692,0.3188037308767224,-0.39677745598463937,0.0756167924904256,0.06311076158020731,31,0.162669609679673,-0.5851399104757836,0,0.5432858594853692,0.0,0.0,0.21429934249127786,0.0,0.08837609870697069,-0.3178982391820281,-0.0,-0.24388191358938982,-0.0,-0.0,-0.38013972147048075,-0.0,0.1382697296605624,0.13124952332994155,0.20843270079764054,0.17122794064545133,73.0,4619.939355670103,4619.939355670103,-0.07718317746769898,0.025492386314695265,0.00625973043512605,0.892605869325,0.5432858594853692,0.788598420125,0.3188037308767224,0.5432858594853692,0.0,0.0,0.0,0.08837609870697069,-0.3178982391820281,-0.0,-0.0,-0.0,-0.0
21,Hainan,2013,0.1532706294234596,0.11206229565622294,-0.034079313652862986,-0.010010093595099967,0.11166474291346429,0.0049396134426125116,-13.0,-5.0,5346.9333333333325,5346.9333333333325,0.14614160930908593,-0.004060089448767589,0.006262219502864533,0.892605869325,0.788598420125,0.006682643792263079,0.5432858594853692,0.3188037308767224,-0.39677745598463937,0.05332030642613454,0.09052161106014825,31,-0.3224668138662537,0.10346639789288713,0,0.5432858594853692,0.0,0.0,0.21429934249127786,0.0,-0.1751916601268362,0.05621183090709238,-0.0,-0.24388191358938982,-0.0,-0.0,-0.38013972147048075,-0.0,0.1532706294234596,0.11206229565622294,-0.034079313652862986,-0.010010093595099967,-13.0,5346.9333333333325,5346.9333333333325,0.14614160930908593,-0.004060089448767589,0.006262219502864533,0.892605869325,0.5432858594853692,0.788598420125,0.3188037308767224,0.5432858594853692,0.0,0.0,0.0,-0.1751916601268362,0.05621183090709238,-0.0,-0.0,-0.0,-0.0
21,Hainan,2014,0.05508802803717394,0.06520534778424247,0.0026631174194839957,0.013986241974739855,0.10072130038032157,0.09592740352053575,1.0,7.0,5692.021276595745,5692.021276595745,0.06254223036475848,0.0002823901502315599,0.006043713995255846,0.892605869325,0.788598420125,0.006682643792263079,0.5432858594853692,0.3188037308767224,-0.39677745598463937,0.07238772123836522,0.05502636777100867,31,0.09241010447860744,-0.7882333819285628,0,0.5432858594853692,0.0,0.0,0.21429934249127786,0.0,0.05020510303679301,-0.42823605037611856,-0.0,-0.24388191358938982,-0.0,-0.0,-0.38013972147048075,-0.0,0.05508802803717394,0.06520534778424247,0.0026631174194839957,0.013986241974739855,1.0,5692.021276595745,5692.021276595745,0.06254223036475848,0.0002823901502315599,0.006043713995255846,0.892605869325,0.5432858594853692,0.788598420125,0.3188037308767224,0.5432858594853692,0.0,0.0,0.0,0.05020510303679301,-0.42823605037611856,-0.0,-0.0,-0.0,-0.0
21,Hainan,2015,0.06502501758360646,0.06424893267317255,0.20380889960675397,0.23104873082132293,0.06597238761039748,0.06601204929908011,85.0,131.0,4950.583514099783,4950.583514099783,-0.13955996693358141,0.02247072197107886,0.006033306897189838,0.892605869325,0.788598420125,0.006682643792263079,0.5432858594853692,0.3188037308767224,-0.39677745598463937,0.07881055819591727,0.01369788281902884,31,0.23216092178769712,-1.826473932411288,0,0.5432858594853692,0.0,0.0,0.21429934249127786,0.0,0.1261297459323446,-0.9922974601976887,-0.0,-0.24388191358938982,-0.0,-0.0,-0.38013972147048075,-0.0,0.06502501758360646,0.06424893267317255,0.20380889960675397,0.23104873082132293,85.0,4950.583514099783,4950.583514099783,-0.13955996693358141,0.02247072197107886,0.006033306897189838,0.892605869325,0.5432858594853692,0.788598420125,0.3188037308767224,0.5432858594853692,0.0,0.0,0.0,0.1261297459323446,-0.9922974601976887,-0.0,-0.0,-0.0,-0.0
21,Hainan,2016,0.09760451117758828,-0.15937223152012292,0.006486509229606696,0.159759219486868,0.09291122870574853,0.02361739383201744,3.0,110.0,4193.9655172413795,4193.9655172413795,-0.16585874074972962,0.0007227174174897615,0.004688026981450253,0.892605869325,0.788598420125,0.006682643792263079,0.5432858594853692,0.3188037308767224,-0.39677745598463937,0.05903759135568659,0.05014379919751098,31,-0.1980676975607446,-0.9108916571933824,1,0.5432858594853692,0.5432858594853692,0.3944504329530575,0.21429934249127786,0.21429934249127786,-0.1076073793055773,-0.49487455687635906,-0.6182827884445841,-0.24388191358938982,-0.24388191358938982,-0.963719873811674,-0.38013972147048075,-0.38013972147048075,0.09760451117758828,-0.15937223152012292,0.006486509229606696,0.159759219486868,3.0,4193.9655172413795,4193.9655172413795,-0.16585874074972962,0.0007227174174897615,0.004688026981450253,0.892605869325,0.5432858594853692,0.788598420125,0.3188037308767224,0.5432858594853692,0.5432858594853692,0.3944504329530575,0.21429934249127786,-0.1076073793055773,-0.49487455687635906,-0.6182827884445841,-0.24388191358938982,-0.963719873811674,-0.38013972147048075
21,Hainan,2017,0.0582826328083228,0.0,0.002152853361100604,0.05357257404964688,0.09241510153599464,0.09731944306810902,1.0,41.0,4184.94623655914,4184.94623655914,-0.002152853361100604,0.00021964023412858252,0.004274198956142216,0.892605869325,0.788598420125,0.006682643792263079,0.5432858594853692,0.3188037308767224,-0.39677745598463937,0.033173774099243235,0.0667308662369896,31,-0.7608236299016604,-0.49419683680565485,1,0.5432858594853692,0.5432858594853692,0.3944504329530575,0.21429934249127786,0.21429934249127786,-0.41334471968790204,-0.26849015323891096,-0.6182827884445841,-0.24388191358938982,-0.24388191358938982,-0.963719873811674,-0.38013972147048075,-0.38013972147048075,0.0582826328083228,0.0,0.002152853361100604,0.05357257404964688,1.0,4184.94623655914,4184.94623655914,-0.002152853361100604,0.00021964023412858252,0.004274198956142216,0.892605869325,0.5432858594853692,0.788598420125,0.3188037308767224,0.5432858594853692,0.5432858594853692,0.3944504329530575,0.21429934249127786,-0.41334471968790204,-0.26849015323891096,-0.6182827884445841,-0.24388191358938982,-0.963719873811674,-0.38013972147048075
21,Hainan,2018,0.06351340572232589,0.0775889129567493,0.0,0.1563293299264803,0.09451322919107419,0.05534467092626638,0.0,133.0,4522.580645161291,4522.580645161291,0.0775889129567493,0.0,0.004202469757305073,0.892605869325,0.788598420125,0.006682643792263079,0.5432858594853692,0.3188037308767224,-0.39677745598463937,0.03201785921534048,0.096922743210444,31,-0.785974517403983,0.26427352583763797,1,0.5432858594853692,0.5432858594853692,0.3944504329530575,0.21429934249127786,0.21429934249127786,-0.42700884122142124,0.14357606962393007,-0.6182827884445841,-0.24388191358938982,-0.24388191358938982,-0.963719873811674,-0.38013972147048075,-0.38013972147048075,0.06351340572232589,0.0775889129567493,0.0,0.1563293299264803,0.0,4522.580645161291,4522.580645161291,0.0775889129567493,0.0,0.004202469757305073,0.892605869325,0.5432858594853692,0.788598420125,0.3188037308767224,0.5432858594853692,0.5432858594853692,0.3944504329530575,0.21429934249127786,-0.42700884122142124,0.14357606962393007,-0.6182827884445841,-0.24388191358938982,-0.963719873811674,-0.38013972147048075
21,Hainan,2019,0.06261359272798694,-0.0023803867464571304,0.0,-0.0010887317351961912,0.08388743436672108,0.039563963002371416,0.0,-1.0,4511.8279569892475,4511.8279569892475,-0.0023803867464571304,0.0,0.003855129382864531,0.892605869325,0.788598420125,0.006682643792263079,0.5432858594853692,0.3188037308767224,-0.39677745598463937,0.0323398613545378,0.051984497690370696,31,-0.7789682579542254,-0.8646502375352481,1,0.5432858594853692,0.5432858594853692,0.3944504329530575,0.21429934249127786,0.21429934249127786,-0.42320243953448217,-0.4697522474535659,-0.6182827884445841,-0.24388191358938982,-0.24388191358938982,-0.963719873811674,-0.38013972147048075,-0.38013972147048075,0.06261359272798694,-0.0023803867464571304,0.0,-0.0010887317351961912,0.0,4511.8279569892475,4511.8279569892475,-0.0023803867464571304,0.0,0.003855129382864531,0.892605869325,0.5432858594853692,0.788598420125,0.3188037308767224,0.5432858594853692,0.5432858594853692,0.3944504329530575,0.21429934249127786,-0.42320243953448217,-0.4697522474535659,-0.6182827884445841,-0.24388191358938982,-0.963719873811674,-0.38013972147048075
21,Hainan,2020,0.0,-0.007655539781328269,0.16058157015754926,0.08455738802806323,0.0358608298020382,-0.019353659094202058,81.0,81.0,3813.186813186813,3813.186813186813,-0.16823710993887753,0.014359665804838528,0.0036909659513177547,0.892605869325,0.788598420125,0.006682643792263079,0.5432858594853692,0.3188037308767224,-0.39677745598463937,0.04438090693127943,0.037262753188721555,31,-0.5169740688245997,-1.2344850411390522,1,0.5432858594853692,0.5432858594853692,0.3944504329530575,0.21429934249127786,0.21429934249127786,-0.2808647013130211,-0.6706782665970614,-0.6182827884445841,-0.24388191358938982,-0.24388191358938982,-0.963719873811674,-0.38013972147048075,-0.38013972147048075,0.0,-0.007655539781328269,0.16058157015754926,0.08455738802806323,81.0,3813.186813186813,3813.186813186813,-0.16823710993887753,0.014359665804838528,0.0036909659513177547,0.892605869325,0.5432858594853692,0.788598420125,0.3188037308767224,0.5432858594853692,0.5432858594853692,0.3944504329530575,0.21429934249127786,-0.2808647013130211,-0.6706782665970614,-0.6182827884445841,-0.24388191358938982,-0.963719873811674,-0.38013972147048075
21,Hainan,2021,0.12285684727919577,0.16561212334626507,0.09097177820572622,0.055488685617652855,0.14314459179886008,0.13758282458176385,52.0,57.0,4108.695652173913,4108.695652173913,0.07464034514053886,0.00798906125442181,0.0037748314427143055,0.892605869325,0.788598420125,0.006682643792263079,0.5432858594853692,0.3188037308767224,-0.39677745598463937,0.037499334228858976,0.0910393120777722,31,-0.6667062535104331,0.1164719118900222,1,0.5432858594853692,0.5432858594853692,0.3944504329530575,0.21429934249127786,0.21429934249127786,-0.3622120799626861,0.06327754275707491,-0.6182827884445841,-0.24388191358938982,-0.24388191358938982,-0.963719873811674,-0.38013972147048075,-0.38013972147048075,0.12285684727919577,0.16561212334626507,0.09097177820572622,0.055488685617652855,52.0,4108.695652173913,4108.695652173913,0.07464034514053886,0.00798906125442181,0.0037748314427143055,0.892605869325,0.5432858594853692,0.788598420125,0.3188037308767224,0.5432858594853692,0.5432858594853692,0.3944504329530575,0.21429934249127786,-0.3622120799626861,0.06327754275707491,-0.6182827884445841,-0.24388191358938982,-0.963719873811674,-0.38013972147048075
21,Hainan,2022,0.03634299632694349,-0.002037075465077365,0.22648245257972466,0.21324624935801495,0.06020428084762486,0.03842190632843678,152.0,251.0,3269.333333333333,3269.333333333333,-0.22851952804480202,0.021988196446828968,0.003547043268922673,0.892605869325,0.788598420125,0.006682643792263079,0.5432858594853692,0.3188037308767224,-0.39677745598463937,0.030562387673295114,0.03176275653557354,31,-0.8176432860361678,-1.3726541407189772,1,0.5432858594853692,0.5432858594853692,0.3944504329530575,0.21429934249127786,0.21429934249127786,-0.444214035406601,-0.7457435846166605,-0.6182827884445841,-0.24388191358938982,-0.24388191358938982,-0.963719873811674,-0.38013972147048075,-0.38013972147048075,0.03634299632694349,-0.002037075465077365,0.22648245257972466,0.21324624935801495,152.0,3269.333333333333,3269.333333333333,-0.22851952804480202,0.021988196446828968,0.003547043268922673,0.892605869325,0.5432858594853692,0.788598420125,0.3188037308767224,0.5432858594853692,0.5432858594853692,0.3944504329530575,0.21429934249127786,-0.444214035406601,-0.7457435846166605,-0.6182827884445841,-0.24388191358938982,-0.963719873811674,-0.38013972147048075
21,Hainan,2023,0.16583865318544966,0.22151089789032463,0.12751332029895934,0.22635186511960814,0.09348323125805535,0.0909446336132671,102.0,332.0,3591.549295774648,3591.549295774648,0.09399757759136529,0.013438380716229329,0.004031514214868799,0.892605869325,0.788598420125,0.006682643792263079,0.5432858594853692,0.3188037308767224,-0.39677745598463937,0.034067135169903805,0.07133473617818979,31,-0.7413854998974198,-0.3785399365428838,1,0.5432858594853692,0.5432858594853692,0.3944504329530575,0.21429934249127786,0.21429934249127786,-0.4027842585217598,-0.20565539477423775,-0.6182827884445841,-0.24388191358938982,-0.24388191358938982,-0.963719873811674,-0.38013972147048075,-0.38013972147048075,0.16583865318544966,0.22151089789032463,0.12751332029895934,0.22635186511960814,102.0,3591.549295774648,3591.549295774648,0.09399757759136529,0.013438380716229329,0.004031514214868799,0.892605869325,0.5432858594853692,0.788598420125,0.3188037308767224,0.5432858594853692,0.5432858594853692,0.3944504329530575,0.21429934249127786,-0.4027842585217598,-0.20565539477423775,-0.6182827884445841,-0.24388191358938982,-0.963719873811674,-0.38013972147048075
22,Hubei,2000,,,,,,,,,3295.641140468727,3295.641140468727,,,0.007405657947270586,0.357424003325,0.350544790425,0.004538141585124822,-1.6295255532456017,-1.5560096350951829,-0.6700463354537768,,,0,,,0,-0.0,-0.0,-0.0,1.3747849320635555,0.0,,,-0.0,0.6716537215875494,0.0,0.0,-0.3618297517847336,-0.0,,,,,,3295.641140468727,3295.641140468727,,,0.007405657947270586,0.357424003325,-1.6295255532456017,0.350544790425,-1.5560096350951829,-0.0,-0.0,-0.0,0.0,,,-0.0,0.0,0.0,-0.0
22,Hubei,2001,0.06721983841052026,0.19781509701642364,0.004777839953712615,0.006175750852198902,0.09183798204683669,0.09099908829817327,3.8500000000000227,9.3599999999999,3997.3753605784104,3997.3753605784104,0.19303725706271102,0.000981767180925672,0.008233584087721534,0.357424003325,0.350544790425,0.004538141585124822,-1.6295255532456017,-1.5560096350951829,-0.6700463354537768,0.06028087511627794,0.10333775942244862,31,-0.17101580089295476,0.42542944459551196,0,-0.0,-0.0,-0.0,1.3747849320635555,0.0,0.2786746175638318,-0.6932481510714706,-0.0,0.6716537215875494,0.0,0.0,-0.3618297517847336,-0.0,0.06721983841052026,0.19781509701642364,0.004777839953712615,0.006175750852198902,3.8500000000000227,3997.3753605784104,3997.3753605784104,0.19303725706271102,0.000981767180925672,0.008233584087721534,0.357424003325,-1.6295255532456017,0.350544790425,-1.5560096350951829,-0.0,-0.0,-0.0,0.0,0.2786746175638318,-0.6932481510714706,-0.0,0.0,0.0,-0.0
22,Hubei,2002,0.01422938409668717,0.03380037377904266,0.008690293888671263,0.01039119955068557,0.08349890411249028,0.08258348258108228,7.0499999999999545,15.88000000000011,4099.020594516312,4099.020594516312,0.025110079890371395,0.0016537649542575543,0.007834388927984989,0.357424003325,0.350544790425,0.004538141585124822,-1.6295255532456017,-1.5560096350951829,-0.6700463354537768,0.03622957213462816,0.07192239437819348,31,-0.6943342770192986,-0.36377698131293934,0,-0.0,-0.0,-0.0,1.3747849320635555,0.0,1.1314354468972574,0.5927838867319823,-0.0,0.6716537215875494,0.0,0.0,-0.3618297517847336,-0.0,0.01422938409668717,0.03380037377904266,0.008690293888671263,0.01039119955068557,7.0499999999999545,4099.020594516312,4099.020594516312,0.025110079890371395,0.0016537649542575543,0.007834388927984989,0.357424003325,-1.6295255532456017,0.350544790425,-1.5560096350951829,-0.0,-0.0,-0.0,0.0,1.1314354468972574,0.5927838867319823,-0.0,0.0,0.0,-0.0
22,Hubei,2003,0.25206335139565095,0.12291320900914515,,0.24927408999785428,0.1225517551233768,0.1345136605694135,,434.8799999999999,,,,,0.007837221210144485,0.357424003325,0.350544790425,0.004538141585124822,-1.6295255532456017,-1.5560096350951829,-0.6700463354537768,,0.174536334595533,0,,2.2140565371971155,0,-0.0,-0.0,-0.0,1.3747849320635555,0.0,,-3.6078617036931706,-0.0,0.6716537215875494,0.0,0.0,-0.3618297517847336,-0.0,0.25206335139565095,0.12291320900914515,,0.24927408999785428,,,,,,0.007837221210144485,0.357424003325,-1.6295255532456017,0.350544790425,-1.5560096350951829,-0.0,-0.0,-0.0,0.0,,-3.6078617036931706,-0.0,0.0,0.0,-0.0
22,Hubei,2004,0.3402412861334607,0.09068737801474702,,0.22258633260261806,0.15366444770440957,0.1535936910698945,,491.3900000000001,4348.479909141577,4348.479909141577,,,0.007358876446509238,0.357424003325,0.350544790425,0.004538141585124822,-1.6295255532456017,-1.5560096350951829,-0.6700463354537768,,0.13859497572773094,0,,1.3111495891354643,0,-0.0,-0.0,-0.0,1.3747849320635555,0.0,,-2.136551759623711,-0.0,0.6716537215875494,0.0,0.0,-0.3618297517847336,-0.0,0.3402412861334607,0.09068737801474702,,0.22258633260261806,,4348.479909141577,4348.479909141577,,,0.007358876446509238,0.357424003325,-1.6295255532456017,0.350544790425,-1.5560096350951829,-0.0,-0.0,-0.0,0.0,,-2.136551759623711,-0.0,0.0,0.0,-0.0
22,Hubei,2005,0.1621176709998462,0.0795756766149256,,0.10735978282663439,0.15309245560519535,0.19347530829207127,,279.0799999999999,,,,,0.0068372833751918945,0.357424003325,0.350544790425,0.004538141585124822,-1.6295255532456017,-1.5560096350951829,-0.6700463354537768,,0.1204312655274813,1,,0.8548468599396662,0,-0.0,-0.0,-0.0,1.3747849320635555,0.0,,-1.39299480238345,-0.0,0.6716537215875494,0.0,0.0,-0.3618297517847336,-0.0,0.1621176709998462,0.0795756766149256,,0.10735978282663439,,,,,,0.0068372833751918945,0.357424003325,-1.6295255532456017,0.350544790425,-1.5560096350951829,-0.0,-0.0,-0.0,0.0,,-1.39299480238345,-0.0,0.0,0.0,-0.0
22,Hubei,2006,0.01299474855727567,0.20181716228895574,,0.08823136649641761,0.1536838026671905,0.17023880073068653,,252.8800000000001,4713.843241848061,4713.843241848061,,,0.007174433795371461,0.357424003325,0.350544790425,0.004538141585124822,-1.6295255532456017,-1.5560096350951829,-0.6700463354537768,,0.1288484193955256,1,,1.0662998196987796,0,-0.0,-0.0,-0.0,1.3747849320635555,0.0,,-1.7375628036203392,-0.0,0.6716537215875494,0.0,0.0,-0.3618297517847336,-0.0,0.01299474855727567,0.20181716228895574,,0.08823136649641761,,4713.843241848061,4713.843241848061,,,0.007174433795371461,0.357424003325,-1.6295255532456017,0.350544790425,-1.5560096350951829,-0.0,-0.0,-0.0,0.0,,-1.7375628036203392,-0.0,0.0,0.0,-0.0
22,Hubei,2007,0.1952390084603115,0.1622451144307595,0.11503566283693623,0.21374877009552584,0.22898496118518885,0.23297640014624754,141.70000000000005,713.5999999999999,4941.7177914110425,4941.7177914110425,0.04720945159382328,0.014757649914758694,0.006711241781983414,0.357424003325,0.350544790425,0.004538141585124822,-1.6295255532456017,-1.5560096350951829,-0.6700463354537768,0.07460781837107273,0.1340029619229762,31,0.1407159218069819,1.1957905348170592,0,-0.0,-0.0,-0.0,1.3747849320635555,0.0,-0.229300190332987,-1.9485712328136222,-0.0,0.6716537215875494,0.0,0.0,-0.3618297517847336,-0.0,0.1952390084603115,0.1622451144307595,0.11503566283693623,0.21374877009552584,141.70000000000005,4941.7177914110425,4941.7177914110425,0.04720945159382328,0.014757649914758694,0.006711241781983414,0.357424003325,-1.6295255532456017,0.350544790425,-1.5560096350951829,-0.0,-0.0,-0.0,0.0,-0.229300190332987,-1.9485712328136222,-0.0,0.0,0.0,-0.0
22,Hubei,2008,0.14074221967539913,-0.17762126110708554,0.08592438561050209,0.1546128938405733,0.19830472627843676,0.20458006570439835,117.0,620.0,3796.833216045039,3796.833216045039,-0.2635456467175876,0.00999333777481679,0.004608295324484532,0.357424003325,0.350544790425,0.004538141585124822,-1.6295255532456017,-1.5560096350951829,-0.6700463354537768,0.23086049090782326,0.08538316258007597,31,3.540528004544794,-0.02562000788211561,0,-0.0,-0.0,-0.0,1.3747849320635555,0.0,-5.769380855387402,0.04174845751826112,-0.0,0.6716537215875494,0.0,0.0,-0.3618297517847336,-0.0,0.14074221967539913,-0.17762126110708554,0.08592438561050209,0.1546128938405733,117.0,3796.833216045039,3796.833216045039,-0.2635456467175876,0.00999333777481679,0.004608295324484532,0.357424003325,-1.6295255532456017,0.350544790425,-1.5560096350951829,-0.0,-0.0,-0.0,0.0,-5.769380855387402,0.04174845751826112,-0.0,0.0,0.0,-0.0
22,Hubei,2009,-0.005693145776105801,0.11629675425910069,0.09780211425892027,0.05418882103695388,0.13668456711690524,0.17506763200271358,146.0,241.0,3867.7076579451177,3867.7076579451177,0.018494640000180418,0.010877177297989957,0.004515293534784617,0.357424003325,0.350544790425,0.004538141585124822,-1.6295255532456017,-1.5560096350951829,-0.6700463354537768,0.10001935023920526,0.053951541707971624,31,0.6936308363716208,-0.8152348073294063,0,-0.0,-0.0,-0.0,1.3747849320635555,0.0,-1.1302891723866748,1.3284459504385224,-0.0,0.6716537215875494,0.0,0.0,-0.3618297517847336,-0.0,-0.005693145776105801,0.11629675425910069,0.09780211425892027,0.05418882103695388,146.0,3867.7076579451177,3867.7076579451177,0.018494640000180418,0.010877177297989957,0.004515293534784617,0.357424003325,-1.6295255532456017,0.350544790425,-1.5560096350951829,-0.0,-0.0,-0.0,0.0,-1.1302891723866748,1.3284459504385224,-0.0,0.0,0.0,-0.0
22,Hubei,2010,0.11664931732446426,0.21669240911347742,0.14692250434293008,0.07116458325516284,0.2057597030858247,0.24981473749359573,248.0,337.0,4147.193746556474,4147.193746556474,0.06976990477054734,0.01504023870314329,0.0045649287408045325,0.357424003325,0.350544790425,0.004538141585124822,-1.6295255532456017,-1.5560096350951829,-0.6700463354537768,0.11994848128667408,0.13785180451035353,31,1.1272573429372206,1.2924798872402858,0,-0.0,-0.0,-0.0,1.3747849320635555,0.0,-1.8368946453999413,-2.10612900331404,-0.0,0.6716537215875494,0.0,0.0,-0.3618297517847336,-0.0,0.11664931732446426,0.21669240911347742,0.14692250434293008,0.07116458325516284,248.0,4147.193746556474,4147.193746556474,0.06976990477054734,0.01504023870314329,0.0045649287408045325,0.357424003325,-1.6295255532456017,0.350544790425,-1.5560096350951829,-0.0,-0.0,-0.0,0.0,-1.8368946453999413,-2.10612900331404,-0.0,0.0,0.0,-0.0
22,Hubei,2011,0.020977639481238874,0.18203634647013622,0.055197508744432966,0.07988590150132424,0.20438310692127537,0.23144372558319404,103.0,408.0,4708.035537017727,4708.035537017727,0.12683883772570326,0.005091875981082149,0.0044640487404256045,0.357424003325,0.350544790425,0.004538141585124822,-1.6295255532456017,-1.5560096350951829,-0.6700463354537768,0.08951107708331604,0.11887028262747688,31,0.46498736126114687,0.8156323630308685,0,-0.0,-0.0,-0.0,1.3747849320635555,0.0,-0.7577087871112828,-1.3290937776128935,-0.0,0.6716537215875494,0.0,0.0,-0.3618297517847336,-0.0,0.020977639481238874,0.18203634647013622,0.055197508744432966,0.07988590150132424,103.0,4708.035537017727,4708.035537017727,0.12683883772570326,0.005091875981082149,0.0044640487404256045,0.357424003325,-1.6295255532456017,0.350544790425,-1.5560096350951829,-0.0,-0.0,-0.0,0.0,-0.7577087871112828,-1.3290937776128935,-0.0,0.0,0.0,-0.0
22,Hubei,2012,0.07027054819911349,-0.1930182003912737,0.12528581223777113,0.08526917525407995,0.12497085744135283,0.13275549034366563,256.0,473.0,3424.5385234590613,3424.5385234590613,-0.31830401262904484,0.011168797172898216,0.0032480898521006934,0.357424003325,0.350544790425,0.004538141585124822,-1.6295255532456017,-1.5560096350951829,-0.6700463354537768,0.0756167924904256,0.06311076158020731,31,0.162669609679673,-0.5851399104757836,0,-1.6295255532456017,-0.0,-0.0,1.3747849320635555,0.0,-0.26507428570951524,0.9535004363441332,-0.0,0.6716537215875494,0.0,0.0,-0.3618297517847336,-0.0,0.07027054819911349,-0.1930182003912737,0.12528581223777113,0.08526917525407995,256.0,3424.5385234590613,3424.5385234590613,-0.31830401262904484,0.011168797172898216,0.0032480898521006934,0.357424003325,-1.6295255532456017,0.350544790425,-1.5560096350951829,-1.6295255532456017,-0.0,-0.0,0.0,-0.26507428570951524,0.9535004363441332,-0.0,0.0,0.0,-0.0
22,Hubei,2013,-0.0004169384698586853,0.2505750892331333,0.029907077167930396,0.018660132295332588,0.12032280322088518,0.060342927958821235,66.0,109.0,4270.089285714286,4270.089285714286,0.22066801206520292,0.002553023691015434,0.0036999502431155494,0.357424003325,0.350544790425,0.004538141585124822,-1.6295255532456017,-1.5560096350951829,-0.6700463354537768,0.05332030642613454,0.09052161106014825,31,-0.3224668138662537,0.10346639789288713,0,-1.6295255532456017,-0.0,-0.0,1.3747849320635555,0.0,0.5254679132687535,-0.16860113926873646,-0.0,0.6716537215875494,0.0,0.0,-0.3618297517847336,-0.0,-0.0004169384698586853,0.2505750892331333,0.029907077167930396,0.018660132295332588,66.0,4270.089285714286,4270.089285714286,0.22066801206520292,0.002553023691015434,0.0036999502431155494,0.357424003325,-1.6295255532456017,0.350544790425,-1.5560096350951829,-1.6295255532456017,-0.0,-0.0,0.0,0.5254679132687535,-0.16860113926873646,-0.0,0.0,0.0,-0.0
22,Hubei,2014,0.049612006060772096,-0.020928404498872233,0.11021478602853385,0.05236971619452291,0.1082039031387243,0.09354128266070738,261.0,317.0,3745.2618952419034,3745.2618952419034,-0.13114319052740608,0.009060643826438333,0.003251729680377978,0.357424003325,0.350544790425,0.004538141585124822,-1.6295255532456017,-1.5560096350951829,-0.6700463354537768,0.07238772123836522,0.05502636777100867,31,0.09241010447860744,-0.7882333819285628,0,-1.6295255532456017,-0.0,-0.0,1.3747849320635555,0.0,-0.15058462662598665,1.284446437773793,-0.0,0.6716537215875494,0.0,0.0,-0.3618297517847336,-0.0,0.049612006060772096,-0.020928404498872233,0.11021478602853385,0.05236971619452291,261.0,3745.2618952419034,3745.2618952419034,-0.13114319052740608,0.009060643826438333,0.003251729680377978,0.357424003325,-1.6295255532456017,0.350544790425,-1.5560096350951829,-1.6295255532456017,-0.0,-0.0,0.0,-0.15058462662598665,1.284446437773793,-0.0,0.0,0.0,-0.0
22,Hubei,2015,-0.004142060816761273,0.026743248020129506,0.029547156346624526,0.03137139392356225,0.06243083006789085,0.04226776198512994,75.0,198.0,3734.7752329192544,3734.7752329192544,-0.0028039083264950193,0.002446056304954732,0.003137729603151825,0.357424003325,0.350544790425,0.004538141585124822,-1.6295255532456017,-1.5560096350951829,-0.6700463354537768,0.07881055819591727,0.01369788281902884,31,0.23216092178769712,-1.826473932411288,0,-1.6295255532456017,-0.0,-0.0,1.3747849320635555,0.0,-0.378312154518106,2.9762859452011736,-0.0,0.6716537215875494,0.0,0.0,-0.3618297517847336,-0.0,-0.004142060816761273,0.026743248020129506,0.029547156346624526,0.03137139392356225,75.0,3734.7752329192544,3734.7752329192544,-0.0028039083264950193,0.002446056304954732,0.003137729603151825,0.357424003325,-1.6295255532456017,0.350544790425,-1.5560096350951829,-1.6295255532456017,-0.0,-0.0,0.0,-0.378312154518106,2.9762859452011736,-0.0,0.0,0.0,-0.0
22,Hubei,2016,0.05714317354640386,0.05058821744584563,0.04478926974606523,0.050786224654599366,0.09649076476444662,0.06818435970658676,118.0,334.0,3756.495916852264,3756.495916852264,0.005798947699780399,0.0034944737858495253,0.002996955484135356,0.357424003325,0.350544790425,0.004538141585124822,-1.6295255532456017,-1.5560096350951829,-0.6700463354537768,0.05903759135568659,0.05014379919751098,31,-0.1980676975607446,-0.9108916571933824,1,-1.6295255532456017,-1.6295255532456017,-0.8436719076453465,1.3747849320635555,1.3747849320635555,0.32275637444775485,1.4843212316348493,-0.7961077232761101,0.6716537215875494,0.6716537215875494,0.4288749554250129,-0.3618297517847336,-0.3618297517847336,0.05714317354640386,0.05058821744584563,0.04478926974606523,0.050786224654599366,118.0,3756.495916852264,3756.495916852264,0.005798947699780399,0.0034944737858495253,0.002996955484135356,0.357424003325,-1.6295255532456017,0.350544790425,-1.5560096350951829,-1.6295255532456017,-1.6295255532456017,-0.8436719076453465,1.3747849320635555,0.32275637444775485,1.4843212316348493,-0.7961077232761101,0.6716537215875494,0.4288749554250129,-0.3618297517847336
22,Hubei,2017,0.059500318221762605,0.029213372465901166,0.033938670511639124,0.05466787576769683,0.108145611701703,0.07853668409056702,93.0,379.0,3738.7872264083244,3738.7872264083244,-0.004725298045737958,0.00247181341986842,0.0027694941758095635,0.357424003325,0.350544790425,0.004538141585124822,-1.6295255532456017,-1.5560096350951829,-0.6700463354537768,0.033173774099243235,0.0667308662369896,31,-0.7608236299016604,-0.49419683680565485,1,-1.6295255532456017,-1.6295255532456017,-0.8436719076453465,1.3747849320635555,1.3747849320635555,1.2397815464378301,0.805306373907961,-0.7961077232761101,0.6716537215875494,0.6716537215875494,0.4288749554250129,-0.3618297517847336,-0.3618297517847336,0.059500318221762605,0.029213372465901166,0.033938670511639124,0.05466787576769683,93.0,3738.7872264083244,3738.7872264083244,-0.004725298045737958,0.00247181341986842,0.0027694941758095635,0.357424003325,-1.6295255532456017,0.350544790425,-1.5560096350951829,-1.6295255532456017,-1.6295255532456017,-0.8436719076453465,1.3747849320635555,1.2397815464378301,0.805306373907961,-0.7961077232761101,0.6716537215875494,0.4288749554250129,-0.3618297517847336
22,Hubei,2018,0.06830848683607993,0.1715471500791761,0.034212470922891924,0.038145760787912764,0.12010216274879149,0.11186917585195388,97.0,277.0,4289.181692094314,4289.181692094314,0.13733467915628417,0.002286360797162084,0.0029156992846283486,0.357424003325,0.350544790425,0.004538141585124822,-1.6295255532456017,-1.5560096350951829,-0.6700463354537768,0.03201785921534048,0.096922743210444,31,-0.785974517403983,0.26427352583763797,1,-1.6295255532456017,-1.6295255532456017,-0.8436719076453465,1.3747849320635555,1.3747849320635555,1.2807655603096704,-0.4306404633987428,-0.7961077232761101,0.6716537215875494,0.6716537215875494,0.4288749554250129,-0.3618297517847336,-0.3618297517847336,0.06830848683607993,0.1715471500791761,0.034212470922891924,0.038145760787912764,97.0,4289.181692094314,4289.181692094314,0.13733467915628417,0.002286360797162084,0.0029156992846283486,0.357424003325,-1.6295255532456017,0.350544790425,-1.5560096350951829,-1.6295255532456017,-1.6295255532456017,-0.8436719076453465,1.3747849320635555,1.2807655603096704,-0.4306404633987428,-0.7961077232761101,0.6716537215875494,0.4288749554250129,-0.3618297517847336
22,Hubei,2019,0.04884087539437232,0.17039406380468325,0.09044399015315108,0.06042590078433996,0.07121469262187041,0.04577819666446459,273.0,461.0,4646.183085207475,4646.183085207475,0.07995007365153217,0.005992492920956165,0.0032197027899115395,0.357424003325,0.350544790425,0.004538141585124822,-1.6295255532456017,-1.5560096350951829,-0.6700463354537768,0.0323398613545378,0.051984497690370696,31,-0.7789682579542254,-0.8646502375352481,1,-1.6295255532456017,-1.6295255532456017,-0.8436719076453465,1.3747849320635555,1.3747849320635555,1.2693486815036217,1.4089696566835659,-0.7961077232761101,0.6716537215875494,0.6716537215875494,0.4288749554250129,-0.3618297517847336,-0.3618297517847336,0.04884087539437232,0.17039406380468325,0.09044399015315108,0.06042590078433996,273.0,4646.183085207475,4646.183085207475,0.07995007365153217,0.005992492920956165,0.0032197027899115395,0.357424003325,-1.6295255532456017,0.350544790425,-1.5560096350951829,-1.6295255532456017,-1.6295255532456017,-0.8436719076453465,1.3747849320635555,1.2693486815036217,1.4089696566835659,-0.7961077232761101,0.6716537215875494,0.4288749554250129,-0.3618297517847336
22,Hubei,2020,0.019418085857101808,-0.1871874803939617,0.04913702769719386,0.050956173208376754,-0.057354908406146876,-0.11737816249978472,159.0,411.0,3668.2750301568153,3668.2750301568153,-0.23632450809115557,0.003696161399233737,0.0028276797019043507,0.357424003325,0.350544790425,0.004538141585124822,-1.6295255532456017,-1.5560096350951829,-0.6700463354537768,0.04438090693127943,0.037262753188721555,31,-0.5169740688245997,-1.2344850411390522,1,-1.6295255532456017,-1.6295255532456017,-0.8436719076453465,1.3747849320635555,1.3747849320635555,0.8424224555150356,2.0116249196355334,-0.7961077232761101,0.6716537215875494,0.6716537215875494,0.4288749554250129,-0.3618297517847336,-0.3618297517847336,0.019418085857101808,-0.1871874803939617,0.04913702769719386,0.050956173208376754,159.0,3668.2750301568153,3668.2750301568153,-0.23632450809115557,0.003696161399233737,0.0028276797019043507,0.357424003325,-1.6295255532456017,0.350544790425,-1.5560096350951829,-1.6295255532456017,-1.6295255532456017,-0.8436719076453465,1.3747849320635555,0.8424224555150356,2.0116249196355334,-0.7961077232761101,0.6716537215875494,0.4288749554250129,-0.3618297517847336
22,Hubei,2021,0.08767622003506936,0.1865737114927759,0.016746802866560273,0.06357105220251391,0.15227790580525102,0.16224418149613484,56.0,543.0,4347.271648873072,4347.271648873072,0.16982690862621563,0.001117913950210628,0.002926339392167428,0.357424003325,0.350544790425,0.004538141585124822,-1.6295255532456017,-1.5560096350951829,-0.6700463354537768,0.037499334228858976,0.0910393120777722,31,-0.6667062535104331,0.1164719118900222,1,-1.6295255532456017,-1.6295255532456017,-0.8436719076453465,1.3747849320635555,1.3747849320635555,1.0864148766038908,-0.1897939566601614,-0.7961077232761101,0.6716537215875494,0.6716537215875494,0.4288749554250129,-0.3618297517847336,-0.3618297517847336,0.08767622003506936,0.1865737114927759,0.016746802866560273,0.06357105220251391,56.0,4347.271648873072,4347.271648873072,0.16982690862621563,0.001117913950210628,0.002926339392167428,0.357424003325,-1.6295255532456017,0.350544790425,-1.5560096350951829,-1.6295255532456017,-1.6295255532456017,-0.8436719076453465,1.3747849320635555,1.0864148766038908,-0.1897939566601614,-0.7961077232761101,0.6716537215875494,0.4288749554250129,-0.3618297517847336
22,Hubei,2022,-0.05739338751995682,0.08214474364744895,0.055096846484090634,0.06806988062863617,0.06477324803057094,0.03609489004510813,191.0,621.0,4466.460847600336,4466.460847600336,0.027047897163358314,0.0035737408111358813,0.002977618391016566,0.357424003325,0.350544790425,0.004538141585124822,-1.6295255532456017,-1.5560096350951829,-0.6700463354537768,0.030562387673295114,0.03176275653557354,31,-0.8176432860361678,-1.3726541407189772,1,-1.6295255532456017,-1.6295255532456017,-0.8436719076453465,1.3747849320635555,1.3747849320635555,1.332370628035638,2.2367749980699574,-0.7961077232761101,0.6716537215875494,0.6716537215875494,0.4288749554250129,-0.3618297517847336,-0.3618297517847336,-0.05739338751995682,0.08214474364744895,0.055096846484090634,0.06806988062863617,191.0,4466.460847600336,4466.460847600336,0.027047897163358314,0.0035737408111358813,0.002977618391016566,0.357424003325,-1.6295255532456017,0.350544790425,-1.5560096350951829,-1.6295255532456017,-1.6295255532456017,-0.8436719076453465,1.3747849320635555,1.332370628035638,2.2367749980699574,-0.7961077232761101,0.6716537215875494,0.4288749554250129,-0.3618297517847336
22,Hubei,2023,0.03081613176832132,-0.062421037723552786,0.11519134945450915,0.16365741437696357,0.06077545158000319,0.03940680005640296,435.0,1678.0,3739.6198099049525,3739.6198099049525,-0.17761238717806194,0.007659219188206929,0.0026324824386869377,0.357424003325,0.350544790425,0.004538141585124822,-1.6295255532456017,-1.5560096350951829,-0.6700463354537768,0.034067135169903805,0.07133473617818979,31,-0.7413854998974198,-0.3785399365428838,1,-1.6295255532456017,-1.6295255532456017,-0.8436719076453465,1.3747849320635555,1.3747849320635555,1.2081066168886099,0.6168404995205977,-0.7961077232761101,0.6716537215875494,0.6716537215875494,0.4288749554250129,-0.3618297517847336,-0.3618297517847336,0.03081613176832132,-0.062421037723552786,0.11519134945450915,0.16365741437696357,435.0,3739.6198099049525,3739.6198099049525,-0.17761238717806194,0.007659219188206929,0.0026324824386869377,0.357424003325,-1.6295255532456017,0.350544790425,-1.5560096350951829,-1.6295255532456017,-1.6295255532456017,-0.8436719076453465,1.3747849320635555,1.2081066168886099,0.6168404995205977,-0.7961077232761101,0.6716537215875494,0.4288749554250129,-0.3618297517847336
23,Hunan,2000,,,,,,,,,3646.5359360343055,3646.5359360343055,,,0.004546644388749652,0.6023736817,0.5690499486,0.004624455682265071,-0.6350421999587755,-0.6208355757891395,-0.6590475327808796,,,0,,,0,-0.0,-0.0,-0.0,0.5734042064184458,0.0,,,-0.0,0.6443717238893902,0.0,-0.0,0.28032011918642685,0.0,,,,,,3646.5359360343055,3646.5359360343055,,,0.004546644388749652,0.6023736817,-0.6350421999587755,0.5690499486,-0.6208355757891395,-0.0,-0.0,-0.0,0.0,,,-0.0,0.0,-0.0,0.0
23,Hunan,2001,0.12557134889459043,0.14671204472176447,0.10995529479405164,0.059024040936764166,0.07665676204370797,0.08845378399841763,52.039999999999964,62.840000000000146,3783.0645484012966,3783.0645484012966,0.03675674992771283,0.013422402996507612,0.004876582887297648,0.6023736817,0.5690499486,0.004624455682265071,-0.6350421999587755,-0.6208355757891395,-0.6590475327808796,0.06028087511627794,0.10333775942244862,31,-0.17101580089295476,0.42542944459551196,0,-0.0,-0.0,-0.0,0.5734042064184458,0.0,0.10860225042677392,-0.2701656504231739,-0.0,0.6443717238893902,0.0,-0.0,0.28032011918642685,0.0,0.12557134889459043,0.14671204472176447,0.10995529479405164,0.059024040936764166,52.039999999999964,3783.0645484012966,3783.0645484012966,0.03675674992771283,0.013422402996507612,0.004876582887297648,0.6023736817,-0.6350421999587755,0.5690499486,-0.6208355757891395,-0.0,-0.0,-0.0,0.0,0.10860225042677392,-0.2701656504231739,-0.0,0.0,-0.0,0.0
23,Hunan,2002,0.057304951203782206,0.04417807446087352,-0.00445184925202291,0.013327671714902678,0.08170991354289647,0.0754367685760684,-2.2199999999999704,14.709999999999809,3971.5813168261116,3971.5813168261116,0.04862992371289643,-0.0005276668317328874,0.004696947865708886,0.6023736817,0.5690499486,0.004624455682265071,-0.6350421999587755,-0.6208355757891395,-0.6590475327808796,0.03622957213462816,0.07192239437819348,31,-0.6943342770192986,-0.36377698131293934,0,-0.0,-0.0,-0.0,0.5734042064184458,0.0,0.4409315667851213,0.23101373450733137,-0.0,0.6443717238893902,0.0,-0.0,0.28032011918642685,0.0,0.057304951203782206,0.04417807446087352,-0.00445184925202291,0.013327671714902678,-2.2199999999999704,3971.5813168261116,3971.5813168261116,0.04862992371289643,-0.0005276668317328874,0.004696947865708886,0.6023736817,-0.6350421999587755,0.5690499486,-0.6208355757891395,-0.0,-0.0,-0.0,0.0,0.4409315667851213,0.23101373450733137,-0.0,0.0,-0.0,0.0
23,Hunan,2003,0.23405341333122376,0.3884015024403933,,0.16085386243272382,0.11647218453462393,0.15126781863533,,193.9000000000001,,,,,0.006164716963860394,0.6023736817,0.5690499486,0.004624455682265071,-0.6350421999587755,-0.6208355757891395,-0.6590475327808796,,0.174536334595533,0,,2.2140565371971155,0,-0.0,-0.0,-0.0,0.5734042064184458,0.0,,-1.4060193342147647,-0.0,0.6443717238893902,0.0,-0.0,0.28032011918642685,0.0,0.23405341333122376,0.3884015024403933,,0.16085386243272382,,,,,,0.006164716963860394,0.6023736817,-0.6350421999587755,0.5690499486,-0.6208355757891395,-0.0,-0.0,-0.0,0.0,,-1.4060193342147647,-0.0,0.0,-0.0,0.0
23,Hunan,2004,0.19126623477194604,0.23498802142673236,,0.08641732629388876,0.1729909294250458,0.18646954639018443,,117.78999999999996,5436.831624751088,5436.831624751088,,,0.006559007641842701,0.6023736817,0.5690499486,0.004624455682265071,-0.6350421999587755,-0.6208355757891395,-0.6590475327808796,,0.13859497572773094,0,,1.3111495891354643,0,-0.0,-0.0,-0.0,0.5734042064184458,0.0,,-0.8326353195596299,-0.0,0.6443717238893902,0.0,-0.0,0.28032011918642685,0.0,0.19126623477194604,0.23498802142673236,,0.08641732629388876,,5436.831624751088,5436.831624751088,,,0.006559007641842701,0.6023736817,-0.6350421999587755,0.5690499486,-0.6208355757891395,-0.0,-0.0,-0.0,0.0,,-0.8326353195596299,-0.0,0.0,-0.0,0.0
23,Hunan,2005,-0.010343429254722203,0.0874385897718235,,0.05686434529408402,0.13808318818112753,0.1536153440670338,,83.25,,,,,0.006235100632853336,0.6023736817,0.5690499486,0.004624455682265071,-0.6350421999587755,-0.6208355757891395,-0.6590475327808796,,0.1204312655274813,1,,0.8548468599396662,0,-0.0,-0.0,-0.0,0.5734042064184458,0.0,,-0.5428638305639369,-0.0,0.6443717238893902,0.0,-0.0,0.28032011918642685,0.0,-0.010343429254722203,0.0874385897718235,,0.05686434529408402,,,,,,0.006235100632853336,0.6023736817,-0.6350421999587755,0.5690499486,-0.6208355757891395,-0.0,-0.0,-0.0,0.0,,-0.5428638305639369,-0.0,0.0,-0.0,0.0
23,Hunan,2006,0.15825012065155963,0.1429334461981484,,0.25217946397055435,0.15444512805978583,0.1964305874056862,,431.97,4331.124591693887,4331.124591693887,,,0.0061637356913420895,0.6023736817,0.5690499486,0.004624455682265071,-0.6350421999587755,-0.6208355757891395,-0.6590475327808796,,0.1288484193955256,1,,1.0662998196987796,0,-0.0,-0.0,-0.0,0.5734042064184458,0.0,,-0.6771453833171587,-0.0,0.6443717238893902,0.0,-0.0,0.28032011918642685,0.0,0.15825012065155963,0.1429334461981484,,0.25217946397055435,,4331.124591693887,4331.124591693887,,,0.0061637356913420895,0.6023736817,-0.6350421999587755,0.5690499486,-0.6208355757891395,-0.0,-0.0,-0.0,0.0,,-0.6771453833171587,-0.0,0.0,-0.0,0.0
23,Hunan,2007,0.1305215024974693,0.16546988058499412,0.22062053918295899,0.1537082998156194,0.22297354802554814,0.2437888048353276,264.5,322.0,4098.72754491018,4098.72754491018,-0.05515065859796486,0.028108692840149507,0.005819296450789213,0.6023736817,0.5690499486,0.004624455682265071,-0.6350421999587755,-0.6208355757891395,-0.6590475327808796,0.07460781837107273,0.1340029619229762,31,0.1407159218069819,1.1957905348170592,0,-0.0,-0.0,-0.0,0.5734042064184458,0.0,-0.08936054855353281,-0.7593774519201061,-0.0,0.6443717238893902,0.0,-0.0,0.28032011918642685,0.0,0.1305215024974693,0.16546988058499412,0.22062053918295899,0.1537082998156194,264.5,4098.72754491018,4098.72754491018,-0.05515065859796486,0.028108692840149507,0.005819296450789213,0.6023736817,-0.6350421999587755,0.5690499486,-0.6208355757891395,-0.0,-0.0,-0.0,0.0,-0.08936054855353281,-0.7593774519201061,-0.0,0.0,-0.0,0.0
23,Hunan,2008,0.07511642372665239,-0.04493249648391329,0.07704420467728035,0.1041208094864805,0.19767609268417274,0.23051151631730882,107.0,248.0,3628.066528066528,3628.066528066528,-0.12197670116119363,0.00933144960145117,0.0045656951493904035,0.6023736817,0.5690499486,0.004624455682265071,-0.6350421999587755,-0.6208355757891395,-0.6590475327808796,0.23086049090782326,0.08538316258007597,31,3.540528004544794,-0.02562000788211561,0,-0.0,-0.0,-0.0,0.5734042064184458,0.0,-2.2483846930217797,0.016269786168419866,-0.0,0.6443717238893902,0.0,-0.0,0.28032011918642685,0.0,0.07511642372665239,-0.04493249648391329,0.07704420467728035,0.1041208094864805,107.0,3628.066528066528,3628.066528066528,-0.12197670116119363,0.00933144960145117,0.0045656951493904035,0.6023736817,-0.6350421999587755,0.5690499486,-0.6208355757891395,-0.0,-0.0,-0.0,0.0,-2.2483846930217797,0.016269786168419866,-0.0,0.0,-0.0,0.0
23,Hunan,2009,0.10309859033024171,0.1667242403385516,0.09700973644040634,0.08701137698962924,0.12288437250341744,0.12069009058298974,147.0,228.0,3890.0202893081764,3890.0202893081764,0.06971450389814526,0.011337431262002639,0.0047703069281731314,0.6023736817,0.5690499486,0.004624455682265071,-0.6350421999587755,-0.6208355757891395,-0.6590475327808796,0.10001935023920526,0.053951541707971624,31,0.6936308363716208,-0.8152348073294063,0,-0.0,-0.0,-0.0,0.5734042064184458,0.0,-0.44048485228867956,0.5177085055294347,-0.0,0.6443717238893902,0.0,-0.0,0.28032011918642685,0.0,0.10309859033024171,0.1667242403385516,0.09700973644040634,0.08701137698962924,147.0,3890.0202893081764,3890.0202893081764,0.06971450389814526,0.011337431262002639,0.0047703069281731314,0.6023736817,-0.6350421999587755,0.5690499486,-0.6208355757891395,-0.0,-0.0,-0.0,0.0,-0.44048485228867956,0.5177085055294347,-0.0,0.0,-0.0,0.0
23,Hunan,2010,0.17641866871217537,0.15713082599564832,0.011878851778106103,0.06234313057413576,0.19862969938237818,0.24707104648684108,19.0,176.0,4498.150658794282,4498.150658794282,0.1452519742175422,0.0012013986809907113,0.004576395936743198,0.6023736817,0.5690499486,0.004624455682265071,-0.6350421999587755,-0.6208355757891395,-0.6590475327808796,0.11994848128667408,0.13785180451035353,31,1.1272573429372206,1.2924798872402858,0,-0.0,-0.0,-0.0,0.5734042064184458,0.0,-0.7158559829785365,-0.8207792709955413,-0.0,0.6443717238893902,0.0,-0.0,0.28032011918642685,0.0,0.17641866871217537,0.15713082599564832,0.011878851778106103,0.06234313057413576,19.0,4498.150658794282,4498.150658794282,0.1452519742175422,0.0012013986809907113,0.004576395936743198,0.6023736817,-0.6350421999587755,0.5690499486,-0.6208355757891395,-0.0,-0.0,-0.0,0.0,-0.7158559829785365,-0.8207792709955413,-0.0,0.0,-0.0,0.0
23,Hunan,2011,0.09359770069906315,0.1946987804944973,0.09253782237501351,0.06642547598170623,0.19272782269547228,0.23335176106379585,156.0,200.0,4981.979518413597,4981.979518413597,0.10216095811948378,0.008134999269935963,0.004585424714753551,0.6023736817,0.5690499486,0.004624455682265071,-0.6350421999587755,-0.6208355757891395,-0.6590475327808796,0.08951107708331604,0.11887028262747688,31,0.46498736126114687,0.8156323630308685,0,-0.0,-0.0,-0.0,0.5734042064184458,0.0,-0.2952865968483046,-0.5179609701766974,-0.0,0.6443717238893902,0.0,-0.0,0.28032011918642685,0.0,0.09359770069906315,0.1946987804944973,0.09253782237501351,0.06642547598170623,156.0,4981.979518413597,4981.979518413597,0.10216095811948378,0.008134999269935963,0.004585424714753551,0.6023736817,-0.6350421999587755,0.5690499486,-0.6208355757891395,-0.0,-0.0,-0.0,0.0,-0.2952865968483046,-0.5179609701766974,-0.0,0.0,-0.0,0.0
23,Hunan,2012,0.03749551142212226,-0.16958417896390898,0.07685611484675015,0.057747357773447305,0.11500953870016417,0.11102128146003487,141.0,185.0,3893.805713536202,3893.805713536202,-0.24644029381065913,0.006553963593150578,0.0034497060175472383,0.6023736817,0.5690499486,0.004624455682265071,-0.6350421999587755,-0.6208355757891395,-0.6590475327808796,0.0756167924904256,0.06311076158020731,31,0.162669609679673,-0.5851399104757836,0,-0.6350421999587755,-0.0,-0.0,0.5734042064184458,0.0,-0.10330206679741487,0.3715885360322226,-0.0,0.6443717238893902,0.0,-0.0,0.28032011918642685,0.0,0.03749551142212226,-0.16958417896390898,0.07685611484675015,0.057747357773447305,141.0,3893.805713536202,3893.805713536202,-0.24644029381065913,0.006553963593150578,0.0034497060175472383,0.6023736817,-0.6350421999587755,0.5690499486,-0.6208355757891395,-0.6350421999587755,-0.0,-0.0,0.0,-0.10330206679741487,0.3715885360322226,-0.0,0.0,-0.0,0.0
23,Hunan,2013,-0.03088891143666128,0.11467700806744308,0.011994928691581919,0.020117778021107924,0.10587038163384754,0.09479992682093119,23.0,67.0,4314.878175220321,4314.878175220321,0.10268207937586116,0.0009616871772938466,0.0034802204571685227,0.6023736817,0.5690499486,0.004624455682265071,-0.6350421999587755,-0.6208355757891395,-0.6590475327808796,0.05332030642613454,0.09052161106014825,31,-0.3224668138662537,0.10346639789288713,0,-0.6350421999587755,-0.0,-0.0,0.5734042064184458,0.0,0.20478003489132274,-0.06570552893970906,-0.0,0.6443717238893902,0.0,-0.0,0.28032011918642685,0.0,-0.03088891143666128,0.11467700806744308,0.011994928691581919,0.020117778021107924,23.0,4314.878175220321,4314.878175220321,0.10268207937586116,0.0009616871772938466,0.0034802204571685227,0.6023736817,-0.6350421999587755,0.5690499486,-0.6208355757891395,-0.6350421999587755,-0.0,-0.0,0.0,0.20478003489132274,-0.06570552893970906,-0.0,0.0,-0.0,0.0
23,Hunan,2014,-0.013676617680250303,-0.11178339647281277,0.02760911561406676,0.05859416426605257,0.09535461028532133,0.08019634749276783,54.0,203.0,3753.45436207766,3753.45436207766,-0.13939251208687953,0.0020525217510291116,0.0028290971564971816,0.6023736817,0.5690499486,0.004624455682265071,-0.6350421999587755,-0.6208355757891395,-0.6590475327808796,0.07238772123836522,0.05502636777100867,31,0.09241010447860744,-0.7882333819285628,0,-0.6350421999587755,-0.0,-0.0,0.5734042064184458,0.0,-0.05868431604651516,0.5005614609408603,-0.0,0.6443717238893902,0.0,-0.0,0.28032011918642685,0.0,-0.013676617680250303,-0.11178339647281277,0.02760911561406676,0.05859416426605257,54.0,3753.45436207766,3753.45436207766,-0.13939251208687953,0.0020525217510291116,0.0028290971564971816,0.6023736817,-0.6350421999587755,0.5690499486,-0.6208355757891395,-0.6350421999587755,-0.0,-0.0,0.0,-0.05868431604651516,0.5005614609408603,-0.0,0.0,-0.0,0.0
23,Hunan,2015,-0.017474657951519923,-0.06457882773643853,0.09791989215697239,0.0864271487968562,0.09086663299513376,0.06867316135474688,204.0,322.0,3190.5006858710567,3190.5006858710567,-0.16249871989341091,0.007080457143468006,0.0024218026850828895,0.6023736817,0.5690499486,0.004624455682265071,-0.6350421999587755,-0.6208355757891395,-0.6590475327808796,0.07881055819591727,0.01369788281902884,31,0.23216092178769712,-1.826473932411288,0,-0.6350421999587755,-0.0,-0.0,0.5734042064184458,0.0,-0.1474319825165164,1.1598880242058203,-0.0,0.6443717238893902,0.0,-0.0,0.28032011918642685,0.0,-0.017474657951519923,-0.06457882773643853,0.09791989215697239,0.0864271487968562,204.0,3190.5006858710567,3190.5006858710567,-0.16249871989341091,0.007080457143468006,0.0024218026850828895,0.6023736817,-0.6350421999587755,0.5690499486,-0.6208355757891395,-0.6350421999587755,-0.0,-0.0,0.0,-0.1474319825165164,1.1598880242058203,-0.0,0.0,-0.0,0.0
23,Hunan,2016,0.0527303634675631,0.034977031731670216,0.05989814158106821,0.057943797183069634,0.08043753607505266,0.021580284278469364,135.0,232.0,3111.972437553833,3111.972437553833,-0.024921109849397993,0.004323458767013611,0.002314171337069656,0.6023736817,0.5690499486,0.004624455682265071,-0.6350421999587755,-0.6208355757891395,-0.6590475327808796,0.05903759135568659,0.05014379919751098,31,-0.1980676975607446,-0.9108916571933824,1,-0.6350421999587755,-0.6350421999587755,-0.9029387440010586,0.5734042064184458,0.5734042064184458,0.12578134639974464,0.5784546419081803,-0.7136383593798195,0.6443717238893902,0.6443717238893902,-0.310453085603887,0.28032011918642685,0.28032011918642685,0.0527303634675631,0.034977031731670216,0.05989814158106821,0.057943797183069634,135.0,3111.972437553833,3111.972437553833,-0.024921109849397993,0.004323458767013611,0.002314171337069656,0.6023736817,-0.6350421999587755,0.5690499486,-0.6208355757891395,-0.6350421999587755,-0.6350421999587755,-0.9029387440010586,0.5734042064184458,0.12578134639974464,0.5784546419081803,-0.7136383593798195,0.6443717238893902,-0.310453085603887,0.28032011918642685
23,Hunan,2017,0.03748467434855751,0.0841009737156666,-0.023971511750307428,0.03715597688809247,0.0888902859409999,0.039229628630103264,-55.0,156.0,3467.137185707984,3467.137185707984,0.10807248546597403,-0.001611594148202022,0.002303114546339617,0.6023736817,0.5690499486,0.004624455682265071,-0.6350421999587755,-0.6208355757891395,-0.6590475327808796,0.033173774099243235,0.0667308662369896,31,-0.7608236299016604,-0.49419683680565485,1,-0.6350421999587755,-0.6350421999587755,-0.9029387440010586,0.5734042064184458,0.5734042064184458,0.48315511171337167,0.31383584645773105,-0.7136383593798195,0.6443717238893902,0.6443717238893902,-0.310453085603887,0.28032011918642685,0.28032011918642685,0.03748467434855751,0.0841009737156666,-0.023971511750307428,0.03715597688809247,-55.0,3467.137185707984,3467.137185707984,0.10807248546597403,-0.001611594148202022,0.002303114546339617,0.6023736817,-0.6350421999587755,0.5690499486,-0.6208355757891395,-0.6350421999587755,-0.6350421999587755,-0.9029387440010586,0.5734042064184458,0.48315511171337167,0.31383584645773105,-0.7136383593798195,0.6443717238893902,-0.310453085603887,0.28032011918642685
23,Hunan,2018,0.06852915712668306,0.14923129302743998,0.007470920268371373,0.05570254461100532,0.07073915193692137,0.03247629540690866,17.0,245.0,3995.183887915937,3995.183887915937,0.1417603727590686,0.00046410932056825216,0.0024911750295207656,0.6023736817,0.5690499486,0.004624455682265071,-0.6350421999587755,-0.6208355757891395,-0.6590475327808796,0.03201785921534048,0.096922743210444,31,-0.785974517403983,0.26427352583763797,1,-0.6350421999587755,-0.6350421999587755,-0.9029387440010586,0.5734042064184458,0.5734042064184458,0.4991269866437623,-0.16782484123879593,-0.7136383593798195,0.6443717238893902,0.6443717238893902,-0.310453085603887,0.28032011918642685,0.28032011918642685,0.06852915712668306,0.14923129302743998,0.007470920268371373,0.05570254461100532,17.0,3995.183887915937,3995.183887915937,0.1417603727590686,0.00046410932056825216,0.0024911750295207656,0.6023736817,-0.6350421999587755,0.5690499486,-0.6208355757891395,-0.6350421999587755,-0.6350421999587755,-0.9029387440010586,0.5734042064184458,0.4991269866437623,-0.16782484123879593,-0.7136383593798195,0.6443717238893902,-0.310453085603887,0.28032011918642685
23,Hunan,2019,0.012262173650101182,-0.00969063854873653,-0.0017528488274143328,0.031990542133023325,0.0862969326672065,0.0741850276475855,-4.0,147.0,3963.5964912280706,3963.5964912280706,-0.007937789721322197,-0.00010017355318523225,0.0022631710003373595,0.6023736817,0.5690499486,0.004624455682265071,-0.6350421999587755,-0.6208355757891395,-0.6590475327808796,0.0323398613545378,0.051984497690370696,31,-0.7789682579542254,-0.8646502375352481,1,-0.6350421999587755,-0.6350421999587755,-0.9029387440010586,0.5734042064184458,0.5734042064184458,0.49467771622930623,0.5490893890392617,-0.7136383593798195,0.6443717238893902,0.6443717238893902,-0.310453085603887,0.28032011918642685,0.28032011918642685,0.012262173650101182,-0.00969063854873653,-0.0017528488274143328,0.031990542133023325,-4.0,3963.5964912280706,3963.5964912280706,-0.007937789721322197,-0.00010017355318523225,0.0022631710003373595,0.6023736817,-0.6350421999587755,0.5690499486,-0.6208355757891395,-0.6350421999587755,-0.6350421999587755,-0.9029387440010586,0.5734042064184458,0.49467771622930623,0.5490893890392617,-0.7136383593798195,0.6443717238893902,-0.310453085603887,0.28032011918642685
23,Hunan,2020,-0.003212338130183845,-0.05985032832052983,-0.004836237168644786,0.0513468376103301,0.04320458771325342,0.03944593800349416,-11.0,246.0,3751.432349052446,3751.432349052446,-0.05501409115188505,-0.0002638288341842733,0.0020415554877968494,0.6023736817,0.5690499486,0.004624455682265071,-0.6350421999587755,-0.6208355757891395,-0.6590475327808796,0.04438090693127943,0.037262753188721555,31,-0.5169740688245997,-1.2344850411390522,1,-0.6350421999587755,-0.6350421999587755,-0.9029387440010586,0.5734042064184458,0.5734042064184458,0.3283003499880133,0.7839500963411432,-0.7136383593798195,0.6443717238893902,0.6443717238893902,-0.310453085603887,0.28032011918642685,0.28032011918642685,-0.003212338130183845,-0.05985032832052983,-0.004836237168644786,0.0513468376103301,-11.0,3751.432349052446,3751.432349052446,-0.05501409115188505,-0.0002638288341842733,0.0020415554877968494,0.6023736817,-0.6350421999587755,0.5690499486,-0.6208355757891395,-0.6350421999587755,-0.6350421999587755,-0.9029387440010586,0.5734042064184458,0.3283003499880133,0.7839500963411432,-0.7136383593798195,0.6443717238893902,-0.310453085603887,0.28032011918642685
23,Hunan,2021,0.11412125586142352,0.1773751328586286,0.09775120624701472,0.08368268263521372,0.0928832629297709,0.10638776545549611,233.0,429.0,4062.350119904077,4062.350119904077,0.07962392661161388,0.005092684898012318,0.0022215471804033133,0.6023736817,0.5690499486,0.004624455682265071,-0.6350421999587755,-0.6208355757891395,-0.6590475327808796,0.037499334228858976,0.0910393120777722,31,-0.6667062535104331,0.1164719118900222,1,-0.6350421999587755,-0.6350421999587755,-0.9029387440010586,0.5734042064184458,0.5734042064184458,0.42338660595553856,-0.07396457916004437,-0.7136383593798195,0.6443717238893902,0.6443717238893902,-0.310453085603887,0.28032011918642685,0.28032011918642685,0.11412125586142352,0.1773751328586286,0.09775120624701472,0.08368268263521372,233.0,4062.350119904077,4062.350119904077,0.07962392661161388,0.005092684898012318,0.0022215471804033133,0.6023736817,-0.6350421999587755,0.5690499486,-0.6208355757891395,-0.6350421999587755,-0.6350421999587755,-0.9029387440010586,0.5734042064184458,0.42338660595553856,-0.07396457916004437,-0.7136383593798195,0.6443717238893902,-0.310453085603887,0.28032011918642685
23,Hunan,2022,0.014957671667733763,0.0020639842208520776,0.03379496459393483,0.066419703448382,0.04709022380887795,0.011129235217586242,86.0,367.0,3935.471406491499,3935.471406491499,-0.03173098037308275,0.0017932395619174135,0.002123737783503355,0.6023736817,0.5690499486,0.004624455682265071,-0.6350421999587755,-0.6208355757891395,-0.6590475327808796,0.030562387673295114,0.03176275653557354,31,-0.8176432860361678,-1.3726541407189772,1,-0.6350421999587755,-0.6350421999587755,-0.9029387440010586,0.5734042064184458,0.5734042064184458,0.5192379911459304,0.8716933053047019,-0.7136383593798195,0.6443717238893902,0.6443717238893902,-0.310453085603887,0.28032011918642685,0.28032011918642685,0.014957671667733763,0.0020639842208520776,0.03379496459393483,0.066419703448382,86.0,3935.471406491499,3935.471406491499,-0.03173098037308275,0.0017932395619174135,0.002123737783503355,0.6023736817,-0.6350421999587755,0.5690499486,-0.6208355757891395,-0.6350421999587755,-0.6350421999587755,-0.9029387440010586,0.5734042064184458,0.5192379911459304,0.8716933053047019,-0.7136383593798195,0.6443717238893902,-0.310453085603887,0.28032011918642685
23,Hunan,2023,0.016474280865415025,0.09820685956322794,0.11209973438630438,0.16744461761092921,0.05496117840266024,0.06193510923486478,307.0,1041.0,3881.1744386873916,3881.1744386873916,-0.01389287482307644,0.006059110869887008,0.002217595105343662,0.6023736817,0.5690499486,0.004624455682265071,-0.6350421999587755,-0.6208355757891395,-0.6590475327808796,0.034067135169903805,0.07133473617818979,31,-0.7413854998974198,-0.3785399365428838,1,-0.6350421999587755,-0.6350421999587755,-0.9029387440010586,0.5734042064184458,0.5734042064184458,0.470811078872394,0.24038883407444822,-0.7136383593798195,0.6443717238893902,0.6443717238893902,-0.310453085603887,0.28032011918642685,0.28032011918642685,0.016474280865415025,0.09820685956322794,0.11209973438630438,0.16744461761092921,307.0,3881.1744386873916,3881.1744386873916,-0.01389287482307644,0.006059110869887008,0.002217595105343662,0.6023736817,-0.6350421999587755,0.5690499486,-0.6208355757891395,-0.6350421999587755,-0.6350421999587755,-0.9029387440010586,0.5734042064184458,0.470811078872394,0.24038883407444822,-0.7136383593798195,0.6443717238893902,-0.310453085603887,0.28032011918642685
24,Gansu,2000,,,,,,,,,4194.471454368662,4194.471454368662,,,0.014224609006971924,0.65354319475,0.6032727936,0.013792428142747394,-0.4272965549691409,-0.4743661873913639,0.5092056650664452,,,0,,,0,-0.0,-0.0,0.0,-0.01785706224483574,-0.0,,,-0.0,-0.005730138210014249,-0.0,0.0,0.06366083518675372,0.0,,,,,,4194.471454368662,4194.471454368662,,,0.014224609006971924,0.65354319475,-0.4272965549691409,0.6032727936,-0.4743661873913639,-0.0,-0.0,0.0,-0.0,,,-0.0,-0.0,0.0,0.0
24,Gansu,2001,0.17680383768566488,0.19849465216764983,0.0736991016428723,0.0663235406982805,0.06713196136749922,0.08279333825593671,27.53000000000003,44.92999999999995,4751.987199339321,4751.987199339321,0.12479555052477753,0.02425336974715887,0.016221478283851645,0.65354319475,0.6032727936,0.013792428142747394,-0.4272965549691409,-0.4743661873913639,0.5092056650664452,0.06028087511627794,0.10333775942244862,31,-0.17101580089295476,0.42542944459551196,0,-0.0,-0.0,0.0,-0.01785706224483574,-0.0,0.07307446256684809,-0.18178453605809725,-0.0,-0.005730138210014249,-0.0,0.0,0.06366083518675372,0.0,0.17680383768566488,0.19849465216764983,0.0736991016428723,0.0663235406982805,27.53000000000003,4751.987199339321,4751.987199339321,0.12479555052477753,0.02425336974715887,0.016221478283851645,0.65354319475,-0.4272965549691409,0.6032727936,-0.4743661873913639,-0.0,-0.0,0.0,-0.0,0.07307446256684809,-0.18178453605809725,-0.0,-0.0,0.0,0.0
24,Gansu,2002,0.11722833621761541,0.24078957976260007,0.001804915014396613,0.018018505502678472,0.09337816834882773,0.09091482870044576,0.6999999999999886,12.730000000000018,6034.829202947086,6034.829202947086,0.23898466474820346,0.0005617075910768646,0.01879794575509549,0.65354319475,0.6032727936,0.013792428142747394,-0.4272965549691409,-0.4743661873913639,0.5092056650664452,0.03622957213462816,0.07192239437819348,31,-0.6943342770192986,-0.36377698131293934,0,-0.0,-0.0,0.0,-0.01785706224483574,-0.0,0.2966866445673354,0.15544065089209252,-0.0,-0.005730138210014249,-0.0,0.0,0.06366083518675372,0.0,0.11722833621761541,0.24078957976260007,0.001804915014396613,0.018018505502678472,0.6999999999999886,6034.829202947086,6034.829202947086,0.23898466474820346,0.0005617075910768646,0.01879794575509549,0.65354319475,-0.4272965549691409,0.6032727936,-0.4743661873913639,-0.0,-0.0,0.0,-0.0,0.2966866445673354,0.15544065089209252,-0.0,-0.0,0.0,0.0
24,Gansu,2003,0.1740911386387083,0.23375891149500516,,0.12118128752161805,0.12865473206273847,0.13148624666997932,,91.84000000000003,,,,,0.02088125308685529,0.65354319475,0.6032727936,0.013792428142747394,-0.4272965549691409,-0.4743661873913639,0.5092056650664452,,0.174536334595533,0,,2.2140565371971155,0,-0.0,-0.0,0.0,-0.01785706224483574,-0.0,,-0.9460587308512329,-0.0,-0.005730138210014249,-0.0,0.0,0.06366083518675372,0.0,0.1740911386387083,0.23375891149500516,,0.12118128752161805,,,,,,0.02088125308685529,0.65354319475,-0.4272965549691409,0.6032727936,-0.4743661873913639,-0.0,-0.0,0.0,-0.0,,-0.9460587308512329,-0.0,-0.0,0.0,0.0
24,Gansu,2004,0.11747836471922213,0.12101035028673746,,0.07568580303057626,0.16747733523381836,0.17304526455920133,,63.26999999999998,6713.160221882788,6580.984095596898,,,0.01993316226054783,0.65354319475,0.6032727936,0.013792428142747394,-0.4272965549691409,-0.4743661873913639,0.5092056650664452,,0.13859497572773094,0,,1.3111495891354643,0,-0.0,-0.0,0.0,-0.01785706224483574,-0.0,,-0.5602497024867884,-0.0,-0.005730138210014249,-0.0,0.0,0.06366083518675372,0.0,0.11747836471922213,0.12101035028673746,,0.07568580303057626,,6713.160221882788,6580.984095596898,,,0.01993316226054783,0.65354319475,-0.4272965549691409,0.6032727936,-0.4743661873913639,-0.0,-0.0,0.0,-0.0,,-0.5602497024867884,-0.0,-0.0,0.0,0.0
24,Gansu,2005,0.10582818859829768,0.0168620037430669,,0.12720228957529134,0.12082191778049545,0.12670973412853126,,117.74000000000001,,,,,0.017964990216299114,0.65354319475,0.6032727936,0.013792428142747394,-0.4272965549691409,-0.4743661873913639,0.5092056650664452,,0.1204312655274813,1,,0.8548468599396662,0,-0.0,-0.0,0.0,-0.01785706224483574,-0.0,,-0.3652731182784071,-0.0,-0.005730138210014249,-0.0,0.0,0.06366083518675372,0.0,0.10582818859829768,0.0168620037430669,,0.12720228957529134,,,,,,0.017964990216299114,0.65354319475,-0.4272965549691409,0.6032727936,-0.4743661873913639,-0.0,-0.0,0.0,-0.0,,-0.3652731182784071,-0.0,-0.0,0.0,0.0
24,Gansu,2006,0.04624967824589987,0.049084498240725694,,0.10412208769379472,0.16494867926699097,0.2306264787124519,,108.17000000000007,5533.343672456576,5533.343672456576,,,0.015999551569506727,0.65354319475,0.6032727936,0.013792428142747394,-0.4272965549691409,-0.4743661873913639,0.5092056650664452,,0.1288484193955256,1,,1.0662998196987796,0,-0.0,-0.0,0.0,-0.01785706224483574,-0.0,,-0.4556262395215046,-0.0,-0.005730138210014249,-0.0,0.0,0.06366083518675372,0.0,0.04624967824589987,0.049084498240725694,,0.10412208769379472,,5533.343672456576,5533.343672456576,,,0.015999551569506727,0.65354319475,-0.4272965549691409,0.6032727936,-0.4743661873913639,-0.0,-0.0,0.0,-0.0,,-0.4556262395215046,-0.0,-0.0,0.0,0.0
24,Gansu,2007,0.1547406574979573,0.17345834280388717,0.19546882915798935,0.14056846291860214,0.19395024280980788,0.2543033873374032,139.20000000000005,165.0999999999999,5412.882653061224,5412.882653061224,-0.022010486354102188,0.05141654046466961,0.015675026779448157,0.65354319475,0.6032727936,0.013792428142747394,-0.4272965549691409,-0.4743661873913639,0.5092056650664452,0.07460781837107273,0.1340029619229762,31,0.1407159218069819,1.1957905348170592,0,-0.0,-0.0,0.0,-0.01785706224483574,-0.0,-0.06012742861743037,-0.5109571759920359,-0.0,-0.005730138210014249,-0.0,0.0,0.06366083518675372,0.0,0.1547406574979573,0.17345834280388717,0.19546882915798935,0.14056846291860214,139.20000000000005,5412.882653061224,5412.882653061224,-0.022010486354102188,0.05141654046466961,0.015675026779448157,0.65354319475,-0.4272965549691409,0.6032727936,-0.4743661873913639,-0.0,-0.0,0.0,-0.0,-0.06012742861743037,-0.5109571759920359,-0.0,-0.0,0.0,0.0
24,Gansu,2008,0.11994062666424288,0.0940304601819073,0.13576104795179234,0.1764797982797326,0.13947443350899036,0.13118632790879747,114.0,243.0,5191.648106904232,5191.648106904232,-0.04173058776988503,0.03662650602409639,0.01497863453815261,0.65354319475,0.6032727936,0.013792428142747394,-0.4272965549691409,-0.4743661873913639,0.5092056650664452,0.23086049090782326,0.08538316258007597,31,3.540528004544794,-0.02562000788211561,0,-0.0,-0.0,0.0,-0.01785706224483574,-0.0,-1.5128554191137573,0.010947341106310236,-0.0,-0.005730138210014249,-0.0,0.0,0.06366083518675372,0.0,0.11994062666424288,0.0940304601819073,0.13576104795179234,0.1764797982797326,114.0,5191.648106904232,5191.648106904232,-0.04173058776988503,0.03662650602409639,0.01497863453815261,0.65354319475,-0.4272965549691409,0.6032727936,-0.4743661873913639,-0.0,-0.0,0.0,-0.0,-1.5128554191137573,0.010947341106310236,-0.0,-0.0,0.0,0.0
24,Gansu,2009,-0.0015204110906728019,-0.07518031582105467,0.2019858861014212,0.16248563999561672,0.0626693053622347,0.029832393832109005,201.0,265.0,3934.8981528662416,3934.8981528662416,-0.2771662019224759,0.060655440883577764,0.013049831220954794,0.65354319475,0.6032727936,0.013792428142747394,-0.4272965549691409,-0.4743661873913639,0.5092056650664452,0.10001935023920526,0.053951541707971624,31,0.6936308363716208,-0.8152348073294063,0,-0.0,-0.0,0.0,-0.01785706224483574,-0.0,-0.29638606680195745,0.34834702466278666,-0.0,-0.005730138210014249,-0.0,0.0,0.06366083518675372,0.0,-0.0015204110906728019,-0.07518031582105467,0.2019858861014212,0.16248563999561672,201.0,3934.8981528662416,3934.8981528662416,-0.2771662019224759,0.060655440883577764,0.013049831220954794,0.65354319475,-0.4272965549691409,0.6032727936,-0.4743661873913639,-0.0,-0.0,0.0,-0.0,-0.29638606680195745,0.34834702466278666,-0.0,-0.0,0.0,0.0
24,Gansu,2010,0.1276846487595371,0.14971699149156725,0.18625678209333252,0.16067796034510184,0.18511905643990723,0.2598757386273727,225.0,308.0,3793.712945619335,3793.712945619335,-0.036539790601765265,0.05642350226947865,0.012595922311106653,0.65354319475,0.6032727936,0.013792428142747394,-0.4272965549691409,-0.4743661873913639,0.5092056650664452,0.11994848128667408,0.13785180451035353,31,1.1272573429372206,1.2924798872402858,0,-0.0,-0.0,0.0,-0.01785706224483574,-0.0,-0.48167317920074176,-0.5522722031846778,-0.0,-0.005730138210014249,-0.0,0.0,0.06366083518675372,0.0,0.1276846487595371,0.14971699149156725,0.18625678209333252,0.16067796034510184,225.0,3793.712945619335,3793.712945619335,-0.036539790601765265,0.05642350226947865,0.012595922311106653,0.65354319475,-0.4272965549691409,0.6032727936,-0.4743661873913639,-0.0,-0.0,0.0,-0.0,-0.48167317920074176,-0.5522722031846778,-0.0,-0.0,0.0,0.0
24,Gansu,2011,0.2613053836997379,0.3459705359331062,0.14068099974963832,0.2798199212788326,0.20207406958585672,0.18062767638016552,200.0,670.0,4658.2262598425195,4658.2262598425195,0.2052895361834679,0.04097772692532928,0.014545324500775522,0.65354319475,0.6032727936,0.013792428142747394,-0.4272965549691409,-0.4743661873913639,0.5092056650664452,0.08951107708331604,0.11887028262747688,31,0.46498736126114687,0.8156323630308685,0,-0.0,-0.0,0.0,-0.01785706224483574,-0.0,-0.1986874975710794,-0.34851689884442977,-0.0,-0.005730138210014249,-0.0,0.0,0.06366083518675372,0.0,0.2613053836997379,0.3459705359331062,0.14068099974963832,0.2798199212788326,200.0,4658.2262598425195,4658.2262598425195,0.2052895361834679,0.04097772692532928,0.014545324500775522,0.65354319475,-0.4272965549691409,0.6032727936,-0.4743661873913639,-0.0,-0.0,0.0,-0.0,-0.1986874975710794,-0.34851689884442977,-0.0,-0.0,0.0,0.0
24,Gansu,2012,0.07048865531532833,0.010649124602498006,0.01756142692994711,0.060431739184918065,0.11382539418159432,0.0856668136486416,27.0,171.0,4626.138220502902,4626.138220502902,-0.006912302327449105,0.0049368268099536155,0.013119416812283251,0.65354319475,0.6032727936,0.013792428142747394,-0.4272965549691409,-0.4743661873913639,0.5092056650664452,0.0756167924904256,0.06311076158020731,31,0.162669609679673,-0.5851399104757836,0,-0.4272965549691409,-0.0,0.0,-0.01785706224483574,-0.0,-0.06950816381429908,0.2500282679212538,-0.0,-0.005730138210014249,-0.0,0.0,0.06366083518675372,0.0,0.07048865531532833,0.010649124602498006,0.01756142692994711,0.060431739184918065,27.0,4626.138220502902,4626.138220502902,-0.006912302327449105,0.0049368268099536155,0.013119416812283251,0.65354319475,-0.4272965549691409,0.6032727936,-0.4743661873913639,-0.4272965549691409,-0.0,0.0,-0.0,-0.06950816381429908,0.2500282679212538,-0.0,-0.0,0.0,0.0
24,Gansu,2013,0.08593353826022643,0.023588070706091813,0.03172854982017537,0.1794023480582254,0.11053438196104182,0.06996834443479827,50.0,573.0,4588.632104934416,4588.632104934416,-0.008140479114083554,0.008185583818266418,0.012026914592502484,0.65354319475,0.6032727936,0.013792428142747394,-0.4272965549691409,-0.4743661873913639,0.5092056650664452,0.05332030642613454,0.09052161106014825,31,-0.3224668138662537,0.10346639789288713,0,-0.4272965549691409,-0.0,0.0,-0.01785706224483574,-0.0,0.1377889586569254,-0.04421083537469705,-0.0,-0.005730138210014249,-0.0,0.0,0.06366083518675372,0.0,0.08593353826022643,0.023588070706091813,0.03172854982017537,0.1794023480582254,50.0,4588.632104934416,4588.632104934416,-0.008140479114083554,0.008185583818266418,0.012026914592502484,0.65354319475,-0.4272965549691409,0.6032727936,-0.4743661873913639,-0.4272965549691409,-0.0,0.0,-0.0,0.1377889586569254,-0.04421083537469705,-0.0,-0.0,0.0,0.0
24,Gansu,2014,0.03203909513570835,-0.01354001773735991,0.14455720507565584,0.18332420673829652,0.08186581795926529,0.05433093487096308,249.0,702.0,3917.6216216216217,3917.6216216216217,-0.15809722281301575,0.037559960743958135,0.010932512911161084,0.65354319475,0.6032727936,0.013792428142747394,-0.4272965549691409,-0.4743661873913639,0.5092056650664452,0.07238772123836522,0.05502636777100867,31,0.09241010447860744,-0.7882333819285628,0,-0.4272965549691409,-0.0,0.0,-0.01785706224483574,-0.0,-0.039486519288047334,0.33680940860974995,-0.0,-0.005730138210014249,-0.0,0.0,0.06366083518675372,0.0,0.03203909513570835,-0.01354001773735991,0.14455720507565584,0.18332420673829652,249.0,3917.6216216216217,3917.6216216216217,-0.15809722281301575,0.037559960743958135,0.010932512911161084,0.65354319475,-0.4272965549691409,0.6032727936,-0.4743661873913639,-0.4272965549691409,-0.0,0.0,-0.0,-0.039486519288047334,0.33680940860974995,-0.0,-0.0,0.0,0.0
24,Gansu,2015,0.0009177879919501919,-0.008465835271115552,0.042334363826561194,0.10242134009485149,0.024437250620110262,-0.11945805103654727,80.0,452.0,3723.576165803109,3723.576165803109,-0.050800199097676746,0.01177613583442953,0.010578652965799937,0.65354319475,0.6032727936,0.013792428142747394,-0.4272965549691409,-0.4743661873913639,0.5092056650664452,0.07881055819591727,0.01369788281902884,31,0.23216092178769712,-1.826473932411288,0,-0.4272965549691409,-0.0,0.0,-0.01785706224483574,-0.0,-0.09920156207834314,0.7804460190602828,-0.0,-0.005730138210014249,-0.0,0.0,0.06366083518675372,0.0,0.0009177879919501919,-0.008465835271115552,0.042334363826561194,0.10242134009485149,80.0,3723.576165803109,3723.576165803109,-0.050800199097676746,0.01177613583442953,0.010578652965799937,0.65354319475,-0.4272965549691409,0.6032727936,-0.4743661873913639,-0.4272965549691409,-0.0,0.0,-0.0,-0.09920156207834314,0.7804460190602828,-0.0,-0.0,0.0,0.0
24,Gansu,2016,-0.022705878325718132,-0.022160096114931527,0.03662667797623431,0.03845002575316414,0.059115127219328656,-0.008779506948899396,72.0,182.0,3510.9890109890116,3510.9890109890116,-0.05878677409116584,0.009990148464845106,0.009752882438805035,0.65354319475,0.6032727936,0.013792428142747394,-0.4272965549691409,-0.4743661873913639,0.5092056650664452,0.05903759135568659,0.05014379919751098,31,-0.1980676975607446,-0.9108916571933824,1,-0.4272965549691409,-0.4272965549691409,0.0417907938577351,-0.01785706224483574,-0.01785706224483574,0.08463364481837587,0.38922086706886394,-0.1371148447076856,-0.005730138210014249,-0.005730138210014249,1.5233219881744524,0.06366083518675372,0.06366083518675372,-0.022705878325718132,-0.022160096114931527,0.03662667797623431,0.03845002575316414,72.0,3510.9890109890116,3510.9890109890116,-0.05878677409116584,0.009990148464845106,0.009752882438805035,0.65354319475,-0.4272965549691409,0.6032727936,-0.4743661873913639,-0.4272965549691409,-0.4272965549691409,0.0417907938577351,-0.01785706224483574,0.08463364481837587,0.38922086706886394,-0.1371148447076856,-0.005730138210014249,1.5233219881744524,0.06366083518675372
24,Gansu,2017,0.07047821372847363,0.015107947083939699,0.02807374715262334,0.03462667730956781,0.05867120738522047,0.012882239279701224,57.0,170.0,3465.7600777076245,3465.7600777076245,-0.012965800068683642,0.007458194757566866,0.009337136454385466,0.65354319475,0.6032727936,0.013792428142747394,-0.4272965549691409,-0.4743661873913639,0.5092056650664452,0.033173774099243235,0.0667308662369896,31,-0.7608236299016604,-0.49419683680565485,1,-0.4272965549691409,-0.4272965549691409,0.0417907938577351,-0.01785706224483574,-0.01785706224483574,0.32509731599609615,0.21116860584370303,-0.1371148447076856,-0.005730138210014249,-0.005730138210014249,1.5233219881744524,0.06366083518675372,0.06366083518675372,0.07047821372847363,0.015107947083939699,0.02807374715262334,0.03462667730956781,57.0,3465.7600777076245,3465.7600777076245,-0.012965800068683642,0.007458194757566866,0.009337136454385466,0.65354319475,-0.4272965549691409,0.6032727936,-0.4743661873913639,-0.4272965549691409,-0.4272965549691409,0.0417907938577351,-0.01785706224483574,0.32509731599609615,0.21116860584370303,-0.1371148447076856,-0.005730138210014249,1.5233219881744524,0.06366083518675372
24,Gansu,2018,0.16711311828283026,0.08486033571131557,0.002425419573664378,0.023348903997344905,0.09028262148241417,0.09325916327289363,5.0,118.0,3763.5658914728683,3763.5658914728683,0.08243491613765119,0.0005977500544490526,0.009286644845920481,0.65354319475,0.6032727936,0.013792428142747394,-0.4272965549691409,-0.4743661873913639,0.5092056650664452,0.03201785921534048,0.096922743210444,31,-0.785974517403983,0.26427352583763797,1,-0.4272965549691409,-0.4272965549691409,0.0417907938577351,-0.01785706224483574,-0.01785706224483574,0.335844203580255,-0.11292316715997094,-0.1371148447076856,-0.005730138210014249,-0.005730138210014249,1.5233219881744524,0.06366083518675372,0.06366083518675372,0.16711311828283026,0.08486033571131557,0.002425419573664378,0.023348903997344905,5.0,3763.5658914728683,3763.5658914728683,0.08243491613765119,0.0005977500544490526,0.009286644845920481,0.65354319475,-0.4272965549691409,0.6032727936,-0.4743661873913639,-0.4272965549691409,-0.4272965549691409,0.0417907938577351,-0.01785706224483574,0.335844203580255,-0.11292316715997094,-0.1371148447076856,-0.005730138210014249,1.5233219881744524,0.06366083518675372
24,Gansu,2019,0.05741090721333819,0.01088289340371329,0.019194447256147384,0.02986446778317209,0.07910881605129028,0.05378508147975403,40.0,155.0,3732.4144486692016,3732.4144486692016,-0.008311553852434095,0.004418278515420421,0.008674185295399142,0.65354319475,0.6032727936,0.013792428142747394,-0.4272965549691409,-0.4743661873913639,0.5092056650664452,0.0323398613545378,0.051984497690370696,31,-0.7789682579542254,-0.8646502375352481,1,-0.4272965549691409,-0.4272965549691409,0.0417907938577351,-0.01785706224483574,-0.01785706224483574,0.3328504530541536,0.3694620677520608,-0.1371148447076856,-0.005730138210014249,-0.005730138210014249,1.5233219881744524,0.06366083518675372,0.06366083518675372,0.05741090721333819,0.01088289340371329,0.019194447256147384,0.02986446778317209,40.0,3732.4144486692016,3732.4144486692016,-0.008311553852434095,0.004418278515420421,0.008674185295399142,0.65354319475,-0.4272965549691409,0.6032727936,-0.4743661873913639,-0.4272965549691409,-0.4272965549691409,0.0417907938577351,-0.01785706224483574,0.3328504530541536,0.3694620677520608,-0.1371148447076856,-0.005730138210014249,1.5233219881744524,0.06366083518675372
24,Gansu,2020,0.07725620387511167,0.1074721264815004,0.09254105377038968,0.06468088002456618,0.029365838474863182,-0.007681648624890514,204.0,352.0,3788.561525129983,3788.561525129983,0.014931072711110716,0.02188113489638146,0.00937885507519409,0.65354319475,0.6032727936,0.013792428142747394,-0.4272965549691409,-0.4743661873913639,0.5092056650664452,0.04438090693127943,0.037262753188721555,31,-0.5169740688245997,-1.2344850411390522,1,-0.4272965549691409,-0.4272965549691409,0.0417907938577351,-0.01785706224483574,-0.01785706224483574,0.22090123861713098,0.5274912052396552,-0.1371148447076856,-0.005730138210014249,-0.005730138210014249,1.5233219881744524,0.06366083518675372,0.06366083518675372,0.07725620387511167,0.1074721264815004,0.09254105377038968,0.06468088002456618,204.0,3788.561525129983,3788.561525129983,0.014931072711110716,0.02188113489638146,0.00937885507519409,0.65354319475,-0.4272965549691409,0.6032727936,-0.4743661873913639,-0.4272965549691409,-0.4272965549691409,0.0417907938577351,-0.01785706224483574,0.22090123861713098,0.5274912052396552,-0.1371148447076856,-0.005730138210014249,1.5233219881744524,0.06366083518675372
24,Gansu,2021,0.07372927227371218,0.13810975683515192,0.000433181726505083,0.09044556829774208,0.12911328492955398,0.19983736338834035,1.0,532.0,4347.769597228237,4347.769597228237,0.13767657510864684,9.42684766214178e-05,0.009463612368024133,0.65354319475,0.6032727936,0.013792428142747394,-0.4272965549691409,-0.4743661873913639,0.5092056650664452,0.037499334228858976,0.0910393120777722,31,-0.6667062535104331,0.1164719118900222,1,-0.4272965549691409,-0.4272965549691409,0.0417907938577351,-0.01785706224483574,-0.01785706224483574,0.28488128530139073,-0.049768046701275805,-0.1371148447076856,-0.005730138210014249,-0.005730138210014249,1.5233219881744524,0.06366083518675372,0.06366083518675372,0.07372927227371218,0.13810975683515192,0.000433181726505083,0.09044556829774208,1.0,4347.769597228237,4347.769597228237,0.13767657510864684,9.42684766214178e-05,0.009463612368024133,0.65354319475,-0.4272965549691409,0.6032727936,-0.4743661873913639,-0.4272965549691409,-0.4272965549691409,0.0417907938577351,-0.01785706224483574,0.28488128530139073,-0.049768046701275805,-0.1371148447076856,-0.005730138210014249,1.5233219881744524,0.06366083518675372
24,Gansu,2022,0.029771399168042834,0.040315839948976695,0.0017308528769435227,0.09646213456242236,0.08538864327127271,0.11990757835429555,4.0,623.0,4518.806744487678,4518.806744487678,0.03858498707203317,0.00034621243595069935,0.009046530951391773,0.65354319475,0.6032727936,0.013792428142747394,-0.4272965549691409,-0.4743661873913639,0.5092056650664452,0.030562387673295114,0.03176275653557354,31,-0.8176432860361678,-1.3726541407189772,1,-0.4272965549691409,-0.4272965549691409,0.0417907938577351,-0.01785706224483574,-0.01785706224483574,0.34937615931690236,0.5865303854933452,-0.1371148447076856,-0.005730138210014249,-0.005730138210014249,1.5233219881744524,0.06366083518675372,0.06366083518675372,0.029771399168042834,0.040315839948976695,0.0017308528769435227,0.09646213456242236,4.0,4518.806744487678,4518.806744487678,0.03858498707203317,0.00034621243595069935,0.009046530951391773,0.65354319475,-0.4272965549691409,0.6032727936,-0.4743661873913639,-0.4272965549691409,-0.4272965549691409,0.0417907938577351,-0.01785706224483574,0.34937615931690236,0.5865303854933452,-0.1371148447076856,-0.005730138210014249,1.5233219881744524,0.06366083518675372
24,Gansu,2023,0.07625163987923589,-0.006334602236239384,0.0875372510873218,0.24431995417802277,0.066310747593473,0.041112319319061896,211.5999999999999,1875.0,4113.919036679078,4113.919036679078,-0.09387185332356118,0.017139570862729527,0.008412645698502311,0.65354319475,0.6032727936,0.013792428142747394,-0.4272965549691409,-0.4743661873913639,0.5092056650664452,0.034067135169903805,0.07133473617818979,31,-0.7413854998974198,-0.3785399365428838,1,-0.4272965549691409,-0.4272965549691409,0.0417907938577351,-0.01785706224483574,-0.01785706224483574,0.3167914700102418,0.16174881080301146,-0.1371148447076856,-0.005730138210014249,-0.005730138210014249,1.5233219881744524,0.06366083518675372,0.06366083518675372,0.07625163987923589,-0.006334602236239384,0.0875372510873218,0.24431995417802277,211.5999999999999,4113.919036679078,4113.919036679078,-0.09387185332356118,0.017139570862729527,0.008412645698502311,0.65354319475,-0.4272965549691409,0.6032727936,-0.4743661873913639,-0.4272965549691409,-0.4272965549691409,0.0417907938577351,-0.01785706224483574,0.3167914700102418,0.16174881080301146,-0.1371148447076856,-0.005730138210014249,1.5233219881744524,0.06366083518675372
25,Fujian,2000,,,,,,,,,4088.2168353338034,4088.2168353338034,,,0.005478893826449723,0.7190955089,0.63752334495,0.0066344808366009325,-0.16115746213962814,-0.32777821936821694,-0.402914748304464,,,0,,,0,-0.0,-0.0,0.0,-0.15887523031170075,-0.0,,,-0.0,-0.768283863823835,-0.0,-0.0,-1.580308907389401,-0.0,,,,,,4088.2168353338034,4088.2168353338034,,,0.005478893826449723,0.7190955089,-0.16115746213962814,0.63752334495,-0.32777821936821694,-0.0,-0.0,0.0,-0.0,,,-0.0,-0.0,-0.0,-0.0
25,Fujian,2001,0.21633869059086175,0.015470973814013522,0.2310357587178311,0.18971832618556217,0.07986067460497281,0.10210675352217358,132.51999999999998,218.02999999999997,3295.454545454546,3295.454545454546,-0.21556478490381759,0.03215802451304386,0.005137227429377744,0.7190955089,0.63752334495,0.0066344808366009325,-0.16115746213962814,-0.32777821936821694,-0.402914748304464,0.06028087511627794,0.10333775942244862,31,-0.17101580089295476,0.42542944459551196,0,-0.0,-0.0,0.0,-0.15887523031170075,-0.0,0.027560472457684542,-0.06856112961048424,-0.0,-0.768283863823835,-0.0,-0.0,-1.580308907389401,-0.0,0.21633869059086175,0.015470973814013522,0.2310357587178311,0.18971832618556217,132.51999999999998,3295.454545454546,3295.454545454546,-0.21556478490381759,0.03215802451304386,0.005137227429377744,0.7190955089,-0.16115746213962814,0.63752334495,-0.32777821936821694,-0.0,-0.0,0.0,-0.0,0.027560472457684542,-0.06856112961048424,-0.0,-0.0,-0.0,-0.0
25,Fujian,2002,0.06158647841444198,0.376551665204623,0.08585488659452523,0.06942130545643188,0.09341338773186258,0.12168997775400836,57.59000000000003,90.70000000000005,4407.20581722596,4407.20581722596,0.2906967786100978,0.012728759895870396,0.006818583830310844,0.7190955089,0.63752334495,0.0066344808366009325,-0.16115746213962814,-0.32777821936821694,-0.402914748304464,0.03622957213462816,0.07192239437819348,31,-0.6943342770192986,-0.36377698131293934,0,-0.0,-0.0,0.0,-0.15887523031170075,-0.0,0.1118971499609837,0.05862537509320823,-0.0,-0.768283863823835,-0.0,-0.0,-1.580308907389401,-0.0,0.06158647841444198,0.376551665204623,0.08585488659452523,0.06942130545643188,57.59000000000003,4407.20581722596,4407.20581722596,0.2906967786100978,0.012728759895870396,0.006818583830310844,0.7190955089,-0.16115746213962814,0.63752334495,-0.32777821936821694,-0.0,-0.0,0.0,-0.0,0.1118971499609837,0.05862537509320823,-0.0,-0.0,-0.0,-0.0
25,Fujian,2003,0.13593433351756223,0.3120030304236243,,0.024966886089652363,0.11326397692106305,0.13809787721272127,,34.18999999999983,,,,,0.008317742253799092,0.7190955089,0.63752334495,0.0066344808366009325,-0.16115746213962814,-0.32777821936821694,-0.402914748304464,,0.174536334595533,0,,2.2140565371971155,0,-0.0,-0.0,0.0,-0.15887523031170075,-0.0,,-0.3568117325683403,-0.0,-0.768283863823835,-0.0,-0.0,-1.580308907389401,-0.0,0.13593433351756223,0.3120030304236243,,0.024966886089652363,,,,,,0.008317742253799092,0.7190955089,-0.16115746213962814,0.63752334495,-0.32777821936821694,-0.0,-0.0,0.0,-0.0,,-0.3568117325683403,-0.0,-0.0,-0.0,-0.0
25,Fujian,2004,0.09957337503729757,0.18059590350691712,,0.11189840121923389,0.13372872858964158,0.16174385133388824,,164.17000000000007,6071.626139452102,6071.626139452102,,,0.008716850828729281,0.7190955089,0.63752334495,0.0066344808366009325,-0.16115746213962814,-0.32777821936821694,-0.402914748304464,,0.13859497572773094,0,,1.3111495891354643,0,-0.0,-0.0,0.0,-0.15887523031170075,-0.0,,-0.2113015402704876,-0.0,-0.768283863823835,-0.0,-0.0,-1.580308907389401,-0.0,0.09957337503729757,0.18059590350691712,,0.11189840121923389,,6071.626139452102,6071.626139452102,,,0.008716850828729281,0.7190955089,-0.16115746213962814,0.63752334495,-0.32777821936821694,-0.0,-0.0,0.0,-0.0,,-0.2113015402704876,-0.0,-0.0,-0.0,-0.0
25,Fujian,2005,0.14286859405533114,-0.03630309112732277,,0.12784136760881992,0.11638548187787912,0.12259526790643793,,211.48000000000002,,,,,0.007482518672217471,0.7190955089,0.63752334495,0.0066344808366009325,-0.16115746213962814,-0.32777821936821694,-0.402914748304464,,0.1204312655274813,1,,0.8548468599396662,0,-0.0,-0.0,0.0,-0.15887523031170075,-0.0,,-0.13776495046590675,-0.0,-0.768283863823835,-0.0,-0.0,-1.580308907389401,-0.0,0.14286859405533114,-0.03630309112732277,,0.12784136760881992,,,,,,0.007482518672217471,0.7190955089,-0.16115746213962814,0.63752334495,-0.32777821936821694,-0.0,-0.0,0.0,-0.0,,-0.13776495046590675,-0.0,-0.0,-0.0,-0.0
25,Fujian,2006,0.15005806151048962,0.13239083115974237,,0.22401139274088777,0.1534676966769304,0.1590713770699601,,442.4699999999998,4275.0557649411585,4275.0557649411585,,,0.007326461012721493,0.7190955089,0.63752334495,0.0066344808366009325,-0.16115746213962814,-0.32777821936821694,-0.402914748304464,,0.1288484193955256,1,,1.0662998196987796,0,-0.0,-0.0,0.0,-0.15887523031170075,-0.0,,-0.1718421728225984,-0.0,-0.768283863823835,-0.0,-0.0,-1.580308907389401,-0.0,0.15005806151048962,0.13239083115974237,,0.22401139274088777,,4275.0557649411585,4275.0557649411585,,,0.007326461012721493,0.7190955089,-0.16115746213962814,0.63752334495,-0.32777821936821694,-0.0,-0.0,0.0,-0.0,,-0.1718421728225984,-0.0,-0.0,-0.0,-0.0
25,Fujian,2007,0.13821490603607156,0.26387169472313854,0.06758172835531973,0.08404361138452465,0.22225201486339685,0.21976010019649905,90.90000000000009,193.30000000000018,5202.228612508986,5202.228612508986,0.1962899663678188,0.009594376568071035,0.007637820369585518,0.7190955089,0.63752334495,0.0066344808366009325,-0.16115746213962814,-0.32777821936821694,-0.402914748304464,0.07460781837107273,0.1340029619229762,31,0.1407159218069819,1.1957905348170592,0,-0.0,-0.0,0.0,-0.15887523031170075,-0.0,-0.02267742084105156,-0.1927105678417059,-0.0,-0.768283863823835,-0.0,-0.0,-1.580308907389401,-0.0,0.13821490603607156,0.26387169472313854,0.06758172835531973,0.08404361138452465,90.90000000000009,5202.228612508986,5202.228612508986,0.1962899663678188,0.009594376568071035,0.007637820369585518,0.7190955089,-0.16115746213962814,0.63752334495,-0.32777821936821694,-0.0,-0.0,0.0,-0.0,-0.02267742084105156,-0.1927105678417059,-0.0,-0.0,-0.0,-0.0
25,Fujian,2008,0.08223328256871376,0.030123620592888756,0.10370566043971774,0.09120745409808073,0.1587405666279995,0.17507854326849248,152.0,229.0,4833.182112767337,4833.182112767337,-0.07358203984682898,0.01368851425586715,0.0067160173627996604,0.7190955089,0.63752334495,0.0066344808366009325,-0.16115746213962814,-0.32777821936821694,-0.402914748304464,0.23086049090782326,0.08538316258007597,31,3.540528004544794,-0.02562000788211561,0,-0.0,-0.0,0.0,-0.15887523031170075,-0.0,-0.5705825078467208,0.004128855450279021,-0.0,-0.768283863823835,-0.0,-0.0,-1.580308907389401,-0.0,0.08223328256871376,0.030123620592888756,0.10370566043971774,0.09120745409808073,152.0,4833.182112767337,4833.182112767337,-0.07358203984682898,0.01368851425586715,0.0067160173627996604,0.7190955089,-0.16115746213962814,0.63752334495,-0.32777821936821694,-0.0,-0.0,0.0,-0.0,-0.5705825078467208,0.004128855450279021,-0.0,-0.0,-0.0,-0.0
25,Fujian,2009,0.037811621910162074,0.16812830160362857,0.2039058972486627,0.14469834882998,0.1283634807925118,0.12905929286305096,349.0,409.0,4663.319238900634,4663.319238900634,-0.03577759564503413,0.027643345399244363,0.0069884594973505165,0.7190955089,0.63752334495,0.0066344808366009325,-0.16115746213962814,-0.32777821936821694,-0.402914748304464,0.10001935023920526,0.053951541707971624,31,0.6936308363716208,-0.8152348073294063,0,-0.0,-0.0,0.0,-0.15887523031170075,-0.0,-0.11178378525143809,0.13138117259709584,-0.0,-0.768283863823835,-0.0,-0.0,-1.580308907389401,-0.0,0.037811621910162074,0.16812830160362857,0.2039058972486627,0.14469834882998,349.0,4663.319238900634,4663.319238900634,-0.03577759564503413,0.027643345399244363,0.0069884594973505165,0.7190955089,-0.16115746213962814,0.63752334495,-0.32777821936821694,-0.0,-0.0,0.0,-0.0,-0.11178378525143809,0.13138117259709584,-0.0,-0.0,-0.0,-0.0
25,Fujian,2010,0.1471647475129414,0.009172357888060922,0.19831350856193009,0.1344779142285546,0.1880135323336436,0.22886044125249683,415.0,437.0,3859.687906371912,3859.687906371912,-0.18914115067386916,0.027237047635299213,0.005844020319493851,0.7190955089,0.63752334495,0.0066344808366009325,-0.16115746213962814,-0.32777821936821694,-0.402914748304464,0.11994848128667408,0.13785180451035353,31,1.1272573429372206,1.2924798872402858,0,-0.0,-0.0,0.0,-0.15887523031170075,-0.0,-0.18166593256602295,-0.20829277849415723,-0.0,-0.768283863823835,-0.0,-0.0,-1.580308907389401,-0.0,0.1471647475129414,0.009172357888060922,0.19831350856193009,0.1344779142285546,415.0,3859.687906371912,3859.687906371912,-0.18914115067386916,0.027237047635299213,0.005844020319493851,0.7190955089,-0.16115746213962814,0.63752334495,-0.32777821936821694,-0.0,-0.0,0.0,-0.0,-0.18166593256602295,-0.20829277849415723,-0.0,-0.0,-0.0,-0.0
25,Fujian,2011,0.15293446673679423,0.3564368283751822,0.08433477395207589,0.06789811755317743,0.17745733981916167,0.18988933452427048,203.0,244.0,5066.693227091633,5066.693227091633,0.2721020544231063,0.01115678921675987,0.006989426166759704,0.7190955089,0.63752334495,0.0066344808366009325,-0.16115746213962814,-0.32777821936821694,-0.402914748304464,0.08951107708331604,0.11887028262747688,31,0.46498736126114687,0.8156323630308685,0,-0.0,-0.0,0.0,-0.15887523031170075,-0.0,-0.07493618306784887,-0.13144524166500263,-0.0,-0.768283863823835,-0.0,-0.0,-1.580308907389401,-0.0,0.15293446673679423,0.3564368283751822,0.08433477395207589,0.06789811755317743,203.0,5066.693227091633,5066.693227091633,0.2721020544231063,0.01115678921675987,0.006989426166759704,0.7190955089,-0.16115746213962814,0.63752334495,-0.32777821936821694,-0.0,-0.0,0.0,-0.0,-0.07493618306784887,-0.13144524166500263,-0.0,-0.0,-0.0,-0.0
25,Fujian,2012,0.02632018436407435,-0.12858530864146722,0.047461260319378695,0.04420609250449559,0.1197938573666999,0.12214567293097289,122.0,168.0,4248.822188449848,4248.822188449848,-0.17604656896084592,0.005948085596462079,0.005452200525957031,0.7190955089,0.63752334495,0.0066344808366009325,-0.16115746213962814,-0.32777821936821694,-0.402914748304464,0.0756167924904256,0.06311076158020731,31,0.162669609679673,-0.5851399104757836,0,-0.16115746213962814,-0.0,0.0,-0.15887523031170075,-0.0,-0.02621542146321999,0.0942996629688865,-0.0,-0.768283863823835,-0.0,-0.0,-1.580308907389401,-0.0,0.02632018436407435,-0.12858530864146722,0.047461260319378695,0.04420609250449559,122.0,4248.822188449848,4248.822188449848,-0.17604656896084592,0.005948085596462079,0.005452200525957031,0.7190955089,-0.16115746213962814,0.63752334495,-0.32777821936821694,-0.16115746213962814,-0.0,0.0,-0.0,-0.02621542146321999,0.0942996629688865,-0.0,-0.0,-0.0,-0.0
25,Fujian,2013,0.09100040067189319,0.11679990144698404,0.009829946827982994,0.07819960836763507,0.10807384362019512,0.11462213930569298,26.0,316.0,4728.517682468021,4728.517682468021,0.10696995461900105,0.0011377709814924483,0.005499984924534495,0.7190955089,0.63752334495,0.0066344808366009325,-0.16115746213962814,-0.32777821936821694,-0.402914748304464,0.05332030642613454,0.09052161106014825,31,-0.3224668138662537,0.10346639789288713,0,-0.16115746213962814,-0.0,0.0,-0.15887523031170075,-0.0,0.0519679333469373,-0.01667438210114666,-0.0,-0.768283863823835,-0.0,-0.0,-1.580308907389401,-0.0,0.09100040067189319,0.11679990144698404,0.009829946827982994,0.07819960836763507,26.0,4728.517682468021,4728.517682468021,0.10696995461900105,0.0011377709814924483,0.005499984924534495,0.7190955089,-0.16115746213962814,0.63752334495,-0.32777821936821694,-0.16115746213962814,-0.0,0.0,-0.0,0.0519679333469373,-0.01667438210114666,-0.0,-0.0,-0.0,-0.0
25,Fujian,2014,0.07066826044904584,-0.008557885523441833,0.003380284908823583,0.057356759636657983,0.10294030734392123,0.10900386424275865,9.0,248.0,4672.403449568804,4672.403449568804,-0.011938170432265416,0.0003553183257400491,0.004919698058382748,0.7190955089,0.63752334495,0.0066344808366009325,-0.16115746213962814,-0.32777821936821694,-0.402914748304464,0.07238772123836522,0.05502636777100867,31,0.09241010447860744,-0.7882333819285628,0,-0.16115746213962814,-0.0,0.0,-0.15887523031170075,-0.0,-0.014892577913830259,0.12702969140534343,-0.0,-0.768283863823835,-0.0,-0.0,-1.580308907389401,-0.0,0.07066826044904584,-0.008557885523441833,0.003380284908823583,0.057356759636657983,9.0,4672.403449568804,4672.403449568804,-0.011938170432265416,0.0003553183257400491,0.004919698058382748,0.7190955089,-0.16115746213962814,0.63752334495,-0.32777821936821694,-0.16115746213962814,-0.0,0.0,-0.0,-0.014892577913830259,0.12702969140534343,-0.0,-0.0,-0.0,-0.0
25,Fujian,2015,-0.0033356549233207744,-0.14191331641599536,0.08030225692446358,0.10042590598929912,0.07519561332980729,0.042428894119693084,223.0,470.0,3741.3930795847755,3741.3930795847755,-0.22221557334045894,0.00816625469193445,0.003959581067472307,0.7190955089,0.63752334495,0.0066344808366009325,-0.16115746213962814,-0.32777821936821694,-0.402914748304464,0.07881055819591727,0.01369788281902884,31,0.23216092178769712,-1.826473932411288,0,-0.16115746213962814,-0.0,0.0,-0.15887523031170075,-0.0,-0.03741446496330197,0.29434990361158986,-0.0,-0.768283863823835,-0.0,-0.0,-1.580308907389401,-0.0,-0.0033356549233207744,-0.14191331641599536,0.08030225692446358,0.10042590598929912,223.0,3741.3930795847755,3741.3930795847755,-0.22221557334045894,0.00816625469193445,0.003959581067472307,0.7190955089,-0.16115746213962814,0.63752334495,-0.32777821936821694,-0.16115746213962814,-0.0,0.0,-0.0,-0.03741446496330197,0.29434990361158986,-0.0,-0.0,-0.0,-0.0
25,Fujian,2016,0.054493087593110445,-0.18326775049855026,0.004143652337655013,0.05747459795207277,0.10065401111470784,0.06673975208811633,12.0,291.0,3101.998621640248,3101.998621640248,-0.18741140283620528,0.0003973615326684658,0.0029808737642346077,0.7190955089,0.63752334495,0.0066344808366009325,-0.16115746213962814,-0.32777821936821694,-0.402914748304464,0.05903759135568659,0.05014379919751098,31,-0.1980676975607446,-0.9108916571933824,1,-0.16115746213962814,-0.16115746213962814,0.9858384973452234,-0.15887523031170075,-0.15887523031170075,0.03192008747072902,0.14679698775744565,-0.7793202090329765,-0.768283863823835,-0.768283863823835,-1.6030099368659616,-1.580308907389401,-1.580308907389401,0.054493087593110445,-0.18326775049855026,0.004143652337655013,0.05747459795207277,12.0,3101.998621640248,3101.998621640248,-0.18741140283620528,0.0003973615326684658,0.0029808737642346077,0.7190955089,-0.16115746213962814,0.63752334495,-0.32777821936821694,-0.16115746213962814,-0.16115746213962814,0.9858384973452234,-0.15887523031170075,0.03192008747072902,0.14679698775744565,-0.7793202090329765,-0.768283863823835,-1.6030099368659616,-1.580308907389401
25,Fujian,2017,0.10335035808379711,0.2167691342944904,0.05757949065440737,0.07165088414394738,0.13117674317978256,0.10381338758850411,172.0,387.0,3637.280416395576,3637.280416395576,0.15918964364008303,0.0049953242893374305,0.0032472512139001056,0.7190955089,0.63752334495,0.0066344808366009325,-0.16115746213962814,-0.32777821936821694,-0.402914748304464,0.033173774099243235,0.0667308662369896,31,-0.7608236299016604,-0.49419683680565485,1,-0.16115746213962814,-0.16115746213962814,0.9858384973452234,-0.15887523031170075,-0.15887523031170075,0.12261240533081129,0.07964350801703131,-0.7793202090329765,-0.768283863823835,-0.768283863823835,-1.6030099368659616,-1.580308907389401,-1.580308907389401,0.10335035808379711,0.2167691342944904,0.05757949065440737,0.07165088414394738,172.0,3637.280416395576,3637.280416395576,0.15918964364008303,0.0049953242893374305,0.0032472512139001056,0.7190955089,-0.16115746213962814,0.63752334495,-0.32777821936821694,-0.16115746213962814,-0.16115746213962814,0.9858384973452234,-0.15887523031170075,0.12261240533081129,0.07964350801703131,-0.7793202090329765,-0.768283863823835,-1.6030099368659616,-1.580308907389401
25,Fujian,2018,0.10764900019970014,0.2179606593578054,0.017414177566660527,0.030441340610785517,0.12980706975677236,0.14584482665008025,54.0,173.0,4445.012787723785,4445.012787723785,0.20054648179114487,0.0013773823262105067,0.0035465044191909044,0.7190955089,0.63752334495,0.0066344808366009325,-0.16115746213962814,-0.32777821936821694,-0.402914748304464,0.03201785921534048,0.096922743210444,31,-0.785974517403983,0.26427352583763797,1,-0.16115746213962814,-0.16115746213962814,0.9858384973452234,-0.15887523031170075,-0.15887523031170075,0.1266656585312449,-0.04258965073468518,-0.7793202090329765,-0.768283863823835,-0.768283863823835,-1.6030099368659616,-1.580308907389401,-1.580308907389401,0.10764900019970014,0.2179606593578054,0.017414177566660527,0.030441340610785517,54.0,4445.012787723785,4445.012787723785,0.20054648179114487,0.0013773823262105067,0.0035465044191909044,0.7190955089,-0.16115746213962814,0.63752334495,-0.32777821936821694,-0.16115746213962814,-0.16115746213962814,0.9858384973452234,-0.15887523031170075,0.1266656585312449,-0.04258965073468518,-0.7793202090329765,-0.768283863823835,-1.6030099368659616,-1.580308907389401
25,Fujian,2019,0.03915865146394282,0.011441772419784613,0.013968481089538187,0.023804531843529375,0.0802130235637204,0.03804088374979919,44.0,139.0,4433.795712484237,4433.795712484237,-0.0025267086697535746,0.001035803440477626,0.0033108044515630297,0.7190955089,0.63752334495,0.0066344808366009325,-0.16115746213962814,-0.32777821936821694,-0.402914748304464,0.0323398613545378,0.051984497690370696,31,-0.7789682579542254,-0.8646502375352481,1,-0.16115746213962814,-0.16115746213962814,0.9858384973452234,-0.15887523031170075,-0.15887523031170075,0.12553654753923016,0.13934483791960722,-0.7793202090329765,-0.768283863823835,-0.768283863823835,-1.6030099368659616,-1.580308907389401,-1.580308907389401,0.03915865146394282,0.011441772419784613,0.013968481089538187,0.023804531843529375,44.0,4433.795712484237,4433.795712484237,-0.0025267086697535746,0.001035803440477626,0.0033108044515630297,0.7190955089,-0.16115746213962814,0.63752334495,-0.32777821936821694,-0.16115746213962814,-0.16115746213962814,0.9858384973452234,-0.15887523031170075,0.12553654753923016,0.13934483791960722,-0.7793202090329765,-0.768283863823835,-1.6030099368659616,-1.580308907389401
25,Fujian,2020,0.027923022789892116,0.10454960675527847,0.09209511215948929,0.07543677968426366,0.027923880583674787,-0.003525406483474214,306.0,463.0,4489.361702127659,4489.361702127659,0.012454494595789178,0.007005173755780413,0.003574470033423378,0.7190955089,0.63752334495,0.0066344808366009325,-0.16115746213962814,-0.32777821936821694,-0.402914748304464,0.04438090693127943,0.037262753188721555,31,-0.5169740688245997,-1.2344850411390522,1,-0.16115746213962814,-0.16115746213962814,0.9858384973452234,-0.15887523031170075,-0.15887523031170075,0.08331422892376994,0.1989464762793041,-0.7793202090329765,-0.768283863823835,-0.768283863823835,-1.6030099368659616,-1.580308907389401,-1.580308907389401,0.027923022789892116,0.10454960675527847,0.09209511215948929,0.07543677968426366,306.0,4489.361702127659,4489.361702127659,0.012454494595789178,0.007005173755780413,0.003574470033423378,0.7190955089,-0.16115746213962814,0.63752334495,-0.32777821936821694,-0.16115746213962814,-0.16115746213962814,0.9858384973452234,-0.15887523031170075,0.08331422892376994,0.1989464762793041,-0.7793202090329765,-0.768283863823835,-1.6030099368659616,-1.580308907389401
25,Fujian,2021,0.1071393927211215,0.09149514020600247,0.033364700677282144,0.09156523181609622,0.12710717409812133,0.13968822604348752,118.0,611.0,4758.064516129032,4758.064516129032,0.058130439528720323,0.0023789074613464836,0.003449415818952401,0.7190955089,0.63752334495,0.0066344808366009325,-0.16115746213962814,-0.32777821936821694,-0.402914748304464,0.037499334228858976,0.0910393120777722,31,-0.6667062535104331,0.1164719118900222,1,-0.16115746213962814,-0.16115746213962814,0.9858384973452234,-0.15887523031170075,-0.15887523031170075,0.10744468780836094,-0.018770317730746357,-0.7793202090329765,-0.768283863823835,-0.768283863823835,-1.6030099368659616,-1.580308907389401,-1.580308907389401,0.1071393927211215,0.09149514020600247,0.033364700677282144,0.09156523181609622,118.0,4758.064516129032,4758.064516129032,0.058130439528720323,0.0023789074613464836,0.003449415818952401,0.7190955089,-0.16115746213962814,0.63752334495,-0.32777821936821694,-0.16115746213962814,-0.16115746213962814,0.9858384973452234,-0.15887523031170075,0.10744468780836094,-0.018770317730746357,-0.7793202090329765,-0.768283863823835,-1.6030099368659616,-1.580308907389401
25,Fujian,2022,0.045706345939879434,-0.07240102717004593,0.023362337787510512,0.0751507784191805,0.04911401754233147,0.0015811336233912954,85.0,545.0,4323.553382233089,4323.553382233089,-0.09576336495755644,0.0016314903902720792,0.0030547258307270756,0.7190955089,0.63752334495,0.0066344808366009325,-0.16115746213962814,-0.32777821936821694,-0.402914748304464,0.030562387673295114,0.03176275653557354,31,-0.8176432860361678,-1.3726541407189772,1,-0.16115746213962814,-0.16115746213962814,0.9858384973452234,-0.15887523031170075,-0.15887523031170075,0.13176931691309485,0.22121345771372236,-0.7793202090329765,-0.768283863823835,-0.768283863823835,-1.6030099368659616,-1.580308907389401,-1.580308907389401,0.045706345939879434,-0.07240102717004593,0.023362337787510512,0.0751507784191805,85.0,4323.553382233089,4323.553382233089,-0.09576336495755644,0.0016314903902720792,0.0030547258307270756,0.7190955089,-0.16115746213962814,0.63752334495,-0.32777821936821694,-0.16115746213962814,-0.16115746213962814,0.9858384973452234,-0.15887523031170075,0.13176931691309485,0.22121345771372236,-0.7793202090329765,-0.768283863823835,-1.6030099368659616,-1.580308907389401
25,Fujian,2023,0.06690332973131063,0.11619697033714882,0.00972974657293868,0.0684082160183852,0.05056388754832852,0.044938519339496,35.98999999999978,533.0,4809.26771392982,4809.26771392982,0.10646722376421014,0.000656731463745308,0.003261942663492969,0.7190955089,0.63752334495,0.0066344808366009325,-0.16115746213962814,-0.32777821936821694,-0.402914748304464,0.034067135169903805,0.07133473617818979,31,-0.7413854998974198,-0.3785399365428838,1,-0.16115746213962814,-0.16115746213962814,0.9858384973452234,-0.15887523031170075,-0.15887523031170075,0.11947980563058772,0.06100453549174704,-0.7793202090329765,-0.768283863823835,-0.768283863823835,-1.6030099368659616,-1.580308907389401,-1.580308907389401,0.06690332973131063,0.11619697033714882,0.00972974657293868,0.0684082160183852,35.98999999999978,4809.26771392982,4809.26771392982,0.10646722376421014,0.000656731463745308,0.003261942663492969,0.7190955089,-0.16115746213962814,0.63752334495,-0.32777821936821694,-0.16115746213962814,-0.16115746213962814,0.9858384973452234,-0.15887523031170075,0.11947980563058772,0.06100453549174704,-0.7793202090329765,-0.768283863823835,-1.6030099368659616,-1.580308907389401
26,Xizang,2000,,,,,,,,,143.67816091954023,371.81615853658536,,,4.2052144659377626e-05,0.1082258711025,0.27561648525,0.0004509933851029738,-2.6412574151100867,-1.8766931736105854,-1.1908620311087197,,,0,,,0,-0.0,-0.0,0.0,-8.404680187863478,-0.0,,,-0.0,-1.5578159211785125,-0.0,0.0,3.7532827635676926,0.0,,,,,,143.67816091954023,371.81615853658536,,,4.2052144659377626e-05,0.1082258711025,-2.6412574151100867,0.27561648525,-1.8766931736105854,-0.0,-0.0,0.0,-0.0,,,-0.0,-0.0,0.0,0.0
26,Xizang,2001,0.05303157090883748,0.0,-0.005763704716750029,0.010027939186124879,0.16834716042360665,0.1662021749140714,-0.020000000000000018,0.35999999999999943,144.50867052023122,371.81615853658536,0.005763704716750029,-0.00014214641080312736,3.5536602700781806e-05,0.1082258711025,0.27561648525,0.0004509933851029738,-2.6412574151100867,-1.8766931736105854,-1.1908620311087197,0.06028087511627794,0.10333775942244862,31,-0.17101580089295476,0.42542944459551196,0,-0.0,-0.0,0.0,-8.404680187863478,-0.0,0.45169675220950695,-1.1236686751440619,-0.0,-1.5578159211785125,-0.0,0.0,3.7532827635676926,0.0,0.05303157090883748,0.0,-0.005763704716750029,0.010027939186124879,-0.020000000000000018,144.50867052023122,371.81615853658536,0.005763704716750029,-0.00014214641080312736,3.5536602700781806e-05,0.1082258711025,-2.6412574151100867,0.27561648525,-1.8766931736105854,-0.0,-0.0,0.0,-0.0,0.45169675220950695,-1.1236686751440619,-0.0,-0.0,0.0,0.0
26,Xizang,2002,0.13281377508385928,0.17395330712343782,0.0,0.006905151038687496,0.15323646370385546,0.02163920568452049,0.0,0.25,171.96531791907518,371.81615853658536,0.17395330712343782,0.0,3.628048780487805e-05,0.1082258711025,0.27561648525,0.0004509933851029738,-2.6412574151100867,-1.8766931736105854,-1.1908620311087197,0.03622957213462816,0.07192239437819348,31,-0.6943342770192986,-0.36377698131293934,0,-0.0,-0.0,0.0,-8.404680187863478,-0.0,1.8339155577423236,0.9608286493391645,-0.0,-1.5578159211785125,-0.0,0.0,3.7532827635676926,0.0,0.13281377508385928,0.17395330712343782,0.0,0.006905151038687496,0.0,171.96531791907518,371.81615853658536,0.17395330712343782,0.0,3.628048780487805e-05,0.1082258711025,-2.6412574151100867,0.27561648525,-1.8766931736105854,-0.0,-0.0,0.0,-0.0,1.8339155577423236,0.9608286493391645,-0.0,-0.0,0.0,0.0
26,Xizang,2003,0.24402944229404414,,,0.034891977639773586,0.1376387993270809,0.37335460255634834,,1.2899999999999991,,,,,,0.1082258711025,0.27561648525,0.0004509933851029738,-2.6412574151100867,-1.8766931736105854,-1.1908620311087197,,0.174536334595533,0,,2.2140565371971155,0,-0.0,-0.0,0.0,-8.404680187863478,-0.0,,-5.847893246344843,-0.0,-1.5578159211785125,-0.0,0.0,3.7532827635676926,0.0,0.24402944229404414,,,0.034891977639773586,,,,,,,0.1082258711025,-2.6412574151100867,0.27561648525,-1.8766931736105854,-0.0,-0.0,0.0,-0.0,,-5.847893246344843,-0.0,-0.0,0.0,0.0
26,Xizang,2004,0.12475778058345546,,,0.22090819991239075,0.1602048380054386,0.07696102164295082,,9.300000000000004,231.21387283236996,371.81615853658536,,,3.621548375805721e-05,0.1082258711025,0.27561648525,0.0004509933851029738,-2.6412574151100867,-1.8766931736105854,-1.1908620311087197,,0.13859497572773094,0,,1.3111495891354643,0,-0.0,-0.0,0.0,-8.404680187863478,-0.0,,-3.4630835746225888,-0.0,-1.5578159211785125,-0.0,0.0,3.7532827635676926,0.0,0.12475778058345546,,,0.22090819991239075,,231.21387283236996,371.81615853658536,,,3.621548375805721e-05,0.1082258711025,-2.6412574151100867,0.27561648525,-1.8766931736105854,-0.0,-0.0,0.0,-0.0,,-3.4630835746225888,-0.0,-0.0,0.0,0.0
26,Xizang,2005,0.1475508177536864,0.0,,0.026499973401450383,0.1116782714712592,0.16495263235324975,,1.259999999999998,,,,,3.2388663967611336e-05,0.1082258711025,0.27561648525,0.0004509933851029738,-2.6412574151100867,-1.8766931736105854,-1.1908620311087197,,0.1204312655274813,1,,0.8548468599396662,0,-0.0,-0.0,0.0,-8.404680187863478,-0.0,,-2.257870607599217,-0.0,-1.5578159211785125,-0.0,0.0,3.7532827635676926,0.0,0.1475508177536864,0.0,,0.026499973401450383,,,,,,3.2388663967611336e-05,0.1082258711025,-2.6412574151100867,0.27561648525,-1.8766931736105854,-0.0,-0.0,0.0,-0.0,,-2.257870607599217,-0.0,-0.0,0.0,0.0
26,Xizang,2006,0.12723349146790036,0.11778303565638382,,-0.23999288509834438,0.16255944891976704,0.229404873549635,,-10.280000000000001,750.0,750.0,,,3.097040499069494e-05,0.1082258711025,0.27561648525,0.0004509933851029738,-2.6412574151100867,-1.8766931736105854,-1.1908620311087197,,0.1288484193955256,1,,1.0662998196987796,0,-0.0,-0.0,0.0,-8.404680187863478,-0.0,,-2.81637230550995,-0.0,-1.5578159211785125,-0.0,0.0,3.7532827635676926,0.0,0.12723349146790036,0.11778303565638382,,-0.23999288509834438,,750.0,750.0,,,3.097040499069494e-05,0.1082258711025,-2.6412574151100867,0.27561648525,-1.8766931736105854,-0.0,-0.0,0.0,-0.0,,-2.81637230550995,-0.0,-0.0,0.0,0.0
26,Xizang,2007,0.0013192614050627771,-2.197224577336219,-0.1823215567939546,0.10271850619498757,0.18541374844899217,0.2239316716982831,-0.19999999999999996,4.100000000000001,100.0,371.81615853658536,-2.0149030205422647,-0.0005717553050816267,2.8587765254081343e-06,0.1082258711025,0.27561648525,0.0004509933851029738,-2.6412574151100867,-1.8766931736105854,-1.1908620311087197,0.07460781837107273,0.1340029619229762,31,0.1407159218069819,1.1957905348170592,0,-0.0,-0.0,0.0,-8.404680187863478,-0.0,-0.3716669718967421,-3.158390617004014,-0.0,-1.5578159211785125,-0.0,0.0,3.7532827635676926,0.0,0.0013192614050627771,-2.197224577336219,-0.1823215567939546,0.10271850619498757,-0.19999999999999996,100.0,371.81615853658536,-2.0149030205422647,-0.0005717553050816267,2.8587765254081343e-06,0.1082258711025,-2.6412574151100867,0.27561648525,-1.8766931736105854,-0.0,-0.0,0.0,-0.0,-0.3716669718967421,-3.158390617004014,-0.0,-0.0,0.0,0.0
26,Xizang,2008,0.1962864357142653,2.639057329615258,2.0794415416798357,0.2513144282809061,0.14701926305696222,0.15174686402846937,7.0,12.0,175.0,371.81615853658536,0.5596157879354222,0.017275419119560237,3.4550838239120476e-05,0.1082258711025,0.27561648525,0.0004509933851029738,-2.6412574151100867,-1.8766931736105854,-1.1908620311087197,0.23086049090782326,0.08538316258007597,31,3.540528004544794,-0.02562000788211561,0,-0.0,-0.0,0.0,-8.404680187863478,-0.0,-9.351445845408856,0.06766903579381672,-0.0,-1.5578159211785125,-0.0,0.0,3.7532827635676926,0.0,0.1962864357142653,2.639057329615258,2.0794415416798357,0.2513144282809061,7.0,175.0,371.81615853658536,0.5596157879354222,0.017275419119560237,3.4550838239120476e-05,0.1082258711025,-2.6412574151100867,0.27561648525,-1.8766931736105854,-0.0,-0.0,0.0,-0.0,-9.351445845408856,0.06766903579381672,-0.0,-0.0,0.0,0.0
26,Xizang,2009,-0.025234471178541384,2.237650302876102,0.22314355131421015,0.054067221270275745,0.11151132842933542,0.16057668806922365,2.0,3.0,1311.98,1311.98,2.0145067515618917,0.004415011037527594,0.00028962030905077264,0.1082258711025,0.27561648525,0.0004509933851029738,-2.6412574151100867,-1.8766931736105854,-1.1908620311087197,0.10001935023920526,0.053951541707971624,31,0.6936308363716208,-0.8152348073294063,0,-0.0,-0.0,0.0,-8.404680187863478,-0.0,-1.8320575899155547,2.1532449799146374,-0.0,-1.5578159211785125,-0.0,0.0,3.7532827635676926,0.0,-0.025234471178541384,2.237650302876102,0.22314355131421015,0.054067221270275745,2.0,1311.98,1311.98,2.0145067515618917,0.004415011037527594,0.00028962030905077264,0.1082258711025,-2.6412574151100867,0.27561648525,-1.8766931736105854,-0.0,-0.0,0.0,-0.0,-1.8320575899155547,2.1532449799146374,-0.0,-0.0,0.0,0.0
26,Xizang,2010,0.15510260755264027,1.0675675559740503,1.1314021114911004,0.31365755885504143,0.14062541437463238,0.1751216545368397,21.0,21.0,1230.8474193548386,1230.8474193548386,-0.06383455551705008,0.04027617797176149,0.0007318041529802779,0.1082258711025,0.27561648525,0.0004509933851029738,-2.6412574151100867,-1.8766931736105854,-1.1908620311087197,0.11994848128667408,0.13785180451035353,31,1.1272573429372206,1.2924798872402858,0,-0.0,-0.0,0.0,-8.404680187863478,-0.0,-2.977376815770228,-3.413772086054054,-0.0,-1.5578159211785125,-0.0,0.0,3.7532827635676926,0.0,0.15510260755264027,1.0675675559740503,1.1314021114911004,0.31365755885504143,21.0,1230.8474193548386,1230.8474193548386,-0.06383455551705008,0.04027617797176149,0.0007318041529802779,0.1082258711025,-2.6412574151100867,0.27561648525,-1.8766931736105854,-0.0,-0.0,0.0,-0.0,-2.977376815770228,-3.413772086054054,-0.0,-0.0,0.0,0.0
26,Xizang,2011,0.2566390579894514,0.19637911053321777,0.17693070815907808,0.21800215181379112,0.17449141290309456,0.2326466918062131,6.0,19.0,1255.0197297297298,1255.0197297297298,0.019448402374139695,0.00966494860929363,0.0007479982401417243,0.1082258711025,0.27561648525,0.0004509933851029738,-2.6412574151100867,-1.8766931736105854,-1.1908620311087197,0.08951107708331604,0.11887028262747688,31,0.46498736126114687,0.8156323630308685,0,-0.0,-0.0,0.0,-8.404680187863478,-0.0,-1.228151315863477,-2.1542950268590437,-0.0,-1.5578159211785125,-0.0,0.0,3.7532827635676926,0.0,0.2566390579894514,0.19637911053321777,0.17693070815907808,0.21800215181379112,6.0,1255.0197297297298,1255.0197297297298,0.019448402374139695,0.00966494860929363,0.0007479982401417243,0.1082258711025,-2.6412574151100867,0.27561648525,-1.8766931736105854,-0.0,-0.0,0.0,-0.0,-1.228151315863477,-2.1542950268590437,-0.0,-0.0,0.0,0.0
26,Xizang,2012,-0.034828459362368114,-0.006836604371731392,0.0,0.05026183478088786,0.14976884342654806,0.14490561478668074,0.0,5.0,1246.4689189189187,1246.4689189189187,-0.006836604371731392,0.0,0.000639569425587836,0.1082258711025,0.27561648525,0.0004509933851029738,-2.6412574151100867,-1.8766931736105854,-1.1908620311087197,0.0756167924904256,0.06311076158020731,31,0.162669609679673,-0.5851399104757836,0,-2.6412574151100867,-0.0,0.0,-8.404680187863478,-0.0,-0.4296523127794999,1.5455051274210159,-0.0,-1.5578159211785125,-0.0,0.0,3.7532827635676926,0.0,-0.034828459362368114,-0.006836604371731392,0.0,0.05026183478088786,0.0,1246.4689189189187,1246.4689189189187,-0.006836604371731392,0.0,0.000639569425587836,0.1082258711025,-2.6412574151100867,0.27561648525,-1.8766931736105854,-2.6412574151100867,-0.0,0.0,-0.0,-0.4296523127794999,1.5455051274210159,-0.0,-0.0,0.0,0.0
26,Xizang,2013,0.10495037058422363,0.39414022299565366,0.05264373348542195,0.07550755250814589,0.1529811628463511,0.18040308059835652,2.0,8.0,1753.846153846154,1753.846153846154,0.3414964895102317,0.0023801023727252455,0.000813995011472034,0.1082258711025,0.27561648525,0.0004509933851029738,-2.6412574151100867,-1.8766931736105854,-1.1908620311087197,0.05332030642613454,0.09052161106014825,31,-0.3224668138662537,0.10346639789288713,0,-2.6412574151100867,-0.0,0.0,-8.404680187863478,-0.0,0.8517178632511667,-0.2732813906493188,-0.0,-1.5578159211785125,-0.0,0.0,3.7532827635676926,0.0,0.10495037058422363,0.39414022299565366,0.05264373348542195,0.07550755250814589,2.0,1753.846153846154,1753.846153846154,0.3414964895102317,0.0023801023727252455,0.000813995011472034,0.1082258711025,-2.6412574151100867,0.27561648525,-1.8766931736105854,-2.6412574151100867,-0.0,0.0,-0.0,0.8517178632511667,-0.2732813906493188,-0.0,-0.0,0.0,0.0
26,Xizang,2014,0.21359448720254903,-0.6363137057967795,0.025317807984289953,0.26933293378358414,0.12774292495761674,0.13615903511695926,1.0,34.0,904.9999999999999,904.9999999999999,-0.6616315137810694,0.0010473397679863822,0.00037913699601107036,0.1082258711025,0.27561648525,0.0004509933851029738,-2.6412574151100867,-1.8766931736105854,-1.1908620311087197,0.07238772123836522,0.05502636777100867,31,0.09241010447860744,-0.7882333819285628,0,-2.6412574151100867,-0.0,0.0,-8.404680187863478,-0.0,-0.24407887368521974,2.081927264856118,-0.0,-1.5578159211785125,-0.0,0.0,3.7532827635676926,0.0,0.21359448720254903,-0.6363137057967795,0.025317807984289953,0.26933293378358414,1.0,904.9999999999999,904.9999999999999,-0.6616315137810694,0.0010473397679863822,0.00037913699601107036,0.1082258711025,-2.6412574151100867,0.27561648525,-1.8766931736105854,-2.6412574151100867,-0.0,0.0,-0.0,-0.24407887368521974,2.081927264856118,-0.0,-0.0,0.0,0.0
26,Xizang,2015,0.21572062364647393,-0.8860214595530596,0.0,0.3083013596545161,0.1079127753775877,0.09668620219715862,0.0,52.0,373.125,373.125,-0.8860214595530596,0.0,0.00014032531026701768,0.1082258711025,0.27561648525,0.0004509933851029738,-2.6412574151100867,-1.8766931736105854,-1.1908620311087197,0.07881055819591727,0.01369788281902884,31,0.23216092178769712,-1.826473932411288,0,-2.6412574151100867,-0.0,0.0,-8.404680187863478,-0.0,-0.6131967561705479,4.824187817486593,-0.0,-1.5578159211785125,-0.0,0.0,3.7532827635676926,0.0,0.21572062364647393,-0.8860214595530596,0.0,0.3083013596545161,0.0,373.125,373.125,-0.8860214595530596,0.0,0.00014032531026701768,0.1082258711025,-2.6412574151100867,0.27561648525,-1.8766931736105854,-2.6412574151100867,-0.0,0.0,-0.0,-0.6131967561705479,4.824187817486593,-0.0,-0.0,0.0,0.0
26,Xizang,2016,0.19633277457545772,0.00501254182354427,0.0246926125903717,0.17292379433518335,0.11849315912238723,0.13294608749956804,1.0,37.0,365.8536585365853,371.81615853658536,-0.01968007076682743,0.0008351428094204108,0.00012527142141306163,0.1082258711025,0.27561648525,0.0004509933851029738,-2.6412574151100867,-1.8766931736105854,-1.1908620311087197,0.05903759135568659,0.05014379919751098,31,-0.1980676975607446,-0.9108916571933824,1,-2.6412574151100867,-2.6412574151100867,3.1820753781066715,-8.404680187863478,-8.404680187863478,0.5231477748760988,2.4058993439239362,-0.4895597168742778,-1.5578159211785125,-1.5578159211785125,1.179507810968604,3.7532827635676926,3.7532827635676926,0.19633277457545772,0.00501254182354427,0.0246926125903717,0.17292379433518335,1.0,365.8536585365853,371.81615853658536,-0.01968007076682743,0.0008351428094204108,0.00012527142141306163,0.1082258711025,-2.6412574151100867,0.27561648525,-1.8766931736105854,-2.6412574151100867,-2.6412574151100867,3.1820753781066715,-8.404680187863478,0.5231477748760988,2.4058993439239362,-0.4895597168742778,-1.5578159211785125,1.179507810968604,3.7532827635676926
26,Xizang,2017,0.07965422382112686,0.06453852113757108,-0.0246926125903717,0.18731621576804525,0.1426553349180404,0.18470946088442197,-1.0,48.0,400.0,400.0,0.08923113372794278,-0.000724112961622013,0.00011585807385952208,0.1082258711025,0.27561648525,0.0004509933851029738,-2.6412574151100867,-1.8766931736105854,-1.1908620311087197,0.033173774099243235,0.0667308662369896,31,-0.7608236299016604,-0.49419683680565485,1,-2.6412574151100867,-2.6412574151100867,3.1820753781066715,-8.404680187863478,-8.404680187863478,2.009531054068733,1.3053010597368853,-0.4895597168742778,-1.5578159211785125,-1.5578159211785125,1.179507810968604,3.7532827635676926,3.7532827635676926,0.07965422382112686,0.06453852113757108,-0.0246926125903717,0.18731621576804525,-1.0,400.0,400.0,0.08923113372794278,-0.000724112961622013,0.00011585807385952208,0.1082258711025,-2.6412574151100867,0.27561648525,-1.8766931736105854,-2.6412574151100867,-2.6412574151100867,3.1820753781066715,-8.404680187863478,2.009531054068733,1.3053010597368853,-0.4895597168742778,-1.5578159211785125,1.179507810968604,3.7532827635676926
26,Xizang,2018,0.15656906069153997,0.3184537311185347,0.04879016416943216,0.07867303207247645,0.13682971256940224,0.21579120150191322,2.0,23.0,523.8095238095237,523.8095238095237,0.26966356694910254,0.0012630249447426586,0.00013893274392169245,0.1082258711025,0.27561648525,0.0004509933851029738,-2.6412574151100867,-1.8766931736105854,-1.1908620311087197,0.03201785921534048,0.096922743210444,31,-0.785974517403983,0.26427352583763797,1,-2.6412574151100867,-2.6412574151100867,3.1820753781066715,-8.404680187863478,-8.404680187863478,2.075961022180842,-0.6980144097359484,-0.4895597168742778,-1.5578159211785125,-1.5578159211785125,1.179507810968604,3.7532827635676926,3.7532827635676926,0.15656906069153997,0.3184537311185347,0.04879016416943216,0.07867303207247645,2.0,523.8095238095237,523.8095238095237,0.26966356694910254,0.0012630249447426586,0.00013893274392169245,0.1082258711025,-2.6412574151100867,0.27561648525,-1.8766931736105854,-2.6412574151100867,-2.6412574151100867,3.1820753781066715,-8.404680187863478,2.075961022180842,-0.6980144097359484,-0.4895597168742778,-1.5578159211785125,1.179507810968604,3.7532827635676926
26,Xizang,2019,0.2202407916562481,0.5725191927713306,0.0,0.0729324694910316,0.10014961481809515,0.09191890937598668,0.0,23.0,928.5714285714286,928.5714285714286,0.5725191927713306,0.0,0.00022281894532365882,0.1082258711025,0.27561648525,0.0004509933851029738,-2.6412574151100867,-1.8766931736105854,-1.1908620311087197,0.0323398613545378,0.051984497690370696,31,-0.7789682579542254,-0.8646502375352481,1,-2.6412574151100867,-2.6412574151100867,3.1820753781066715,-8.404680187863478,-8.404680187863478,2.0574556874569847,2.283763851366672,-0.4895597168742778,-1.5578159211785125,-1.5578159211785125,1.179507810968604,3.7532827635676926,3.7532827635676926,0.2202407916562481,0.5725191927713306,0.0,0.0729324694910316,0.0,928.5714285714286,928.5714285714286,0.5725191927713306,0.0,0.00022281894532365882,0.1082258711025,-2.6412574151100867,0.27561648525,-1.8766931736105854,-2.6412574151100867,-2.6412574151100867,3.1820753781066715,-8.404680187863478,2.0574556874569847,2.283763851366672,-0.4895597168742778,-1.5578159211785125,1.179507810968604,3.7532827635676926
26,Xizang,2020,0.034289073478632304,0.05001042057466132,0.023530497410193973,0.18892559400386855,0.11136996085367734,0.10285269300721467,1.0,68.0,953.4883720930231,953.4883720930231,0.026479923164467345,0.0005111167901865576,0.0002095578839764886,0.1082258711025,0.27561648525,0.0004509933851029738,-2.6412574151100867,-1.8766931736105854,-1.1908620311087197,0.04438090693127943,0.037262753188721555,31,-0.5169740688245997,-1.2344850411390522,1,-2.6412574151100867,-2.6412574151100867,3.1820753781066715,-8.404680187863478,-8.404680187863478,1.3654615927026064,3.260592768751002,-0.4895597168742778,-1.5578159211785125,-1.5578159211785125,1.179507810968604,3.7532827635676926,3.7532827635676926,0.034289073478632304,0.05001042057466132,0.023530497410193973,0.18892559400386855,1.0,953.4883720930231,953.4883720930231,0.026479923164467345,0.0005111167901865576,0.0002095578839764886,0.1082258711025,-2.6412574151100867,0.27561648525,-1.8766931736105854,-2.6412574151100867,-2.6412574151100867,3.1820753781066715,-8.404680187863478,1.3654615927026064,3.260592768751002,-0.4895597168742778,-1.5578159211785125,1.179507810968604,3.7532827635676926
26,Xizang,2021,0.2367139765120565,-0.15822400521489421,0.0,0.1949003390008146,0.09202905528946204,0.055493527429892,0.0,85.0,813.953488372093,813.953488372093,-0.15822400521489421,0.0,0.00016316254891788031,0.1082258711025,0.27561648525,0.0004509933851029738,-2.6412574151100867,-1.8766931736105854,-1.1908620311087197,0.037499334228858976,0.0910393120777722,31,-0.6667062535104331,0.1164719118900222,1,-2.6412574151100867,-2.6412574151100867,3.1820753781066715,-8.404680187863478,-8.404680187863478,1.7609428357846968,-0.30763230093156985,-0.4895597168742778,-1.5578159211785125,-1.5578159211785125,1.179507810968604,3.7532827635676926,3.7532827635676926,0.2367139765120565,-0.15822400521489421,0.0,0.1949003390008146,0.0,813.953488372093,813.953488372093,-0.15822400521489421,0.0,0.00016316254891788031,0.1082258711025,-2.6412574151100867,0.27561648525,-1.8766931736105854,-2.6412574151100867,-2.6412574151100867,3.1820753781066715,-8.404680187863478,1.7609428357846968,-0.30763230093156985,-0.4895597168742778,-1.5578159211785125,1.179507810968604,3.7532827635676926
26,Xizang,2022,0.12847518022682802,-0.08961215868968697,0.0,0.0781177792639518,0.04123392027685746,0.028712613240837292,0.0,39.0,744.186046511628,744.186046511628,-0.08961215868968697,0.0,0.00014315112029843072,0.1082258711025,0.27561648525,0.0004509933851029738,-2.6412574151100867,-1.8766931736105854,-1.1908620311087197,0.030562387673295114,0.03176275653557354,31,-0.8176432860361678,-1.3726541407189772,1,-2.6412574151100867,-2.6412574151100867,3.1820753781066715,-8.404680187863478,-8.404680187863478,2.1596063921580058,3.625532927555563,-0.4895597168742778,-1.5578159211785125,-1.5578159211785125,1.179507810968604,3.7532827635676926,3.7532827635676926,0.12847518022682802,-0.08961215868968697,0.0,0.0781177792639518,0.0,744.186046511628,744.186046511628,-0.08961215868968697,0.0,0.00014315112029843072,0.1082258711025,-2.6412574151100867,0.27561648525,-1.8766931736105854,-2.6412574151100867,-2.6412574151100867,3.1820753781066715,-8.404680187863478,2.1596063921580058,3.625532927555563,-0.4895597168742778,-1.5578159211785125,1.179507810968604,3.7532827635676926
26,Xizang,2023,0.2400242583341421,0.19782574332991987,-0.023530497410193973,0.19856653897828735,0.12494471364633863,0.10876939495950033,-1.0,114.0,928.5714285714286,928.5714285714286,0.22135624074011384,-0.00039480439001951875,0.0001539737121076123,0.1082258711025,0.27561648525,0.0004509933851029738,-2.6412574151100867,-1.8766931736105854,-1.1908620311087197,0.034067135169903805,0.07133473617818979,31,-0.7413854998974198,-0.3785399365428838,1,-2.6412574151100867,-2.6412574151100867,3.1820753781066715,-8.404680187863478,-8.404680187863478,1.9581899490591583,0.9998214143091936,-0.4895597168742778,-1.5578159211785125,-1.5578159211785125,1.179507810968604,3.7532827635676926,3.7532827635676926,0.2400242583341421,0.19782574332991987,-0.023530497410193973,0.19856653897828735,-1.0,928.5714285714286,928.5714285714286,0.22135624074011384,-0.00039480439001951875,0.0001539737121076123,0.1082258711025,-2.6412574151100867,0.27561648525,-1.8766931736105854,-2.6412574151100867,-2.6412574151100867,3.1820753781066715,-8.404680187863478,1.9581899490591583,0.9998214143091936,-0.4895597168742778,-1.5578159211785125,1.179507810968604,3.7532827635676926
27,Guizhou,2000,,,,,,,,,5971.393873971124,5971.393873971124,,,0.0212677816224529,0.7052864552,0.559784724075,0.02175407166951904,-0.21722152444172185,-0.6604895487287015,1.5237392001924979,,,0,,,0,-0.0,-0.0,-0.0,0.054908991731608014,0.0,,,0.0,-0.08215369473237912,-0.0,0.0,-0.28001915029044205,-0.0,,,,,,5971.393873971124,5971.393873971124,,,0.0212677816224529,0.7052864552,-0.21722152444172185,0.559784724075,-0.6604895487287015,-0.0,-0.0,-0.0,0.0,,,0.0,-0.0,0.0,-0.0
27,Guizhou,2001,0.19229961427561548,0.19365344106862903,0.13486298441034172,0.09232820904495842,0.09763176371272575,0.10267283249756254,53.5,58.64999999999998,6332.979601462092,6332.979601462092,0.058790456658287304,0.04663935140789818,0.023411210879609453,0.7052864552,0.559784724075,0.02175407166951904,-0.21722152444172185,-0.6604895487287015,1.5237392001924979,0.06028087511627794,0.10333775942244862,31,-0.17101580089295476,0.42542944459551196,0,-0.0,-0.0,-0.0,0.054908991731608014,0.0,0.03714831297358961,-0.09241243249743215,0.0,-0.08215369473237912,-0.0,0.0,-0.28001915029044205,-0.0,0.19229961427561548,0.19365344106862903,0.13486298441034172,0.09232820904495842,53.5,6332.979601462092,6332.979601462092,0.058790456658287304,0.04663935140789818,0.023411210879609453,0.7052864552,-0.21722152444172185,0.559784724075,-0.6604895487287015,-0.0,-0.0,-0.0,0.0,0.03714831297358961,-0.09241243249743215,0.0,-0.0,0.0,-0.0
27,Guizhou,2002,0.1092224906324053,0.19260180477456457,0.09057182742510594,0.06103054834930699,0.09419211259589755,0.10605231783000324,40.19999999999999,41.85000000000002,7013.247172859451,6580.984095596898,0.10202997734945862,0.031894636623294184,0.02583227546810536,0.7052864552,0.559784724075,0.02175407166951904,-0.21722152444172185,-0.6604895487287015,1.5237392001924979,0.03622957213462816,0.07192239437819348,31,-0.6943342770192986,-0.36377698131293934,0,-0.0,-0.0,-0.0,0.054908991731608014,0.0,0.15082435012627285,0.07902019043760444,0.0,-0.08215369473237912,-0.0,0.0,-0.28001915029044205,-0.0,0.1092224906324053,0.19260180477456457,0.09057182742510594,0.06103054834930699,40.19999999999999,7013.247172859451,6580.984095596898,0.10202997734945862,0.031894636623294184,0.02583227546810536,0.7052864552,-0.21722152444172185,0.559784724075,-0.6604895487287015,-0.0,-0.0,-0.0,0.0,0.15082435012627285,0.07902019043760444,0.0,-0.0,0.0,-0.0
27,Guizhou,2003,0.15833009839600987,0.28447505580220955,,0.3647134535046028,0.1394445324375626,0.16891958101440352,,311.09000000000003,,,,,0.029864044168391998,0.7052864552,0.559784724075,0.02175407166951904,-0.21722152444172185,-0.6604895487287015,1.5237392001924979,,0.174536334595533,0,,2.2140565371971155,0,-0.0,-0.0,-0.0,0.054908991731608014,0.0,,-0.4809407362101173,0.0,-0.08215369473237912,-0.0,0.0,-0.28001915029044205,-0.0,0.15833009839600987,0.28447505580220955,,0.3647134535046028,,,,,,0.029864044168391998,0.7052864552,-0.21722152444172185,0.559784724075,-0.6604895487287015,-0.0,-0.0,-0.0,0.0,,-0.4809407362101173,0.0,-0.0,0.0,-0.0
27,Guizhou,2004,0.11689164171051836,0.13805342466396242,,0.36735594683604855,0.14356542399728056,0.15592635085061968,,451.8799999999999,6367.633110307878,6367.633110307878,,,0.02969988641119149,0.7052864552,0.559784724075,0.02175407166951904,-0.21722152444172185,-0.6604895487287015,1.5237392001924979,,0.13859497572773094,0,,1.3111495891354643,0,-0.0,-0.0,-0.0,0.054908991731608014,0.0,,-0.2848099125231428,0.0,-0.08215369473237912,-0.0,0.0,-0.28001915029044205,-0.0,0.11689164171051836,0.13805342466396242,,0.36735594683604855,,6367.633110307878,6367.633110307878,,,0.02969988641119149,0.7052864552,-0.21722152444172185,0.559784724075,-0.6604895487287015,-0.0,-0.0,-0.0,0.0,,-0.2848099125231428,0.0,-0.0,0.0,-0.0
27,Guizhou,2005,0.10178000785063723,0.13673184552955675,,0.13767463820516213,0.16064595040571117,0.17919325546440934,,216.95000000000005,,,,,0.02899806537012524,0.7052864552,0.559784724075,0.02175407166951904,-0.21722152444172185,-0.6604895487287015,1.5237392001924979,,0.1204312655274813,1,,0.8548468599396662,0,-0.0,-0.0,-0.0,0.054908991731608014,0.0,,-0.1856911380803134,0.0,-0.08215369473237912,-0.0,0.0,-0.28001915029044205,-0.0,0.10178000785063723,0.13673184552955675,,0.13767463820516213,,,,,,0.02899806537012524,0.7052864552,-0.21722152444172185,0.559784724075,-0.6604895487287015,-0.0,-0.0,-0.0,0.0,,-0.1856911380803134,0.0,-0.0,0.0,-0.0
27,Guizhou,2006,0.21235149478048854,0.28893221243286593,,0.2603036006284176,0.15447064259795695,0.17763160227416908,,501.5200000000002,5298.885017421603,5298.885017421603,,,0.03317148715264145,0.7052864552,0.559784724075,0.02175407166951904,-0.21722152444172185,-0.6604895487287015,1.5237392001924979,,0.1288484193955256,1,,1.0662998196987796,0,-0.0,-0.0,-0.0,0.054908991731608014,0.0,,-0.23162327234690205,0.0,-0.08215369473237912,-0.0,0.0,-0.28001915029044205,-0.0,0.21235149478048854,0.28893221243286593,,0.2603036006284176,,5298.885017421603,5298.885017421603,,,0.03317148715264145,0.7052864552,-0.21722152444172185,0.559784724075,-0.6604895487287015,-0.0,-0.0,-0.0,0.0,,-0.23162327234690205,0.0,-0.0,0.0,-0.0
27,Guizhou,2007,0.16758737226907172,0.08241216273159413,0.1063356498160326,0.0994021150431692,0.22927573831677162,0.21973796875891427,161.0,228.69999999999982,5173.621553884712,5173.621553884712,-0.023923487084438477,0.05584460631286854,0.0286406520985085,0.7052864552,0.559784724075,0.02175407166951904,-0.21722152444172185,-0.6604895487287015,1.5237392001924979,0.07460781837107273,0.1340029619229762,31,0.1407159218069819,1.1957905348170592,0,-0.0,-0.0,-0.0,0.054908991731608014,0.0,-0.03056652704813474,-0.2597514428859435,0.0,-0.08215369473237912,-0.0,0.0,-0.28001915029044205,-0.0,0.16758737226907172,0.08241216273159413,0.1063356498160326,0.0994021150431692,161.0,5173.621553884712,5173.621553884712,-0.023923487084438477,0.05584460631286854,0.0286406520985085,0.7052864552,-0.21722152444172185,0.559784724075,-0.6604895487287015,-0.0,-0.0,-0.0,0.0,-0.03056652704813474,-0.2597514428859435,0.0,-0.0,0.0,-0.0
27,Guizhou,2008,0.037617744364628614,-0.017704334920881415,0.07307808288772133,0.09730165095679677,0.20848231498033432,0.19144702101543043,121.0,247.0,4724.635993011066,4724.635993011066,-0.09078241780860274,0.0340720299608594,0.022842902599048236,0.7052864552,0.559784724075,0.02175407166951904,-0.21722152444172185,-0.6604895487287015,1.5237392001924979,0.23086049090782326,0.08538316258007597,31,3.540528004544794,-0.02562000788211561,0,-0.0,-0.0,-0.0,0.054908991731608014,0.0,-0.7690788904758277,0.005565217168362083,0.0,-0.08215369473237912,-0.0,0.0,-0.28001915029044205,-0.0,0.037617744364628614,-0.017704334920881415,0.07307808288772133,0.09730165095679677,121.0,4724.635993011066,4724.635993011066,-0.09078241780860274,0.0340720299608594,0.022842902599048236,0.7052864552,-0.21722152444172185,0.559784724075,-0.6604895487287015,-0.0,-0.0,-0.0,0.0,-0.7690788904758277,0.005565217168362083,0.0,-0.0,0.0,-0.0
27,Guizhou,2009,0.13062675463865947,0.18814107852818296,0.008120694278733076,0.14866591047183597,0.09640265247004365,0.09114716375198828,14.0,427.0,5656.531548238013,5656.531548238013,0.18002038424944988,0.0035799217531388245,0.025037604802209325,0.7052864552,0.559784724075,0.02175407166951904,-0.21722152444172185,-0.6604895487287015,1.5237392001924979,0.10001935023920526,0.053951541707971624,31,0.6936308363716208,-0.8152348073294063,0,-0.0,-0.0,-0.0,0.054908991731608014,0.0,-0.15067154767643,0.17708654762604706,0.0,-0.08215369473237912,-0.0,0.0,-0.28001915029044205,-0.0,0.13062675463865947,0.18814107852818296,0.008120694278733076,0.14866591047183597,14.0,5656.531548238013,5656.531548238013,0.18002038424944988,0.0035799217531388245,0.025037604802209325,0.7052864552,-0.21722152444172185,0.559784724075,-0.6604895487287015,-0.0,-0.0,-0.0,0.0,-0.15067154767643,0.17708654762604706,0.0,-0.0,0.0,-0.0
27,Guizhou,2010,0.004056918044138769,-0.01036862301849606,0.012629329745025508,0.09792433000578704,0.15879018977087078,0.14502926432938423,22.0,318.0,5527.927387335995,5527.927387335995,-0.022997952763521567,0.0047996158212965144,0.021141122427684077,0.7052864552,0.559784724075,0.02175407166951904,-0.21722152444172185,-0.6604895487287015,1.5237392001924979,0.11994848128667408,0.13785180451035353,31,1.1272573429372206,1.2924798872402858,0,-0.0,-0.0,-0.0,0.054908991731608014,0.0,-0.2448645584709479,-0.28075445141659966,0.0,-0.08215369473237912,-0.0,0.0,-0.28001915029044205,-0.0,0.004056918044138769,-0.01036862301849606,0.012629329745025508,0.09792433000578704,22.0,5527.927387335995,5527.927387335995,-0.022997952763521567,0.0047996158212965144,0.021141122427684077,0.7052864552,-0.21722152444172185,0.559784724075,-0.6604895487287015,-0.0,-0.0,-0.0,0.0,-0.2448645584709479,-0.28075445141659966,0.0,-0.0,0.0,-0.0
27,Guizhou,2011,-0.004607786400534941,0.0551463399740193,0.14670718711459863,0.1348139373687527,0.2162915418622937,0.21565688233397484,277.0,492.0,5044.265753694581,5044.265753694581,-0.09156084714057933,0.04867762059572973,0.01799465684913452,0.7052864552,0.559784724075,0.02175407166951904,-0.21722152444172185,-0.6604895487287015,1.5237392001924979,0.08951107708331604,0.11887028262747688,31,0.46498736126114687,0.8156323630308685,0,-0.0,-0.0,-0.0,0.054908991731608014,0.0,-0.10100526345927996,-0.17717290528156915,0.0,-0.08215369473237912,-0.0,0.0,-0.28001915029044205,-0.0,-0.004607786400534941,0.0551463399740193,0.14670718711459863,0.1348139373687527,277.0,5044.265753694581,5044.265753694581,-0.09156084714057933,0.04867762059572973,0.01799465684913452,0.7052864552,-0.21722152444172185,0.559784724075,-0.6604895487287015,-0.0,-0.0,-0.0,0.0,-0.10100526345927996,-0.17717290528156915,0.0,-0.0,0.0,-0.0
27,Guizhou,2012,0.15946444548895844,0.0014013698742099123,0.07403759670065124,0.02755831079395854,0.1822483473075387,0.18457679227313406,156.0,109.0,4690.85973010064,4690.85973010064,-0.07263622682644133,0.022846765237082567,0.015017675809995815,0.7052864552,0.559784724075,0.02175407166951904,-0.21722152444172185,-0.6604895487287015,1.5237392001924979,0.0756167924904256,0.06311076158020731,31,0.162669609679673,-0.5851399104757836,0,-0.21722152444172185,-0.0,-0.0,0.054908991731608014,0.0,-0.03533534059495844,0.12710498336524237,0.0,-0.08215369473237912,-0.0,0.0,-0.28001915029044205,-0.0,0.15946444548895844,0.0014013698742099123,0.07403759670065124,0.02755831079395854,156.0,4690.85973010064,4690.85973010064,-0.07263622682644133,0.022846765237082567,0.015017675809995815,0.7052864552,-0.21722152444172185,0.559784724075,-0.6604895487287015,-0.21722152444172185,-0.0,-0.0,0.0,-0.03533534059495844,0.12710498336524237,0.0,-0.0,0.0,-0.0
27,Guizhou,2013,0.03666076252812367,0.14797480168590216,0.10705167404703797,0.10993854913120238,0.1683330187950567,0.15459227842131984,247.0,466.0,4886.806411837238,4886.806411837238,0.04092312763886419,0.03056968564672441,0.014715033784020021,0.7052864552,0.559784724075,0.02175407166951904,-0.21722152444172185,-0.6604895487287015,1.5237392001924979,0.05332030642613454,0.09052161106014825,31,-0.3224668138662537,0.10346639789288713,0,-0.21722152444172185,-0.0,-0.0,0.054908991731608014,0.0,0.0700467328898926,-0.0224751286787867,0.0,-0.08215369473237912,-0.0,0.0,-0.28001915029044205,-0.0,0.03666076252812367,0.14797480168590216,0.10705167404703797,0.10993854913120238,247.0,4886.806411837238,4886.806411837238,0.04092312763886419,0.03056968564672441,0.014715033784020021,0.7052864552,-0.21722152444172185,0.559784724075,-0.6604895487287015,-0.21722152444172185,-0.0,-0.0,0.0,0.0700467328898926,-0.0224751286787867,0.0,-0.0,0.0,-0.0
27,Guizhou,2014,0.03959290979972874,-0.12828727064308953,0.019939622981030247,0.04221512553912099,0.14036606297468524,0.12198594339189484,49.0,193.0,4213.577759871072,4213.577759871072,-0.14822689362411978,0.005270233933853187,0.011248292551761227,0.7052864552,0.559784724075,0.02175407166951904,-0.21722152444172185,-0.6604895487287015,1.5237392001924979,0.07238772123836522,0.05502636777100867,31,0.09241010447860744,-0.7882333819285628,0,-0.21722152444172185,-0.0,-0.0,0.054908991731608014,0.0,-0.020073463768661894,0.17122125683837638,0.0,-0.08215369473237912,-0.0,0.0,-0.28001915029044205,-0.0,0.03959290979972874,-0.12828727064308953,0.019939622981030247,0.04221512553912099,49.0,4213.577759871072,4213.577759871072,-0.14822689362411978,0.005270233933853187,0.011248292551761227,0.7052864552,-0.21722152444172185,0.559784724075,-0.6604895487287015,-0.21722152444172185,-0.0,-0.0,0.0,-0.020073463768661894,0.17122125683837638,0.0,-0.0,0.0,-0.0
27,Guizhou,2015,0.03875090337473708,-0.06532620183145443,0.0782435323270203,0.08160663559068304,0.15783305530660208,0.1169142430018848,202.0,397.0,3650.055514157973,3650.055514157973,-0.14356973415847474,0.018554068576572273,0.008998492711557714,0.7052864552,0.559784724075,0.02175407166951904,-0.21722152444172185,-0.6604895487287015,1.5237392001924979,0.07881055819591727,0.01369788281902884,31,0.23216092178769712,-1.826473932411288,0,-0.21722152444172185,-0.0,-0.0,0.054908991731608014,0.0,-0.050430349346518924,0.3967494519514464,0.0,-0.08215369473237912,-0.0,0.0,-0.28001915029044205,-0.0,0.03875090337473708,-0.06532620183145443,0.0782435323270203,0.08160663559068304,202.0,3650.055514157973,3650.055514157973,-0.14356973415847474,0.018554068576572273,0.008998492711557714,0.7052864552,-0.21722152444172185,0.559784724075,-0.6604895487287015,-0.21722152444172185,-0.0,-0.0,0.0,-0.050430349346518924,0.3967494519514464,0.0,-0.0,0.0,-0.0
27,Guizhou,2016,0.04793380639778899,0.12804270476280788,0.11595988109486743,0.0840130715853391,0.10842458605703342,0.10415040139215037,330.0,444.0,3694.42601194426,3694.42601194426,0.012082823667940445,0.027196532030097496,0.00917676921682229,0.7052864552,0.559784724075,0.02175407166951904,-0.21722152444172185,-0.6604895487287015,1.5237392001924979,0.05903759135568659,0.05014379919751098,31,-0.1980676975607446,-0.9108916571933824,1,-0.21722152444172185,-0.21722152444172185,-0.2527787790493087,0.054908991731608014,0.054908991731608014,0.043024567206806856,0.19786527437679283,0.3250023401543279,-0.08215369473237912,-0.08215369473237912,1.1077636791489514,-0.28001915029044205,-0.28001915029044205,0.04793380639778899,0.12804270476280788,0.11595988109486743,0.0840130715853391,330.0,3694.42601194426,3694.42601194426,0.012082823667940445,0.027196532030097496,0.00917676921682229,0.7052864552,-0.21722152444172185,0.559784724075,-0.6604895487287015,-0.21722152444172185,-0.21722152444172185,-0.2527787790493087,0.054908991731608014,0.043024567206806856,0.19786527437679283,0.3250023401543279,-0.08215369473237912,1.1077636791489514,-0.28001915029044205
27,Guizhou,2017,0.014605784739667449,0.017713757038095856,0.04730392739451794,0.047492978879221326,0.14784976687627882,0.10650330677424513,146.0,268.0,3586.7088607594937,3586.7088607594937,-0.029590170356422085,0.010378679632907523,0.008056983216395471,0.7052864552,0.559784724075,0.02175407166951904,-0.21722152444172185,-0.6604895487287015,1.5237392001924979,0.033173774099243235,0.0667308662369896,31,-0.7608236299016604,-0.49419683680565485,1,-0.21722152444172185,-0.21722152444172185,-0.2527787790493087,0.054908991731608014,0.054908991731608014,0.16526726871852307,0.10735019026520118,0.3250023401543279,-0.08215369473237912,-0.08215369473237912,1.1077636791489514,-0.28001915029044205,-0.28001915029044205,0.014605784739667449,0.017713757038095856,0.04730392739451794,0.047492978879221326,146.0,3586.7088607594937,3586.7088607594937,-0.029590170356422085,0.010378679632907523,0.008056983216395471,0.7052864552,-0.21722152444172185,0.559784724075,-0.6604895487287015,-0.21722152444172185,-0.21722152444172185,-0.2527787790493087,0.054908991731608014,0.16526726871852307,0.10735019026520118,0.3250023401543279,-0.08215369473237912,1.1077636791489514,-0.28001915029044205
27,Guizhou,2018,0.04503670263115822,0.07165974337190306,0.03207499001236158,0.044180833281719956,0.12162303154557463,0.10227387627718976,103.0,261.0,3731.5353968740424,3731.5353968740424,0.03958475335954148,0.006483451462238616,0.007664320874195863,0.7052864552,0.559784724075,0.02175407166951904,-0.21722152444172185,-0.6604895487287015,1.5237392001924979,0.03201785921534048,0.096922743210444,31,-0.785974517403983,0.26427352583763797,1,-0.21722152444172185,-0.21722152444172185,-0.2527787790493087,0.054908991731608014,0.054908991731608014,0.17073058284283985,-0.05740589815204049,0.3250023401543279,-0.08215369473237912,-0.08215369473237912,1.1077636791489514,-0.28001915029044205,-0.28001915029044205,0.04503670263115822,0.07165974337190306,0.03207499001236158,0.044180833281719956,103.0,3731.5353968740424,3731.5353968740424,0.03958475335954148,0.006483451462238616,0.007664320874195863,0.7052864552,-0.21722152444172185,0.559784724075,-0.6604895487287015,-0.21722152444172185,-0.21722152444172185,-0.2527787790493087,0.054908991731608014,0.17073058284283985,-0.05740589815204049,0.3250023401543279,-0.08215369473237912,1.1077636791489514,-0.28001915029044205
27,Guizhou,2019,0.08804168885311547,0.0948919822297496,0.04406527368424307,0.08867968707552087,0.08244055722198596,0.0582736862595592,147.0,560.0,3926.099706744868,3926.099706744868,0.05082670854550653,0.0085208495043503,0.007760349194846382,0.7052864552,0.559784724075,0.02175407166951904,-0.21722152444172185,-0.6604895487287015,1.5237392001924979,0.0323398613545378,0.051984497690370696,31,-0.7789682579542254,-0.8646502375352481,1,-0.21722152444172185,-0.21722152444172185,-0.2527787790493087,0.054908991731608014,0.054908991731608014,0.16920867248452928,0.1878206427063035,0.3250023401543279,-0.08215369473237912,-0.08215369473237912,1.1077636791489514,-0.28001915029044205,-0.28001915029044205,0.08804168885311547,0.0948919822297496,0.04406527368424307,0.08867968707552087,147.0,3926.099706744868,3926.099706744868,0.05082670854550653,0.0085208495043503,0.007760349194846382,0.7052864552,-0.21722152444172185,0.559784724075,-0.6604895487287015,-0.21722152444172185,-0.21722152444172185,-0.2527787790493087,0.054908991731608014,0.16920867248452928,0.1878206427063035,0.3250023401543279,-0.08215369473237912,1.1077636791489514,-0.28001915029044205
27,Guizhou,2020,0.04344654917401236,-0.007121202463617138,0.04304825356851261,0.12504725415363716,0.05943801973183582,0.007595383594640737,150.0,879.0,3733.9887640449438,3733.9887640449438,-0.050169456032129744,0.008193004910723284,0.007260640951882974,0.7052864552,0.559784724075,0.02175407166951904,-0.21722152444172185,-0.6604895487287015,1.5237392001924979,0.04438090693127943,0.037262753188721555,31,-0.5169740688245997,-1.2344850411390522,1,-0.21722152444172185,-0.21722152444172185,-0.2527787790493087,0.054908991731608014,0.054908991731608014,0.11229789532691918,0.2681567225367266,0.3250023401543279,-0.08215369473237912,-0.08215369473237912,1.1077636791489514,-0.28001915029044205,-0.28001915029044205,0.04344654917401236,-0.007121202463617138,0.04304825356851261,0.12504725415363716,150.0,3733.9887640449438,3733.9887640449438,-0.050169456032129744,0.008193004910723284,0.007260640951882974,0.7052864552,-0.21722152444172185,0.559784724075,-0.6604895487287015,-0.21722152444172185,-0.21722152444172185,-0.2527787790493087,0.054908991731608014,0.11229789532691918,0.2681567225367266,0.3250023401543279,-0.08215369473237912,1.1077636791489514,-0.28001915029044205
27,Guizhou,2021,0.02713394522687196,0.08324919966178168,0.0033651181503149274,0.012623913576764068,0.08443499771234642,0.07699436956812633,12.0,95.0,4044.5128779395295,4044.5128779395295,0.07988408151146675,0.0006023702970001809,0.007252036400634677,0.7052864552,0.559784724075,0.02175407166951904,-0.21722152444172185,-0.6604895487287015,1.5237392001924979,0.037499334228858976,0.0910393120777722,31,-0.6667062535104331,0.1164719118900222,1,-0.21722152444172185,-0.21722152444172185,-0.2527787790493087,0.054908991731608014,0.054908991731608014,0.14482294874236534,-0.025300206255392532,0.3250023401543279,-0.08215369473237912,-0.08215369473237912,1.1077636791489514,-0.28001915029044205,-0.28001915029044205,0.02713394522687196,0.08324919966178168,0.0033651181503149274,0.012623913576764068,12.0,4044.5128779395295,4044.5128779395295,0.07988408151146675,0.0006023702970001809,0.007252036400634677,0.7052864552,-0.21722152444172185,0.559784724075,-0.6604895487287015,-0.21722152444172185,-0.21722152444172185,-0.2527787790493087,0.054908991731608014,0.14482294874236534,-0.025300206255392532,0.3250023401543279,-0.08215369473237912,1.1077636791489514,-0.28001915029044205
27,Guizhou,2022,-0.029736026186631292,-0.032215474052950555,0.060031599692509374,0.0656685439819995,0.03250587340956024,0.0014002598158153745,221.0,514.0,3688.109675718428,3688.109675718428,-0.09224707374545993,0.01073884205155616,0.006797541242498603,0.7052864552,0.559784724075,0.02175407166951904,-0.21722152444172185,-0.6604895487287015,1.5237392001924979,0.030562387673295114,0.03176275653557354,31,-0.8176432860361678,-1.3726541407189772,1,-0.21722152444172185,-0.21722152444172185,-0.2527787790493087,0.054908991731608014,0.054908991731608014,0.17760972104231518,0.298170024978218,0.3250023401543279,-0.08215369473237912,-0.08215369473237912,1.1077636791489514,-0.28001915029044205,-0.28001915029044205,-0.029736026186631292,-0.032215474052950555,0.060031599692509374,0.0656685439819995,221.0,3688.109675718428,3688.109675718428,-0.09224707374545993,0.01073884205155616,0.006797541242498603,0.7052864552,-0.21722152444172185,0.559784724075,-0.6604895487287015,-0.21722152444172185,-0.21722152444172185,-0.2527787790493087,0.054908991731608014,0.17760972104231518,0.298170024978218,0.3250023401543279,-0.08215369473237912,1.1077636791489514,-0.28001915029044205
27,Guizhou,2023,0.02990445736526315,0.176418591764123,0.0071376615393106135,0.034276568937050556,0.04439446034398031,0.042747568722102613,27.170000000000073,282.0,4368.39198255575,4368.39198255575,0.1692809302248124,0.0012629162469922105,0.007756918045567152,0.7052864552,0.559784724075,0.02175407166951904,-0.21722152444172185,-0.6604895487287015,1.5237392001924979,0.034067135169903805,0.07133473617818979,31,-0.7413854998974198,-0.3785399365428838,1,-0.21722152444172185,-0.21722152444172185,-0.2527787790493087,0.054908991731608014,0.054908991731608014,0.16104488848670553,0.08222702207791788,0.3250023401543279,-0.08215369473237912,-0.08215369473237912,1.1077636791489514,-0.28001915029044205,-0.28001915029044205,0.02990445736526315,0.176418591764123,0.0071376615393106135,0.034276568937050556,27.170000000000073,4368.39198255575,4368.39198255575,0.1692809302248124,0.0012629162469922105,0.007756918045567152,0.7052864552,-0.21722152444172185,0.559784724075,-0.6604895487287015,-0.21722152444172185,-0.21722152444172185,-0.2527787790493087,0.054908991731608014,0.16104488848670553,0.08222702207791788,0.3250023401543279,-0.08215369473237912,1.1077636791489514,-0.28001915029044205
28,Liaoning,2000,,,,,,,,,4505.700284834875,4505.700284834875,,,0.013351191047422621,0.94136615565,0.867375596475,0.008388925752589916,0.7412501653517979,0.655959944502101,-0.17934995331998166,,,0,,,0,0.0,0.0,-0.0,-0.23132681878157016,-0.0,,,0.0,-0.05252397225547483,-0.0,-0.0,0.001245497056976176,0.0,,,,,,4505.700284834875,4505.700284834875,,,0.013351191047422621,0.94136615565,0.7412501653517979,0.867375596475,0.655959944502101,0.0,0.0,-0.0,-0.0,,,0.0,-0.0,-0.0,0.0
28,Liaoning,2001,0.02529767085040735,0.016863380003302453,0.01000154682585741,0.011327367550149958,0.07595732502330144,0.04002543578640516,14.009999999999991,17.350000000000136,4536.72396647251,4536.72396647251,0.0068618331774450425,0.0027606455843592085,0.012585075815978163,0.94136615565,0.867375596475,0.008388925752589916,0.7412501653517979,0.655959944502101,-0.17934995331998166,0.06028087511627794,0.10333775942244862,31,-0.17101580089295476,0.42542944459551196,0,0.0,0.0,-0.0,-0.23132681878157016,-0.0,-0.12676549068967286,0.31534964615194677,0.0,-0.05252397225547483,-0.0,-0.0,0.001245497056976176,0.0,0.02529767085040735,0.016863380003302453,0.01000154682585741,0.011327367550149958,14.009999999999991,4536.72396647251,4536.72396647251,0.0068618331774450425,0.0027606455843592085,0.012585075815978163,0.94136615565,0.7412501653517979,0.867375596475,0.655959944502101,0.0,0.0,-0.0,-0.0,-0.12676549068967286,0.31534964615194677,0.0,-0.0,-0.0,0.0
28,Liaoning,2002,0.09109719092700885,0.10486092323027663,0.021913276418863425,0.020942770203425276,0.08185843247899349,0.06688770289303125,31.190000000000055,32.59999999999991,4929.0822034899475,4929.0822034899475,0.0829476468114132,0.005662878305780115,0.01287791905580882,0.94136615565,0.867375596475,0.008388925752589916,0.7412501653517979,0.655959944502101,-0.17934995331998166,0.03622957213462816,0.07192239437819348,31,-0.6943342770192986,-0.36377698131293934,0,0.0,0.0,-0.0,-0.23132681878157016,-0.0,-0.5146753976499762,-0.2696497475493942,0.0,-0.05252397225547483,-0.0,-0.0,0.001245497056976176,0.0,0.09109719092700885,0.10486092323027663,0.021913276418863425,0.020942770203425276,31.190000000000055,4929.0822034899475,4929.0822034899475,0.0829476468114132,0.005662878305780115,0.01287791905580882,0.94136615565,0.7412501653517979,0.867375596475,0.655959944502101,0.0,0.0,-0.0,-0.0,-0.5146753976499762,-0.2696497475493942,0.0,-0.0,-0.0,0.0
28,Liaoning,2003,0.1434114842797456,0.1356052603551312,,0.03867701110132238,0.08118454440528922,0.08876004911731616,,62.02999999999997,,,,,0.013598165032841754,0.94136615565,0.867375596475,0.008388925752589916,0.7412501653517979,0.655959944502101,-0.17934995331998166,,0.174536334595533,0,,2.2140565371971155,0,0.0,0.0,-0.0,-0.23132681878157016,-0.0,,1.6411697742955909,0.0,-0.05252397225547483,-0.0,-0.0,0.001245497056976176,0.0,0.1434114842797456,0.1356052603551312,,0.03867701110132238,,,,,,0.013598165032841754,0.94136615565,0.7412501653517979,0.867375596475,0.655959944502101,0.0,0.0,-0.0,-0.0,,1.6411697742955909,0.0,-0.0,-0.0,0.0
28,Liaoning,2004,0.044096959491909615,0.03634961759310329,,0.009514170956373746,0.09176409600853397,0.04028964587848094,,15.63000000000011,5630.7025928624425,5630.7025928624425,,,0.012865127819993957,0.94136615565,0.867375596475,0.008388925752589916,0.7412501653517979,0.655959944502101,-0.17934995331998166,,0.13859497572773094,0,,1.3111495891354643,0,0.0,0.0,-0.0,-0.23132681878157016,-0.0,,0.9718898497476047,0.0,-0.05252397225547483,-0.0,-0.0,0.001245497056976176,0.0,0.044096959491909615,0.03634961759310329,,0.009514170956373746,,5630.7025928624425,5630.7025928624425,,,0.012865127819993957,0.94136615565,0.7412501653517979,0.867375596475,0.655959944502101,0.0,0.0,-0.0,-0.0,,0.9718898497476047,0.0,-0.0,-0.0,0.0
28,Liaoning,2005,0.033009191208830835,0.005280618474893473,,0.0606445782259355,0.11452467898911856,0.1521587723519051,,103.19999999999982,,,,,0.011533736168076703,0.94136615565,0.867375596475,0.008388925752589916,0.7412501653517979,0.655959944502101,-0.17934995331998166,,0.1204312655274813,1,,0.8548468599396662,0,0.0,0.0,-0.0,-0.23132681878157016,-0.0,,0.6336553762807429,0.0,-0.05252397225547483,-0.0,-0.0,0.001245497056976176,0.0,0.033009191208830835,0.005280618474893473,,0.0606445782259355,,,,,,0.011533736168076703,0.94136615565,0.7412501653517979,0.867375596475,0.655959944502101,0.0,0.0,-0.0,-0.0,,0.6336553762807429,0.0,-0.0,-0.0,0.0
28,Liaoning,2006,0.11512895247893251,0.1283665123144182,,0.04458264691289049,0.14516797094656475,0.1647508514427578,,79.96000000000004,5758.1484360983195,5758.1484360983195,,,0.011341571421473417,0.94136615565,0.867375596475,0.008388925752589916,0.7412501653517979,0.655959944502101,-0.17934995331998166,,0.1288484193955256,1,,1.0662998196987796,0,0.0,0.0,-0.0,-0.23132681878157016,-0.0,,0.7903949176663126,0.0,-0.05252397225547483,-0.0,-0.0,0.001245497056976176,0.0,0.11512895247893251,0.1283665123144182,,0.04458264691289049,,5758.1484360983195,5758.1484360983195,,,0.011341571421473417,0.94136615565,0.7412501653517979,0.867375596475,0.655959944502101,0.0,0.0,-0.0,-0.0,,0.7903949176663126,0.0,-0.0,-0.0,0.0
28,Liaoning,2007,0.09444600258346814,0.09900271440107744,0.16496793469395765,0.15907752550590804,0.20518919081569642,0.22005067518888843,299.9000000000001,316.20000000000005,5390.567951318459,5390.567951318459,-0.06596522029288021,0.028773458187819023,0.01019898683655064,0.94136615565,0.867375596475,0.008388925752589916,0.7412501653517979,0.655959944502101,-0.17934995331998166,0.07460781837107273,0.1340029619229762,31,0.1407159218069819,1.1957905348170592,0,0.0,0.0,-0.0,-0.23132681878157016,-0.0,0.10430570030705599,0.88637993165926,0.0,-0.05252397225547483,-0.0,-0.0,0.001245497056976176,0.0,0.09444600258346814,0.09900271440107744,0.16496793469395765,0.15907752550590804,299.9000000000001,5390.567951318459,5390.567951318459,-0.06596522029288021,0.028773458187819023,0.01019898683655064,0.94136615565,0.7412501653517979,0.867375596475,0.655959944502101,0.0,0.0,-0.0,-0.0,0.10430570030705599,0.88637993165926,0.0,-0.0,-0.0,0.0
28,Liaoning,2008,0.020250417900111728,0.020825455553168837,0.009086382555957506,0.031588801810885414,0.16584742083843906,0.21486461853042726,18.0,69.0,5454.221105527638,5454.221105527638,0.01173907299721133,0.001463057790782736,0.008822157197431521,0.94136615565,0.867375596475,0.008388925752589916,0.7412501653517979,0.655959944502101,-0.17934995331998166,0.23086049090782326,0.08538316258007597,31,3.540528004544794,-0.02562000788211561,0,0.0,0.0,-0.0,-0.23132681878157016,-0.0,2.6244169688014996,-0.01899083507893256,0.0,-0.05252397225547483,-0.0,-0.0,0.001245497056976176,0.0,0.020250417900111728,0.020825455553168837,0.009086382555957506,0.031588801810885414,18.0,5454.221105527638,5454.221105527638,0.01173907299721133,0.001463057790782736,0.008822157197431521,0.94136615565,0.7412501653517979,0.867375596475,0.655959944502101,0.0,0.0,-0.0,-0.0,2.6244169688014996,-0.01899083507893256,0.0,-0.0,-0.0,0.0
28,Liaoning,2009,0.02144973231307823,0.02866769689823645,0.12545869489941097,0.14956928771977118,0.05535234593877192,0.04155942925263112,266.0,358.0,4951.045793439716,4951.045793439716,-0.09679099800117452,0.02045650301464255,0.008589854274332471,0.94136615565,0.867375596475,0.008388925752589916,0.7412501653517979,0.655959944502101,-0.17934995331998166,0.10001935023920526,0.053951541707971624,31,0.6936308363716208,-0.8152348073294063,0,0.0,0.0,-0.0,-0.23132681878157016,-0.0,0.5141539721535698,-0.6042929357334635,0.0,-0.05252397225547483,-0.0,-0.0,0.001245497056976176,0.0,0.02144973231307823,0.02866769689823645,0.12545869489941097,0.14956928771977118,266.0,4951.045793439716,4951.045793439716,-0.09679099800117452,0.02045650301464255,0.008589854274332471,0.94136615565,0.7412501653517979,0.867375596475,0.655959944502101,0.0,0.0,-0.0,-0.0,0.5141539721535698,-0.6042929357334635,0.0,-0.0,-0.0,0.0
28,Liaoning,2010,0.10801417303615501,0.07507871762076412,0.2059757476918449,0.22523681873747492,0.08139057930485194,0.0937199246545628,516.0,651.0,4343.592608225108,4343.592608225108,-0.13089703007108078,0.036580697301819114,0.008535807051000297,0.94136615565,0.867375596475,0.008388925752589916,0.7412501653517979,0.655959944502101,-0.17934995331998166,0.11994848128667408,0.13785180451035353,31,1.1272573429372206,1.2924798872402858,0,0.0,0.0,-0.0,-0.23132681878157016,-0.0,0.835579691846243,0.958050930130735,0.0,-0.05252397225547483,-0.0,-0.0,0.001245497056976176,0.0,0.10801417303615501,0.07507871762076412,0.2059757476918449,0.22523681873747492,516.0,4343.592608225108,4343.592608225108,-0.13089703007108078,0.036580697301819114,0.008535807051000297,0.94136615565,0.7412501653517979,0.867375596475,0.655959944502101,0.0,0.0,-0.0,-0.0,0.835579691846243,0.958050930130735,0.0,-0.0,-0.0,0.0
28,Liaoning,2011,0.05616401001506599,0.04684599335489903,0.028100728602877822,0.051912681214412615,0.16193076084242541,0.16600713958190028,79.0,172.0,4425.782329007366,4425.782329007366,0.018745264752021207,0.004763253919841431,0.007607884487595372,0.94136615565,0.867375596475,0.008388925752589916,0.7412501653517979,0.655959944502101,-0.17934995331998166,0.08951107708331604,0.11887028262747688,31,0.46498736126114687,0.8156323630308685,0,0.0,0.0,-0.0,-0.23132681878157016,-0.0,0.3446719584213213,0.6045876239629089,0.0,-0.05252397225547483,-0.0,-0.0,0.001245497056976176,0.0,0.05616401001506599,0.04684599335489903,0.028100728602877822,0.051912681214412615,79.0,4425.782329007366,4425.782329007366,0.018745264752021207,0.004763253919841431,0.007607884487595372,0.94136615565,0.7412501653517979,0.867375596475,0.655959944502101,0.0,0.0,-0.0,-0.0,0.3446719584213213,0.6045876239629089,0.0,-0.0,-0.0,0.0
28,Liaoning,2012,0.050612370897585635,0.016100423258970764,0.0700912975763357,0.11306604577824508,0.08891881756479947,0.04702116755836094,207.0,407.0,4193.166540222367,4193.166540222367,-0.053990874317364934,0.011419051611906707,0.007073580220216686,0.94136615565,0.867375596475,0.008388925752589916,0.7412501653517979,0.655959944502101,-0.17934995331998166,0.0756167924904256,0.06311076158020731,31,0.162669609679673,-0.5851399104757836,0,0.7412501653517979,0.0,-0.0,-0.23132681878157016,-0.0,0.12057887507277004,-0.43373505539411084,0.0,-0.05252397225547483,-0.0,-0.0,0.001245497056976176,0.0,0.050612370897585635,0.016100423258970764,0.0700912975763357,0.11306604577824508,207.0,4193.166540222367,4193.166540222367,-0.053990874317364934,0.011419051611906707,0.007073580220216686,0.94136615565,0.7412501653517979,0.867375596475,0.655959944502101,0.7412501653517979,0.0,-0.0,-0.0,0.12057887507277004,-0.43373505539411084,0.0,-0.0,-0.0,0.0
28,Liaoning,2013,0.07537181650630664,0.0406510892744496,-0.009858771931668286,0.0409165526972437,0.0747363072080951,0.0350815960370241,-30.0,159.0,4410.402906208718,4410.402906208718,0.05050986120611789,-0.0015357600970723243,0.006836538456123923,0.94136615565,0.867375596475,0.008388925752589916,0.7412501653517979,0.655959944502101,-0.17934995331998166,0.05332030642613454,0.09052161106014825,31,-0.3224668138662537,0.10346639789288713,0,0.7412501653517979,0.0,-0.0,-0.23132681878157016,-0.0,-0.239028579098828,0.0766944845464575,0.0,-0.05252397225547483,-0.0,-0.0,0.001245497056976176,0.0,0.07537181650630664,0.0406510892744496,-0.009858771931668286,0.0409165526972437,-30.0,4410.402906208718,4410.402906208718,0.05050986120611789,-0.0015357600970723243,0.006836538456123923,0.94136615565,0.7412501653517979,0.867375596475,0.655959944502101,0.7412501653517979,0.0,-0.0,-0.0,-0.239028579098828,0.0766944845464575,0.0,-0.0,-0.0,0.0
28,Liaoning,2014,0.06368188593348467,0.02239847228090941,0.01832512012588161,0.0554199169211369,0.042455680719307054,-0.018133523245747796,56.0,226.0,4428.404669260701,4428.404669260701,0.0040733521550277985,0.002747589725976989,0.006700782572430881,0.94136615565,0.867375596475,0.008388925752589916,0.7412501653517979,0.655959944502101,-0.17934995331998166,0.07238772123836522,0.05502636777100867,31,0.09241010447860744,-0.7882333819285628,0,0.7412501653517979,0.0,-0.0,-0.23132681878157016,-0.0,0.06849900522494468,-0.5842781246903541,0.0,-0.05252397225547483,-0.0,-0.0,0.001245497056976176,0.0,0.06368188593348467,0.02239847228090941,0.01832512012588161,0.0554199169211369,56.0,4428.404669260701,4428.404669260701,0.0040733521550277985,0.002747589725976989,0.006700782572430881,0.94136615565,0.7412501653517979,0.867375596475,0.655959944502101,0.7412501653517979,0.0,-0.0,-0.0,0.06849900522494468,-0.5842781246903541,0.0,-0.0,-0.0,0.0
28,Liaoning,2015,0.005505925101907394,-0.009190612336674064,-0.0032478105846802663,0.030540311065953674,0.013465393809827475,-0.07991182496740379,-10.0,130.0,4402.165582303189,4402.165582303189,-0.005942801751993798,-0.00048407862966634254,0.006550676424852772,0.94136615565,0.867375596475,0.008388925752589916,0.7412501653517979,0.655959944502101,-0.17934995331998166,0.07881055819591727,0.01369788281902884,31,0.23216092178769712,-1.826473932411288,0,0.7412501653517979,0.0,-0.0,-0.23132681878157016,-0.0,0.1720893216633563,-1.3538741044106157,0.0,-0.05252397225547483,-0.0,-0.0,0.001245497056976176,0.0,0.005505925101907394,-0.009190612336674064,-0.0032478105846802663,0.030540311065953674,-10.0,4402.165582303189,4402.165582303189,-0.005942801751993798,-0.00048407862966634254,0.006550676424852772,0.94136615565,0.7412501653517979,0.867375596475,0.655959944502101,0.7412501653517979,0.0,-0.0,-0.0,0.1720893216633563,-1.3538741044106157,0.0,-0.0,-0.0,0.0
28,Liaoning,2016,0.06598501890501574,0.033123576444095804,0.012928428295403194,0.06255541308863677,0.008397245560047395,-0.05910301525199557,40.0,279.0,4491.971740526654,4491.971740526654,0.02019514814869261,0.0019201228878648233,0.006714669738863287,0.94136615565,0.867375596475,0.008388925752589916,0.7412501653517979,0.655959944502101,-0.17934995331998166,0.05903759135568659,0.05014379919751098,31,-0.1980676975607446,-0.9108916571933824,1,0.7412501653517979,0.7412501653517979,-0.3120765830410065,-0.23132681878157016,-0.23132681878157016,-0.14681771356775183,-0.6751985915121679,0.1683047530950864,-0.05252397225547483,-0.05252397225547483,-0.0039909981224465,0.001245497056976176,0.001245497056976176,0.06598501890501574,0.033123576444095804,0.012928428295403194,0.06255541308863677,40.0,4491.971740526654,4491.971740526654,0.02019514814869261,0.0019201228878648233,0.006714669738863287,0.94136615565,0.7412501653517979,0.867375596475,0.655959944502101,0.7412501653517979,0.7412501653517979,-0.3120765830410065,-0.23132681878157016,-0.14681771356775183,-0.6751985915121679,0.1683047530950864,-0.05252397225547483,-0.0039909981224465,0.001245497056976176
28,Liaoning,2017,0.0360204641459676,0.006413475984810013,0.025052840320837433,0.056614906027231626,0.059331656541845135,0.05721988277958623,79.0,268.0,4409.019730660821,4409.019730660821,-0.01863936433602742,0.003573787400363712,0.006368579623078524,0.94136615565,0.867375596475,0.008388925752589916,0.7412501653517979,0.655959944502101,-0.17934995331998166,0.033173774099243235,0.0667308662369896,31,-0.7608236299016604,-0.49419683680565485,1,0.7412501653517979,0.7412501653517979,-0.3120765830410065,-0.23132681878157016,-0.23132681878157016,-0.5639606414681608,-0.3663234869985271,0.1683047530950864,-0.05252397225547483,-0.05252397225547483,-0.0039909981224465,0.001245497056976176,0.001245497056976176,0.0360204641459676,0.006413475984810013,0.025052840320837433,0.056614906027231626,79.0,4409.019730660821,4409.019730660821,-0.01863936433602742,0.003573787400363712,0.006368579623078524,0.94136615565,0.7412501653517979,0.867375596475,0.655959944502101,0.7412501653517979,0.7412501653517979,-0.3120765830410065,-0.23132681878157016,-0.5639606414681608,-0.3663234869985271,0.1683047530950864,-0.05252397225547483,-0.0039909981224465,0.001245497056976176
28,Liaoning,2018,0.07418544048857889,0.00234133988968388,0.05780197606592807,0.06423040220122544,0.08694992706931615,0.0829228117055667,190.0,323.0,4171.149866981969,4171.149866981969,-0.055460636176244194,0.007879403653555063,0.00585190868185871,0.94136615565,0.867375596475,0.008388925752589916,0.7412501653517979,0.655959944502101,-0.17934995331998166,0.03201785921534048,0.096922743210444,31,-0.785974517403983,0.26427352583763797,1,0.7412501653517979,0.7412501653517979,-0.3120765830410065,-0.23132681878157016,-0.23132681878157016,-0.5826037409880019,0.19589279472525178,0.1683047530950864,-0.05252397225547483,-0.05252397225547483,-0.0039909981224465,0.001245497056976176,0.001245497056976176,0.07418544048857889,0.00234133988968388,0.05780197606592807,0.06423040220122544,190.0,4171.149866981969,4171.149866981969,-0.055460636176244194,0.007879403653555063,0.00585190868185871,0.94136615565,0.7412501653517979,0.867375596475,0.655959944502101,0.7412501653517979,0.7412501653517979,-0.3120765830410065,-0.23132681878157016,-0.5826037409880019,0.19589279472525178,0.1683047530950864,-0.05252397225547483,-0.0039909981224465,0.001245497056976176
28,Liaoning,2019,0.04287426783066195,0.043338844437327495,0.018451248307165713,0.033708929118985154,0.06239141297226425,0.049721146402241345,63.0,178.0,4276.262333139873,4276.262333139873,0.024887596130161782,0.0024546187743270252,0.005741470199759214,0.94136615565,0.867375596475,0.008388925752589916,0.7412501653517979,0.655959944502101,-0.17934995331998166,0.0323398613545378,0.051984497690370696,31,-0.7789682579542254,-0.8646502375352481,1,0.7412501653517979,0.7412501653517979,-0.3120765830410065,-0.23132681878157016,-0.23132681878157016,-0.5774103500123715,-0.640922131544474,0.1683047530950864,-0.05252397225547483,-0.05252397225547483,-0.0039909981224465,0.001245497056976176,0.001245497056976176,0.04287426783066195,0.043338844437327495,0.018451248307165713,0.033708929118985154,63.0,4276.262333139873,4276.262333139873,0.024887596130161782,0.0024546187743270252,0.005741470199759214,0.94136615565,0.7412501653517979,0.867375596475,0.655959944502101,0.7412501653517979,0.7412501653517979,-0.3120765830410065,-0.23132681878157016,-0.5774103500123715,-0.640922131544474,0.1683047530950864,-0.05252397225547483,-0.0039909981224465,0.001245497056976176
28,Liaoning,2020,0.029469813226945085,0.016489252022293677,0.05559337992068869,0.07288349306975128,0.006721715865563027,-0.022974113258362294,197.0,406.0,4112.270107054625,4112.270107054625,-0.039104127898395014,0.00762413406091567,0.005797824993227292,0.94136615565,0.867375596475,0.008388925752589916,0.7412501653517979,0.655959944502101,-0.17934995331998166,0.04438090693127943,0.037262753188721555,31,-0.5169740688245997,-1.2344850411390522,1,0.7412501653517979,0.7412501653517979,-0.3120765830410065,-0.23132681878157016,-0.23132681878157016,-0.3832071139988263,-0.9150622408686435,0.1683047530950864,-0.05252397225547483,-0.05252397225547483,-0.0039909981224465,0.001245497056976176,0.001245497056976176,0.029469813226945085,0.016489252022293677,0.05559337992068869,0.07288349306975128,197.0,4112.270107054625,4112.270107054625,-0.039104127898395014,0.00762413406091567,0.005797824993227292,0.94136615565,0.7412501653517979,0.867375596475,0.655959944502101,0.7412501653517979,0.7412501653517979,-0.3120765830410065,-0.23132681878157016,-0.3832071139988263,-0.9150622408686435,0.1683047530950864,-0.05252397225547483,-0.0039909981224465,0.001245497056976176
28,Liaoning,2021,0.05582679643131083,-0.0050860044052098985,0.02547563247692075,0.06501451586734497,0.0970010468906004,0.13755668790140696,94.0,388.0,3988.493443938989,3988.493443938989,-0.03056163688213065,0.0033016051420743913,0.005235151557725405,0.94136615565,0.867375596475,0.008388925752589916,0.7412501653517979,0.655959944502101,-0.17934995331998166,0.037499334228858976,0.0910393120777722,31,-0.6667062535104331,0.1164719118900222,1,0.7412501653517979,0.7412501653517979,-0.3120765830410065,-0.23132681878157016,-0.23132681878157016,-0.49419612065568624,0.08633482394731899,0.1683047530950864,-0.05252397225547483,-0.05252397225547483,-0.0039909981224465,0.001245497056976176,0.001245497056976176,0.05582679643131083,-0.0050860044052098985,0.02547563247692075,0.06501451586734497,94.0,3988.493443938989,3988.493443938989,-0.03056163688213065,0.0033016051420743913,0.005235151557725405,0.94136615565,0.7412501653517979,0.867375596475,0.655959944502101,0.7412501653517979,0.7412501653517979,-0.3120765830410065,-0.23132681878157016,-0.49419612065568624,0.08633482394731899,0.1683047530950864,-0.05252397225547483,-0.0039909981224465,0.001245497056976176
28,Liaoning,2022,-0.00035442455115397564,-0.07456739695164138,0.025886284315872032,0.0653088278793561,0.04359679456595167,0.024013382311265374,98.0,416.0,3607.3011734028687,3607.3011734028687,-0.10045368126751342,0.003295258637284796,0.004651694692673252,0.94136615565,0.867375596475,0.008388925752589916,0.7412501653517979,0.655959944502101,-0.17934995331998166,0.030562387673295114,0.03176275653557354,31,-0.8176432860361678,-1.3726541407189772,1,0.7412501653517979,0.7412501653517979,-0.3120765830410065,-0.23132681878157016,-0.23132681878157016,-0.6060782209730967,-1.017480108778772,0.1683047530950864,-0.05252397225547483,-0.05252397225547483,-0.0039909981224465,0.001245497056976176,0.001245497056976176,-0.00035442455115397564,-0.07456739695164138,0.025886284315872032,0.0653088278793561,98.0,3607.3011734028687,3607.3011734028687,-0.10045368126751342,0.003295258637284796,0.004651694692673252,0.94136615565,0.7412501653517979,0.867375596475,0.655959944502101,0.7412501653517979,0.7412501653517979,-0.3120765830410065,-0.23132681878157016,-0.6060782209730967,-1.017480108778772,0.1683047530950864,-0.05252397225547483,-0.0039909981224465,0.001245497056976176
28,Liaoning,2023,0.045956886313871514,-0.02725842858987182,0.0054609419290798655,0.0961387946839416,0.054000211303469214,0.016406089553214542,21.0,664.0,3491.182572614108,3491.182572614108,-0.032719370518951685,0.0006690071083916716,0.004288654139604135,0.94136615565,0.867375596475,0.008388925752589916,0.7412501653517979,0.655959944502101,-0.17934995331998166,0.034067135169903805,0.07133473617818979,31,-0.7413854998974198,-0.3785399365428838,1,0.7412501653517979,0.7412501653517979,-0.3120765830410065,-0.23132681878157016,-0.23132681878157016,-0.5495521243883877,-0.28059279055467173,0.1683047530950864,-0.05252397225547483,-0.05252397225547483,-0.0039909981224465,0.001245497056976176,0.001245497056976176,0.045956886313871514,-0.02725842858987182,0.0054609419290798655,0.0961387946839416,21.0,3491.182572614108,3491.182572614108,-0.032719370518951685,0.0006690071083916716,0.004288654139604135,0.94136615565,0.7412501653517979,0.867375596475,0.655959944502101,0.7412501653517979,0.7412501653517979,-0.3120765830410065,-0.23132681878157016,-0.5495521243883877,-0.28059279055467173,0.1683047530950864,-0.05252397225547483,-0.0039909981224465,0.001245497056976176
29,Chongqing,2000,,,,,,,,,4329.883138564273,4329.883138564273,,,0.007042467687628977,0.6510697082,0.583345005075,0.004295521780693498,-0.43733878574434537,-0.559654567050535,-0.7009628072919868,,,0,,,0,-0.0,-0.0,-0.0,0.21656666308131373,0.0,,,-0.0,0.35201406340988306,0.0,0.0,-0.03654860029227664,-0.0,,,,,,4329.883138564273,4329.883138564273,,,0.007042467687628977,0.6510697082,-0.43733878574434537,0.583345005075,-0.559654567050535,-0.0,-0.0,-0.0,0.0,,,-0.0,0.0,0.0,-0.0
29,Chongqing,2001,0.058840500022933284,0.053961692795754246,-0.03281987335797609,-0.036689906316776266,0.10188429486918338,0.1044693854144958,-9.670000000000016,-15.569999999999993,4722.423489631853,4722.423489631853,0.08678156615373034,-0.0047427534454853185,0.006712933444504389,0.6510697082,0.583345005075,0.004295521780693498,-0.43733878574434537,-0.559654567050535,-0.7009628072919868,0.06028087511627794,0.10333775942244862,31,-0.17101580089295476,0.42542944459551196,0,-0.0,-0.0,-0.0,0.21656666308131373,0.0,0.07479184270562157,-0.18605679671929246,-0.0,0.35201406340988306,0.0,0.0,-0.03654860029227664,-0.0,0.058840500022933284,0.053961692795754246,-0.03281987335797609,-0.036689906316776266,-9.670000000000016,4722.423489631853,4722.423489631853,0.08678156615373034,-0.0047427534454853185,0.006712933444504389,0.6510697082,-0.43733878574434537,0.583345005075,-0.559654567050535,-0.0,-0.0,-0.0,0.0,0.07479184270562157,-0.18605679671929246,-0.0,0.0,0.0,-0.0
29,Chongqing,2002,0.03677067230107678,0.07323606651489589,0.03598680658240916,0.008056173521404197,0.12496693949038562,0.13206208634651517,10.620000000000005,3.3700000000000045,4901.64752870694,4901.64752870694,0.037249259932486734,0.0045968056096610845,0.006374496818594987,0.6510697082,0.583345005075,0.004295521780693498,-0.43733878574434537,-0.559654567050535,-0.7009628072919868,0.03622957213462816,0.07192239437819348,31,-0.6943342770192986,-0.36377698131293934,0,-0.0,-0.0,-0.0,0.21656666308131373,0.0,0.303659309612298,0.1590937832891443,-0.0,0.35201406340988306,0.0,0.0,-0.03654860029227664,-0.0,0.03677067230107678,0.07323606651489589,0.03598680658240916,0.008056173521404197,10.620000000000005,4901.64752870694,4901.64752870694,0.037249259932486734,0.0045968056096610845,0.006374496818594987,0.6510697082,-0.43733878574434537,0.583345005075,-0.559654567050535,-0.0,-0.0,-0.0,0.0,0.303659309612298,0.1590937832891443,-0.0,0.0,0.0,-0.0
29,Chongqing,2003,0.09965550437763993,0.06206551262390425,,0.059166977335660675,0.13884121654956783,0.17082532223231084,,25.600000000000023,,,,,0.005903405888464658,0.6510697082,0.583345005075,0.004295521780693498,-0.43733878574434537,-0.559654567050535,-0.7009628072919868,,0.174536334595533,0,,2.2140565371971155,0,-0.0,-0.0,-0.0,0.21656666308131373,0.0,,-0.9682927975471165,-0.0,0.35201406340988306,0.0,0.0,-0.03654860029227664,-0.0,0.09965550437763993,0.06206551262390425,,0.059166977335660675,,,,,,0.005903405888464658,0.6510697082,-0.43733878574434537,0.583345005075,-0.559654567050535,-0.0,-0.0,-0.0,0.0,,-0.9682927975471165,-0.0,0.0,0.0,-0.0
29,Chongqing,2004,0.25220135595106274,0.07846077866798806,,0.048832909259096446,0.15621523436287532,0.17922424725425046,,22.299999999999955,5181.437436947816,5181.437436947816,,,0.0054617813869554015,0.6510697082,0.583345005075,0.004295521780693498,-0.43733878574434537,-0.559654567050535,-0.7009628072919868,,0.13859497572773094,0,,1.3111495891354643,0,-0.0,-0.0,-0.0,0.21656666308131373,0.0,,-0.5734165692417013,-0.0,0.35201406340988306,0.0,0.0,-0.03654860029227664,-0.0,0.25220135595106274,0.07846077866798806,,0.048832909259096446,,5181.437436947816,5181.437436947816,,,0.0054617813869554015,0.6510697082,-0.43733878574434537,0.583345005075,-0.559654567050535,-0.0,-0.0,-0.0,0.0,,-0.5734165692417013,-0.0,0.0,0.0,-0.0
29,Chongqing,2005,-0.03391993144638139,0.06901253813722974,,0.19319758287468858,0.11792627537560207,0.11300036568490501,,99.72000000000003,,,,,0.005201053809111759,0.6510697082,0.583345005075,0.004295521780693498,-0.43733878574434537,-0.559654567050535,-0.7009628072919868,,0.1204312655274813,1,,0.8548468599396662,0,-0.0,-0.0,-0.0,0.21656666308131373,0.0,,-0.3738576877233801,-0.0,0.35201406340988306,0.0,0.0,-0.03654860029227664,-0.0,-0.03391993144638139,0.06901253813722974,,0.19319758287468858,,,,,,0.005201053809111759,0.6510697082,-0.43733878574434537,0.583345005075,-0.559654567050535,-0.0,-0.0,-0.0,0.0,,-0.3738576877233801,-0.0,0.0,0.0,-0.0
29,Chongqing,2006,0.1374131752547565,0.2553932254410354,,0.29147143776231665,0.12310226978529037,0.18358209258167957,,192.08000000000004,4190.918841616017,4190.918841616017,,,0.005936692833628766,0.6510697082,0.583345005075,0.004295521780693498,-0.43733878574434537,-0.559654567050535,-0.7009628072919868,,0.1288484193955256,1,,1.0662998196987796,0,-0.0,-0.0,-0.0,0.21656666308131373,0.0,,-0.4663342683864787,-0.0,0.35201406340988306,0.0,0.0,-0.03654860029227664,-0.0,0.1374131752547565,0.2553932254410354,,0.29147143776231665,,4190.918841616017,4190.918841616017,,,0.005936692833628766,0.6510697082,-0.43733878574434537,0.583345005075,-0.559654567050535,-0.0,-0.0,-0.0,0.0,,-0.4663342683864787,-0.0,0.0,0.0,-0.0
29,Chongqing,2007,0.251371641428503,0.21505771564011544,0.12990487480430346,0.12749107257425152,0.2029356760513874,0.1775148199040002,77.60000000000002,103.29999999999995,4563.42229199372,4563.42229199372,0.08515284083581198,0.01604134366925065,0.006009095607235142,0.6510697082,0.583345005075,0.004295521780693498,-0.43733878574434537,-0.559654567050535,-0.7009628072919868,0.07460781837107273,0.1340029619229762,31,0.1407159218069819,1.1957905348170592,0,-0.0,-0.0,-0.0,0.21656666308131373,0.0,-0.06154053037796171,-0.522965580501474,-0.0,0.35201406340988306,0.0,0.0,-0.03654860029227664,-0.0,0.251371641428503,0.21505771564011544,0.12990487480430346,0.12749107257425152,77.60000000000002,4563.42229199372,4563.42229199372,0.08515284083581198,0.01604134366925065,0.006009095607235142,0.6510697082,-0.43733878574434537,0.583345005075,-0.559654567050535,-0.0,-0.0,-0.0,0.0,-0.06154053037796171,-0.522965580501474,-0.0,0.0,0.0,-0.0
29,Chongqing,2008,0.19950498187708288,-0.024904200558858225,0.04452001496822611,0.21779905154727075,0.21182178712209243,0.16996887300158736,29.0,210.0,4257.357357357358,4257.357357357358,-0.06942421552708433,0.00485047182881086,0.004742423387382865,0.6510697082,0.583345005075,0.004295521780693498,-0.43733878574434537,-0.559654567050535,-0.7009628072919868,0.23086049090782326,0.08538316258007597,31,3.540528004544794,-0.02562000788211561,0,-0.0,-0.0,-0.0,0.21656666308131373,0.0,-1.5484102184014703,0.011204623137924998,-0.0,0.35201406340988306,0.0,0.0,-0.03654860029227664,-0.0,0.19950498187708288,-0.024904200558858225,0.04452001496822611,0.21779905154727075,29.0,4257.357357357358,4257.357357357358,-0.06942421552708433,0.00485047182881086,0.004742423387382865,0.6510697082,-0.43733878574434537,0.583345005075,-0.559654567050535,-0.0,-0.0,-0.0,0.0,-1.5484102184014703,0.011204623137924998,-0.0,0.0,0.0,-0.0
29,Chongqing,2009,0.036651912128137454,0.08029775894832092,0.020803127629762663,0.0552927416569986,0.12044821793465843,0.12895801226352965,14.0,61.0,4518.333632352941,4518.333632352941,0.059494631318558255,0.0020758885236593686,0.004555784796254729,0.6510697082,0.583345005075,0.004295521780693498,-0.43733878574434537,-0.559654567050535,-0.7009628072919868,0.10001935023920526,0.053951541707971624,31,0.6936308363716208,-0.8152348073294063,0,-0.0,-0.0,-0.0,0.21656666308131373,0.0,-0.30335166773359934,0.3565338007339679,-0.0,0.35201406340988306,0.0,0.0,-0.03654860029227664,-0.0,0.036651912128137454,0.08029775894832092,0.020803127629762663,0.0552927416569986,14.0,4518.333632352941,4518.333632352941,0.059494631318558255,0.0020758885236593686,0.004555784796254729,0.6510697082,-0.43733878574434537,0.583345005075,-0.559654567050535,-0.0,-0.0,-0.0,0.0,-0.30335166773359934,0.3565338007339679,-0.0,0.0,0.0,-0.0
29,Chongqing,2010,0.06126930002037323,0.08082609599492718,-0.008862687257845003,0.028685147998858795,0.19381839268475787,0.18340934225006222,-6.0,33.0,4942.3060979228485,4942.3060979228485,0.08968878325277219,-0.0007329139436877787,0.004069033543028157,0.6510697082,0.583345005075,0.004295521780693498,-0.43733878574434537,-0.559654567050535,-0.7009628072919868,0.11994848128667408,0.13785180451035353,31,1.1272573429372206,1.2924798872402858,0,-0.0,-0.0,-0.0,0.21656666308131373,0.0,-0.49299335758156115,-0.5652515844846551,-0.0,0.35201406340988306,0.0,0.0,-0.03654860029227664,-0.0,0.06126930002037323,0.08082609599492718,-0.008862687257845003,0.028685147998858795,-6.0,4942.3060979228485,4942.3060979228485,0.08968878325277219,-0.0007329139436877787,0.004069033543028157,0.6510697082,-0.43733878574434537,0.583345005075,-0.559654567050535,-0.0,-0.0,-0.0,0.0,-0.49299335758156115,-0.5652515844846551,-0.0,0.0,0.0,-0.0
29,Chongqing,2011,0.14361100188008802,0.1665200611512443,0.029241849594497715,0.10484624462566394,0.23102543504379014,0.23219157538559365,20.0,129.0,5669.552867435158,5669.552867435158,0.13727821155674658,0.0019390930861636012,0.00381484539610824,0.6510697082,0.583345005075,0.004295521780693498,-0.43733878574434537,-0.559654567050535,-0.7009628072919868,0.08951107708331604,0.11887028262747688,31,0.46498736126114687,0.8156323630308685,0,-0.0,-0.0,-0.0,0.21656666308131373,0.0,-0.20335700796041722,-0.3567076672617111,-0.0,0.35201406340988306,0.0,0.0,-0.03654860029227664,-0.0,0.14361100188008802,0.1665200611512443,0.029241849594497715,0.10484624462566394,20.0,5669.552867435158,5669.552867435158,0.13727821155674658,0.0019390930861636012,0.00381484539610824,0.6510697082,-0.43733878574434537,0.583345005075,-0.559654567050535,-0.0,-0.0,-0.0,0.0,-0.20335700796041722,-0.3567076672617111,-0.0,0.0,0.0,-0.0
29,Chongqing,2012,0.02624279702441612,-0.1496728720617786,0.042319431878911296,0.03338701603273719,0.13440118227022957,0.1494363900215312,30.0,44.0,4679.156933701657,4679.156933701657,-0.1919923039406899,0.002542846971469257,0.0028714757158114224,0.6510697082,0.583345005075,0.004295521780693498,-0.43733878574434537,-0.559654567050535,-0.7009628072919868,0.0756167924904256,0.06311076158020731,31,0.162669609679673,-0.5851399104757836,0,-0.43733878574434537,-0.0,-0.0,0.21656666308131373,0.0,-0.07114172957481481,0.25590437793803417,-0.0,0.35201406340988306,0.0,0.0,-0.03654860029227664,-0.0,0.02624279702441612,-0.1496728720617786,0.042319431878911296,0.03338701603273719,30.0,4679.156933701657,4679.156933701657,-0.1919923039406899,0.002542846971469257,0.0028714757158114224,0.6510697082,-0.43733878574434537,0.583345005075,-0.559654567050535,-0.43733878574434537,-0.0,-0.0,0.0,-0.07114172957481481,0.25590437793803417,-0.0,0.0,0.0,-0.0
29,Chongqing,2013,0.05276023430243715,0.24224448905060347,0.16981270710224639,0.11877756582289223,0.11802975555427686,0.12062370401765499,134.0,169.0,5030.65268065268,5030.65268065268,0.07243178194835709,0.010093553684147095,0.003251254161707769,0.6510697082,0.583345005075,0.004295521780693498,-0.43733878574434537,-0.559654567050535,-0.7009628072919868,0.05332030642613454,0.09052161106014825,31,-0.3224668138662537,0.10346639789288713,0,-0.43733878574434537,-0.0,-0.0,0.21656666308131373,0.0,0.14102724481911522,-0.045249868819816554,-0.0,0.35201406340988306,0.0,0.0,-0.03654860029227664,-0.0,0.05276023430243715,0.24224448905060347,0.16981270710224639,0.11877756582289223,134.0,5030.65268065268,5030.65268065268,0.07243178194835709,0.010093553684147095,0.003251254161707769,0.6510697082,-0.43733878574434537,0.583345005075,-0.559654567050535,-0.43733878574434537,-0.0,-0.0,0.0,0.14102724481911522,-0.045249868819816554,-0.0,0.0,0.0,-0.0
29,Chongqing,2014,0.07401822234237088,-0.004597816013570899,0.2602102517875826,0.16178970410167537,0.11620331074940893,0.12332266055656049,255.0,265.0,3860.287511230908,3860.287511230908,-0.2648080678011535,0.017100665920049357,0.0028812945539408654,0.6510697082,0.583345005075,0.004295521780693498,-0.43733878574434537,-0.559654567050535,-0.7009628072919868,0.07238772123836522,0.05502636777100867,31,0.09241010447860744,-0.7882333819285628,0,-0.43733878574434537,-0.0,-0.0,0.21656666308131373,0.0,-0.04041452288318227,0.34472503013579653,-0.0,0.35201406340988306,0.0,0.0,-0.03654860029227664,-0.0,0.07401822234237088,-0.004597816013570899,0.2602102517875826,0.16178970410167537,255.0,3860.287511230908,3860.287511230908,-0.2648080678011535,0.017100665920049357,0.0028812945539408654,0.6510697082,-0.43733878574434537,0.583345005075,-0.559654567050535,-0.43733878574434537,-0.0,-0.0,0.0,-0.04041452288318227,0.34472503013579653,-0.0,0.0,0.0,-0.0
29,Chongqing,2015,0.0020312163757623125,0.023718117663996452,0.23653063209666936,0.17297701760924955,0.08938086579491333,0.0620111811126236,297.0,335.0,3120.2999999999997,3120.2999999999997,-0.2128125144326729,0.01821426600187662,0.0026981785733998123,0.6510697082,0.583345005075,0.004295521780693498,-0.43733878574434537,-0.559654567050535,-0.7009628072919868,0.07881055819591727,0.01369788281902884,31,0.23216092178769712,-1.826473932411288,0,-0.43733878574434537,-0.0,-0.0,0.21656666308131373,0.0,-0.10153297563191939,0.7987878917944522,-0.0,0.35201406340988306,0.0,0.0,-0.03654860029227664,-0.0,0.0020312163757623125,0.023718117663996452,0.23653063209666936,0.17297701760924955,297.0,3120.2999999999997,3120.2999999999997,-0.2128125144326729,0.01821426600187662,0.0026981785733998123,0.6510697082,-0.43733878574434537,0.583345005075,-0.559654567050535,-0.43733878574434537,-0.0,-0.0,0.0,-0.10153297563191939,0.7987878917944522,-0.0,0.0,0.0,-0.0
29,Chongqing,2016,0.030967200467097555,0.019442580662879294,0.036215656937509166,0.032193123014131686,0.11379357105870191,0.07448643529047594,52.0,69.0,3068.3994528043772,3068.3994528043772,-0.016773076274629872,0.0028460245962202606,0.0024552435266623246,0.6510697082,0.583345005075,0.004295521780693498,-0.43733878574434537,-0.559654567050535,-0.7009628072919868,0.05903759135568659,0.05014379919751098,31,-0.1980676975607446,-0.9108916571933824,1,-0.43733878574434537,-0.43733878574434537,-0.495191988775292,0.21656666308131373,0.21656666308131373,0.08662268634639428,0.39836825130160836,-0.7108638091671952,0.35201406340988306,0.35201406340988306,0.0738069296772522,-0.03654860029227664,-0.03654860029227664,0.030967200467097555,0.019442580662879294,0.036215656937509166,0.032193123014131686,52.0,3068.3994528043772,3068.3994528043772,-0.016773076274629872,0.0028460245962202606,0.0024552435266623246,0.6510697082,-0.43733878574434537,0.583345005075,-0.559654567050535,-0.43733878574434537,-0.43733878574434537,-0.495191988775292,0.21656666308131373,0.08662268634639428,0.39836825130160836,-0.7108638091671952,0.35201406340988306,0.0738069296772522,-0.03654860029227664
29,Chongqing,2017,0.05116165278881457,0.04340447959236915,0.05457109027499829,0.065743029585704,0.10336745750186793,0.08508002675403148,82.0,148.0,3034.3264248704663,3034.3264248704663,-0.011166610682629141,0.004047223996721552,0.0023123468810537155,0.6510697082,0.583345005075,0.004295521780693498,-0.43733878574434537,-0.559654567050535,-0.7009628072919868,0.033173774099243235,0.0667308662369896,31,-0.7608236299016604,-0.49419683680565485,1,-0.43733878574434537,-0.43733878574434537,-0.495191988775292,0.21656666308131373,0.21656666308131373,0.33273768246679736,0.2161314445272815,-0.7108638091671952,0.35201406340988306,0.35201406340988306,0.0738069296772522,-0.03654860029227664,-0.03654860029227664,0.05116165278881457,0.04340447959236915,0.05457109027499829,0.065743029585704,82.0,3034.3264248704663,3034.3264248704663,-0.011166610682629141,0.004047223996721552,0.0023123468810537155,0.6510697082,-0.43733878574434537,0.583345005075,-0.559654567050535,-0.43733878574434537,-0.43733878574434537,-0.495191988775292,0.21656666308131373,0.33273768246679736,0.2161314445272815,-0.7108638091671952,0.35201406340988306,0.0738069296772522,-0.03654860029227664
29,Chongqing,2018,0.09555651556120548,0.14036498077914628,-0.004543987046125686,0.025468269579251412,0.07628151648514958,0.044777754733395625,-7.0,60.0,3507.4821080026018,3507.4821080026018,0.14490896782527196,-0.000320119984628753,0.002465381195905153,0.6510697082,0.583345005075,0.004295521780693498,-0.43733878574434537,-0.559654567050535,-0.7009628072919868,0.03201785921534048,0.096922743210444,31,-0.785974517403983,0.26427352583763797,1,-0.43733878574434537,-0.43733878574434537,-0.495191988775292,0.21656666308131373,0.21656666308131373,0.3437371410674558,-0.11557706289420948,-0.7108638091671952,0.35201406340988306,0.35201406340988306,0.0738069296772522,-0.03654860029227664,-0.03654860029227664,0.09555651556120548,0.14036498077914628,-0.004543987046125686,0.025468269579251412,-7.0,3507.4821080026018,3507.4821080026018,0.14490896782527196,-0.000320119984628753,0.002465381195905153,0.6510697082,-0.43733878574434537,0.583345005075,-0.559654567050535,-0.43733878574434537,-0.43733878574434537,-0.495191988775292,0.21656666308131373,0.3437371410674558,-0.11557706289420948,-0.7108638091671952,0.35201406340988306,0.0738069296772522,-0.03654860029227664
29,Chongqing,2019,0.0,0.02473333003169298,0.0071313106110766356,0.025653040974355612,0.08006658271089506,0.024311285596560595,11.0,62.0,3569.767441860465,3569.767441860465,0.017602019420616344,0.0004643387815750372,0.0023326691881669593,0.6510697082,0.583345005075,0.004295521780693498,-0.43733878574434537,-0.559654567050535,-0.7009628072919868,0.0323398613545378,0.051984497690370696,31,-0.7789682579542254,-0.8646502375352481,1,-0.43733878574434537,-0.43733878574434537,-0.495191988775292,0.21656666308131373,0.21656666308131373,0.34067303206708893,0.37814508497722515,-0.7108638091671952,0.35201406340988306,0.35201406340988306,0.0738069296772522,-0.03654860029227664,-0.03654860029227664,0.0,0.02473333003169298,0.0071313106110766356,0.025653040974355612,11.0,3569.767441860465,3569.767441860465,0.017602019420616344,0.0004643387815750372,0.0023326691881669593,0.6510697082,-0.43733878574434537,0.583345005075,-0.559654567050535,-0.43733878574434537,-0.43733878574434537,-0.495191988775292,0.21656666308131373,0.34067303206708893,0.37814508497722515,-0.7108638091671952,0.35201406340988306,0.0738069296772522,-0.03654860029227664
29,Chongqing,2020,0.03509131981127034,-0.032367665593309614,-0.0019398648178272637,0.016207810226853248,0.06014377902090473,0.06269629896628004,-3.0,40.0,3462.7831715210355,3462.7831715210355,-0.03042780077548235,-0.0001192458889979768,0.0021265516871305863,0.6510697082,0.583345005075,0.004295521780693498,-0.43733878574434537,-0.559654567050535,-0.7009628072919868,0.04438090693127943,0.037262753188721555,31,-0.5169740688245997,-1.2344850411390522,1,-0.43733878574434537,-0.43733878574434537,-0.495191988775292,0.21656666308131373,0.21656666308131373,0.22609281152106409,0.5398881889113113,-0.7108638091671952,0.35201406340988306,0.35201406340988306,0.0738069296772522,-0.03654860029227664,-0.03654860029227664,0.03509131981127034,-0.032367665593309614,-0.0019398648178272637,0.016207810226853248,-3.0,3462.7831715210355,3462.7831715210355,-0.03042780077548235,-0.0001192458889979768,0.0021265516871305863,0.6510697082,-0.43733878574434537,0.583345005075,-0.559654567050535,-0.43733878574434537,-0.43733878574434537,-0.495191988775292,0.21656666308131373,0.22609281152106409,0.5398881889113113,-0.7108638091671952,0.35201406340988306,0.0738069296772522,-0.03654860029227664
29,Chongqing,2021,0.16455668539374102,0.2306665840764457,0.005164633816841402,0.03398193429700225,0.11032272451237368,0.10178269430994114,8.0,86.0,4338.699291693497,4338.699291693497,0.2255019502596043,0.0002847735160630061,0.002398504939040669,0.6510697082,0.583345005075,0.004295521780693498,-0.43733878574434537,-0.559654567050535,-0.7009628072919868,0.037499334228858976,0.0910393120777722,31,-0.6667062535104331,0.1164719118900222,1,-0.43733878574434537,-0.43733878574434537,-0.495191988775292,0.21656666308131373,0.21656666308131373,0.2915765033584145,-0.05093768451930469,-0.7108638091671952,0.35201406340988306,0.35201406340988306,0.0738069296772522,-0.03654860029227664,-0.03654860029227664,0.16455668539374102,0.2306665840764457,0.005164633816841402,0.03398193429700225,8.0,4338.699291693497,4338.699291693497,0.2255019502596043,0.0002847735160630061,0.002398504939040669,0.6510697082,-0.43733878574434537,0.583345005075,-0.559654567050535,-0.43733878574434537,-0.43733878574434537,-0.495191988775292,0.21656666308131373,0.2915765033584145,-0.05093768451930469,-0.7108638091671952,0.35201406340988306,0.0738069296772522,-0.03654860029227664
29,Chongqing,2022,0.006444597450764533,0.10927093656685827,0.0569437524674381,0.042219618786893065,0.023893138734724317,-0.019105459446691953,91.0,111.0,4571.776155717761,4571.776155717761,0.052327184099420165,0.0031628190393781746,0.002612279989007292,0.6510697082,0.583345005075,0.004295521780693498,-0.43733878574434537,-0.559654567050535,-0.7009628072919868,0.030562387673295114,0.03176275653557354,31,-0.8176432860361678,-1.3726541407189772,1,-0.43733878574434537,-0.43733878574434537,-0.495191988775292,0.21656666308131373,0.21656666308131373,0.3575871218870741,0.6003148951489853,-0.7108638091671952,0.35201406340988306,0.35201406340988306,0.0738069296772522,-0.03654860029227664,-0.03654860029227664,0.006444597450764533,0.10927093656685827,0.0569437524674381,0.042219618786893065,91.0,4571.776155717761,4571.776155717761,0.052327184099420165,0.0031628190393781746,0.002612279989007292,0.6510697082,-0.43733878574434537,0.583345005075,-0.559654567050535,-0.43733878574434537,-0.43733878574434537,-0.495191988775292,0.21656666308131373,0.3575871218870741,0.6003148951489853,-0.7108638091671952,0.35201406340988306,0.0738069296772522,-0.03654860029227664
29,Chongqing,2023,0.11567899398231862,0.11523707377314896,0.0687495328800809,0.09378540187231099,0.06207147718949457,0.06661286141935463,117.0,264.0,4789.324247586599,4789.324247586599,0.04648754089306806,0.003821743308788922,0.0027549216296004933,0.6510697082,0.583345005075,0.004295521780693498,-0.43733878574434537,-0.559654567050535,-0.7009628072919868,0.034067135169903805,0.07133473617818979,31,-0.7413854998974198,-0.3785399365428838,1,-0.43733878574434537,-0.43733878574434537,-0.495191988775292,0.21656666308131373,0.21656666308131373,0.32423663429360206,0.16555019620340636,-0.7108638091671952,0.35201406340988306,0.35201406340988306,0.0738069296772522,-0.03654860029227664,-0.03654860029227664,0.11567899398231862,0.11523707377314896,0.0687495328800809,0.09378540187231099,117.0,4789.324247586599,4789.324247586599,0.04648754089306806,0.003821743308788922,0.0027549216296004933,0.6510697082,-0.43733878574434537,0.583345005075,-0.559654567050535,-0.43733878574434537,-0.43733878574434537,-0.495191988775292,0.21656666308131373,0.32423663429360206,0.16555019620340636,-0.7108638091671952,0.35201406340988306,0.0738069296772522,-0.03654860029227664
30,Qinghai,2000,,,,,,,,,3107.882829245058,3107.882829245058,,,0.009789947119656897,0.244901108575,0.187100338,0.009014401107041027,-2.086362836865981,-2.2555309339147027,-0.09964709795453731,,,0,,,0,-0.0,-0.0,0.0,-1.033217041300613,-0.0,,,0.0,0.6078836803598475,0.0,0.0,0.5685585676025106,0.0,,,,,,3107.882829245058,3107.882829245058,,,0.009789947119656897,0.244901108575,-2.086362836865981,0.187100338,-2.2555309339147027,-0.0,-0.0,0.0,-0.0,,,0.0,0.0,0.0,0.0
30,Qinghai,2001,0.05722900290573163,0.5442826322025219,-0.09093775707860363,-0.015189262181392493,0.12996163320556597,0.17217544637826787,-7.299999999999997,-5.9599999999999795,5865.936358894105,5865.936358894105,0.6352203892811256,-0.024044794991936916,0.014815546284072917,0.244901108575,0.187100338,0.009014401107041027,-2.086362836865981,-2.2555309339147027,-0.09964709795453731,0.06028087511627794,0.10333775942244862,31,-0.17101580089295476,0.42542944459551196,0,-0.0,-0.0,0.0,-1.033217041300613,-0.0,0.3568010114999328,-0.8876001829126109,0.0,0.6078836803598475,0.0,0.0,0.5685585676025106,0.0,0.05722900290573163,0.5442826322025219,-0.09093775707860363,-0.015189262181392493,-7.299999999999997,5865.936358894105,5865.936358894105,0.6352203892811256,-0.024044794991936916,0.014815546284072917,0.244901108575,-2.086362836865981,0.187100338,-2.2555309339147027,-0.0,-0.0,0.0,-0.0,0.3568010114999328,-0.8876001829126109,0.0,0.0,0.0,0.0
30,Qinghai,2002,-0.015507495287115702,0.11615135095112072,0.04712447084361138,0.029328654164054058,0.12812318062151462,0.1619985235477488,3.6999999999999886,11.589999999999975,6285.145558596665,6285.145558596665,0.06902688010750935,0.01072152968062791,0.014639234580143882,0.244901108575,0.187100338,0.009014401107041027,-2.086362836865981,-2.2555309339147027,-0.09964709795453731,0.03622957213462816,0.07192239437819348,31,-0.6943342770192986,-0.36377698131293934,0,-0.0,-0.0,0.0,-1.033217041300613,-0.0,1.4486332319352737,0.758970774718607,0.0,0.6078836803598475,0.0,0.0,0.5685585676025106,0.0,-0.015507495287115702,0.11615135095112072,0.04712447084361138,0.029328654164054058,3.6999999999999886,6285.145558596665,6285.145558596665,0.06902688010750935,0.01072152968062791,0.014639234580143882,0.244901108575,-2.086362836865981,0.187100338,-2.2555309339147027,-0.0,-0.0,0.0,-0.0,1.4486332319352737,0.758970774718607,0.0,0.0,0.0,0.0
30,Qinghai,2003,-0.06677295579138542,0.2346370258645214,,0.05739806370295053,0.12333756984311783,0.15692810870524543,,23.689999999999998,,,,,0.016362705337159462,0.244901108575,0.187100338,0.009014401107041027,-2.086362836865981,-2.2555309339147027,-0.09964709795453731,,0.174536334595533,0,,2.2140565371971155,0,-0.0,-0.0,0.0,-1.033217041300613,-0.0,,-4.619325277928244,0.0,0.6078836803598475,0.0,0.0,0.5685585676025106,0.0,-0.06677295579138542,0.2346370258645214,,0.05739806370295053,,,,,,0.016362705337159462,0.244901108575,-2.086362836865981,0.187100338,-2.2555309339147027,-0.0,-0.0,0.0,-0.0,,-4.619325277928244,0.0,0.0,0.0,0.0
30,Qinghai,2004,0.2792352474928945,-0.02296039427315888,,0.15182358974320387,0.14207575384018245,0.15523064540624798,,69.63,7016.183412002697,6580.984095596898,,,0.013873333333333335,0.244901108575,0.187100338,0.009014401107041027,-2.086362836865981,-2.2555309339147027,-0.09964709795453731,,0.13859497572773094,0,,1.3111495891354643,0,-0.0,-0.0,0.0,-1.033217041300613,-0.0,,-2.7355337763443326,0.0,0.6078836803598475,0.0,0.0,0.5685585676025106,0.0,0.2792352474928945,-0.02296039427315888,,0.15182358974320387,,7016.183412002697,6580.984095596898,,,0.013873333333333335,0.244901108575,-2.086362836865981,0.187100338,-2.2555309339147027,-0.0,-0.0,0.0,-0.0,,-2.7355337763443326,0.0,0.0,0.0,0.0
30,Qinghai,2005,0.2243138129027149,-0.11532330498645105,,0.14452131565404436,0.11728908652310022,0.20905520147826984,,76.85999999999996,,,,,0.010994071146245059,0.244901108575,0.187100338,0.009014401107041027,-2.086362836865981,-2.2555309339147027,-0.09964709795453731,,0.1204312655274813,1,,0.8548468599396662,0,-0.0,-0.0,0.0,-1.033217041300613,-0.0,,-1.7835207197896978,0.0,0.6078836803598475,0.0,0.0,0.5685585676025106,0.0,0.2243138129027149,-0.11532330498645105,,0.14452131565404436,,,,,,0.010994071146245059,0.244901108575,-2.086362836865981,0.187100338,-2.2555309339147027,-0.0,-0.0,0.0,-0.0,,-1.7835207197896978,0.0,0.0,0.0,0.0
30,Qinghai,2006,0.2657896257807977,0.25849889622055344,,0.1947675641000366,0.15815171637826886,0.18118239882865783,,122.82000000000005,4748.846407382993,4748.846407382993,,,0.012154546783287552,0.244901108575,0.187100338,0.009014401107041027,-2.086362836865981,-2.2555309339147027,-0.09964709795453731,,0.1288484193955256,1,,1.0662998196987796,0,-0.0,-0.0,0.0,-1.033217041300613,-0.0,,-2.2246883167764295,0.0,0.6078836803598475,0.0,0.0,0.5685585676025106,0.0,0.2657896257807977,0.25849889622055344,,0.1947675641000366,,4748.846407382993,4748.846407382993,,,0.012154546783287552,0.244901108575,-2.086362836865981,0.187100338,-2.2555309339147027,-0.0,-0.0,0.0,-0.0,,-2.2246883167764295,0.0,0.0,0.0,0.0
30,Qinghai,2007,0.0884366326384396,0.32694816534675253,0.22511918580599932,0.10909991308292266,0.20753392012864236,0.1880772026937887,38.30000000000001,80.0,5257.894736842105,5257.894736842105,0.1018289795407532,0.05250890999427174,0.0136961882726573,0.244901108575,0.187100338,0.009014401107041027,-2.086362836865981,-2.2555309339147027,-0.09964709795453731,0.07460781837107273,0.1340029619229762,31,0.1407159218069819,1.1957905348170592,0,-0.0,-0.0,0.0,-1.033217041300613,-0.0,-0.2935844698134263,-2.494852932518408,0.0,0.6078836803598475,0.0,0.0,0.5685585676025106,0.0,0.0884366326384396,0.32694816534675253,0.22511918580599932,0.10909991308292266,38.30000000000001,5257.894736842105,5257.894736842105,0.1018289795407532,0.05250890999427174,0.0136961882726573,0.244901108575,-2.086362836865981,0.187100338,-2.2555309339147027,-0.0,-0.0,0.0,-0.0,-0.2935844698134263,-2.494852932518408,0.0,0.0,0.0,0.0
30,Qinghai,2008,0.009059791470692247,-0.05335009441649774,0.05129329438755015,0.021726094177926925,0.220342797182691,0.24092852583193025,10.0,17.0,4735.5,4735.5,-0.10464338880404789,0.01099868003741003,0.010416849863431039,0.244901108575,0.187100338,0.009014401107041027,-2.086362836865981,-2.2555309339147027,-0.09964709795453731,0.23086049090782326,0.08538316258007597,31,3.540528004544794,-0.02562000788211561,0,-0.0,-0.0,0.0,-1.033217041300613,-0.0,-7.386826051565526,0.05345263232545951,0.0,0.6078836803598475,0.0,0.0,0.5685585676025106,0.0,0.009059791470692247,-0.05335009441649774,0.05129329438755015,0.021726094177926925,10.0,4735.5,4735.5,-0.10464338880404789,0.01099868003741003,0.010416849863431039,0.244901108575,-2.086362836865981,0.187100338,-2.2555309339147027,-0.0,-0.0,0.0,-0.0,-7.386826051565526,0.05345263232545951,0.0,0.0,0.0,0.0
30,Qinghai,2009,0.19668038426359535,0.07045031592008888,-0.03562717764315071,0.2993082835340992,0.04736453603258717,0.04302345084367243,-7.0,276.0,5265.440518134716,5265.440518134716,0.10607749356323959,-0.00734291416493144,0.010660128298123659,0.244901108575,0.187100338,0.009014401107041027,-2.086362836865981,-2.2555309339147027,-0.09964709795453731,0.10001935023920526,0.053951541707971624,31,0.6936308363716208,-0.8152348073294063,0,-0.0,-0.0,0.0,-1.033217041300613,-0.0,-1.4471655995100177,1.7008756053316714,0.0,0.6078836803598475,0.0,0.0,0.5685585676025106,0.0,0.19668038426359535,0.07045031592008888,-0.03562717764315071,0.2993082835340992,-7.0,5265.440518134716,5265.440518134716,0.10607749356323959,-0.00734291416493144,0.010660128298123659,0.244901108575,-2.086362836865981,0.187100338,-2.2555309339147027,-0.0,-0.0,0.0,-0.0,-1.4471655995100177,1.7008756053316714,0.0,0.0,0.0,0.0
30,Qinghai,2010,0.21428824434745408,-0.04496370685249307,0.0,0.16784679179940465,0.196935062560323,0.194461581472555,0.0,195.0,5033.9305699481865,5033.9305699481865,-0.04496370685249307,0.0,0.008369646795313577,0.244901108575,0.187100338,0.009014401107041027,-2.086362836865981,-2.2555309339147027,-0.09964709795453731,0.11994848128667408,0.13785180451035353,31,1.1272573429372206,1.2924798872402858,0,-0.0,-0.0,0.0,-1.033217041300613,-0.0,-2.3518678278885075,-2.6965820041348656,0.0,0.6078836803598475,0.0,0.0,0.5685585676025106,0.0,0.21428824434745408,-0.04496370685249307,0.0,0.16784679179940465,0.0,5033.9305699481865,5033.9305699481865,-0.04496370685249307,0.0,0.008369646795313577,0.244901108575,-2.086362836865981,0.187100338,-2.2555309339147027,-0.0,-0.0,0.0,-0.0,-2.3518678278885075,-2.6965820041348656,0.0,0.0,0.0,0.0
30,Qinghai,2011,-0.011015904995951509,-0.05690930714065301,0.17538912001830997,0.11936656726202788,0.17897055447077825,0.2192638468680972,37.0,160.0,3990.444695652174,3990.444695652174,-0.23229842715896298,0.026651300151264136,0.00661097947129583,0.244901108575,0.187100338,0.009014401107041027,-2.086362836865981,-2.2555309339147027,-0.09964709795453731,0.08951107708331604,0.11887028262747688,31,0.46498736126114687,0.8156323630308685,0,-0.0,-0.0,0.0,-1.033217041300613,-0.0,-0.970132350147633,-1.7017050507727862,0.0,0.6078836803598475,0.0,0.0,0.5685585676025106,0.0,-0.011015904995951509,-0.05690930714065301,0.17538912001830997,0.11936656726202788,37.0,3990.444695652174,3990.444695652174,-0.23229842715896298,0.026651300151264136,0.00661097947129583,0.244901108575,-2.086362836865981,0.187100338,-2.2555309339147027,-0.0,-0.0,0.0,-0.0,-0.970132350147633,-1.7017050507727862,0.0,0.0,0.0,0.0
30,Qinghai,2012,0.2322527150192828,0.22288324351402355,0.0,0.03319806940959591,0.10881919653907524,0.11450324194937433,0.0,48.0,4986.757608695652,4986.757608695652,0.22288324351402355,0.0,0.0074097438465017115,0.244901108575,0.187100338,0.009014401107041027,-2.086362836865981,-2.2555309339147027,-0.09964709795453731,0.0756167924904256,0.06311076158020731,31,0.162669609679673,-0.5851399104757836,0,-2.086362836865981,-0.0,0.0,-1.033217041300613,-0.0,-0.3393878283231644,1.220814163583762,0.0,0.6078836803598475,0.0,0.0,0.5685585676025106,0.0,0.2322527150192828,0.22288324351402355,0.0,0.03319806940959591,0.0,4986.757608695652,4986.757608695652,0.22288324351402355,0.0,0.0074097438465017115,0.244901108575,-2.086362836865981,0.187100338,-2.2555309339147027,-2.086362836865981,-0.0,0.0,-0.0,-0.3393878283231644,1.220814163583762,0.0,0.0,0.0,0.0
30,Qinghai,2013,0.04496083045563459,0.15876348078718472,0.02150620522096336,0.15123096972392336,0.1147420446680707,0.09352028335933227,5.0,240.0,5720.425531914893,5720.425531914893,0.13725727556622136,0.002880018432117966,0.007743217556592363,0.244901108575,0.187100338,0.009014401107041027,-2.086362836865981,-2.2555309339147027,-0.09964709795453731,0.05332030642613454,0.09052161106014825,31,-0.3224668138662537,0.10346639789288713,0,-2.086362836865981,-0.0,0.0,-1.033217041300613,-0.0,0.6727827765731312,-0.21586844742810832,0.0,0.6078836803598475,0.0,0.0,0.5685585676025106,0.0,0.04496083045563459,0.15876348078718472,0.02150620522096336,0.15123096972392336,5.0,5720.425531914893,5720.425531914893,0.13725727556622136,0.002880018432117966,0.007743217556592363,0.244901108575,-2.086362836865981,0.187100338,-2.2555309339147027,-2.086362836865981,-0.0,0.0,-0.0,0.6727827765731312,-0.21586844742810832,0.0,0.0,0.0,0.0
30,Qinghai,2014,-0.04993601634043188,-0.034586670385820195,0.0293522120125278,0.0672759988941607,0.07702077306777078,0.048440463145833945,7.0,119.0,5366.115702479339,5366.115702479339,-0.063938882398348,0.0037331342328409153,0.006925497306810304,0.244901108575,0.187100338,0.009014401107041027,-2.086362836865981,-2.2555309339147027,-0.09964709795453731,0.07238772123836522,0.05502636777100867,31,0.09241010447860744,-0.7882333819285628,0,-2.086362836865981,-0.0,0.0,-1.033217041300613,-0.0,-0.19280100773506909,1.6445408348329424,0.0,0.6078836803598475,0.0,0.0,0.5685585676025106,0.0,-0.04993601634043188,-0.034586670385820195,0.0293522120125278,0.0672759988941607,7.0,5366.115702479339,5366.115702479339,-0.063938882398348,0.0037331342328409153,0.006925497306810304,0.244901108575,-2.086362836865981,0.187100338,-2.2555309339147027,-2.086362836865981,-0.0,0.0,-0.0,-0.19280100773506909,1.6445408348329424,0.0,0.0,0.0,0.0
30,Qinghai,2015,-0.027401237180293414,-0.062463771587887074,0.2731136566234902,0.12570974039860694,0.09127316598279211,0.06276195970024379,76.0,245.0,3836.37106918239,3836.37106918239,-0.33557742821137726,0.036995570267244315,0.00593859708903276,0.244901108575,0.187100338,0.009014401107041027,-2.086362836865981,-2.2555309339147027,-0.09964709795453731,0.07881055819591727,0.01369788281902884,31,0.23216092178769712,-1.826473932411288,0,-2.086362836865981,-0.0,0.0,-1.033217041300613,-0.0,-0.48437191939040086,3.8106873350873784,0.0,0.6078836803598475,0.0,0.0,0.5685585676025106,0.0,-0.027401237180293414,-0.062463771587887074,0.2731136566234902,0.12570974039860694,76.0,3836.37106918239,3836.37106918239,-0.33557742821137726,0.036995570267244315,0.00593859708903276,0.244901108575,-2.086362836865981,0.187100338,-2.2555309339147027,-2.086362836865981,-0.0,0.0,-0.0,-0.48437191939040086,3.8106873350873784,0.0,0.0,0.0,0.0
30,Qinghai,2016,-0.02260131151465572,-0.009029417871706968,0.2344007058388442,0.12280629209090677,0.11761535161599568,0.1310813153285748,84.0,271.0,3007.4626865671644,3007.4626865671644,-0.24343012371055117,0.036352620418055134,0.005232180724455793,0.244901108575,0.187100338,0.009014401107041027,-2.086362836865981,-2.2555309339147027,-0.09964709795453731,0.05903759135568659,0.05014379919751098,31,-0.1980676975607446,-0.9108916571933824,1,-2.086362836865981,-2.086362836865981,0.4952240439887506,-1.033217041300613,-1.033217041300613,0.41324108337434823,1.9004505019795397,1.2274922587838972,0.6078836803598475,0.6078836803598475,1.1480835280595258,0.5685585676025106,0.5685585676025106,-0.02260131151465572,-0.009029417871706968,0.2344007058388442,0.12280629209090677,84.0,3007.4626865671644,3007.4626865671644,-0.24343012371055117,0.036352620418055134,0.005232180724455793,0.244901108575,-2.086362836865981,0.187100338,-2.2555309339147027,-2.086362836865981,-2.086362836865981,0.4952240439887506,-1.033217041300613,0.41324108337434823,1.9004505019795397,1.2274922587838972,0.6078836803598475,1.1480835280595258,0.5685585676025106
30,Qinghai,2017,0.10633949515358676,0.28768207245178123,-0.007490671729157405,0.0810590845417396,0.08551720722085498,0.11730912803879168,-3.0,198.0,4040.100250626567,4040.100250626567,0.29517274418093864,-0.0011918951132300357,0.006404449741756059,0.244901108575,0.187100338,0.009014401107041027,-2.086362836865981,-2.2555309339147027,-0.09964709795453731,0.033173774099243235,0.0667308662369896,31,-0.7608236299016604,-0.49419683680565485,1,-2.086362836865981,-2.086362836865981,0.4952240439887506,-1.033217041300613,-1.033217041300613,1.5873541468363013,1.0310739144080403,1.2274922587838972,0.6078836803598475,0.6078836803598475,1.1480835280595258,0.5685585676025106,0.5685585676025106,0.10633949515358676,0.28768207245178123,-0.007490671729157405,0.0810590845417396,-3.0,4040.100250626567,4040.100250626567,0.29517274418093864,-0.0011918951132300357,0.006404449741756059,0.244901108575,-2.086362836865981,0.187100338,-2.2555309339147027,-2.086362836865981,-2.086362836865981,0.4952240439887506,-1.033217041300613,1.5873541468363013,1.0310739144080403,1.2274922587838972,0.6078836803598475,1.1480835280595258,0.5685585676025106
30,Qinghai,2018,0.2766457863088947,-0.2696487968821204,-0.05142521180743742,0.09627493074117588,0.1065159503889328,0.11416654997822384,-20.0,257.0,3248.02110817942,3248.02110817942,-0.21822358507468298,-0.007143112509129345,0.004396585749369112,0.244901108575,0.187100338,0.009014401107041027,-2.086362836865981,-2.2555309339147027,-0.09964709795453731,0.03201785921534048,0.096922743210444,31,-0.785974517403983,0.26427352583763797,1,-2.086362836865981,-2.086362836865981,0.4952240439887506,-1.033217041300613,-1.033217041300613,1.6398280238353442,-0.5513704630751894,1.2274922587838972,0.6078836803598475,0.6078836803598475,1.1480835280595258,0.5685585676025106,0.5685585676025106,0.2766457863088947,-0.2696487968821204,-0.05142521180743742,0.09627493074117588,-20.0,3248.02110817942,3248.02110817942,-0.21822358507468298,-0.007143112509129345,0.004396585749369112,0.244901108575,-2.086362836865981,0.187100338,-2.2555309339147027,-2.086362836865981,-2.086362836865981,0.4952240439887506,-1.033217041300613,1.6398280238353442,-0.5513704630751894,1.2274922587838972,0.6078836803598475,1.1480835280595258,0.5685585676025106
30,Qinghai,2019,0.08844889648966792,-0.14297587488269992,0.03627340678683488,0.12348105677102073,0.07573938781743994,0.06914524779577746,14.0,368.0,2715.0127226463105,2715.0127226463105,-0.1792492816695348,0.004635454605655255,0.003532878617310112,0.244901108575,0.187100338,0.009014401107041027,-2.086362836865981,-2.2555309339147027,-0.09964709795453731,0.0323398613545378,0.051984497690370696,31,-0.7789682579542254,-0.8646502375352481,1,-2.086362836865981,-2.086362836865981,0.4952240439887506,-1.033217041300613,-1.033217041300613,1.625210424493929,1.8039741224808843,1.2274922587838972,0.6078836803598475,0.6078836803598475,1.1480835280595258,0.5685585676025106,0.5685585676025106,0.08844889648966792,-0.14297587488269992,0.03627340678683488,0.12348105677102073,14.0,2715.0127226463105,2715.0127226463105,-0.1792492816695348,0.004635454605655255,0.003532878617310112,0.244901108575,-2.086362836865981,0.187100338,-2.2555309339147027,-2.086362836865981,-2.086362836865981,0.4952240439887506,-1.033217041300613,1.625210424493929,1.8039741224808843,1.2274922587838972,0.6078836803598475,1.1480835280595258,0.5685585676025106
30,Qinghai,2020,0.07184808418628474,-0.029483828482325336,0.0,0.24066590200641258,0.019801361309877308,-0.012449184176568373,0.0,862.0,2636.1323155216282,2636.1323155216282,-0.029483828482325336,0.0,0.0033629811282548483,0.244901108575,0.187100338,0.009014401107041027,-2.086362836865981,-2.2555309339147027,-0.09964709795453731,0.04438090693127943,0.037262753188721555,31,-0.5169740688245997,-1.2344850411390522,1,-2.086362836865981,-2.086362836865981,0.4952240439887506,-1.033217041300613,-1.033217041300613,1.0785954848190407,2.57558371249949,1.2274922587838972,0.6078836803598475,0.6078836803598475,1.1480835280595258,0.5685585676025106,0.5685585676025106,0.07184808418628474,-0.029483828482325336,0.0,0.24066590200641258,0.0,2636.1323155216282,2636.1323155216282,-0.029483828482325336,0.0,0.0033629811282548483,0.244901108575,-2.086362836865981,0.187100338,-2.2555309339147027,-2.086362836865981,-2.086362836865981,0.4952240439887506,-1.033217041300613,1.0785954848190407,2.57558371249949,1.2274922587838972,0.6078836803598475,1.1480835280595258,0.5685585676025106
30,Qinghai,2021,0.044891015737938744,0.36943107528316954,0.0,0.020629415272173546,0.1121767761049508,0.18282538953214722,0.0,84.0,3814.2493638676847,3814.2493638676847,0.36943107528316954,0.0,0.004349592316397296,0.244901108575,0.187100338,0.009014401107041027,-2.086362836865981,-2.2555309339147027,-0.09964709795453731,0.037499334228858976,0.0910393120777722,31,-0.6667062535104331,0.1164719118900222,1,-2.086362836865981,-2.086362836865981,0.4952240439887506,-1.033217041300613,-1.033217041300613,1.390991150430317,-0.2430026685060713,1.2274922587838972,0.6078836803598475,0.6078836803598475,1.1480835280595258,0.5685585676025106,0.5685585676025106,0.044891015737938744,0.36943107528316954,0.0,0.020629415272173546,0.0,3814.2493638676847,3814.2493638676847,0.36943107528316954,0.0,0.004349592316397296,0.244901108575,-2.086362836865981,0.187100338,-2.2555309339147027,-2.086362836865981,-2.086362836865981,0.4952240439887506,-1.033217041300613,1.390991150430317,-0.2430026685060713,1.2274922587838972,0.6078836803598475,1.1480835280595258,0.5685585676025106
30,Qinghai,2022,0.002347324727587363,0.06207551711634718,0.0,0.0825450899761897,0.06490476177009796,0.1525354614473784,0.0,354.0,4058.5241730279895,4058.5241730279895,0.06207551711634718,0.0,0.004337303647612542,0.244901108575,0.187100338,0.009014401107041027,-2.086362836865981,-2.2555309339147027,-0.09964709795453731,0.030562387673295114,0.03176275653557354,31,-0.8176432860361678,-1.3726541407189772,1,-2.086362836865981,-2.086362836865981,0.4952240439887506,-1.033217041300613,-1.033217041300613,1.7059005657988415,2.8638545870662804,1.2274922587838972,0.6078836803598475,0.6078836803598475,1.1480835280595258,0.5685585676025106,0.5685585676025106,0.002347324727587363,0.06207551711634718,0.0,0.0825450899761897,0.0,4058.5241730279895,4058.5241730279895,0.06207551711634718,0.0,0.004337303647612542,0.244901108575,-2.086362836865981,0.187100338,-2.2555309339147027,-2.086362836865981,-2.086362836865981,0.4952240439887506,-1.033217041300613,1.7059005657988415,2.8638545870662804,1.2274922587838972,0.6078836803598475,1.1480835280595258,0.5685585676025106
30,Qinghai,2023,0.011614793271118806,0.005003137390608092,0.010126668817929563,0.1983076876402574,0.04565938095563027,0.010936457001320399,4.0,980.0,4037.7833753148616,4037.7833753148616,-0.0051235314273214705,0.001039176971838304,0.004164501714642004,0.244901108575,0.187100338,0.009014401107041027,-2.086362836865981,-2.2555309339147027,-0.09964709795453731,0.034067135169903805,0.07133473617818979,31,-0.7413854998974198,-0.3785399365428838,1,-2.086362836865981,-2.086362836865981,0.4952240439887506,-1.033217041300613,-1.033217041300613,1.546799154777284,0.7897716558726794,1.2274922587838972,0.6078836803598475,0.6078836803598475,1.1480835280595258,0.5685585676025106,0.5685585676025106,0.011614793271118806,0.005003137390608092,0.010126668817929563,0.1983076876402574,4.0,4037.7833753148616,4037.7833753148616,-0.0051235314273214705,0.001039176971838304,0.004164501714642004,0.244901108575,-2.086362836865981,0.187100338,-2.2555309339147027,-2.086362836865981,-2.086362836865981,0.4952240439887506,-1.033217041300613,1.546799154777284,0.7897716558726794,1.2274922587838972,0.6078836803598475,1.1480835280595258,0.5685585676025106
31,Heilongjiang,2000,,,,,,,,,4106.694207489647,4106.694207489647,,,0.014349561551391844,0.935442237075,0.87180880035,0.00878983825918955,0.7171993543928011,0.6749334886423939,-0.12826261422610222,,,0,,,0,0.0,0.0,-0.0,-0.03676248808211027,-0.0,,,0.0,-0.0768079710536821,-0.0,,,,,,,,,4106.694207489647,4106.694207489647,,,0.014349561551391844,0.935442237075,0.7171993543928011,0.87180880035,0.6749334886423939,0.0,0.0,-0.0,-0.0,,,0.0,-0.0,,
31,Heilongjiang,2001,0.02691180790558967,0.028299164804479915,0.0381988687538497,0.035380516633260584,0.064562443871786,0.0197017859914963,39.210000000000036,39.200000000000045,4066.2397247180265,4066.2397247180265,-0.009899703949369787,0.012754952254157252,0.013838521393626705,0.935442237075,0.87180880035,0.00878983825918955,0.7171993543928011,0.6749334886423939,-0.12826261422610222,0.06028087511627794,0.10333775942244862,31,-0.17101580089295476,0.42542944459551196,0,0.0,0.0,-0.0,-0.03676248808211027,-0.0,-0.12265242199139498,0.30511772300358914,0.0,-0.0768079710536821,-0.0,,,,0.02691180790558967,0.028299164804479915,0.0381988687538497,0.035380516633260584,39.210000000000036,4066.2397247180265,4066.2397247180265,-0.009899703949369787,0.012754952254157252,0.013838521393626705,0.935442237075,0.7171993543928011,0.87180880035,0.6749334886423939,0.0,0.0,-0.0,-0.0,-0.12265242199139498,0.30511772300358914,0.0,-0.0,,
31,Heilongjiang,2002,0.046596743223993986,0.043198989048005565,0.032351890473455214,0.030066551015885956,0.06428228325163232,0.03677274849077605,34.399999999999864,34.419999999999845,4110.586711086434,4110.586711086434,0.010847098574550351,0.010493563540967563,0.013549813922274419,0.935442237075,0.87180880035,0.00878983825918955,0.7171993543928011,0.6749334886423939,-0.12826261422610222,0.03622957213462816,0.07192239437819348,31,-0.6943342770192986,-0.36377698131293934,0,0.0,0.0,-0.0,-0.03676248808211027,-0.0,-0.4979760952110333,-0.26090061614060217,0.0,-0.0768079710536821,-0.0,,,,0.046596743223993986,0.043198989048005565,0.032351890473455214,0.030066551015885956,34.399999999999864,4110.586711086434,4110.586711086434,0.010847098574550351,0.010493563540967563,0.013549813922274419,0.935442237075,0.7171993543928011,0.87180880035,0.6749334886423939,0.0,0.0,-0.0,-0.0,-0.4979760952110333,-0.26090061614060217,0.0,-0.0,,
31,Heilongjiang,2003,0.07243002800383813,0.06874519904374798,,0.022808401784131682,0.10737788029945428,0.12396778325875513,,26.810000000000173,,,,,0.013036330757849744,0.935442237075,0.87180880035,0.00878983825918955,0.7171993543928011,0.6749334886423939,-0.12826261422610222,,0.174536334595533,0,,2.2140565371971155,0,0.0,0.0,-0.0,-0.03676248808211027,-0.0,,1.5879199190669322,0.0,-0.0768079710536821,-0.0,,,,0.07243002800383813,0.06874519904374798,,0.022808401784131682,,,,,,0.013036330757849744,0.935442237075,0.7171993543928011,0.87180880035,0.6749334886423939,0.0,0.0,-0.0,-0.0,,1.5879199190669322,0.0,-0.0,,
31,Heilongjiang,2004,0.016171343056874843,0.10795487752757804,,0.02113926919527387,0.13571059488019088,0.1488059316683774,,25.399999999999864,4707.658693856524,4707.658693856524,,,0.01267947337174238,0.935442237075,0.87180880035,0.00878983825918955,0.7171993543928011,0.6749334886423939,-0.12826261422610222,,0.13859497572773094,0,,1.3111495891354643,0,0.0,0.0,-0.0,-0.03676248808211027,-0.0,,0.9403556388403415,0.0,-0.0768079710536821,-0.0,,,,0.016171343056874843,0.10795487752757804,,0.02113926919527387,,4707.658693856524,4707.658693856524,,,0.01267947337174238,0.935442237075,0.7171993543928011,0.87180880035,0.6749334886423939,0.0,0.0,-0.0,-0.0,,0.9403556388403415,0.0,-0.0,,
31,Heilongjiang,2005,0.1720128066292106,0.08273843180311369,,0.026957737373257018,0.13917001228241688,0.15705980368804529,,33.180000000000064,,,,,0.01198376522010615,0.935442237075,0.87180880035,0.00878983825918955,0.7171993543928011,0.6749334886423939,-0.12826261422610222,,0.1204312655274813,1,,0.8548468599396662,0,0.0,0.0,-0.0,-0.03676248808211027,-0.0,,0.613095616053442,0.0,-0.0768079710536821,-0.0,,,,0.1720128066292106,0.08273843180311369,,0.026957737373257018,,,,,,0.01198376522010615,0.935442237075,0.7171993543928011,0.87180880035,0.6749334886423939,0.0,0.0,-0.0,-0.0,,0.613095616053442,0.0,-0.0,,
31,Heilongjiang,2006,0.0814381761105274,0.07194575812903192,,0.07340803094998982,0.11426860070246292,0.12097361464091705,,95.01999999999998,4967.164418754014,4967.164418754014,,,0.011487161183654943,0.935442237075,0.87180880035,0.00878983825918955,0.7171993543928011,0.6749334886423939,-0.12826261422610222,,0.1288484193955256,1,,1.0662998196987796,0,0.0,0.0,-0.0,-0.03676248808211027,-0.0,,0.764749542277125,0.0,-0.0768079710536821,-0.0,,,,0.0814381761105274,0.07194575812903192,,0.07340803094998982,,4967.164418754014,4967.164418754014,,,0.011487161183654943,0.935442237075,0.7171993543928011,0.87180880035,0.6749334886423939,0.0,0.0,-0.0,-0.0,,0.764749542277125,0.0,-0.0,,
31,Heilongjiang,2007,0.05801296096267983,0.07606750537627338,0.12255291619819886,0.12286013157255482,0.1397110992629198,0.12081749011816711,162.4000000000001,175.5,4741.548295454545,4741.548295454545,-0.04648541082192548,0.026220190638223027,0.010778855586197084,0.935442237075,0.87180880035,0.00878983825918955,0.7171993543928011,0.6749334886423939,-0.12826261422610222,0.07460781837107273,0.1340029619229762,31,0.1407159218069819,1.1957905348170592,0,0.0,0.0,-0.0,-0.03676248808211027,-0.0,0.1009213682727553,0.8576201995598173,0.0,-0.0768079710536821,-0.0,,,,0.05801296096267983,0.07606750537627338,0.12255291619819886,0.12286013157255482,162.4000000000001,4741.548295454545,4741.548295454545,-0.04648541082192548,0.026220190638223027,0.010778855586197084,0.935442237075,0.7171993543928011,0.87180880035,0.6749334886423939,0.0,0.0,-0.0,-0.0,0.1009213682727553,0.8576201995598173,0.0,-0.0,,
31,Heilongjiang,2008,0.06736576951592,0.046204049108372836,0.16283848070857498,0.17758925279927595,0.1526433873028985,0.15114799207079344,249.0,295.0,4219.553409776705,4219.553409776705,-0.11663443160020215,0.034510955710787716,0.009690510045730344,0.935442237075,0.87180880035,0.00878983825918955,0.7171993543928011,0.6749334886423939,-0.12826261422610222,0.23086049090782326,0.08538316258007597,31,3.540528004544794,-0.02562000788211561,0,0.0,0.0,-0.0,-0.03676248808211027,-0.0,2.539264399069159,-0.01837465311259179,0.0,-0.0768079710536821,-0.0,,,,0.06736576951592,0.046204049108372836,0.16283848070857498,0.17758925279927595,249.0,4219.553409776705,4219.553409776705,-0.11663443160020215,0.034510955710787716,0.009690510045730344,0.935442237075,0.7171993543928011,0.87180880035,0.6749334886423939,0.0,0.0,-0.0,-0.0,2.539264399069159,-0.01837465311259179,0.0,-0.0,,
31,Heilongjiang,2009,-0.013751066664296374,-0.02285731720562989,0.009011776218084577,0.03947525243855221,0.013860299470580983,-0.07023703777117873,15.0,73.0,4087.2002571770336,4087.2002571770336,-0.03186909342371447,0.002050356818129441,0.009341150683210332,0.935442237075,0.87180880035,0.00878983825918955,0.7171993543928011,0.6749334886423939,-0.12826261422610222,0.10001935023920526,0.053951541707971624,31,0.6936308363716208,-0.8152348073294063,0,0.0,0.0,-0.0,-0.03676248808211027,-0.0,0.4974715880326651,-0.5846858774951899,0.0,-0.0768079710536821,-0.0,,,,-0.013751066664296374,-0.02285731720562989,0.009011776218084577,0.03947525243855221,15.0,4087.2002571770336,4087.2002571770336,-0.03186909342371447,0.002050356818129441,0.009341150683210332,0.935442237075,0.7171993543928011,0.87180880035,0.6749334886423939,0.0,0.0,-0.0,-0.0,0.4974715880326651,-0.5846858774951899,0.0,-0.0,,
31,Heilongjiang,2010,0.07265354437177507,0.051477389825769215,0.004177863432893503,0.041034061109958664,0.14231780750931122,0.1224943133769596,7.0,79.0,4285.1678737343655,4285.1678737343655,0.04729952639287571,0.0008299050154740533,0.008529997142044242,0.935442237075,0.87180880035,0.00878983825918955,0.7171993543928011,0.6749334886423939,-0.12826261422610222,0.11994848128667408,0.13785180451035353,31,1.1272573429372206,1.2924798872402858,0,0.0,0.0,-0.0,-0.03676248808211027,-0.0,0.808468238589119,0.9269657406944134,0.0,-0.0768079710536821,-0.0,,,,0.07265354437177507,0.051477389825769215,0.004177863432893503,0.041034061109958664,7.0,4285.1678737343655,4285.1678737343655,0.04729952639287571,0.0008299050154740533,0.008529997142044242,0.935442237075,0.7171993543928011,0.87180880035,0.6749334886423939,0.0,0.0,-0.0,-0.0,0.808468238589119,0.9269657406944134,0.0,-0.0,,
31,Heilongjiang,2011,0.07089904957851534,0.06185958152007576,0.033961109163564096,0.060235382773838886,0.17760367434009972,0.1703880169094365,58.0,122.0,4406.400754173863,4406.400754173863,0.02789847235651166,0.005757395274965257,0.007597695165773277,0.935442237075,0.87180880035,0.00878983825918955,0.7171993543928011,0.6749334886423939,-0.12826261422610222,0.08951107708331604,0.11887028262747688,31,0.46498736126114687,0.8156323630308685,0,0.0,0.0,-0.0,-0.03676248808211027,-0.0,0.3334886352973067,0.5849710041876137,0.0,-0.0768079710536821,-0.0,,,,0.07089904957851534,0.06185958152007576,0.033961109163564096,0.060235382773838886,58.0,4406.400754173863,4406.400754173863,0.02789847235651166,0.005757395274965257,0.007597695165773277,0.935442237075,0.7171993543928011,0.87180880035,0.6749334886423939,0.0,0.0,-0.0,-0.0,0.3334886352973067,0.5849710041876137,0.0,-0.0,,
31,Heilongjiang,2012,0.017354968139374982,-0.0024810767541971757,0.008598505255232425,0.0403810731792289,0.10336328726525323,0.03664510967324297,15.0,86.0,4357.849138127854,4357.849138127854,-0.0110795820094296,0.001342762510070719,0.006834617930355384,0.935442237075,0.87180880035,0.00878983825918955,0.7171993543928011,0.6749334886423939,-0.12826261422610222,0.0756167924904256,0.06311076158020731,31,0.162669609679673,-0.5851399104757836,0,0.7171993543928011,0.0,-0.0,-0.03676248808211027,-0.0,0.11666653904159044,-0.41966196602269346,0.0,-0.0768079710536821,-0.0,,,,0.017354968139374982,-0.0024810767541971757,0.008598505255232425,0.0403810731792289,15.0,4357.849138127854,4357.849138127854,-0.0110795820094296,0.001342762510070719,0.006834617930355384,0.935442237075,0.7171993543928011,0.87180880035,0.6749334886423939,0.7171993543928011,0.0,-0.0,-0.0,0.11666653904159044,-0.41966196602269346,0.0,-0.0,,
31,Heilongjiang,2013,-0.011676435806752039,-0.03832205309622516,0.08267359579981193,0.09643910765194352,0.07300117934045147,0.01997647598671115,151.0,220.0,3861.219127693116,3861.219127693116,-0.12099564889603709,0.01256553216276941,0.006114587667471082,0.935442237075,0.87180880035,0.00878983825918955,0.7171993543928011,0.6749334886423939,-0.12826261422610222,0.05332030642613454,0.09052161106014825,31,-0.3224668138662537,0.10346639789288713,0,0.7171993543928011,0.0,-0.0,-0.03676248808211027,-0.0,-0.23127299071798071,0.07420603377012733,0.0,-0.0768079710536821,-0.0,,,,-0.011676435806752039,-0.03832205309622516,0.08267359579981193,0.09643910765194352,151.0,3861.219127693116,3861.219127693116,-0.12099564889603709,0.01256553216276941,0.006114587667471082,0.935442237075,0.7171993543928011,0.87180880035,0.6749334886423939,0.7171993543928011,0.0,-0.0,-0.0,-0.23127299071798071,0.07420603377012733,0.0,-0.0,,
31,Heilongjiang,2014,0.05779587886493864,0.06746110288488438,0.023371616906331383,0.043342842926579195,0.027908482739251284,-0.0655911517246377,45.0,106.0,4035.2669404517455,4035.2669404517455,0.044089485978553,0.0036416311270443713,0.006361282177857264,0.935442237075,0.87180880035,0.00878983825918955,0.7171993543928011,0.6749334886423939,-0.12826261422610222,0.07238772123836522,0.05502636777100867,31,0.09241010447860744,-0.7882333819285628,0,0.7171993543928011,0.0,-0.0,-0.03676248808211027,-0.0,0.06627646727142855,-0.5653204726300195,0.0,-0.0768079710536821,-0.0,,,,0.05779587886493864,0.06746110288488438,0.023371616906331383,0.043342842926579195,45.0,4035.2669404517455,4035.2669404517455,0.044089485978553,0.0036416311270443713,0.006361282177857264,0.935442237075,0.7171993543928011,0.87180880035,0.6749334886423939,0.7171993543928011,0.0,-0.0,-0.0,0.06627646727142855,-0.5653204726300195,0.0,-0.0,,
31,Heilongjiang,2015,-0.01778327276353231,-0.02024632488595568,0.046636678607364423,0.05753627139214945,-0.027392680030667194,-0.21573632324498604,93.0,148.0,3774.2038216560504,3774.2038216560504,-0.0668830034933201,0.007735045578548139,0.0064069049836981825,0.935442237075,0.87180880035,0.00878983825918955,0.7171993543928011,0.6749334886423939,-0.12826261422610222,0.07881055819591727,0.01369788281902884,31,0.23216092178769712,-1.826473932411288,0,0.7171993543928011,0.0,-0.0,-0.03676248808211027,-0.0,0.16650566322137397,-1.3099459251406564,0.0,-0.0768079710536821,-0.0,,,,-0.01778327276353231,-0.02024632488595568,0.046636678607364423,0.05753627139214945,93.0,3774.2038216560504,3774.2038216560504,-0.0668830034933201,0.007735045578548139,0.0064069049836981825,0.935442237075,0.7171993543928011,0.87180880035,0.6749334886423939,0.7171993543928011,0.0,-0.0,-0.0,0.16650566322137397,-1.3099459251406564,0.0,-0.0,,
31,Heilongjiang,2016,0.03026819625417332,0.04130609482023484,0.030400411047756037,0.05010255929878937,0.021207093297956447,-0.06230513114057601,63.0,136.0,3815.589353612167,3815.589353612167,0.010905683772478802,0.0051299171884796714,0.006536980188748382,0.935442237075,0.87180880035,0.00878983825918955,0.7171993543928011,0.6749334886423939,-0.12826261422610222,0.05903759135568659,0.05014379919751098,31,-0.1980676975607446,-0.9108916571933824,1,0.7171993543928011,0.7171993543928011,-0.0512583953916611,-0.03676248808211027,-0.03676248808211027,-0.14205402481663462,-0.6532909084608826,1.4984466537978578,-0.0768079710536821,-0.0768079710536821,,,,0.03026819625417332,0.04130609482023484,0.030400411047756037,0.05010255929878937,63.0,3815.589353612167,3815.589353612167,0.010905683772478802,0.0051299171884796714,0.006536980188748382,0.935442237075,0.7171993543928011,0.87180880035,0.6749334886423939,0.7171993543928011,0.7171993543928011,-0.0512583953916611,-0.03676248808211027,-0.14205402481663462,-0.6532909084608826,1.4984466537978578,-0.0768079710536821,,
31,Heilongjiang,2017,0.057811679335658006,0.0028608763837514317,0.04507150766886081,0.06469571323786916,0.030362711529624775,-0.047226219868287345,97.0,186.0,3657.8827805542937,3657.8827805542937,-0.04221063128510938,0.007662229945890438,0.006359650855089064,0.935442237075,0.87180880035,0.00878983825918955,0.7171993543928011,0.6749334886423939,-0.12826261422610222,0.033173774099243235,0.0667308662369896,31,-0.7608236299016604,-0.49419683680565485,1,0.7171993543928011,0.7171993543928011,-0.0512583953916611,-0.03676248808211027,-0.03676248808211027,-0.5456622161722583,-0.35443765229998014,1.4984466537978578,-0.0768079710536821,-0.0768079710536821,,,,0.057811679335658006,0.0028608763837514317,0.04507150766886081,0.06469571323786916,97.0,3657.8827805542937,3657.8827805542937,-0.04221063128510938,0.007662229945890438,0.006359650855089064,0.935442237075,0.7171993543928011,0.87180880035,0.6749334886423939,0.7171993543928011,0.7171993543928011,-0.0512583953916611,-0.03676248808211027,-0.5456622161722583,-0.35443765229998014,1.4984466537978578,-0.0768079710536821,,
31,Heilongjiang,2018,0.09302053942225008,0.08199945932756325,0.0049852811157640176,0.05248826890512248,0.04224063310217474,0.00467721070934779,11.0,160.0,3950.723327305606,3950.723327305606,0.07701417821179923,0.0008329736401705323,0.006617596946772984,0.935442237075,0.87180880035,0.00878983825918955,0.7171993543928011,0.6749334886423939,-0.12826261422610222,0.03201785921534048,0.096922743210444,31,-0.785974517403983,0.26427352583763797,1,0.7171993543928011,0.7171993543928011,-0.0512583953916611,-0.03676248808211027,-0.03676248808211027,-0.5637004164513301,0.1895368021138632,1.4984466537978578,-0.0768079710536821,-0.0768079710536821,,,,0.09302053942225008,0.08199945932756325,0.0049852811157640176,0.05248826890512248,11.0,3950.723327305606,3950.723327305606,0.07701417821179923,0.0008329736401705323,0.006617596946772984,0.935442237075,0.7171993543928011,0.87180880035,0.6749334886423939,0.7171993543928011,0.7171993543928011,-0.0512583953916611,-0.03676248808211027,-0.5637004164513301,0.1895368021138632,1.4984466537978578,-0.0768079710536821,,
31,Heilongjiang,2019,0.060231263939990676,0.04223534473803081,0.018365577790018683,0.03671000440565386,0.05572660982781663,0.03665040961882049,41.0,117.0,4046.1606746560137,4046.1606746560137,0.023869766948012128,0.002936436884512086,0.006528916741271262,0.935442237075,0.87180880035,0.00878983825918955,0.7171993543928011,0.6749334886423939,-0.12826261422610222,0.0323398613545378,0.051984497690370696,31,-0.7789682579542254,-0.8646502375352481,1,0.7171993543928011,0.7171993543928011,-0.0512583953916611,-0.03676248808211027,-0.03676248808211027,-0.5586755316972555,-0.6201265921358621,1.4984466537978578,-0.0768079710536821,-0.0768079710536821,,,,0.060231263939990676,0.04223534473803081,0.018365577790018683,0.03671000440565386,41.0,4046.1606746560137,4046.1606746560137,0.023869766948012128,0.002936436884512086,0.006528916741271262,0.935442237075,0.7171993543928011,0.87180880035,0.6749334886423939,0.7171993543928011,0.7171993543928011,-0.0512583953916611,-0.03676248808211027,-0.5586755316972555,-0.6201265921358621,1.4984466537978578,-0.0768079710536821,,
31,Heilongjiang,2020,0.02311213987574856,0.010909992570097948,0.07274378038428164,0.08557267568299842,0.0026893080515719703,-0.05991093162475991,170.0,290.0,3803.5493190260004,3803.5493190260004,-0.061833787814183694,0.012142770408782795,0.006582810122784837,0.935442237075,0.87180880035,0.00878983825918955,0.7171993543928011,0.6749334886423939,-0.12826261422610222,0.04438090693127943,0.037262753188721555,31,-0.5169740688245997,-1.2344850411390522,1,0.7171993543928011,0.7171993543928011,-0.0512583953916611,-0.03676248808211027,-0.03676248808211027,-0.37077346839882247,-0.8853718745124988,1.4984466537978578,-0.0768079710536821,-0.0768079710536821,,,,0.02311213987574856,0.010909992570097948,0.07274378038428164,0.08557267568299842,170.0,3803.5493190260004,3803.5493190260004,-0.061833787814183694,0.012142770408782795,0.006582810122784837,0.935442237075,0.7171993543928011,0.87180880035,0.6749334886423939,0.7171993543928011,0.7171993543928011,-0.0512583953916611,-0.03676248808211027,-0.37077346839882247,-0.8853718745124988,1.4984466537978578,-0.0768079710536821,,
31,Heilongjiang,2021,0.053490790250469544,0.018491174035241364,0.04360803972859806,0.11198445644421895,0.08831765695481053,0.1669249323032833,108.0,419.0,3709.20584749111,3709.20584749111,-0.025116865693356694,0.007062146892655367,0.006138836576689684,0.935442237075,0.87180880035,0.00878983825918955,0.7171993543928011,0.6749334886423939,-0.12826261422610222,0.037499334228858976,0.0910393120777722,31,-0.6667062535104331,0.1164719118900222,1,0.7171993543928011,0.7171993543928011,-0.0512583953916611,-0.03676248808211027,-0.03676248808211027,-0.4781612945873258,0.08353358001241915,1.4984466537978578,-0.0768079710536821,-0.0768079710536821,,,,0.053490790250469544,0.018491174035241364,0.04360803972859806,0.11198445644421895,108.0,3709.20584749111,3709.20584749111,-0.025116865693356694,0.007062146892655367,0.006138836576689684,0.935442237075,0.7171993543928011,0.87180880035,0.6749334886423939,0.7171993543928011,0.7171993543928011,-0.0512583953916611,-0.03676248808211027,-0.4781612945873258,0.08353358001241915,1.4984466537978578,-0.0768079710536821,,
31,Heilongjiang,2022,0.014110369259157984,-0.06763947524475444,0.0,0.055330645317047455,0.06740830082176608,0.10835678174186647,0.0,225.0,3466.6139865665746,3466.6139865665746,-0.06763947524475444,0.0,0.005363342950755538,0.935442237075,0.87180880035,0.00878983825918955,0.7171993543928011,0.6749334886423939,-0.12826261422610222,0.030562387673295114,0.03176275653557354,31,-0.8176432860361678,-1.3726541407189772,1,0.7171993543928011,0.7171993543928011,-0.0512583953916611,-0.03676248808211027,-0.03676248808211027,-0.5864132368687479,-0.9844666635282556,1.4984466537978578,-0.0768079710536821,-0.0768079710536821,,,,0.014110369259157984,-0.06763947524475444,0.0,0.055330645317047455,0.0,3466.6139865665746,3466.6139865665746,-0.06763947524475444,0.0,0.005363342950755538,0.935442237075,0.7171993543928011,0.87180880035,0.6749334886423939,0.7171993543928011,0.7171993543928011,-0.0512583953916611,-0.03676248808211027,-0.5864132368687479,-0.9844666635282556,1.4984466537978578,-0.0768079710536821,,
31,Heilongjiang,2023,0.08635552007976255,0.06433192354975326,0.010220214746062162,0.07020425867324853,0.006792553866953099,-0.07864794684136278,26.0,304.0,3659.366445052796,3659.366445052796,0.054111708803691094,0.0015785608127499627,0.005680997509577462,0.935442237075,0.87180880035,0.00878983825918955,0.7171993543928011,0.6749334886423939,-0.12826261422610222,0.034067135169903805,0.07133473617818979,31,-0.7413854998974198,-0.3785399365428838,1,0.7171993543928011,0.7171993543928011,-0.0512583953916611,-0.03676248808211027,-0.03676248808211027,-0.5317212018826136,-0.2714885981004482,1.4984466537978578,-0.0768079710536821,-0.0768079710536821,,,,0.08635552007976255,0.06433192354975326,0.010220214746062162,0.07020425867324853,26.0,3659.366445052796,3659.366445052796,0.054111708803691094,0.0015785608127499627,0.005680997509577462,0.935442237075,0.7171993543928011,0.87180880035,0.6749334886423939,0.7171993543928011,0.7171993543928011,-0.0512583953916611,-0.03676248808211027,-0.5317212018826136,-0.2714885981004482,1.4984466537978578,-0.0768079710536821,,
