province,date,value
北京,20090131,20922.6
北京,20090228,21467.7
北京,20090331,22567.2
北京,20090430,22592.4
北京,20090531,23028.6
北京,20090630,24574.4
北京,20090731,24352
北京,20090831,24619.8
北京,20090930,24816.5
北京,20091031,25034.6
北京,20091130,25204.8
北京,20091231,25421.8
北京,20100131,26251.5
北京,20100228,26690
北京,20100331,26760.3
北京,20100430,26923
北京,20100531,27171.2
北京,20100630,27489.6
北京,20100731,27654.4
北京,20100831,27998.8
北京,20100930,28261
北京,20101031,28801.5
北京,20101130,29203.4
北京,20101231,29563.8
北京,20110131,29874.3
北京,20110228,30236.4
北京,20110331,30641.6
北京,20110430,31053.5
北京,20110531,31195.7
北京,20110630,31551.5
北京,20110731,31697.5
北京,20110831,31966.1
北京,20110930,32315
北京,20111031,33070.8
北京,20111130,33160.3
北京,20111231,33367
北京,20120131,33630.5
北京,20120229,34014.8
北京,20120331,34570.1
北京,20120430,34842.6
北京,20120531,35124.1
北京,20120630,35452.3
北京,20120731,35534.1
北京,20120831,35764.4
北京,20120930,35965.9
北京,20121031,36369.8
北京,20121130,36534.2
北京,20121231,36441.3
北京,20130131,36979.2
北京,20130228,37290.9
北京,20130331,37731.7
北京,20130430,38092.1
北京,20130531,38278.1
北京,20130630,38667
北京,20130731,39129
北京,20130831,39414.8
北京,20130930,39796.6
北京,20131031,39984.7
北京,20131130,40243.6
北京,20131231,40506.7
北京,20140131,41122.67
北京,20140228,41548.62
北京,20140331,42025.19
北京,20140430,42374.69
北京,20140531,42869.06
北京,20140630,43339.66
北京,20140731,43481.96
北京,20140831,43768.31
北京,20140930,44309.48
北京,20141031,44545.89
北京,20141130,45116.25
北京,20141231,45458.71
北京,20150131,46334.71
北京,20150228,46449.2
北京,20150331,46774.2
北京,20150430,47233.62
北京,20150531,47633.7
北京,20150630,48023.74
北京,20150731,51158.23
北京,20150831,51894.57
北京,20150930,50872.08
北京,20151031,52388.27
北京,20151130,51220.96
北京,20151231,50559.52
北京,20160131,52831.94
北京,20160229,53862.49
北京,20160331,52736.65
北京,20160430,54011.22
北京,20160531,54392.67
北京,20160630,54065.72
北京,20160731,54368.56
北京,20160831,55206.38
北京,20160930,55771.13
北京,20161031,56365.22
北京,20161130,56777.94
北京,20161231,56618.87
北京,20170131,57566.73
北京,20170228,58214.64
北京,20170331,58269.46
北京,20170430,59220.95
北京,20170531,59873.53
北京,20170630,60653.7
北京,20170731,60950.21
北京,20170831,61668.16
北京,20170930,62363.4
北京,20171031,62402.13
北京,20171130,62719.69
北京,20171231,63382.55
北京,20180131,60970.95
北京,20180228,61554.85
北京,20180331,62052.33
北京,20180430,63039.1
北京,20180531,63500
北京,20180630,64100
北京,20180731,64933.42
北京,20180831,65243.14
北京,20180930,66311.55
北京,20181031,66511.51
北京,20181130,66830.8
北京,20181231,66766.98
北京,20190131,68482.22
北京,20190228,68825.78
北京,20190331,69696.9
北京,20190430,69819.74
北京,20190531,70364.38
北京,20190630,70640.94
北京,20190731,70663.27
北京,20190831,71073.62
北京,20190930,71796.27
北京,20191031,72072.54
北京,20191130,73053.41
北京,20191231,73575.94
北京,20200131,75015.9
北京,20200229,75862.37
北京,20200331,76899.15
北京,20200430,76709.72
北京,20200531,76483.45
北京,20200630,76955.61
北京,20200731,76897.14
北京,20200831,78143.55
北京,20200930,79509.11
北京,20201031,80166.5
北京,20201130,80691.09
北京,20201231,81035.19
北京,20210131,82551.87
北京,20210228,83603.48
北京,20210331,84531.61
北京,20210430,84618.95
北京,20210531,85157.18
北京,20210630,85706.09
北京,20210731,85262.36
北京,20210831,85389.59
北京,20210930,86073.08
北京,20211031,86244.76
北京,20211130,87070.36
北京,20211231,86077.5
北京,20220131,87774.21
北京,20220228,88629.54
北京,20220331,91495.83
北京,20220430,91023.51
北京,20220531,91847.22
北京,20220630,93618.08
北京,20220731,92226.42
北京,20220831,92258.49
北京,20220930,94028.16
北京,20221031,94230.6
北京,20221130,94697.4
北京,20221231,95496.89
北京,20230131,98093.23
北京,20230228,98873.89
北京,20230331,101385.84
北京,20230430,101468.44
北京,20230531,102466.02
北京,20230630,104261.32
北京,20230731,103413.42
北京,20230831,104152.5
北京,20230930,105978.66
北京,20231031,105880.05
北京,20231130,109138.08
北京,20231231,108601.16
北京,20240131,111542.42
北京,20240229,112685.19
北京,20240331,114012.25
北京,20240430,113558.09
北京,20240531,112543.42
北京,20240630,112528.26
北京,20240731,112785.47
北京,20240831,111987.4
北京,20240930,111708.18
北京,20241031,112236.34
北京,20241130,113229.58
北京,20241231,115307.91
天津,20090131,7733.3
天津,20090228,8350.1
天津,20090331,8919.8
天津,20090430,9340
天津,20090531,9526.5
天津,20090630,9828.1
天津,20090731,10063.3
天津,20090831,10042.3
天津,20090930,10235.1
天津,20091031,10398.9
天津,20091130,10483.4
天津,20091231,10645.3
天津,20100131,10950.4
天津,20100228,11257.9
天津,20100331,11373.9
天津,20100430,11633.3
天津,20100531,11886.5
天津,20100630,12095.4
天津,20100731,12205.7
天津,20100831,12312.5
天津,20100930,12560.4
天津,20101031,12707.6
天津,20101130,12942.4
天津,20101231,13111.6
天津,20110131,13418.1
天津,20110228,13617.5
天津,20110331,13761.7
天津,20110430,13953.4
天津,20110531,14110.9
天津,20110630,14291.6
天津,20110731,14468.2
天津,20110831,14657.6
天津,20110930,14701.9
天津,20111031,14907.9
天津,20111130,15092.9
天津,20111231,15242.2
天津,20120131,15421.8
天津,20120229,15591.7
天津,20120331,15882.3
天津,20120430,15962.5
天津,20120531,16208
天津,20120630,16495.6
天津,20120731,16582.1
天津,20120831,16715.1
天津,20120930,16882.8
天津,20121031,16975.5
天津,20121130,17160.5
天津,20121231,17392.1
天津,20130131,17626.8
天津,20130228,17704.9
天津,20130331,17927.8
天津,20130430,18132
天津,20130531,18214.9
天津,20130630,18477.2
天津,20130731,18694.8
天津,20130831,18883.8
天津,20130930,19057.2
天津,20131031,19136.3
天津,20131130,19298.4
天津,20131231,19453.3
天津,20140131,19748.7
天津,20140228,19891.7
天津,20140331,20100.9
天津,20140430,20293.8
天津,20140531,20376
天津,20140630,20657.2
天津,20140731,20700
天津,20140831,20949.4
天津,20140930,21129.4
天津,20141031,21197
天津,20141130,21506.2
天津,20141231,21716
天津,20150131,22129
天津,20150228,22521.5
天津,20150331,22673.7
天津,20150430,22803.5
天津,20150531,22984.1
天津,20150630,23316.6
天津,20150731,23438.5
天津,20150831,23497.9
天津,20150930,23809.2
天津,20151031,23909.2
天津,20151130,24312.8
天津,20151231,24500.9
天津,20160131,25034.6
天津,20160229,25275.4
天津,20160331,25484.7
天津,20160430,25667.9
天津,20160531,26129.7
天津,20160630,26384.8
天津,20160731,26558.4
天津,20160831,26410.8
天津,20160930,26845.5
天津,20161031,27034.5
天津,20161130,27250.4
天津,20161231,27368
天津,20170131,27864.1
天津,20170228,28105.6
天津,20170331,28442.6
天津,20170430,28809.9
天津,20170531,28982.7
天津,20170630,29315.5
天津,20170731,29387.2
天津,20170831,29685.2
天津,20170930,29797.8
天津,20171031,29909.9
天津,20171130,30145.8
天津,20171231,30103
天津,20180131,30553.5
天津,20180228,30661.3
天津,20180331,30914.6
天津,20180430,31166
天津,20180531,31322.8
天津,20180630,31453.9
天津,20180731,31519.1
天津,20180831,31604.8
天津,20180930,31826
天津,20181031,32032.9
天津,20181130,32343.5
天津,20181231,32539.4
天津,20190131,33273
天津,20190228,33234
天津,20190331,33295
天津,20190430,33513
天津,20190531,33728
天津,20190630,33998
天津,20190731,34302
天津,20190831,34572
天津,20190930,34790
天津,20191031,34749
天津,20191130,34934
天津,20191231,34874
天津,20200131,35556.4
天津,20200229,35417.2
天津,20200331,35847.7
天津,20200430,36126.6
天津,20200531,36425.1
天津,20200630,36679.9
天津,20200731,36872
天津,20200831,36999
天津,20200930,37248.5
天津,20201031,37340.2
天津,20201130,37648.9
天津,20201231,37690.4
天津,20210131,38367.6
天津,20210228,38548.2
天津,20210331,38914.2
天津,20210430,39171.5
天津,20210531,39332
天津,20210630,39600.2
天津,20210731,39531.2
天津,20210831,39625
天津,20210930,39875.4
天津,20211031,39842.8
天津,20211130,40048.3
天津,20211231,40043.4
天津,20220131,40127.3
天津,20220228,40140.4
天津,20220331,40558.5
天津,20220430,40484.5
天津,20220531,40507.1
天津,20220630,41193.8
天津,20220731,41039.6
天津,20220831,40653.9
天津,20220930,41105
天津,20221031,41050.1
天津,20221130,41228.5
天津,20221231,41650.3
天津,20230131,41836
天津,20230228,42096.1
天津,20230331,42935.5
天津,20230430,42900.9
天津,20230531,43036.8
天津,20230630,43588.9
天津,20230731,43332.9
天津,20230831,43707.8
天津,20230930,44149.2
天津,20231031,44245.9
天津,20231130,44120.9
天津,20231231,43665.6
天津,20240131,43950.9
天津,20240229,44118.8
天津,20240331,44699.6
天津,20240430,44608.8
天津,20240531,44775.1
天津,20240630,45027.4
天津,20240731,44875.2
天津,20240831,45034.8
天津,20240930,45448.6
天津,20241031,45429.7
天津,20241130,45520.6
天津,20241231,45000
河北,20090131,10148.1
河北,20090228,10522.2
河北,20090331,11361.7
河北,20090430,11629.2
河北,20090531,11931.1
河北,20090630,12294
河北,20090731,12577.1
河北,20090831,12656.8
河北,20090930,12756.4
河北,20091031,12954.3
河北,20091130,13010.1
河北,20091231,13123.8
河北,20100131,13610.3
河北,20100228,13840
河北,20100331,14092.3
河北,20100430,14390.6
河北,20100531,14611.9
河北,20100630,14778.4
河北,20100731,14921.6
河北,20100831,15092.8
河北,20100930,15341.4
河北,20101031,15412.3
河北,20101130,15529.8
河北,20101231,15755.7
河北,20110131,16099.7
河北,20110228,16322.1
河北,20110331,16543.6
河北,20110430,16750.1
河北,20110531,16900.9
河北,20110630,17179.9
河北,20110731,17344.7
河北,20110831,17483.5
河北,20110930,17584.2
河北,20111031,17791.9
河北,20111130,17979.5
河北,20111231,18144
河北,20120131,18404.6
河北,20120229,18658.7
河北,20120331,18932.4
河北,20120430,19200.2
河北,20120531,19489
河北,20120630,19798.9
河北,20120731,20027.2
河北,20120831,20276.4
河北,20120930,20439.7
河北,20121031,20641.3
河北,20121130,20739.2
河北,20121231,20850.9
河北,20130131,21244.6
河北,20130228,21529.5
河北,20130331,21954.9
河北,20130430,22213.3
河北,20130531,22496.9
河北,20130630,22770.7
河北,20130731,23017.7
河北,20130831,23234.8
河北,20130930,23475.7
河北,20131031,23647.6
河北,20131130,23820.3
河北,20131231,23966
河北,20140131,24441.39
河北,20140228,24713
河北,20140331,25089.01
河北,20140430,25376.5
河北,20140531,25568.91
河北,20140630,25957.95
河北,20140731,26186.23
河北,20140831,26444.87
河北,20140930,26836.37
河北,20141031,27029.52
河北,20141130,27320.1
河北,20141231,27593.82
河北,20150131,28103.22
河北,20150228,28530.05
河北,20150331,28887.16
河北,20150430,29145.6
河北,20150531,29453.06
河北,20150630,29967.51
河北,20150731,30309.03
河北,20150831,30489.75
河北,20150930,31114.53
河北,20151031,31448.07
河北,20151130,31971.65
河北,20151231,32151.42
河北,20160131,32988.91
河北,20160229,33046.97
河北,20160331,33543.46
河北,20160430,33814.73
河北,20160531,34196.94
河北,20160630,34727.75
河北,20160731,35156.97
河北,20160831,35325.55
河北,20160930,35900.52
河北,20161031,36242.64
河北,20161130,36673.44
河北,20161231,37352.24
河北,20170131,38376.16
河北,20170228,38895.38
河北,20170331,39378.39
河北,20170430,39836.69
河北,20170531,40375.59
河北,20170630,41026.69
河北,20170731,41362.67
河北,20170831,41709.28
河北,20170930,42156.04
河北,20171031,42471.48
河北,20171130,42742.62
河北,20171231,42891.15
河北,20180131,43732.83
河北,20180228,44148.29
河北,20180331,44531.89
河北,20180430,44785.94
河北,20180531,45168.05
河北,20180630,45774.7
河北,20180731,46123.54
河北,20180831,46540.07
河北,20180930,47052
河北,20181031,47157.36
河北,20181130,47476.79
河北,20181231,47744.11
河北,20190131,48865.03
河北,20190228,49176.84
河北,20190331,49794.92
河北,20190430,50108.15
河北,20190531,50375.21
河北,20190630,50901.16
河北,20190731,51202.03
河北,20190831,51658.8
河北,20190930,52363.96
河北,20191031,52548.4
河北,20191130,52921.72
河北,20191231,53448.06
河北,20200131,54436.57
河北,20200229,54655.26
河北,20200331,55676.39
河北,20200430,56344.89
河北,20200531,57003.69
河北,20200630,57831.78
河北,20200731,58229.17
河北,20200831,58570.15
河北,20200930,59260.09
河北,20201031,59657.93
河北,20201130,60178.85
河北,20201231,60605.19
河北,20210131,61707.16
河北,20210228,62158.64
河北,20210331,63188.54
河北,20210430,63631.47
河北,20210531,64139.36
河北,20210630,64966.06
河北,20210731,65301.64
河北,20210831,65787.57
河北,20210930,66575.33
河北,20211031,66802.6
河北,20211130,67150.35
河北,20211231,67610.38
河北,20220131,68833.04
河北,20220228,69241.14
河北,20220331,70594.19
河北,20220430,70955.18
河北,20220531,71680.92
河北,20220630,72621.62
河北,20220731,73093.78
河北,20220831,73784.37
河北,20220930,74882.48
河北,20221031,75288.76
河北,20221130,75324.47
河北,20221231,76291.66
河北,20230131,78241.98
河北,20230228,79047
河北,20230331,80552.55
河北,20230430,81161.21
河北,20230531,81965.83
河北,20230630,83363.39
河北,20230731,83625.22
河北,20230831,84374.85
河北,20230930,85499.08
河北,20231031,85812.98
河北,20231130,85916.07
河北,20231231,86389.34
河北,20240131,88307.72
河北,20240229,88928.29
河北,20240331,90466.46
河北,20240430,90814.72
河北,20240531,91154.27
河北,20240630,92134.17
河北,20240731,92127.32
河北,20240831,92728.99
河北,20240930,93372.87
河北,20241031,93235.9
河北,20241130,93375.07
河北,20241231,93283.35
山西,20090131,6282.23
山西,20090228,6426.59
山西,20090331,6736.35
山西,20090430,6863.98
山西,20090531,6934.33
山西,20090630,7360.9
山西,20090731,7457.8
山西,20090831,7624.71
山西,20090930,7752.66
山西,20091031,7872.3
山西,20091130,7904.92
山西,20091231,7915.41
山西,20100131,8147
山西,20100228,8394.8
山西,20100331,8511.2
山西,20100430,8630.3
山西,20100531,8748
山西,20100630,8923.6
山西,20100731,9051
山西,20100831,9212.6
山西,20100930,9373.5
山西,20101031,9520.3
山西,20101130,9621.6
山西,20101231,9728.7
山西,20110131,9881.9
山西,20110228,9972.3
山西,20110331,10158.4
山西,20110430,10273.8
山西,20110531,10384.6
山西,20110630,10552.1
山西,20110731,10676.8
山西,20110831,10821.9
山西,20110930,10879.6
山西,20111031,11039.7
山西,20111130,11134
山西,20111231,11265.6
山西,20120131,11480.8
山西,20120229,11678.4
山西,20120331,12071.3
山西,20120430,12286.2
山西,20120531,12488.4
山西,20120630,12623.9
山西,20120731,12738.5
山西,20120831,12837.7
山西,20120930,12963
山西,20121031,13068.4
山西,20121130,13131.3
山西,20121231,13211.3
山西,20130131,13449.8
山西,20130228,13546.2
山西,20130331,13704.9
山西,20130430,13902.7
山西,20130531,14077
山西,20130630,14271.5
山西,20130731,14421
山西,20130831,14522.4
山西,20130930,14719.5
山西,20131031,14818
山西,20131130,14977.1
山西,20131231,15025.5
山西,20140131,15390.56
山西,20140228,15481.81
山西,20140331,15648.72
山西,20140430,15701.14
山西,20140531,15872.46
山西,20140630,15993.85
山西,20140731,16034.56
山西,20140831,16147.19
山西,20140930,16304.35
山西,20141031,16331.46
山西,20141130,16503.01
山西,20141231,16559.41
山西,20150131,16808.01
山西,20150228,17052.29
山西,20150331,17196.69
山西,20150430,17161.81
山西,20150531,17225.44
山西,20150630,17582.92
山西,20150731,17542.54
山西,20150831,17777.54
山西,20150930,17998.11
山西,20151031,18134.32
山西,20151130,18263.09
山西,20151231,18574.83
山西,20160131,18783.77
山西,20160229,18849.6
山西,20160331,19071.03
山西,20160430,19080.25
山西,20160531,19139.94
山西,20160630,19403.93
山西,20160731,19357.15
山西,20160831,19357.95
山西,20160930,19735.63
山西,20161031,20015.96
山西,20161130,20241.19
山西,20161231,20356.5
山西,20170131,20826.4
山西,20170228,20840.55
山西,20170331,21181.17
山西,20170430,21261.42
山西,20170531,21456.82
山西,20170630,21648.47
山西,20170731,21754.86
山西,20170831,21947.1
山西,20170930,22198.34
山西,20171031,22261.18
山西,20171130,22555.99
山西,20171231,22573.77
山西,20180131,23042.58
山西,20180228,23223.21
山西,20180331,23605.5
山西,20180430,23772.92
山西,20180531,23946.74
山西,20180630,24141.72
山西,20180731,24226.81
山西,20180831,24342.46
山西,20180930,24546.53
山西,20181031,24511.81
山西,20181130,24711.17
山西,20181231,25256.43
山西,20190131,26205.1
山西,20190228,26404.53
山西,20190331,26699.07
山西,20190430,26692.85
山西,20190531,26820.29
山西,20190630,27057.63
山西,20190731,27141.49
山西,20190831,27320.8
山西,20190930,27619.04
山西,20191031,27727.93
山西,20191130,28029.41
山西,20191231,28119.37
山西,20200131,28718
山西,20200229,28890.61
山西,20200331,29534.05
山西,20200430,29761.45
山西,20200531,29858.7
山西,20200630,30157.17
山西,20200731,30139.88
山西,20200831,30260.59
山西,20200930,30409.76
山西,20201031,30597.09
山西,20201130,30828.07
山西,20201231,30640.85
山西,20210131,31367.34
山西,20210228,31507.15
山西,20210331,31961.93
山西,20210430,32360.59
山西,20210531,32588.22
山西,20210630,32960.49
山西,20210731,33208.94
山西,20210831,33441.12
山西,20210930,33739.62
山西,20211031,33845.31
山西,20211130,34083.19
山西,20211231,34214.9
山西,20220131,35003.82
山西,20220228,35173.46
山西,20220331,35749.88
山西,20220430,35598.62
山西,20220531,36000.41
山西,20220630,36359.9
山西,20220731,36374.28
山西,20220831,36626.8
山西,20220930,37252.78
山西,20221031,37297.32
山西,20221130,37338.94
山西,20221231,37620.88
山西,20230131,38781.33
山西,20230228,39226.93
山西,20230331,40119.96
山西,20230430,40139.27
山西,20230531,40272.79
山西,20230630,40879.57
山西,20230731,40808.21
山西,20230831,41091.02
山西,20230930,41478.94
山西,20231031,41679.4
山西,20231130,41843.24
山西,20231231,41944.07
山西,20240131,42979.67
山西,20240229,43267.42
山西,20240331,44032.34
山西,20240430,44334.53
山西,20240531,44396.64
山西,20240630,44800.51
山西,20240731,44942.36
山西,20240831,45029.22
山西,20240930,45710.34
山西,20241031,45604.66
山西,20241130,45624.68
山西,20241231,45599.86
内蒙古,20090131,4745.8
内蒙古,20090228,4906.4
内蒙古,20090331,5233.6
内蒙古,20090430,5454.7
内蒙古,20090531,5615.9
内蒙古,20090630,5875.8
内蒙古,20090731,6057.9
内蒙古,20090831,6220.7
内蒙古,20090930,6254.2
内蒙古,20091031,6253.8
内蒙古,20091130,6327.5
内蒙古,20091231,6292.5
内蒙古,20100131,6525.5
内蒙古,20100228,6768.5
内蒙古,20100331,6975.5
内蒙古,20100430,7145.8
内蒙古,20100531,7265.8
内蒙古,20100630,7322.7
内蒙古,20100731,7438.2
内蒙古,20100831,7544.1
内蒙古,20100930,7637.5
内蒙古,20101031,7783
内蒙古,20101130,7839.5
内蒙古,20101231,7919.5
内蒙古,20110131,8194.5
内蒙古,20110228,8323
内蒙古,20110331,8497.5
内蒙古,20110430,8709.3
内蒙古,20110531,8779
内蒙古,20110630,8861.4
内蒙古,20110731,8990.1
内蒙古,20110831,9064.6
内蒙古,20110930,9150.6
内蒙古,20111031,9238.5
内蒙古,20111130,9572.7
内蒙古,20111231,9727.7
内蒙古,20120131,9907
内蒙古,20120229,10121.3
内蒙古,20120331,10380.8
内蒙古,20120430,10539.4
内蒙古,20120531,10706.7
内蒙古,20120630,10811.5
内蒙古,20120731,10948.4
内蒙古,20120831,11100.1
内蒙古,20120930,11156.9
内蒙古,20121031,11268.9
内蒙古,20121130,11287.3
内蒙古,20121231,11284.2
内蒙古,20130131,11511.6
内蒙古,20130228,11690.1
内蒙古,20130331,11953
内蒙古,20130430,12203.6
内蒙古,20130531,12371.4
内蒙古,20130630,12449.5
内蒙古,20130731,12568.1
内蒙古,20130831,12669.7
内蒙古,20130930,12774.7
内蒙古,20131031,12764.5
内蒙古,20131130,12832.7
内蒙古,20131231,12944.2
内蒙古,20140131,13313.02
内蒙古,20140228,13470.68
内蒙古,20140331,13782.68
内蒙古,20140430,13978.6
内蒙古,20140531,14105.5
内蒙古,20140630,14253.98
内蒙古,20140731,14310.31
内蒙古,20140831,14413.12
内蒙古,20140930,14505.63
内蒙古,20141031,14632.3
内蒙古,20141130,14799.98
内蒙古,20141231,14947.07
内蒙古,20150131,15257.57
内蒙古,20150228,15514.62
内蒙古,20150331,15759.41
内蒙古,20150430,15902.84
内蒙古,20150531,16132.13
内蒙古,20150630,16269.71
内蒙古,20150731,16403.01
内蒙古,20150831,16496.71
内蒙古,20150930,16736.28
内蒙古,20151031,16617.95
内蒙古,20151130,16753.04
内蒙古,20151231,17140.67
内蒙古,20160131,17557.36
内蒙古,20160229,17787.79
内蒙古,20160331,18096.34
内蒙古,20160430,18381.1
内蒙古,20160531,18387.72
内蒙古,20160630,18568.11
内蒙古,20160731,18798.95
内蒙古,20160831,18911.16
内蒙古,20160930,19064.51
内蒙古,20161031,19041.06
内蒙古,20161130,19181.59
内蒙古,20161231,19361.01
内蒙古,20170131,19597.78
内蒙古,20170228,19809.26
内蒙古,20170331,20171.63
内蒙古,20170430,20310.69
内蒙古,20170531,20526.63
内蒙古,20170630,20892.75
内蒙古,20170731,21027.89
内蒙古,20170831,21148.78
内蒙古,20170930,21274.4
内蒙古,20171031,21373.25
内蒙古,20171130,21353.25
内蒙古,20171231,21456.03
内蒙古,20180131,21671.63
内蒙古,20180228,21821.29
内蒙古,20180331,21943.34
内蒙古,20180430,21986.93
内蒙古,20180531,22068.34
内蒙古,20180630,22129.08
内蒙古,20180731,22111.6
内蒙古,20180831,22071.78
内蒙古,20180930,22102.84
内蒙古,20181031,22053
内蒙古,20181130,21986.65
内蒙古,20181231,22085.22
内蒙古,20190131,22362.17
内蒙古,20190228,22402.2
内蒙古,20190331,22599.99
内蒙古,20190430,22617.43
内蒙古,20190531,22737.37
内蒙古,20190630,22872.44
内蒙古,20190731,22889.66
内蒙古,20190831,23015.52
内蒙古,20190930,23113.65
内蒙古,20191031,23044.92
内蒙古,20191130,23183.42
内蒙古,20191231,23085.12
内蒙古,20200131,23239.28
内蒙古,20200229,23256.96
内蒙古,20200331,23616.32
内蒙古,20200430,23640.23
内蒙古,20200531,23713.33
内蒙古,20200630,23902.53
内蒙古,20200731,23894.88
内蒙古,20200831,23857.66
内蒙古,20200930,23913.82
内蒙古,20201031,23103.96
内蒙古,20201130,23098.72
内蒙古,20201231,23249.19
内蒙古,20210131,23560.65
内蒙古,20210228,23701.13
内蒙古,20210331,23984.78
内蒙古,20210430,24090.53
内蒙古,20210531,24259.19
内蒙古,20210630,24556.3
内蒙古,20210731,24595.05
内蒙古,20210831,24745.77
内蒙古,20210930,24873.15
内蒙古,20211031,24939.94
内蒙古,20211130,24923.39
内蒙古,20211231,24965.01
内蒙古,20220131,25316.1
内蒙古,20220228,25380.5
内蒙古,20220331,25774.54
内蒙古,20220430,25786.81
内蒙古,20220531,25979.87
内蒙古,20220630,26298.96
内蒙古,20220731,26423.1
内蒙古,20220831,26447.64
内蒙古,20220930,26687.8
内蒙古,20221031,26550.21
内蒙古,20221130,26625.59
内蒙古,20221231,26918.95
内蒙古,20230131,27493
内蒙古,20230228,27727.48
内蒙古,20230331,28315.25
内蒙古,20230430,28499.63
内蒙古,20230531,28777.15
内蒙古,20230630,29084.52
内蒙古,20230731,29238
内蒙古,20230831,29408.42
内蒙古,20230930,29631.9
内蒙古,20231031,29788.4
内蒙古,20231130,29980.44
内蒙古,20231231,30064.05
内蒙古,20240131,30553.32
内蒙古,20240229,30673.35
内蒙古,20240331,31116.33
内蒙古,20240430,31306.29
内蒙古,20240531,31424.96
内蒙古,20240630,31670.2
内蒙古,20240731,31699.8
内蒙古,20240831,31822.58
内蒙古,20240930,32147.7
内蒙古,20241031,32255.47
内蒙古,20241130,32124.64
内蒙古,20241231,31794.1
辽宁,20090131,12400.5
辽宁,20090228,12605.3
辽宁,20090331,13428.8
辽宁,20090430,14065.1
辽宁,20090531,14426.7
辽宁,20090630,14807.8
辽宁,20090731,14649.1
辽宁,20090831,14897.9
辽宁,20090930,14993.4
辽宁,20091031,14899.3
辽宁,20091130,15161.4
辽宁,20091231,15549.6
辽宁,20100131,15956
辽宁,20100228,16166
辽宁,20100331,16326
辽宁,20100430,16715
辽宁,20100531,17110
辽宁,20100630,17425
辽宁,20100731,17615
辽宁,20100831,17755
辽宁,20100930,17945
辽宁,20101031,18122
辽宁,20101130,18333
辽宁,20101231,18690
辽宁,20110131,18741
辽宁,20110228,18986
辽宁,20110331,19250
辽宁,20110430,19428
辽宁,20110531,19734
辽宁,20110630,20187
辽宁,20110731,20299
辽宁,20110831,20450
辽宁,20110930,20802
辽宁,20111031,20905
辽宁,20111130,21138
辽宁,20111231,21621
辽宁,20120131,21772.9
辽宁,20120229,22038.1
辽宁,20120331,22421.6
辽宁,20120430,22652.8
辽宁,20120531,22966.1
辽宁,20120630,23377.7
辽宁,20120731,23479
辽宁,20120831,23729.6
辽宁,20120930,23986.9
辽宁,20121031,24115.9
辽宁,20121130,24278.2
辽宁,20121231,24730.2
辽宁,20130131,25003
辽宁,20130228,25202
辽宁,20130331,25579
辽宁,20130430,25814
辽宁,20130531,26062
辽宁,20130630,26454
辽宁,20130731,26626
辽宁,20130831,26842
辽宁,20130930,27178
辽宁,20131031,27327
辽宁,20131130,27557
辽宁,20131231,27944
辽宁,20140131,28421
辽宁,20140228,28703
辽宁,20140331,29007
辽宁,20140430,29224
辽宁,20140531,29496
辽宁,20140630,29906
辽宁,20140731,30033
辽宁,20140831,30192
辽宁,20140930,30523
辽宁,20141031,30628
辽宁,20141130,30802
辽宁,20141231,31250
辽宁,20150131,31614
辽宁,20150228,32128
辽宁,20150331,32484
辽宁,20150430,32837
辽宁,20150531,33031
辽宁,20150630,33567
辽宁,20150731,33745
辽宁,20150831,34004
辽宁,20150930,34322
辽宁,20151031,34528
辽宁,20151130,34627
辽宁,20151231,34735
辽宁,20160131,35452
辽宁,20160229,35708
辽宁,20160331,36032
辽宁,20160430,35770.1
辽宁,20160531,35960.7
辽宁,20160630,36417.8
辽宁,20160731,36293
辽宁,20160831,36524.6
辽宁,20160930,36937.1
辽宁,20161031,37003.9
辽宁,20161130,36976.6
辽宁,20161231,37290.6
辽宁,20170131,37832.1
辽宁,20170228,38033.4
辽宁,20170331,38350.3
辽宁,20170430,38722.6
辽宁,20170531,38826.9
辽宁,20170630,39290.6
辽宁,20170731,39428.5
辽宁,20170831,39563.5
辽宁,20170930,39604.2
辽宁,20171031,39668.8
辽宁,20171130,40122.9
辽宁,20171231,40063.7
辽宁,20180131,40761.7
辽宁,20180228,41174.3
辽宁,20180331,41492.3
辽宁,20180430,41785.7
辽宁,20180531,42124.8
辽宁,20180630,42393.6
辽宁,20180731,42701.5
辽宁,20180831,42874.5
辽宁,20180930,43384.6
辽宁,20181031,43561.8
辽宁,20181130,43636.8
辽宁,20181231,43907.8
辽宁,20190131,45060
辽宁,20190228,45197
辽宁,20190331,45716
辽宁,20190430,46165
辽宁,20190531,46300
辽宁,20190630,46729
辽宁,20190731,47119
辽宁,20190831,47297
辽宁,20190930,47687
辽宁,20191031,47701
辽宁,20191130,48045
辽宁,20191231,48654
辽宁,20200131,49207
辽宁,20200229,49271
辽宁,20200331,49870
辽宁,20200430,50287
辽宁,20200531,50378
辽宁,20200630,50042
辽宁,20200731,50214.1
辽宁,20200831,50454.8
辽宁,20200930,50832.6
辽宁,20201031,50826.8
辽宁,20201130,51321
辽宁,20201231,51498.7
辽宁,20210131,51886.7
辽宁,20210228,52007.7
辽宁,20210331,52636.5
辽宁,20210430,53008.22
辽宁,20210531,53377.46
辽宁,20210630,53743.53
辽宁,20210731,53919.43
辽宁,20210831,53990.24
辽宁,20210930,52535.5
辽宁,20211031,52421.85
辽宁,20211130,52694.56
辽宁,20211231,52504.53
辽宁,20220131,53014.61
辽宁,20220228,52824.95
辽宁,20220331,53347.19
辽宁,20220430,53320.21
辽宁,20220531,53651.98
辽宁,20220630,54172.42
辽宁,20220731,53389.01
辽宁,20220831,53593.23
辽宁,20220930,54029.1
辽宁,20221031,53903
辽宁,20221130,54008
辽宁,20221231,53809.16
辽宁,20230131,54154.06
辽宁,20230228,54473.33
辽宁,20230331,55149.12
辽宁,20230430,55039.35
辽宁,20230531,54868.09
辽宁,20230630,55667.1
辽宁,20230731,55414.29
辽宁,20230831,55362.71
辽宁,20230930,55731.36
辽宁,20231031,55320.31
辽宁,20231130,54883.91
辽宁,20231231,54488.18
辽宁,20240131,54863.22
辽宁,20240229,54860.93
辽宁,20240331,55605.79
辽宁,20240430,55395.18
辽宁,20240531,54608.63
辽宁,20240630,54859.42
辽宁,20240731,54828.32
辽宁,20240831,54925.03
辽宁,20240930,55348.51
辽宁,20241031,54976.66
辽宁,20241130,51978.59
辽宁,20241231,51956.14
吉林,20090131,5112.5
吉林,20090228,5332
吉林,20090331,5634.4
吉林,20090430,5724.6
吉林,20090531,5784.4
吉林,20090630,5917.6
吉林,20090731,5884.3
吉林,20090831,6052.5
吉林,20090930,6129.6
吉林,20091031,6118.3
吉林,20091130,6152.4
吉林,20091231,6234.7
吉林,20100131,6417.3
吉林,20100228,6548.3
吉林,20100331,6662.2
吉林,20100430,6749.1
吉林,20100531,6845
吉林,20100630,6864.5
吉林,20100731,6929.2
吉林,20100831,6941.2
吉林,20100930,6954.2
吉林,20101031,7028.1
吉林,20101130,7103
吉林,20101231,7205.9
吉林,20110131,7342.5
吉林,20110228,7427.5
吉林,20110331,7369.9
吉林,20110430,7524.9
吉林,20110531,7581.7
吉林,20110630,7666.6
吉林,20110731,7683.2
吉林,20110831,7744.8
吉林,20110930,7812.9
吉林,20111031,7868.4
吉林,20111130,7945.4
吉林,20111231,8126.2
吉林,20120131,8262
吉林,20120229,8402.1
吉林,20120331,8555.2
吉林,20120430,8698.5
吉林,20120531,8805.3
吉林,20120630,8878.9
吉林,20120731,8931.9
吉林,20120831,9009.2
吉林,20120930,9041.2
吉林,20121031,9073.3
吉林,20121130,9134
吉林,20121231,9155.6
吉林,20130131,9361.6
吉林,20130228,9453.1
吉林,20130331,9708.3
吉林,20130430,9972.8
吉林,20130531,10124.4
吉林,20130630,10217.8
吉林,20130731,10269.2
吉林,20130831,10330.5
吉林,20130930,10414.1
吉林,20131031,10417
吉林,20131130,10493.2
吉林,20131231,10696.5
吉林,20140131,11123.19
吉林,20140228,11302.19
吉林,20140331,11578.5
吉林,20140430,11828.3
吉林,20140531,11971.74
吉林,20140630,12119.6
吉林,20140731,12127.5
吉林,20140831,12214.9
吉林,20140930,12254.64
吉林,20141031,12326.5
吉林,20141130,12375.6
吉林,20141231,12587.3
吉林,20150131,13155.6
吉林,20150228,13419.3
吉林,20150331,13717.82
吉林,20150430,13971.2
吉林,20150531,14014
吉林,20150630,14191.59
吉林,20150731,14270.9
吉林,20150831,14337.5
吉林,20150930,14505.56
吉林,20151031,14597.9
吉林,20151130,14842.7
吉林,20151231,15203.11
吉林,20160131,15605.6
吉林,20160229,15670
吉林,20160331,16022
吉林,20160430,15994.8
吉林,20160531,16068.4
吉林,20160630,16278
吉林,20160731,16305.7
吉林,20160831,16431.3
吉林,20160930,16656.9
吉林,20161031,16639.1
吉林,20161130,16720.7
吉林,20161231,17141.1
吉林,20170131,17343.6
吉林,20170228,17468.3
吉林,20170331,17489.3
吉林,20170430,17581.5
吉林,20170531,17719.6
吉林,20170630,17882.1
吉林,20170731,17884.7
吉林,20170831,17953.8
吉林,20170930,18022.45
吉林,20171031,17837.06
吉林,20171130,17895.23
吉林,20171231,17959.69
吉林,20180131,18213.33
吉林,20180228,18390.61
吉林,20180331,18490.65
吉林,20180430,18648.04
吉林,20180531,18762.34
吉林,20180630,18817.11
吉林,20180731,18874.09
吉林,20180831,18910.67
吉林,20180930,18993.25
吉林,20181031,19009.18
吉林,20181130,18997.91
吉林,20181231,18956.37
吉林,20190131,19505.76
吉林,20190228,19613.83
吉林,20190331,19946.28
吉林,20190430,19978.52
吉林,20190531,20085.95
吉林,20190630,20232.29
吉林,20190731,20270.89
吉林,20190831,20357.11
吉林,20190930,20523.07
吉林,20191031,20622.15
吉林,20191130,20773.01
吉林,20191231,20863.6
吉林,20200131,21209.56
吉林,20200229,21200.86
吉林,20200331,21598.22
吉林,20200430,21787.36
吉林,20200531,21923.09
吉林,20200630,22127.02
吉林,20200731,22253.32
吉林,20200831,22495.41
吉林,20200930,22579.37
吉林,20201031,22570.52
吉林,20201130,22630.03
吉林,20201231,22739.82
吉林,20210131,23135.77
吉林,20210228,23193.9
吉林,20210331,23488.96
吉林,20210430,23765.77
吉林,20210531,23922.77
吉林,20210630,24165.56
吉林,20210731,24194.01
吉林,20210831,24186.65
吉林,20210930,24347.97
吉林,20211031,24478.15
吉林,20211130,24453.04
吉林,20211231,24594.72
吉林,20220131,24973.75
吉林,20220228,25041.2
吉林,20220331,25253.87
吉林,20220430,25111.28
吉林,20220531,25297.63
吉林,20220630,25624.68
吉林,20220731,25720.38
吉林,20220831,25837.72
吉林,20220930,25962.83
吉林,20221031,26039.73
吉林,20221130,26075.18
吉林,20221231,26313.82
吉林,20230131,26624.5
吉林,20230228,26794.01
吉林,20230331,27179.88
吉林,20230430,27242.93
吉林,20230531,27249.9
吉林,20230630,27522.27
吉林,20230731,27493.29
吉林,20230831,27598.84
吉林,20230930,27724.79
吉林,20231031,27691.48
吉林,20231130,27689.63
吉林,20231231,27777.34
吉林,20240131,28018.25
吉林,20240229,28114.31
吉林,20240331,28638.32
吉林,20240430,28735.59
吉林,20240531,28664.86
吉林,20240630,28831.19
吉林,20240731,28703.84
吉林,20240831,28794.55
吉林,20240930,28873.43
吉林,20241031,28852.81
吉林,20241130,29026.24
吉林,20241231,29114.8
黑龙江,20090131,4878.6
黑龙江,20090228,5016.2
黑龙江,20090331,5364.8
黑龙江,20090430,5533.65
黑龙江,20090531,5612.1
黑龙江,20090630,5702.5
黑龙江,20090731,5849.6
黑龙江,20090831,5844.5
黑龙江,20090930,5915.2
黑龙江,20091031,5946.4
黑龙江,20091130,5913.4
黑龙江,20091231,5988.3
黑龙江,20100131,6091.5
黑龙江,20100228,6215.5
黑龙江,20100331,6407.9
黑龙江,20100430,6544
黑龙江,20100531,6638.3
黑龙江,20100630,6746
黑龙江,20100731,6788.1
黑龙江,20100831,6845.9
黑龙江,20100930,6938.1
黑龙江,20101031,7007.6
黑龙江,20101130,6990.2
黑龙江,20101231,7230.5
黑龙江,20110131,7387.9
黑龙江,20110228,7497
黑龙江,20110331,7617
黑龙江,20110430,7755.5
黑龙江,20110531,7809.7
黑龙江,20110630,7901.3
黑龙江,20110731,7889.6
黑龙江,20110831,7941.9
黑龙江,20110930,8054.8
黑龙江,20111031,8105
黑龙江,20111130,8184.7
黑龙江,20111231,8548.7
黑龙江,20120131,8781.9
黑龙江,20120229,9022.1
黑龙江,20120331,9322.7
黑龙江,20120430,9409.9
黑龙江,20120531,9529.4
黑龙江,20120630,9710.7
黑龙江,20120731,9652.1
黑龙江,20120831,9756
黑龙江,20120930,9793.4
黑龙江,20121031,9857.4
黑龙江,20121130,9811.5
黑龙江,20121231,9906.7
黑龙江,20130131,10104.1
黑龙江,20130228,10293.9
黑龙江,20130331,10585.5
黑龙江,20130430,10716.4
黑龙江,20130531,10756.6
黑龙江,20130630,10863.2
黑龙江,20130731,10898.6
黑龙江,20130831,10961.1
黑龙江,20130930,10995.1
黑龙江,20131031,10971.3
黑龙江,20131130,11069.9
黑龙江,20131231,11359.4
黑龙江,20140131,11824.9
黑龙江,20140228,12002.7
黑龙江,20140331,12265.5
黑龙江,20140430,12414.6
黑龙江,20140531,12514.7
黑龙江,20140630,12613.4
黑龙江,20140731,12562.1
黑龙江,20140831,12573.9
黑龙江,20140930,12662.2
黑龙江,20141031,12725.7
黑龙江,20141130,13023.1
黑龙江,20141231,13391.7
黑龙江,20150131,13845.2
黑龙江,20150228,14150.4
黑龙江,20150331,14431
黑龙江,20150430,14560.4
黑龙江,20150531,14619.3
黑龙江,20150630,14779.2
黑龙江,20150731,14780.8
黑龙江,20150831,14850
黑龙江,20150930,14981.9
黑龙江,20151031,15169.8
黑龙江,20151130,15756.8
黑龙江,20151231,16214.9
黑龙江,20160131,16571.3
黑龙江,20160229,16646.1
黑龙江,20160331,16944.4
黑龙江,20160430,16913
黑龙江,20160531,16932.5
黑龙江,20160630,16978.9
黑龙江,20160731,16759.3
黑龙江,20160831,16854.6
黑龙江,20160930,16887
黑龙江,20161031,16935
黑龙江,20161130,17311.7
黑龙江,20161231,17725
黑龙江,20170131,17932.1
黑龙江,20170228,18044.3
黑龙江,20170331,18361
黑龙江,20170430,18193.7
黑龙江,20170531,18310.6
黑龙江,20170630,18621.1
黑龙江,20170731,16759.3
黑龙江,20170831,18665.2
黑龙江,20170930,18781
黑龙江,20171031,18771
黑龙江,20171130,18875.6
黑龙江,20171231,19208.4
黑龙江,20180131,19579.9
黑龙江,20180228,19741
黑龙江,20180331,19939.8
黑龙江,20180430,20014.7
黑龙江,20180531,19985.5
黑龙江,20180630,19941.3
黑龙江,20180731,19851.1
黑龙江,20180831,19826
黑龙江,20180930,19890.9
黑龙江,20181031,19860.3
黑龙江,20181130,19887.3
黑龙江,20181231,20156.3
黑龙江,20190131,20597.6
黑龙江,20190228,20757.4
黑龙江,20190331,21087.3
黑龙江,20190430,21107.4
黑龙江,20190531,21071.4
黑龙江,20190630,21309.4
黑龙江,20190731,21167.2
黑龙江,20190831,21128.6
黑龙江,20190930,21123.4
黑龙江,20191031,21055.2
黑龙江,20191130,20906.8
黑龙江,20191231,21370
黑龙江,20200131,21650.4
黑龙江,20200229,21761.4
黑龙江,20200331,22180.8
黑龙江,20200430,22378.1
黑龙江,20200531,22411.8
黑龙江,20200630,22610.8
黑龙江,20200731,22616.2
黑龙江,20200831,22578.1
黑龙江,20200930,22570.6
黑龙江,20201031,22442.5
黑龙江,20201130,22540
黑龙江,20201231,22482.3
黑龙江,20210131,22816
黑龙江,20210228,22938
黑龙江,20210331,23365.2
黑龙江,20210430,23511.9
黑龙江,20210531,23708.3
黑龙江,20210630,24037.9
黑龙江,20210731,24005.2
黑龙江,20210831,24173
黑龙江,20210930,24260.3
黑龙江,20211031,24098.1
黑龙江,20211130,24184.6
黑龙江,20211231,24307.8
黑龙江,20220131,24654.1
黑龙江,20220228,24738.2
黑龙江,20220331,25281.6
黑龙江,20220430,25007.5
黑龙江,20220531,25068.6
黑龙江,20220630,25288.9
黑龙江,20220731,25044.1
黑龙江,20220831,25086.4
黑龙江,20220930,25445.4
黑龙江,20221031,25177.7
黑龙江,20221130,25158.5
黑龙江,20221231,25263.1
黑龙江,20230131,25573.6
黑龙江,20230228,25867.4
黑龙江,20230331,26656.7
黑龙江,20230430,26540.1
黑龙江,20230531,26585.7
黑龙江,20230630,26927.1
黑龙江,20230731,26520.8
黑龙江,20230831,26531
黑龙江,20230930,26808.8
黑龙江,20231031,26603.7
黑龙江,20231130,26527.8
黑龙江,20231231,26793.4
黑龙江,20240131,27101.5
黑龙江,20240229,27085.9
黑龙江,20240331,28213.9
黑龙江,20240430,27862.6
黑龙江,20240531,27951.1
黑龙江,20240630,28450
黑龙江,20240731,27941.4
黑龙江,20240831,27974.7
黑龙江,20240930,28333.3
黑龙江,20241031,28097.6
黑龙江,20241130,27807.6
黑龙江,20241231,28262.8
上海,20090131,22332.24
上海,20090228,22736.36
上海,20090331,23663.29
上海,20090430,23848.25
上海,20090531,24098.59
上海,20090630,25097.63
上海,20090731,25268.71
上海,20090831,25668.4
上海,20090930,25949.77
上海,20091031,25897.96
上海,20091130,25945.73
上海,20091231,26196.07
上海,20100131,27018.6
上海,20100228,27453
上海,20100331,27843.4
上海,20100430,28398.8
上海,20100531,28669.5
上海,20100630,28905.5
上海,20100731,29067.3
上海,20100831,29438.4
上海,20100930,29781.6
上海,20101031,30120.8
上海,20101130,30481.8
上海,20101231,30573.3
上海,20110131,30522.12
上海,20110228,30748.12
上海,20110331,31080.48
上海,20110430,31440.13
上海,20110531,31774.58
上海,20110630,32076.16
上海,20110731,32351.32
上海,20110831,32598.74
上海,20110930,32763.72
上海,20111031,32863.6
上海,20111130,33047.54
上海,20111231,33360.1
上海,20120131,33611.5
上海,20120229,33957
上海,20120331,34353.1
上海,20120430,34653.5
上海,20120531,34855.8
上海,20120630,35374.1
上海,20120731,35505.3
上海,20120831,35803.1
上海,20120930,36028.4
上海,20121031,35940.1
上海,20121130,36230.4
上海,20121231,36485.9
上海,20130131,36951.4
上海,20130228,37192.3
上海,20130331,37330.7
上海,20130430,37533.9
上海,20130531,37569.3
上海,20130630,38023.4
上海,20130731,38343.9
上海,20130831,38767.9
上海,20130930,39088.2
上海,20131031,39388
上海,20131130,39833.3
上海,20131231,39748.6
上海,20140131,40553.4
上海,20140228,40848.72
上海,20140331,41239.3
上海,20140430,41385.88
上海,20140531,41560.42
上海,20140630,41934.97
上海,20140731,41993.76
上海,20140831,42170.37
上海,20140930,42335.71
上海,20141031,42461.74
上海,20141130,42849.16
上海,20141231,43227.33
上海,20150131,43960.32
上海,20150228,44408.16
上海,20150331,44892.95
上海,20150430,45106.75
上海,20150531,45642
上海,20150630,46151.6
上海,20150731,46175.8
上海,20150831,46701.4
上海,20150930,47469.93
上海,20151031,47412.57
上海,20151130,47525.89
上海,20151231,48090.8
上海,20160131,50005.25
上海,20160229,50326.91
上海,20160331,51030.19
上海,20160430,51118.54
上海,20160531,51591.93
上海,20160630,51831.7
上海,20160731,51270.96
上海,20160831,51423.86
上海,20160930,52386.18
上海,20161031,52905.1
上海,20161130,53568.56
上海,20161231,53985.1
上海,20170131,55310.75
上海,20170228,56038.96
上海,20170331,56937.1
上海,20170430,57521.94
上海,20170531,58110.59
上海,20170630,58853.19
上海,20170731,59022.17
上海,20170831,59590
上海,20170930,60174
上海,20171031,60571
上海,20171130,60926
上海,20171231,61189
上海,20180630,65498.36
上海,20180731,65619.25
上海,20180930,66887.74
上海,20181031,66871.37
上海,20181130,67281.17
上海,20181231,67567.94
上海,20190131,70100
上海,20190228,69900
上海,20190331,70684.07
上海,20190430,70700
上海,20190531,70900
上海,20190630,71884.31
上海,20190731,72000
上海,20190831,72147.1
上海,20190930,72596.08
上海,20191031,72516.11
上海,20191130,73102.53
上海,20191231,73823.66
上海,20200131,73167.6
上海,20200229,73055.94
上海,20200331,73925.07
上海,20200430,74129.19
上海,20200531,74376.03
上海,20200630,75312.91
上海,20200731,75229.2
上海,20200831,75651.8
上海,20200930,76699.39
上海,20201130,77325.58
上海,20201231,78000
上海,20210131,80195.74
上海,20210331,81644.75
上海,20210430,82019.17
上海,20210531,82669.47
上海,20210630,83659.77
上海,20210731,83684.03
上海,20210831,84101.45
上海,20210930,85348.14
上海,20211031,85705.34
上海,20211130,86787.49
上海,20211231,88260.13
上海,20220131,90237.79
上海,20220228,90385.89
上海,20220331,91632.8
上海,20220430,91068.17
上海,20220531,91013.27
上海,20220630,92881.27
上海,20220731,93042.02
上海,20220831,93674.42
上海,20220930,95154.5
上海,20221031,95297.82
上海,20221130,96092.47
上海,20221231,96492.58
上海,20230131,99625.55
上海,20230228,100040.85
上海,20230331,101538.37
上海,20230430,101459.03
上海,20230531,101842.4
上海,20230630,102796.04
上海,20230731,102562.23
上海,20230831,103104.95
上海,20230930,104270.48
上海,20231031,104210.86
上海,20231130,104848.98
上海,20231231,105906.6
上海,20240131,107902.39
上海,20240229,108259.82
上海,20240331,110605.56
上海,20240430,110874.17
上海,20240531,111264.99
上海,20240630,112746.49
上海,20240731,112988.71
上海,20240831,113875.07
上海,20240930,114939.32
上海,20241031,114957.86
上海,20241130,115486.98
上海,20241231,116942.11
江苏,20090131,28765.2
江苏,20090228,29839.4
江苏,20090331,31461.7
江苏,20090430,31666.9
江苏,20090531,32268
江苏,20090630,33510.5
江苏,20090731,33708.7
江苏,20090831,33903.2
江苏,20090930,34450.7
江苏,20091031,34603.5
江苏,20091130,34984.5
江苏,20091231,35296.7
江苏,20100131,36805.1
江苏,20100228,37528.3
江苏,20100331,37908.4
江苏,20100430,38589.3
江苏,20100531,39149.2
江苏,20100630,39642.9
江苏,20100731,40140.4
江苏,20100831,40585.8
江苏,20100930,41119.8
江苏,20101031,41512.3
江苏,20101130,41926.6
江苏,20101231,42121
江苏,20110131,42966.8
江苏,20110228,43493.9
江苏,20110331,43814.8
江苏,20110430,44557.1
江苏,20110531,44946.7
江苏,20110630,45286.2
江苏,20110731,45880.8
江苏,20110831,46311.7
江苏,20110930,46432.9
江苏,20111031,46898.9
江苏,20111130,47393.1
江苏,20111231,47868.3
江苏,20120131,48580.4
江苏,20120229,49257.9
江苏,20120331,49956.8
江苏,20120430,50428.4
江苏,20120531,50980.4
江苏,20120630,51773
江苏,20120731,52347.7
江苏,20120831,52931.8
江苏,20120930,53260.9
江苏,20121031,53693.4
江苏,20121130,54172.2
江苏,20121231,54412.3
江苏,20130131,55572.7
江苏,20130228,56344.5
江苏,20130331,56952.7
江苏,20130430,57474.1
江苏,20130531,58127.1
江苏,20130630,58905.5
江苏,20130731,59455
江苏,20130831,60141.7
江苏,20130930,60632.2
江苏,20131031,61050.6
江苏,20131130,61463.7
江苏,20131231,61836.5
江苏,20140131,62920.54
江苏,20140228,63454.87
江苏,20140331,64177.96
江苏,20140430,64916.92
江苏,20140531,65625.42
江苏,20140630,66490.04
江苏,20140731,66841.09
江苏,20140831,67373.81
江苏,20140930,67959.47
江苏,20141031,68329.62
江苏,20141130,69168.92
江苏,20141231,69572.67
江苏,20150131,70800.69
江苏,20150228,71868.19
江苏,20150331,72557.49
江苏,20150430,73140.23
江苏,20150531,73926.96
江苏,20150630,74853.78
江苏,20150731,75472.72
江苏,20150831,76016.2
江苏,20150930,77088.34
江苏,20151031,77710.35
江苏,20151130,78323.95
江苏,20151231,78866.34
江苏,20160131,78866.34
江苏,20160229,82964.25
江苏,20160331,84186.13
江苏,20160430,84769
江苏,20160531,85895.49
江苏,20160630,86928.74
江苏,20160731,87478.2
江苏,20160831,88258.06
江苏,20160930,89739.16
江苏,20161031,89860.06
江苏,20161130,90450.14
江苏,20161231,91107.6
江苏,20170131,93500.83
江苏,20170228,94763.83
江苏,20170331,95245.24
江苏,20170430,96303.65
江苏,20170531,97071.54
江苏,20170630,98198.47
江苏,20170731,98872.45
江苏,20170831,99777.59
江苏,20170930,100523.6
江苏,20171031,94763.83
江苏,20171130,101649.86
江苏,20171231,102113.27
江苏,20180131,104438.77
江苏,20180228,105500
江苏,20180331,106395.4
江苏,20180430,107446.37
江苏,20180531,108332.37
江苏,20180630,109822.13
江苏,20180731,110895.41
江苏,20180831,111933.9
江苏,20180930,113225.55
江苏,20181031,114082.28
江苏,20181130,115040.4
江苏,20181231,115719
江苏,20190131,119984.95
江苏,20190228,120853.65
江苏,20190331,122596.53
江苏,20190430,123621.51
江苏,20190531,124657.01
江苏,20190630,126394.97
江苏,20190731,127449.25
江苏,20190831,128864.57
江苏,20190930,130640.36
江苏,20191031,131323.12
江苏,20191130,132379.69
江苏,20191231,133329.87
江苏,20200131,138510.48
江苏,20200229,139762
江苏,20200331,142315.54
江苏,20200430,143953.32
江苏,20200531,145511.44
江苏,20200630,147576.74
江苏,20200731,148489.35
江苏,20200831,149866.84
江苏,20200930,151602.93
江苏,20201031,152395.15
江苏,20201130,153310.79
江苏,20201231,154523.28
江苏,20210131,159921.24
江苏,20210228,161869.05
江苏,20210331,164599.82
江苏,20210430,166359.57
江苏,20210531,167665.87
江苏,20210630,169777.21
江苏,20210731,170852.77
江苏,20210831,172128.66
江苏,20210930,174022.89
江苏,20211031,174781.58
江苏,20211130,176402.35
江苏,20211231,177970.1
江苏,20220131,184361.53
江苏,20220228,185919.88
江苏,20220331,189165
江苏,20220430,190143.38
江苏,20220531,191987.73
江苏,20220630,195144.81
江苏,20220731,196047.98
江苏,20220831,197290.41
江苏,20220930,199782.65
江苏,20221031,200495.76
江苏,20221130,202154.97
江苏,20221231,203925.53
江苏,20230131,212746.29
江苏,20230228,215102.09
江苏,20230331,219474.36
江苏,20230430,220583.94
江苏,20230531,221975.11
江苏,20230630,225948.62
江苏,20230731,226090.82
江苏,20230831,227401.11
江苏,20230930,230460.51
江苏,20231031,230943.97
江苏,20231130,231991.9
江苏,20231231,233995.68
江苏,20240131,241606.13
江苏,20240229,244037.83
江苏,20240331,247679.09
江苏,20240430,248496.94
江苏,20240531,249764.9
江苏,20240630,253094.33
江苏,20240731,253061.1
江苏,20240831,254394.89
江苏,20240930,256715.24
江苏,20241031,257003.35
江苏,20241130,257703.6
江苏,20241231,258285.92
浙江,20090131,30125.21
浙江,20090228,30899.9
浙江,20090331,32822.79
浙江,20090430,33162.16
浙江,20090531,33781.02
浙江,20090630,35092.4
浙江,20090731,35740.78
浙江,20090831,36443.78
浙江,20090930,36965.27
浙江,20091031,37341.32
浙江,20091130,37733.41
浙江,20091231,37997.98
浙江,20100131,39504.7
浙江,20100228,40024.9
浙江,20100331,40714.8
浙江,20100430,41376.6
浙江,20100531,42035.4
浙江,20100630,42562
浙江,20100731,43108
浙江,20100831,43671.2
浙江,20100930,44125.9
浙江,20101031,44548.7
浙江,20101130,45034.8
浙江,20101231,45288.1
浙江,20110131,46101.4
浙江,20110228,46500.7
浙江,20110331,46984.3
浙江,20110430,47619.5
浙江,20110531,48154
浙江,20110630,48720.6
浙江,20110731,49022.3
浙江,20110831,49473.1
浙江,20110930,49902.2
浙江,20111031,50237.9
浙江,20111130,50689
浙江,20111231,51276.6
浙江,20120131,51787.1
浙江,20120229,52217.8
浙江,20120331,52874.1
浙江,20120430,53204.3
浙江,20120531,53818.9
浙江,20120630,54414.8
浙江,20120731,54679.6
浙江,20120831,55332.3
浙江,20120930,55826.4
浙江,20121031,56067.8
浙江,20121130,56521.2
浙江,20121231,56982.7
浙江,20130131,57742
浙江,20130228,58103
浙江,20130331,58805
浙江,20130430,59228
浙江,20130531,59712
浙江,20130630,60257
浙江,20130731,60604
浙江,20130831,61171
浙江,20130930,61599
浙江,20131031,61927
浙江,20131130,62241
浙江,20131231,62597.56
浙江,20140131,63493
浙江,20140228,63878
浙江,20140331,64588
浙江,20140430,64983
浙江,20140531,65389
浙江,20140630,65865
浙江,20140731,66015
浙江,20140831,66479
浙江,20140930,66979
浙江,20141031,67185
浙江,20141130,68034
浙江,20141231,68566
浙江,20150131,69522
浙江,20150228,70163
浙江,20150331,70670
浙江,20150430,71179
浙江,20150531,71739
浙江,20150630,72477
浙江,20150731,72614
浙江,20150831,72609
浙江,20150930,72991
浙江,20151031,73072
浙江,20151130,73722
浙江,20151231,74070
浙江,20160131,75724.7
浙江,20160229,76398
浙江,20160331,77296.5
浙江,20160430,76768.7
浙江,20160531,76950.6
浙江,20160630,77696.2
浙江,20160731,77823
浙江,20160831,78131.7
浙江,20160930,78564.2
浙江,20161031,78947.8
浙江,20161130,79333.2
浙江,20161231,79926
浙江,20170131,81096.9
浙江,20170228,82058.2
浙江,20170331,82385.3
浙江,20170430,83212.5
浙江,20170531,83939.4
浙江,20170630,84733.4
浙江,20170731,85312.4
浙江,20170831,86035.9
浙江,20170930,86792.2
浙江,20171031,87348.3
浙江,20171130,88022.7
浙江,20171231,88606.5
浙江,20180131,90519
浙江,20180228,91445
浙江,20180331,92314.8
浙江,20180430,93353.4
浙江,20180531,94334.2
浙江,20180630,96021.6
浙江,20180731,97430.8
浙江,20180831,98986.4
浙江,20180930,100612.4
浙江,20181031,101888
浙江,20181130,103366
浙江,20181231,104099.8
浙江,20190131,107270.3
浙江,20190228,107922.8
浙江,20190331,109677.9
浙江,20190430,110473
浙江,20190531,111616.5
浙江,20190630,113149.5
浙江,20190731,114098.3
浙江,20190831,115500.2
浙江,20190930,117153.5
浙江,20191031,118022.5
浙江,20191130,119382.3
浙江,20191231,120289.3
浙江,20200131,124004.2
浙江,20200229,125182.1
浙江,20200331,128329
浙江,20200430,129857.3
浙江,20200531,132252.9
浙江,20200630,134187
浙江,20200731,135283.3
浙江,20200831,137030.6
浙江,20200930,138705
浙江,20201031,139596.8
浙江,20201130,141260.9
浙江,20201231,142126
浙江,20210131,146197.5
浙江,20210228,147638.8
浙江,20210331,150383.5
浙江,20210430,151516.4
浙江,20210531,153499
浙江,20210630,155899.2
浙江,20210731,156923.1
浙江,20210831,158341.2
浙江,20210930,160596.9
浙江,20211031,161426.9
浙江,20211130,162622
浙江,20211231,164042.7
浙江,20220131,168373.3
浙江,20220228,170170.9
浙江,20220331,174127.5
浙江,20220430,174733.5
浙江,20220531,177086.2
浙江,20220630,180286.2
浙江,20220731,181014.1
浙江,20220831,182508.3
浙江,20220930,185185.5
浙江,20221031,185712.5
浙江,20221130,187000.2
浙江,20221231,188117.1
浙江,20230131,194539.3
浙江,20230228,196978.9
浙江,20230331,201546.3
浙江,20230430,202108.1
浙江,20230531,203687.9
浙江,20230630,208006.7
浙江,20230731,208322.4
浙江,20230831,209819.8
浙江,20230930,212893
浙江,20231031,213131.7
浙江,20231130,214208.1
浙江,20231231,215882.4
浙江,20240131,222541.8
浙江,20240229,224312.9
浙江,20240331,228224.9
浙江,20240430,228482
浙江,20240531,229176.5
浙江,20240630,231167.7
浙江,20240731,231142.2
浙江,20240831,232128.3
浙江,20240930,234427
浙江,20241031,234934.3
浙江,20241130,235439.2
浙江,20241231,236919.3
安徽,20090131,7281.7
安徽,20090228,7555.7
安徽,20090331,8215.8
安徽,20090430,8326.7
安徽,20090531,8474.1
安徽,20090630,8872.1
安徽,20090731,8997.2
安徽,20090831,8960.8
安徽,20090930,9012.6
安徽,20091031,9147.6
安徽,20091130,9220.1
安徽,20091231,9289.4
安徽,20100131,9617.8
安徽,20100228,9835.1
安徽,20100331,9992
安徽,20100430,10195.4
安徽,20100531,10357.5
安徽,20100630,10569.1
安徽,20100731,10742.3
安徽,20100831,10919.3
安徽,20100930,11098.3
安徽,20101031,11254.7
安徽,20101130,11448.9
安徽,20101231,11452.3
安徽,20110131,11820.5
安徽,20110228,11964.4
安徽,20110331,12144.7
安徽,20110430,12325.4
安徽,20110531,12465.4
安徽,20110630,12657.3
安徽,20110731,12787.5
安徽,20110831,12949.7
安徽,20110930,13139.8
安徽,20111031,13281.3
安徽,20111130,13517.4
安徽,20111231,13729.8
安徽,20120131,13927.7
安徽,20120229,14100.1
安徽,20120331,14342.8
安徽,20120430,14601.1
安徽,20120531,14822.7
安徽,20120630,15177.3
安徽,20120731,15325.3
安徽,20120831,15566.6
安徽,20120930,15797.6
安徽,20121031,15886.9
安徽,20121130,16070.2
安徽,20121231,16294.3
安徽,20130131,16642.5
安徽,20130228,16813.4
安徽,20130331,17196.8
安徽,20130430,17400
安徽,20130531,17655.1
安徽,20130630,18010
安徽,20130731,18216.8
安徽,20130831,18497.6
安徽,20130930,18691.4
安徽,20131031,18898.2
安徽,20131130,19110.6
安徽,20131231,19088.8
安徽,20140131,19670.6
安徽,20140228,19819.2
安徽,20140331,20022.2
安徽,20140430,20255.7
安徽,20140531,20560.4
安徽,20140630,21027.6
安徽,20140731,21048.7
安徽,20140831,21316.6
安徽,20140930,21579.5
安徽,20141031,21613.7
安徽,20141130,21863.4
安徽,20141231,22088.3
安徽,20150131,22592.1
安徽,20150228,22902.5
安徽,20150331,23048.7
安徽,20150430,23205.8
安徽,20150531,23472.1
安徽,20150630,24024.9
安徽,20150731,24106.7
安徽,20150831,24432.8
安徽,20150930,24640.9
安徽,20151031,24919.3
安徽,20151130,25196
安徽,20151231,25489
安徽,20160131,26279.3
安徽,20160229,26488.7
安徽,20160331,26799.4
安徽,20160430,26998.9
安徽,20160531,27483.1
安徽,20160630,28013.2
安徽,20160731,28461.6
安徽,20160831,28984.8
安徽,20160930,29496.1
安徽,20161031,29766.5
安徽,20161130,29955.7
安徽,20161231,30180.7
安徽,20170131,30816.8
安徽,20170228,31248
安徽,20170331,31613.3
安徽,20170430,31858.3
安徽,20170531,32129.6
安徽,20170630,32685.9
安徽,20170731,33018.6
安徽,20170831,33306.4
安徽,20170930,33622.3
安徽,20171031,33810.5
安徽,20171130,34504.7
安徽,20171231,34481.2
安徽,20180131,35215
安徽,20180228,35574.8
安徽,20180331,35766.8
安徽,20180430,36066.3
安徽,20180531,36576.7
安徽,20180630,37137.2
安徽,20180731,37558.4
安徽,20180831,37790.2
安徽,20180930,38203.3
安徽,20181031,38341.8
安徽,20181130,38828.6
安徽,20181231,38815.3
安徽,20190131,40283.3
安徽,20190228,40631.1
安徽,20190331,41244.5
安徽,20190430,41642.7
安徽,20190531,42060.1
安徽,20190630,42542.4
安徽,20190731,42846.5
安徽,20190831,43289
安徽,20190930,43790.1
安徽,20191031,43911.5
安徽,20191130,44407.2
安徽,20191231,44289.3
安徽,20200131,45550
安徽,20200229,46011.6
安徽,20200331,47512.9
安徽,20200430,48090.8
安徽,20200531,48673.4
安徽,20200630,49307.2
安徽,20200731,49749.9
安徽,20200831,50316.4
安徽,20200930,50966.4
安徽,20201031,51042.1
安徽,20201130,51675.3
安徽,20201231,51520.5
安徽,20210131,52851.4
安徽,20210228,53366
安徽,20210331,54289.6
安徽,20210430,54698.1
安徽,20210531,55259.8
安徽,20210630,56165.9
安徽,20210731,56524.3
安徽,20210831,56838.2
安徽,20210930,57314.3
安徽,20211031,57423.8
安徽,20211130,57423.8
安徽,20211231,58151
安徽,20220131,59898.5
安徽,20220228,60435.3
安徽,20220331,61749.8
安徽,20220430,62028.2
安徽,20220531,62736.8
安徽,20220630,64324.4
安徽,20220731,64820.7
安徽,20220831,65261.7
安徽,20220930,66134.6
安徽,20221031,66352.2
安徽,20221130,66812.1
安徽,20221231,67048.4
安徽,20230131,69788
安徽,20230228,70616.8
安徽,20230331,71928.4
安徽,20230430,72309.6
安徽,20230531,73026
安徽,20230630,74539.7
安徽,20230731,74990.7
安徽,20230831,75464.6
安徽,20230930,76503.7
安徽,20231031,76740.7
安徽,20231130,77323
安徽,20231231,77706.7
安徽,20240131,80181.4
安徽,20240229,80882.7
安徽,20240331,82329
安徽,20240430,82434.7
安徽,20240531,82989.5
安徽,20240630,84029.6
安徽,20240731,83994.2
安徽,20240831,84431.3
安徽,20240930,85214
安徽,20241031,85383.4
安徽,20241130,85775.1
安徽,20241231,86008.5
福建,20090131,10009.9
福建,20090228,10235.8
福建,20090331,10808.6
福建,20090430,10970.6
福建,20090531,11199
福建,20090630,11622.1
福建,20090731,11807.2
福建,20090831,11976.8
福建,20090930,12081.6
福建,20091031,12120.1
福建,20091130,12237.4
福建,20091231,12360.3
福建,20100131,12798.5
福建,20100228,13046.7
福建,20100331,13229.5
福建,20100430,13519.6
福建,20100531,13796.8
福建,20100630,14055.3
福建,20100731,14255.4
福建,20100831,14495.9
福建,20100930,14672.3
福建,20101031,14935.3
福建,20101130,15081.3
福建,20101231,15231.4
福建,20110131,15766
福建,20110228,16001.3
福建,20110331,16208.5
福建,20110430,16501.4
福建,20110531,16713.1
福建,20110630,16932.7
福建,20110731,17117.7
福建,20110831,17299.1
福建,20110930,17456.5
福建,20111031,17669.8
福建,20111130,17903
福建,20111231,18165.2
福建,20120131,18531.2
福建,20120229,18824.7
福建,20120331,19190.5
福建,20120430,19400.6
福建,20120531,19726.8
福建,20120630,20010.7
福建,20120731,20157.2
福建,20120831,20412.6
福建,20120930,20583.8
福建,20121031,20837.5
福建,20121130,21034.1
福建,20121231,21209.8
福建,20130131,21686
福建,20130228,21881.1
福建,20130331,22219
福建,20130430,22487.5
福建,20130531,22780.4
福建,20130630,23019.3
福建,20130731,23309.7
福建,20130831,23590.6
福建,20130930,23850.8
福建,20131031,24057.2
福建,20131130,24305.5
福建,20131231,24487.5
福建,20140131,25167.29
福建,20140228,25401.96
福建,20140331,25828.31
福建,20140430,26044.31
福建,20140531,26379.85
福建,20140630,26689.61
福建,20140731,26859.86
福建,20140831,27143.4
福建,20140930,27516.35
福建,20141031,27809.38
福建,20141130,28157.82
福建,20141231,28417.7
福建,20150131,28950.06
福建,20150228,29371.75
福建,20150331,29664.69
福建,20150430,29973.71
福建,20150531,30222.94
福建,20150630,30510.72
福建,20150731,30766.55
福建,20150831,31056.96
福建,20150930,31440.38
福建,20151031,31721.72
福建,20151130,31956.58
福建,20151231,32132.96
福建,20160131,32934.15
福建,20160229,33256.26
福建,20160331,33580.92
福建,20160430,33853.27
福建,20160531,34186.33
福建,20160630,34379.01
福建,20160731,34566.27
福建,20160831,35125.63
福建,20160930,35518.99
福建,20161031,35589.26
福建,20161130,35892.51
福建,20161231,36356.06
福建,20170131,36828.14
福建,20170228,37267.5
福建,20170331,37621.22
福建,20170430,37928.09
福建,20170531,38470.15
福建,20170630,38853.64
福建,20170731,39118.3
福建,20170831,39549.02
福建,20170930,39736.02
福建,20171031,40030.22
福建,20171130,40301.27
福建,20171231,40484.93
福建,20180131,41269.34
福建,20180228,41573.22
福建,20180331,42031.02
福建,20180430,42296.25
福建,20180531,42635.72
福建,20180630,43134.27
福建,20180731,43538.7
福建,20180831,43947.92
福建,20180930,44305.43
福建,20181031,44511.48
福建,20181130,44829.49
福建,20181231,45173.87
福建,20190131,46407.43
福建,20190228,46729.02
福建,20190331,47166.8
福建,20190430,47786.25
福建,20190531,48142.75
福建,20190630,48782.69
福建,20190731,49080.51
福建,20190831,49872.8
福建,20190930,50702.71
福建,20191031,50695.21
福建,20191130,51064.32
福建,20191231,51396.64
福建,20200131,52656.82
福建,20200229,53273.66
福建,20200331,54153.91
福建,20200430,54581.4
福建,20200531,54872.31
福建,20200630,55551.61
福建,20200731,56002.26
福建,20200831,56407.71
福建,20200930,56979.61
福建,20201031,57414.14
福建,20201130,57904.11
福建,20201231,58589.49
福建,20210131,59521.67
福建,20210228,59976.7
福建,20210331,60575.58
福建,20210430,60795.48
福建,20210531,61408.54
福建,20210630,61779.79
福建,20210731,62704.68
福建,20210831,63508.16
福建,20210930,63993.64
福建,20211031,64376.22
福建,20211130,65214.18
福建,20211231,65920.32
福建,20220131,67449.36
福建,20220228,67944.07
福建,20220331,68646.12
福建,20220430,69138.68
福建,20220531,70287.75
福建,20220630,71349.53
福建,20220731,71479.53
福建,20220831,71830.02
福建,20220930,72769.98
福建,20221031,72729.9
福建,20221130,73258.01
福建,20221231,74128.73
福建,20230131,75946.49
福建,20230228,76102.06
福建,20230331,77355.79
福建,20230430,77457.04
福建,20230531,77740.81
福建,20230630,79004.02
福建,20230731,79256.33
福建,20230831,79390.82
福建,20230930,80128.11
福建,20231031,79979.75
福建,20231130,80468.16
福建,20231231,81378.8
福建,20240131,81929.19
福建,20240229,82209.89
福建,20240331,82627.4
福建,20240430,82871.7
福建,20240531,83243.82
福建,20240630,83553.13
福建,20240731,84575.11
福建,20240831,85162.12
福建,20240930,85635.93
福建,20241031,85617.65
福建,20241130,85332.27
福建,20241231,85414.18
江西,20090131,4884.9
江西,20090228,5060.9
江西,20090331,5306
江西,20090430,5405.1
江西,20090531,5489
江西,20090630,5783
江西,20090731,5941.7
江西,20090831,6025.5
江西,20090930,6131.8
江西,20091031,6205.8
江西,20091130,6274.5
江西,20091231,6347
江西,20100131,6586
江西,20100228,6714
江西,20100331,6800
江西,20100430,6936
江西,20100531,7091
江西,20100630,7225
江西,20100731,7300.7
江西,20100831,7418
江西,20100930,7551.2
江西,20101031,7628.2
江西,20101130,7698.6
江西,20101231,7757.1
江西,20110131,8012.1
江西,20110228,8138.5
江西,20110331,8196.4
江西,20110430,8316.3
江西,20110531,8428
江西,20110630,8557.7
江西,20110731,8637.9
江西,20110831,8732.1
江西,20110930,8854.7
江西,20111031,8978.9
江西,20111130,9097.9
江西,20111231,9175.2
江西,20120131,9382.5
江西,20120229,9515.1
江西,20120331,9667.3
江西,20120430,9796
江西,20120531,9934
江西,20120630,10149.3
江西,20120731,10293
江西,20120831,10492.6
江西,20120930,10628.5
江西,20121031,10764.1
江西,20121130,10877
江西,20121231,10924.5
江西,20130131,11323.4
江西,20130228,11503.2
江西,20130331,11628.1
江西,20130430,11846.7
江西,20130531,11981.4
江西,20130630,12095.5
江西,20130731,12308.5
江西,20130831,12479.4
江西,20130930,12615.5
江西,20131031,12800.7
江西,20131130,12873.5
江西,20131231,12953.5
江西,20140131,13479.1
江西,20140228,13624.7
江西,20140331,13760.1
江西,20140430,13952
江西,20140531,14168.6
江西,20140630,14264
江西,20140731,14416.9
江西,20140831,14623.6
江西,20140930,14851.7
江西,20141031,15036.4
江西,20141130,15322.7
江西,20141231,15466.1
江西,20150131,15854.6
江西,20150228,16153.6
江西,20150331,16372.4
江西,20150430,16573.2
江西,20150531,16743
江西,20150630,17123.6
江西,20150731,17217.3
江西,20150831,17408.3
江西,20150930,17593.9
江西,20151031,17710.6
江西,20151130,18007.2
江西,20151231,18348
江西,20160131,18969.4
江西,20160229,19211.4
江西,20160331,19568.2
江西,20160430,19826.7
江西,20160531,20109.6
江西,20160630,20388.3
江西,20160731,20519.3
江西,20160831,20706.3
江西,20160930,20915.8
江西,20161031,21067.7
江西,20161130,21347.1
江西,20161231,21721.8
江西,20170131,22271.8
江西,20170228,22689
江西,20170331,22979.7
江西,20170430,23314.5
江西,20170531,23695.3
江西,20170630,24019.7
江西,20170731,24268.7
江西,20170831,24550.7
江西,20170930,24945.4
江西,20171031,25083.1
江西,20171130,25467.4
江西,20171231,25712.6
江西,20180131,26448.3
江西,20180228,26800.9
江西,20180331,27142.2
江西,20180430,27514.2
江西,20180531,27904
江西,20180630,28363.7
江西,20180731,38753.1
江西,20180831,29200.2
江西,20180930,29631.4
江西,20181031,29912.2
江西,20181130,30142
江西,20181231,30358.4
江西,20190131,31408
江西,20190228,31816.3
江西,20190331,32283.8
江西,20190430,32542.9
江西,20190531,32813
江西,20190630,33236.4
江西,20190731,33454.9
江西,20190831,33842.4
江西,20190930,34524
江西,20191031,34845.4
江西,20191130,35240.9
江西,20191231,35493.8
江西,20200131,36522.2
江西,20200229,37044.7
江西,20200331,37874.3
江西,20200430,38402.8
江西,20200531,38914.5
江西,20200630,39467.2
江西,20200731,39758.2
江西,20200831,40161.6
江西,20200930,40656.6
江西,20201031,40916.5
江西,20201130,41254.2
江西,20201231,41409.2
江西,20210131,42446.4
江西,20210228,42940.7
江西,20210331,43765.9
江西,20210430,44140.9
江西,20210531,44520
江西,20210630,45236.9
江西,20210731,45543.3
江西,20210831,45796.7
江西,20210930,46305.8
江西,20211031,46388.7
江西,20211130,46721.3
江西,20211231,46920.7
江西,20220131,47941.4
江西,20220228,48264.5
江西,20220331,49248.8
江西,20220430,49561.4
江西,20220531,50095.6
江西,20220630,50655.2
江西,20220731,50998
江西,20220831,51379.3
江西,20220930,52026.5
江西,20221031,52281.7
江西,20221130,52410.1
江西,20221231,52629.1
江西,20230131,54066.2
江西,20230228,54678.8
江西,20230331,55618.1
江西,20230430,55781.2
江西,20230531,56079.4
江西,20230630,56660.5
江西,20230731,56696.8
江西,20230831,56931
江西,20230930,57490.8
江西,20231031,57621.6
江西,20231130,57745
江西,20231231,57885
江西,20240131,59078.9
江西,20240229,59552.3
江西,20240331,60407.4
江西,20240430,60659.3
江西,20240531,60922.8
江西,20240630,61439.5
江西,20240731,61462.2
江西,20240831,61783.4
江西,20240930,62017.2
江西,20241031,62107.29
江西,20241130,62336
江西,20241231,62428.7
山东,20090131,21408.9
山东,20090228,21948.7
山东,20090331,23145.8
山东,20090430,23446.9
山东,20090531,23726.8
山东,20090630,24698.4
山东,20090731,25086.8
山东,20090831,25400.6
山东,20090930,25448.7
山东,20091031,25542.8
山东,20091130,25689.1
山东,20091231,25961.3
山东,20100131,26918
山东,20100228,27304.2
山东,20100331,27608.9
山东,20100430,28055.2
山东,20100531,28492.1
山东,20100630,28748.3
山东,20100731,29181.7
山东,20100831,29425.2
山东,20100930,29830.8
山东,20101031,30246.2
山东,20101130,30573.6
山东,20101231,30722.6
山东,20110131,31453.3
山东,20110228,31738.7
山东,20110331,32034.5
山东,20110430,32453.2
山东,20110531,32886.6
山东,20110630,33260.8
山东,20110731,33570.2
山东,20110831,33893.4
山东,20110930,34105.3
山东,20111031,34525
山东,20111130,34802
山东,20111231,35179
山东,20120131,35700.1
山东,20120229,36194.3
山东,20120331,36811.9
山东,20120430,37149.9
山东,20120531,37648.6
山东,20120630,38122.5
山东,20120731,38390.7
山东,20120831,38806.3
山东,20120930,39241.9
山东,20121031,39467.9
山东,20121130,39794
山东,20121231,40021.5
山东,20130131,40722.4
山东,20130228,40974
山东,20130331,41619.8
山东,20130430,42071
山东,20130531,42319.8
山东,20130630,42707.5
山东,20130731,43090.3
山东,20130831,43579.6
山东,20130930,43953.3
山东,20131031,44190.2
山东,20131130,44534.3
山东,20131231,44761.3
山东,20140131,45642.85
山东,20140228,46157.86
山东,20140331,46647.48
山东,20140430,47203.3
山东,20140531,47650.25
山东,20140630,48159.61
山东,20140731,48256.7
山东,20140831,48540.3
山东,20140930,49022
山东,20141031,49206.06
山东,20141130,49591.08
山东,20141231,50058.64
山东,20150131,50815.21
山东,20150228,51380.69
山东,20150331,51913.65
山东,20150430,52192.88
山东,20150531,52488.74
山东,20150630,53222.72
山东,20150731,53456.4
山东,20150831,53832.65
山东,20150930,54350.36
山东,20151031,54719.3
山东,20151130,55211.23
山东,20151231,55437
山东,20160131,56778.36
山东,20160229,57344.19
山东,20160331,57740.72
山东,20160430,57956.88
山东,20160531,58452.85
山东,20160630,59152.04
山东,20160731,59565.46
山东,20160831,59782.53
山东,20160930,60081.48
山东,20161031,60346.75
山东,20161130,60660.92
山东,20161231,61726.88
山东,20170131,62905.12
山东,20170228,63716.21
山东,20170331,64183.19
山东,20170430,64309.76
山东,20170531,64777.29
山东,20170630,65324.55
山东,20170731,65778.52
山东,20170831,66257.77
山东,20170930,66763.92
山东,20171031,67079.3
山东,20171130,67428.77
山东,20171231,67575.96
山东,20180131,68832.69
山东,20180228,69438.55
山东,20180331,70012.12
山东,20180430,70577.43
山东,20180531,71119.99
山东,20180630,72014.18
山东,20180731,72489
山东,20180831,73115.38
山东,20180930,73810.45
山东,20181031,74027.23
山东,20181130,74651.1
山东,20181231,74879.4
山东,20190131,77265.11
山东,20190228,77772.29
山东,20190331,78718.62
山东,20190430,79167.55
山东,20190531,79680.29
山东,20190630,80731.22
山东,20190731,81247.3
山东,20190831,81876.15
山东,20190930,82835.59
山东,20191031,83110.45
山东,20191130,83487.63
山东,20191231,83702.97
山东,20200131,86118.27
山东,20200229,86749.62
山东,20200331,88608.85
山东,20200430,89562
山东,20200531,90397.57
山东,20200630,91498.41
山东,20200731,92091.96
山东,20200831,92887.14
山东,20200930,93999.26
山东,20201031,94331.25
山东,20201130,95042.18
山东,20201231,95411.56
山东,20210131,97758.35
山东,20210228,98800.96
山东,20210331,100700.02
山东,20210430,101666.06
山东,20210531,102654.53
山东,20210630,103931.35
山东,20210731,104834.26
山东,20210831,105607.05
山东,20210930,106546.78
山东,20211031,107155.02
山东,20211130,107865.96
山东,20211231,108436.77
山东,20220131,110915.16
山东,20220228,111843.18
山东,20220331,113672.09
山东,20220430,114051.37
山东,20220531,115050.9
山东,20220630,116898.7
山东,20220731,117191.74
山东,20220831,118068.74
山东,20220930,119593.75
山东,20221031,119876.74
山东,20221130,120576.07
山东,20221231,121533.28
山东,20230131,125095.77
山东,20230228,126441.98
山东,20230331,128918.79
山东,20230430,129303.99
山东,20230531,129934.31
山东,20230630,131778.39
山东,20230731,132088.85
山东,20230831,132911.4
山东,20230930,134440.77
山东,20231031,134646.39
山东,20231130,135023.63
山东,20231231,136576.86
山东,20240131,139495.79
山东,20240229,140482.79
山东,20240331,142664.52
山东,20240430,142737.64
山东,20240531,143306.49
山东,20240630,145113.39
山东,20240731,145345.38
山东,20240831,146110.09
山东,20240930,147411.72
山东,20241031,147769.53
山东,20241130,148619.03
山东,20241231,149512.87
河南,20090131,10699.4
河南,20090228,11019.9
河南,20090331,11721.1
河南,20090430,11752.5
河南,20090531,11968.2
河南,20090630,12589.4
河南,20090731,12692
河南,20090831,12844.9
河南,20090930,12970.6
河南,20091031,13008.2
河南,20091130,13107.4
河南,20091231,13437.4
河南,20100131,13616.7
河南,20100228,13797.8
河南,20100331,13977.1
河南,20100430,14073.3
河南,20100531,14350.8
河南,20100630,14907.1
河南,20100731,14999.6
河南,20100831,15118.9
河南,20100930,15339
河南,20101031,15457.6
河南,20101130,15580
河南,20101231,15871.3
河南,20110131,15864
河南,20110228,16069
河南,20110331,16185.8
河南,20110430,16340.8
河南,20110531,16467.6
河南,20110630,16739.6
河南,20110731,16810.7
河南,20110831,16988.5
河南,20110930,17179.9
河南,20111031,17306.1
河南,20111130,17303.1
河南,20111231,17506.2
河南,20120131,17617
河南,20120229,17772.5
河南,20120331,18131.8
河南,20120430,18349
河南,20120531,18656
河南,20120630,19019
河南,20120731,19273.4
河南,20120831,19508.7
河南,20120930,19716.7
河南,20121031,19849.7
河南,20121130,19994.7
河南,20121231,20031.4
河南,20130131,20478.4
河南,20130228,20764.5
河南,20130331,21143.5
河南,20130430,21342.7
河南,20130531,21549
河南,20130630,21888
河南,20130731,22101.7
河南,20130831,22393.8
河南,20130930,22591.2
河南,20131031,22768.5
河南,20131130,22928
河南,20131231,23100.9
河南,20140131,23616.1
河南,20140228,23812
河南,20140331,24189.3
河南,20140430,24480.9
河南,20140531,24863.1
河南,20140630,25496.3
河南,20140731,25818.4
河南,20140831,26102.6
河南,20140930,26444.4
河南,20141031,26696.2
河南,20141130,26978.5
河南,20141231,27228.3
河南,20150131,27888.4
河南,20150228,28321.1
河南,20150331,28687.6
河南,20150430,28893.3
河南,20150531,29181.3
河南,20150630,29828.1
河南,20150731,30254.6
河南,20150831,30547.7
河南,20150930,30891.5
河南,20151031,31096.3
河南,20151130,31358.3
河南,20151231,31432.6
河南,20160131,32253.6
河南,20160229,32560.1
河南,20160331,32995.1
河南,20160430,33156.2
河南,20160531,33565.1
河南,20160630,34172.6
河南,20160731,34592.1
河南,20160831,35038
河南,20160930,35584.2
河南,20161031,35850.4
河南,20161130,36189.4
河南,20161231,36501.2
河南,20170131,37383.5
河南,20170228,37958
河南,20170331,38354.1
河南,20170430,38737.8
河南,20170531,39120.3
河南,20170630,39809.4
河南,20170731,40218.9
河南,20170831,40600.5
河南,20170930,41022.5
河南,20171031,41264.6
河南,20171130,41566
河南,20171231,41743.3
河南,20180131,42643.7
河南,20180228,43123.2
河南,20180331,43455.2
河南,20180430,43774.8
河南,20180531,44140.9
河南,20180630,44876.8
河南,20180731,45531.5
河南,20180831,46105.5
河南,20180930,46685.9
河南,20181031,46991.1
河南,20181130,47423.8
河南,20181231,47834.8
河南,20190131,49561.3
河南,20190228,50077.2
河南,20190331,50980.6
河南,20190430,51352.6
河南,20190531,51890.5
河南,20190630,52667.9
河南,20190731,53310
河南,20190831,53893.6
河南,20190930,54602.1
河南,20191031,54912.3
河南,20191130,55315.9
河南,20191231,55659
河南,20200131,57249.7
河南,20200229,57608.4
河南,20200331,58761.2
河南,20200430,59370.3
河南,20200531,59883
河南,20200630,60556.2
河南,20200731,60859
河南,20200831,61325.3
河南,20200930,61897.8
河南,20201031,62089
河南,20201130,62478.7
河南,20201231,62866.7
河南,20210131,64328.6
河南,20210228,65065.4
河南,20210331,66047.9
河南,20210430,66241.8
河南,20210531,66721.6
河南,20210630,67509.7
河南,20210731,68052.2
河南,20210831,68457.1
河南,20210930,69113.4
河南,20211031,69209
河南,20211130,69431
河南,20211231,69444.6
河南,20220131,70839.4
河南,20220228,71130.7
河南,20220331,72196.4
河南,20220430,71861
河南,20220531,72208.3
河南,20220630,73084.6
河南,20220731,73209.7
河南,20220831,74102.4
河南,20220930,75071.7
河南,20221031,74927.4
河南,20221130,75088.2
河南,20221231,75528.5
河南,20230131,77133.3
河南,20230228,78096.4
河南,20230331,79684
河南,20230430,79471.5
河南,20230531,79603.5
河南,20230630,80771.9
河南,20230731,80859.4
河南,20230831,81235.8
河南,20230930,82055.8
河南,20231031,82074
河南,20231130,82816.4
河南,20231231,83140.9
河南,20240131,84400.3
河南,20240229,84845
河南,20240331,86379.8
河南,20240430,85995.9
河南,20240531,86448.8
河南,20240630,87310.6
河南,20240731,86763.9
河南,20240831,86972.8
河南,20240930,87949
河南,20241031,87731.9
河南,20241130,87939.4
河南,20241231,88910.2
湖北,20090131,8991.2
湖北,20090228,9314.2
湖北,20090331,10004.9
湖北,20090430,10116.4
湖北,20090531,10316.6
湖北,20090630,10662.7
湖北,20090731,10810.5
湖北,20090831,10754.9
湖北,20090930,11424.4
湖北,20091031,11548.1
湖北,20091130,11632.7
湖北,20091231,11659.4
湖北,20100131,12171.1
湖北,20100228,12403.8
湖北,20100331,12464.1
湖北,20100430,12650.8
湖北,20100531,12800.2
湖北,20100630,13055.8
湖北,20100731,13181.4
湖北,20100831,13317.9
湖北,20100930,13566.8
湖北,20101031,13714.3
湖北,20101130,13938.2
湖北,20101231,14170.9
湖北,20110131,13734.3
湖北,20110228,13891.1
湖北,20110331,14084.4
湖北,20110430,14284.9
湖北,20110531,14401.3
湖北,20110630,14574.4
湖北,20110731,14661.8
湖北,20110831,14794.4
湖北,20110930,14989.6
湖北,20111031,15225.2
湖北,20111130,15387.3
湖北,20111231,15662.5
湖北,20120131,15910.8
湖北,20120229,16099.8
湖北,20120331,16325.6
湖北,20120430,16512.4
湖北,20120531,16762.5
湖北,20120630,17154.6
湖北,20120731,17301.1
湖北,20120831,17453.2
湖北,20120930,17705.7
湖北,20121031,17895.6
湖北,20121130,18052.3
湖北,20121231,18004.5
湖北,20130131,18677.7
湖北,20130228,18966.6
湖北,20130331,19398.4
湖北,20130430,19514.3
湖北,20130531,19706.1
湖北,20130630,19992.7
湖北,20130731,20227.7
湖北,20130831,20301.2
湖北,20130930,20600.7
湖北,20131031,20762.2
湖北,20131130,20880.3
湖北,20131231,20796.9
湖北,20140131,21533.77
湖北,20140228,21672.41
湖北,20140331,21962.29
湖北,20140430,22309.12
湖北,20140531,22623.47
湖北,20140630,23079.5
湖北,20140731,23102.92
湖北,20140831,23295.26
湖北,20140930,23508.59
湖北,20141031,23653.53
湖北,20141130,24017.43
湖北,20141231,24239.96
湖北,20150131,24855.2
湖北,20150228,25487.71
湖北,20150331,25768.45
湖北,20150430,25943.27
湖北,20150531,26210.13
湖北,20150630,26424.46
湖北,20150731,26643.25
湖北,20150831,27115.55
湖北,20150930,27507.45
湖北,20151031,27696.27
湖北,20151231,28338.9
湖北,20160131,29405.04
湖北,20160331,30631.82
湖北,20160430,30971.89
湖北,20160531,31293.61
湖北,20160630,32072.36
湖北,20160731,32218.5
湖北,20160831,32497.22
湖北,20160930,33059.39
湖北,20161031,32910.07
湖北,20161130,33025.97
湖北,20161231,33130.12
湖北,20170131,34154.23
湖北,20170228,34646.21
湖北,20170331,35067.99
湖北,20170430,35452.22
湖北,20170531,35835.84
湖北,20170630,36266.81
湖北,20170731,36569.5
湖北,20170831,36935.22
湖北,20170930,37394.89
湖北,20171031,37540.49
湖北,20171130,38019.97
湖北,20171231,38154.95
湖北,20180131,39502.09
湖北,20180228,39973.83
湖北,20180331,40322.21
湖北,20180430,40742.68
湖北,20180531,41228.05
湖北,20180630,41846.34
湖北,20180731,42300.73
湖北,20180831,42730.41
湖北,20180930,43342.33
湖北,20181031,43650.47
湖北,20181130,43974.63
湖北,20181231,44340.54
湖北,20190131,45958.19
湖北,20190228,46339
湖北,20190331,47267.4
湖北,20190430,47681.78
湖北,20190531,48093.93
湖北,20190630,48824.29
湖北,20190731,48923.6
湖北,20190831,49241.43
湖北,20190930,49694.66
湖北,20191031,49904.37
湖北,20191130,50380.05
湖北,20191231,50663.96
湖北,20200131,52224.33
湖北,20200229,51982.66
湖北,20200331,53070.88
湖北,20200430,53611.36
湖北,20200531,54176.63
湖北,20200630,55169.98
湖北,20200731,55430.55
湖北,20200831,56013.11
湖北,20200930,56952.03
湖北,20201031,57169.61
湖北,20201130,57733.61
湖北,20201231,58478.81
湖北,20210131,59405.11
湖北,20210228,59805.32
湖北,20210331,60775.53
湖北,20210430,60812.85
湖北,20210531,61183.36
湖北,20210630,61899.32
湖北,20210731,62208.86
湖北,20210831,62591.03
湖北,20210930,63482.69
湖北,20211031,63520.8
湖北,20211130,64266.56
湖北,20211231,65553.78
湖北,20220131,66574.67
湖北,20220228,66830.74
湖北,20220331,68480.42
湖北,20220430,68226.7
湖北,20220531,68687.6
湖北,20220630,69896.74
湖北,20220731,69919.39
湖北,20220831,70395.77
湖北,20220930,71446.94
湖北,20221031,71465.46
湖北,20221130,71991.24
湖北,20221231,72735.74
湖北,20230131,74912.43
湖北,20230228,75432.16
湖北,20230331,76719.06
湖北,20230430,76738.43
湖北,20230531,77047.87
湖北,20230630,78201.92
湖北,20230731,77959.55
湖北,20230831,78390.14
湖北,20230930,79215.33
湖北,20231031,79416.56
湖北,20231130,79742.74
湖北,20231231,80280.9
湖北,20240131,82212.66
湖北,20240229,83072.45
湖北,20240331,84040.29
湖北,20240430,84135.24
湖北,20240531,84393.65
湖北,20240630,85234.3
湖北,20240731,85020.74
湖北,20240831,85179.27
湖北,20240930,86092.41
湖北,20241031,85883.43
湖北,20241130,86344.48
湖北,20241231,86397.94
湖南,20090131,7344.8
湖南,20090228,7661.7
湖南,20090331,8177.3
湖南,20090430,8318.9
湖南,20090531,8450.7
湖南,20090630,8788.6
湖南,20090731,8863
湖南,20090831,8885.3
湖南,20090930,9031.1
湖南,20091031,9136.6
湖南,20091130,9260.4
湖南,20091231,9369.8
湖南,20100131,9664.2
湖南,20100228,9877.4
湖南,20100331,10049.2
湖南,20100430,10236.8
湖南,20100531,10444.4
湖南,20100630,10582.9
湖南,20100731,10648.6
湖南,20100831,10793.3
湖南,20100930,10967.4
湖南,20101031,11066.4
湖南,20101130,11253
湖南,20101231,11303.8
湖南,20110131,11513
湖南,20110228,11659.1
湖南,20110331,11783.4
湖南,20110430,11941
湖南,20110531,12090
湖南,20110630,12259.7
湖南,20110731,12374.3
湖南,20110831,12518.4
湖南,20110930,12653.7
湖南,20111031,12823.3
湖南,20111130,12995.7
湖南,20111231,13186.7
湖南,20120131,13432.6
湖南,20120229,13602
湖南,20120331,13778.1
湖南,20120430,14005.1
湖南,20120531,14183.1
湖南,20120630,14411.3
湖南,20120731,14586.8
湖南,20120831,14785.2
湖南,20120930,14987.8
湖南,20121031,15114.1
湖南,20121130,15252.5
湖南,20121231,15336.5
湖南,20130131,15674.6
湖南,20130228,15941.7
湖南,20130331,16202.2
湖南,20130430,16406.5
湖南,20130531,16649.1
湖南,20130630,16820
湖南,20130731,16997.1
湖南,20130831,17203.8
湖南,20130930,17419.7
湖南,20131031,17556.7
湖南,20131130,17715.6
湖南,20131231,17775
湖南,20140131,18265.2
湖南,20140228,18387.4
湖南,20140331,18666.5
湖南,20140430,18851.9
湖南,20140531,19049.8
湖南,20140630,19306
湖南,20140731,19384.6
湖南,20140831,19621.8
湖南,20140930,19787.2
湖南,20141031,19984.6
湖南,20141130,20274.3
湖南,20141231,20356.4
湖南,20150131,20802.7
湖南,20150228,21144.5
湖南,20150331,21461.6
湖南,20150430,21707.3
湖南,20150531,22074.1
湖南,20150630,22436.7
湖南,20150731,22663.6
湖南,20150831,22932.2
湖南,20150930,23235.1
湖南,20151031,23211.2
湖南,20151130,23504.1
湖南,20151231,23738.6
湖南,20160131,24627.4
湖南,20160229,24985
湖南,20160331,25519.4
湖南,20160430,25712.8
湖南,20160531,25904.7
湖南,20160630,26337.5
湖南,20160731,26283
湖南,20160831,26384.4
湖南,20160930,26703.5
湖南,20161031,26901.4
湖南,20161130,26976.8
湖南,20161231,27215.5
湖南,20170131,28148.5
湖南,20170228,28312.1
湖南,20170331,28843
湖南,20170430,29207.1
湖南,20170531,29556.3
湖南,20170630,30002.3
湖南,20170731,30269
湖南,20170831,30653
湖南,20170930,31033.3
湖南,20171031,31264.1
湖南,20171130,31511.3
湖南,20171231,31532.7
湖南,20180131,32522
湖南,20180228,32860.8
湖南,20180331,33298.9
湖南,20180430,33435.6
湖南,20180531,33707.2
湖南,20180630,34219
湖南,20180731,34614.5
湖南,20180831,35070.9
湖南,20180930,35513.6
湖南,20181031,35651
湖南,20181130,35953.5
湖南,20181231,36211.8
湖南,20190131,37530.6
湖南,20190228,37778.4
湖南,20190331,38506.5
湖南,20190430,38680.6
湖南,20190531,39042.6
湖南,20190630,39737.1
湖南,20190731,40057.6
湖南,20190831,40498.6
湖南,20190930,41177.5
湖南,20191031,41478.4
湖南,20191130,41854.7
湖南,20191231,42159.4
湖南,20200131,43507.5
湖南,20200229,43915.1
湖南,20200331,45092.4
湖南,20200430,45743.8
湖南,20200531,46162
湖南,20200630,46857.8
湖南,20200731,47131.7
湖南,20200831,47574.1
湖南,20200930,48292.2
湖南,20201031,48683.3
湖南,20201130,48972.5
湖南,20201231,49165.7
湖南,20210131,50512.3
湖南,20210228,51037.6
湖南,20210331,52059.2
湖南,20210430,52338.3
湖南,20210531,52847.2
湖南,20210630,53568.9
湖南,20210731,53806
湖南,20210831,54156.3
湖南,20210930,54775.9
湖南,20211031,54944.5
湖南,20211130,55274.5
湖南,20211231,55508.7
湖南,20220131,56745.9
湖南,20220228,57232.9
湖南,20220331,58444.2
湖南,20220430,58633.3
湖南,20220531,58986.1
湖南,20220630,59771.5
湖南,20220731,59937.4
湖南,20220831,60311.9
湖南,20220930,61276.6
湖南,20221031,61443.5
湖南,20221130,61681.9
湖南,20221231,62072.1
湖南,20230131,63794.6
湖南,20230228,64415
湖南,20230331,65744.7
湖南,20230430,65810.4
湖南,20230531,66225.7
湖南,20230630,67369.8
湖南,20230731,67211.7
湖南,20230831,67577.3
湖南,20230930,68448.9
湖南,20231031,68691.4
湖南,20231130,68959.6
湖南,20231231,69191.5
湖南,20240131,70681.5
湖南,20240229,71106
湖南,20240331,72242.8
湖南,20240430,72236
湖南,20240531,72457.2
湖南,20240630,73392.6
湖南,20240731,73162.4
湖南,20240831,73545.9
湖南,20240930,74312.7
湖南,20241031,74192.1
湖南,20241130,74300.6
湖南,20241231,74258.5
广东,20090131,32903
广东,20090228,34253.2
广东,20090331,36214.7
广东,20090430,36666.4
广东,20090531,37388.4
广东,20090630,38686.9
广东,20090731,38889.9
广东,20090831,39091
广东,20090930,39221.6
广东,20091031,39561.5
广东,20091130,39649.3
广东,20091231,39683.6
广东,20100131,41289.3
广东,20100228,41893.6
广东,20100331,42306.8
广东,20100430,43256.9
广东,20100531,43994.3
广东,20100630,44218.9
广东,20100731,44824.2
广东,20100831,45326.8
广东,20100930,45880
广东,20101031,46557.9
广东,20101130,47016.8
广东,20101231,47191.6
广东,20110131,47079.6
广东,20110228,48552.4
广东,20110331,48815.4
广东,20110430,49526.3
广东,20110531,50120.2
广东,20110630,50627.4
广东,20110731,51136.5
广东,20110831,51712.5
广东,20110930,51916.4
广东,20111031,52459.6
广东,20111130,52829.8
广东,20111231,53411.8
广东,20120131,54152.3
广东,20120229,54681.5
广东,20120331,55462.7
广东,20120430,56181.4
广东,20120531,56835.1
广东,20120630,57536.4
广东,20120731,58168.6
广东,20120831,58831.8
广东,20120930,59016.6
广东,20121031,59326.4
广东,20121130,59725.7
广东,20121231,59967.3
广东,20130131,61167.7
广东,20130228,61620.1
广东,20130331,62591.6
广东,20130430,63278.4
广东,20130531,63940.2
广东,20130630,64787.4
广东,20130731,65464.5
广东,20130831,66297.4
广东,20130930,66917.3
广东,20131031,67418.1
广东,20131130,68169
广东,20131231,68491.9
广东,20140131,70047.05
广东,20140228,70563.06
广东,20140331,71418.66
广东,20140430,72205.17
广东,20140531,72928.45
广东,20140630,73798.72
广东,20140731,74346.39
广东,20140831,75070.7
广东,20140930,75862.25
广东,20141031,76463.96
广东,20141130,77239.46
广东,20141231,77889.5
广东,20150131,79490.09
广东,20150228,80444.49
广东,20150331,81258.21
广东,20150430,81972.86
广东,20150531,83005.93
广东,20150630,84112.64
广东,20150731,85242.74
广东,20150831,86646.36
广东,20150930,86998.54
广东,20151031,87754.6
广东,20151130,88841.15
广东,20151231,89289.27
广东,20160131,92049.55
广东,20160229,92796.76
广东,20160331,94479.44
广东,20160430,95180.47
广东,20160531,96273.55
广东,20160630,97712.98
广东,20160731,98400.65
广东,20160831,99550.71
广东,20160930,101193
广东,20161031,102200.76
广东,20161130,103044.05
广东,20161231,103649.79
广东,20170131,106475.17
广东,20170228,107436.01
广东,20170331,108531.49
广东,20170430,109537.24
广东,20170531,110648.17
广东,20170630,112188.44
广东,20170731,113401.95
广东,20170831,114872.4
广东,20170930,116313.51
广东,20171031,117307.49
广东,20171130,118474.25
广东,20171231,118978.62
广东,20180131,122423.98
广东,20180228,123283.4
广东,20180331,124548.78
广东,20180430,125472.99
广东,20180531,126796.89
广东,20180630,129547.06
广东,20180731,131592.92
广东,20180831,133662.76
广东,20180930,135129.97
广东,20181031,136311.19
广东,20181130,138130.26
广东,20181231,139100.04
广东,20190131,144990.62
广东,20190228,145430.06
广东,20190331,147548.85
广东,20190430,148773.02
广东,20190531,150535.44
广东,20190630,152962.75
广东,20190731,154128.09
广东,20190831,155724.21
广东,20190930,157733.52
广东,20191031,158582.51
广东,20191130,160206.95
广东,20191231,162378.43
广东,20200131,166837.64
广东,20200229,167768.72
广东,20200331,172300.38
广东,20200430,174536.24
广东,20200531,176671.67
广东,20200630,179275.64
广东,20200731,180887.63
广东,20200831,182658.95
广东,20200930,184916.24
广东,20201031,186178.86
广东,20201130,187781.87
广东,20201231,189802.41
广东,20210131,194951.28
广东,20210228,196924.39
广东,20210331,200439.41
广东,20210430,201777.83
广东,20210531,203375.38
广东,20210630,206172.48
广东,20210731,207192.91
广东,20210831,208821.37
广东,20210930,210877.36
广东,20211031,211709.01
广东,20211130,213566.23
广东,20211231,215784.19
广东,20220131,221004.69
广东,20220228,221672.5
广东,20220331,224779.86
广东,20220430,225816.74
广东,20220531,228151.81
广东,20220630,231537.76
广东,20220731,231585.86
广东,20220831,233109.13
广东,20220930,235828.98
广东,20221031,235877.51
广东,20221130,237509.21
广东,20221231,239605.98
广东,20230131,247292.06
广东,20230228,249765.01
广东,20230331,254713.12
广东,20230430,254797.94
广东,20230531,256097.91
广东,20230630,259752.52
广东,20230731,258711.77
广东,20230831,259916.47
广东,20230930,262978.23
广东,20231031,263044.88
广东,20231130,264188.01
广东,20231231,265275.42
广东,20240131,270904.26
广东,20240229,271327.07
广东,20240331,275246.55
广东,20240430,274549.33
广东,20240531,275184.31
广东,20240630,276591.16
广东,20240731,276111.02
广东,20240831,276619.05
广东,20240930,278030.97
广东,20241031,278045.49
广东,20241130,278713.86
广东,20241231,279297.45
广西,20090131,5230.3
广西,20090228,5496
广西,20090331,6053.4
广西,20090430,6463
广西,20090531,6539.4
广西,20090630,6741.2
广西,20090731,6802.5
广西,20090831,6949.9
广西,20090930,7038.2
广西,20091031,7063.5
广西,20091130,7184.6
广西,20091231,7268.4
广西,20100131,7559.5
广西,20100228,7697.3
广西,20100331,7832.3
广西,20100430,7979.2
广西,20100531,8096.3
广西,20100630,8221.3
广西,20100731,8285.1
广西,20100831,8375
广西,20100930,8511.5
广西,20101031,8616.3
广西,20101130,8730.4
广西,20101231,8867.5
广西,20110131,9046.9
广西,20110228,9210.3
广西,20110331,9381.3
广西,20110430,9505.4
广西,20110531,9635.4
广西,20110630,9758.2
广西,20110731,9835.1
广西,20110831,9949.4
广西,20110930,10055.5
广西,20111031,10150
广西,20111130,10275.5
广西,20111231,10408.5
广西,20120131,10593.1
广西,20120229,10732.8
广西,20120331,10944.8
广西,20120430,11089.7
广西,20120531,11228.6
广西,20120630,11376.9
广西,20120731,11471.9
广西,20120831,11595.7
广西,20120930,11717.3
广西,20121031,11828.5
广西,20121130,11857.9
广西,20121231,11941.4
广西,20130131,12143.8
广西,20130228,12305.7
广西,20130331,12522
广西,20130430,12697.2
广西,20130531,12826.3
广西,20130630,12951.4
广西,20130731,13082.5
广西,20130831,13199.2
广西,20130930,13339.4
广西,20131031,13448
广西,20131130,13574.3
广西,20131231,13653.4
广西,20140131,13884.63
广西,20140228,14039.64
广西,20140331,14265.88
广西,20140430,14447.62
广西,20140531,14650.36
广西,20140630,14889.23
广西,20140731,15027.26
广西,20140831,15219.53
广西,20140930,15319.82
广西,20141031,15428.36
广西,20141130,15500.41
广西,20141231,15585.46
广西,20150131,15881.72
广西,20150228,16129.44
广西,20150331,16431.84
广西,20150430,16553.53
广西,20150531,16620.27
广西,20150630,16820.68
广西,20150731,16971.4
广西,20150831,17136.14
广西,20150930,17306.51
广西,20151031,17427.71
广西,20151130,17551.26
广西,20151231,17656.76
广西,20160131,18038.16
广西,20160229,18191.89
广西,20160331,18528.28
广西,20160430,18487.57
广西,20160531,18675.99
广西,20160630,19054.87
广西,20160731,19209.49
广西,20160831,19446.78
广西,20160930,19666.27
广西,20161031,19714.06
广西,20161130,19868.89
广西,20161231,20175.77
广西,20170131,20605.33
广西,20170228,20857.58
广西,20170331,21067.77
广西,20170430,21246
广西,20170531,21419.21
广西,20170630,21686.95
广西,20170731,21884.71
广西,20170831,22109.91
广西,20170930,22247.51
广西,20171031,22377.49
广西,20171130,22576.96
广西,20171231,22781.81
广西,20180131,23226.66
广西,20180228,23552
广西,20180331,23791
广西,20180430,23969.5
广西,20180531,24192.28
广西,20180630,24586.43
广西,20180731,24752.12
广西,20180831,24992.79
广西,20180930,25409.43
广西,20181031,25606.23
广西,20181130,25990.87
广西,20181231,26143.38
广西,20190131,26899.66
广西,20190228,27112.82
广西,20190331,27538.49
广西,20190430,27735.08
广西,20190531,28021.06
广西,20190630,28408.94
广西,20190731,28606.05
广西,20190831,28827.58
广西,20190930,29171.23
广西,20191031,29295.33
广西,20191130,29668.52
广西,20191231,29988.52
广西,20200131,30660.01
广西,20200229,31010.23
广西,20200331,31619.19
广西,20200430,32047.87
广西,20200531,32468.71
广西,20200630,33026.26
广西,20200731,33277.63
广西,20200831,33562.29
广西,20200930,33936.45
广西,20201031,34112.66
广西,20201130,34498.24
广西,20201231,34738.99
广西,20210131,35377.68
广西,20210228,35899.52
广西,20210331,36526.27
广西,20210430,36874.81
广西,20210531,37266.79
广西,20210630,37782.95
广西,20210731,38015.95
广西,20210831,38286.78
广西,20210930,38729.66
广西,20211031,38992.63
广西,20211130,39087.13
广西,20211231,39325.29
广西,20220131,40243.33
广西,20220228,40511.09
广西,20220331,41169.09
广西,20220430,41352.89
广西,20220531,41703.22
广西,20220630,42283.01
广西,20220731,42516.81
广西,20220831,42799
广西,20220930,43486.54
广西,20221031,43646.05
广西,20221130,43896.2
广西,20221231,44197.23
广西,20230131,45347.76
广西,20230228,45730.17
广西,20230331,46551.74
广西,20230430,46823.52
广西,20230531,47045.07
广西,20230630,47740.81
广西,20230731,47939.42
广西,20230831,48263.93
广西,20230930,48600.78
广西,20231031,48936.07
广西,20231130,49146.47
广西,20231231,49388.57
广西,20240131,50222.92
广西,20240229,50581.38
广西,20240331,51164.76
广西,20240430,51281.7
广西,20240531,51665.68
广西,20240630,52243.43
广西,20240731,52356.93
广西,20240831,52602.32
广西,20240930,53069.33
广西,20241031,53205.87
广西,20241130,53487.94
广西,20241231,53721.18
海南,20090131,1234.9
海南,20090228,1273.8
海南,20090331,1307.1
海南,20090430,1382.6
海南,20090531,1448.6
海南,20090630,1502.1
海南,20090731,1601.1
海南,20090831,1615.5
海南,20090930,1616.8
海南,20091031,1626.1
海南,20091130,1654.6
海南,20091231,1731.1
海南,20100131,1751.5
海南,20100228,1849.6
海南,20100331,1913.1
海南,20100430,1971.2
海南,20100531,2010.9
海南,20100630,2053.4
海南,20100731,2098.4
海南,20100831,2138
海南,20100930,2177.6
海南,20101031,2215.2
海南,20101130,2235.6
海南,20101231,2265.4
海南,20110131,2324.5
海南,20110228,2374.6
海南,20110331,2409.8
海南,20110430,2442.4
海南,20110531,2481.5
海南,20110630,2553.7
海南,20110731,2584.6
海南,20110831,2623.8
海南,20110930,2669.1
海南,20111031,2678.6
海南,20111130,2724
海南,20111231,2797.7
海南,20120131,2849.9
海南,20120229,2875.9
海南,20120331,2929.3
海南,20120430,2949.5
海南,20120531,3001.8
海南,20120630,3093.6
海南,20120731,3110.3
海南,20120831,3150.7
海南,20120930,3191.1
海南,20121031,3237.7
海南,20121130,3313.7
海南,20121231,3390.7
海南,20130131,3437.7
海南,20130228,3463.9
海南,20130331,3526.9
海南,20130430,3560.3
海南,20130531,3598.1
海南,20130630,3656.5
海南,20130731,3688.4
海南,20130831,3733.8
海南,20130930,3827.1
海南,20131031,3866.9
海南,20131130,3905.8
海南,20131231,3988.8
海南,20140131,4074.98
海南,20140228,4118.83
海南,20140331,4164.48
海南,20140430,4226.95
海南,20140531,4287.26
海南,20140630,4352.39
海南,20140731,4403.28
海南,20140831,4429.29
海南,20140930,4485.28
海南,20141031,4503.06
海南,20141130,4613.76
海南,20141231,4684.32
海南,20150131,4773.35
海南,20150228,4840.63
海南,20150331,5004.71
海南,20150430,5049.41
海南,20150531,5155.25
海南,20150630,5254.07
海南,20150731,5238.08
海南,20150831,5278.33
海南,20150930,5425.7
海南,20151031,5548.65
海南,20151130,5694.5
海南,20151231,5689.04
海南,20160131,5938.38
海南,20160229,5952.59
海南,20160331,6171.56
海南,20160531,6073.03
海南,20160630,6211.06
海南,20160731,6334.91
海南,20160831,6437.88
海南,20160930,6455.02
海南,20161031,6619.15
海南,20161130,6491.58
海南,20161231,6579.49
海南,20170131,6717.37
海南,20170228,6822.88
海南,20170331,6919.43
海南,20170430,6916.95
海南,20170531,6978.85
海南,20170630,7058.92
海南,20170731,7111.48
海南,20170831,7021.46
海南,20170930,7129
海南,20171031,7197.83
海南,20171130,7296.05
海南,20171231,7376.55
海南,20180131,7507.09
海南,20180228,7567.42
海南,20180331,7636.29
海南,20180430,7523.53
海南,20180531,7534.57
海南,20180630,7642.92
海南,20180731,7663.51
海南,20180831,7713.56
海南,20180930,7795.65
海南,20181031,7808.2
海南,20181130,7882.22
海南,20181231,7870.6
海南,20190131,8120.53
海南,20190228,8106.15
海南,20190331,8235.12
海南,20190430,8238.27
海南,20190531,8260.85
海南,20190630,8358.63
海南,20190731,8376.23
海南,20190831,8441.57
海南,20190930,9380.25
海南,20191031,8470.05
海南,20191130,8508.6
海南,20191231,8596.37
海南,20200131,8740.25
海南,20200229,8740.87
海南,20200331,8915.04
海南,20200430,8981.54
海南,20200531,8958.55
海南,20200630,9067.88
海南,20200731,9087.53
海南,20200831,9153.9
海南,20200930,9210.52
海南,20201031,9171.92
海南,20201130,9180.2
海南,20201231,9230.18
海南,20210131,9349.86
海南,20210228,9392.12
海南,20210331,9425.98
海南,20210430,9423.48
海南,20210531,9440.38
海南,20210630,9571.7
海南,20210731,9617.61
海南,20210831,9727.11
海南,20210930,9790.5
海南,20211031,9845.58
海南,20211130,9891.65
海南,20211231,9926.01
海南,20220131,10047.62
海南,20220228,10027.58
海南,20220331,10156.24
海南,20220430,10161.66
海南,20220531,10176.56
海南,20220630,10178.57
海南,20220731,10210.71
海南,20220831,10150.28
海南,20220930,10278.71
海南,20221031,10300.65
海南,20221130,10368.56
海南,20221231,10506.18
海南,20230131,10618.82
海南,20230228,10671.26
海南,20230331,10891.16
海南,20230430,10894.17
海南,20230531,11025.82
海南,20230630,11119.2
海南,20230731,11113.93
海南,20230831,11197.44
海南,20230930,11221.18
海南,20231031,11268.21
海南,20231130,11372.03
海南,20231231,11443.35
海南,20240131,11618.22
海南,20240229,11618.57
海南,20240331,11694.05
海南,20240430,11709.66
海南,20240531,11763.7
海南,20240630,11907.23
海南,20240731,11927.3
海南,20240831,11991.16
海南,20240930,12167.23
海南,20241031,12162.1
海南,20241130,12260.51
海南,20241231,12264.41
重庆,20090131,6579
重庆,20090228,6765.9
重庆,20090331,7259.6
重庆,20090430,7553.2
重庆,20090531,7818.9
重庆,20090630,8194.3
重庆,20090731,8322.9
重庆,20090831,8461.1
重庆,20090930,8583
重庆,20091031,8595.2
重庆,20091130,8659.8
重庆,20091231,8766.1
重庆,20100131,9143
重庆,20100228,9351.3
重庆,20100331,9385.1
重庆,20100430,9551.7
重庆,20100531,9744.7
重庆,20100630,9896
重庆,20100731,10032.9
重庆,20100831,10168.2
重庆,20100930,10304.4
重庆,20101031,10468.4
重庆,20101130,10712.5
重庆,20101231,10888.2
重庆,20110131,11158.8
重庆,20110228,11355.5
重庆,20110331,11587
重庆,20110430,11865.3
重庆,20110531,12131
重庆,20110630,12339.4
重庆,20110731,12448.4
重庆,20110831,12641.4
重庆,20110930,12703
重庆,20111031,12792.9
重庆,20111130,12941.2
重庆,20111231,13001.4
重庆,20120131,13185.3
重庆,20120229,13417.6
重庆,20120331,13692
重庆,20120430,13890.3
重庆,20120531,14105.4
重庆,20120630,14305.9
重庆,20120731,14441
重庆,20120831,14644
重庆,20120930,14862.8
重庆,20121031,14976.7
重庆,20121130,15038.2
重庆,20121231,15131.2
重庆,20130131,15437.7
重庆,20130228,15642.3
重庆,20130331,15865.9
重庆,20130430,16141.8
重庆,20130531,16285.4
重庆,20130630,16499.3
重庆,20130731,16629.8
重庆,20130831,16845.9
重庆,20130930,16965
重庆,20131031,17076.4
重庆,20131130,17174.8
重庆,20131231,17381.6
重庆,20140131,17666
重庆,20140228,17867.53
重庆,20140331,18164.85
重庆,20140430,18302.67
重庆,20140531,18540.66
重庆,20140630,18847.9
重庆,20140731,18971.74
重庆,20140831,19207.75
重庆,20140930,19517.73
重庆,20141031,19666.61
重庆,20141130,19904.48
重庆,20141231,20011.5
重庆,20150131,20313.5
重庆,20150228,20562.71
重庆,20150331,20868.8
重庆,20150430,21151.7
重庆,20150531,21336.1
重庆,20150630,21647.21
重庆,20150731,21930.59
重庆,20150831,22179.66
重庆,20150930,22318.8
重庆,20151031,22374.29
重庆,20151130,22385.57
重庆,20151231,22393.93
重庆,20160131,22930.99
重庆,20160229,23011
重庆,20160331,23303.08
重庆,20160430,23389.77
重庆,20160531,23478.89
重庆,20160630,23998.12
重庆,20160731,23893.08
重庆,20160831,24062.2
重庆,20160930,24331.48
重庆,20161031,24410.34
重庆,20161130,24548.39
重庆,20161231,24785.19
重庆,20170131,25150.48
重庆,20170228,25480.97
重庆,20170331,25804.75
重庆,20170430,26092.43
重庆,20170531,26389.6
重庆,20170630,26719.39
重庆,20170731,26927.08
重庆,20170831,27101.53
重庆,20170930,27403.4
重庆,20171031,27484.44
重庆,20171130,27829.8
重庆,20171231,27871.89
重庆,20180131,28408.18
重庆,20180228,28614.26
重庆,20180331,28953.68
重庆,20180430,29239.81
重庆,20180531,29481.04
重庆,20180630,29957.14
重庆,20180731,30272.72
重庆,20180831,30631.82
重庆,20180930,30936.28
重庆,20181031,30990.77
重庆,20181130,31392.34
重庆,20181231,31425.87
重庆,20190131,32387.88
重庆,20190228,32731.15
重庆,20190331,33183.69
重庆,20190430,33465.61
重庆,20190531,33827.28
重庆,20190630,34308.63
重庆,20190731,34520.69
重庆,20190831,34884.54
重庆,20190930,35277.57
重庆,20191031,35598.07
重庆,20191130,36064.96
重庆,20191231,36233.2
重庆,20200131,36935.41
重庆,20200229,37074.25
重庆,20200331,37683.67
重庆,20200430,38115.02
重庆,20200531,38547.68
重庆,20200630,38823.57
重庆,20200731,39080.97
重庆,20200831,39530.41
重庆,20200930,39972.27
重庆,20201031,40209.55
重庆,20201130,40500.94
重庆,20201231,40960.64
重庆,20210131,41704.64
重庆,20210228,42156.11
重庆,20210331,42841.39
重庆,20210430,43244.84
重庆,20210531,43633.09
重庆,20210630,44410.48
重庆,20210731,44564.74
重庆,20210831,44975.6
重庆,20210930,45457.74
重庆,20211031,45482.84
重庆,20211130,45844.08
重庆,20211231,46043.22
重庆,20220131,46764.63
重庆,20220228,46929.08
重庆,20220331,47462.75
重庆,20220430,47499.42
重庆,20220531,47737.22
重庆,20220630,48355.65
重庆,20220731,48413.04
重庆,20220831,48603.94
重庆,20220930,49017.65
重庆,20221031,48973.66
重庆,20221130,49153.09
重庆,20221231,49365.86
重庆,20230131,51767.83
重庆,20230228,52116.5
重庆,20230331,52944.93
重庆,20230430,52963.18
重庆,20230531,53438.43
重庆,20230630,54139.8
重庆,20230731,54151.75
重庆,20230831,54519.81
重庆,20230930,54923.53
重庆,20231031,55040.76
重庆,20231130,55377
重庆,20231231,55909.32
重庆,20240131,56514.78
重庆,20240229,56370.01
重庆,20240331,56776.48
重庆,20240430,56778.04
重庆,20240531,57098.28
重庆,20240630,57660.11
重庆,20240731,57850.74
重庆,20240831,58108.87
重庆,20240930,58678.99
重庆,20241031,58943.43
重庆,20241130,59201.53
重庆,20241231,59559.73
四川,20090131,11941.7
四川,20090228,12385.9
四川,20090331,13054.2
四川,20090430,13479.3
四川,20090531,13742.3
四川,20090630,14497.4
四川,20090731,14708.6
四川,20090831,14993.8
四川,20090930,15392.5
四川,20091031,15518.8
四川,20091130,15686
四川,20091231,15979.4
四川,20100131,16621.5
四川,20100228,16983
四川,20100331,17124.3
四川,20100430,17414.9
四川,20100531,17723.7
四川,20100630,18068.4
四川,20100731,18311.8
四川,20100831,18528.9
四川,20100930,18835.3
四川,20101031,19074.4
四川,20101130,19271.2
四川,20101231,19485.7
四川,20110131,19848.4
四川,20110228,20076.1
四川,20110331,20266.9
四川,20110430,20547.7
四川,20110531,20788.8
四川,20110630,21110.2
四川,20110731,21318.3
四川,20110831,21585.9
四川,20110930,21760.4
四川,20111031,22014.3
四川,20111130,22217.1
四川,20111231,22514.2
四川,20120131,22793.2
四川,20120229,23111.8
四川,20120331,23524.9
四川,20120430,23810.1
四川,20120531,24229.5
四川,20120630,24594.7
四川,20120731,24898.8
四川,20120831,25170.8
四川,20120930,25452
四川,20121031,25732.7
四川,20121130,26006.6
四川,20121231,26163.3
四川,20130131,26638
四川,20130228,26931
四川,20130331,27427
四川,20130430,27956
四川,20130531,28357
四川,20130630,28666
四川,20130731,28952
四川,20130831,29249
四川,20130930,29621
四川,20131031,29879
四川,20131130,30105
四川,20131231,30298.85
四川,20140131,30914.1
四川,20140228,31308.88
四川,20140331,31817.43
四川,20140430,32153.29
四川,20140531,32551.9
四川,20140630,33141.56
四川,20140731,33340.44
四川,20140831,33635.04
四川,20140930,33938.62
四川,20141031,34126.14
四川,20141130,34568.32
四川,20141231,34750.72
四川,20150131,35223.76
四川,20150228,35703.42
四川,20150331,36111.55
四川,20150430,36398.91
四川,20150531,36723.74
四川,20150630,37201.97
四川,20150731,37474.21
四川,20150831,37715.84
四川,20150930,38158.79
四川,20151031,38380.74
四川,20151130,38623.14
四川,20151231,38703.99
四川,20160131,39411.94
四川,20160229,39723.3
四川,20160331,40248.13
四川,20160430,40584.19
四川,20160531,40885.95
四川,20160630,41480.69
四川,20160731,41778.66
四川,20160831,42125
四川,20160930,42669.1
四川,20161031,42891.06
四川,20161130,43244.49
四川,20161231,43543.01
四川,20170131,44420.79
四川,20170228,44925.36
四川,20170331,45190.2
四川,20170430,45684.43
四川,20170531,46274.71
四川,20170630,46864.26
四川,20170731,47292.14
四川,20170831,47675.26
四川,20170930,48250.45
四川,20171031,48516.69
四川,20171130,48891.22
四川,20171231,49144.09
四川,20180131,50080.73
四川,20180228,50477.93
四川,20180331,51044.17
四川,20180430,51591.86
四川,20180531,52085.87
四川,20180630,52864.93
四川,20180731,53399.2
四川,20180831,53924.42
四川,20180930,54339.51
四川,20181031,54613.38
四川,20181130,55069.43
四川,20181231,55390.86
四川,20190131,57000.93
四川,20190228,57432.79
四川,20190331,58337.15
四川,20190430,58818.82
四川,20190531,59273.15
四川,20190630,59730.38
四川,20190731,60201.38
四川,20190831,60795.48
四川,20190930,61574.28
四川,20191031,61827.91
四川,20191130,62380.56
四川,20191231,62493.76
四川,20200131,63779.48
四川,20200229,63998.95
四川,20200331,65434.51
四川,20200430,66121.07
四川,20200531,66733.94
四川,20200630,67598.78
四川,20200731,68124.39
四川,20200831,68828.68
四川,20200930,69641.89
四川,20201031,70012.62
四川,20201130,70598.72
四川,20201231,71025.99
四川,20210131,72575.6
四川,20210228,73223.58
四川,20210331,74579.77
四川,20210430,75105.35
四川,20210531,75798.47
四川,20210630,76999.68
四川,20210731,77304.81
四川,20210831,77655.76
四川,20210930,78489.39
四川,20211031,78910.47
四川,20211130,79674.56
四川,20211231,80340.43
四川,20220131,82394.21
四川,20220228,83180.49
四川,20220331,84903.27
四川,20220430,85664.9
四川,20220531,86719.31
四川,20220630,88337.2
四川,20220731,89005.59
四川,20220831,89609.78
四川,20220930,90605.85
四川,20221031,91223.57
四川,20221130,91977.76
四川,20221231,92239.23
四川,20230131,95304.85
四川,20230228,96458.77
四川,20230331,98550.25
四川,20230430,99216.62
四川,20230531,99983.57
四川,20230630,101576.81
四川,20230731,101920.93
四川,20230831,102519.92
四川,20230930,103716.67
四川,20231031,104406.39
四川,20231130,105069.7
四川,20231231,105790.59
四川,20240131,108760.51
四川,20240229,109735.59
四川,20240331,111339.89
四川,20240430,111843.18
四川,20240531,112186.45
四川,20240630,113516.54
四川,20240731,113796.34
四川,20240831,114302.86
四川,20240930,115317.92
四川,20241031,115796.47
四川,20241130,116734.01
四川,20241231,117585.39
贵州,20090131,3721.1
贵州,20090228,3813
贵州,20090331,3946.5
贵州,20090430,4059.3
贵州,20090531,4059.5
贵州,20090630,4250.5
贵州,20090731,4300.3
贵州,20090831,4385.9
贵州,20090930,4522
贵州,20091031,4593.8
贵州,20091130,4645.5
贵州,20091231,4656.5
贵州,20100131,4782.6
贵州,20100228,4874.4
贵州,20100331,4977.7
贵州,20100430,5081.1
贵州,20100531,5180.7
贵州,20100630,5267.9
贵州,20100731,5345.8
贵州,20100831,5418.2
贵州,20100930,5494.9
贵州,20101031,5568.7
贵州,20101130,5651
贵州,20101231,5747.5
贵州,20110131,5879.1
贵州,20110228,5964.5
贵州,20110331,6055.4
贵州,20110430,6176.3
贵州,20110531,6231.6
贵州,20110630,6312.6
贵州,20110731,6411.7
贵州,20110831,6527.6
贵州,20110930,6577
贵州,20111031,6684.7
贵州,20111130,6765.6
贵州,20111231,6841.9
贵州,20120131,6973
贵州,20120229,7089.7
贵州,20120331,7235.5
贵州,20120430,7355
贵州,20120531,7548.6
贵州,20120630,7675.7
贵州,20120731,7796.6
贵州,20120831,7929.4
贵州,20120930,8059.7
贵州,20121031,8201.5
贵州,20121130,8222.8
贵州,20121231,8274.8
贵州,20130131,8473.9
贵州,20130228,8586
贵州,20130331,8782.6
贵州,20130430,8980.7
贵州,20130531,9137.3
贵州,20130630,9297
贵州,20130731,9449
贵州,20130831,9627.6
贵州,20130930,9838.6
贵州,20131031,9984
贵州,20131130,10067.2
贵州,20131231,10104.3
贵州,20140131,10341.64
贵州,20140228,10493.37
贵州,20140331,10695.83
贵州,20140430,10941.66
贵州,20140531,11146.79
贵州,20140630,11432.57
贵州,20140731,11576.73
贵州,20140831,11750.89
贵州,20140930,11935.52
贵州,20141031,12135.72
贵州,20141130,12314.7
贵州,20141231,12368.3
贵州,20150131,12665.12
贵州,20150228,12986.82
贵州,20150331,13225.05
贵州,20150430,13487.76
贵州,20150531,13698.43
贵州,20150630,13979.92
贵州,20150731,14177.63
贵州,20150831,14323.02
贵州,20150930,14589.07
贵州,20151031,14804.38
贵州,20151130,14990.64
贵州,20151231,15051.94
贵州,20160131,15492.04
贵州,20160229,15648.43
贵州,20160331,16019.84
贵州,20160430,15870.11
贵州,20160531,16085.29
贵州,20160630,16421.92
贵州,20160731,16567.02
贵州,20160831,16872.64
贵州,20160930,17182.11
贵州,20161031,17372.2
贵州,20161130,17671.21
贵州,20161231,17857.8
贵州,20170131,18552.07
贵州,20170228,18678.31
贵州,20170331,18952.58
贵州,20170430,19172.82
贵州,20170531,19025.32
贵州,20170630,19284.87
贵州,20170731,19521.53
贵州,20170831,19774.75
贵州,20170930,20132.95
贵州,20171031,20282
贵州,20171130,20771.64
贵州,20171231,20860.34
贵州,20180131,21340.93
贵州,20180228,21688.17
贵州,20180331,21919.45
贵州,20180430,22188.89
贵州,20180531,22589.03
贵州,20180630,22894.37
贵州,20180731,23191.76
贵州,20180831,23612.5
贵州,20180930,23928.55
贵州,20181031,24137.26
贵州,20181130,24609.57
贵州,20181231,24715.05
贵州,20190131,25590.38
贵州,20190228,25911.19
贵州,20190331,26305.31
贵州,20190430,26514.07
贵州,20190531,26803.49
贵州,20190630,26935.38
贵州,20190731,27248.68
贵州,20190831,27563.44
贵州,20190930,27895.93
贵州,20191031,28091.71
贵州,20191130,28333.59
贵州,20191231,28448.73
贵州,20200131,29261.9
贵州,20200229,29326.45
贵州,20200331,29799.24
贵州,20200430,30142
贵州,20200531,30511.52
贵州,20200630,30876.46
贵州,20200731,31134.6
贵州,20200831,31393.88
贵州,20200930,31659.93
贵州,20201031,31756.65
贵州,20201130,32185.77
贵州,20201231,32235.75
贵州,20210131,32930.07
贵州,20210228,33232.74
贵州,20210331,33727.92
贵州,20210430,33980.18
贵州,20210531,34191.96
贵州,20210630,34689.25
贵州,20210731,34832.41
贵州,20210831,35085.69
贵州,20210930,35300.62
贵州,20211031,35411.25
贵州,20211130,35701.41
贵州,20211231,35829.38
贵州,20220131,36525.87
贵州,20220228,36712.54
贵州,20220331,37311.12
贵州,20220430,37430.09
贵州,20220531,37750
贵州,20220630,38484.5
贵州,20220731,38741.44
贵州,20220831,39029.06
贵州,20220930,39489.47
贵州,20221031,39600.59
贵州,20221130,39876.98
贵州,20221231,40223.09
贵州,20230131,41218.83
贵州,20230228,41565.01
贵州,20230331,42238.45
贵州,20230430,42557.81
贵州,20230531,42757.45
贵州,20230630,43236.01
贵州,20230731,43415.06
贵州,20230831,43818.95
贵州,20230930,44277.12
贵州,20231031,44524.64
贵州,20231130,44814.05
贵州,20231231,45063.45
贵州,20240131,45824.39
贵州,20240229,45934.56
贵州,20240331,46449.95
贵州,20240430,46681.61
贵州,20240531,46992.05
贵州,20240630,47251.18
贵州,20240731,47331.36
贵州,20240831,47753
贵州,20240930,48111.27
贵州,20241031,48264.29
贵州,20241130,48620.55
贵州,20241231,48446.42
云南,20090131,6777.1
云南,20090228,6897.8
云南,20090331,7398.3
云南,20090430,7496.1
云南,20090531,7617.8
云南,20090630,8073.7
云南,20090731,8192.1
云南,20090831,8396
云南,20090930,8530.6
云南,20091031,8619.4
云南,20091130,8628.6
云南,20091231,8779.6
云南,20100131,9074.1
云南,20100228,9249.3
云南,20100331,9321.9
云南,20100430,9514.3
云南,20100531,9702.9
云南,20100630,9798.5
云南,20100731,10011.9
云南,20100831,10102.7
云南,20100930,10215.7
云南,20101031,10278.1
云南,20101130,10469.8
云南,20101231,10568.8
云南,20110131,10794
云南,20110228,10920
云南,20110331,11088
云南,20110430,11234
云南,20110531,11302
云南,20110630,11469
云南,20110731,11524
云南,20110831,11625
云南,20110930,11699
云南,20111031,11798
云南,20111130,11955
云南,20111231,12115
云南,20120131,12329
云南,20120229,12475.7
云南,20120331,12642.4
云南,20120430,12819.1
云南,20120531,13009.3
云南,20120630,13186.6
云南,20120731,13274
云南,20120831,13404.9
云南,20120930,13516.4
云南,20121031,13600.2
云南,20121130,13740.4
云南,20121231,13869.8
云南,20130131,14092.9
云南,20130228,14293.3
云南,20130331,14565.4
云南,20130430,14667.9
云南,20130531,14793.7
云南,20130630,14956.2
云南,20130731,15110.1
云南,20130831,15260.8
云南,20130930,15465
云南,20131031,15578.9
云南,20131130,15698.3
云南,20131231,15812.2
云南,20140131,16032.82
云南,20140228,16216.31
云南,20140331,16406.96
云南,20140430,16561.36
云南,20140531,16702.47
云南,20140630,16965.16
云南,20140731,17043.14
云南,20140831,17235.57
云南,20140930,17412.64
云南,20141031,17531.32
云南,20141130,17853.59
云南,20141231,18010.9
云南,20150131,18611.05
云南,20150228,18840.83
云南,20150331,19100.07
云南,20150430,19294.18
云南,20150531,19454.22
云南,20150630,19813.81
云南,20150731,19785.86
云南,20150831,20021.18
云南,20150930,20247.13
云南,20151031,20411.84
云南,20151130,20602.5
云南,20151231,20879.1
云南,20160131,21262.85
云南,20160229,21353.56
云南,20160331,21486.19
云南,20160430,21750.18
云南,20160531,22001.06
云南,20160630,22232.31
云南,20160731,22382.7
云南,20160831,22433.6
云南,20160930,22674.15
云南,20161031,22862.66
云南,20161130,22790.53
云南,20161231,23089.29
云南,20170131,23329.65
云南,20170228,23540.52
云南,20170331,23806.52
云南,20170430,23987.12
云南,20170531,24209.48
云南,20170630,24589.37
云南,20170731,24757.04
云南,20170831,24764.1
云南,20170930,25014.09
云南,20171031,25142.23
云南,20171130,25320.74
云南,20171231,25440.47
云南,20180131,25810.83
云南,20180228,26019.46
云南,20180331,26114.15
云南,20180430,26335.31
云南,20180531,26475.77
云南,20180630,26734.01
云南,20180731,26996.73
云南,20180831,27125.12
云南,20180930,27269.11
云南,20181031,27447.34
云南,20181130,27939.03
云南,20181231,28085.3
云南,20190131,28758.33
云南,20190228,28886.59
云南,20190331,29236.06
云南,20190430,29359.11
云南,20190531,29590.57
云南,20190630,29886.48
云南,20190731,30018.42
云南,20190831,30283.43
云南,20190930,30641.33
云南,20191031,30668.92
云南,20191130,31047.08
云南,20191231,31201.01
云南,20200131,31672.66
云南,20200229,31921.21
云南,20200331,32378.97
云南,20200430,32676.82
云南,20200531,32986.08
云南,20200630,33256.99
云南,20200731,33555.46
云南,20200831,33799.16
云南,20200930,34078.68
云南,20201031,34264.3
云南,20201130,34659.49
云南,20201231,34717.96
云南,20210131,35211.31
云南,20210228,35448.83
云南,20210331,35982.96
云南,20210430,36273.07
云南,20210531,36502.1
云南,20210630,36896.58
云南,20210731,37091.29
云南,20210831,37423.18
云南,20210930,37936.71
云南,20211031,38213.76
云南,20211130,38462.68
云南,20211231,38646.5
云南,20220131,39024.9
云南,20220228,39186.25
云南,20220331,39674.73
云南,20220430,39841.87
云南,20220531,40152.91
云南,20220630,40641.11
云南,20220731,40764.39
云南,20220831,41030.65
云南,20220930,41602.16
云南,20221031,41619.63
云南,20221130,41963.3
云南,20221231,42338.62
云南,20230131,42830.27
云南,20230228,42969.97
云南,20230331,43640.1
云南,20230430,43854.57
云南,20230531,44046.22
云南,20230630,44399
云南,20230731,44495.46
云南,20230831,44647.84
云南,20230930,45109.33
云南,20231031,45051.56
云南,20231130,45284.74
云南,20231231,45632.18
云南,20240131,46209.43
云南,20240229,46358.99
云南,20240331,46846.54
云南,20240430,46887.58
云南,20240531,47039.84
云南,20240630,47313.81
云南,20240731,47285.87
云南,20240831,47421.86
云南,20240930,47788.97
云南,20241031,47833.33
云南,20241130,47978.28
云南,20241231,47965.95
西藏,20090131,215.1
西藏,20090228,217.4
西藏,20090331,228.9
西藏,20090430,226.7
西藏,20090531,226.1
西藏,20090630,236.2
西藏,20090731,235.7
西藏,20090831,236.3
西藏,20090930,239.3
西藏,20091031,237.6
西藏,20091130,245.5
西藏,20091231,248
西藏,20100131,248
西藏,20100228,250.6
西藏,20100331,258.3
西藏,20100430,258.1
西藏,20100531,257.1
西藏,20100630,268.8
西藏,20100731,270.1
西藏,20100831,269.5
西藏,20100930,279.5
西藏,20101031,280.1
西藏,20101130,295.3
西藏,20101231,301.5
西藏,20110131,307.1
西藏,20110228,315.6
西藏,20110331,313.2
西藏,20110430,317.3
西藏,20110531,324.9
西藏,20110630,334.7
西藏,20110731,334.4
西藏,20110831,350.4
西藏,20110930,363.4
西藏,20111031,370.2
西藏,20111130,384.2
西藏,20111231,408.8
西藏,20120131,446.3
西藏,20120229,452.3
西藏,20120331,459.9
西藏,20120430,508.2
西藏,20120531,522.8
西藏,20120630,614.7
西藏,20120731,641.2
西藏,20120831,651.5
西藏,20120930,668.7
西藏,20121031,663.6
西藏,20121130,657.3
西藏,20121231,663.8
西藏,20130131,713.82
西藏,20130228,723.49
西藏,20130331,742.82
西藏,20130430,772.92
西藏,20130531,789.12
西藏,20130630,802.42
西藏,20130731,847.79
西藏,20130831,917.97
西藏,20130930,976.45
西藏,20131031,1002.75
西藏,20131130,1031.04
西藏,20131231,1076.69
西藏,20140131,1150.13
西藏,20140228,1179.08
西藏,20140331,1208.37
西藏,20140430,1261.64
西藏,20140531,1323.95
西藏,20140630,1374.15
西藏,20140731,1411.93
西藏,20140831,1451.33
西藏,20140930,1487.09
西藏,20141031,1509.74
西藏,20141130,1567.6
西藏,20141231,1618.73
西藏,20150131,1684.27
西藏,20150228,1732.87
西藏,20150331,1797.87
西藏,20150430,1822.29
西藏,20150531,1860.97
西藏,20150630,1910.43
西藏,20150731,1899.6
西藏,20150831,1905.29
西藏,20150930,1944.61
西藏,20151031,1992.13
西藏,20151130,2053.88
西藏,20151231,2120.33
西藏,20160131,2148.5
西藏,20160229,2160.68
西藏,20160331,2218.09
西藏,20160430,2409.42
西藏,20160531,2419.16
西藏,20160630,2502.7
西藏,20160731,2765.93
西藏,20160831,2855.01
西藏,20160930,2905.33
西藏,20161031,2935.33
西藏,20161130,3010.76
西藏,20161231,3046
西藏,20170131,3152.55
西藏,20170228,3211
西藏,20170331,3312.92
西藏,20170430,3378.7
西藏,20170531,3435.12
西藏,20170630,3532.46
西藏,20170731,3571.56
西藏,20170831,3619.94
西藏,20170930,3792.9
西藏,20171031,3839.09
西藏,20171130,3897.94
西藏,20171231,4041.44
西藏,20180131,4261.82
西藏,20180228,4262.62
西藏,20180331,4312.93
西藏,20180430,4294.3
西藏,20180531,4355.91
西藏,20180630,4388.93
西藏,20180731,4371.69
西藏,20180831,4390.49
西藏,20180930,4414.12
西藏,20181031,4409.49
西藏,20181130,4403.21
西藏,20181231,4555.5
西藏,20190131,4570.63
西藏,20190228,4598.99
西藏,20190331,4645.89
西藏,20190430,4628.71
西藏,20190531,4630.51
西藏,20190630,4646.38
西藏,20190731,4644.18
西藏,20190831,4649.54
西藏,20190930,4728.59
西藏,20191031,4728.16
西藏,20191130,4706.45
西藏,20191231,4695.22
西藏,20200131,4716.61
西藏,20200229,4696.88
西藏,20200331,4823.16
西藏,20200430,4826.04
西藏,20200531,4825.29
西藏,20200630,4875.22
西藏,20200731,4871.25
西藏,20200831,4896.56
西藏,20200930,4966.01
西藏,20201031,4995.65
西藏,20201130,4958.64
西藏,20201231,4956.89
西藏,20210131,5010.2
西藏,20210228,5013.72
西藏,20210331,5067.51
西藏,20210430,5090.04
西藏,20210531,5070.68
西藏,20210630,5147.75
西藏,20210731,5175.04
西藏,20210831,5163.69
西藏,20210930,5197.35
西藏,20211031,5174.69
西藏,20211130,5136.35
西藏,20211231,5135.13
西藏,20220131,5240.81
西藏,20220228,5258.37
西藏,20220331,5249.67
西藏,20220430,5235.92
西藏,20220531,5263.93
西藏,20220630,5365.75
西藏,20220731,5365.43
西藏,20220831,5361.32
西藏,20220930,5381.92
西藏,20221031,5388.45
西藏,20221130,5372.37
西藏,20221231,5416.17
西藏,20230131,5459.32
西藏,20230228,5487.73
西藏,20230331,5619.03
西藏,20230430,5647.07
西藏,20230531,5710.16
西藏,20230630,5821.98
西藏,20230731,5843
西藏,20230831,5909.24
西藏,20230930,5957.49
西藏,20231031,5955.16
西藏,20231130,6034.17
西藏,20231231,6011.36
西藏,20240131,6190.56
西藏,20240229,6282.66
西藏,20240331,6380.58
西藏,20240430,6380.35
西藏,20240531,6455.7
西藏,20240630,6564.83
西藏,20240731,6605.29
西藏,20240831,6697.61
西藏,20240930,6781.28
西藏,20241031,6663.93
西藏,20241130,6259.3
西藏,20241231,6012.16
陕西,20090131,6412.4
陕西,20090228,6615.5
陕西,20090331,7030.5
陕西,20090430,7314.4
陕西,20090531,7449.6
陕西,20090630,7797.6
陕西,20090731,7902.6
陕西,20090831,7991.7
陕西,20090930,8117.9
陕西,20091031,8207.3
陕西,20091130,8240.2
陕西,20091231,8322.8
陕西,20100131,8574.8
陕西,20100228,8749.2
陕西,20100331,8878.8
陕西,20100430,9116.6
陕西,20100531,9265.5
陕西,20100630,9515.3
陕西,20100731,9603.1
陕西,20100831,9725.9
陕西,20100930,9790.6
陕西,20101031,9920.9
陕西,20101130,9980.5
陕西,20101231,10033.1
陕西,20110131,10214
陕西,20110228,10353.9
陕西,20110331,10528.3
陕西,20110430,10689.8
陕西,20110531,10814.6
陕西,20110630,11021
陕西,20110731,11126.6
陕西,20110831,11268.9
陕西,20110930,11396
陕西,20111031,11523
陕西,20111130,11719.8
陕西,20111231,11865.3
陕西,20120131,11986.9
陕西,20120229,12104.5
陕西,20120331,12392.5
陕西,20120430,12576.2
陕西,20120531,12769.9
陕西,20120630,13071
陕西,20120731,13211.6
陕西,20120831,13365.1
陕西,20120930,13556.9
陕西,20121031,13638.4
陕西,20121130,13805.3
陕西,20121231,13865.6
陕西,20130131,14158.6
陕西,20130228,14354.9
陕西,20130331,14654.8
陕西,20130430,14960.5
陕西,20130531,15115.8
陕西,20130630,15451.6
陕西,20130731,15635
陕西,20130831,15835.4
陕西,20130930,16031.6
陕西,20131031,16052.3
陕西,20131130,16200.5
陕西,20131231,16219.8
陕西,20140131,16623.84
陕西,20140228,16714.28
陕西,20140331,17006.23
陕西,20140430,17177.8
陕西,20140531,17442.48
陕西,20140630,17788.31
陕西,20140831,18044.76
陕西,20140930,18262.21
陕西,20141031,18414.84
陕西,20141130,18714.21
陕西,20141231,18837.2
陕西,20150131,19236.23
陕西,20150228,19477.23
陕西,20150331,19771.5
陕西,20150430,19929.4
陕西,20150531,20107.89
陕西,20150630,20665.91
陕西,20150731,20903.42
陕西,20150831,20952.14
陕西,20150930,21448.14
陕西,20151031,21471.37
陕西,20151130,21484.18
陕西,20151231,21760.61
陕西,20160131,22289.12
陕西,20160229,22441.41
陕西,20160331,22488.24
陕西,20160430,22598.87
陕西,20160531,22814.23
陕西,20160630,23190.69
陕西,20160731,23061.41
陕西,20160831,23030.94
陕西,20160930,23333.15
陕西,20161031,23488.37
陕西,20161130,23534.43
陕西,20161231,23921.75
陕西,20170131,24315.96
陕西,20170228,24507.86
陕西,20170331,24862.61
陕西,20170430,25095.45
陕西,20170531,25436.52
陕西,20170630,25890.7
陕西,20170731,26085.5
陕西,20170831,26256.9
陕西,20170930,26392.02
陕西,20171031,26486.98
陕西,20171130,26599.99
陕西,20171231,26679.06
陕西,20180131,27397.02
陕西,20180228,27604.77
陕西,20180331,28017.32
陕西,20180430,28380.42
陕西,20180531,28671.41
陕西,20180630,29019.61
陕西,20180731,29468.47
陕西,20180831,29658.53
陕西,20180930,30017.79
陕西,20181031,30093.9
陕西,20181130,30264.03
陕西,20181231,30513.81
陕西,20190131,31457.91
陕西,20190228,31513.52
陕西,20190331,32068.84
陕西,20190430,32191.01
陕西,20190531,32360.51
陕西,20190630,32751.28
陕西,20190731,32976.41
陕西,20190831,33274.23
陕西,20190930,33730.54
陕西,20191031,33860.95
陕西,20191130,33983.86
陕西,20191231,34113.19
陕西,20200131,34760.38
陕西,20200229,34852.99
陕西,20200331,35679.53
陕西,20200430,36148.58
陕西,20200531,36481.22
陕西,20200630,36991.52
陕西,20200731,37246.99
陕西,20200831,37629.62
陕西,20200930,38267.24
陕西,20201031,38468.33
陕西,20201130,38754.83
陕西,20201231,38905.47
陕西,20210131,39819.22
陕西,20210228,40113.35
陕西,20210331,40707.24
陕西,20210430,40929.05
陕西,20210531,41278.54
陕西,20210630,42145.53
陕西,20210731,42404.88
陕西,20210831,42716.74
陕西,20210930,43130.82
陕西,20211031,43307.8
陕西,20211130,43681
陕西,20211231,44053.75
陕西,20220131,44679.16
陕西,20220228,44908.19
陕西,20220331,45870.98
陕西,20220430,45717.37
陕西,20220531,46095.81
陕西,20220630,46893.59
陕西,20220731,47018.81
陕西,20220831,47386.76
陕西,20220930,47891.89
陕西,20221031,47995.94
陕西,20221130,48153.26
陕西,20221231,48631.59
陕西,20230131,49643.47
陕西,20230228,49932.24
陕西,20230331,51200.97
陕西,20230430,51406.38
陕西,20230531,51520.2
陕西,20230630,52238.4
陕西,20230731,52185.35
陕西,20230831,52511.1
陕西,20230930,53074.07
陕西,20231031,53154.51
陕西,20231130,53367.72
陕西,20231231,53719.9
陕西,20240131,54662.88
陕西,20240229,55039.14
陕西,20240331,55894.9
陕西,20240430,55889.82
陕西,20240531,55980.54
陕西,20240630,56678.46
陕西,20240731,56671.03
陕西,20240831,57016.42
陕西,20240930,57469.43
陕西,20241031,57627.63
陕西,20241130,57899.51
陕西,20241231,58004.19
甘肃,20090131,2809.86
甘肃,20090228,2895.7
甘肃,20090331,3089.8
甘肃,20090430,3112.07
甘肃,20090531,3194.85
甘肃,20090630,3319.7
甘肃,20090731,3317.19
甘肃,20090831,3421.59
甘肃,20090930,3468.1
甘肃,20091031,3513
甘肃,20091130,3597.3
甘肃,20091231,3739.9
甘肃,20100131,3835.6
甘肃,20100228,3945
甘肃,20100331,4010.3
甘肃,20100430,4061.2
甘肃,20100531,4147.8
甘肃,20100630,4315.8
甘肃,20100731,4356.1
甘肃,20100831,4421
甘肃,20100930,4492
甘肃,20101031,4578
甘肃,20101130,4616.2
甘肃,20101231,4576.7
甘肃,20110131,4691.3
甘肃,20110228,4784.7
甘肃,20110331,4909.1
甘肃,20110430,5013.4
甘肃,20110531,5142.4
甘肃,20110630,5192
甘肃,20110731,5323
甘肃,20110831,5349.1
甘肃,20110930,5422.2
甘肃,20111031,5515
甘肃,20111130,5573.3
甘肃,20111231,5736.2
甘肃,20120131,5856.4
甘肃,20120229,6009.3
甘肃,20120331,6104.9
甘肃,20120430,6248.3
甘肃,20120531,6398.7
甘肃,20120630,6572.4
甘肃,20120731,6581.7
甘肃,20120831,6670.4
甘肃,20120930,6805.8
甘肃,20121031,6956.5
甘肃,20121130,6987.3
甘肃,20121231,7196.6
甘肃,20130131,7309.5
甘肃,20130228,7452.5
甘肃,20130331,7653.9
甘肃,20130430,7816.4
甘肃,20130531,7913.8
甘肃,20130630,8050.18
甘肃,20130731,8216
甘肃,20130831,8401.4
甘肃,20130930,8545.6
甘肃,20131031,8682.6
甘肃,20131130,8756.2
甘肃,20131231,8822.2
甘肃,20140131,9069.35
甘肃,20140228,9221.37
甘肃,20140331,9366.36
甘肃,20140430,9543.84
甘肃,20140531,9744.35
甘肃,20140630,9958.44
甘肃,20140731,10114.22
甘肃,20140831,10330.88
甘肃,20140930,10585.09
甘肃,20141031,10814.13
甘肃,20141130,10962.18
甘肃,20141231,11075.78
甘肃,20150131,11331.67
甘肃,20150228,11541.08
甘肃,20150331,11836.68
甘肃,20150430,12049.26
甘肃,20150531,12231.16
甘肃,20150630,12644.83
甘肃,20150731,12751.99
甘肃,20150831,12836.34
甘肃,20150930,13025.22
甘肃,20151031,13220.03
甘肃,20151130,13427.98
甘肃,20151231,13728.89
甘肃,20160131,13988.97
甘肃,20160229,14145.57
甘肃,20160331,14422.52
甘肃,20160430,14521.05
甘肃,20160531,14734.81
甘肃,20160630,14956.8
甘肃,20160731,15039.42
甘肃,20160831,15130.18
甘肃,20160930,15268.11
甘肃,20161031,15362.11
甘肃,20161130,16406.77
甘肃,20161231,15926.41
甘肃,20170131,16366.55
甘肃,20170228,16411.17
甘肃,20170331,16665.17
甘肃,20170430,16751.4
甘肃,20170531,16965.48
甘肃,20170630,17130.7
甘肃,20170731,17192.57
甘肃,20170831,17296.34
甘肃,20170930,17394.08
甘肃,20171031,17451.84
甘肃,20171130,17559.99
甘肃,20171231,17707.24
甘肃,20180131,17958.85
甘肃,20180228,18112.07
甘肃,20180331,18307.27
甘肃,20180430,18503.4
甘肃,20180531,18699.48
甘肃,20180630,18874.41
甘肃,20180731,18903.76
甘肃,20180831,18944.2
甘肃,20180930,19107.27
甘肃,20181031,19152.44
甘肃,20181130,19231.98
甘肃,20181231,19371.74
甘肃,20190131,19676.73
甘肃,20190228,19783.33
甘肃,20190331,20220.64
甘肃,20190430,20211.28
甘肃,20190531,20232.01
甘肃,20190630,20383.98
甘肃,20190731,20312.91
甘肃,20190831,20330.86
甘肃,20190930,20419.16
甘肃,20191031,20454.82
甘肃,20191130,20675.14
甘肃,20191231,20677.93
甘肃,20200131,20842.39
甘肃,20200229,21027.14
甘肃,20200331,21453.47
甘肃,20200430,21457.86
甘肃,20200531,21600.41
甘肃,20200630,21849.99
甘肃,20200731,21764.52
甘肃,20200831,21946.86
甘肃,20200930,22111.75
甘肃,20201031,22168.81
甘肃,20201130,22167.08
甘肃,20201231,22159.41
甘肃,20210131,22475.58
甘肃,20210228,22636.1
甘肃,20210331,22957.75
甘肃,20210430,23083.33
甘肃,20210531,23242.97
甘肃,20210630,23526.67
甘肃,20210731,23580.04
甘肃,20210831,23655.41
甘肃,20210930,23793.31
甘肃,20211031,23807.7
甘肃,20211130,23897.49
甘肃,20211231,23905.33
甘肃,20220131,24260.09
甘肃,20220228,24383.95
甘肃,20220331,24658.45
甘肃,20220430,24700.36
甘肃,20220531,24728.14
甘肃,20220630,24967.7
甘肃,20220731,24913.83
甘肃,20220831,25086.16
甘肃,20220930,25429.43
甘肃,20221031,25447.96
甘肃,20221130,25384.84
甘肃,20221231,25389.8
甘肃,20230131,25907.01
甘肃,20230228,26189.96
甘肃,20230331,26850.97
甘肃,20230430,26925.9
甘肃,20230531,26983.05
甘肃,20230630,27272.7
甘肃,20230731,27172.34
甘肃,20230831,27213.49
甘肃,20230930,27407.67
甘肃,20231031,27363.11
甘肃,20231130,27461.17
甘肃,20231231,27489.81
甘肃,20240131,27908.69
甘肃,20240229,27987.69
甘肃,20240331,28530.66
甘肃,20240430,28620.69
甘肃,20240531,28571.51
甘肃,20240630,28853.78
甘肃,20240731,28758.3
甘肃,20240831,28788.28
甘肃,20240930,28974.14
甘肃,20241031,28973
甘肃,20241130,29033.12
甘肃,20241231,28995.7
青海,20090131,1053.6
青海,20090228,1083.4
青海,20090331,1126.1
青海,20090430,1179.1
青海,20090531,1211.8
青海,20090630,1274.7
青海,20090731,1274.7
青海,20090831,1316.6
青海,20090930,1335
青海,20091031,1335.4
青海,20091130,1351.6
青海,20091231,1399
青海,20100131,1410.8
青海,20100228,1458.9
青海,20100331,1495.7
青海,20100430,1519.2
青海,20100531,1547
青海,20100630,1600.5
青海,20100731,1622
青海,20100831,1664.7
青海,20100930,1681.3
青海,20101031,1702.2
青海,20101130,1774.3
青海,20101231,1822.7
青海,20110131,1850.7
青海,20110228,1874.1
青海,20110331,1905.5
青海,20110430,1949.6
青海,20110531,1974
青海,20110630,2006
青海,20110731,2035.1
青海,20110831,2067.2
青海,20110930,2097.5
青海,20111031,2131.3
青海,20111130,2169
青海,20111231,2231.5
青海,20120131,2273.6
青海,20120229,2317.2
青海,20120331,2372.6
青海,20120430,2412.5
青海,20120531,2448.7
青海,20120630,2507.3
青海,20120731,2539.6
青海,20120831,2584.8
青海,20120930,2630.6
青海,20121031,2657.1
青海,20121130,2711.9
青海,20121231,2791.7
青海,20130131,2832.88
青海,20130228,2848.5
青海,20130331,2921.01
青海,20130430,2966.14
青海,20130531,3034.64
青海,20130630,3099.76
青海,20130731,3142.36
青海,20130831,3192.32
青海,20130930,3247.43
青海,20131031,3300.44
青海,20131130,3359.55
青海,20131231,3398.17
青海,20140131,3461
青海,20140228,3493.1
青海,20140331,3569.5
青海,20140430,3651.1
青海,20140531,3759
青海,20140630,3859.9
青海,20140731,3894.4
青海,20140831,3946.3
青海,20140930,3991.2
青海,20141031,4049.8
青海,20141130,4082.6
青海,20141231,4171.7
青海,20150131,4237
青海,20150228,4294.6
青海,20150331,4335.5
青海,20150430,4379.5
青海,20150531,4397.3
青海,20150630,4448.5
青海,20150731,4497.5
青海,20150831,4577.7
青海,20150930,4668
青海,20151031,4699.2
青海,20151130,4798.9
青海,20151231,4988
青海,20160131,5061.32
青海,20160229,5137.67
青海,20160331,5240.16
青海,20160430,5195.42
青海,20160531,5186.99
青海,20160630,5360.24
青海,20160731,5328.97
青海,20160831,5321.72
青海,20160930,5384.6
青海,20161031,5305.38
青海,20161130,5337.03
青海,20161231,5579.76
青海,20170131,5616.5
青海,20170228,5657.8
青海,20170331,5743.3
青海,20170430,5729.1
青海,20170531,5921.4
青海,20170630,6029.1
青海,20170731,6057.4
青海,20170831,6112.3
青海,20170930,6159.4
青海,20171031,6164.2
青海,20171130,6196.4
青海,20171231,6222.5
青海,20180131,6289.4
青海,20180228,6302.82
青海,20180331,6359.25
青海,20180430,6391.97
青海,20180531,6406.81
青海,20180630,6424.23
青海,20180731,6444.39
青海,20180831,6475.73
青海,20180930,6490.3
青海,20181031,6483.41
青海,20181130,6491.71
青海,20181231,6582.44
青海,20190131,6621.4
青海,20190228,6612.9
青海,20190331,6645.9
青海,20190430,6634.1
青海,20190531,6607.3
青海,20190630,6626
青海,20190731,6627.1
青海,20190831,6649.9
青海,20190930,6660.7
青海,20191031,6678.2
青海,20191130,6732.1
青海,20191231,6639.8
青海,20200131,6621.6
青海,20200229,6618.3
青海,20200331,6615
青海,20200430,6641.5
青海,20200531,6651.7
青海,20200630,6710.1
青海,20200731,6639.4
青海,20200831,6635.2
青海,20200930,6673.5
青海,20201031,6655.5
青海,20201130,6619
青海,20201231,6578.2
青海,20210131,6586.2
青海,20210228,6546.4
青海,20210331,6569.8
青海,20210430,6583.3
青海,20210531,6605.4
青海,20210630,6705.1
青海,20210731,6731.1
青海,20210831,6710.2
青海,20210930,6760.2
青海,20211031,6763.7
青海,20211130,6791.5
青海,20211231,6818.4
青海,20220131,6815.1
青海,20220228,6857.2
青海,20220331,6891.5
青海,20220430,6914.2
青海,20220531,6949.9
青海,20220630,6977.2
青海,20220731,6972.9
青海,20220831,6958.1
青海,20220930,7015.5
青海,20221031,7003.7
青海,20221130,7010.9
青海,20221231,7044.8
青海,20230131,7089
青海,20230228,7099.3
青海,20230331,7186.5
青海,20230430,7210
青海,20230531,7268.1
青海,20230630,7348.4
青海,20230731,7392.1
青海,20230831,7426.3
青海,20230930,7476.1
青海,20231031,7496.1
青海,20231130,7494.3
青海,20231231,7550.2
青海,20240131,7596.7
青海,20240229,7573.9
青海,20240331,7621.8
青海,20240430,7631.9
青海,20240531,7728.7
青海,20240630,7819.2
青海,20240731,7826.1
青海,20240831,7778.1
青海,20240930,7802.3
青海,20241031,7831.8
青海,20241130,7884.3
青海,20241231,7832.8
宁夏,20090131,1451.3
宁夏,20090228,1488.8
宁夏,20090331,1575.7
宁夏,20090430,1624.1
宁夏,20090531,1664
宁夏,20090630,1739.5
宁夏,20090731,1757.7
宁夏,20090831,1782.2
宁夏,20090930,1813.1
宁夏,20091031,1844.4
宁夏,20091130,1873.4
宁夏,20091231,1917.4
宁夏,20100131,1963.8
宁夏,20100228,2027
宁夏,20100331,2094.5
宁夏,20100430,2147.4
宁夏,20100531,2176
宁夏,20100630,2200.2
宁夏,20100731,2234.6
宁夏,20100831,2285.2
宁夏,20100930,2307.5
宁夏,20101031,2338.9
宁夏,20101130,2371.9
宁夏,20101231,2398.7
宁夏,20110131,2450.1
宁夏,20110228,2487.8
宁夏,20110331,2552.2
宁夏,20110430,2603.3
宁夏,20110531,2635.3
宁夏,20110630,2670.5
宁夏,20110731,2695.3
宁夏,20110831,2715.9
宁夏,20110930,2747.1
宁夏,20111031,2780.4
宁夏,20111130,2828.4
宁夏,20111231,2860.6
宁夏,20120131,2916
宁夏,20120229,2977.1
宁夏,20120331,3039
宁夏,20120430,3091.9
宁夏,20120531,3152.2
宁夏,20120630,3218.1
宁夏,20120731,3231.4
宁夏,20120831,3261.6
宁夏,20120930,3295.4
宁夏,20121031,3308.9
宁夏,20121130,3328.2
宁夏,20121231,3339.6
宁夏,20130131,3420.43
宁夏,20130228,3450.4
宁夏,20130331,3530.09
宁夏,20130430,3568.36
宁夏,20130531,3615.23
宁夏,20130630,3673.04
宁夏,20130731,3721.42
宁夏,20130831,3749.24
宁夏,20130930,3792.92
宁夏,20131031,3833.26
宁夏,20131130,3873.97
宁夏,20131231,3910.15
宁夏,20140131,3986.45
宁夏,20140228,4037.41
宁夏,20140331,4113.76
宁夏,20140430,4178.87
宁夏,20140531,4235.92
宁夏,20140630,4329.81
宁夏,20140731,4365.03
宁夏,20140831,4417.14
宁夏,20140930,4494.63
宁夏,20141031,4514.22
宁夏,20141130,4584.28
宁夏,20141231,4578.49
宁夏,20150131,4667.62
宁夏,20150228,4713.83
宁夏,20150331,4766.76
宁夏,20150430,4810.2
宁夏,20150531,4836.99
宁夏,20150630,4894.64
宁夏,20150731,4933.68
宁夏,20150831,4985.49
宁夏,20150930,5037.43
宁夏,20151031,5081.87
宁夏,20151130,5062.02
宁夏,20151231,5117.82
宁夏,20160131,5254.2
宁夏,20160229,5296.5
宁夏,20160331,5364.43
宁夏,20160430,5400.59
宁夏,20160531,5390.51
宁夏,20160630,5446.22
宁夏,20160731,5458.82
宁夏,20160831,5488.73
宁夏,20160930,5586.58
宁夏,20161031,5603.28
宁夏,20161130,5639.67
宁夏,20161231,5667.89
宁夏,20170131,5761.02
宁夏,20170228,5803.41
宁夏,20170331,5925.48
宁夏,20170430,6007.36
宁夏,20170531,6066.56
宁夏,20170630,6106.73
宁夏,20170731,6161.36
宁夏,20170831,6247.95
宁夏,20170930,6303.77
宁夏,20171031,6253.93
宁夏,20171130,6290.02
宁夏,20171231,6332.61
宁夏,20180131,6458.37
宁夏,20180228,6487.14
宁夏,20180331,6569.97
宁夏,20180430,6626.22
宁夏,20180531,6645.26
宁夏,20180630,6889.14
宁夏,20180731,6628.57
宁夏,20180831,6702.25
宁夏,20180930,6769.83
宁夏,20181031,6786.61
宁夏,20181130,6805.21
宁夏,20181231,6807.52
宁夏,20190131,7012.43
宁夏,20190228,7015.82
宁夏,20190331,7119.35
宁夏,20190430,7093.53
宁夏,20190531,7103.68
宁夏,20190630,7167.5
宁夏,20190731,7181.8
宁夏,20190831,7208.77
宁夏,20190930,7255.53
宁夏,20191031,7250.36
宁夏,20191130,7451.43
宁夏,20191231,7216.79
宁夏,20200131,7355.53
宁夏,20200229,7380.29
宁夏,20200331,7541.35
宁夏,20200430,7545.52
宁夏,20200531,7593.95
宁夏,20200630,7608.9
宁夏,20200731,7661.3
宁夏,20200831,7672.18
宁夏,20200930,7693.29
宁夏,20201031,7707.27
宁夏,20201130,7749.18
宁夏,20201231,7782.59
宁夏,20210131,7915.2
宁夏,20210228,7926.93
宁夏,20210331,7999.64
宁夏,20210430,8011.25
宁夏,20210531,8009.15
宁夏,20210630,8053.64
宁夏,20210731,8087.35
宁夏,20210831,8136.86
宁夏,20210930,8158.33
宁夏,20211031,8119.62
宁夏,20211130,8166.51
宁夏,20211231,8284.28
宁夏,20220131,8428.96
宁夏,20220228,8457.04
宁夏,20220331,8582.82
宁夏,20220430,8612.6
宁夏,20220531,8670.38
宁夏,20220630,8777.06
宁夏,20220731,8743.28
宁夏,20220831,8785.05
宁夏,20220930,8871.62
宁夏,20221031,8823.92
宁夏,20221130,8878.08
宁夏,20221231,8885.35
宁夏,20230131,9146.33
宁夏,20230228,9247.92
宁夏,20230331,9444.28
宁夏,20230430,9435.64
宁夏,20230531,9458.57
宁夏,20230630,9528.79
宁夏,20230731,9518
宁夏,20230831,9568.73
宁夏,20230930,9644.83
宁夏,20231031,9640.37
宁夏,20231130,9653.62
宁夏,20231231,9695.89
宁夏,20240131,9894.33
宁夏,20240229,9876.5
宁夏,20240331,9991.1
宁夏,20240430,10008.3
宁夏,20240531,10012.1
宁夏,20240630,10043.9
宁夏,20240731,10081.73
宁夏,20240831,10126.13
宁夏,20240930,10171.34
宁夏,20241031,10158.12
宁夏,20241130,10087.3
宁夏,20241231,10100.76
新疆,20090131,2925.63
新疆,20090228,2990.12
新疆,20090331,3160.82
新疆,20090430,3190.74
新疆,20090531,3215.85
新疆,20090630,3293.85
新疆,20090731,3376.07
新疆,20090831,3425.08
新疆,20090930,3602.07
新疆,20091031,3681.4
新疆,20091130,3738.41
新疆,20091231,3787.59
新疆,20100131,3909.1
新疆,20100228,4004.5
新疆,20100331,4089.6
新疆,20100430,4187.7
新疆,20100531,4270.9
新疆,20100630,4331.1
新疆,20100731,4436
新疆,20100831,4552.2
新疆,20100930,4733.7
新疆,20101031,4833.1
新疆,20101130,4877.2
新疆,20101231,4973.2
新疆,20110131,5191.8
新疆,20110228,5281.2
新疆,20110331,5331
新疆,20110430,5444.3
新疆,20110531,5496.4
新疆,20110630,5552.6
新疆,20110731,5612.9
新疆,20110831,5701.4
新疆,20110930,5971
新疆,20111031,6169.1
新疆,20111130,6242.2
新疆,20111231,6270.2
新疆,20120131,6380.4
新疆,20120229,6531.1
新疆,20120331,6648
新疆,20120430,6765.1
新疆,20120531,6889.6
新疆,20120630,7040.4
新疆,20120731,7216
新疆,20120831,7313.9
新疆,20120930,7705.9
新疆,20121031,7852.3
新疆,20121130,7845.4
新疆,20121231,7914
新疆,20130131,7890.89
新疆,20130228,7994.23
新疆,20130331,8184.75
新疆,20130430,8390.74
新疆,20130531,8602.83
新疆,20130630,8783.01
新疆,20130731,8947.53
新疆,20130831,9098.81
新疆,20130930,9602.12
新疆,20131031,9793.44
新疆,20131130,9846.9
新疆,20131231,9840.46
新疆,20140131,9930.9
新疆,20140228,10063.81
新疆,20140331,10231.71
新疆,20140430,10370.33
新疆,20140531,10487.92
新疆,20140630,10766.42
新疆,20140731,10782.22
新疆,20140831,10948.07
新疆,20140930,11270.52
新疆,20141031,11421.18
新疆,20141130,11602.78
新疆,20141231,11671.39
新疆,20150131,11871.68
新疆,20150228,12012.2
新疆,20150331,12200.33
新疆,20150430,12259.2
新疆,20150531,12347.08
新疆,20150630,12513.41
新疆,20150731,12512.54
新疆,20150831,12635.08
新疆,20150930,12791.53
新疆,20151031,12887.25
新疆,20151130,12925.71
新疆,20151231,13041
新疆,20160131,13286.77
新疆,20160229,13328.9
新疆,20160331,13595.34
新疆,20160430,13644
新疆,20160531,13696.86
新疆,20160630,14036.08
新疆,20160731,13918.73
新疆,20160831,14035.71
新疆,20160930,14274.45
新疆,20161031,14310.09
新疆,20161130,14426.31
新疆,20161231,14552.71
新疆,20170131,14703.43
新疆,20170228,14790.55
新疆,20170331,15076.18
新疆,20170430,15254.72
新疆,20170531,15420.37
新疆,20170630,15779.27
新疆,20170731,16032.23
新疆,20170831,16215.49
新疆,20170930,16531.21
新疆,20171031,16691.17
新疆,20171130,16818.41
新疆,20171231,16871
新疆,20180131,17119.88
新疆,20180228,17179.85
新疆,20180331,17168.11
新疆,20180430,17176.12
新疆,20180531,17215.31
新疆,20180630,17376.66
新疆,20180731,17456.01
新疆,20180831,17583.09
新疆,20180930,17936.89
新疆,20181031,18069.66
新疆,20181130,18086.24
新疆,20181231,18203.14
新疆,20190131,18523.36
新疆,20190228,18526.63
新疆,20190331,18750.51
新疆,20190430,18750.52
新疆,20190531,18855.09
新疆,20190630,19009.69
新疆,20190731,18996.81
新疆,20190831,19110.65
新疆,20190930,19519.82
新疆,20191031,19655.82
新疆,20191130,19702.63
新疆,20191231,19960.11
新疆,20200131,20229.02
新疆,20200229,20181.77
新疆,20200331,20587.58
新疆,20200430,20809.23
新疆,20200531,21022.42
新疆,20200630,21314.6
新疆,20200731,21441.4
新疆,20200831,21460.84
新疆,20200930,21928.67
新疆,20201031,22184.19
新疆,20201130,22378.89
新疆,20201231,22377.62
新疆,20210131,22845.63
新疆,20210228,22823.09
新疆,20210331,23117.27
新疆,20210430,23255.75
新疆,20210531,23372.54
新疆,20210630,23638.6
新疆,20210731,23785.56
新疆,20210831,24002.24
新疆,20210930,24475.48
新疆,20211031,24979.23
新疆,20211130,25140.48
新疆,20211231,25074.01
新疆,20220131,25542.64
新疆,20220228,25660.41
新疆,20220331,26110.82
新疆,20220430,26217.57
新疆,20220531,26374.77
新疆,20220630,26560.75
新疆,20220731,26615.02
新疆,20220831,26676.36
新疆,20220930,27248.47
新疆,20221031,27248.87
新疆,20221130,27300.55
新疆,20221231,27413.92
新疆,20230131,27783.18
新疆,20230228,27985.55
新疆,20230331,28506.13
新疆,20230430,28545.99
新疆,20230531,28657.48
新疆,20230630,29066.23
新疆,20230731,29124.48
新疆,20230831,29434.38
新疆,20230930,29875.24
新疆,20231031,30317.58
新疆,20231130,30233.26
新疆,20231231,30457.87
新疆,20240131,30881.23
新疆,20240229,31026.13
新疆,20240331,31423.29
新疆,20240430,31551.78
新疆,20240531,31524.54
新疆,20240630,31870.79
新疆,20240731,31828.78
新疆,20240831,31570.81
新疆,20240930,31975.2
新疆,20241031,32463.3
新疆,20241130,32761.97
新疆,20241231,32975.78
